gyro_x_0,gyro_y_0,gyro_z_0,acc_x_0,acc_y_0,acc_z_0,gyro_x_1,gyro_y_1,gyro_z_1,acc_x_1,acc_y_1,acc_z_1,gyro_x_2,gyro_y_2,gyro_z_2,acc_x_2,acc_y_2,acc_z_2,gyro_x_3,gyro_y_3,gyro_z_3,acc_x_3,acc_y_3,acc_z_3,gyro_x_4,gyro_y_4,gyro_z_4,acc_x_4,acc_y_4,acc_z_4,gyro_x_5,gyro_y_5,gyro_z_5,acc_x_5,acc_y_5,acc_z_5,gyro_x_6,gyro_y_6,gyro_z_6,acc_x_6,acc_y_6,acc_z_6,gyro_x_7,gyro_y_7,gyro_z_7,acc_x_7,acc_y_7,acc_z_7,gyro_x_8,gyro_y_8,gyro_z_8,acc_x_8,acc_y_8,acc_z_8,gyro_x_9,gyro_y_9,gyro_z_9,acc_x_9,acc_y_9,acc_z_9,gyro_x_10,gyro_y_10,gyro_z_10,acc_x_10,acc_y_10,acc_z_10,gyro_x_11,gyro_y_11,gyro_z_11,acc_x_11,acc_y_11,acc_z_11,gyro_x_12,gyro_y_12,gyro_z_12,acc_x_12,acc_y_12,acc_z_12,gyro_x_13,gyro_y_13,gyro_z_13,acc_x_13,acc_y_13,acc_z_13,gyro_x_14,gyro_y_14,gyro_z_14,acc_x_14,acc_y_14,acc_z_14,gyro_x_15,gyro_y_15,gyro_z_15,acc_x_15,acc_y_15,acc_z_15,gyro_x_16,gyro_y_16,gyro_z_16,acc_x_16,acc_y_16,acc_z_16,gyro_x_17,gyro_y_17,gyro_z_17,acc_x_17,acc_y_17,acc_z_17,gyro_x_18,gyro_y_18,gyro_z_18,acc_x_18,acc_y_18,acc_z_18,gyro_x_19,gyro_y_19,gyro_z_19,acc_x_19,acc_y_19,acc_z_19,gyro_x_20,gyro_y_20,gyro_z_20,acc_x_20,acc_y_20,acc_z_20,gyro_x_21,gyro_y_21,gyro_z_21,acc_x_21,acc_y_21,acc_z_21,gyro_x_22,gyro_y_22,gyro_z_22,acc_x_22,acc_y_22,acc_z_22,gyro_x_23,gyro_y_23,gyro_z_23,acc_x_23,acc_y_23,acc_z_23,gyro_x_24,gyro_y_24,gyro_z_24,acc_x_24,acc_y_24,acc_z_24,gyro_x_25,gyro_y_25,gyro_z_25,acc_x_25,acc_y_25,acc_z_25,gyro_x_26,gyro_y_26,gyro_z_26,acc_x_26,acc_y_26,acc_z_26,gyro_x_27,gyro_y_27,gyro_z_27,acc_x_27,acc_y_27,acc_z_27,gyro_x_28,gyro_y_28,gyro_z_28,acc_x_28,acc_y_28,acc_z_28,gyro_x_29,gyro_y_29,gyro_z_29,acc_x_29,acc_y_29,acc_z_29,motion_type
-0.28819999098778,-0.23086249828339,-0.16513749957085,-0.03602499887347,-0.06022499874234,-0.09817499667406,-0.08579999953508,-0.07686249911785,-0.05857500061393,-6.83400011062622,-6.61605024337769,-6.76905012130737,1.63800013065338,1.7650500535965,1.78395009040833,-6.84405040740967,-6.39105033874512,-6.15195035934448,-0.14368750154972,-0.06270000338554,0.02117500081658,-0.06737499684095,0.06283749639988,0.18136249482632,-0.07232499867678,-0.08126249909401,-0.08030000329018,-6.82695055007935,-7.12605047225952,-7.52100038528442,1.53495001792908,1.58100008964539,1.57800006866455,-6.66195011138916,-8.2470006942749,-9.08205032348633,0.26399999856949,0.40645000338554,0.19373749196529,0.46048748493195,0.78003752231598,1.22870004177094,-0.07975000143051,-0.09281250089407,-0.11962500214577,-7.85100030899048,-7.02300024032593,-7.85100030899048,1.47000002861023,2.425950050354,3.76905012130737,-11.7450008392334,-12.9079504013062,-13.6429510116577,-0.05321250110865,0.14753749966621,0.87381249666214,1.31491243839264,0.17792500555515,-1.55388748645782,-0.09281250089407,0.21243749558926,0.75487500429153,-10.546950340271,-6.61800050735474,4.75605010986328,3.01695013046265,-2.0749499797821,-2.28795003890991,-12.2689504623413,9.02505016326904,31.5649509429932,20.0913619995117,14.9348373413086,11.5603122711182,-13.1789627075195,-11.3535127639771,-8.21438789367676,-4.39862489700317,-6.1256251335144,-4.76423740386963,-4.21005010604858,-26.6419506072998,-40.5739517211914,-5.67795038223267,-8.64000034332275,-8.96505069732666,25.5499515533447,19.8010501861572,-2.11005020141602,8.93818759918213,5.90273761749268,-1.0645250082016,-4.83683729171753,-0.82238751649857,2.49122500419617,-2.88488745689392,-0.33536249399185,2.77956247329712,-41.8309516906738,-38.2540512084961,-35.4220504760742,-6.94695043563843,-5.63205003738403,-1.90500009059906,-30.0780010223389,-32.9170532226563,-28.1479511260986,-7.18959999084473,-9.72070026397705,-9.81227493286133,3.14214992523193,2.98924994468689,3.11244988441467,2.74230003356934,1.70266246795654,0.62012499570847,-34.9279518127441,-32.9959526062012,-24.973051071167,0.61305004358292,-2.19195008277893,-5.29995012283325,-27.9250507354736,-23.2210502624512,-11.7469501495361,-8.71131229400635,-7.12621259689331,-5.40869998931885,2.88667488098145,1.83039999008179,0.56017500162125,0.04716249927878,-0.01333750039339,0.0787874981761,-20.0689506530762,-12.4840507507324,-4.7989501953125,-7.80600023269653,-7.60305023193359,-5.8840503692627,-1.67700004577637,5.65605020523071,13.7530508041382,-3.31141257286072,3.24142503738403,12.8732995986938,-0.98065000772476,-3.96934986114502,-5.57136249542236,0.09941250085831,-0.44522500038147,-6.55971240997314,7.78005027770996,17.8669509887695,8.27805042266846,-6.16395044326782,-1.29900002479553,0.15795001387596,33.6640510559082,41.6329536437988,30.5899505615234,11.9769372940063,10.2222995758057,8.66662502288818,-6.61100006103516,-6.06828737258911,-4.30801248550415,-8.56968784332275,-7.22480010986328,-5.37129974365234,-11.1649503707886,-24.9229507446289,-27.5280017852783,-1.44495010375977,-4.57200002670288,-3.24300026893616,21.7980003356934,10.1910009384155,-11.1630001068115,FAN
5.53203725814819,3.03366255760193,-6.03363752365112,-2.05342507362366,2.72662496566772,5.06068754196167,-2.61923742294312,1.86367499828339,7.43214988708496,-42.1110038757324,-47.7210006713867,-47.2570533752441,-2.22795009613037,0.81705003976822,-0.48495003581047,-26.6110515594482,-32.5579528808594,-34.7899513244629,-10.033374786377,-10.3582878112793,-9.15804958343506,5.05614995956421,4.63498735427856,4.06422519683838,6.44654989242554,4.58191251754761,3.30646252632141,-39.082950592041,-29.6659507751465,-21.7450504302979,-3.48495006561279,-6.86805009841919,-7.75605058670044,-28.1500511169434,-11.7160501480103,2.90295004844666,-7.51712512969971,-5.58965015411377,-2.53769993782043,2.91637492179871,1.44429993629456,-0.51892501115799,2.59421253204346,2.06552505493164,1.35588753223419,-16.8870010375977,-3.21795010566711,18.3199501037598,-9.61695003509522,-11.776050567627,-11.4940509796143,12.9870004653931,24.9229507446289,36.8680534362793,5.52859973907471,10.9360628128052,9.49877452850342,-2.80953741073608,-4.7132248878479,-5.87812519073486,-1.29332494735718,-8.18881225585938,-9.11996269226074,29.5150508880615,13.0090503692627,-8.15805053710938,-5.59905004501343,-7.85205030441284,-7.07595014572144,39.8989524841309,35.7469520568848,27.363000869751,7.91546249389648,6.54390001296997,5.35012483596802,-5.54468727111816,-4.40412521362305,-2.2893750667572,-7.48659992218018,-5.67737483978271,-3.51353740692139,-23.4570007324219,-33.5610008239746,-49.6720504760742,-7.42095041275024,-3.89400029182434,-3.55395007133484,12.6400508880615,-9.42000007629394,-28.1260509490967,2.9635374546051,-5.61770009994507,-9.47402477264404,3.10034990310669,5.6967625617981,5.35232496261597,1.5908750295639,7.39365005493164,6.67548751831055,-54.9810028076172,-51.3250541687012,-39.2689514160156,-1.61505007743835,-3.5590500831604,-6.35595035552979,-37.7560501098633,-35.3640022277832,-23.2320003509521,-9.50895023345947,-8.45006275177002,-6.76898765563965,4.84880018234253,4.06243753433228,2.92572498321533,4.98960018157959,3.6984748840332,2.81531238555908,-27.4390506744385,-18.5419502258301,-10.1640005111694,-8.73300075531006,-10.2340507507324,-10.701000213623,-6.45300006866455,7.96395015716553,17.9460010528564,-4.60336256027222,-0.61599999666214,7.96138763427734,1.47276246547699,-0.79612499475479,-2.92709994316101,2.13716244697571,1.06342494487762,-3.597825050354,3.11595010757446,21.4990501403809,22.701000213623,-11.8360509872437,-9.76500034332275,-6.97995042800903,29.8650016784668,37.818000793457,33.4459533691406,9.55185031890869,8.12514972686768,6.34658765792847,-5.26336240768433,-5.99183750152588,-4.5546875,-8.46697521209717,-8.15044975280762,-5.71972513198853,3.86805009841919,-15.6300010681152,-29.6350517272949,-6.94905042648315,-5.37600040435791,-5.37405014038086,23.0719509124756,15.3979511260986,2.0310001373291,5.2867374420166,3.84271240234375,-2.8579375743866,-2.3347499370575,2.04434990882874,6.00338745117188,-3.78028750419617,-0.12704999744892,6.41038751602173,-36.4660530090332,-44.1150016784668,-43.4160003662109,-1.40400004386902,-1.30605006217957,-0.20205001533031,-16.2990016937256,-30.564001083374,-33.8490028381348,FAN
7.30922508239746,6.13579988479614,4.53461265563965,-3.77616238594055,-1.23323750495911,3.05016255378723,-7.73850011825562,-5.11871242523193,-0.95741248130798,-28.8610515594482,-32.5960502624512,-36.8970031738281,-5.5339503288269,-4.05900001525879,-2.93700003623962,-5.2350001335144,-16.2670516967773,-23.4289512634277,-2.78602504730225,-9.9158124923706,-8.9717378616333,6.63973760604858,4.86351251602173,4.0110125541687,5.55733728408813,4.74911260604858,3.60800004005432,-38.367000579834,-28.57200050354,-23.29905128479,-3.27405023574829,-3.28605008125305,-5.46195030212402,-23.7640514373779,-12.070050239563,-1.30605006217957,-7.54833745956421,-5.84223747253418,-3.49236249923706,3.06556248664856,1.88045001029968,0.3936625123024,2.83868741989136,2.33750009536743,1.94411253929138,-14.613000869751,-5.09595012664795,7.50495052337646,-5.7330002784729,-5.94900035858154,-7.82595014572144,6.84405040740967,13.3920001983643,23.7259502410889,1.35671246051788,9.29733753204346,8.19939994812012,-1.85253751277924,-4.29233741760254,-7.17584991455078,0.90763747692108,-3.93896245956421,-7.51726245880127,14.5099506378174,13.0999507904053,-13.452000617981,-3.38895010948181,-0.68805003166199,-2.08395004272461,27.9660015106201,24.6910514831543,10.5310506820679,6.95172500610352,6.09551239013672,5.82422494888306,-6.02648735046387,-3.6431999206543,0.72324997186661,-6.0124626159668,-4.15566253662109,-0.96607500314713,-23.1199512481689,-29.2300510406494,-36.9640502929688,-1.45695006847382,3.04800009727478,3.57300019264221,2.64405012130737,-7.11405038833618,-15.106050491333,0.07369999587536,-10.4747495651245,-9.7268877029419,5.77500009536743,5.38972520828247,4.8017749786377,5.92845010757446,6.18777513504028,4.58039999008179,-41.0170516967773,-32.5819511413574,-25.3320007324219,2.17905020713806,-1.9980001449585,-3.94695019721985,-19.0470008850098,-14.6920509338379,-4.76505041122437,-8.28905010223389,-6.47927474975586,-3.22478747367859,3.99024987220764,2.81833744049072,0.70193749666214,3.44959998130798,2.51253747940063,1.35313749313354,-18.7960510253906,-9.72600078582764,3.00300025939941,-6.70500040054321,-6.94200038909912,-6.86100053787231,4.78905010223389,10.5880508422852,24.0390014648438,-0.80822497606277,10.2610750198364,9.83537483215332,-0.28118750452995,-3.57101249694824,-5.36084985733032,0.92344999313354,-5.4522876739502,-8.81086254119873,10.651050567627,11.0820007324219,2.89995002746582,-5.93400049209595,-5.20605039596558,-3.89400029182434,33.2310028076172,31.5330009460449,21.4060516357422,7.99713754653931,6.56672477722168,5.57796239852905,-5.97368764877319,-5.14744997024536,-3.28624987602234,-8.3800745010376,-6.77654981613159,-4.80741262435913,-11.7090005874634,-24.8700008392334,-32.3809509277344,-3.88695025444031,-2.88105010986328,-0.2790000140667,9.08895015716553,-4.95705032348633,-17.4790515899658,4.30375003814697,-2.18102502822876,-10.0768251419067,1.37912499904633,6.24511241912842,5.81349992752075,-1.27668750286102,5.37253761291504,4.87547492980957,-35.6160011291504,-36.3889503479004,-28.7370014190674,1.00800001621246,1.22595000267029,-1.00905001163483,-23.7900009155273,-23.5030517578125,-13.7770509719849,FAN
9.83537483215332,7.99713754653931,6.56672477722168,-5.36084985733032,-5.97368764877319,-5.14744997024536,-8.81086254119873,-8.3800745010376,-6.77654981613159,2.89995002746582,-11.7090005874634,-24.8700008392334,-3.89400029182434,-3.88695025444031,-2.88105010986328,21.4060516357422,9.08895015716553,-4.95705032348633,5.57796239852905,4.30375003814697,-2.18102502822876,-3.28624987602234,1.37912499904633,6.24511241912842,-4.80741262435913,-1.27668750286102,5.37253761291504,-32.3809509277344,-35.6160011291504,-36.3889503479004,-0.2790000140667,1.00800001621246,1.22595000267029,-17.4790515899658,-23.7900009155273,-23.5030517578125,-10.0768251419067,-9.40293788909912,-7.9432373046875,5.81349992752075,4.88619995117188,3.87048745155334,4.87547492980957,3.67606258392334,2.92668747901917,-28.7370014190674,-23.0220012664795,-16.9039516448975,-1.00905001163483,-0.7579500079155,-2.62005019187927,-13.7770509719849,-4.87305021286011,5.89095020294189,-3.91984987258911,3.3235125541687,13.482837677002,0.47079998254776,-2.82947492599487,-5.26831245422363,2.27741241455078,1.67612504959106,-5.60738754272461,10.5310506820679,11.8380002975464,0.86805003881454,-2.68500018119812,-1.27695000171661,-4.47405004501343,33.985050201416,39.2530517578125,33.0490531921387,11.1592245101929,7.06461238861084,5.7337498664856,-6.58996248245239,-4.36438751220703,-1.04733753204346,-7.90638732910156,-5.13933753967285,-2.44598746299744,-13.782000541687,-32.6230506896973,-40.0549507141113,-4.20795011520386,-1.01400005817413,-0.29100000858307,18.5710506439209,-20.5630512237549,-28.488000869751,0.89141249656677,-10.2972373962402,-9.80251216888428,4.64103746414185,5.8232626914978,5.11912488937378,3.0804123878479,3.83349990844727,2.55818748474121,-43.9290008544922,-31.3390522003174,-24.178050994873,-1.59795010089874,-4.6360502243042,-5.94900035858154,-28.3390522003174,-16.114049911499,-3.11595010757446,-8.28066253662109,-6.19877481460571,-3.20086240768433,4.01128768920898,2.51336240768433,0.43381249904633,1.93352496623993,1.43151247501373,0.93610000610352,-13.4560508728027,4.38000011444092,18.1519508361816,-9.00600051879883,-10.1580009460449,-7.38300037384033,8.96505069732666,25.7749519348145,38.1229515075684,9.8605375289917,9.00377464294434,6.56026268005371,-5.83659982681274,-7.09156227111816,-3.45179986953735,-7.13212490081787,-8.09888744354248,-3.89881253242493,3.22605013847351,-14.1840009689331,-39.1740036010742,-2.17994999885559,0.30705001950264,0.31395000219345,27.0060005187988,17.1630001068115,-11.8500003814697,5.67641258239746,4.11331224441528,-10.3973379135132,1.06204998493195,4.04580020904541,5.63474988937378,-0.66165000200272,2.08642506599426,5.11073732376099,-41.1580505371094,-42.2140502929688,-32.3640022277832,0.8809500336647,-1.59105002880096,-2.0550000667572,-27.0270004272461,-30.3150005340576,-12.8100004196167,-9.8040246963501,-8.40826225280762,-6.58996248245239,4.83669996261597,4.12087488174438,3.01496243476868,3.57926249504089,2.60672497749329,1.92747497558594,-27.2790012359619,-20.4139518737793,-4.66695022583008,-2.92695021629334,-6.80295038223267,-8.56095027923584,-4.16205024719238,5.06205034255981,18.5970001220703,FAN
4.08526229858398,-3.99121236801147,-9.14375019073486,3.7427499294281,7.19771242141724,6.67163753509521,1.53642499446869,5.78118753433228,5.16766262054443,-42.0730514526367,-42.3889503479004,-36.8490028381348,-0.3199500143528,-0.72900003194809,-1.22505009174347,-26.9269504547119,-27.4129505157471,-20.5960502624512,-9.63187503814697,-8.84729957580566,-7.38595008850098,5.79425001144409,4.76822519302368,3.609375,3.66231250762939,2.5587375164032,1.89777493476868,-30.9709510803223,-24.2500514984131,-15.7960510253906,-3.1519501209259,-3.82695007324219,-5.17995023727417,-9.80805015563965,-0.85800004005432,8.06895065307617,-5.59404993057251,-3.08550000190735,8.00153732299805,2.15324997901917,0.13461250066757,-4.74182510375977,1.48568749427795,1.25688743591309,-2.90468740463257,-2.9890501499176,12.3100509643555,16.3990516662598,-6.2790002822876,-8.00295066833496,-3.03195023536682,20.0940017700195,37.4140510559082,41.0680503845215,9.88556289672852,9.08971214294434,6.95323753356934,-7.14821243286133,-7.54118728637695,-6.13579988479614,-7.64362478256226,-7.89318752288818,-5.76345014572144,1.47795009613037,-16.336950302124,-27.9490509033203,-3.58500027656555,-1.82100009918213,-1.43805003166199,32.8429527282715,20.7619514465332,7.09305047988892,6.00435018539429,5.01751232147217,2.90674996376038,-3.98791241645813,-0.35365000367165,4.53172492980957,-4.19883728027344,-2.12258744239807,1.60833752155304,-34.9360504150391,-33.1210517883301,-41.8069534301758,-4.13595008850098,-0.1540500074625,-1.93605005741119,-9.56100082397461,-24.3240013122559,-31.7080516815186,-4.65781259536743,-9.08930015563965,-9.76690006256104,7.44163751602173,6.84406232833862,5.9207501411438,5.06261253356934,4.45843744277954,3.07972502708435,-43.3300514221191,-39.1420516967773,-32.4960021972656,-2.0749499797821,-2.10600018501282,-4.07595014572144,-30.3670520782471,-21.0970516204834,-9.90795040130615,-8.76232528686523,-7.316237449646,-2.48366260528564,4.93143749237061,3.77533745765686,0.16376249492168,2.07776260375977,1.53999996185303,1.07140004634857,-25.1650505065918,-15.6139507293701,9.34800052642822,-6.58305025100708,-6.90900039672852,-9.03194999694824,-1.02795004844666,8.17995071411133,34.771053314209,4.06010007858276,9.28578758239746,8.67061233520508,-2.77296257019043,-5.84759998321533,-7.50378751754761,-0.44385001063347,-5.31176233291626,-6.8857250213623,15.4249505996704,5.03805017471313,-11.943000793457,-3.76500010490417,-1.96005010604858,-1.02795004844666,39.2449531555176,33.7960510253906,22.8660011291504,7.44796228408813,6.59903764724731,5.81996250152588,-7.13336229324341,-5.46576261520386,-2.6342248916626,-5.82436227798462,-4.37566232681274,-2.71012496948242,-23.8620014190674,-32.3230514526367,-31.0810508728027,1.5090000629425,-1.3660501241684,2.05695009231567,11.0100002288818,-2.04299998283386,-14.3500509262085,-0.05101250112057,-8.29963779449463,-10.6408500671387,6.49618768692017,7.06681251525879,6.28787517547607,4.36796236038208,5.60133743286133,4.10258769989014,-42.985050201416,-40.651050567627,-36.4150505065918,-0.1540500074625,0.8359500169754,-1.56900012493134,-28.1290512084961,-24.4030513763428,-15.2689504623413,FAN
5.2804126739502,-2.77186250686646,-11.1952495574951,1.3055624961853,7.01359987258911,6.6764497756958,-1.50438749790192,4.30553770065308,4.30663728713989,-32.4670524597168,-35.8330535888672,-33.4540519714355,-0.75105005502701,-1.24395000934601,-0.18105000257492,-26.97705078125,-25.3489513397217,-22.195951461792,-11.6316747665405,-10.3764371871948,-8.70003700256348,5.94233751296997,4.94724988937378,3.85591244697571,2.72909998893738,1.75477504730225,1.37953746318817,-30.166051864624,-23.3640003204346,-15.2689504623413,-1.40895009040833,-2.9719500541687,-4.03095006942749,-15.6499509811401,-6.71700048446655,2.61300015449524,-6.79497480392456,-4.09915018081665,1.73827493190765,2.44447493553162,0.66082501411438,-2.08780002593994,1.29703748226166,1.26472496986389,0.74580001831055,-5.93100023269653,9.16605091094971,16.2360000610352,-7.93305015563965,-9.0799503326416,-4.31295013427734,15.3430509567261,31.4809513092041,37.7730026245117,10.760612487793,10.075587272644,8.26306247711182,-5.17632484436035,-7.28213739395142,-7.11590003967285,-4.69521236419678,-7.6746997833252,-6.61498737335205,6.67095041275024,-9.1230001449585,-22.6720504760742,-4.29900026321411,-3.04395008087158,-0.21900001168251,32.8410034179688,20.3470516204834,7.30095052719116,7.03298759460449,6.20895004272461,5.11940002441406,-5.53630018234253,-2.81270003318787,2.15008759498596,-4.92277479171753,-2.8833749294281,0.73974996805191,-31.9860019683838,-36.2719535827637,-43.207950592041,0.39495003223419,3.08700013160706,2.40705013275146,-5.94300031661987,-16.5330009460449,-24.693000793457,-1.27641248703003,-9.99556255340576,-9.01697540283203,6.58212518692017,6.08726263046265,4.28326225280762,5.31011247634888,5.06577491760254,2.4400749206543,-42.9799537658691,-39.8610000610351,-24.7890014648438,2.70300006866455,0.32400000095367,-4.79400014877319,-26.6179504394531,-22.0690517425537,-2.79495024681091,-7.38388729095459,-5.47346258163452,-2.60975003242493,3.22038745880127,1.86353743076324,-0.28393748402596,1.75711250305176,1.34914994239807,1.00979995727539,-13.0159502029419,0.40095001459122,12.8839502334595,-6.03000020980835,-8.06505012512207,-5.79795026779175,9.94200038909912,25.2600021362305,38.0770530700684,11.1057376861572,9.84004974365234,8.36068725585938,-5.86148738861084,-7.21778726577759,-6.79291248321533,-6.38275003433228,-7.93416261672974,-6.80473756790161,0.50400000810623,-12.1849508285522,-25.3699512481689,0.09600000083447,2.38500022888184,0.85995006561279,25.7130012512207,13.7269506454468,3.79095029830933,6.67273759841919,4.49597501754761,-7.2410249710083,-1.46808743476868,4.49377489089966,7.0112624168396,-2.77213740348816,1.7824125289917,6.48064994812012,-32.7859497070313,-38.2780532836914,-41.9440536499023,0.95295006036758,1.57305002212524,-0.06105000153184,-20.0700016021729,-27.5689506530762,-26.3689517974854,-11.0627002716064,-9.03966236114502,-7.43792486190796,6.4230375289917,4.62659978866577,3.5294873714447,4.85058736801147,2.31068754196167,1.80977499485016,-37.6600532531738,-23.3020515441895,-11.6080503463745,-0.05595000088215,-3.29805016517639,-4.77300024032593,-19.1070003509521,0.46995002031326,10.5589504241943,FAN
11.1057376861572,9.84004974365234,8.36068725585938,-5.86148738861084,-7.21778726577759,-6.79291248321533,-6.38275003433228,-7.93416261672974,-6.80473756790161,0.50400000810623,-12.1849508285522,-25.3699512481689,0.09600000083447,2.38500022888184,0.85995006561279,25.7130012512207,13.7269506454468,3.79095029830933,6.67273759841919,4.49597501754761,-7.2410249710083,-1.46808743476868,4.49377489089966,7.0112624168396,-2.77213740348816,1.7824125289917,6.48064994812012,-32.7859497070313,-38.2780532836914,-41.9440536499023,0.95295006036758,1.57305002212524,-0.06105000153184,-20.0700016021729,-27.5689506530762,-26.3689517974854,-11.0627002716064,-9.03966236114502,-7.43792486190796,6.4230375289917,4.62659978866577,3.5294873714447,4.85058736801147,2.31068754196167,1.80977499485016,-37.6600532531738,-23.3020515441895,-11.6080503463745,-0.05595000088215,-3.29805016517639,-4.77300024032593,-19.1070003509521,0.46995002031326,10.5589504241943,-5.4064998626709,-2.20591259002686,6.24717473983765,2.02771258354187,-0.34058749675751,-3.69696259498596,1.56832504272461,1.386274933815,-0.58904999494553,-0.28305000066757,11.2759504318237,13.3489503860474,-6.3270001411438,-4.94805002212524,-0.23595000803471,23.8309516906738,34.8949508666992,34.7749519348145,8.97641277313232,7.48000001907349,6.48271226882935,-8.00607490539551,-7.47353744506836,-5.29759979248047,-7.20431232452393,-6.00338745117188,-4.32272481918335,-11.4600009918213,-24.9180011749268,-32.2009506225586,2.09505009651184,0.52695000171661,1.12095010280609,14.3419504165649,4.60305023193359,-8.51205062866211,3.93140006065369,-4.92153739929199,-8.95427513122559,4.50766229629517,7.8737998008728,7.40327501296997,2.07913756370544,5.43743753433228,4.51838731765747,-43.4640007019043,-40.8880500793457,-35.8429527282715,1.26405000686646,1.28595006465912,-0.40095001459122,-26.9629516601563,-23.7709503173828,-15.1180505752563,-8.27887535095215,-6.91363763809204,-4.92030000686646,5.18402481079102,3.92988753318787,2.13991260528564,2.1976625919342,1.61961245536804,1.29085004329681,-20.2080001831055,-7.92300033569336,4.46895027160645,-3.96600008010864,-4.83495044708252,-5.98905038833618,2.09100008010864,14.1510009765625,30.328950881958,1.9351749420166,8.98686218261719,8.41005039215088,-2.75440001487732,-6.28210020065308,-8.2308874130249,0.21642500162125,-4.96072483062744,-7.27264976501465,12.621000289917,8.5890007019043,-4.26000022888184,-3.4939501285553,-0.15705001354218,0.57300001382828,37.8690032958984,31.5210018157959,19.9039516448975,6.93096256256104,5.99252510070801,5.50027513504028,-8.16021251678467,-6.6318998336792,-3.74948740005493,-6.43403768539429,-4.95357513427734,-3.28679990768433,-16.2270011901855,-25.689001083374,-30.0750007629395,2.03805017471313,2.08995008468628,4.53705024719238,7.88505029678345,-1.40400004386902,-9.64005088806152,5.3708872795105,1.16215002536774,-7.8069748878479,0.49939998984337,6.72100019454956,8.3287878036499,-0.82802498340607,4.12389993667603,5.99541234970093,-37.501953125,-43.0020027160645,-40.0020027160645,4.50600004196167,3.59400010108948,3.38295006752014,-18.5280017852783,-23.9290504455566,-20.4480018615723,FAN
7.11741256713867,6.21527481079102,5.6304874420166,-9.95609951019287,-8.26773738861084,0.06421250104904,-6.31180000305176,-4.71611261367798,-1.0115875005722,-17.3689498901367,-28.1839504241943,-34.6579513549805,4.84605026245117,1.32195007801056,3.17805004119873,8.51504993438721,0.72900003194809,-23.0170516967773,1.72521245479584,-8.93241214752197,-8.63444995880127,7.09733724594116,8.0602502822876,6.75111246109009,3.44918751716614,3.49731254577637,2.27535009384155,-39.6310501098633,-33.4219512939453,-25.1550006866455,3.85695028305054,0.56805002689362,-1.0639500617981,-25.3470020294189,-13.7749509811401,-5.83305025100708,-7.67511224746704,-6.25583744049072,-1.04678750038147,5.61701250076294,4.14397478103638,-0.5321249961853,1.54247498512268,1.22306251525879,0.7900750041008,-16.7080516815186,-7.57395029067993,11.7570009231567,-1.85700011253357,-3.77205014228821,-2.15100002288818,2.56500005722046,12.1450510025024,27.7770004272461,6.48106241226196,8.77071285247803,7.18918752670288,-4.94367504119873,-9.2518253326416,-9.93382453918457,-1.76934993267059,-6.41575002670288,-6.26161241531372,11.5750503540039,-1.03694999217987,-12.2830505371094,1.86495006084442,2.4210000038147,4.66395044326782,29.920051574707,23.8000507354736,14.7900009155273,5.76963758468628,5.80566263198853,4.97254991531372,-6.14239978790283,-2.32127499580383,3.66382503509521,-3.29395008087158,-1.72864997386932,1.13533747196198,-27.1690521240234,-31.5810012817383,-38.5129508972168,3.77595019340515,4.85100030899048,3.40995025634766,-3.90795016288757,-16.2439498901367,-22.8019504547119,-1.40222501754761,-8.24339962005615,-8.7091121673584,8.57161235809326,8.7170877456665,8.19871234893799,4.12389993667603,3.37397503852844,2.70407509803772,-41.1030006408691,-36.5350532531738,-31.3680019378662,3.06495022773743,2.59095001220703,-0.72405004501343,-23.8690509796143,-19.8949508666992,-11.5390501022339,-7.62217473983765,-6.44476222991943,-4.9149374961853,6.16907501220703,4.77991247177124,3.18202495574951,1.23763751983643,0.77976250648499,0.55825001001358,-22.8370513916016,-15.3550510406494,-6.69705009460449,-1.74405002593994,-3.47295022010803,-3.93495011329651,-3.10095024108887,4.96200037002563,14.814001083374,-2.88420009613037,1.46547496318817,7.51547479629517,1.15059995651245,-2.37627506256104,-6.75565004348755,0.48276248574257,-0.00962499994785,-2.98691248893738,4.15500020980835,10.3560009002686,4.12095022201538,-3.35295009613037,2.33505010604858,2.22900009155273,27.5590515136719,30.916051864624,28.0879516601563,6.70340013504028,5.97698736190796,5.6643123626709,-9.50454998016357,-7.75733757019043,-4.91713762283325,-5.04652500152588,-3.73656249046326,-2.44887495040894,-16.5209999084473,-24.4650020599365,-26.8620014190674,5.15805006027222,3.25695013999939,6.3120002746582,8.04495048522949,1.14495003223419,-13.5280504226685,5.8998498916626,1.48128747940063,-6.57181262969971,-0.08937499672174,6.77723741531372,9.24275016784668,-0.22027499973774,3.54186248779297,4.32478761672974,-32.2999496459961,-39.1210517883301,-37.2100524902344,6.32595014572144,3.19905018806458,2.36805009841919,-21.8610019683838,-21.4180507659912,-19.3729515075684,FAN
6.5089750289917,5.35521268844604,5.18361234664917,-8.71736240386963,-3.73532509803772,2.15393757820129,-5.71353769302368,-2.7497251033783,0.47519999742508,-18.4840507507324,-28.560001373291,-38.0479507446289,4.2529501914978,7.00605010986328,7.81800031661987,3.20400023460388,-16.4569511413574,-21.8680515289307,-2.78286242485046,-7.73355007171631,-8.31943702697754,8.51675033569336,8.97641277313232,8.10342502593994,4.7514500617981,4.0702748298645,2.57606244087219,-43.0909538269043,-39.6210021972656,-30.3580513000488,5.17005014419556,1.93500006198883,0.57705003023148,-22.1100006103516,-20.8740005493164,-12.2430009841919,-7.63606262207031,-6.42358732223511,-4.75365018844604,6.74822473526001,5.19777488708496,3.35747504234314,1.60874998569489,1.17163753509521,0.87463748455048,-21.9180011749268,-13.6549510955811,-1.38405001163483,-0.63795000314713,-2.88105010986328,-5.56500005722046,-0.00105000007898,8.94600009918213,18.3670501708984,-2.49122500419617,8.00634956359863,6.82013750076294,1.10536253452301,-8.6395378112793,-10.4332246780396,0.52126252651215,-5.28068733215332,-6.49825000762939,12.0679502487183,3.37395024299622,-9.58695030212402,-4.00200033187866,1.56900012493134,3.75705027580261,31.0039520263672,24.8389511108398,14.7300004959106,5.59501266479492,5.26061248779297,5.41502475738525,-9.59144973754883,-4.07000017166138,2.20385003089905,-5.25098752975464,-2.48627495765686,0.24255000054836,-19.9669513702393,-28.6099510192871,-38.9100036621094,4.28805017471313,5.33205032348633,4.64805030822754,6.38595008850098,-14.7970504760742,-20.248950958252,0.17971250414848,-6.359375,-8.00552463531494,8.20833778381348,9.41943740844727,8.48099994659424,3.53278756141663,3.90555000305176,2.64316248893738,-43.0429534912109,-40.972053527832,-33.2760009765625,4.85100030899048,2.5570502281189,0.90495002269745,-26.920051574707,-22.5139503479004,-10.7560501098633,-7.8483624458313,-6.82316255569458,-5.28137493133545,7.09197473526001,5.4924373626709,3.61913752555847,1.69289994239807,1.22210001945496,0.99453747272491,-24.3550510406494,-15.6259508132935,-3.08400011062622,0.30195000767708,-1.75095009803772,-3.21705007553101,0.32205000519753,9.91995048522949,19.9740009307861,1.84786248207092,8.30582523345947,5.26776266098022,-2.54979991912842,-9.52544975280762,-10.60276222229,0.34375,-6.18502473831177,-5.73347473144531,14.7330007553101,7.27200031280518,-11.8279504776001,0.39105001091957,-0.16200000047684,4.02300024032593,27.2839508056641,24.4560012817383,8.2630500793457,4.30375003814697,4.42901229858398,5.01916265487671,-7.97417497634888,-4.75337505340576,1.0448625087738,-3.50322508811951,-2.44860005378723,-0.85511249303818,-19.3099517822266,-26.9700012207031,-37.5070533752441,3.87900018692017,5.3710503578186,4.56599998474121,1.13100004196167,-7.02600049972534,-17.0239505767822,1.8515750169754,-7.12442493438721,-7.51588726043701,8.10617542266846,9.53686237335205,8.05076217651367,2.67423748970032,3.50239992141724,2.44378757476807,-44.451000213623,-35.8570518493652,-26.3569507598877,4.88505029678345,1.73100006580353,-0.3199500143528,-24.0439510345459,-13.9950008392334,-5.05695009231567,FAN
5.00582504272461,-1.2673374414444,-7.12813758850098,1.96652495861053,8.2201623916626,9.3715877532959,0.22962500154972,3.22464990615845,3.31031250953674,-33.1260032653809,-31.2990016937256,-30.9229507446289,4.2529501914978,7.2480001449585,6.13395023345947,-20.2279510498047,-23.5870513916016,-20.5099506378174,-8.32576274871826,-7.83640003204346,-6.85726261138916,8.57477474212646,7.35418748855591,6.0538501739502,2.20604991912842,1.386274933815,0.96222501993179,-28.0810508728027,-22.8540019989014,-17.3520011901855,4.39604997634888,2.53305006027222,1.25505006313324,-12.4630508422852,-4.72200012207031,1.17105007171631,-5.61206245422363,-4.04648733139038,-1.65646255016327,4.59635019302368,2.73281240463257,-0.42638748884201,0.80781251192093,0.94077497720718,1.09628748893738,-8.59395027160645,1.7650500535965,9.27600002288818,-1.20300006866455,-1.43805003166199,3.35700011253357,8.69700050354004,18.5539512634277,24.1950016021729,6.33242511749268,9.66088771820068,7.51973724365234,-6.16673755645752,-10.763087272644,-11.1852121353149,-0.11219999939203,-5.12737512588501,-5.97038745880127,8.00505065917969,-1.37205004692078,-11.3970003128052,4.50195026397705,2.73495006561279,3.34995007514954,24.3120002746582,18.2929515838623,9.11595058441162,6.0009126663208,5.48061227798462,5.54565000534058,-9.64301204681396,-6.84557485580444,-1.79533743858337,-4.89678764343262,-3.59177494049072,-2.00323748588562,-19.7970008850098,-28.1569519042969,-33.316951751709,2.6290500164032,0.41700002551079,1.67895007133484,2.82600021362305,-8.68695068359375,-18.0079517364502,3.19701242446899,-2.72318744659424,-7.45511245727539,5.31946229934692,8.91495037078857,9.0055627822876,0.7294374704361,2.30793738365173,2.09976243972778,-32.8570518493652,-30.4390506744385,-27.9180011749268,4.42694997787476,6.3550500869751,6.27105045318604,-22.9189510345459,-22.4350509643555,-12.6900005340576,-7.25216245651245,-6.11847496032715,-4.73508739471436,5.85406255722046,4.21932506561279,2.58238744735718,0.80987501144409,0.7345250248909,0.77013748884201,-19.5019512176514,-8.08800029754639,0.65205001831055,-2.15805006027222,-1.81095004081726,-0.58995002508163,2.6010000705719,4.75305032730103,9.63105010986328,-2.79826259613037,1.20257496833801,8.19568729400635,0.33371248841286,-3.24486255645752,-8.59636211395264,0.95768749713898,0.80918747186661,-2.82975006103516,6.38400030136108,8.4529504776001,3.87705016136169,1.21695005893707,4.57095003128052,5.38995027542114,14.8090505599976,16.3579502105713,14.2950010299683,8.20806217193604,6.71976232528687,5.89641237258911,-11.8688621520996,-11.5660877227783,-8.77305030822754,-5.98771238327026,-5.21826267242432,-3.82813739776611,-6.79305028915405,-12.7140007019043,-15.0300006866455,1.83000004291534,0.93900007009506,2.54295015335083,2.32095003128052,5.73495006561279,0.44595003128052,5.96915006637573,5.48322486877441,-0.50778752565384,-4.68022489547729,2.14348745346069,8.3327751159668,-2.4507999420166,-0.25231251120567,1.89736247062683,-20.4190502166748,-24.2550010681152,-21.9150009155273,2.04704999923706,-0.24795001745224,0.37095001339912,-7.45695018768311,-14.4690008163452,-17.1799507141113,FAN
-6.15587472915649,-5.78297519683838,-10.2357749938965,0.97583746910095,-1.63116252422333,-3.79582500457764,-1.70788753032684,-0.91437500715256,-0.40122500061989,-4.20705032348633,-14.1010503768921,-25.5139503479004,-0.95595002174377,6.97005033493042,-1.17405009269714,17.9749507904053,11.3740501403809,13.7320508956909,24.37380027771,19.1783618927002,15.5813627243042,-5.99238729476929,-5.28206253051758,-4.69507503509521,0.21243749558926,-1.19528746604919,-1.5633749961853,-21.2160015106201,-13.1689510345459,-19.9500007629395,-0.11595000326633,0.01005000062287,-0.74100005626678,2.08905005455017,-1.20495009422302,-12.4699506759644,11.2875127792358,-10.4799747467041,-13.3537244796753,-0.94118750095367,0.76972502470016,1.54563748836517,0.97006249427795,1.55512499809265,-0.77962499856949,-25.5930004119873,-22.6980018615723,-17.4760513305664,-3.10605025291443,0.17700000107288,4.6279501914978,-16.5310516357422,-18.9199504852295,-17.7499504089355,-12.233512878418,-10.3090620040894,-8.46944999694824,2.64701247215271,2.85202503204346,2.80596256256104,-1.80894994735718,-1.9346250295639,-1.7994624376297,-15.7260007858276,-13.5619506835938,-12.538950920105,2.69400024414063,1.07805001735687,-0.11805000901222,-13.5880508422852,-15.247950553894,-9.30495071411133,-6.98513746261597,-6.16797494888306,-5.08021259307861,2.48105001449585,1.41102504730225,-2.52917504310608,-1.4305499792099,-0.54285001754761,0.49829998612404,-2.60805010795593,-7.98795032501221,-14.9479503631592,1.87995004653931,-3.10200023651123,4.65000009536743,14.053050994873,25.2409515380859,28.4280014038086,20.7598876953125,20.3200244903564,16.2119369506836,-5.42052507400513,-4.23981237411499,-3.2346875667572,1.06177496910095,-2.61057496070862,-2.1513249874115,-29.484001159668,-30.693000793457,-20.4600009918213,1.0110000371933,-1.02600002288818,1.18305003643036,22.2649517059326,-2.77995014190674,-4.26300001144409,13.325400352478,10.0032625198364,-12.7932748794556,-2.56492495536804,-0.60610002279282,-0.07919999957085,-1.71118748188019,0.0859375,5.42327499389648,-18.3960018157959,-23.9749507904053,-24.2760009765625,1.98000013828278,-0.76500004529953,-1.48305010795593,-7.72695016860962,-21.178050994873,-20.1180000305176,-12.959924697876,-10.9214878082275,-8.93529987335205,3.01661252975464,3.23248744010925,3.20636248588562,-0.03904999792576,-0.3284874856472,-0.50421249866486,-16.1260509490967,-13.7749509811401,-15.2980508804321,3.331050157547,2.22900009155273,0.11295000463724,-8.88600063323975,-10.8130502700806,-13.6630506515503,-7.15343761444092,-5.75272512435913,-4.53172492980957,2.97673749923706,1.98137497901917,-0.31693750619888,-0.6707249879837,-0.34168750047684,0.51933747529984,-15.2089509963989,-4.83000040054321,-3.03405022621155,-0.66705000400543,-0.52095001935959,-1.50000011920929,-6.66600036621094,17.5080013275146,25.605001449585,-1.73442494869232,23.8017997741699,16.3395366668701,-4.48456239700317,-3.91820001602173,-3.71029996871948,1.40208745002747,-1.00911247730255,-3.81108736991882,-14.3659505844116,-26.9479503631592,-27.7860012054443,8.87100028991699,4.77000045776367,0.53205001354218,21.3940505981445,22.7269515991211,-8.04795074462891,FAN
-11.7563877105713,-14.8911123275757,-13.640549659729,2.31714987754822,1.92321252822876,2.03101253509521,5.80194997787476,3.5543749332428,2.18858742713928,-24.8700008392334,-15.7549505233765,-16.5139503479004,-2.34000015258789,2.9760000705719,1.98495006561279,-8.61105060577393,-13.6429510116577,-11.6250009536743,-12.038125038147,-10.0572996139526,-8.19747447967529,2.40006256103516,2.3263623714447,1.73071253299713,1.54783749580383,0.88646250963211,0.52085000276566,-19.8709506988525,-17.6800498962402,-12.1969509124756,0.05805000290275,-1.46400010585785,-0.64800000190735,-6.13995027542114,-1.57905006408691,2.01705002784729,-6.74657487869263,-5.68947505950928,-4.34981250762939,1.17342495918274,-0.29906249046326,-3.83061242103577,0.56704998016357,1.10371243953705,1.54879999160767,-6.91500043869019,-4.87995004653931,-2.89005017280579,0.68295001983643,0.78300005197525,-2.04299998283386,11.7090005874634,18.6709499359131,23.7640514373779,0.11123749613762,18.3299865722656,16.4726371765137,-7.54050016403198,-3.85151243209839,-2.89533758163452,0.71871250867844,-9.29898738861084,-9.53562450408936,-8.46195030212402,-12.9630002975464,-18.7170009613037,-1.60500001907349,0.66405004262924,-1.28400003910065,18.5010013580322,6.463050365448,-0.95400005578995,13.1192874908447,7.71099996566772,-5.04666233062744,-1.92197501659393,-0.45388749241829,0.67154997587204,-6.85602474212646,-2.24757504463196,4.56279993057251,-22.3729515075684,-20.6700000762939,-22.5400505065918,-4.86900043487549,-0.48000001907349,-0.00105000007898,-3.38895010948181,-16.1290512084961,-25.5570011138916,-10.8475122451782,-10.5924501419067,-7.75719976425171,3.64553737640381,4.89486265182495,3.97924995422363,3.53539991378784,1.69509994983673,0.66151249408722,-26.1679515838623,-21.5830516815186,-19.453950881958,-1.03800010681152,-0.58500003814697,-2.63505005836487,-22.0879516601563,-11.3520002365112,-5.31600046157837,-6.49481248855591,-5.18003749847412,23.4777126312256,3.36077499389648,1.22210001945496,-1.77333748340607,0.50806248188019,0.82403749227524,-3.03366255760193,-13.4730005264282,-5.32095003128052,-11.9359502792358,-0.74295002222061,-2.58195018768311,2.3779501914978,15.0220508575439,25.2510013580322,20.2560005187988,20.6371002197266,18.081111907959,13.4300374984741,-2.14293742179871,-2.11640000343323,-0.83888751268387,-6.2409873008728,-5.9195122718811,-3.64333748817444,-24.0700511932373,-23.6779518127441,-16.4800510406494,-2.0220000743866,-0.88005006313324,0.25394999980927,15.2760009765625,-2.19105005264282,-4.57395029067993,6.28154993057251,-11.9125871658325,-14.8798370361328,2.5810124874115,1.13011252880096,1.75422501564026,0.58162498474121,4.78018760681152,2.55200004577637,-28.6099510192871,-24.8839511871338,-27.0390014648438,-5.97705030441284,-2.42204999923706,0.70905005931854,-8.95305061340332,-18.8509502410889,-19.3920001983643,-13.5954504013062,-11.5961999893188,-9.67724990844727,2.39346241950989,2.49163746833801,2.19821238517761,1.11636245250702,0.54491251707077,0.47354999184608,-28.689001083374,-22.9189510345459,-16.1430015563965,1.70295011997223,3.34305024147034,3.42405009269714,-17.0380516052246,-10.7610006332397,-11.2200002670288,FAN
-6.49481248855591,-5.18003749847412,23.4777126312256,3.36077499389648,1.22210001945496,-1.77333748340607,0.50806248188019,0.82403749227524,-3.03366255760193,-13.4730005264282,-5.32095003128052,-11.9359502792358,-0.74295002222061,-2.58195018768311,2.3779501914978,15.0220508575439,25.2510013580322,20.2560005187988,20.6371002197266,18.081111907959,13.4300374984741,-2.14293742179871,-2.11640000343323,-0.83888751268387,-6.2409873008728,-5.9195122718811,-3.64333748817444,-24.0700511932373,-23.6779518127441,-16.4800510406494,-2.0220000743866,-0.88005006313324,0.25394999980927,15.2760009765625,-2.19105005264282,-4.57395029067993,6.28154993057251,-11.9125871658325,-14.8798370361328,2.5810124874115,1.13011252880096,1.75422501564026,0.58162498474121,4.78018760681152,2.55200004577637,-28.6099510192871,-24.8839511871338,-27.0390014648438,-5.97705030441284,-2.42204999923706,0.70905005931854,-8.95305061340332,-18.8509502410889,-19.3920001983643,-13.5954504013062,-11.5961999893188,-9.67724990844727,2.39346241950989,2.49163746833801,2.19821238517761,1.11636245250702,0.54491251707077,0.47354999184608,-28.689001083374,-22.9189510345459,-16.1430015563965,1.70295011997223,3.34305024147034,3.42405009269714,-17.0380516052246,-10.7610006332397,-11.2200002670288,-8.12556266784668,-6.76445007324219,-5.4751124382019,2.59998750686646,2.3929123878479,0.58616250753403,0.35859999060631,0.42707499861717,0.79928749799728,-19.0140018463135,-10.171950340271,-2.04495000839233,-1.42605006694794,-2.38095021247864,-4.1100001335144,-7.76295042037964,13.2720003128052,34.701000213623,-3.36833739280701,16.9071369171143,20.304349899292,-3.44190001487732,-5.0271372795105,-3.1380250453949,1.35616254806519,-1.627037525177,-6.53179979324341,-10.9590005874634,-16.8160514831543,-23.6659507751465,3.8620502948761,4.33395004272461,-2.64705014228821,33.0780029296875,24.2400016784668,11.2180509567261,12.5410995483398,10.2661628723145,5.21331262588501,-2.22117495536804,-0.73177498579025,1.89364993572235,-5.02425003051758,-2.98113751411438,1.04376244544983,-23.1390018463135,-24.1210517883301,-25.8229503631592,0.61800003051758,-4.40700006484985,-2.97495007514954,-4.59105014801025,-11.2729501724243,-15.9300003051758,-13.183500289917,-12.367712020874,-10.4949626922607,0.79048746824265,2.97783756256104,3.0445249080658,5.68892478942871,1.64367496967316,1.34447503089905,-27.3769512176514,-25.0879516601563,-21.3000011444092,0.57000005245209,2.81805014610291,0.4909500181675,-20.4600009918213,-9.13500022888184,-6.64500045776367,-8.58880043029785,-5.83082485198975,-4.31062507629395,2.55062508583069,1.22979998588562,-1.552374958992,1.01681244373322,1.09669995307922,1.48829996585846,-16.2700500488281,-11.9670009613037,-11.0050506591797,-0.36000001430511,-1.64595007896423,-0.03705000132322,-8.02395057678223,22.1170501708984,19.4380512237549,-1.11347496509552,17.3823375701904,20.0476379394531,-4.32189989089966,-3.5590500831604,-3.02678751945496,1.59871244430542,-1.18910002708435,-5.37239980697632,-9.22605037689209,-5.85000038146973,-16.0279502868652,6.19200038909912,2.4190502166748,0.16095000505447,13.1530504226685,14.6869506835938,10.1260509490967,FAN
10.2661628723145,5.21331262588501,-13.183500289917,-0.73177498579025,1.89364993572235,0.79048746824265,-2.98113751411438,1.04376244544983,5.68892478942871,-24.1210517883301,-25.8229503631592,-27.3769512176514,-4.40700006484985,-2.97495007514954,0.57000005245209,-11.2729501724243,-15.9300003051758,-20.4600009918213,-12.367712020874,-10.4949626922607,-8.58880043029785,2.97783756256104,3.0445249080658,2.55062508583069,1.64367496967316,1.34447503089905,1.01681244373322,-25.0879516601563,-21.3000011444092,-16.2700500488281,2.81805014610291,0.4909500181675,-0.36000001430511,-9.13500022888184,-6.64500045776367,-8.02395057678223,-5.83082485198975,-4.31062507629395,-1.11347496509552,1.22979998588562,-1.552374958992,-4.32189989089966,1.09669995307922,1.48829996585846,1.59871244430542,-11.9670009613037,-11.0050506591797,-9.22605037689209,-1.64595007896423,-0.03705000132322,6.19200038909912,22.1170501708984,19.4380512237549,13.1530504226685,17.3823375701904,20.0476379394531,14.4896125793457,-3.5590500831604,-3.02678751945496,-3.17033743858337,-1.18910002708435,-5.37239980697632,-5.2141375541687,-5.85000038146973,-16.0279502868652,-18.1300506591797,2.4190502166748,0.16095000505447,1.47495007514954,14.6869506835938,10.1260509490967,-1.33395004272461,12.2038125991821,9.4638500213623,2.69004988670349,-1.79217493534088,0.98065000772476,3.68857502937317,-3.44588756561279,-0.91932499408722,2.02509999275208,-23.69700050354,-20.9959506988525,-21.6660003662109,-1.23705005645752,0.04800000041723,0.4909500181675,-6.58305025100708,-15.364951133728,-12.8509502410889,-14.3563747406006,-12.9240369796753,-10.9115877151489,3.37864995002747,3.91077494621277,3.62339997291565,1.76440000534058,0.32463750243187,-0.13323749601841,-27.2740516662598,-23.7060012817383,-21.6690006256104,2.49300003051758,3.28005003929138,1.04205000400543,-20.730001449585,-15.973051071167,-8.82600021362305,-9.02233791351318,-7.49636268615723,-6.33050012588501,3.05621242523193,2.00323748588562,0.36684998869896,-0.1567499935627,0.17613749206066,0.7400249838829,-14.9790010452271,-4.57800006866455,-10.5210008621216,1.38405001163483,2.14605021476746,-0.90105003118515,-0.57495003938675,16.7269515991211,18.0130500793457,-5.0671501159668,-2.46853756904602,21.7795867919922,-1.95305001735687,-5.43482494354248,-4.42915010452271,1.2311749458313,1.92142498493195,-5.07856225967407,-13.0900506973267,-11.2200002670288,-13.3080005645752,2.6340000629425,2.50695013999939,3.96795010566711,17.8840503692627,18.7860012054443,8.98200035095215,18.2950630187988,14.8660869598389,11.0028877258301,-4.57572507858276,-3.48383736610413,-0.3438875079155,-6.14913749694824,-4.61876249313354,-1.40456247329712,-19.6669502258301,-21.6229515075684,-19.8349514007568,2.08095002174377,-1.92600011825562,-2.09100008010864,-2.08095002174377,-10.1050500869751,-11.1030006408691,-13.0806503295898,-13.5313749313354,-11.7342500686646,2.73460006713867,3.99891257286072,4.24723768234253,3.63715004920959,1.00237500667572,-0.15716250240803,-24.7429504394531,-23.4529514312744,-16.0540504455566,1.91100013256073,4.08704996109009,4.45800018310547,-19.8229503631592,-17.7739505767822,-7.49205017089844,FAN
12.7573871612549,9.04406261444092,-0.79832500219345,-2.88213753700256,-1.39947497844696,0.16596250236034,-2.76416254043579,-1.17603754997253,2.17497491836548,-13.2100505828857,-22.1860504150391,-25.6459503173828,0.98400002717972,-2.80200004577637,0.53895002603531,3.28605008125305,-0.15900000929832,-12.5320501327515,-11.9017248153687,-12.0744247436523,-9.22033786773682,2.13138747215271,3.78166246414185,2.66516256332397,2.91059994697571,0.85332500934601,0.87931251525879,-23.7709503173828,-18.6540012359619,-17.8980007171631,4.45800018310547,6.18000030517578,2.50500011444092,-15.7309503555298,-8.3860502243042,-6.10605049133301,-7.5286750793457,-6.37683725357056,-5.16766262054443,2.66763758659363,2.67987489700317,-3.16470003128052,0.54023748636246,0.84933751821518,2.18157505989075,-11.3899507522583,-2.24205017089844,-14.1840009689331,4.18305015563965,3.83595013618469,0.81900006532669,-1.05405008792877,15.5989503860474,13.2409505844116,-2.65842509269714,22.6674251556396,18.5761127471924,-5.51856231689453,-6.78081226348877,-6.2097749710083,1.45763754844666,-8.57353782653809,-8.72726249694824,-7.72695016860962,-9.43605041503906,-13.8229503631592,5.69205045700073,3.3469500541687,-0.96405005455017,16.864049911499,3.70500016212463,-5.296950340271,13.8371753692627,9.01848697662354,3.33107495307922,-4.48236227035522,-1.6081999540329,0.58574998378754,-6.17003726959229,-2.83084988594055,0.42789998650551,-16.4209499359131,-18.400951385498,-28.2769508361816,-2.77095007896423,-2.24505019187927,2.38305020332336,2.28495001792908,2.97900009155273,-15.2160005569458,-9.36801242828369,-10.9623250961304,-10.02223777771,3.07106256484985,4.78142499923706,4.26359987258911,3.77822494506836,2.05273747444153,1.64243745803833,-27.6379508972168,-22.0519504547119,-15.7549505233765,7.57605028152466,7.4850001335144,5.12400007247925,-16.4350509643555,-5.16000032424927,-1.72695004940033,-8.152099609375,-6.71123743057251,-4.90407514572144,3.23482489585876,3.38304996490479,0.71389997005463,1.79629993438721,1.5613124370575,1.89516246318817,-15.8119506835938,-18.4939517974854,-10.7959508895874,3.08400011062622,1.67100012302399,-1.19295001029968,-6.95595026016235,-7.21905040740967,23.4580516815186,-3.89496254920959,-0.43340000510216,18.2330493927002,-2.85326242446899,-5.65688753128052,-6.8367748260498,1.73868751525879,0.70317500829697,-6.93467473983765,-13.195050239563,-8.36895084381104,-12.6640510559082,0.66600000858307,6.51000022888184,4.36695003509521,23.8770008087158,19.2460517883301,8.0310001373291,17.2913131713867,9.88652515411377,-0.3287625014782,-5.86079978942871,-2.17525005340576,1.63872504234314,-8.23391246795654,-3.23441243171692,2.46015000343323,-16.2910499572754,-23.4810009002686,-22.3009510040283,3.02895021438599,-2.06505012512207,-1.1290500164032,-3.25005006790161,-9.90105056762695,-8.02395057678223,-9.56642532348633,-9.82121276855469,-9.034987449646,4.24696254730225,5.14029979705811,5.16326236724854,3.45413756370544,1.67928743362427,0.73094999790192,-20.1870002746582,-23.4450016021729,-21.9079513549805,4.26195001602173,5.0310001373291,4.71900033950806,-7.50405025482178,-12.163950920105,-9.41700077056885,FAN
18.2330493927002,17.2913131713867,9.88652515411377,-6.8367748260498,-5.86079978942871,-2.17525005340576,-6.93467473983765,-8.23391246795654,-3.23441243171692,-12.6640510559082,-16.2910499572754,-23.4810009002686,4.36695003509521,3.02895021438599,-2.06505012512207,8.0310001373291,-3.25005006790161,-9.90105056762695,-0.3287625014782,-9.56642532348633,-9.82121276855469,1.63872504234314,4.24696254730225,5.14029979705811,2.46015000343323,3.45413756370544,1.67928743362427,-22.3009510040283,-20.1870002746582,-23.4450016021729,-1.1290500164032,4.26195001602173,5.0310001373291,-8.02395057678223,-7.50405025482178,-12.163950920105,-9.034987449646,-7.88479995727539,-6.75276231765747,5.16326236724854,4.40275001525879,3.50666236877441,0.73094999790192,0.47850000858307,0.61861246824265,-21.9079513549805,-15.0460510253906,-13.7560510635376,4.71900033950806,3.60795021057129,0.78105002641678,-9.41700077056885,-3.52995014190674,-1.83705008029938,-5.70625019073486,-4.9977126121521,-4.70126247406006,2.63683748245239,1.32673752307892,-1.24547493457794,0.8428750038147,1.28521251678467,1.885125041008,-7.49895048141479,-3.82395029067993,-14.2819509506226,1.60200011730194,4.27395009994507,3.54105019569397,8.42400074005127,19.9189510345459,20.4240016937256,-4.7488374710083,-25.4689865112305,-21.7215614318848,-4.5916748046875,3.29271245002747,4.9545373916626,2.33447504043579,11.0188369750977,11.3525495529175,-10.3560009002686,-10.818000793457,-27.6949520111084,8.97405052185059,12.5080509185791,0.2490000128746,25.1890506744385,11.8050003051758,-10.1839504241943,-19.1378002166748,-19.8294258117676,26.7280750274658,5.48941230773926,7.59481239318848,-9.85971260070801,8.31008720397949,5.94426250457764,-9.48200035095215,-27.9060020446777,-21.1450519561768,-17.3400001525879,-6.06300020217896,-7.50495052337646,0.46995002031326,-15.0199508666992,-3.66195011138916,-7.82505035400391,14.8607244491577,8.71942520141602,6.47487497329712,-3.33066248893738,1.92596244812012,1.56859993934631,-5.67311239242554,-2.55268740653992,-1.89103746414185,-21.4339504241943,-17.0100002288818,-14.1480007171631,6.49095010757446,5.75400018692017,3.6540002822876,-15.6619510650635,-4.94295024871826,-4.30800008773804,4.66028738021851,1.56241250038147,0.95617496967316,0.87505000829697,-2.11227488517761,-3.6683623790741,-0.97157502174377,-0.32821249961853,-0.57378751039505,-11.0569505691528,-10.9189500808716,-11.9740505218506,2.12895011901855,1.87305009365082,4.66695022583008,2.79495024681091,17.3500499725342,21.8800506591797,-5.06123733520508,-20.5283374786377,-15.7540626525879,-6.12548732757568,3.9974000453949,5.04638767242432,0.56319999694824,9.65016269683838,5.39563751220703,-11.4259510040283,-14.7229509353638,-18.2380504608154,6.81195020675659,2.57205009460449,-2.03595018386841,23.0959510803223,-13.9930505752563,-17.8500003814697,-22.3535118103027,21.2283496856689,12.2732496261597,10.1776123046875,-5.31575012207031,1.49833750724792,7.0971999168396,-6.01933765411377,-1.39906251430511,-21.6430511474609,-13.9210510253906,-21.8029518127441,-5.3710503578186,3.41700005531311,1.66905009746552,-11.532000541687,-4.81305027008057,-13.3750505447388,FAN
3.23056244850159,2.9114248752594,29.6896877288818,-2.90097498893738,-5.8335747718811,-6.16274976730347,-1.43536245822906,-1.54508745670319,-6.04229974746704,-9.35295009613037,-13.5400505065918,-13.3270502090454,4.94895029067993,5.97900009155273,3.59400010108948,17.3980503082275,11.0380506515503,6.17805051803589,24.8843364715576,20.5647754669189,17.2053756713867,-5.23036241531372,-4.4166374206543,-2.4253625869751,-7.31554985046387,-5.85914993286133,-2.75274991989136,-11.5240507125854,-17.2230014801025,-15.4870510101318,4.10895013809204,-0.36705002188683,-2.78805017471313,-1.01595008373261,-9.37005043029785,-3.03705024719238,0.86129999160767,-10.9278125762939,-10.5920372009277,0.3286249935627,1.52349996566772,2.84185004234314,3.66849994659424,3.85013747215271,1.31958746910095,-15.5040006637573,-24.7600517272949,-26.9959506988525,-2.42700004577637,-0.79800003767014,0.30900001525879,1.86300003528595,-12.4249505996704,-17.568000793457,-9.42864990234375,-8.07207489013672,-6.80625009536743,3.62147498130798,3.19261240959167,2.3009250164032,-0.05472499877214,-0.33096250891685,-0.04083750024438,-21.5299510955811,-16.3009510040283,-15.8340005874634,3.12195014953613,2.24400019645691,0.2490000128746,-10.1310005187988,-4.36800003051758,-5.20800018310547,-5.62925004959106,-4.68008756637573,-3.95161247253418,1.98013746738434,1.99361252784729,0.12553749978542,0.05376249924302,0.13612499833107,0.7790749669075,-16.6960506439209,-4.86795043945313,-12.7879505157471,-0.56595003604889,2.58405017852783,-1.08105003833771,-3.16095018386841,15.0780010223389,32.8429527282715,-2.55983757972717,8.87287521362305,17.5381240844727,-4.84660005569458,-7.06708765029907,-4.70263767242432,1.39988744258881,-1.88416254520416,-6.35470008850098,-20.0430011749268,-16.4920501708984,-18.8749504089355,0.36705002188683,5.04300022125244,2.17005014419556,31.162052154541,13.8250503540039,-7.09995031356812,13.3212747573853,8.44579982757568,4.77441263198853,-3.17074990272522,-1.05599999427795,-0.05678749829531,-4.44193744659424,-1.17328751087189,0.53858751058578,-22.5949516296387,-17.3260517120361,-18.8010005950928,-0.58799999952316,-0.30000001192093,1.86495006084442,-14.7210006713867,-8.04600048065186,-7.38495016098022,-9.79494953155518,-9.9492244720459,-7.58724975585938,3.79005002975464,5.17976236343384,3.93442487716675,3.21007490158081,1.17576253414154,0.12553749978542,-24.8029518127441,-25.1050510406494,-7.97805023193359,1.56405007839203,1.52295005321503,0.69495004415512,-13.6740007400513,-14.1889505386353,2.25600004196167,-6.37834978103638,-5.16532516479492,-4.04745006561279,2.62954998016357,1.32852494716644,-0.07424999773502,0.47671249508858,0.40562498569489,0.40920001268387,-11.1240005493164,-11.1199502944946,-9.52695083618164,-2.04795002937317,-0.79095005989075,2.15295004844666,4.8469500541687,7.39395046234131,13.6840505599976,-2.73803758621216,9.98593711853027,15.1443872451782,-2.85491251945496,-6.3798623085022,-3.99327492713928,1.00031244754791,-1.51882493495941,-5.58965015411377,-9.60900020599365,-9.37695026397705,-18.8959503173828,0.41700002551079,1.87995004653931,1.83000004291534,19.4299507141113,17.0479507446289,-5.42100048065186,FAN
17.5381240844727,13.3212747573853,8.44579982757568,-4.70263767242432,-3.17074990272522,-1.05599999427795,-6.35470008850098,-4.44193744659424,-1.17328751087189,-18.8749504089355,-22.5949516296387,-17.3260517120361,2.17005014419556,-0.58799999952316,-0.30000001192093,-7.09995031356812,-14.7210006713867,-8.04600048065186,4.77441263198853,-9.79494953155518,-9.9492244720459,-0.05678749829531,3.79005002975464,5.17976236343384,0.53858751058578,3.21007490158081,1.17576253414154,-18.8010005950928,-24.8029518127441,-25.1050510406494,1.86495006084442,1.56405007839203,1.52295005321503,-7.38495016098022,-13.6740007400513,-14.1889505386353,-7.58724975585938,-6.37834978103638,-5.16532516479492,3.93442487716675,2.62954998016357,1.32852494716644,0.12553749978542,0.47671249508858,0.40562498569489,-7.97805023193359,-11.1240005493164,-11.1199502944946,0.69495004415512,-2.04795002937317,-0.79095005989075,2.25600004196167,4.8469500541687,7.39395046234131,-4.04745006561279,-2.73803758621216,9.98593711853027,-0.07424999773502,-2.85491251945496,-6.3798623085022,0.40920001268387,1.00031244754791,-1.51882493495941,-9.52695083618164,-9.60900020599365,-9.37695026397705,2.15295004844666,0.41700002551079,1.87995004653931,13.6840505599976,19.4299507141113,17.0479507446289,15.1443872451782,12.5489377975464,9.16024971008301,-3.99327492713928,-2.39415001869202,-0.49445000290871,-5.58965015411377,-3.25929999351501,-0.95562499761581,-18.8959503173828,-20.0430011749268,-20.6200504302979,1.83000004291534,-0.19005000591278,-1.52400004863739,-5.42100048065186,-6.73305034637451,-6.99900054931641,-11.0983123779297,-11.7713747024536,-10.4834127426147,3.63082504272461,4.3293251991272,3.92136240005493,3.29683756828308,1.2531750202179,0.27816250920296,-27.9919509887695,-23.9080505371094,-18.1969509124756,-0.97305005788803,1.45395004749298,1.94400012493134,-13.6120510101318,-11.2110004425049,-5.89800024032593,-9.03746223449707,-7.60099983215332,-6.11201238632202,3.12592506408691,2.21828746795654,0.43051248788834,0.10931249707937,0.30016249418259,0.57626247406006,-7.83195018768311,-5.19405031204224,-10.0249500274658,1.69995009899139,-3.09000015258789,-4.48305034637451,3.74295020103455,15.4200010299683,20.3980503082275,-4.5069751739502,-3.32131242752075,16.804012298584,-2.57661247253418,-5.3668999671936,-4.8232250213623,0.84122496843338,1.80936253070831,-6.09537506103516,-13.13805103302,-11.4450006484985,-12.0030002593994,3.82395029067993,3.17805004119873,4.79805040359497,15.8269510269165,10.4130001068115,0.01995000056922,19.7085628509521,15.7141876220703,11.2440624237061,-2.74793744087219,-1.25523746013641,1.36248743534088,-9.11487483978272,-5.3530125617981,-0.74841248989105,-13.9690504074097,-15.7620010375977,-12.1320009231567,1.62600004673004,0.44295001029968,-0.14505000412464,-11.6920509338379,-11.2630500793457,-5.11500024795532,-10.6044120788574,-10.7980127334595,-8.37677478790283,3.61487507820129,4.33798742294312,4.16501235961914,4.85993766784668,2.41023755073547,-0.2398000061512,-10.8750009536743,-13.4470510482788,-14.3520002365112,-1.51905012130737,-3.49695014953613,-2.11995005607605,-0.75495004653931,-5.08395004272461,-9.18000030517578,FAN
-6.11201238632202,-4.5069751739502,-3.32131242752075,0.43051248788834,-2.57661247253418,-5.3668999671936,0.57626247406006,0.84122496843338,1.80936253070831,-10.0249500274658,-13.13805103302,-11.4450006484985,-4.48305034637451,3.82395029067993,3.17805004119873,20.3980503082275,15.8269510269165,10.4130001068115,16.804012298584,19.7085628509521,15.7141876220703,-4.8232250213623,-2.74793744087219,-1.25523746013641,-6.09537506103516,-9.11487483978272,-5.3530125617981,-12.0030002593994,-13.9690504074097,-15.7620010375977,4.79805040359497,1.62600004673004,0.44295001029968,0.01995000056922,-11.6920509338379,-11.2630500793457,11.2440624237061,-10.6044120788574,-10.7980127334595,1.36248743534088,3.61487507820129,4.33798742294312,-0.74841248989105,4.85993766784668,2.41023755073547,-12.1320009231567,-10.8750009536743,-13.4470510482788,-0.14505000412464,-1.51905012130737,-3.49695014953613,-5.11500024795532,-0.75495004653931,-5.08395004272461,-8.37677478790283,-6.89493751525879,-5.7101001739502,4.16501235961914,3.34606242179871,2.38328742980957,-0.2398000061512,-0.86088746786118,-0.77151250839233,-14.3520002365112,-9.79995059967041,-6.75705051422119,-2.11995005607605,0.61305004358292,-0.21900001168251,-9.18000030517578,-6.4680004119873,-2.83305025100708,-5.09231233596802,-3.39074993133545,-1.20408749580383,1.87316250801086,1.29208743572235,0.74648749828339,-0.73205000162125,-1.0063624382019,1.29579997062683,-9.28800010681152,-13.6960506439209,-25.4809513092041,-4.05900001525879,-2.03895020484924,-0.78405004739761,-3.12000012397766,-9.46995067596436,-14.3899507522583,-6.8914999961853,-6.8914999961853,0.70853751897812,4.21299982070923,4.21299982070923,0.42294999957085,0.44054999947548,0.44054999947548,-0.50008749961853,-27.1810512542725,-1.65300011634827,-1.87500011920929,-4.38495016098022,8.9239501953125,8.61000061035156,-13.9980010986328,3.90105009078979,4.48800039291382,0.54697501659393,-0.16046249866486,-0.39888748526573,0.37111249566078,-0.05156249925494,-0.17984999716282,-0.46323749423027,0.0441375002265,0.17558750510216,-1.09995007514954,-1.99695014953613,-1.69305002689362,8.54805088043213,8.95500087738037,9.01200008392334,5.1820502281189,4.88295030593872,4.82805013656616,-0.59619998931885,-0.28902500867844,-0.39228749275208,-0.29644998908043,-0.1575749963522,-0.03712499886751,0.39297500252724,0.24557499587536,-0.24846249818802,-1.3819500207901,-3.82905006408691,-2.32305002212524,9.14895057678223,7.60005044937134,9.03600025177002,4.84200000762939,5.61105012893677,4.67400026321411,-0.32807499170303,-0.25121250748634,-0.4298250079155,0.07328750193119,0.48702499270439,0.72049999237061,-0.34787499904633,-0.67416250705719,-1.15005004405975,-2.40405011177063,-4.95900011062622,-3.36495018005371,9.26895046234131,6.77400016784668,8.06700038909912,3.87000012397766,4.51605033874512,3.58005023002625,0.27348750829697,0.52772498130798,0.50943750143051,1.00443744659424,0.82486248016357,0.75501251220703,-0.19181250035763,1.05077505111694,1.52212500572205,3.82200026512146,-0.71895003318787,-3.12495017051697,11.8180503845215,12.7759504318237,10.9210500717163,3.74505019187927,5.43300008773804,3.31005024909973,FAN
0.27348750829697,0.52772498130798,0.50943750143051,1.00443744659424,0.82486248016357,0.75501251220703,-0.19181250035763,1.05077505111694,1.52212500572205,3.82200026512146,-0.71895003318787,-3.12495017051697,11.8180503845215,12.7759504318237,10.9210500717163,3.74505019187927,5.43300008773804,3.31005024909973,0.6982250213623,1.00842499732971,0.9344499707222,0.85497498512268,1.03083753585815,1.08350002765656,1.62896251678467,1.55113744735718,1.33787500858307,-3.88395023345947,-3.49905014038086,-6.79305028915405,10.2049503326416,10.0900506973267,9.77100086212158,1.11195003986359,2.2150502204895,-2.25104999542236,1.53394997119904,2.32691240310669,2.60493755340576,1.41831254959106,1.84497499465942,1.99828743934631,0.42336249351501,-1.40470004081726,-2.32100009918213,-7.9350004196167,-6.32595014572144,-0.83100003004074,8.34899997711182,6.04605007171631,-1.45200002193451,-5.65800046920776,-0.79605001211166,9.4150505065918,1.20560002326965,-1.89474999904633,2.91183757781982,1.01351249217987,-2.78121256828308,-21.6072998046875,-2.64330005645752,-2.84432506561279,-15.3891372680664,7.46400022506714,15.0420007705688,1.46100008487701,-6.91095018386841,-2.15805006027222,-2.14605021476746,14.9340009689331,5.63895034790039,0.59895002841949,-3.01111245155334,-1.87687504291534,1.64367496967316,-8.87796211242676,-2.89464998245239,7.0731372833252,-14.7504501342773,-12.4042873382568,-9.1921501159668,-21.0220508575439,-27.8959522247314,-31.2840023040771,-3.93705010414124,-5.24895048141479,-9.75795078277588,0.92700004577637,-19.9120502471924,-41.4550514221191,2.78327488899231,1.4386625289917,0.83104997873306,12.2130250930786,10.0368127822876,9.03746223449707,-4.00592517852783,-2.06126260757446,-1.74941253662109,-25.8829517364502,-11.0209503173828,-15.4050006866455,-12.1309509277344,-6.90405035018921,-6.46095037460327,-46.1070022583008,-24.6880512237549,-5.61495018005371,1.00416254997253,2.53439998626709,6.90318727493286,5.97712516784668,3.57238745689392,-9.562575340271,-1.40855002403259,-1.94369995594025,-6.44875001907349,11.8020009994507,16.5049514770508,1.27905011177063,-2.64405012130737,-3.17400026321411,-1.98795008659363,39.7410011291504,50.4940528869629,45.319953918457,6.2485499382019,5.30612516403198,4.19608736038208,-14.7086496353149,-11.8122119903564,-8.59141254425049,-2.83181238174438,-1.45447504520416,-1.14702498912811,-21.6660003662109,-34.5190505981445,-38.050952911377,-6.47505044937134,-12.1519508361816,-8.29995059967041,27.9520511627197,1.40100002288818,-15.3000011444092,3.17116236686707,1.3026750087738,-2.51858758926392,-4.9372124671936,0.44742500782013,4.59043741226196,-0.8729875087738,0.6738874912262,2.59586238861084,-44.4310531616211,-43.9860038757324,-41.6779518127441,-4.80405044555664,-1.77495002746582,-5.12205028533936,-18.5400009155273,-25.8160514831543,-34.1119499206543,-5.77073764801025,-6.69075012207031,-6.27591228485107,6.12191247940063,6.22957515716553,5.31932497024536,2.40019989013672,1.43907499313354,0.8427374958992,-30.9799518585205,-26.2519512176514,-25.8559513092041,-9.17805004119873,-11.568000793457,-13.1389503479004,-28.6440010070801,-13.3540506362915,3.46500015258789,FAN
3.94184994697571,1.74061250686646,-3.49098753929138,-5.89641237258911,0.2411749958992,6.75633764266968,-0.81853747367859,0.28861248493195,2.05040001869202,-35.9099998474121,-35.4960021972656,-33.0300025939941,-10.7850008010864,-9.82005023956299,-10.7299509048462,-14.9650506973267,-30.3120021820068,-38.7589530944824,-6.70023727416992,-6.12933731079102,-5.18691253662109,7.69587516784668,6.38096237182617,4.91095018386841,0.6542249917984,0.23072500526905,0.01017499994487,-25.5210018157959,-27.6619510650635,-25.3320007324219,-12.4150505065918,-13.4569501876831,-10.885950088501,-23.6419506072998,-6.88905048370361,6.7020001411438,-4.06793737411499,-0.71060001850128,1.34158754348755,3.53017497062683,0.65890002250671,-0.52566248178482,-0.10367500036955,0.3812874853611,0.73603749275208,-21.2760009765625,-8.05005073547363,-3.44100022315979,-7.23405027389526,3.32595014572144,9.40005016326904,16.3009510040283,29.1649513244629,35.8770027160645,7.74042510986328,8.57999992370605,6.56438732147217,-5.144700050354,-6.85217475891113,-6.56699991226196,0.29053750634193,-0.14121249318123,0.18287499248981,-10.5379505157471,-11.1360006332397,-12.5490007400513,10.4850006103516,6.0600004196167,-8.05305004119873,32.5510520935059,25.6410007476807,4.56405019760132,5.22774982452393,3.37837505340576,0.50214999914169,-5.59899997711182,-2.35661244392395,2.63931250572205,0.35530000925064,0.12938749790192,-0.01911249943078,-21.8359508514404,-34.0330505371094,-36.0060005187988,-10.8280506134033,-14.1940507888794,-12.8850002288818,-4.60305023193359,-15.292950630188,-28.7820014953613,-3.70617508888245,-6.17759990692139,-6.95117473602295,6.33971261978149,7.61969995498657,6.99682474136353,-0.09899999946356,-0.68970000743866,-1.04266250133514,-39.0319519042969,-36.7170028686523,-28.0540504455566,-13.7899503707886,-14.9850006103516,-13.8900003433228,-40.5379524230957,-40.7899513244629,-28.7299518585205,-6.61388731002808,-5.72467517852783,-4.54836225509644,5.96364974975586,4.68393754959106,3.42897486686707,-1.11498749256134,-1.14413750171661,-1.04527497291565,-28.1310005187988,-24.7339515686035,-22.5810012817383,-16.7299499511719,-14.4169502258301,-12.0079507827759,-12.2809505462646,2.66295003890991,11.3419504165649,-3.00341248512268,-0.8982874751091,2.65980005264282,1.89145004749298,-0.04922499880195,-3.25297498703003,-0.82279998064041,-0.56636250019073,-0.7957124710083,-15.7669506072998,2.87595009803772,17.2350006103516,-8.26905059814453,-3.41295027732849,0.19395001232624,17.0310001373291,34.3639526367188,49.7760009765625,5.69964981079102,6.22819995880127,5.45930004119873,-7.97953748703003,-9.97809982299805,-9.49671268463135,-1.85583746433258,-1.69578754901886,-1.11017501354218,6.52800035476685,-6.43605041503906,-16.6669502258301,-1.28700006008148,-6.42300033569336,-13.6960506439209,48.9139518737793,36.1620025634766,15.3000011444092,4.2363748550415,2.91541242599487,1.07731246948242,-8.09710025787354,-5.95182514190674,-1.95387494564056,-0.74909996986389,-0.60224997997284,-0.15234999358654,-25.7890510559082,-35.8480529785156,-40.4110527038574,-14.5390510559082,-13.3519506454468,-11.167950630188,-5.44095039367676,-16.3540515899658,-28.4110507965088,FAN
1.07731246948242,-2.14692497253418,-5.25085020065308,-1.95387494564056,4.00798749923706,7.29657506942749,-0.15234999358654,1.27448749542236,1.9765625,-40.4110527038574,-43.6009521484375,-41.2920036315918,-11.167950630188,-12.3100509643555,-14.1300010681152,-28.4110507965088,-37.2060012817383,-38.6110534667969,-6.39416265487671,-6.36240005493164,-5.65977478027344,7.71498727798462,6.96918725967407,5.63543748855591,1.69331252574921,1.26555001735687,0.83146250247955,-30.3000011444092,-25.6150512695313,-22.3320007324219,-14.8600511550903,-16.2250499725342,-14.5939502716064,-30.2740516662598,-13.7580003738403,0.85500001907349,-4.63141250610352,-3.20759987831116,-0.72861248254776,4.24709987640381,2.67836236953735,0.78856247663498,0.43724998831749,0.15661250054836,0.07947500050068,-18.9660015106201,-15.1489505767822,1.84200012683868,-11.1250505447388,-8.46000003814697,0.79800003767014,10.5210008621216,21.178050994873,42.4489517211914,3.8894624710083,8.24174976348877,6.48738765716553,-2.56423759460449,-7.556725025177,-7.21476268768311,-0.42597499489784,-2.21402502059937,-1.48692500591278,4.23600006103516,-2.7439501285553,-17.5050010681152,2.46900010108948,1.18095004558563,-13.4689502716064,51.9019508361816,40.8330001831055,2.33295011520386,4.96567487716675,3.13596248626709,0.12636250257492,-5.79040002822876,-3.3371250629425,1.8798999786377,-1.07112503051758,-0.94489997625351,-0.63923752307892,-19.9230003356934,-27.8340015411377,-38.3209533691406,-15.5070009231567,-15.8730010986328,-18.4510517120361,-18.8650512695313,-27.9589519500732,-35.131950378418,-4.11248731613159,-6.43499994277954,-6.79635000228882,7.85936260223389,9.12312507629394,8.35326290130615,0.38816249370575,0.43395000696182,0.11893749982119,-34.5450019836426,-29.4049510955811,-20.7690010070801,-17.9580001831055,-18.5299510955811,-16.2580509185791,-44.5009536743164,-41.0479507446289,-23.392951965332,-6.29873752593994,-5.17838764190674,-3.79609990119934,6.91858768463135,5.11417484283447,3.49896240234375,-0.14162500202656,-0.18163749575615,-0.171187505126,-20.248950958252,-18.3619499206543,-12.4530010223389,-15.0780010223389,-12.6450004577637,-11.2350006103516,-4.65300035476685,6.17295026779175,14.026050567627,-2.07363748550415,1.4441624879837,6.46194982528687,2.01203751564026,-0.83572500944138,-7.36119985580444,-0.30222499370575,-0.93238747119904,-2.52697491645813,7.84200048446655,14.9509506225586,5.22795009613037,-4.97205018997192,-3.58995008468628,-6.44400024414063,34.0759506225586,51.5809516906738,47.5300521850586,7.28585004806519,6.39443731307983,5.11046266555786,-9.79137516021728,-9.35770034790039,-7.80463743209839,-1.96473753452301,-1.20395004749298,-0.67498749494553,-3.92205023765564,-17.8549499511719,-29.4910507202148,-8.94405078887939,-12.3960008621216,-12.1549501419067,30.9210014343262,11.6389503479004,-6.74295043945313,3.73353743553162,-3.0570375919342,-6.39265012741089,-5.48680019378662,4.24187517166138,6.63217496871948,-0.17242500185966,3.02005004882813,3.40669989585876,-36.6240005493164,-43.2870025634766,-35.7139511108398,-9.99705028533936,-10.9999504089355,-11.3050508499146,-21.4680004119873,-36.0610504150391,-33.5059509277344,FAN
3.73353743553162,-3.0570375919342,-6.39265012741089,-5.48680019378662,4.24187517166138,6.63217496871948,-0.17242500185966,3.02005004882813,3.40669989585876,-36.6240005493164,-43.2870025634766,-35.7139511108398,-9.99705028533936,-10.9999504089355,-11.3050508499146,-21.4680004119873,-36.0610504150391,-33.5059509277344,-7.12401247024536,-6.72168731689453,-5.79686260223389,6.71082496643066,5.93202495574951,4.75378751754761,2.78410005569458,2.06634998321533,1.38682496547699,-28.5570011138916,-23.613000869751,-19.465950012207,-13.1670007705688,-14.896050453186,-13.4950504302979,-23.3809509277344,-9.03194999694824,3.43200016021729,-4.50711250305176,-2.90798759460449,-0.17668749392033,3.38085007667542,1.78804993629456,-0.16582499444485,0.83806252479553,0.46887499094009,0.29975000023842,-18.1330509185791,-11.4840002059937,2.43600010871887,-10.581000328064,-6.14505052566528,2.53305006027222,10.9780502319336,21.6949501037598,35.5390510559082,8.35848712921143,8.37113761901855,7.12566232681274,-6.42152500152588,-7.64417505264282,-7.04605007171631,-1.92747497558594,-2.32649993896484,-1.91166245937347,-0.63705003261566,-6.63495016098022,-13.6380004882813,2.52405023574829,-3.79395008087158,-10.885950088501,38.1990013122559,25.6219520568848,10.5880508422852,5.50934982299805,0.78787499666214,-2.88144993782043,-5.74749994277954,1.01887500286102,6.08643770217896,-1.39259994029999,-0.48757499456406,0.2041874974966,-19.8319511413574,-33.9949531555176,-36.3720016479492,-14.6329507827759,-17.3140506744385,-17.9530506134033,-3.19500017166138,-26.8669509887695,-35.7979507446289,-5.72384977340698,-6.57208728790283,-5.66802501678467,8.30389976501465,8.18015003204346,5.70033740997314,0.5324000120163,0.38252499699593,-0.13103750348091,-35.0029525756836,-27.8269519805908,-22.207950592041,-19.1599502563477,-18.7080001831055,-17.0680503845215,-41.4630012512207,-35.7619514465332,-0.51495003700256,-4.43231248855591,-2.92393755912781,3.5370500087738,4.24228763580322,2.80582499504089,-2.5616250038147,-0.22027499973774,-0.21436250209808,-0.54711252450943,-20.3419513702393,-11.3569507598877,7.54305028915405,-13.9309511184692,-7.57695055007935,3.37095022201538,9.78900051116943,25.0590019226074,50.7600021362305,7.40574979782104,7.85702514648438,6.8857250213623,-7.41963768005371,-8.82639980316162,-8.02340030670166,-1.3532749414444,-0.98614996671677,-0.3920125067234,-1.22400009632111,-13.9350004196167,-22.6480503082275,2.76300024986267,-4.41600036621094,-9.13800048828125,44.3190002441406,27.7909507751465,4.91595029830933,4.22179985046387,1.40786254405975,-3.15576243400574,-3.85907506942749,0.76477497816086,5.06426239013672,0.32326251268387,1.52391254901886,2.75508737564087,-33.6280517578125,-36.0439529418945,-38.110050201416,-10.0189504623413,-10.135950088501,-9.3319501876831,-20.6250019073486,-20.3830509185791,-22.1310005187988,-6.25404977798462,-6.79841232299805,-5.89421224594116,6.52011251449585,5.67228746414185,4.49872493743896,2.42618751525879,1.23144996166229,0.82403749227524,-35.9170532226563,-26.2230014801025,-23.3419513702393,-8.28795051574707,-11.9130001068115,-13.021050453186,-24.9229507446289,-15.2160005569458,-3.97005009651184,FAN
10.1589126586914,8.90408706665039,4.84962511062622,-6.69171237945557,-6.94306230545044,-5.03566265106201,-2.74834990501404,-2.87388753890991,-1.71558749675751,-2.9239501953125,-9.54195022583008,-20.7019500732422,-3.50595021247864,-8.99895000457764,-16.2990016937256,29.098051071167,12.4099502563477,-15.0510005950928,2.0732250213623,-4.79242515563965,-7.49993753433228,-2.2451000213623,5.49945020675659,6.59078741073608,-0.93940001726151,0.89375001192093,1.03482496738434,-37.1430015563965,-41.4940528869629,-30.2520008087158,-18.8029518127441,-17.4910507202148,-20.3070011138916,-27.6670513153076,-37.4950523376465,-35.4649505615234,-6.98018741607666,-5.9296875,-4.59579992294312,5.7190375328064,4.54836225509644,3.32103753089905,0.69698750972748,0.44811248779297,0.2606999874115,-23.3809509277344,-20.0340003967285,-20.4000015258789,-19.7920513153076,-16.9000511169434,-13.1170501708984,-16.2670516967773,-0.3649500310421,11.6659507751465,-0.65972501039505,3.51559996604919,7.87146234512329,0.42212501168251,-2.87388753890991,-7.13748741149902,0.09184999763966,-0.53171247243881,-1.66306245326996,6.06795024871826,8.425950050354,-1.3050000667572,0.27300000190735,2.28900003433228,-0.3120000064373,40.1119537353516,48.8970031738281,47.1420021057129,7.41248750686646,5.88444995880127,3.94762492179871,-7.60278749465942,-6.31413745880127,-4.13201236724854,-1.0477499961853,-0.69396251440048,-0.46364998817444,-18.2639999389648,-25.5000019073486,-33.0349502563477,-13.9840507507324,-19.6290016174316,-18.6670513153076,12.1950006484985,-8.08395004272461,-29.8450508117676,0.82568746805191,-6.43651247024536,-6.76403760910034,0.25836250185966,7.70481252670288,7.25119972229004,0.23938749730587,1.25592494010925,0.83297497034073,-39.0630035400391,-35.6419525146484,-25.5570011138916,-19.1530513763428,-21.2190017700195,-19.2730503082275,-45.3750038146973,-33.4200019836426,-17.4340515136719,-6.26518726348877,-3.9426748752594,-1.94163751602173,6.09152507781982,3.26713752746582,1.42752504348755,0.47409999370575,0.1868624985218,0.27114999294281,-19.4110507965088,-13.1430006027222,-5.29905033111572,-16.534049987793,-6.00405025482178,-1.03095006942749,-2.87400007247925,15.1369504928589,24.5110511779785,1.47895002365112,6.18131256103516,8.7401876449585,-0.95177501440048,-4.81855010986328,-7.92343759536743,0.35804998874664,-0.1568875014782,-0.58561247587204,3.6979501247406,3.1560001373291,-5.77800035476685,6.38595008850098,9.04395008087158,5.10495042800903,32.7469520568848,35.6520004272461,30.037052154541,8.43315029144287,7.26893758773804,5.8228497505188,-8.19541263580322,-7.10710000991821,-5.57342481613159,-0.12430000305176,0.30236250162125,0.53267496824265,-11.9340009689331,-14.7490510940552,-19.0950012207031,-0.12300000339746,-6.26205015182495,-10.2799501419067,18.4819507598877,2.70900011062622,-13.2240009307861,0.43669998645782,-4.60996246337891,-6.34411239624023,3.18615007400513,8.37223720550537,9.04667472839356,1.25510001182556,0.77096247673035,-0.29356250166893,-28.7779521942139,-29.521951675415,-23.7730503082275,-15.163950920105,-17.8510513305664,-17.1300010681152,-32.0629501342773,-31.0930519104004,-27.6139507293701,FAN
8.7401876449585,8.43315029144287,7.26893758773804,-7.92343759536743,-8.19541263580322,-7.10710000991821,-0.58561247587204,-0.12430000305176,0.30236250162125,-5.77800035476685,-11.9340009689331,-14.7490510940552,5.10495042800903,-0.12300000339746,-6.26205015182495,30.037052154541,18.4819507598877,2.70900011062622,5.8228497505188,0.43669998645782,-4.60996246337891,-5.57342481613159,3.18615007400513,8.37223720550537,0.53267496824265,1.25510001182556,0.77096247673035,-19.0950012207031,-28.7779521942139,-29.521951675415,-10.2799501419067,-15.163950920105,-17.8510513305664,-13.2240009307861,-32.0629501342773,-31.0930519104004,-6.34411239624023,-6.15312480926514,-4.22757482528687,9.04667472839356,7.53623723983765,4.6668872833252,-0.29356250166893,-1.06809997558594,-1.26857495307922,-23.7730503082275,-16.7560501098633,-9.68100070953369,-17.1300010681152,-14.6470508575439,-8.50995063781738,-27.6139507293701,-18.2430000305176,3.39600014686584,-2.83456254005432,-0.9454500079155,7.56951236724854,3.25104999542236,1.58537495136261,-7.77053737640381,-1.19666254520416,-0.99233746528625,-0.96139997243881,-7.0489501953125,-0.07500000298023,-4.47495031356812,-4.63395023345947,1.83000004291534,4.45800018310547,14.2009506225586,28.090051651001,29.9749507904053,8.17822456359863,7.23552513122559,5.90534973144531,-9.45174980163574,-8.41335010528564,-6.38838768005371,0.00797499995679,0.79516249895096,1.04403746128082,-12.939001083374,-18.8410511016846,-21.9940509796143,0.19200000166893,-5.25195026397705,-9.98805046081543,21.5010013580322,9.60900020599365,-10.1880006790161,1.66196250915527,-4.07618761062622,-6.70807504653931,1.96308743953705,7.13679981231689,7.70357513427734,1.23832499980927,1.64848744869232,0.54724997282028,-30.0610523223877,-33.0799522399902,-31.1449508666992,-11.9460000991821,-14.2900505065918,-15.3919506072998,-39.256950378418,-33.612003326416,-22.4689502716064,-6.82632493972778,-5.83274984359741,-4.34513759613037,5.38078737258911,4.06807518005371,2.55309987068176,-0.88426250219345,-1.01887500286102,-0.86047500371933,-17.931001663208,-12.9349508285522,-8.18205070495605,-12.4039506912231,-8.7810001373291,-5.85795021057129,-5.93400049209595,0.87000006437302,12.3700504302979,-2.07721257209778,1.99539995193481,7.2575249671936,0.73589998483658,-1.5969250202179,-5.57163763046265,-0.54724997282028,-0.23553749918938,-1.44539999961853,0.49905002117157,5.19195032119751,2.45295000076294,0.38805001974106,3.01905012130737,2.20095014572144,26.9080505371094,36.2290534973145,35.6760025024414,8.73963737487793,7.66699981689453,4.48909997940063,-8.67748737335205,-8.79367542266846,-5.39440011978149,-2.18528747558594,-1.35066246986389,-0.26358750462532,-6.25200033187866,-12.5970001220703,-23.5099506378174,-1.73895013332367,-6.58305025100708,-13.3759508132935,26.7229518890381,16.1880016326904,-15.8680505752563,2.23313736915588,-1.69138753414154,-5.54619979858398,-1.68684995174408,4.16459989547729,7.26055002212524,-0.1409374922514,0.60816252231598,1.10151255130768,-29.8090515136719,-33.1830024719238,-33.8340034484863,-14.7550506591797,-15.2140502929688,-15.9259510040283,-28.5550518035889,-32.1990013122559,-30.5569515228271,FAN
4.97488737106323,2.88365006446838,-0.77673751115799,-4.89761257171631,-1.75876247882843,4.12018728256226,0.56787496805191,0.31845000386238,0.03671250119805,-20.613000869751,-25.734001159668,-28.7539520263672,-16.3129501342773,-17.5969505310059,-18.2929515838623,-23.275951385498,-38.4289512634277,-43.5550537109375,-4.84165000915527,-6.27330017089844,-6.34521245956421,8.39258766174316,8.70251274108887,7.67002487182617,-0.20157499611378,-0.77563750743866,-1.18786251544952,-29.484001159668,-23.110050201416,-16.8420009613037,-20.7139511108398,-18.9060001373291,-15.4750509262085,-38.3449516296387,-28.090051651001,-15.0270004272461,-5.72728729248047,-3.10942506790161,-0.86253750324249,6.29722499847412,3.0523624420166,1.03441250324249,-1.30624997615814,-0.9257875084877,-0.58066248893738,-13.81605052948,-6.3139500617981,2.77605009078979,-12.1309509277344,-2.90100002288818,3.50100016593933,-3.01995015144348,17.0550003051758,31.6360511779785,3.40669989585876,7.76091241836548,7.89098739624023,-2.78313755989075,-9.01889991760254,-10.1557502746582,-0.40713748335838,-0.44659999012947,0.50325000286102,4.33004999160767,-4.44900035858154,-13.0900506973267,4.6360502243042,2.6290500164032,-3.12600016593933,40.1460037231445,35.4360008239746,21.6859512329102,6.66682481765747,5.02699995040894,3.05043745040894,-8.85266208648682,-6.65981245040894,-3.38401246070862,1.12035000324249,1.22265005111694,0.95576250553131,-19.3009510040283,-22.7970008850098,-29.0959510803223,-10.4760007858276,-13.7400007247925,-15.6480007171631,1.32705008983612,-22.6150512695313,-39.0870018005371,-0.8093249797821,-5.20877504348755,-6.39127492904663,3.30357503890991,8.02422523498535,8.40551280975342,0.85318750143051,0.78485000133514,0.04661250114441,-30.5230522155762,-27.8010005950928,-21.8290519714355,-15.0520505905151,-15.9589509963989,-15.7080011367798,-43.7419509887695,-35.029052734375,-21.8290519714355,-6.38549995422363,-4.52815008163452,-2.79592490196228,7.3345251083374,4.41608762741089,2.66131258010864,-0.55962496995926,-0.85002499818802,-0.80423748493195,-16.195951461792,-5.67000007629395,1.59795010089874,-13.5859508514404,-6.89205026626587,-0.43005001544952,-9.2790002822876,12.3619508743286,25.1719512939453,0.30579999089241,6.30877494812012,8.53380012512207,-0.20528750121593,-6.04491233825684,-9.74215030670166,-0.853600025177,-1.33347499370575,-0.40837499499321,5.95500040054321,-4.90200042724609,-14.248950958252,6.49395036697388,4.39604997634888,-0.36705002188683,35.146053314209,37.8900032043457,31.5550518035889,5.84471225738525,4.00152492523193,1.34351253509521,-6.55723762512207,-3.91545009613037,0.28668749332428,0.70963752269745,0.60637497901917,0.32229998707771,-20.3809509277344,-22.4280014038086,-28.2409515380859,-15.1069507598877,-18.0610504150391,-18.844051361084,-4.73400020599365,-26.6110515594482,-39.3940505981445,-5.8005747795105,-7.03628730773926,-7.09651231765747,8.21782493591309,7.91725015640259,6.63616228103638,-0.08703749626875,-0.6931374669075,-1.15719997882843,-29.002950668335,-23.0170516967773,-16.7869510650635,-19.4550018310547,-18.79905128479,-15.7819509506226,-35.5530014038086,-24.4560012817383,-10.7250003814697,FAN
2.14898753166199,1.54178750514984,1.2199000120163,-0.93362498283386,-0.03918749839067,0.33068749308586,1.97284996509552,1.7019749879837,1.44746243953705,-8.87400054931641,-8.99100017547607,-5.69895029067993,0.20100000500679,1.08495008945465,1.86795008182526,-3.30000019073486,-2.31105017662048,-5.46900033950806,0.59950000047684,0.17696249485016,-0.26207500696182,1.43219995498657,1.66484999656677,1.85954999923706,1.32096254825592,0.9589250087738,0.61613750457764,-5.29905033111572,-5.90700006484985,-6.99705028533936,1.66905009746552,2.16195011138916,-1.35900008678436,-4.94295024871826,-5.45700025558472,-11.4000005722046,-0.39930000901222,0.15950000286102,0.45567500591278,3.05868744850159,4.5769624710083,4.59648752212524,0.02351249940693,-0.82169997692108,-0.88948750495911,-7.9350004196167,-11.7300004959106,-12.3859510421753,-4.93095016479492,-1.85400009155273,-2.01900005340576,-20.7160511016846,-17.5890007019043,-7.40595054626465,0.87738752365112,1.10385000705719,1.2060124874115,1.22017502784729,-0.59647500514984,-4.95852518081665,-1.53023743629456,-2.57949995994568,-2.55516242980957,4.07400035858154,1.19595003128052,-14.7109508514404,-2.78295016288757,0.42900002002716,0.3160500228405,13.3180503845215,7.97595024108887,8.64600086212158,1.97436249256134,3.16043758392334,-0.13241249322891,-8.70044994354248,-9.36361217498779,-3.35829997062683,-1.10164999961853,0.83490002155304,1.22911250591278,-23.6230506896973,-24.5470504760742,-20.5890007019043,2.67495012283325,-1.1580001115799,-0.0730499997735,4.51200008392334,-4.58295011520386,-1.7940000295639,-1.84153747558594,-2.99392509460449,-4.13531255722046,-0.9149249792099,0.28132501244545,1.25358748435974,1.32123744487762,0.9922000169754,0.63098752498627,-24.9900016784668,-17.1799507141113,-10.0830001831055,1.03005003929138,2.75595021247864,1.60395002365112,-4.9830002784729,-8.58405017852783,-6.33405017852783,-4.89114999771118,-5.03387498855591,-4.9372124671936,1.91771245002747,1.42862498760223,0.6682500243187,0.06737499684095,-0.01498750038445,0.13255000114441,-11.9980506896973,-11.1000003814697,-6.61395025253296,-0.56894999742508,-0.81000006198883,-0.51600003242493,-0.21105000376701,5.23695039749146,6.99900054931641,-4.54121255874634,-3.71483755111694,-2.03582501411438,-0.16747500002384,-1.61328744888306,-4.377037525177,0.21917499601841,0.40163749456406,0.26441249251366,-2.72295022010803,-1.58100008964539,-5.29005002975464,-0.30300000309944,0.36405003070831,0.08400000631809,6.43905019760132,5.23695039749146,5.425950050354,-0.2043250054121,1.41226243972778,1.96597504615784,-6.05879974365234,-6.13084983825684,-5.11953735351563,-0.35791251063347,-1.20697498321533,-1.61617493629456,-7.77495050430298,-7.41600036621094,-8.7180004119873,-1.2679500579834,-1.6030501127243,-0.89895004034042,4.83195018768311,3.82200026512146,4.74105024337769,2.05906248092651,1.12722504138947,0.54119998216629,-3.89400005340576,-1.51428747177124,0.18576249480247,-1.6435375213623,-0.81180000305176,-0.31446251273155,-10.653000831604,-11.7040510177612,-12.2500505447388,-0.16605000197887,0.24705001711845,0.3979500234127,3.97995018959045,1.60995006561279,0.69705003499985,FAN
-1.02643752098084,-0.37207499146461,-0.23485000431538,-1.45722496509552,-2.23189997673035,-0.82499998807907,-0.00687499996275,1.98921251296997,-0.46626248955727,7.99305057525635,-8.56500053405762,-3.57495021820068,13.5570011138916,10.4820003509521,9.28095054626465,11.1049509048462,13.1839504241943,13.9570503234863,0.34801250696182,0.37070000171661,-0.34498751163483,-1.01364994049072,-1.03551244735718,-0.70303750038147,0.01017499994487,-0.26991251111031,-2.02894997596741,0.91800004243851,-0.81900006532669,1.07595002651215,7.8870005607605,0.81000006198883,-1.80600011348724,11.2180509567261,9.9060001373291,-1.60995006561279,-0.39710000157356,1.10481250286102,12.3910875320435,-1.65330004692078,-2.17607498168945,7.95025014877319,-2.26366257667542,0.69602501392365,7.88040018081665,1.56900012493134,3.18495011329651,-0.7620000243187,-3.0990002155304,-1.13595008850098,-3.01995015144348,-18.6589508056641,-19.0980014801025,-9.9660005569458,19.6417369842529,18.8661003112793,12.8456621170044,6.42358732223511,6.06072473526001,10.9311122894287,-0.43216249346733,-0.84754997491837,2.23891258239746,3.04200005531311,17.0820007324219,-5.5770001411438,-4.96200037002563,-3.03000020980835,-8.97705078125,2.44995021820068,6.80805015563965,17.7880516052246,13.2748003005981,2.92545008659363,0.53858751058578,14.2918872833252,22.5154876708984,23.1639366149902,6.4644250869751,8.64462471008301,6.38495016098022,-19.3150501251221,-44.5650024414063,-45.8730010986328,-7.66800022125244,-6.15405035018921,-1.70295011997223,32.2279510498047,0.66195005178452,-28.4040012359619,0.12319999933243,-2.74477505683899,-4.62632513046265,22.7517127990723,17.3366870880127,14.516149520874,6.59504985809326,9.37543773651123,8.8412504196167,-37.4280014038086,-36.199951171875,-32.8290023803711,3.132000207901,-1.91400003433228,-3.81300020217896,-42.7150535583496,-16.1809501647949,-9.65895080566406,-5.2956748008728,-4.96869993209839,-3.62807488441467,12.4184503555298,10.3870248794556,7.72021245956421,7.47065019607544,5.96241235733032,4.64282512664795,-24.3310508728027,-19.3729515075684,-12.178050994873,-5.47695016860962,-7.27695035934448,-8.19195079803467,-5.1820502281189,7.67700052261353,29.7540016174316,0.30318748950958,5.90315008163452,6.52533769607544,3.93470001220703,-0.81193751096725,-5.5636625289917,3.22561240196228,-0.20473749935627,-3.38442492485046,11.2300500869751,2.757000207901,-17.0050506591797,-4.7920503616333,-2.48400020599365,6.3070502281189,49.7040023803711,35.1660003662109,9.01800060272217,5.85804986953735,5.37569999694824,4.88180017471313,-5.40924978256226,-3.6701500415802,-0.0369874984026,-2.48393750190735,-1.77127504348755,-1.06768751144409,-28.92405128479,-34.2199516296387,-32.7499504089355,1.03905010223389,-6.31500053405762,-10.3680000305176,-2.58705019950867,-14.4910507202148,-23.0100002288818,3.01592493057251,-5.47758769989014,-7.16581249237061,6.71439981460571,7.98297500610352,6.74368762969971,0.6931374669075,0.94022500514984,-0.16348749399185,-26.5750503540039,-23.7040519714355,-24.1759510040283,-11.4070501327515,-4.0639500617981,-4.46205043792725,-22.0140018463135,-22.3080005645752,-20.6989517211914,FAN
-6.63286256790161,-5.66678762435913,-1.83603751659393,4.76836252212524,3.74329996109009,-0.49114999175072,-1.18868744373322,-1.0008624792099,0.36726251244545,-16.8370513916016,-16.5880508422852,-1.30305004119873,-4.44495010375977,-4.33004999160767,-4.61505031585693,-8.61495018005371,2.72505021095276,40.7749519348145,4.03796243667603,7.57611227035522,6.73653745651245,-4.15813732147217,-7.18451261520386,-6.19286251068115,0.25973749160767,-2.31013751029968,-1.70706248283386,-5.14395046234131,-16.3219509124756,-24.8200511932373,-2.34795022010803,4.05105018615723,-0.75300002098083,23.8620014190674,7.65300035476685,-2.01900005340576,5.76042509078979,4.2937126159668,0.11866249889135,-4.0555624961853,0.03588749840856,4.42474985122681,-0.89209997653961,0.57351249456406,2.45918750762939,-25.6120510101318,-24.1950016021729,-23.2470016479492,-3.95205020904541,-4.81605005264282,-5.16105031967163,-12.5610008239746,-18.0919513702393,-23.8240509033203,-5.8958625793457,-8.21535015106201,-8.15938758850098,6.2939248085022,6.13304996490479,5.4109001159668,2.46771240234375,0.862124979496,-0.29975000023842,-25.5160503387451,-27.2449512481689,-26.3689517974854,-4.5,-4.18200016021729,-4.14105033874512,-24.8200511932373,-20.8720512390137,-18.2689514160156,-7.28076267242432,-6.13469982147217,-4.7118501663208,4.7189998626709,3.73752498626709,2.40803742408752,-0.79117500782013,-0.76546251773834,-0.44343748688698,-23.026050567627,-22.8130512237549,-20.3539505004883,-4.36605024337769,-5.07705020904541,-7.47105026245117,-11.0460004806519,-0.53895002603531,20.0269508361816,-2.49768757820129,3.41715002059937,7.98091268539429,0.0709500014782,-3.24884986877441,-5.42781257629395,0.17077499628067,0.31281250715256,-1.52253746986389,-4.51905012130737,-3.39795017242432,-7.73400020599365,-9.45600032806396,-3.87000012397766,1.37505006790161,47.0599517822266,35.8549499511719,19.3350009918213,8.57931232452393,7.77438735961914,6.67878723144531,-6.44297504425049,-6.36542510986328,-5.24328756332397,-2.6889500617981,-2.50181245803833,-1.86037504673004,-14.6370010375977,-23.2180519104004,-30.2119522094727,3.96000027656555,1.11600005626678,-6.40605020523071,10.3150501251221,1.11405003070831,-9.52500057220459,5.18072509765625,1.93366253376007,-4.12568759918213,-2.73020005226135,2.57001256942749,5.59198760986328,-0.83503746986389,1.28933751583099,1.98976254463196,-28.4779510498047,-21.0340518951416,-22.746000289917,-11.332950592041,-9.93000030517578,-6.19305038452148,-19.9039516448975,-24.4060516357422,-22.2100505828857,-6.74121236801147,-7.26536226272583,-6.79841232299805,5.81487512588501,5.11829996109009,4.40151262283325,0.89773750305176,-0.02694999985397,-0.55852502584457,-28.0950012207031,-28.513952255249,-25.4370002746582,-3.38700008392334,-3.22605013847351,-3.44400024414063,-18.7429504394531,-17.7400512695313,-14.778000831604,-6.05275011062622,-5.11472511291504,-3.72432494163513,3.75553750991821,2.74119997024536,0.97281247377396,-0.63043749332428,-0.24241249263287,0.45113748311996,-22.4520015716553,-21.5010013580322,-20.5410003662109,-4.03500032424927,-4.51695013046265,-8.2470006942749,-7.14795017242432,5.74500036239624,23.9530506134033,FAN
4.7933874130249,8.24009990692139,8.67570018768311,-4.09763765335083,-5.45476245880127,-6.09441232681274,0.58464998006821,-1.25633752346039,-2.20508742332459,-10.3680000305176,-11.1360006332397,-15.8100004196167,-2.50800013542175,3.4939501285553,3.41700005531311,26.9719505310059,16.1790008544922,9.14700031280518,7.94255018234253,6.52341222763062,3.85879993438721,-5.81734991073608,-4.54643726348877,-0.21848750114441,-2.18295001983643,-1.68712496757507,0.39710000157356,-23.0500507354736,-25.6219520568848,-30.1300506591797,-2.74500012397766,-5.27295017242432,-5.93400049209595,2.17905020713806,-3.5590500831604,-5.53200006484985,-1.26884996891022,-6.54541254043579,-8.30376243591309,2.5618999004364,3.13170003890991,3.29821252822876,2.49493741989136,2.88612508773804,2.48049998283386,-29.5129508972168,-28.3849506378174,-28.1839504241943,-3.97995018959045,-1.06905007362366,-0.23100000619888,-8.83095073699951,-17.9530506134033,-25.7940006256104,-9.31961250305176,-8.2989501953125,-7.00218725204468,3.81851243972778,3.92383742332459,3.53044986724854,0.86556249856949,0.37784999608994,0.19580000638962,-25.3800010681152,-24.2980518341064,-20.8840503692627,-0.86805003881454,-3.58095026016235,-4.90694999694824,-22.2150001525879,-11.568000793457,-1.08105003833771,-5.6513876914978,-4.25136232376099,-1.97546243667603,2.90757489204407,2.13853740692139,0.49390000104904,0.16637499630451,0.14781250059605,0.25217500329018,-16.9950008392334,-16.0399513244629,-9.54900074005127,-5.30205011367798,-6.79800033569336,-13.9860010147095,3.19695019721985,8.63400077819824,26.6419506072998,2.15682506561279,7.89703750610352,8.73372459411621,-2.44103741645813,-4.8966498374939,-5.05669975280762,-0.48647499084473,-3.51559996604919,-5.0983624458313,6.86505031585693,-7.86300039291382,-12.3690004348755,-12.985050201416,-9.09195041656494,-2.45295000076294,36.6550521850586,20.7400512695313,14.6179504394531,8.03192520141602,7.26384973526001,5.9915623664856,-4.72491264343262,-3.94858741760254,-2.14610004425049,-4.94051265716553,-3.9386875629425,-2.25609993934631,-18.4369506835938,-29.1270008087158,-28.6120510101318,1.89405012130737,-0.49005001783371,-1.20105004310608,9.62100028991699,-6.63495016098022,-20.8860015869141,3.67510008811951,-3.58861255645752,-7.48921251296997,1.22031247615814,4.56238746643066,5.18718767166138,0.86033749580383,4.18398761749268,3.49524998664856,-27.5370006561279,-23.3140506744385,-22.3540515899658,-2.72100019454956,-3.24105024337769,-4.23705005645752,-25.8469505310059,-22.5739517211914,-15.621000289917,-8.30994987487793,-7.45456266403198,-6.33696269989014,4.85319995880127,4.48497486114502,3.95779991149902,1.99993753433228,0.79241251945496,0.09391249716282,-19.4449501037598,-15.3930006027222,-12.0199508666992,-4.62195014953613,-4.22205018997192,-3.1690502166748,-11.1919507980347,-8.94105052947998,-4.69095039367676,-4.95866250991821,-3.46994996070862,-0.57144999504089,2.97440004348755,1.60132503509521,-0.4298250079155,-0.11838749796152,-0.03918749839067,0.27390000224113,-9.3550500869751,-10.1400003433228,0.75495004653931,-2.66805005073547,-5.96295022964478,-12.1350002288818,1.24605000019073,10.7580003738403,30.5209522247314,FAN
5.9915623664856,3.67510008811951,-3.58861255645752,-2.14610004425049,1.22031247615814,4.56238746643066,-2.25609993934631,0.86033749580383,4.18398761749268,-28.6120510101318,-27.5370006561279,-23.3140506744385,-1.20105004310608,-2.72100019454956,-3.24105024337769,-20.8860015869141,-25.8469505310059,-22.5739517211914,-7.48921251296997,-8.30994987487793,-7.45456266403198,5.18718767166138,4.85319995880127,4.48497486114502,3.49524998664856,1.99993753433228,0.79241251945496,-22.3540515899658,-19.4449501037598,-15.3930006027222,-4.23705005645752,-4.62195014953613,-4.22205018997192,-15.621000289917,-11.1919507980347,-8.94105052947998,-6.33696269989014,-4.95866250991821,-3.46994996070862,3.95779991149902,2.97440004348755,1.60132503509521,0.09391249716282,-0.11838749796152,-0.03918749839067,-12.0199508666992,-9.3550500869751,-10.1400003433228,-3.1690502166748,-2.66805005073547,-5.96295022964478,-4.69095039367676,1.24605000019073,10.7580003738403,-0.57144999504089,5.79699993133545,9.4758129119873,-0.4298250079155,-3.30082488059998,-5.11334991455078,0.27390000224113,-1.22443747520447,-4.98904991149902,0.75495004653931,2.74500012397766,-4.10700035095215,-12.1350002288818,-13.8400506973267,-10.2510004043579,30.5209522247314,30.8080520629883,27.3240013122559,9.0826997756958,7.94158744812012,6.83319997787476,-5.72302484512329,-5.23654985427856,-3.79128742218018,-5.83013725280762,-4.99372482299805,-3.17006254196167,-11.9980506896973,-29.0220012664795,-45.4660530090332,-7.56195020675659,-1.46595001220703,1.26000010967255,26.3640003204346,18.3360004425049,-5.8690505027771,5.33651256561279,0.71871250867844,-6.35139989852905,-1.45749998092651,1.40415000915527,3.11135005950928,-0.72544997930527,3.80118751525879,5.82133769989014,-41.953052520752,-35.2830009460449,-27.5490016937256,2.96895003318787,-2.96805024147034,-6.91095018386841,-30.5400009155273,-34.0759506225586,-20.836051940918,-8.93859958648682,-7.94089984893799,-4.87080001831055,3.97553753852844,3.83185005187988,2.07157492637634,3.70191240310669,2.30161237716675,0.35021248459816,-26.9719505310059,-22.1860504150391,-9.69495010375977,-10.8619508743286,-11.3260507583618,-5.94900035858154,-4.88700008392334,3.87900018692017,2.03595018386841,-2.90523743629456,-0.17352500557899,2.67354989051819,0.48977500200272,-0.41057500243187,-1.89392495155334,-0.19703750312328,-0.30621248483658,-0.63359999656677,-9.13199996948242,-10.0759506225586,-3.52305006980896,-4.44495010375977,-4.27005004882813,-8.13000011444092,-1.15995001792908,8.84805011749268,30.0750007629395,8.35312461853027,7.9547872543335,7.17777490615845,-4.41319990158081,-4.21698760986328,-3.41770005226135,-4.19361257553101,-4.10121250152588,-3.36118745803833,-9.70005035400391,-16.7170505523682,-29.0740509033203,-4.83000040054321,-4.02405023574829,-3.84405016899109,25.1980514526367,18.9130516052246,5.61795043945313,6.0913872718811,4.4936375617981,1.01873743534088,-1.93572497367859,0.01072499994189,2.92201256752014,-2.1261625289917,-0.56650000810623,2.24386239051819,-33.3340530395508,-33.7240524291992,-32.1409530639648,-3.39105010032654,-3.35295009613037,-3.23295021057129,-9.0100507736206,-21.1710014343262,-24.9589519500732,FAN
6.0913872718811,4.4936375617981,1.01873743534088,-1.93572497367859,0.01072499994189,2.92201256752014,-2.1261625289917,-0.56650000810623,2.24386239051819,-33.3340530395508,-33.7240524291992,-32.1409530639648,-3.39105010032654,-3.35295009613037,-3.23295021057129,-9.0100507736206,-21.1710014343262,-24.9589519500732,-4.62247514724731,-7.49677515029907,-7.72612476348877,4.65918731689453,5.12269973754883,4.96938753128052,4.00358724594116,3.2716748714447,2.19958758354187,-30.4729518890381,-29.1630020141602,-24.3240013122559,-3.1519501209259,-4.16205024719238,-4.17900037765503,-22.9399509429932,-15.5880002975464,-8.03595066070557,-6.92436265945435,-5.77678728103638,-4.38116264343262,4.44399976730347,3.5931499004364,2.45767498016357,1.43439996242523,0.96813750267029,0.73466247320175,-20.2560005187988,-16.4059505462646,-12.7530002593994,-4.57200002670288,-4.96200037002563,-5.35995006561279,-3.64695024490356,-1.63800013065338,4.27395009994507,-2.54553747177124,0.52085000276566,5.03194999694824,0.98656249046326,-1.13629996776581,-4.40591239929199,0.64638751745224,0.38115000724792,-1.46588754653931,-14.167950630188,0.60705000162125,-0.35505002737045,-8.47395038604736,-9.94905090332031,-9.43695068359375,15.7650003433228,38.2369499206543,35.6320533752441,7.32682514190674,6.91858768463135,6.44476222991943,-6.05412483215332,-5.73031234741211,-4.90352487564087,-3.91778755187988,-4.14865016937256,-3.50473737716675,-13.0350008010864,-16.6000499725342,-28.2720012664795,-6.26895046234131,0.64695000648499,1.42005002498627,18.6949501037598,10.945050239563,1.59300005435944,4.41099977493286,-0.04056249931455,-5.58799982070923,-0.49802500009537,4.19388771057129,6.49041223526001,-0.10395000129938,3.44918751716614,3.8596248626709,-29.3260517120361,-29.8669509887695,-27.1810512542725,2.78700017929077,-1.83300006389618,-6.93000030517578,-30.2290515899658,-28.7179508209229,-18.8839511871338,-5.82835006713867,-4.08897495269775,-1.14908754825592,5.8940749168396,4.91865015029907,2.37311244010925,1.35148751735687,0.13750000298023,-0.37180000543594,-16.3009510040283,-14.0910005569458,-9.7669506072998,-7.28205013275146,-5.4190502166748,-2.31600022315979,-9.30705070495606,-7.94700050354004,3.12000012397766,0.1055999994278,1.59788751602173,4.4643497467041,0.92413747310638,-1.09697496891022,-5.16161251068115,-0.34993749856949,-0.16967499256134,-0.81716251373291,-7.30605030059814,2.72295022010803,1.35105001926422,-2.31600022315979,-2.66805005073547,-1.5289500951767,12.6070508956909,26.848051071167,25.8949508666992,6.62502479553223,6.01039981842041,4.94285011291504,-8.44181251525879,-7.33438730239868,-5.05161237716675,-2.19106245040894,-1.88966250419617,-1.39397501945496,-13.0020008087158,-22.3560009002686,-27.094051361084,-0.03195000067353,-3.63300013542175,-4.62705039978027,15.1470003128052,6.6259503364563,-3.75495028495789,3.86045002937317,1.730299949646,-2.05892491340637,-2.0014500617981,2.14348745346069,4.80507516860962,-0.76793748140335,0.96896249055862,2.44323754310608,-27.1369514465332,-28.0660514831543,-26.556001663208,-3.09000015258789,-1.65105009078979,-2.07000017166138,-11.5390501022339,-15.6949510574341,-19.1980514526367,FAN
6.62502479553223,6.01039981842041,4.94285011291504,-8.44181251525879,-7.33438730239868,-5.05161237716675,-2.19106245040894,-1.88966250419617,-1.39397501945496,-13.0020008087158,-22.3560009002686,-27.094051361084,-0.03195000067353,-3.63300013542175,-4.62705039978027,15.1470003128052,6.6259503364563,-3.75495028495789,3.86045002937317,1.730299949646,-2.05892491340637,-2.0014500617981,2.14348745346069,4.80507516860962,-0.76793748140335,0.96896249055862,2.44323754310608,-27.1369514465332,-28.0660514831543,-26.556001663208,-3.09000015258789,-1.65105009078979,-2.07000017166138,-11.5390501022339,-15.6949510574341,-19.1980514526367,-5.35782480239868,-6.74863767623901,-6.65953731536865,5.65193748474121,5.69868755340576,5.28385019302368,2.44406247138977,1.51277494430542,0.76656252145767,-22.5910511016846,-20.7060012817383,-18.7570514678955,-2.72805023193359,-4.49805021286011,-4.18605041503906,-17.4690017700195,-12.1759510040283,-7.82295036315918,-5.96296262741089,-4.93968725204468,-3.74838757514954,4.54863739013672,3.66024994850159,2.93273758888245,0.35997501015663,0.16733749210835,0.03258749842644,-17.5360507965088,-16.0110015869141,-12.9060001373291,-3.18300008773804,-2.86905002593994,-2.33100008964539,-6.6109504699707,-7.89900016784668,-7.81095027923584,-2.19147491455078,-0.86803752183914,0.34801250696182,2.30601239204407,1.64078748226166,0.80299997329712,0.171187505126,0.29878750443459,0.4613125026226,-10.2859506607056,-7.92105054855347,-1.54995012283325,-2.53200006484985,-2.9890501499176,-5.78295040130615,-5.55495023727417,2.05995011329651,23.9320507049561,2.96862506866455,7.05044984817505,6.365149974823,-2.05287504196167,-7.43874979019165,-7.32847499847412,-0.09831249713898,-3.05194997787476,-3.10722494125366,6.50100040435791,-6.09195041656494,-16.1909999847412,-6.22605037689209,-5.03400039672852,4.00395011901855,39.2310028076172,22.3510513305664,-8.19900035858154,5.81652498245239,5.19117498397827,3.07161259651184,-5.36964988708496,-2.57454991340637,2.38988757133484,-2.0064001083374,-0.66879999637604,1.58482503890991,-20.6749515533447,-25.0570507049561,-24.5110511779785,3.30900025367737,-2.3449501991272,-9.45405006408691,-11.9700002670288,-12.2449502944946,-14.2920007705688,-2.01396250724792,-4.5413498878479,-4.68696260452271,6.72732496261597,7.49526262283325,6.73571252822876,2.59049987792969,1.42958748340607,0.1733874976635,-17.1079502105713,-18.2209510803223,-13.0060510635376,-11.2300500869751,-10.5289506912231,-4.72995042800903,-18.8250007629395,-18.0700511932373,-16.0810508728027,-4.06518745422363,-2.22502493858337,-1.83301246166229,5.78077507019043,3.83432507514954,3.11946249008179,-0.57585000991821,-0.6513375043869,0.02433750033379,-15.3720006942749,-15.8650503158569,-10.7440509796143,-3.02505016326904,-1.32300007343292,-0.47805002331734,-12.2670001983643,-10.7220001220703,-8.90295028686523,-1.58083748817444,-0.88591247797012,4.82047510147095,2.41848754882813,1.14207494258881,-5.94632482528687,0.69905000925064,1.31449997425079,1.43110001087189,-9.62100028991699,-7.72905015945435,-6.13695049285889,-0.56400001049042,-1.72995007038116,0.18195000290871,1.00095009803772,18.1090507507324,25.8850517272949,FAN
-2.22502493858337,-1.83301246166229,-1.58083748817444,3.83432507514954,3.11946249008179,2.41848754882813,-0.6513375043869,0.02433750033379,0.69905000925064,-15.8650503158569,-10.7440509796143,-9.62100028991699,-1.32300007343292,-0.47805002331734,-0.56400001049042,-10.7220001220703,-8.90295028686523,1.00095009803772,-0.88591247797012,4.82047510147095,7.04096269607544,1.14207494258881,-5.94632482528687,-9.1992998123169,1.31449997425079,1.43110001087189,-0.21546250581741,-7.72905015945435,-6.13695049285889,-11.7640504837036,-1.72995007038116,0.18195000290871,1.99995005130768,18.1090507507324,25.8850517272949,14.1940507888794,6.76774978637695,4.80246257781982,2.46166253089905,-9.3075122833252,-4.7297248840332,-0.11439999938011,-0.83627498149872,-0.17008750140667,1.09573745727539,-16.6650009155273,-24.8269519805908,-24.0370502471924,2.5530002117157,-3.95205020904541,-5.89305019378662,3.34095025062561,-20.7970504760742,-27.3049507141113,-3.5265998840332,-6.64771223068237,-7.01937484741211,4.93954992294312,6.71041250228882,6.37174987792969,1.8458000421524,0.37468749284744,-0.80189996957779,-21.5250015258789,-22.3849506378174,-21.4030513763428,-5.43900012969971,-5.13000011444092,-4.47105026245117,-26.3119506835938,-20.8909511566162,-16.8610515594482,-6.15285015106201,-4.07976245880127,-2.55516242980957,5.57823753356934,3.57018756866455,1.89364993572235,-1.3199999332428,-1.11622500419617,-0.58162498474121,-19.5810012817383,-17.0359516143799,-7.12800025939941,-3.31995010375977,-5.99400043487549,-9.52095031738281,-13.4370002746582,2.23695015907288,26.3710517883301,0.70248746871948,7.2945122718811,7.14642477035522,-0.91176247596741,-7.98159980773926,-8.34583759307861,-0.09735000133514,-2.53880000114441,-2.31329989433289,5.36205005645752,-12.5710506439209,-22.1410503387451,-7.13595056533813,3.82605028152466,4.11794996261597,39.1980018615723,19.1479511260986,5.22495031356812,5.48253726959229,3.61061239242554,-2.37957501411438,-5.05821228027344,-0.56746250391006,5.71285009384155,-0.71637499332428,0.98972499370575,2.92696237564087,-20.9290504455566,-12.3840007781982,-16.1719512939453,-6.32205009460449,-7.0090503692627,-5.20905017852783,-24.7909507751465,-28.1170520782471,-20.7930011749268,-6.64688730239868,-6.25185012817383,-5.41475009918213,7.33809995651245,6.59532499313354,5.46920013427734,0.25354999303818,-0.59386247396469,-0.77385002374649,-23.9719505310059,-25.7250003814697,-19.8199501037598,-0.5020500421524,-1.8139500617981,-2.75205016136169,-20.0790004730225,-20.8090515136719,-16.3420505523682,-4.65368747711182,-3.16841244697571,-1.81926250457764,4.15635013580322,1.90231251716614,0.49568748474121,-0.54711252450943,0.0314874984324,0.10051249712706,-15.4320011138916,-11.4210004806519,-0.40005001425743,-4.50495004653931,-7.35405015945435,-8.66595077514648,-7.42500019073486,6.59205007553101,26.7330017089844,1.19006252288818,6.80638742446899,8.00167465209961,-1.83892500400543,-6.05866241455078,-8.37278747558594,-0.04248749837279,-1.79217493534088,-3.00066256523132,6.26895046234131,-4.17405033111572,-18.3930015563965,-4.58100032806396,-1.48605012893677,0.94395005702972,35.9370002746582,24.7579517364502,2.82600021362305,FAN
3.72996258735657,-2.53948760032654,-6.42413759231567,0.72448748350143,6.1906623840332,7.53046226501465,1.14482498168945,2.57894992828369,1.0173624753952,-18.3790512084961,-13.8079509735107,-17.4649505615234,-9.59295082092285,-9.12105083465576,-7.43295049667358,-29.4769515991211,-31.3039512634277,-24.2449512481689,-6.97358751296997,-6.32541227340698,-5.30846261978149,6.9933876991272,5.9056248664856,4.77124977111816,-0.44728749990463,-1.02781248092651,-1.06136250495911,-20.8810501098633,-22.0639514923096,-18.82200050354,-4.99995040893555,-4.17705011367798,-4.13100004196167,-16.0759506225586,-13.0039510726929,-11.896050453186,-4.31323766708374,-3.23221254348755,-1.55471253395081,3.76626253128052,2.3897500038147,0.51026248931885,-0.856625020504,-0.32766249775887,0.35722500085831,-15.7429504394531,-13.2409505844116,2.17994999885559,-5.06295013427734,-7.33500051498413,-8.80995082855225,-7.73895025253296,2.16300010681152,17.601001739502,4.69947481155396,7.23868751525879,7.42692518234253,-4.64557504653931,-9.03649997711182,-10.5137996673584,-1.43165004253387,-3.4435498714447,-2.97563743591309,4.171950340271,-4.588050365448,-11.1220502853394,-0.30795001983643,1.87305009365082,-1.62900006771088,23.5819511413574,20.3620510101318,10.9879503250122,6.47583723068237,5.49051237106323,-0.99715000391006,-9.4518871307373,-7.89071226119995,3.66973757743835,-2.06964993476868,-1.33443748950958,4.79228734970093,-12.1849508285522,-19.3060512542725,-31.1689510345459,-2.46495008468628,-2.31900000572205,-0.27195000648499,-1.11195003986359,-11.94105052948,-27.3390007019043,-5.34531259536743,-5.50715017318726,-4.70593738555908,7.35212516784668,7.47504997253418,6.16068744659424,4.41306257247925,1.86216247081757,1.21329998970032,-33.7579498291016,-23.053050994873,-16.4730014801025,-1.5619500875473,-7.20600032806396,-9.528000831604,-31.85205078125,-15.528000831604,-0.48195001482964,-3.66423749923706,-2.32402491569519,-0.27169999480247,4.6151876449585,2.94304990768433,0.69080001115799,0.70221251249313,0.18342499434948,-0.57749998569489,-10.6650009155273,2.64705014228821,13.2360010147095,-10.2940502166748,-8.33100032806396,-2.0550000667572,9.91095066070557,23.1799507141113,31.6579513549805,6.91336250305176,6.33366250991821,5.46837520599365,-9.3257999420166,-9.74366283416748,-8.3466625213623,-4.75186252593994,-3.8643000125885,-2.85780000686646,-2.93805003166199,-9.62100028991699,-16.8469505310059,-3.23100018501282,-4.44300031661987,-5.60595035552979,21.0700511932373,11.90505027771,2.0550000667572,4.4985876083374,2.97604990005493,-0.07521250098944,-5.84705018997192,-1.34640002250671,4.4985876083374,-1.8654625415802,-0.32243749499321,2.04696249961853,-23.8909511566162,-28.3470020294189,-30.5970020294189,-4.92900037765503,-3.76500010490417,-3.56100010871887,-7.82505035400391,-18.5659503936768,-26.0740509033203,-3.89840006828308,-6.06237506866455,-6.21197509765625,7.49251222610474,7.7998251914978,5.8807373046875,3.26796245574951,2.87402486801147,1.44347500801086,-33.2980499267578,-31.9429512023926,-20.0860500335693,-4.48095035552979,-5.56095027923584,-7.94505023956299,-28.1380519866943,-25.1070003509521,-9.71205043792725,FAN
3.40271258354187,-0.77013748884201,-3.67276239395142,-2.1900999546051,4.72312498092651,6.81284999847412,-0.8925125002861,1.44539999961853,2.24344992637634,-31.5409507751465,-32.3830528259277,-32.4649505615234,-10.7389507293701,-10.3470001220703,-13.1820001602173,-42.411003112793,-47.941951751709,-34.8810005187988,-7.03683757781982,-6.81216239929199,-6.06484985351563,6.72663736343384,5.61233758926392,4.51357507705688,1.15417504310608,0.41731250286102,-0.0299750007689,-25.2820510864258,-18.1420516967773,-13.9690504074097,-12.693000793457,-10.1940002441406,-7.96905040740967,-17.2830009460449,-4.50705003738403,1.75095009803772,-4.78568744659424,-2.48971247673035,1.15486252307892,3.39019989967346,1.8046875,0.25134998559952,-0.07053750008345,0.20391249656677,0.51108747720718,-11.6509504318237,-2.69700002670288,8.46000003814697,-7.56900024414063,-4.38495016098022,2.42295002937317,7.84200048446655,14.413950920105,22.9759502410889,6.24978733062744,9.04502487182617,8.48594951629639,-3.15961241722107,-8.08953762054443,-9.83454990386963,-0.61902499198914,-2.52422499656677,-2.02606248855591,8.63895034790039,1.52805006504059,-6.77595043182373,3.54600024223328,2.0350501537323,-1.55505001544952,25.4710502624512,23.0070018768311,17.1529502868652,7.18932485580444,5.68438768386841,3.59851241111755,-9.08104991912842,-7.3639497756958,-3.32131242752075,-1.05998754501343,-0.37468749284744,0.07796250283718,-14.0670003890991,-21.726001739502,-28.5450019836426,-6.65700054168701,-10.6750507354736,-12.3030004501343,4.39695024490356,-20.7280502319336,-47.0800514221191,-2.12162494659424,-5.83893728256226,-5.44912481307983,7.42665004730225,9.62953758239746,8.00456237792969,1.28823745250702,0.80355000495911,0.36492499709129,-32.2060508728027,-21.5680503845215,-18.2470512390137,-13.288950920105,-9.85095024108887,-8.48400020599365,-49.4689521789551,-15.9490509033203,-1.49505007266998,-4.77400016784668,-2.23877501487732,0.85676246881485,6.31688737869263,2.31660008430481,-1.46822500228882,0.12732499837875,0.25162500143051,0.87271249294281,-12.1800003051758,3.78105020523071,3.61905026435852,-5.69205045700073,4.91805028915405,6.66795015335083,6.41295051574707,20.1370506286621,25.6720504760742,6.94402503967285,8.27887535095215,6.04670000076294,-7.94584989547729,-10.7694120407104,-8.86600017547607,0.66165000200272,-0.03217500075698,0.43752500414848,-1.5040500164032,-6.25005006790161,-11.3380508422852,5.48295021057129,2.30400013923645,-5.47395038604736,26.7810020446777,22.090051651001,1.55505001544952,4.59635019302368,2.35812497138977,-3.71112489700317,-6.49687480926514,-2.6273500919342,6.77077484130859,0.61902499198914,0.66646248102188,0.08731249719858,-14.8830003738403,-18.9300003051758,-22.1430015563965,-8.79300022125244,-10.8450002670288,-12.0300006866455,-11.1409502029419,-24.0420017242432,-32.1199531555176,-5.13026237487793,-5.77348756790161,-5.02658748626709,8.94973754882813,10.2602500915527,9.57453727722168,-0.47134998440742,-1.14427495002747,-1.21426248550415,-20.6299514770508,-18.7219505310059,-16.6240501403809,-12.6000003814697,-13.0240507125854,-10.4670009613037,-33.7120513916016,-28.8730506896973,-22.1890506744385,FAN
2.14637494087219,-2.74009990692139,-3.87529993057251,-4.29013729095459,4.26318740844727,7.67373752593994,2.98388743400574,1.80743753910065,-0.71665000915527,-15.4270505905151,-16.1070003509521,-15.5779504776001,-5.87895011901855,-6.6670503616333,-7.08795022964478,-32.6830520629883,-35.0839500427246,-27.7170009613037,-3.2163999080658,-2.41724991798401,-1.76989996433258,7.78249979019165,7.01676225662231,6.1269998550415,-1.53931248188019,-1.73566246032715,-1.65838754177094,-15.8290510177612,-12.0970506668091,-8.05995082855225,-7.74195051193237,-6.52995014190674,-5.74995040893555,-19.3060512542725,-11.3980503082275,-0.70695000886917,-0.72916251420975,0.18122500181198,1.64752495288849,4.00551271438599,1.83081245422363,-2.65388751029968,-1.4276624917984,-1.43453752994537,-1.48541247844696,-1.80795013904572,3.99405026435852,3.80805015563965,-2.45505023002625,4.01295042037964,7.94205045700073,10.3660507202148,20.7619514465332,26.2950019836426,4.56747484207153,5.49697494506836,5.23228740692139,-12.8936500549316,-14.2511873245239,-13.2796125411987,0.11481250077486,1.09889996051788,1.1308000087738,-5.88105010986328,-10.5979509353638,-11.3590507507324,3.90105009078979,-0.13500000536442,-4.23405027389526,24.6670513153076,17.6490001678467,7.18095016479492,3.93208742141724,2.6313374042511,0.21738749742508,-9.47237491607666,-5.83687496185303,0.75528746843338,0.9481999874115,0.62865000963211,-0.1205874979496,-16.6699504852295,-25.0380020141602,-28.1380519866943,-9.1069507598877,-12.3600006103516,-12.2340002059937,-5.68200016021729,-21.2140502929688,-36.6070518493652,-1.93957495689392,-2.22598743438721,-1.56585001945496,7.42087507247925,9.58154964447022,9.26035022735596,-0.99838751554489,-1.07648754119873,-0.72600001096725,-30.7860012054443,-28.642951965332,-23.5120506286621,-12.3100509643555,-12.1810503005981,-11.2660503387451,-40.6050033569336,-34.4230499267578,-22.7700004577637,-1.04884994029999,-0.55522501468658,-0.17325000464916,8.18344974517822,6.78301239013672,5.26900005340576,-0.43999999761581,-0.20817500352859,-0.15317499637604,-19.0090503692627,-14.5050010681152,-10.0710000991821,-10.3060503005981,-8.43105030059814,-6.24495029449463,-9.68100070953369,-0.64500004053116,7.6360502243042,0.39283749461174,0.78017497062683,1.08088743686676,3.29326248168945,0.34979999065399,-5.77417516708374,-0.30401250720024,-0.9315624833107,-1.38489997386932,-1.57395005226135,5.26095008850098,5.04300022125244,-2.04105019569397,2.96400022506714,5.22495031356812,16.3439998626709,24.6790504455566,29.0359516143799,1.46203744411469,2.42123746871948,2.67286252975464,-12.85817527771,-13.0249624252319,-11.1109628677368,0.89869999885559,2.06360006332397,2.00612497329712,-4.66200017929077,-9.46995067596436,-12.2500505447388,2.09505009651184,-0.54195004701614,-3.13005018234253,24.6949520111084,14.6590509414673,3.06300020217896,2.51239991188049,1.76508748531342,-0.51796251535416,-8.72973728179932,-5.1976375579834,1.12639999389648,1.59720003604889,1.17191255092621,1.13478744029999,-15.9700508117676,-18.3070507049561,-20.97705078125,-5.48205041885376,-5.88105010986328,-5.87205028533936,-8.95095062255859,-20.6490001678467,-26.7930011749268,FAN
-0.35199999809265,9.06578731536865,8.0558500289917,-6.71343755722046,-16.4434871673584,-13.203987121582,4.24572515487671,1.64614999294281,1.28782498836517,2.02605009078979,-1.58805012702942,-9.78105068206787,1.42695009708405,3.06300020217896,2.74695014953613,3.25695013999939,2.02395009994507,-3.98505020141602,5.75409984588623,-6.51832485198975,-5.18416261672974,-2.69554996490479,9.95472526550293,9.61276245117188,5.19667482376099,3.77465009689331,-1.68519997596741,-19.6960506439209,-22.4689502716064,-18.2160015106201,1.66395008563995,0.90795004367828,-1.74405002593994,-12.4270505905151,-22.8540019989014,-22.8349514007568,-4.07824993133545,-3.11808753013611,-2.11186242103577,8.16887474060059,6.69899988174438,5.150475025177,-2.09990000724792,-2.13523745536804,-2.14678740501404,-13.1359510421753,-3.07995009422302,12.2620506286621,-2.82405018806458,-5.5339503288269,-2.76900005340576,-12.3889503479004,5.94795036315918,24.1930503845215,-0.96964997053146,2.69266247749329,5.62567520141602,3.52096247673035,-4.10629987716675,-15.1320123672485,-2.19697499275208,-3.08412504196167,-4.92910003662109,13.5190505981445,3.97095012664795,-19.7269515991211,1.35300004482269,-0.39405003190041,-8.33805084228516,34.6819534301758,33.4660530090332,16.4179515838623,4.51068735122681,3.18779993057251,1.77003753185272,-12.4386625289917,-8.56666278839111,-3.49580001831055,-3.89867496490479,-2.95143747329712,-2.056725025177,-31.9090518951416,-34.5240020751953,-31.5720024108887,-12.1810503005981,-13.1629505157471,-11.4169502258301,-2.56500005722046,-22.5289516448975,-37.9530029296875,-0.56636250019073,-2.65966248512268,-3.60923743247986,3.59823751449585,7.40726232528687,7.77589988708496,-0.63951247930527,0.10133749991655,0.09721250087023,-30.4510517120361,-28.4490013122559,-25.7890510559082,-10.8259506225586,-11.0749502182007,-10.6630506515503,-41.2590026855469,-33.1069526672363,-18.0319499969482,-3.82208752632141,-3.47187495231628,-2.5841748714447,6.99586248397827,5.87991237640381,4.50381231307983,-0.10161250084639,-0.23732499778271,-0.256437510252,-21.4320011138916,-15.8460006713867,-6.98205041885376,-9.12795066833496,-8.85000038146973,-9.35295009613037,-5.40495014190674,3.13005018234253,11.778000831604,-0.96992498636246,1.4166624546051,4.43410015106201,2.58596253395081,-0.71101248264313,-7.44727516174316,-0.35942500829697,-1.20917499065399,-2.94854998588562,7.4089503288269,14.0239505767822,12.5779504776001,-6.45600032806396,-2.76405024528503,1.2520500421524,24.1350002288818,33.4249534606934,31.4710521697998,5.24644994735718,4.8703875541687,4.2594747543335,-12.3645496368408,-11.8273372650146,-9.52655029296875,-2.34739995002747,-1.26651251316071,-0.55082499980927,-5.3779501914978,-18.6540012359619,-28.7419509887695,-2.52000021934509,-3.44895005226135,-3.36300015449524,19.9069499969482,7.20300054550171,-6.22800016403198,3.06844997406006,0.97184997797012,-2.19051241874695,-3.38415002822876,3.18683743476868,7.73740005493164,0.61159998178482,2.08271241188049,2.69101238250732,-33.517951965332,-32.2200012207031,-26.8069515228271,-5.11500024795532,-7.30095052719116,-8.95605087280273,-18.0130500793457,-27.9850521087646,-34.2850532531738,FAN
6.25776243209839,5.505774974823,4.74017477035522,-10.8395376205444,-8.55882453918457,-4.72051239013672,-0.40259999036789,0.13997499644756,0.97927498817444,-15.8869504928589,-23.2680015563965,-26.2369518280029,0.16995000839233,-2.44995021820068,-5.52705049514771,1.83705008029938,-9.8100004196167,-17.9959506988525,2.05081248283386,-2.14087510108948,-3.46527504920959,2.29322504997253,8.00621223449707,9.34340000152588,2.38177490234375,1.7771874666214,0.38376250863075,-25.878002166748,-24.4530010223389,-21.0730514526367,-8.2300500869751,-11.1610507965088,-12.0520505905151,-24.6690006256104,-27.9589519500732,-25.5550518035889,-3.51243758201599,-3.0327000617981,-2.32017493247986,8.92182540893555,7.77479982376099,6.41629981994629,-0.50627499818802,-0.96359997987747,-1.21838748455048,-17.742000579834,-15.0990009307861,-10.3560009002686,-10.581000328064,-9.05205059051514,-7.68705034255981,-17.1490516662598,-7.588050365448,-0.5059500336647,-1.59568750858307,-0.61723750829697,3.16291236877441,5.03992509841919,3.48012495040894,-9.91911220550537,-1.43082499504089,-1.72218751907349,-3.44932508468628,-2.48805022239685,9.528000831604,-0.39600002765656,-5.86995029449463,-1.78695011138916,1.56405007839203,7.41600036621094,21.564001083374,27.3430519104004,4.55083751678467,4.49625015258789,1.92225003242493,-13.5601119995117,-11.2755498886108,-2.52463746070862,-0.52029997110367,0.53336250782013,1.00759994983673,-16.1449508666992,-26.8860015869141,-30.7099514007568,-1.81605005264282,-5.36700010299683,-14.8600511550903,16.7770500183105,0.50295001268387,-37.8709526062012,-0.51411247253418,-2.83689999580383,-3.6790874004364,4.70002508163452,8.44428730010986,8.63665008544922,0.86611247062683,0.69602501392365,0.23278750479221,-29.3160018920898,-27.1450519561768,-25.9710006713867,-15.1620006561279,-14.1870002746582,-12.621000289917,-43.8859519958496,-36.0850524902344,-18.8010005950928,-3.55877494812012,-1.90987503528595,-1.10989999771118,6.97620010375977,3.84697508811951,2.77007508277893,-0.38898751139641,-0.38252499699593,-0.28104999661446,-22.6069507598877,-5.32305002212524,8.78295040130615,-9.56895065307617,-4.300950050354,2.80200004577637,-3.25905013084412,21.2790012359619,32.5390510559082,3.61308741569519,6.35263729095459,6.1741623878479,-3.50047492980957,-9.82575035095215,-11.6608247756958,-0.28984999656677,-0.82829999923706,-0.1922249943018,10.1809501647949,1.24095010757446,-7.48005056381226,4.89900016784668,2.43795013427734,-1.32300007343292,36.4470024108887,29.920051574707,17.1220512390137,5.32152509689331,4.38693761825562,0.76174998283386,-10.7236251831055,-8.9522123336792,1.02368748188019,0.25162500143051,0.37235000729561,-0.007012499962,-13.3300504684448,-20.6629505157471,-29.0670013427734,-5.30700016021729,-8.72595024108887,-11.1540002822876,4.2940502166748,-7.53795051574707,-32.9320526123047,-3.09361243247986,-5.05436229705811,-5.24507474899292,8.42710018157959,10.0984125137329,9.17729949951172,0.49032500386238,0.31391251087189,0.02516249939799,-31.5840015411377,-29.4360008239746,-25.605001449585,-12.363000869751,-11.7360010147095,-10.1119508743286,-37.9650001525879,-30.810001373291,-17.4769515991211,FAN
6.46992492675781,3.27291250228882,-0.21807499229908,-8.6044750213623,0.69877499341965,5.68273735046387,-1.42147493362427,0.0757625028491,0.33329999446869,-19.0039501190186,-30.6000022888184,-34.2289505004883,-1.36305010318756,-13.006950378418,-17.0320510864258,0.30495002865791,-15.8940010070801,-24.0730514526367,-3.73491239547729,-5.92858743667603,-6.28512477874756,7.61942481994629,7.69010019302368,6.84598731994629,0.06586249917746,-0.4160749912262,-0.79667496681213,-26.4570007324219,-22.8469505310059,-21.0970516204834,-11.4889507293701,-6.37695026397705,-4.80195045471191,-28.9020004272461,-25.4040012359619,-16.2960014343262,-5.14965009689331,-3.96288752555847,-2.55777502059937,4.76822519302368,3.84559988975525,2.56643748283386,-0.9121749997139,-0.49321249127388,0.22756250202656,-18.4099502563477,-16.8949508666992,-10.300950050354,-5.41500043869019,-4.99995040893555,-3.48000025749207,-2.87595009803772,5.5339503288269,12.8410501480103,2.09247493743896,5.22431230545044,6.60412502288818,-2.99076247215271,-7.23607492446899,-9.84403705596924,1.0451375246048,0.64941251277924,-0.21779999136925,5.52405023574829,2.44500017166138,-6.38400030136108,7.19505023956299,6.75900030136108,2.47395014762878,25.4059505462646,26.2110004425049,19.1569499969482,5.23764991760254,4.28779983520508,2.28854990005493,-8.16337490081787,-5.05546236038208,0.83613747358322,-0.41923749446869,-0.14492499828339,0.33646249771118,-21.939001083374,-28.3270511627197,-31.2870006561279,-5.67105007171631,-9.19305038452148,-11.3170509338379,-7.90905046463013,-20.8450508117676,-28.6720504760742,-2.23258757591248,-4.8596625328064,-5.48377513885498,6.95392513275146,8.51894950866699,7.90542507171631,0.42556250095367,-0.46103748679161,-1.04362499713898,-33.1260032653809,-27.7410011291504,-22.0780506134033,-13.4670009613037,-12.1350002288818,-8.58195018768311,-33.175952911377,-25.9380016326904,-14.3449506759644,-5.24026250839233,-4.62467479705811,-3.63054990768433,6.65898752212524,5.17288732528687,3.46582508087158,-1.21563744544983,-1.17713749408722,-0.91011250019073,-17.7930011749268,-12.9490509033203,-4.70100021362305,-5.7330002784729,-3.36705017089844,1.30305004119873,-3.3360002040863,8.56305027008057,20.6179504394531,-1.90341246128082,1.65673744678497,6.35277509689331,1.1978999376297,-3.09361243247986,-8.20380020141602,-0.25148749351501,0.89237499237061,0.56333750486374,0.14699999988079,-0.14699999988079,-7.95705032348633,5.78205013275146,6.48900032043457,3.92205023765564,27.4099521636963,27.1470012664795,21.351001739502,7.01208734512329,6.30712509155273,3.85591244697571,-9.4602746963501,-8.47976207733154,-2.55626249313354,-0.1727000027895,-0.40342500805855,-0.21670000255108,-12.985050201416,-17.4139499664307,-27.9079513549805,1.15200006961823,-2.64900016784668,-12.7219505310059,14.3040008544922,4.47105026245117,-19.135950088501,-1.5827624797821,-6.68002510070801,-6.76568746566772,4.78871250152588,6.81986236572266,6.1608247756958,0.23209999501705,-1.28699994087219,-1.73607504367828,-29.9580020904541,-22.2030010223389,-17.7490501403809,-15.082950592041,-10.5240001678467,-5.17005014419556,-27.7860012054443,-26.0770511627197,-15.4060506820679,FAN
8.93585014343262,8.40138721466064,7.06296253204346,-8.34226226806641,-7.77301263809204,-5.94508743286133,0.71926248073578,-0.08538749814034,-0.41387498378754,-11.8860006332397,-16.582950592041,-24.8410511016846,2.48805022239685,-3.12105011940002,-9.81300067901611,15.5680503845215,9.49605083465576,-3.75705027580261,4.85292482376099,-5.31781244277954,-8.20256233215332,-2.26902508735657,5.1415376663208,5.85956239700317,-0.43587499856949,0.01237499993294,-0.94462502002716,-29.2009506225586,-30.8149509429932,-28.476001739502,-13.4620504379272,-10.581000328064,-8.01000022888184,-17.9340000152588,-34.3300514221191,-30.3870010375977,-8.38791275024414,-6.20537519454956,-4.63017511367798,5.76977491378784,4.18618726730347,2.95954990386963,-1.57753753662109,-1.3556125164032,-0.77866250276566,-24.8050518035889,-19.8490505218506,-11.3350505828857,-7.22895050048828,-8.12700080871582,-4.72005033493042,-16.6339511871338,5.86200046539307,14.0890502929688,-2.80142498016357,-0.19016249477863,8.02945041656494,1.26087498664856,-1.51304996013641,-8.57779979705811,-0.14409999549389,0.41029998660088,-1.08294999599457,-3.85995006561279,4.16700029373169,-7.76295042037964,-1.05195009708405,6.08205032348633,3.50595021247864,19.9500007629395,26.8050022125244,23.7400512695313,8.03934955596924,7.2294750213623,4.09200000762939,-8.86916255950928,-7.86211252212524,-1.74239993095398,-1.7627500295639,-1.67530000209808,-0.66715002059937,-13.2240009307861,-20.4450016021729,-35.4769515991211,0.55305004119873,-4.98105001449585,-18.5740509033203,17.6680507659912,8.15295028686523,-25.2769508361816,0.05128749832511,-4.27295017242432,-7.12690019607544,3.87447500228882,6.93852519989014,7.14573764801025,0.16018749773502,0.23773749172688,-0.50586247444153,-33.3870010375977,-29.2830009460449,-28.1380519866943,-14.7430505752563,-9.85800075531006,-9.02295017242432,-35.230052947998,-36.7360534667969,-24.8059520721436,-7.10352516174316,-6.07158756256104,-5.54977512359619,6.76953744888306,5.16505002975464,4.60226249694824,-0.72159999608994,-0.83283752202988,-0.73672497272491,-23.7850513458252,-20.2870502471924,-15.199951171875,-8.07000064849854,-7.213050365448,-5.95605039596558,-11.1220502853394,-0.43395000696182,9.33600044250488,-3.24664998054504,-1.14069998264313,2.57688736915588,2.34588742256165,0.03616249933839,-3.84917497634888,0.05156249925494,0.68296247720718,1.49531245231628,-6.77205038070679,0.82005006074905,1.54005002975464,-0.33405002951622,7.45800018310547,11.3610010147095,15.5179510116577,19.9309501647949,22.92405128479,7.07135009765625,8.53146266937256,7.91491222381592,-7.44150018692017,-9.10841274261475,-8.28629970550537,1.15651249885559,-0.08249999582767,-0.35777500271797,-5.63400030136108,-11.3040008544922,-14.9269504547119,8.14305019378662,3.6540002822876,-1.08600008487701,21.4990501403809,17.0770511627197,9.36705017089844,6.89603757858276,5.23435020446777,1.47262501716614,-6.75138759613037,-3.4867250919342,2.19339990615845,-0.35516250133514,-0.12251249700785,0.02969999983907,-21.2520008087158,-25.6860008239746,-27.8370018005371,-9.60900020599365,-16.6489505767822,-17.4670505523682,-5.1889500617981,-21.0079517364502,-31.7370014190674,FAN
0.17971250414848,0.08758749812841,0.09075000137091,-4.75117492675781,-3.85013747215271,-3.21475005149841,1.83163750171661,2.01286244392395,1.99086248874664,-3.20205020904541,-2.51700019836426,-3.65895009040833,3.60600018501282,3.56505012512207,2.94000005722046,10.5040502548218,10.4350509643555,12.4150505065918,-0.18878750503063,-0.21587499976158,-0.44701248407364,-2.52546238899231,-2.02922487258911,-1.27297496795654,0.64996248483658,0.35144999623299,-0.35694998502731,-3.6540002822876,-4.60695028305054,-5.56695032119751,1.41495001316071,0.92400002479553,0.20100000500679,11.3760004043579,8.18895053863525,6.24705028533936,-0.50861251354218,-0.72888749837875,-0.95947498083115,-0.61930000782013,0.45210000872612,1.98549997806549,-0.90777498483658,-1.29043745994568,-1.36784994602203,-6.74295043945313,-8.41200065612793,-9.81495094299316,-0.86505001783371,-0.90900003910065,-2.37900018692017,3.62805008888245,1.57905006408691,-1.24305009841919,-1.41047501564026,-2.0017249584198,-2.26228737831116,4.18742513656616,6.91157484054565,9.14099979400635,-1.56640005111694,-2.24537491798401,-3.14641237258911,-9.23295021057129,-10.8349504470825,-5.89095020294189,-4.62000036239624,-6.94200038909912,-10.9770002365112,-5.64600038528442,-10.1959505081177,-17.2830009460449,-2.25596237182617,-0.56182497739792,0.89938747882843,10.8883495330811,13.2691621780396,14.1182250976563,-4.17780017852783,-3.36380004882813,-1.29085004329681,4.19295024871826,10.900050163269,11.4240007400513,-8.45505046844482,0.98895007371902,-1.52595007419586,-20.4529514312744,-5.47200012207031,15.6450004577637,3.70479989051819,-7.60361242294312,-5.21496248245239,16.2841243743896,21.7952632904053,19.4404373168945,3.13816237449646,9.4001874923706,6.09179973602295,21.3700504302979,23.8459510803223,10.7989501953125,-4.28894996643066,2.55000019073486,-2.28000020980835,38.7349510192871,31.183952331543,25.7509517669678,-1.87604999542236,1.71847498416901,1.72617495059967,17.4349994659424,12.6472501754761,10.4317121505737,5.03071260452271,4.71308755874634,4.1281623840332,-0.62100005149841,-2.09100008010864,-2.77995014190674,-4.11405038833618,-1.32000005245209,-1.17405009269714,17.4649505615234,-3.5110502243042,-6.51300048828125,1.32288753986359,-0.50393748283386,-10.1294870376587,8.91989994049072,9.45724964141846,15.1932001113892,4.02930021286011,6.63740015029907,11.3702878952026,-3.09405016899109,-4.08300018310547,-15.5560503005981,-1.09305000305176,-1.6270500421524,-1.09995007514954,-7.80795049667358,-7.12095022201538,-1.13595008850098,-6.68126249313354,-3.8431248664856,-1.65563750267029,21.7152366638184,17.9298629760742,8.7950496673584,9.06344985961914,8.12061214447021,5.44692516326904,-17.2300510406494,-8.31105041503906,-4.85895013809204,-1.48800003528595,-0.82500004768372,-2.77095007896423,-0.97305005788803,2.64195013046265,6.77400016784668,-0.47506248950958,0.77123749256134,2.0934374332428,4.67967510223389,1.23433744907379,-2.00502490997314,4.12472486495972,2.92256259918213,1.06658744812012,-3.27795004844666,-1.18800008296967,-5.8690505027771,-2.76705002784729,-2.06505012512207,-2.40495014190674,9.80505084991455,13.8229503631592,7.12605047225952,FAN
-0.46337500214577,-1.00526249408722,0.22976249456406,1.77361249923706,4.83202505111694,6.02112483978271,3.04741239547729,2.64096260070801,3.12001252174377,4.4520001411438,8.44799995422363,15.9780006408691,-1.22205007076263,1.62405002117157,4.0969500541687,-7.28205013275146,7.97805023193359,5.95800018310547,2.78231239318848,3.0696873664856,3.68225002288818,8.33854961395264,-15.0192623138428,-11.8403997421265,15.0354871749878,-8.46518707275391,-3.19549989700317,21.7939510345459,21.3750019073486,15.0750007629395,0.23295001685619,3.15105009078979,2.15805006027222,14.1409502029419,29.7430515289307,29.5530014038086,4.34321260452271,3.95683741569519,3.511887550354,-8.49983787536621,-6.46896266937256,-4.72944974899292,1.04582500457764,2.20398759841919,2.91995000839233,12.3790502548218,12.4459505081177,12.8010005950928,2.15505003929138,2.9239501953125,-0.34605002403259,23.6749515533447,16.8880500793457,6.09900045394897,2.75659990310669,2.20756244659424,-0.26771250367165,-3.3130624294281,-3.00327491760254,-3.2153000831604,2.61511254310608,1.99210000038147,-0.87697499990463,4.69095039367676,-9.64200019836426,-20.0790004730225,-2.11005020141602,-4.43295001983643,-8.33295059204102,-5.3449501991272,-19.1550006866455,-29.3239517211914,-17.5507755279541,-8.01047515869141,-3.80448746681213,-13.2232370376587,-22.4312000274658,-15.6578121185303,7.78401231765747,2.7007749080658,-2.03046250343323,-19.9930515289307,-8.71095085144043,41.368953704834,-4.68000030517578,2.02095007896423,10.3200006484985,-34.8450012207031,-33.3240013122559,5.57205009460449,-5.9844126701355,-8.66593742370605,-8.42572498321533,-8.7847375869751,-0.05981250107288,6.61980009078979,2.17483758926392,3.48507499694824,0.19896249473095,48.9930038452149,33.2670021057129,24.2310009002686,-0.85800004005432,-4.03995037078857,5.34705018997192,29.3380508422852,32.4739532470703,37.9380035400391,3.77918744087219,8.33566284179688,8.1819372177124,10.2651996612549,8.90559959411621,7.68171262741089,-1.83961248397827,0.34759998321533,1.63102495670319,13.9260005950928,9.09405040740967,5.12895011901855,-1.35600006580353,-0.97995007038116,-0.60000002384186,17.4479999542236,5.77605009078979,-2.17695021629334,5.49023723602295,-4.55716228485107,-8.62867450714111,5.41956233978271,1.41583752632141,-15.8111248016357,0.78072500228882,-2.44708752632141,7.04206228256226,-13.1809501647949,-20.9170513153076,-17.6800498962402,-3.11805009841919,-4.1380500793457,-5.58495044708252,-26.5050010681152,-36.2530517578125,-27.2640018463135,-4.19237518310547,-3.62477493286133,-4.02201271057129,-17.3522243499756,-13.5282125473022,-8.37278747558594,1.91647493839264,0.68296247720718,2.21374988555908,10.2049503326416,32.1420021057129,43.2900009155273,2.06205010414124,3.46500015258789,0.0430500023067,-18.7579517364502,-2.83305025100708,17.0670013427734,-4.97268724441528,-5.91208744049072,4.38556241989136,-1.92142498493195,6.32940006256104,10.6819620132446,3.8836874961853,0.95246249437332,-2.10649991035461,45.5640029907227,26.4700508117676,20.9029502868652,4.51800012588501,-0.03195000067353,-0.9300000667572,32.8069534301758,45.2479515075684,24.1260013580322,FAN
-8.62867450714111,-4.19237518310547,-3.62477493286133,-15.8111248016357,-17.3522243499756,-13.5282125473022,7.04206228256226,1.91647493839264,0.68296247720718,-17.6800498962402,10.2049503326416,32.1420021057129,-5.58495044708252,2.06205010414124,3.46500015258789,-27.2640018463135,-18.7579517364502,-2.83305025100708,-4.02201271057129,-4.97268724441528,-5.91208744049072,-8.37278747558594,-1.92142498493195,6.32940006256104,2.21374988555908,3.8836874961853,0.95246249437332,43.2900009155273,45.5640029907227,26.4700508117676,0.0430500023067,4.51800012588501,-0.03195000067353,17.0670013427734,32.8069534301758,45.2479515075684,4.38556241989136,8.16626262664795,8.46944999694824,10.6819620132446,9.06303787231445,7.72117519378662,-2.10649991035461,-0.598537504673,0.51150000095367,20.9029502868652,20.7090015411377,17.2440013885498,-0.9300000667572,0.76605004072189,1.76205003261566,24.1260013580322,15.6330003738403,1.36305010318756,4.83312511444092,-4.12087488174438,-10.3191003799438,5.00541257858276,1.55347502231598,-7.42500019073486,0.02859999984503,-3.13788747787476,1.64999997615814,-3.79995012283325,-17.1270008087158,-23.2660503387451,-2.89800024032593,-6.30000019073486,-5.30700016021729,-27.3600006103516,-43.4640007019043,-30.6070518493652,-6.24593734741211,-2.42371249198914,-2.50167489051819,-13.8091249465942,-14.479024887085,-7.66012477874756,3.60566258430481,-0.83324998617172,0.13241249322891,-6.82200050354004,13.021050453186,53.4940528869629,0.67500001192093,4.03500032424927,-4.23705005645752,-25.8019504547119,-18.6349506378174,24.9420013427734,-5.47359991073608,0.51878750324249,6.07089996337891,3.83528757095337,10.6437377929688,9.68316268920898,2.84047508239746,-1.25812494754791,-0.49376249313354,50.5390510559082,17.826000213623,13.0780506134033,-2.17500019073486,1.24800002574921,-2.10300016403198,47.0800514221191,30.3790512084961,11.4810009002686,8.14453792572021,7.66342496871948,6.61237478256226,8.18166255950928,6.8585000038147,5.86588764190674,0.87064999341965,1.40855002403259,1.17809998989105,9.68100070953369,4.37295007705688,-14.1130504608154,-1.14795005321503,0.7540500164032,-1.78500008583069,-3.30195021629334,-13.3129510879517,-34.9050025939941,0.01608750037849,-8.90546226501465,-4.44716262817383,3.52550005912781,-12.4231252670288,-15.6587753295898,-2.12396240234375,4.95522499084473,3.50858759880066,-17.1840000152588,-13.6819505691528,2.78295016288757,-3.52800011634827,-5.17500019073486,-1.17900002002716,-32.1510009765625,-19.6290016174316,-15.5710506439209,-2.8891499042511,-3.02087497711182,-4.15469980239868,-13.7061376571655,-9.89601230621338,-4.3935375213623,0.86377501487732,0.9648374915123,2.3365375995636,23.5080013275146,39.3840026855469,37.4239501953125,4.52295017242432,7.57605028152466,2.52405023574829,-4.4370002746582,15.6160507202148,36.2170524597168,-5.64739990234375,-0.66288751363754,5.35383749008179,6.59340000152588,11.8502998352051,10.9734621047974,0.426662504673,-2.30106258392334,-1.91097497940063,26.1109504699707,24.4420509338379,21.4489517211914,3.07695007324219,3.42405009269714,1.91805005073547,42.2239532470703,34.3320007324219,25.5379505157471,FAN
-4.44716262817383,-2.8891499042511,-3.02087497711182,-15.6587753295898,-13.7061376571655,-9.89601230621338,3.50858759880066,0.86377501487732,0.9648374915123,2.78295016288757,23.5080013275146,39.3840026855469,-1.17900002002716,4.52295017242432,7.57605028152466,-15.5710506439209,-4.4370002746582,15.6160507202148,-4.15469980239868,-5.64739990234375,-0.66288751363754,-4.3935375213623,6.59340000152588,11.8502998352051,2.3365375995636,0.426662504673,-2.30106258392334,37.4239501953125,26.1109504699707,24.4420509338379,2.52405023574829,3.07695007324219,3.42405009269714,36.2170524597168,42.2239532470703,34.3320007324219,5.35383749008179,9.02495002746582,8.875075340271,10.9734621047974,9.23381233215332,7.76132488250732,-1.91097497940063,-0.3091000020504,0.82651251554489,21.4489517211914,16.2289505004883,11.532000541687,1.91805005073547,-0.79800003767014,-1.57200002670288,25.5379505157471,10.8730506896973,1.2720000743866,7.5255126953125,-2.21924996376038,-10.140625,6.5330376625061,1.94576251506805,-6.04587507247925,1.35905003547668,-3.18298745155334,-0.79062497615814,9.4750509262085,-7.14000034332275,-18.7720508575439,0.70695000886917,-1.76805007457733,-4.11899995803833,-4.71495008468628,-40.2199516296387,-39.6049537658691,-6.80391263961792,-2.10306239128113,-0.91918748617172,-13.7435369491577,-15.1282997131348,-9.21951198577881,3.39459991455078,-0.29493749141693,-1.56433749198914,-16.6099510192871,3.85605025291443,58.6320037841797,-3.65700006484985,-0.60705000162125,7.88505029678345,-28.6960506439209,-23.1970520019531,16.1569499969482,-3.37081241607666,-6.02868747711182,0.10051249712706,-3.4007875919342,5.91002511978149,10.7116622924805,2.58018755912781,2.34286260604858,-0.74456250667572,56.9509544372559,37.1980514526367,13.5240001678467,-0.82005006074905,2.59305024147034,0.80505001544952,53.392951965332,51.949951171875,15.3859510421753,4.53035020828247,6.78686237335205,6.09743738174438,9.65277481079102,8.347900390625,6.44764995574951,0.0369874984026,1.2997875213623,1.75848746299744,9.79605007171631,7.60305023193359,-2.41200017929077,-1.18095004558563,-0.18105000257492,-1.59105002880096,1.72005009651184,-6.04095029830933,-26.4100513458252,-8.15498733520508,-3.82181239128113,-1.64532494544983,-10.3727245330811,-15.3663120269775,-13.9799003601074,3.49813747406006,3.09196257591248,-0.35199999809265,-19.6189517974854,-3.22995018959045,9.50895023345947,-2.29500007629395,1.49895012378693,2.94000005722046,-30.1230010986328,-23.2369518280029,-10.2150001525879,-1.08143746852875,-3.62243747711182,-5.1415376663208,-11.2890253067017,-1.38393747806549,9.87854957580566,-1.54261243343353,3.20705008506775,0.85043752193451,21.6949501037598,45.1590003967285,33.3250503540039,4.85805034637451,-2.50995016098022,4.22100019454956,-4.90905046463013,47.6590538024902,43.324951171875,-0.89773750305176,8.7687873840332,8.79367542266846,12.0795125961304,9.22844982147217,7.69092512130737,-0.88907498121262,1.05957496166229,1.96061253547668,20.4070510864258,9.10605049133301,7.12095022201538,1.15005004405975,-1.05494999885559,-0.05895000323653,30.3769512176514,5.51205015182495,-1.36800003051758,FAN
-0.61132502555847,-2.66310000419617,-5.81047487258911,-8.95441246032715,-3.34441256523132,7.40327501296997,-1.78543746471405,3.19027495384216,2.57592487335205,41.0170516967773,69.3130569458008,50.0410537719727,4.4370002746582,0.67095005512238,2.89305019378662,3.43905019760132,50.5969505310059,55.3489532470703,-3.39446258544922,2.0211124420166,7.28392505645752,11.3097877502441,11.2562999725342,9.70433712005615,-0.27183750271797,-0.86954998970032,0.0504624992609,23.7589511871338,11.8980007171631,7.32300043106079,1.23105001449585,-0.82995003461838,-0.34605002403259,37.021053314209,17.4529514312744,7.31805038452148,8.51042461395264,8.32933712005615,6.56521224975586,8.0888500213623,7.04068756103516,5.87991237640381,0.97281247377396,1.78626251220703,1.34158754348755,7.21500015258789,2.46195006370544,-4.47495031356812,0.72300004959106,-0.3649500310421,-2.29500007629395,1.69305002689362,-13.7580003738403,-25.324951171875,-2.91774988174438,-8.84455013275146,-4.28848743438721,2.34561252593994,-11.9180870056152,-15.3038873672485,-2.33763742446899,5.12682485580444,2.91499996185303,-10.3990507125854,-13.94700050354,-8.11995029449463,-4.78305006027222,-4.13400030136108,-2.05305004119873,-27.973051071167,-23.0700016021729,-21.4300518035889,-1.6131500005722,-0.431062489748,-0.31514999270439,-14.3373994827271,-12.4106121063232,-9.11927509307861,-1.19418752193451,-3.35321259498596,-1.45502495765686,-4.41600036621094,14.8360509872437,58.101001739502,-2.62305021286011,-2.9650502204895,-1.96200013160706,-20.7829513549805,-10.818000793457,21.7050018310547,-3.25283741950989,-5.31506252288818,-1.58509993553162,0.21504999697208,11.3213376998901,12.5100250244141,6.30038738250732,1.31436252593994,-0.70564997196198,63.4330520629883,44.2350006103516,20.5390510559082,4.84605026245117,-2.18505001068115,-2.52000021934509,65.8339538574219,52.7800521850586,27.0589504241943,2.9082624912262,6.4319748878479,7.58174991607666,10.9702997207642,8.99084949493408,7.52097511291504,-0.63208746910095,0.10972499847412,0.83091247081757,9.88395023345947,7.48800039291382,4.29900026321411,0.65205001831055,1.72695004940033,0.07005000114441,12.1800003051758,5.79705047607422,-9.21900081634522,7.40643739700317,2.24784994125366,-9.53919982910156,6.45095014572144,3.97787499427795,-10.7625370025635,1.34997498989105,-0.33054998517036,5.08584976196289,-8.34000015258789,-15.7840509414673,-15.3529510498047,-3.76695013046265,-5.71905040740967,-4.56494998931885,-32.0269508361816,-45.3889503479004,-33.256950378418,-5.38078737258911,-3.25641250610352,-2.55419993400574,-15.3206624984741,-13.5702877044678,-10.6948871612549,3.52013754844666,0.5515124797821,-0.24653749167919,-2.09100008010864,11.3089504241943,36.7200012207031,0.06495000422001,3.1560001373291,4.17105007171631,-20.355001449585,-8.74695014953613,9.02700042724609,-3.03201246261597,-5.02411270141602,-3.77973747253418,-6.16563749313354,2.92063736915588,11.5753002166748,1.5361499786377,2.70297503471375,-1.23997497558594,48.5980529785156,44.941951751709,30.1110019683838,-0.58799999952316,2.56200003623962,5.81100034713745,40.7320518493652,48.495002746582,41.9130020141602,FAN
-2.55419993400574,-3.03201246261597,-5.02411270141602,-10.6948871612549,-6.16563749313354,2.92063736915588,-0.24653749167919,1.5361499786377,2.70297503471375,36.7200012207031,48.5980529785156,44.941951751709,4.17105007171631,-0.58799999952316,2.56200003623962,9.02700042724609,40.7320518493652,48.495002746582,-3.77973747253418,0.92454999685287,6.12878751754761,11.5753002166748,12.0502252578735,10.3969249725342,-1.23997497558594,-2.06937503814697,-0.84741246700287,30.1110019683838,13.4830503463745,4.0420503616333,5.81100034713745,0.19905000925064,-3.70995020866394,41.9130020141602,21.0319519042969,7.10895013809204,8.65507507324219,8.5523624420166,6.31234979629517,7.77411222457886,7.16443729400635,5.26803731918335,1.44856250286102,1.99485003948212,1.47839999198914,2.30895018577576,1.4760000705719,-4.66200017929077,-2.3860502243042,0.39495003223419,-0.45105001330376,-0.63495004177094,-7.23105049133301,-21.2740516662598,-2.14280009269714,-9.18678760528564,-5.56077480316162,2.16438746452332,-14.1690998077393,-15.3407373428345,-2.11502504348755,6.38329982757568,2.81888747215271,-10.9189500808716,-10.3560009002686,-8.69204998016357,-3.25305008888245,-3.95205020904541,-2.05995011329651,-32.248950958252,-29.3070011138916,-17.9549999237061,-3.1547999382019,-2.03664994239807,-1.59651243686676,-14.1726751327515,-11.8348999023438,-8.83492469787598,-1.2471250295639,-2.669837474823,-1.53408753871918,-0.43395000696182,11.5530004501343,56.1799545288086,-0.9709500670433,-0.40800002217293,4.94205045700073,-10.9759502410889,-0.93195003271103,25.2289505004883,-4.67238759994507,-5.46961259841919,-0.44288748502731,1.01254999637604,12.9195003509521,13.9259996414185,4.79228734970093,0.12375000119209,-1.33608746528625,52.2370529174805,36.577953338623,17.6749515533447,-0.25005000829697,-0.70305001735687,-1.24905002117157,62.805004119873,56.7840042114258,32.9749526977539,3.9282374382019,5.47992515563965,5.18003749847412,11.8425998687744,9.59694957733154,7.63619995117188,-0.59125000238419,0.2261874973774,0.45966249704361,12.7429504394531,13.5760507583618,6.07500028610229,-1.48095011711121,-0.52995002269745,0.48195001482964,14.1580505371094,-1.15005004405975,-24.400951385498,3.81301236152649,-4.49625015258789,-7.76531267166138,6.19588756561279,2.25609993934631,-11.1589498519897,0.42047500610352,-2.32168745994568,3.02307486534119,-5.68905019760132,-5.85000038146973,-8.87100028991699,-2.63505005836487,-2.72595024108887,0.76605004072189,-41.2060508728027,-50.1540031433105,-32.5729522705078,-3.56826257705688,0.30744999647141,-0.74456250667572,-13.8285121917725,-10.5367622375488,-7.41895008087158,0.89705002307892,-4.26896238327026,-1.90382504463196,-0.83400005102158,24.2359504699707,62.7460517883301,2.75595021247864,6.20595026016235,0.25394999980927,-16.045051574707,-3.01005005836487,43.3540534973145,-5.28563737869263,-1.4913250207901,3.53484988212585,1.39865005016327,12.1609125137329,11.0884122848511,2.97591257095337,-0.35199999809265,0.80987501144409,50.050952911377,11.4430503845215,6.85305023193359,1.04700005054474,-0.08700000494719,-2.91300010681152,60.552001953125,26.5650005340576,6.87495040893555,FAN
-4.49625015258789,-7.76531267166138,-3.56826257705688,2.25609993934631,-11.1589498519897,-13.8285121917725,-2.32168745994568,3.02307486534119,0.89705002307892,-5.85000038146973,-8.87100028991699,-0.83400005102158,-2.72595024108887,0.76605004072189,2.75595021247864,-50.1540031433105,-32.5729522705078,-16.045051574707,0.30744999647141,-0.74456250667572,-5.28563737869263,-10.5367622375488,-7.41895008087158,1.39865005016327,-4.26896238327026,-1.90382504463196,2.97591257095337,24.2359504699707,62.7460517883301,50.050952911377,6.20595026016235,0.25394999980927,1.04700005054474,-3.01005005836487,43.3540534973145,60.552001953125,-1.4913250207901,3.53484988212585,6.24305009841919,12.1609125137329,11.0884122848511,9.21029949188232,-0.35199999809265,0.80987501144409,2.15242505073547,11.4430503845215,6.85305023193359,5.15100002288818,-0.08700000494719,-2.91300010681152,-1.93305003643036,26.5650005340576,6.87495040893555,-3.20700025558472,6.21692514419556,2.11873745918274,-7.78923749923706,6.63781261444092,4.44413757324219,-14.7327127456665,3.22368741035461,1.01062500476837,5.90177488327026,-6.08205032348633,-10.6069507598877,-15.0199508666992,-1.8139500617981,-3.6739501953125,-4.15305042266846,-26.4169521331787,-34.4740524291992,-21.4819507598877,-2.66639995574951,0.50655001401901,0.35461249947548,-17.2723369598389,-12.8481378555298,-8.48608779907227,1.53697502613068,-4.45266246795654,-1.91358745098114,-4.20000028610229,8.21295070648193,54.6979522705078,-1.49505007266998,-0.93495005369186,7.08495044708252,-14.5009508132935,-7.27695035934448,25.711051940918,-4.90228748321533,-5.97946262359619,-1.77732503414154,2.59874987602234,12.3135375976563,12.8055124282837,5.77816247940063,0.78210002183914,-0.55591249465942,60.4210510253906,32.9749526977539,9.82200050354004,4.4370002746582,4.08300018310547,-0.64305001497269,58.1770515441895,51.0060005187988,32.9370002746582,3.52439999580383,5.93491268157959,6.36418724060059,11.7983245849609,9.95513725280762,8.25687503814697,0.0504624992609,0.92688751220703,1.41515004634857,8.05500030517578,9.26205062866211,6.37200021743774,-0.4200000166893,0.85500001907349,0.89100003242493,13.6219511032104,6.62295007705688,-6.82695055007935,5.94536256790161,3.09870004653931,-10.0802621841431,7.17749977111816,5.62952518463135,-10.205249786377,1.91729998588562,0.47850000858307,3.06418752670288,-4.91100025177002,-7.89000034332275,-16.4089508056641,-1.44195008277893,-3.00795006752014,-5.85000038146973,-26.5920009613037,-44.1390037536621,-33.3319511413574,-4.80975008010864,-1.79753744602203,-0.62026250362396,-16.0179252624512,-14.7741003036499,-12.3986501693726,3.28817486763,-0.18218749761581,-1.87577497959137,-6.99900054931641,2.73705005645752,15.7170009613037,-2.44095015525818,-0.90105003118515,-4.44705009460449,-18.5920505523682,-14.7040510177612,-4.32000017166138,-3.97127509117126,-6.07818746566772,-2.04641246795654,-1.0920250415802,9.78518772125244,12.4367370605469,4.89225006103516,1.15087497234344,-0.94655001163483,55.8790512084961,32.0890502929688,15.5830507278442,5.3299503326416,-0.62595003843307,-0.21405000984669,50.6830520629883,54.3580513000488,31.7850017547607,FAN
-4.78486251831055,-3.94074988365173,-4.37277507781982,-14.1530122756958,-10.9932622909546,-6.58185005187988,3.96013736724854,2.89630007743835,2.35001254081726,13.6030502319336,32.6659507751465,44.0460014343262,-1.2720000743866,8.37795066833496,9.56805038452148,-7.91595029830933,2.56695008277893,21.6570014953613,-5.4630126953125,-2.38122487068176,5.32592487335205,0.35268750786781,9.97809982299805,10.8699245452881,1.32838749885559,-2.63106250762939,-3.63027501106262,37.3180503845215,28.4950504302979,29.848051071167,1.20495009422302,4.60005044937134,4.99005031585693,40.3609504699707,44.0010032653809,32.9869499206543,9.68178749084473,8.49378776550293,6.41753768920898,9.02439975738525,6.24868726730347,5.11156225204468,-2.3203125,-0.25025001168251,-0.06201250106096,23.4550514221191,9.7069501876831,3.89205026626587,1.77195012569427,-0.64500004053116,1.06095004081726,16.4350509643555,-6.18300008773804,-19.3230018615723,0.99384999275208,-10.0417623519897,-9.42479991912842,2.95487499237061,-2.93521237373352,-10.6904878616333,-2.64082503318787,-2.87100005149841,3.54337501525879,-7.76805019378662,-7.68405055999756,-21.4290008544922,-3.03000020980835,-3.13305020332336,-3.01605010032654,-32.1580505371094,-35.6920509338379,-23.8999519348145,-4.67719984054565,-1.69606244564056,-1.3996125459671,-14.3221378326416,-13.7896003723145,-10.9447250366211,2.65869998931885,-1.48637497425079,-1.96130001544952,-7.6360502243042,11.4360008239746,46.1440505981445,-1.45005011558533,3.84105014801025,10.9570503234863,-28.6480522155762,-17.9320507049561,-2.01900005340576,-3.01894998550415,-5.64368724822998,-0.40246251225471,-5.85144996643066,2.29679989814758,10.6270999908447,1.56254994869232,3.16208744049072,-1.07566249370575,64.47900390625,48.7819519042969,27.1350021362305,0.75000005960464,-2.65905022621155,4.15200042724609,28.8829517364502,47.3620529174805,31.267951965332,6.21197509765625,9.3627872467041,8.98727512359619,10.0075244903564,8.28575038909912,6.97496223449707,-0.942562520504,0.25162500143051,1.29731249809265,19.6840515136719,12.5470504760742,5.3929500579834,-0.45105001330376,-1.74705004692078,-0.63795000314713,12.0340509414673,-1.1910001039505,-8.39505004882813,7.78098726272583,3.84766244888306,-10.8945369720459,5.91552495956421,3.5043249130249,-6.63808727264404,1.4363249540329,-0.64762496948242,1.28686249256134,-3.19005012512207,-13.195050239563,-22.7580013275146,-0.61395001411438,-1.93095004558563,-2.88405013084412,-23.7949504852295,-44.403003692627,-33.5370025634766,-7.23277473449707,-4.31983757019043,-3.4230625629425,-13.5906372070313,-13.6397247314453,-11.1203126907349,5.50508737564087,3.13898754119873,1.45488750934601,-9.64200019836426,13.0830001831055,47.1630020141602,-3.94695019721985,1.80300009250641,13.8439502716064,-24.3100509643555,-16.9020004272461,-2.67495012283325,-4.81978750228882,-5.62113761901855,-3.32914996147156,-3.71222496032715,3.54296255111694,9.5772876739502,1.72301244735718,1.2225124835968,-1.2971750497818,51.1399536132813,41.392951965332,34.5820503234863,-0.67395001649857,2.10495018959045,8.35395050048828,33.1090507507324,45.4420509338379,40.8760528564453,FAN
-10.8945369720459,-7.23277473449707,-4.31983757019043,-6.63808727264404,-13.5906372070313,-13.6397247314453,1.28686249256134,5.50508737564087,3.13898754119873,-22.7580013275146,-9.64200019836426,13.0830001831055,-2.88405013084412,-3.94695019721985,1.80300009250641,-33.5370025634766,-24.3100509643555,-16.9020004272461,-3.4230625629425,-4.81978750228882,-5.62113761901855,-11.1203126907349,-3.71222496032715,3.54296255111694,1.45488750934601,1.72301244735718,1.2225124835968,47.1630020141602,51.1399536132813,41.392951965332,13.8439502716064,-0.67395001649857,2.10495018959045,-2.67495012283325,33.1090507507324,45.4420509338379,-3.32914996147156,2.77970004081726,10.5995998382568,9.5772876739502,10.6038627624512,7.80807495117188,-1.2971750497818,-2.4641375541687,-0.12278749793768,34.5820503234863,25.3159503936768,8.91495037078857,8.35395050048828,2.20095014572144,-0.66705000400543,40.8760528564453,23.7379512786865,2.74695014953613,9.56518745422363,8.08871269226074,4.31557512283325,6.89645004272461,5.8570876121521,3.63797497749329,1.19308745861053,1.06136250495911,-0.78264999389648,3.19005012512207,-2.26095008850098,-11.8830003738403,-0.81000006198883,-1.0639500617981,-1.96695005893707,-2.64900016784668,-15.6640510559082,-31.3780517578125,-7.97596263885498,-4.73137474060059,-3.51999998092651,-13.9328746795654,-14.8031120300293,-12.6645746231079,6.0806622505188,3.64485001564026,1.52556252479553,-11.2420501708984,0.91095006465912,19.5570011138916,-2.08905005455017,0.57300001382828,6.64695024490356,-18.844051361084,-14.4769506454468,-4.73895025253296,-5.78159999847412,-5.71917486190796,0.78828752040863,-1.22471249103546,9.5346622467041,12.2047748565674,2.35633754730225,-0.45210000872612,-2.30532503128052,45.294002532959,34.7830505371094,23.8189506530762,-2.20905017852783,2.04495000839233,4.75800037384033,46.6680030822754,43.0980033874512,30.3120021820068,6.73516225814819,8.53696250915527,7.24652481079102,10.7419128417969,7.34043741226196,6.30038738250732,-1.78145003318787,0.38444998860359,1.05490005016327,13.10205078125,3.65205025672913,-10.2409505844116,1.15905010700226,0.43095001578331,-0.38400000333786,12.6520509719849,-9.52305030822754,-30.4270515441895,3.61762499809265,-11.6730623245239,-6.60769987106323,3.64993739128113,-9.68577480316162,-14.9114627838135,-1.21261250972748,2.35372495651245,5.39288759231567,-14.3809509277344,-14.2110004425049,-1.26195001602173,-3.19500017166138,-3.07995009422302,0.46695002913475,-36.9900016784668,-22.746000289917,-11.6230506896973,-3.7560875415802,-4.38129997253418,-1.86587500572205,-10.6855373382568,-5.90617513656616,12.5100250244141,1.61672496795654,2.13345003128052,-1.95992493629456,34.5139503479004,41.3740501403809,26.5870513916016,7.77495050430298,0.72105002403259,4.47300004959106,9.27600002288818,39.9970512390137,34.7080497741699,4.66262483596802,8.87933731079102,7.67689990997314,11.7706871032715,9.56353759765625,5.99417495727539,-1.84937500953674,-0.3935250043869,1.69743752479553,15.928050994873,9.4079999923706,-4.19505023956299,1.94205009937286,-1.19295001029968,-2.13000011444092,20.4720001220703,9.22095012664795,-15.0100507736206,FAN
-9.09548759460449,-5.3579626083374,-4.06463766098022,-13.3556499481201,-14.8290996551514,-12.4517250061035,4.70305013656616,3.23399996757507,1.32288753986359,-7.95000028610229,12.3940505981445,34.6150512695313,-1.06695008277893,3.00300025939941,9.05505084991455,-24.1759510040283,-14.8429508209229,1.38495004177094,-4.20034980773926,-5.42327499389648,-5.31409978866577,-8.47811222076416,-2.02207493782043,7.0896372795105,1.0760749578476,1.52789998054504,-0.89911252260208,50.0080528259277,38.8530006408691,36.9760513305664,7.21905040740967,-0.3790500164032,3.26805019378662,22.2940502166748,42.7960510253906,44.1079521179199,0.43642500042915,7.02556228637695,10.3819370269775,10.7732620239258,9.71739959716797,8.07757472991943,-2.52422499656677,-1.78158748149872,-0.02227500081062,24.4780502319336,12.5299501419067,7.15305042266846,4.60005044937134,-0.02700000070035,-0.27600002288818,25.1170520782471,14.4790506362915,5.06205034255981,9.87635040283203,8.43053722381592,5.92927503585815,6.87843751907349,5.8998498916626,3.84271240234375,1.17961251735687,1.61975002288818,0.17325000464916,1.67205011844635,-13.3009510040283,-16.7680511474609,-0.17595000565052,-1.91400003433228,-6.61395025253296,-8.56695079803467,-25.4179515838623,-40.1410522460938,-11.2609748840332,-6.65719985961914,-5.48597478866577,-10.4713125228882,-15.4391870498657,-12.7752628326416,4.48250007629395,7.00067472457886,4.71693754196167,-18.4170017242432,4.53795003890991,37.6030502319336,-6.80805015563965,-1.0110000371933,8.57700061798096,-28.2049522399902,-19.8450012207031,-0.44100001454353,-5.68631267547607,-7.08482503890991,-4.76657485961914,-7.96042490005493,-0.5681499838829,7.48357486724854,3.42966246604919,0.95067501068115,-2.85092496871948,61.9219512939453,48.2100028991699,27.9420013427734,18.5659503936768,7.17405033111572,5.27505016326904,34.5840034484863,44.998950958252,33.552001953125,3.58971238136292,8.60200023651123,9.24137496948242,10.0812253952026,8.85706233978271,7.61227512359619,-4.40316247940063,-3.1689624786377,-1.78639996051788,16.1669998168945,13.2120008468628,9.24000072479248,2.90505003929138,1.04700005054474,3.01695013046265,17.3830509185791,7.70100021362305,-6.68295049667358,8.34020042419434,5.52750015258789,-9.82190036773682,6.5179123878479,4.78307485580444,-3.27263736724854,-0.97789996862411,-1.294837474823,-2.25885009765625,-8.0910005569458,-15.1969509124756,-14.3470506668091,0.8809500336647,-7.0090503692627,-4.36094999313354,-26.5650005340576,-32.5290031433105,-32.2900505065918,-4.47273731231689,-3.43254995346069,-4.05432510375977,-13.819712638855,-11.8133125305176,-7.98091268539429,3.42650008201599,1.03565001487732,1.17246246337891,5.8690505027771,31.9000511169434,62.4940528869629,7.41795015335083,14.6749505996704,6.25200033187866,-14.2710008621216,1.15200006961823,29.836051940918,-7.32077503204346,-3.94954991340637,2.68867492675781,5.48336267471313,10.5716876983643,10.9847373962402,0.98092502355576,-1.0225875377655,-1.42491245269775,48.5110511779785,32.5249519348145,13.5310506820679,-2.09100008010864,7.26495027542114,3.22305011749268,52.9620018005371,38.230052947998,17.4930000305176,FAN
6.5797872543335,-8.29386234283447,-3.2493999004364,5.71587514877319,-1.92596244812012,-14.135687828064,1.02946245670319,-1.94397497177124,1.04376244544983,-13.689001083374,-18.7020015716553,4.72995042800903,-2.13195013999939,-1.6840500831604,5.33205032348633,-36.8200531005859,-35.5770034790039,-9.05595016479492,-2.73129987716675,-3.83748745918274,-6.41025018692017,-11.5577001571655,-7.0321626663208,1.34736251831055,-0.7873250246048,0.59606248140335,2.38438749313354,37.006950378418,54.8779525756836,42.3580513000488,15.3930006027222,4.47000026702881,-7.65300035476685,6.06495046615601,26.8960514068604,45.1690521240234,-5.35067510604858,7.45071268081665,8.88428783416748,11.4002628326416,11.1973123550415,9.10483741760254,0.11866249889135,-0.81056249141693,0.17503750324249,28.207950592041,10.8490505218506,8.43795013427734,1.89195013046265,0.46200001239777,-0.85605001449585,37.0830001831055,8.55495071411133,-0.64200001955032,7.98668766021729,6.13964986801147,-7.39543724060059,7.50309991836548,6.05178737640381,-0.64322501420975,1.22223746776581,1.05957496166229,-3.35060000419617,-0.77595001459122,-11.026050567627,-12.6589508056641,0.91995006799698,0.59595000743866,-1.36305010318756,-20.9389514923096,-41.9170532226563,-47.9460029602051,-7.77301263809204,-3.8304750919342,-2.62899994850159,-13.3106870651245,-14.5073499679565,-12.2427253723145,4.03672504425049,2.86632490158081,1.09353744983673,-21.0970516204834,1.26705002784729,45.4129524230957,-3.90900015830994,0.8479500412941,18.0750007629395,-15.3979511260986,-17.814001083374,-1.99005007743835,-3.82676243782043,-5.25593757629395,-3.42759990692139,-7.50626230239868,0.83654999732971,9.56766223907471,1.23048746585846,2.30133748054504,-0.22371250391006,68.7190551757813,49.2390022277832,19.6000518798828,-2.60400009155273,-4.39499998092651,3.00000023841858,45.4560012817383,49.9360542297363,34.9980010986328,3.71112489700317,7.13762474060059,8.41005039215088,11.7339754104614,9.64658737182617,8.10260009765625,-1.42917501926422,-0.98793751001358,0.03217500075698,7.48305034637451,6.49200010299683,3.39600014686584,2.2390501499176,-0.55905002355576,0.3570000231266,15.178050994873,5.97705030441284,-8.05995082855225,7.85963726043701,6.05357503890991,-11.1247119903564,7.01497507095337,5.66472482681274,-9.13770008087158,1.45158743858337,0.9120374917984,1.02822494506836,-7.67700052261353,-14.3230504989624,-18.480001449585,-0.64500004053116,-1.94805014133453,-3.53700017929077,-26.5699520111084,-37.9410018920898,-29.9050521850586,-5.18760013580322,-3.17982506752014,-3.33602499961853,-16.4461002349854,-14.4215497970581,-10.689112663269,4.01802492141724,1.73689997196198,1.0587500333786,-9.59400081634522,16.85205078125,68.6089553833008,-1.51695013046265,8.41394996643066,17.6149501800537,-16.2240009307861,-5.24400043487549,21.127950668335,-5.71862506866455,-6.20620012283325,-0.42350000143051,-2.933424949646,7.01854991912842,11.7119750976563,1.98178744316101,0.32229998707771,-1.94232499599457,53.2669525146484,31.7370014190674,16.7820014953613,-3.58800005912781,1.6519501209259,6.20400047302246,48.4729537963867,43.501953125,23.7780017852783,FAN
-1.67282497882843,-2.94263744354248,-6.10444974899292,-13.9004249572754,-5.81143760681152,3.46472501754761,-0.9120374917984,2.28786253929138,3.34963750839233,16.8829517364502,58.8840026855469,47.2540512084961,3.91995024681091,2.10495018959045,-2.42895007133484,-18.3000011444092,18.445951461792,29.776050567627,-6.08341264724731,-3.6672625541687,2.25128746032715,5.94206237792969,9.14911270141602,9.72344970703125,2.41972494125366,0.46007499098778,-0.89677500724792,33.5899505615234,22.9380016326904,20.5920009613037,1.98000013828278,6.29505014419556,2.7439501285553,34.1430015563965,24.6330013275146,19.6720504760742,11.6766376495361,11.6778745651245,10.0621128082275,8.15058708190918,7.08152484893799,6.20633745193481,0.02956249937415,1.12832498550415,1.41061246395111,21.2620506286621,21.0970516204834,14.9320507049561,-0.25005000829697,0.65595000982285,1.40100002288818,17.2230014801025,6.88905048370361,-8.53605079650879,7.72007513046265,-1.77278745174408,-12.1536245346069,4.30141258239746,0.83544999361038,-6.17457485198975,0.30442500114441,-2.85298752784729,1.60407495498657,-2.32500004768372,-19.1550006866455,-25.5120010375977,1.03905010223389,-5.36700010299683,-5.73495006561279,-28.9759521484375,-44.9250030517578,-36.8920516967773,-8.37209987640381,-4.72326231002808,-3.49263739585876,-11.900899887085,-13.3145370483398,-11.3933877944946,6.18419981002808,3.55203747749329,1.07882499694824,-16.5790500640869,13.7920503616333,44.5080032348633,-2.69895005226135,5.90505027770996,13.9690504074097,-28.0830020904541,-19.7610015869141,-10.2550506591797,-4.92277479171753,-5.6273250579834,-0.60087502002716,-2.0074999332428,5.70803737640381,9.96613788604736,2.17140007019043,0.18658749759197,-2.75247502326965,57.6940536499023,39.5590515136719,24.8010005950928,5.13105010986328,7.16205024719238,6.9529504776001,31.2820510864258,45.4390525817871,20.5410003662109,11.13942527771,10.4417495727539,8.71048736572266,8.37471199035645,7.40836238861084,6.31839990615845,-2.29308748245239,-0.79433751106262,-0.30222499370575,13.3420505523682,9.54705047607422,-6.20400047302246,0.78105002641678,0.66105002164841,0.21600000560284,4.68600034713745,-6.02205038070679,-24.2380504608154,5.94646263122559,-12.3917751312256,-6.87073755264282,4.44936227798462,-6.68690013885498,-13.2092123031616,-1.28961253166199,1.12860000133514,8.2392749786377,-22.2720012664795,-22.8090019226074,-11.2009506225586,-4.15005016326904,-10.4809503555298,-8.14605045318604,-35.4360008239746,-29.1990013122559,-22.4209518432617,-4.2421498298645,-3.62065005302429,-4.20227479934692,-12.7979497909546,-9.92090034484863,-5.7534122467041,6.43747472763062,4.92662477493286,3.95477509498596,12.8770503997803,44.0800514221191,56.5420532226563,-2.0789999961853,12.2040004730225,16.8199501037598,-21.8269519805908,-2.90700006484985,21.4440002441406,-5.69923734664917,-4.01527500152588,3.03352499008179,0.92234998941422,8.23239994049072,9.55735015869141,2.20934987068176,-1.78970003128052,-4.6201376914978,48.1480522155762,23.4859504699707,23.7739505767822,5.83800029754639,2.932950258255,3.11805009841919,32.9290504455566,22.1550006866455,19.2820510864258,FAN
-4.20227479934692,-5.69923734664917,-4.01527500152588,-5.7534122467041,0.92234998941422,8.23239994049072,3.95477509498596,2.20934987068176,-1.78970003128052,56.5420532226563,48.1480522155762,23.4859504699707,16.8199501037598,5.83800029754639,2.932950258255,21.4440002441406,32.9290504455566,22.1550006866455,3.03352499008179,10.0711870193481,11.6902503967285,9.55735015869141,8.45116233825684,7.58216238021851,-4.6201376914978,-4.6851749420166,-3.01001238822937,23.7739505767822,25.6480503082275,25.1839504241943,3.11805009841919,3.35700011253357,4.27200031280518,19.2820510864258,20.4379501342773,13.8010501861572,10.2382497787476,6.85066223144531,2.40391254425049,6.78521251678467,4.67211246490479,2.36541247367859,-1.60806250572205,-1.02079999446869,-2.12052488327026,21.0919513702393,17.9530506134033,7.58595037460327,1.53495001792908,0.75000005960464,1.60905003547668,1.88505005836487,-12.3070507049561,-28.195951461792,-8.28794956207275,-12.5790500640869,-6.90401268005371,-1.12543749809265,-5.69401264190674,-11.6374502182007,-3.07477498054504,1.3058375120163,4.57008743286133,-13.6620006561279,-25.3459510803223,-1.60500001907349,-2.71095013618469,-2.35695004463196,3.89595007896423,-37.9189529418945,-32.5080032348633,-26.1079521179199,-2.51377487182617,-2.43278741836548,-4.36686229705811,-11.2756872177124,-8.7139253616333,-3.97388744354248,-0.87161248922348,-1.06012499332428,1.9930624961853,25.1839504241943,58.1080513000488,63.0280532836914,9.57495021820068,16.2460498809814,0.2250000089407,-13.9069509506226,-4.99005031585693,26.098051071167,-6.66132497787476,-5.95031261444092,-1.20298755168915,2.98966240882874,8.20792484283447,9.28702449798584,2.91981244087219,0.83847498893738,-0.82926249504089,59.5080032348633,39.097053527832,24.4729518890381,5.88300037384033,10.8850507736206,5.44500017166138,47.7379531860351,21.4630508422852,13.8709506988525,8.85568714141846,12.4040126800537,11.3872003555298,9.30421257019043,7.99136257171631,7.15811252593994,-1.84222495555878,-0.82788747549057,0.45828750729561,15.5130004882813,14.5270509719849,14.9239511489868,0.43395000696182,2.29905009269714,2.3490002155304,11.1600008010864,8.35905075073242,1.38000011444092,9.72455024719238,4.7737250328064,-8.78487491607666,6.0735125541687,3.00891256332397,-2.66392493247986,0.22591249644756,-1.64271247386932,-1.3333375453949,10.7149505615234,-5.01195001602173,-19.8709506988525,0.34305000305176,-0.6400500535965,-2.23995018005371,-14.8549509048462,-31.7299518585205,-37.651050567627,-9.57632541656494,-5.51100015640259,-2.87347507476807,-9.91292476654053,-12.9262371063232,-12.4220247268677,5.04377508163452,5.02356243133545,2.20302510261536,-22.9620018005371,-11.6220006942749,13.1860504150391,-1.47405004501343,-1.45200002193451,1.88505005836487,-28.7580013275146,-28.1430015563965,-21.3000011444092,-2.07776260375977,-2.57386255264282,-4.62233734130859,-9.95390033721924,-5.97533750534058,0.5986750125885,0.97157502174377,2.49741244316101,3.4713249206543,43.1479530334473,69.8209533691406,58.4310035705566,4.30800008773804,9.76395034790039,7.20195055007935,-15.364951133728,15.0990009307861,39.9640502929688,FAN
-2.09123754501343,-1.44595003128052,-1.94727504253387,-12.2529001235962,-9.82877540588379,-6.47982501983643,1.04747498035431,-0.35007500648499,1.00801253318787,15.1470003128052,38.9370002746582,65.3220062255859,2.01600003242493,6.8860502243042,11.5909509658813,-23.2849502563477,-11.5560007095337,11.6299505233765,-3.96137499809265,-5.8660249710083,-2.86962509155273,-0.95204997062683,6.83031225204468,9.94413757324219,3.10131239891052,1.40772497653961,-0.84768748283386,68.4029998779297,56.2909507751465,32.0479507446289,10.6740007400513,9.7669506072998,6.06300020217896,46.9240531921387,45.316951751709,20.1370506286621,3.89743757247925,9.75246238708496,10.4106750488281,10.0344753265381,8.88882541656494,7.66534996032715,-2.07652497291565,-1.78447496891022,-0.75927501916885,17.0629501342773,15.7459506988525,15.2329511642456,2.67495012283325,-0.31500002741814,1.32705008983612,7.39905023574829,3.34995007514954,-6.19695043563843,8.82117462158203,3.36050009727478,-6.08121252059937,6.41134977340698,3.29353737831116,-12.0850124359131,-0.29150000214577,-1.60352504253387,5.76125001907349,6.0799503326416,-14.90505027771,-16.6459503173828,0.36705002188683,-5.13195037841797,-2.82405018806458,-24.5130004882813,-42.0280532836914,-39.2359504699707,-3.17954993247986,-1.78639996051788,-1.8544625043869,-12.5039749145508,-11.0131998062134,-7.92646265029907,3.60786247253418,0.80726248025894,0.92001247406006,0.98700004816055,32.3280029296875,69.5260543823242,-0.63300001621246,6.13200044631958,13.032000541687,-31.0879516601563,-21.5350513458252,1.26705002784729,-3.21461248397827,-5.45063734054565,-3.46114993095398,-2.9719250202179,4.74003744125366,9.36691284179688,2.66846251487732,1.92499995231628,-0.51933747529984,72.2509536743164,56.6329536437988,32.0790023803711,9.73500061035156,5.4190502166748,3.03600025177002,53.0370025634766,43.677001953125,26.628002166748,2.68936252593994,8.81622505187988,10.3003997802734,10.1400747299194,9.1850004196167,8.07069969177246,-2.08628749847412,-2.13963747024536,-1.03908753395081,22.4860515594482,21.5130004882813,17.496000289917,4.36500024795532,2.43300008773804,-0.04695000126958,13.6390504837036,9.37695026397705,-4.74600028991699,7.43737506866455,-0.7013875246048,-9.36471271514893,5.89214992523193,2.76760005950928,-3.47737503051758,-0.40438750386238,-1.98068749904633,0.18975000083447,11.5960502624512,-5.86395025253296,-20.7469501495361,-0.32400000095367,-1.44495010375977,-2.5729501247406,-21.8920516967773,-40.1460037231445,-46.0789527893066,-7.29767513275146,-3.78097486495972,-1.2890625,-9.66129970550537,-11.6030750274658,-11.1498746871948,4.04648733139038,2.74697494506836,-0.71472501754761,-15.4770011901855,-4.32705020904541,9.65505027770996,0.18900001049042,0.73995006084442,3.06000018119812,-38.1850509643555,-24.9130516052246,-17.5920009613037,-0.53927499055862,-1.67639994621277,-4.42832517623901,-9.43194961547852,-6.19052505493164,-0.79186248779297,-2.39621257781982,-0.27087500691414,2.65196251869202,38.803050994873,61.9549522399902,63.175952911377,13.13805103302,16.3050003051758,1.41795003414154,-7.56900024414063,2.05695009231567,47.4100532531738,FAN
-0.12759999930859,-1.47372496128082,-2.87512493133545,-8.46422481536865,-4.37717485427856,-1.37279999256134,-1.46465003490448,1.82586252689362,3.33946251869202,39.7290000915527,57.0109519958496,51.670051574707,6.94605016708374,9.51000022888184,6.63000011444092,-6.99900054931641,20.5270519256592,34.1430015563965,-5.17770004272461,-0.92468750476837,5.94549989700317,8.71296215057373,10.9454126358032,10.6463499069214,1.50686252117157,-0.47368749976158,-1.18071246147156,50.2620010375977,30.1710014343262,15.9990005493164,6.40995025634766,5.7679500579834,1.62105011940002,42.7840538024902,26.0940017700195,9.94695091247559,9.78202533721924,9.71313762664795,7.58986234664917,9.1761999130249,7.94584989547729,6.23892498016357,-0.50627499818802,0.49390000104904,0.4779500067234,10.8060007095337,9.57300090789795,-7.96395015716553,-2.86005020141602,-2.13195013999939,-1.96005010604858,2.65095019340515,-6.03405046463013,-28.6630516052246,1.96514999866486,-10.2586002349854,-6.00503730773926,3.54419994354248,-7.75115013122559,-13.3127498626709,-0.93005001544952,2.97041249275208,5.57246255874634,-17.3929500579834,-15.1369504928589,-10.4760007858276,1.357950091362,-0.43695002794266,-6.10905027389526,-45.7000503540039,-40.9909515380859,-22.9980010986328,-3.3206250667572,-2.8356626033783,-3.26837491989136,-12.7374496459961,-9.95211219787598,-5.78105020523071,3.61061239242554,2.28566241264343,2.60796236991882,15.3310508728027,46.5840034484863,50.5180511474609,0.16995000839233,4.11405038833618,1.31700003147125,-20.7070503234863,-5.94600009918213,16.8660011291504,-4.09364986419678,-4.22152519226074,0.88783746957779,-0.16994999349117,6.80968761444092,9.71231269836426,2.79276251792908,-0.0196624994278,-2.50222492218018,59.5920028686523,37.5820503234863,21.9919509887695,15.2089509963989,7.87995052337646,-0.71895003318787,31.4500522613525,34.3230018615723,21.3220500946045,7.89621257781982,11.1700878143311,10.8220748901367,8.96596240997314,7.60319995880127,6.71041250228882,-3.09636259078979,-2.01519989967346,-0.76477497816086,15.2599506378174,7.72005033493042,-2.2870500087738,-1.300950050354,-2.0220000743866,-1.64595007896423,8.87595081329346,1.97400009632111,-2.56695008277893,9.47003746032715,7.10558748245239,-2.08463740348816,5.92748737335205,5.1206374168396,0.6377249956131,-0.27472499012947,0.45622500777245,0.38885000348091,-5.89800024032593,-10.6860008239746,-17.3539505004883,0.807000041008,-1.91700005531311,-4.14105033874512,-7.1569504737854,-17.2080001831055,-24.9540004730225,-8.83080005645752,-6.80583763122559,-6.15738725662231,-13.5317878723145,-13.5026378631592,-10.7975997924805,10.5499620437622,7.94915008544922,5.64368724822998,-11.4430503845215,5.48400020599365,33.6760520935059,-4.18605041503906,1.73895013332367,10.7770509719849,-26.3239517211914,-16.5209999084473,-7.87605047225952,-6.91446256637573,-7.91890001296997,-6.10761260986328,-5.43001270294189,1.43330001831055,7.80738735198975,4.05515003204346,1.77622497081757,-1.70651245117188,52.7830543518066,53.4340515136719,37.7230529785156,12.9679508209229,4.77000045776367,2.82300019264221,13.94700050354,32.7779998779297,32.7900009155273,FAN
-6.15738725662231,-6.91446256637573,-7.91890001296997,-10.7975997924805,-5.43001270294189,1.43330001831055,5.64368724822998,4.05515003204346,1.77622497081757,33.6760520935059,52.7830543518066,53.4340515136719,10.7770509719849,12.9679508209229,4.77000045776367,-7.87605047225952,13.94700050354,32.7779998779297,-6.10761260986328,2.9826500415802,10.7780752182007,7.80738735198975,9.84527492523193,8.51138782501221,-1.70651245117188,-5.12861251831055,-5.0836501121521,37.7230529785156,26.0719509124756,20.1540012359619,2.82300019264221,5.5770001411438,4.6210503578186,32.7900009155273,19.7389507293701,11.1840009689331,11.4615879058838,9.11611270904541,8.06217479705811,7.18561267852783,5.78929996490479,5.29223728179932,-3.6122624874115,-1.81885004043579,-1.49049997329712,14.6160011291504,8.77095031738281,0.16395001113415,3.32805013656616,1.28805005550385,2.24100017547607,3.19500017166138,-6.07695007324219,-18.6640510559082,2.26283740997314,-13.7242870330811,-8.66621208190918,1.17122495174408,-7.48838758468628,-11.7995624542236,-3.44437503814697,1.26912498474121,7.01607513427734,-17.2440013885498,-15.5920505523682,-14.5960502624512,-2.92905020713806,-8.14605045318604,-6.79395055770874,-30.6720008850098,-36.901050567627,-21.9040508270264,-5.15968751907349,-3.78221249580383,-4.11111259460449,-11.956449508667,-10.2515878677368,-6.3384747505188,6.35387516021729,4.74319982528687,4.02668762207031,1.75095009803772,33.8010025024414,59.5590019226074,-0.95895004272461,10.1569509506226,11.4210004806519,-21.6829509735107,-16.8349514007568,14.5909509658813,-5.04185009002686,2.0074999332428,9.34945011138916,-0.5876749753952,9.70846271514893,8.56473731994629,3.15672492980957,-3.83240008354187,-4.7528247833252,54.0229530334473,28.2289505004883,21.199951171875,1.63605010509491,4.02495002746582,1.74795007705688,33.8560523986816,19.8709506988525,12.3030004501343,11.4168996810913,10.5067873001099,8.61190032958984,7.24432516098022,6.57277488708496,5.80346250534058,-3.50130009651184,-1.77402496337891,-0.70509999990463,11.7570009231567,1.74600005149841,-7.11195039749146,-0.24105000495911,-1.61505007743835,-2.62800002098084,7.25100040435791,-1.59105002880096,-13.8040504455566,6.5624623298645,-4.75791263580322,-10.3393125534058,4.20310020446777,-1.55292499065399,-11.2793998718262,-0.82706248760223,-1.35189998149872,9.73664951324463,-19.1909999847412,-12.7330503463745,-2.007000207901,-3.54495024681091,-0.99000006914139,0.82605004310608,-27.8059520721436,-30.0559520721436,-18.3480014801025,-7.77301263809204,-6.94897508621216,-7.52001237869263,-11.4116744995117,-9.11583709716797,-4.44358730316162,8.56157493591309,6.41052484512329,4.22482490539551,12.3940505981445,35.9340019226074,40.4710502624512,4.94205045700073,9.5080509185791,2.45700001716614,-6.90105009078979,2.57895016670227,30.8749523162842,-8.16584968566895,-2.01877498626709,11.6792497634888,3.19000005722046,10.1916370391846,9.18761253356934,1.19542503356934,-3.85838747024536,-4.95838737487793,41.2420501708984,29.0149517059326,19.3630504608154,1.62795007228851,3.91305017471313,3.99600028991699,34.5450019836426,26.8620014190674,15.2590503692627,FAN
-10.3393125534058,-7.77301263809204,-6.94897508621216,-11.2793998718262,-11.4116744995117,-9.11583709716797,9.73664951324463,8.56157493591309,6.41052484512329,-2.007000207901,12.3940505981445,35.9340019226074,0.82605004310608,4.94205045700073,9.5080509185791,-18.3480014801025,-6.90105009078979,2.57895016670227,-7.52001237869263,-8.16584968566895,-2.01877498626709,-4.44358730316162,3.19000005722046,10.1916370391846,4.22482490539551,1.19542503356934,-3.85838747024536,40.4710502624512,41.2420501708984,29.0149517059326,2.45700001716614,1.62795007228851,3.91305017471313,30.8749523162842,34.5450019836426,26.8620014190674,11.6792497634888,12.8400249481201,11.1546878814697,9.18761253356934,7.48907518386841,6.365149974823,-4.95838737487793,-3.21681237220764,-1.92142498493195,19.3630504608154,11.4360008239746,4.54005002975464,3.99600028991699,1.37205004692078,-0.51300001144409,15.2590503692627,9.22800064086914,4.34895038604736,9.2514123916626,7.32916259765625,4.67197513580322,5.83783769607544,4.7546124458313,2.99749994277954,-0.68419998884201,-0.63387501239777,-1.53793752193451,-0.9700500369072,-10.3320007324219,-13.3420505523682,-1.08600008487701,-2.45505023002625,-1.73205006122589,-3.48900008201599,-17.2849502563477,-24.7480506896973,-16.0298881530762,-10.7984247207642,-8.53517532348633,-8.2245626449585,-12.651237487793,-11.2299003601074,4.53585004806519,9.63641262054443,7.48027515411377,-7.07595014572144,0.18795001506805,14.6629505157471,0.15105000138283,1.54905009269714,4.68105030059814,-22.9500007629395,-11.3449506759644,-7.41105031967163,-8.95166206359863,-9.05836200714111,2.75302505493164,0.05197500064969,4.29990005493164,10.827712059021,2.10938739776611,0.54078751802444,-4.3191499710083,44.0080528259277,33.6960029602051,23.9869518280029,0.97695004940033,-3.77205014228821,6.37095022201538,33.7219505310059,33.9439506530762,24.4420509338379,10.9188747406006,10.3793249130249,8.3466625213623,9.00212478637695,6.41396236419678,5.76193761825562,-3.90252494812012,-1.19927501678467,-0.01801249943674,20.4600009918213,12.1330509185791,5.9650502204895,6.04800033569336,-1.19295001029968,-2.64000010490417,19.5859508514404,4.54305028915405,1.98600006103516,6.5637001991272,4.21423768997192,-5.32743740081787,4.5795750617981,3.20897507667542,-1.05022501945496,-0.20679999887943,-1.24822497367859,-2.49947500228882,-0.35505002737045,-9.39600086212158,-12.4009504318237,-2.88105010986328,-3.50205016136169,-2.22105002403259,-4.84395027160645,-25.6870517730713,-30.1020011901855,-11.7855377197266,-8.3907995223999,-6.5459623336792,-9.89051246643066,-12.040599822998,-11.4259748458862,7.11383724212646,7.53623723983765,5.10056257247925,-7.61700057983398,4.56195020675659,18.0150012969971,-3.00105023384094,2.0350501537323,12.903000831604,-15.4320011138916,-0.05100000277162,5.86200046539307,-7.14848756790161,-9.12023735046387,-7.37577486038208,-8.52445030212402,-1.84181249141693,10.2613496780396,2.31701254844666,0.1703625023365,-4.07247495651245,29.3380508422852,24.3910503387451,29.4769515991211,10.8730506896973,-0.33195000886917,2.39895009994507,21.4180507659912,30.928050994873,37.0810508728027,FAN
-3.97663736343384,-2.66557502746582,5.17907476425171,-10.7643251419067,11.4922494888306,11.9202871322632,1.7294750213623,-2.55268740653992,-2.47499990463257,31.5000019073486,38.332950592041,21.7309513092041,9.14400005340576,5.02800035476685,5.5290002822876,15.4320011138916,32.7949523925781,27.2980518341064,7.59219980239868,8.15402507781982,7.20321226119995,9.86246204376221,8.33566284179688,7.02762508392334,-1.65769994258881,-0.50366252660751,0.46309998631477,8.81895065307617,1.61205005645752,-2.69895005226135,2.95500016212463,0.91500002145767,-0.22905001044273,14.6080503463745,4.73205041885376,-1.25295007228851,6.01768732070923,5.8272500038147,5.12517499923706,6.1892876625061,5.60601234436035,4.78513765335083,1.01681244373322,0.70248746871948,-0.65890002250671,-5.14800024032593,-4.90395021438599,-4.26000022888184,-0.10905000567436,-0.79095005989075,-2.2350001335144,-10.1070003509521,-14.0580005645752,-10.8490505218506,-8.3773250579834,-3.27676248550415,-1.07868754863739,-21.3848247528076,-19.7108993530273,-17.6695747375488,7.90377473831177,5.96021223068237,2.27562499046326,-8.81205081939697,-8.95500087738037,-1.84905004501343,-4.00395011901855,-4.03500032424927,-1.44195008277893,-3.94905018806458,-1.28205001354218,-3.59700012207031,-0.73287498950958,-1.06878745555878,-5.55953741073608,-14.2408752441406,-9.63366222381592,-1.80248749256134,0.95974999666214,2.80802488327026,5.50591230392456,6.57600021362305,20.0839500427246,37.6339530944824,4.49895000457764,11.8020009994507,5.9089503288269,-4.88505029678345,-3.46500015258789,18.094051361084,-9.6476879119873,-2.82507491111755,1.56447494029999,11.0753498077393,13.227499961853,11.6741628646851,1.30721247196198,-0.79543751478195,-1.66402494907379,49.3609504699707,36.0349502563477,17.7139511108398,-2.59200000762939,6.14895009994507,4.50195026397705,32.4580497741699,27.7170009613037,17.8120517730713,5.43111228942871,6.77916240692139,5.5503249168396,10.1260499954224,8.70292472839355,6.54073762893677,-1.55044996738434,-0.62933748960495,0.87051248550415,7.50195026397705,3.22800016403198,-9.66900062561035,0.53400003910065,-0.05595000088215,-1.88505005836487,10.0849504470825,5.33295011520386,-10.8010501861572,5.22609996795654,-1.29181253910065,-7.1813497543335,5.85433769226074,2.33750009536743,-16.925012588501,0.49788749217987,-0.50916248559952,9.64356231689453,-9.99000072479248,-4.61700010299683,-4.27395009994507,-2.3689501285553,-1.66800010204315,-1.35600006580353,-15.7930507659912,-21.2809505462646,-14.4570007324219,-5.00678730010986,-4.4482626914978,-5.47786235809326,-13.3377752304077,-12.4507627487183,-5.90672492980957,5.4522876739502,4.26964998245239,3.48521256446838,-4.26000022888184,13.9069509506226,34.3680000305176,0.66600000858307,7.51395034790039,7.03905010223389,-4.54005002975464,-2.85900020599365,16.9639511108398,-8.16763782501221,-8.0216121673584,0.74758750200272,2.77585005760193,7.89442491531372,12.0988998413086,2.35523748397827,0.71114999055862,-2.29363751411438,40.3800010681152,31.0620021820068,18.8819999694824,-3.07995009422302,-1.60500001907349,1.20000004768372,30.7579517364502,26.6059513092041,24.2790012359619,FAN
4.46833753585815,-3.07890009880066,-6.60852479934692,5.84498739242554,10.4570121765137,-28.3146877288818,1.375,8.54975032806396,6.42977476119995,-7.22205018997192,-6.63000011444092,-5.53095006942749,-1.41105008125305,-1.49505007266998,-2.13705015182495,-8.19195079803467,-4.06095027923584,-4.32195043563843,-6.46208763122559,-5.57961225509644,-7.93553733825684,-22.3517246246338,-18.3793506622314,-3.07793736457825,3.8200249671936,1.64298748970032,5.52557516098022,-5.08095026016235,-0.83895003795624,51.7840538024902,-1.29405009746552,2.64600014686584,-1.62900006771088,-4.82505035400391,-5.27295017242432,33.4420509338379,-7.26440000534058,3.35623741149902,5.79974985122681,14.2459621429443,9.68879985809326,7.98682498931885,-2.24757504463196,-2.68276238441467,-1.58166253566742,42.0210037231445,8.00295066833496,-2.88795018196106,-2.11800003051758,1.66200006008148,-0.81495004892349,30.7890014648438,15.1470003128052,6.98700046539307,6.29708766937256,6.09193754196167,-0.1409374922514,6.91721248626709,6.35085010528564,15.2799625396729,-0.31226250529289,0.62287497520447,8.62496280670166,-9.93900012969971,-11.3520002365112,-9.36195087432861,-1.27995002269745,-3.09195017814636,-3.58095026016235,-4.07295036315918,-13.4569501876831,-11.7210006713867,4.94188737869263,7.90404987335205,10.4905624389648,29.1266250610352,24.8148994445801,20.9732875823975,-4.56128740310669,-5.64767503738403,-5.11444997787476,-4.85595035552979,5.05800008773804,23.8930511474609,-3.175950050354,-1.68900012969971,8.94105052947998,-6.04905033111572,-1.41600000858307,5.81400012969971,13.5544748306274,-3.51738739013672,-0.52277499437332,19.6149253845215,-18.8876876831055,-14.0971870422363,-0.29562500119209,-5.50412511825562,-1.22498750686646,60.7150535583496,46.6560020446777,18.8269500732422,1.46805012226105,0.34005001187325,1.47300004959106,47.6230506896973,28.0399513244629,20.3400001525879,1.3223375082016,2.07047510147095,2.21265006065369,-10.449725151062,-7.98352479934692,-6.18365001678467,1.9765625,3.04823756217957,3.16799998283386,10.5760507583618,4.65300035476685,-0.24000000953674,0.63495004177094,-0.05400000140071,-0.60900002717972,11.1940507888794,3.5269501209259,-5.79195022583008,1.36028754711151,-3.26823759078979,-13.6846876144409,-4.8449501991272,-5.79067516326904,-17.4486122131348,2.77433753013611,-1.83961248397827,4.79792499542236,-9.73095035552978,-15.8959503173828,-14.5360507965088,-2.42700004577637,-4.74405002593994,-8.11995029449463,-21.4270515441895,-34.0260009765625,-29.0650520324707,-7.51987504959106,-2.97948741912842,-1.94947493076324,-21.1569881439209,-19.6443500518799,-15.9343252182007,5.47868728637695,0.57887500524521,-0.99591249227524,-7.73400020599365,3.80505013465881,20.3160018920898,-5.28300046920776,0.54900002479553,8.27700042724609,-20.730001449585,-13.7100009918213,0.38595002889633,-2.8003249168396,-5.58043766021729,-4.58755016326904,-11.1007871627808,-3.54406237602234,10.1492872238159,0.68860000371933,3.46390008926392,-1.80454993247986,39.8029518127441,47.9820022583008,38.544002532959,11.377950668335,7.33905029296875,11.4229507446289,11.1840009689331,26.0239505767822,30.2290515899658,FAN
-2.97948741912842,-1.94947493076324,-2.8003249168396,-19.6443500518799,-15.9343252182007,-11.1007871627808,0.57887500524521,-0.99591249227524,0.68860000371933,3.80505013465881,20.3160018920898,39.8029518127441,0.54900002479553,8.27700042724609,11.377950668335,-13.7100009918213,0.38595002889633,11.1840009689331,-5.58043766021729,-4.58755016326904,0.06118749827147,-3.54406237602234,10.1492872238159,10.0328245162964,3.46390008926392,-1.80454993247986,-2.42880010604858,47.9820022583008,38.544002532959,21.1969509124756,7.33905029296875,11.4229507446289,7.84395027160645,26.0239505767822,30.2290515899658,16.8730506896973,5.84787511825562,7.72612476348877,6.14597511291504,9.07252502441406,6.44600009918213,5.15281248092651,-1.62786245346069,0.62273746728897,0.46887499094009,9.71205043792725,-0.91305005550385,-10.6309509277344,-0.73905003070831,-0.45405003428459,-3.39405012130737,6.9660005569458,-9.97995090484619,-17.2729511260986,0.38032498955727,-1.27764999866486,0.26936250925064,2.00694990158081,-16.1837501525879,-14.5721120834351,-2.38328742980957,2.5925624370575,-2.24083757400513,-10.9950008392334,-9.28995037078857,-3.41505026817322,-4.49805021286011,-4.12200021743774,-3.45600008964539,-26.2009506225586,-18.6640510559082,-15.2280006408691,0.47066250443459,0.11068750172853,-1.63556253910065,-13.2958374023438,-8.23748779296875,-3.19440007209778,-3.2907874584198,-0.98009997606277,3.7560875415802,9.84405040740967,22.0519504547119,40.0720520019531,2.47605013847351,8.02605056762695,18.2710514068604,-4.94295024871826,2.98395013809204,12.2520008087158,-7.22906255722046,-0.47547498345375,4.56995010375977,4.83931255340576,12.5365619659424,11.5814876556396,3.67468738555908,-1.04678750038147,-1.30157494544983,56.5060539245605,20.4600009918213,7.95195055007935,5.4859504699707,4.48695039749146,1.54005002975464,37.4040031433105,20.556001663208,11.3539505004883,6.64853763580322,6.84736251831055,5.7101001739502,10.0967626571655,8.69742488861084,7.51753759384155,-0.69217497110367,0.08621250092983,0.88440001010895,4.59105014801025,7.02105045318604,6.39795017242432,1.09395003318787,2.4019501209259,3.09795022010803,7.7989501953125,4.18800020217896,-2.97900009155273,4.06601238250732,-10.1172494888306,-3.62793755531311,6.19918727874756,-11.067512512207,-15.4184246063232,0.12526249885559,2.07789993286133,4.59236240386963,1.557000041008,-12.7930507659912,-13.3609504699707,1.09005010128021,-6.8100004196167,-3.72405028343201,-14.1169509887695,-28.6579513549805,-15.4489507675171,-0.11632499843836,1.17342495918274,-0.43559998273849,-14.814112663269,-10.4141120910645,-6.82302474975586,0.33866250514984,-3.91091251373291,-0.0027499999851,-3.89400029182434,21.901050567627,47.2950019836426,-0.24105000495911,13.1760005950928,12.4510507583618,-12.6900005340576,-1.80600011348724,18.4150505065918,-6.25707483291626,-8.56501197814941,-4.13476228713989,1.55457496643066,10.117525100708,12.1093502044678,5.33059978485107,2.44117498397827,0.78869998455048,38.4199523925781,40.8949508666992,28.7389507293701,-0.87495005130768,3.16995024681091,4.81005001068115,37.419002532959,42.1330528259277,27.3600006103516,FAN
-3.08068752288818,-4.94381237030029,-4.82845020294189,-9.99253749847412,-2.79097509384155,10.4766750335693,3.34730005264282,4.33949995040894,-0.16335000097752,38.7160530090332,36.7390518188477,32.7520523071289,4.4800500869751,-0.94695001840591,2.05695009231567,4.65495014190674,29.7109508514404,35.9250030517578,1.87055003643036,8.40812492370605,8.01776218414307,11.7761878967285,8.5849494934082,7.29258728027344,-1.7714124917984,-0.26991251111031,0.58918750286102,27.4630508422852,17.9100017547607,13.288950920105,4.78605031967163,-1.10699999332428,-2.23305010795593,38.7469520568848,9.83205032348633,-0.55395001173019,6.43046236038208,3.83638739585876,-2.99543738365173,5.9577374458313,4.40357494354248,1.80152499675751,0.61971247196198,-0.30195000767708,-2.62597489356995,9.37395000457764,2.03400015830994,-7.53495025634766,-2.09595012664795,-1.60005009174347,-1.14105010032654,-7.93800020217896,-18.8410511016846,-32.1970520019531,-10.4874000549316,-7.98600006103516,-3.6238124370575,-5.24163770675659,-12.2435503005981,-14.1655244827271,0.38816249370575,3.9203999042511,0.7041375041008,-11.4480009078979,-14.8690509796143,-6.85500049591064,2.08605003356934,1.12800002098084,0.28005000948906,-37.2559509277344,-21.363000869751,-18.400951385498,-0.87477499246597,-0.2058375030756,-0.45993748307228,-13.2576122283936,-11.2496995925903,-8.5256872177124,-3.73834991455078,-5.31300020217896,-3.74825000762939,0.18000000715256,13.0620002746582,45.2380523681641,0.5100000500679,2.17695021629334,10.8799505233765,-13.243950843811,-8.4330005645752,-2.23200011253357,-3.26163744926453,-7.3122501373291,-1.06067502498627,-2.75811243057251,6.4244122505188,10.1978244781494,2.6197874546051,3.19962501525879,0.06888750195503,71.2240524291992,63.9910545349121,16.0399513244629,11.4019508361816,5.02800035476685,7.41105031967163,29.6830520629883,42.4390525817871,15.8700008392334,3.88905000686646,7.09293746948242,6.6554126739502,9.65855026245117,8.70608711242676,6.81023740768433,-0.42239999771118,-0.13296249508858,0.95631247758865,8.36400032043457,5.55105018615723,-8.15100002288818,4.95900011062622,0.14595000445843,-2.43795013427734,7.0900502204895,1.86300003528595,-16.5670509338379,4.58535003662109,-8.76507472991943,-3.3188374042511,4.64983749389648,-12.05943775177,-15.4019250869751,-0.60376250743866,2.91444993019104,4.9754376411438,-9.56805038452148,-11.5030508041382,-12.4720506668091,-1.76595008373261,-1.8139500617981,-3.42300009727478,-31.9020023345947,-27.1230010986328,-14.7400503158569,-0.80602496862411,-0.29617500305176,-0.82761251926422,-14.3060503005981,-11.9418745040894,-9.06111240386963,2.71919989585876,0.8896250128746,0.6349750161171,-3.07995009422302,9.26895046234131,38.7379531860351,-1.71105003356934,4.54200029373169,13.0200004577637,-16.689001083374,-11.7610502243042,4.09305000305176,-2.96738743782043,-6.22201251983643,-3.00025010108948,-3.40147495269775,6.24896240234375,11.8765621185303,2.91733741760254,2.48874998092651,-0.3827999830246,57.763053894043,50.7640533447266,31.873950958252,7.23105049133301,2.79195022583008,5.32005023956299,28.5000019073486,44.544002532959,32.8690528869629,FAN
-0.33852499723434,-1.02629995346069,-4.86433744430542,-11.3629999160767,-7.05938768386841,7.78690004348755,-0.29796248674393,2.20907497406006,0.89512497186661,28.5220508575439,65.1589508056641,41.745002746582,-0.02700000070035,8.81100082397461,8.00400066375732,-11.1559505462646,16.2559509277344,36.4660530090332,-1.07951247692108,3.82662487030029,7.3816876411438,10.324049949646,9.54428768157959,8.30500030517578,-1.77113747596741,-2.39882493019104,-1.91936254501343,25.6960506439209,16.0139999389648,10.1380500793457,3.38295006752014,1.75995004177094,1.96605014801025,20.4480018615723,9.6709508895874,6.16605043411255,7.9267373085022,6.13621234893799,0.2216500043869,6.81339979171753,5.60106229782104,2.08972501754761,-0.35392498970032,-0.16307500004768,-1.90066254138947,8.03400039672852,2.45505023002625,-9.68100070953369,0.90495002269745,-0.64995002746582,-1.40400004386902,0.83895003795624,-13.7389507293701,-32.8669509887695,-10.3826246261597,-6.96877479553223,-3.7280375957489,-7.76489973068237,-13.1492624282837,-13.3483619689941,1.31092500686646,4.73027515411377,3.26122498512268,-10.2120008468628,-13.9620008468628,-5.73000049591064,-0.65700000524521,-2.63205003738403,-3.88005018234253,-38.6640014648438,-17.7739505767822,-10.2600002288818,-1.86656248569489,-1.43385004997253,-2.34671258926392,-11.8919620513916,-9.34408760070801,-4.46833753585815,1.40607500076294,1.05228745937347,3.04081249237061,9.11805057525635,38.3550033569336,58.6060523986816,-1.05705010890961,3.82605028152466,7.18800020217896,-12.78600025177,-0.11595000326633,28.7659511566162,-5.14593744277954,-3.08893752098084,5.79906225204468,5.00252485275269,11.3832120895386,9.36897468566894,2.82053756713867,-0.91382497549057,-1.57506251335144,57.6979522705078,35.7880516052246,6.24000024795532,10.288950920105,3.92895007133484,-1.54095005989075,42.7600517272949,36.8680534362793,4.35405015945435,7.96743726730347,8.21644973754883,7.24693727493286,7.94048738479614,7.09060001373291,6.20028734207153,-0.74387496709824,0.12003749608994,0.48592498898506,2.5530002117157,3.87495017051697,-0.65205001831055,0.67095005512238,1.62795007228851,1.78395009040833,1.51095008850098,0.54900002479553,-9.82395076751709,0.70179998874664,-9.94221210479736,-6.91033744812012,2.44873738288879,-13.550350189209,-16.2178497314453,-1.79643750190735,4.40453767776489,5.04734992980957,-14.0070009231567,-12.1990509033203,-11.943000793457,-0.60000002384186,-1.53795003890991,-3.3510000705719,-25.3270511627197,-31.9519519805908,-17.2590007781982,-2.91871237754822,-1.65316247940063,-1.24300003051758,-14.3251628875732,-12.1085252761841,-8.72850036621094,1.63405001163483,0.24516250193119,1.11210000514984,-5.3710503578186,9.52305030822754,39.0880508422851,-3.76500010490417,-0.93705004453659,8.19405078887939,-11.3449506759644,-12.0490503311157,-1.04700005054474,-2.52119994163513,-6.04986238479614,-3.78056240081787,-2.9250373840332,6.86303758621216,11.3301372528076,4.05831241607666,2.82535004615784,-0.51988750696182,63.5479545593262,44.8549537658691,23.7450008392334,12.9610509872437,6.72300052642822,3.76395010948181,22.2030010223389,37.126953125,29.7570018768311,FAN
-4.35930013656616,-8.96596240997314,-3.70039987564087,-1.80785000324249,7.09788751602173,13.7252502441406,5.31506252288818,3.9617874622345,-0.77151250839233,43.5700531005859,58.1170539855957,47.275951385498,11.9839506149292,2.37105011940002,2.95005011558533,11.6029500961304,44.745002746582,37.0189514160156,6.32884979248047,9.64672470092773,9.58691215515137,13.2932252883911,10.751537322998,8.63871288299561,-3.15906238555908,-2.97893738746643,-2.29075002670288,28.5619506835938,14.1940507888794,5.11995029449463,5.6650505065918,3.88395023345947,0.17700000107288,13.5330009460449,1.02795004844666,3.69300007820129,8.64709949493408,7.02968740463257,5.2586874961853,7.3830623626709,6.55572509765625,5.04418754577637,-1.32330000400543,-0.31845000386238,-0.55343747138977,0.32400000095367,-5.52195024490356,-10.2390003204346,-2.25195002555847,-2.37105011940002,-1.34400010108948,4.2960000038147,-2.84295010566711,-11.66100025177,-1.26802504062653,-9.39771270751953,-4.43121242523193,1.10027503967285,-13.8738870620728,-15.2754249572754,-2.48613739013672,10.8074998855591,9.53548717498779,-8.2630500793457,-9.14895057678223,-6.4480504989624,-1.44195008277893,-3.85605025291443,-3.25305008888245,-18.1639499664307,-13.7509508132935,-8.76600074768066,-3.36916255950928,-3.69256258010864,-5.56146240234375,-10.8619499206543,-7.88741254806519,-2.48462510108948,4.07948732376099,3.30206251144409,4.06615018844604,1.99500012397766,19.1689510345459,48.8230514526367,4.2960000038147,12.2230501174927,4.13295030593872,-5.19405031204224,-3.56100010871887,18.646951675415,-8.66676235198975,5.94288730621338,8.45803737640381,9.57783699035644,12.9640502929688,10.2268371582031,2.16548752784729,-3.84724998474121,-3.13444995880127,58.0530014038086,19.8210010528564,4.86105012893677,-1.31100010871887,2.3730001449585,-2.13195013999939,48.6450004577637,11.3970003128052,3.36195015907288,8.24188709259033,7.14711236953735,3.97581243515015,8.20049953460693,6.86097478866577,4.58974981307983,-2.01561260223389,-0.73218750953674,-0.34292501211166,-3.57495021820068,-12.1609506607056,-15.9990005493164,-3.58800005912781,-4.19400024414063,-2.36700010299683,-4.64805030822754,-17.0820007324219,-27.4030513763428,-6.24772500991821,-5.34943723678589,-5.41241264343262,-14.5239877700806,-14.145037651062,-10.3835878372192,8.23349952697754,6.72677516937256,2.91829991340637,-7.1569504737854,6.32400035858154,28.207950592041,-0.4420500099659,9.59700012207031,16.5859508514404,-16.5310516357422,-4.12604999542236,-1.74600005149841,-8.63651275634766,-5.00719976425171,4.68572521209717,2.95872497558594,11.3723497390747,12.6164503097534,1.85047495365143,-0.99673748016357,-3.28624987602234,41.685001373291,35.659049987793,24.3580513000488,-10.4230508804321,3.97500014305115,6.59400033950806,32.9680519104004,33.1420516967773,22.642951965332,9.60121250152588,8.43535041809082,6.41904973983765,8.37512493133545,7.17915010452271,5.50797510147095,-1.26307499408722,0.33329999446869,0.3242250084877,7.13595056533813,5.67795038223267,-7.04505014419556,-2.49795007705688,-1.71495008468628,-1.35105001926422,8.87895011901855,5.85195016860962,-10.4010000228882,FAN
7.14711236953735,3.97581243515015,-6.24772500991821,6.86097478866577,4.58974981307983,-14.5239877700806,-0.73218750953674,-0.34292501211166,8.23349952697754,-12.1609506607056,-15.9990005493164,-7.1569504737854,-4.19400024414063,-2.36700010299683,-0.4420500099659,-17.0820007324219,-27.4030513763428,-16.5310516357422,-5.34943723678589,-5.41241264343262,-8.63651275634766,-14.145037651062,-10.3835878372192,2.95872497558594,6.72677516937256,2.91829991340637,1.85047495365143,6.32400035858154,28.207950592041,41.685001373291,9.59700012207031,16.5859508514404,-10.4230508804321,-4.12604999542236,-1.74600005149841,32.9680519104004,-5.00719976425171,4.68572521209717,9.60121250152588,11.3723497390747,12.6164503097534,8.37512493133545,-0.99673748016357,-3.28624987602234,-1.26307499408722,35.659049987793,24.3580513000488,7.13595056533813,3.97500014305115,6.59400033950806,-2.49795007705688,33.1420516967773,22.642951965332,8.87895011901855,8.43535041809082,6.41904973983765,3.48136258125305,7.17915010452271,5.50797510147095,4.24380016326904,0.33329999446869,0.3242250084877,-0.24805000424385,5.67795038223267,-7.04505014419556,-12.5350503921509,-1.71495008468628,-1.35105001926422,-2.73495006561279,5.85195016860962,-10.4010000228882,-21.2980518341064,-9.65621280670166,-7.68790006637573,-6.30354976654053,-14.0927877426147,-13.5316495895386,-12.221549987793,8.42833709716797,5.18650007247925,2.56217503547669,-10.2460508346558,-4.89900016784668,15.0780010223389,-1.35105001926422,2.83995008468628,7.3080005645752,-23.3899517059326,-7.06395053863525,-1.98795008659363,-6.39209985733032,-4.77358770370483,2.84487509727478,-0.40356248617172,9.93671226501465,11.5256624221802,2.79867506027222,-1.71270000934601,-4.1281623840332,66.763053894043,46.5529518127441,25.4160003662109,-0.70500004291534,2.69400024414063,1.34100008010864,39.1110000610351,35.6640014648438,17.0860500335693,7.38141250610352,8.08004951477051,7.49443769454956,9.47072505950928,7.43118762969971,6.12809991836548,-3.52453756332397,-2.38438749313354,-1.29291248321533,10.1550006866455,4.84395027160645,1.2720000743866,-2.0029501914978,-0.49200001358986,0.72795003652573,8.93400001525879,5.01705026626587,0.64200001955032,6.60371255874634,5.17522478103638,-5.76908731460571,5.31286239624023,4.57242488861084,-0.33742499351501,-0.83077502250671,-0.80423748493195,-1.49352502822876,-4.90200042724609,-11.6440505981445,-14.0599508285522,-0.32400000095367,-2.60805010795593,-3.88695025444031,-7.44900035858154,-22.7059516906738,-27.8920516967773,-7.50873756408691,-4.89637517929077,-3.33052492141724,-15.4419374465942,-15.2088747024536,-13.6285877227783,8.03495025634766,4.29536247253418,0.8758749961853,-10.8490505218506,-5.21805047988892,2.00205016136169,-5.81700038909912,-2.84805011749268,1.65705013275146,-19.2390003204346,-8.13899993896484,-6.0730504989624,-2.77502489089966,-2.49301242828369,-4.76918745040894,-10.8596124649048,-6.1033501625061,1.44512498378754,-0.11233749985695,1.30157494544983,4.3828125,7.29600048065186,26.8720512390137,54.9780044555664,3.43605017662048,6.80700016021729,-2.74695014953613,-2.13600015640259,0.46005001664162,22.3110008239746,FAN
-7.14271259307861,-5.74172496795654,-5.11390018463135,-15.9961996078491,-14.312237739563,-11.8599252700806,6.96836233139038,3.62890005111694,1.69331252574921,-5.33700037002563,0.11295000463724,12.8440504074097,0.65205001831055,1.97595012187958,4.02705001831055,-10.7149505615234,-4.82295036315918,-7.03500032424927,-5.02163743972778,-6.66792488098145,1.40195000171661,-7.43641233444214,11.1823253631592,13.6998128890991,2.45176243782043,0.77481251955032,-2.98705005645752,30.5380516052246,43.8090019226074,31.7250022888184,3.67305016517639,3.02205014228821,5.46195030212402,3.91995024681091,37.3470001220703,27.3079509735107,8.80728721618652,8.51372528076172,7.65517473220825,8.94561290740967,7.39433765411377,6.39333724975586,-2.56712508201599,-1.51689994335175,-0.65284997224808,11.6080503463745,7.21005010604858,4.74600028991699,-0.57600003480911,-0.71505004167557,0.36705002188683,4.95195007324219,4.96905040740967,4.33004999160767,4.85553741455078,0.35640001296997,-7.53293752670288,4.14768743515015,2.03307509422302,-15.0255870819092,-0.84974998235703,-1.65041244029999,8.29908752441406,-4.82505035400391,-12.9300003051758,-2.29200005531311,-0.78600001335144,-4.05900001525879,0.33795002102852,-6.55605030059814,-15.4609508514404,-24.0660018920898,-6.35346269607544,-5.47030019760132,-4.86983728408813,-13.2627000808716,-11.125262260437,-4.07385015487671,4.78334999084473,2.17112493515015,2.49081254005432,1.28700006008148,-0.17805001139641,43.5190505981445,5.14305019378662,4.14705038070679,-1.51200008392334,-13.7610006332397,7.06095027923584,29.1180019378662,-6.61416244506836,-1.01090002059937,2.25390005111694,11.6765003204346,13.1394996643066,12.6442251205444,-0.03368749842048,-1.72136247158051,-1.71118748188019,47.6449508666992,29.7640514373779,15.2860507965088,0.25905001163483,1.02705001831055,0.85995006561279,38.2450523376465,30.4939517974854,17.2780513763428,7.45827484130859,7.12195014953613,6.30025005340576,7.3924126625061,6.39017486572266,5.99417495727539,0.48963749408722,1.17631244659424,1.6524749994278,-5.67300033569336,-13.7080507278442,-12.7650003433228,-1.76595008373261,-1.28895008563995,-0.48195001482964,2.80395007133484,-9.98505020141602,-19.8450012207031,-9.36938762664795,-7.40341234207153,-5.90823745727539,-26.7563991546631,-21.4814872741699,-16.9027366638184,5.86478757858276,4.02806234359741,2.77956247329712,-7.27005052566528,-3.26895022392273,14.568000793457,-1.34895002841949,-2.62500023841858,7.18305015563965,-12.6139507293701,-7.09695053100586,-6.40500020980835,-6.45232486724854,-8.82007503509521,-7.83227491378784,-10.5839252471924,-1.71338748931885,8.37512493133545,3.43241238594055,2.78684997558594,-1.7439124584198,37.3900527954102,48.4680023193359,37.4569511413574,10.417950630188,6.67800045013428,5.69895029067993,10.3200006484985,28.4020519256592,36.4800033569336,4.11963748931885,9.2295503616333,8.17024993896484,11.3694620132446,9.73692512512207,6.9137749671936,-4.67568731307983,-3.70576238632202,-1.38132500648499,23.4979515075684,14.8600511550903,8.73300075531006,6.07905006408691,2.04495000839233,-0.06105000153184,23.2830009460449,12.4819507598877,4.48305034637451,FAN
-0.37014999985695,-3.24142503738403,-6.87225008010864,-5.54977512359619,0.44426250457764,9.4455623626709,-0.85084998607635,5.63639974594116,4.58837509155273,42.1260032653809,75.8689498901367,66.6960067749023,4.20705032348633,1.84095013141632,4.50195026397705,1.00905001163483,46.4620513916016,51.5020523071289,-3.85811257362366,1.34378755092621,5.88706254959106,11.9306001663208,11.3382501602173,9.84376239776611,1.8156875371933,0.52813750505447,0.3301374912262,28.9620018005371,12.6619510650635,6.63105010986328,2.80605006217957,-0.79395002126694,1.81305003166199,22.4500503540039,6.90300035476685,2.96700024604797,7.47669982910156,7.39034986495972,5.19859981536865,8.42545032501221,7.38787508010864,5.34654998779297,0.62521249055862,0.87766247987747,-0.30305001139641,4.70295000076294,-4.39604997634888,-14.4859504699707,4.6690502166748,2.80605006217957,-2.08395004272461,-1.92300009727478,-19.9710006713867,-35.1970520019531,-10.5496873855591,-5.35782480239868,-2.97962498664856,-7.21916246414185,-14.4923620223999,-13.3666496276855,0.9978374838829,4.34060001373291,1.3996125459671,-10.8970508575439,-5.59395027160645,-0.36705002188683,0.60795003175735,2.91705012321472,0.70905005931854,-31.3849506378174,-20.3020515441895,-18.4990501403809,-1.57011246681213,-0.97240000963211,-1.53408753871918,-11.0250253677368,-8.48608779907227,-4.4313497543335,-0.47368749976158,-0.25877499580383,3.07559990882874,8.28299999237061,29.4529514312744,70.6320037841797,1.07504999637604,-0.83700001239777,14.6629505157471,-15.0780010223389,-0.19005000591278,39.4420509338379,-6.33489990234375,-4.41787481307983,1.57561254501343,5.61824989318848,11.6417121887207,11.3669872283936,3.44286251068115,0.53748750686646,-0.22068749368191,69.6990051269531,41.4169502258301,18.4489517211914,8.53395080566406,-1.1910001039505,0.32100000977516,62.0010032653809,25.3849506378174,4.21500015258789,9.44638729095459,9.08160018920898,7.05100011825562,8.15223789215088,7.07299995422363,5.69222497940063,0.26826250553131,0.64996248483658,0.74332499504089,8.11305046081543,8.86200046539307,5.47695016860962,0.3790500164032,3.09105014801025,3.16305017471313,5.82600021362305,0.99405002593994,-12.7219505310059,-0.0173249989748,-9.30448722839356,-5.95911264419556,1.95552504062653,-6.20193767547607,-12.4052495956421,-1.27916252613068,0.78539997339249,4.16336250305176,-6.58005046844482,-13.4160003662109,-13.2940502166748,-1.34400010108948,-4.58100032806396,-5.13000011444092,-27.5059509277344,-34.3300514221191,-27.7189521789551,-1.03482496738434,0.65986251831055,0.82926249504089,-12.8072996139526,-11.5292377471924,-10.5509252548218,-0.17517499625683,-4.00042486190796,-4.46902513504028,-8.33700084686279,0.14400000870228,11.0269508361816,-3.21900010108948,-0.33900001645088,1.91805005073547,-18.2239513397217,-14.7019510269165,-7.74900054931641,0.76202499866486,-2.33364987373352,-7.13171243667603,-6.94058752059937,-0.64817500114441,8.07193756103516,-2.63532495498657,4.61092519760132,3.26823759078979,43.7490005493164,53.4130516052246,51.2190017700195,12.7740001678467,13.9660511016846,2.50200009346008,5.5290002822876,34.0980033874512,40.1479530334473,FAN
-2.39800000190735,-1.00498747825623,-2.94538760185242,-14.0632247924805,-12.6634750366211,-4.6686749458313,2.12190008163452,-0.80189996957779,2.49672508239746,-6.83595037460327,7.21200037002563,45.4249534606934,-1.2150000333786,4.82505035400391,1.06605005264282,-10.5790500640869,-10.0729503631592,27.5830516815186,-6.13071250915527,-5.84402513504028,0.14052499830723,3.50803756713867,10.1404876708984,11.8798627853394,4.37648725509644,0.85456252098083,-1.37128746509552,54.8320541381836,44.2620010375977,24.7789516448975,5.96205043792725,8.20800018310547,2.65605020523071,33.5089530944824,35.4220504760742,24.0469512939453,6.07543754577637,8.17533779144287,7.04632472991943,10.6420869827271,7.87916231155396,6.47817516326904,-1.45763754844666,0.43450000882149,0.29837501049042,12.7699508666992,3.76005029678345,-1.44000005722046,0.56805002689362,0.65400004386902,-0.60405004024506,9.06105041503906,-0.45795002579689,-6.37200021743774,5.55706262588501,-8.38722515106201,-4.6628999710083,5.33761262893677,-15.9598999023438,-15.8289995193481,0.12897500395775,7.68996238708496,5.3503999710083,-11.9620504379272,-7.02300024032593,-9.14700031280518,-1.41600000858307,-2.79495024681091,-3.02505016326904,-17.8189506530762,-18.6229515075684,-9.77895069122314,-2.38507509231567,-1.60393750667572,-2.13097500801086,-14.5767869949341,-10.7552499771118,-6.73667478561401,1.78571248054504,-0.39022499322891,1.60723745822906,-1.60005009174347,11.6749505996704,38.2020034790039,-0.12300000339746,6.53895044326782,8.90205001831055,-12.8629503250122,-11.3110504150391,9.98700046539307,-7.09733724594116,-1.52872502803802,4.86818742752075,11.3939371109009,13.4681253433228,12.2740745544434,1.60421252250671,-1.14826250076294,-1.65495002269745,47.9659538269043,24.1110019683838,10.701000213623,5.73195028305054,3.88095021247864,1.44405007362366,46.1959533691406,26.3760013580322,8.40900039672852,7.85097503662109,7.09981250762939,5.90823745727539,10.2723503112793,7.79762506484985,6.82261228561401,-1.01846253871918,0.72311252355576,0.6289250254631,3.06600022315979,-3.12000012397766,-9.31005001068115,0.30195000767708,-0.09705000370741,-0.5830500125885,4.03695011138916,-3.39795017242432,-16.5090007781982,2.3095874786377,-6.67383766174316,-2.86412501335144,4.47851228713989,-19.1764373779297,-17.6758995056152,-1.63253748416901,6.86014986038208,3.70039987564087,-13.2910509109497,-11.7090005874634,-7.64295053482056,-2.2300500869751,-5.59905004501343,-3.72405028343201,-25.5049514770508,-20.7640514373779,-10.2120008468628,-1.26568746566772,-1.59128749370575,-4.35764980316162,-15.2084627151489,-7.02322483062744,0.31143748760223,0.12484999746084,2.81270003318787,6.2137622833252,3.23805022239685,42.8389511108398,52.9650039672851,-0.35100001096725,8.87595081329346,5.54295015335083,-11.6080503463745,1.02105009555817,21.6139507293701,-7.16429996490479,-4.00001239776611,8.25,8.28313732147217,11.6983623504639,9.47966289520264,3.6345374584198,0.12773749232292,-1.80056250095367,48.0450019836426,35.0820007324219,18.0559501647949,-0.54704999923706,2.2150502204895,3.55800008773804,40.0120506286621,33.6790504455566,8.02200031280518,FAN
-1.26568746566772,-1.59128749370575,-4.35764980316162,-15.2084627151489,-7.02322483062744,0.31143748760223,0.12484999746084,2.81270003318787,6.2137622833252,3.23805022239685,42.8389511108398,52.9650039672851,-0.35100001096725,8.87595081329346,5.54295015335083,-11.6080503463745,1.02105009555817,21.6139507293701,-7.16429996490479,-4.00001239776611,8.25,8.28313732147217,11.6983623504639,9.47966289520264,3.6345374584198,0.12773749232292,-1.80056250095367,48.0450019836426,35.0820007324219,18.0559501647949,-0.54704999923706,2.2150502204895,3.55800008773804,40.0120506286621,33.6790504455566,8.02200031280518,9.79591274261475,8.95069980621338,4.33812475204468,7.90638732910156,6.93715000152588,3.68554997444153,-1.03001248836517,-0.13034999370575,-0.9590625166893,13.1410503387451,10.5190505981445,6.19995021820068,2.22900009155273,-0.23100000619888,-1.70100009441376,6.3120002746582,-0.07500000298023,-14.6419506072998,-4.7372875213623,-10.2260122299194,-6.18241262435913,-0.50558751821518,-7.00658750534058,-11.5869874954224,-2.32952499389648,3.51133751869202,6.55902481079102,-11.2870502471924,-21.4960517883301,-16.8870010375977,-7.89705038070679,-10.2490501403809,-9.68805027008057,-38.0599517822266,-40.1700019836426,-23.3740520477295,-0.75226247310638,-0.89883750677109,-2.27259993553162,-11.9871120452881,-9.38052463531494,-4.54602479934692,-0.7598249912262,-1.17081248760223,2.56643748283386,14.4769506454468,39.7939529418945,62.7859535217285,5.5570502281189,8.61705017089844,3.54900026321411,-7.69605016708374,0.73095005750656,20.3380508422852,-6.87486267089844,-4.25878763198853,1.97463750839233,7.88177490234375,10.7901744842529,10.737099647522,2.6137375831604,-0.30373749136925,-1.61150002479553,59.7289543151855,36.7440032958984,22.6080017089844,-3.05100011825562,-0.60405004024506,3.03600025177002,42.4990501403809,45.6649513244629,22.6720504760742,7.66122484207153,8.8858003616333,7.98228740692139,9.00240039825439,7.42500019073486,6.27082490921021,-1.26183748245239,-0.24791249632835,0.47781249880791,11.6509504318237,7.72995042800903,1.3900500535965,-0.87000006437302,-2.79495024681091,-3.18300008773804,9.38400077819824,-0.45105001330376,-13.8799505233765,6.1665997505188,-1.29827499389648,-10.3457746505737,5.36222505569458,2.68276238441467,-10.5454254150391,0.80217498540878,-1.38256251811981,5.64533758163452,-10.3510503768921,-13.267050743103,-16.3800010681152,-1.16505002975464,-1.45005011558533,-3.16605019569397,-34.7200508117676,-39.5110511779785,-18.9540004730225,-5.95842504501343,-3.47613739967346,-2.68482494354248,-13.8127002716064,-13.1913375854492,-11.241174697876,5.3842248916626,2.04641246795654,0.05417500063777,-6.75000047683716,3.98700022697449,22.3039512634277,-3.91800022125244,0.50100004673004,9.61605072021484,-9.48900032043457,-5.76900005340576,-0.76695001125336,-3.36847496032715,-5.73099994659424,-5.58098745346069,-7.56291246414185,0.9288125038147,11.557562828064,0.86391252279282,3.48163747787476,0.14300000667572,45.9780006408691,47.484001159668,45.3870010375977,5.40195035934448,-2.47395014762878,-3.10605025291443,11.3179502487183,34.419002532959,47.484001159668,FAN
-6.92780017852783,-4.36562490463257,-4.12431240081787,-16.9215755462646,-15.9508247375488,-12.319037437439,5.15294981002808,0.8232125043869,0.04482499882579,-7.16700029373169,7.52100038528442,45.097053527832,0.34500002861023,5.52195024490356,5.5620002746582,-14.7570009231567,-8.66100025177002,10.94700050354,-5.69648742675781,-7.96963739395142,-4.58809995651245,-4.4349250793457,7.06007480621338,11.2560253143311,3.61006259918213,1.93655002117157,-1.76371252536774,55.6729507446289,43.9260025024414,22.8420009613037,-2.18700003623962,1.92105007171631,3.78105020523071,44.4460525512695,37.8880500793457,21.5059509277344,1.26912498474121,5.44775009155273,6.83484983444214,11.0389127731323,9.11845016479492,6.62942504882813,-2.42921257019043,-1.49311244487762,0.66165000200272,9.55905055999756,3.87195014953613,4.60305023193359,-1.5859500169754,-2.37105011940002,2.19600009918213,8.52705001831055,3.60405015945435,-5.15295028686523,5.21509981155396,-1.81252503395081,-4.5069751739502,5.07581233978271,1.8738499879837,-14.0584125518799,-0.1544124931097,-2.63271260261536,4.47039985656738,0.37005001306534,-4.83900022506714,-24.5950508117676,-0.16395001113415,-4.38495016098022,-13.1670007705688,-10.8589506149292,-24.5970020294189,-15.5250005722046,-0.05802499875426,1.60434997081757,1.21261250972748,-15.7177619934082,-14.3120994567871,-11.0866250991821,-1.05159997940063,-5.75877475738525,-5.05353736877441,-11.1750001907349,11.331000328064,57.6190528869629,-7.88295030593872,6.43905019760132,24.2470512390137,-15.0630006790161,-4.22700023651123,19.6030502319336,-2.92709994316101,-7.84451246261597,-4.12692499160767,-1.81060004234314,12.0373001098633,11.7381000518799,4.43258762359619,0.02488750033081,-0.92083752155304,55.5049514770508,34.8640518188477,10.6699504852295,11.4760503768921,0.3120000064373,2.0500500202179,43.4590530395508,24.0370502471924,19.0039501190186,0.23361249268055,4.57063770294189,6.05948734283447,10.7754621505737,9.90989971160889,8.92347526550293,-1.1591249704361,-0.44659999012947,0.82692497968674,6.16395044326782,7.85400056838989,7.67895030975342,5.19300031661987,2.12400007247925,1.91100013256073,15.7099504470825,12.0660009384155,3.5590500831604,5.78627490997314,4.00180006027222,-1.11539995670319,7.73313760757446,5.94000005722046,2.54127502441406,1.52638745307922,1.17411243915558,-1.60379993915558,0.58500003814697,-15.4990510940552,-14.1220502853394,-2.04299998283386,-6.4680004119873,-6.54000043869019,-12.4990501403809,-27.3409519195557,-31.6290016174316,-4.48483753204346,-0.69478750228882,0.2253624945879,-17.7583999633789,-16.8702869415283,-14.3350620269775,6.31936264038086,3.09196257591248,0.30346250534058,-13.0609502792358,-1.09995007514954,11.1220502853394,-5.63700008392334,-1.69095003604889,3.29205012321472,-12.292950630188,-6.70005035400391,0.80505001544952,-1.75999999046326,-8.31036281585693,-2.38191246986389,-5.9742374420166,9.21662521362305,14.0536003112793,3.23908758163452,1.96996247768402,-1.25372505187988,42.9900016784668,38.5300521850586,21.1399517059326,6.71400022506714,-2.76705002784729,-0.34605002403259,30.6859512329102,40.677001953125,29.4409523010254,FAN
-5.16587495803833,-1.62360000610352,6.76321268081665,10.5874996185303,12.0350999832153,16.0102252960205,1.90863752365112,2.52285003662109,19.8961124420166,0.9709500670433,13.1809501647949,37.359001159668,3.58500027656555,7.11900043487549,10.5690002441406,-5.24895048141479,1.67700004577637,20.170051574707,5.61907482147217,6.17141246795654,6.88503742218018,-15.9072370529175,-13.9691753387451,-9.55900001525879,-18.3589992523193,-8.92251205444336,-0.1357125043869,48.3079528808594,37.0050010681152,10.6270503997803,2.07600021362305,7.2480001449585,1.95195007324219,39.4249534606934,25.10205078125,9.56100082397461,6.21348762512207,4.35489988327026,-4.24489974975586,-7.50832509994507,-5.4064998626709,-8.35133743286133,1.46794998645782,1.59321248531342,-4.84522485733032,5.40000009536743,0.90600001811981,-13.5640506744385,-0.01995000056922,-0.31695002317429,-5.70705032348633,-0.96105003356934,-10.8469505310059,-21.4150505065918,-8.29633712768555,-1.98508751392365,1.33402502536774,-19.3883247375488,-21.3122253417969,-19.3054122924805,3.14105010032654,1.6686999797821,-3.64567494392395,-10.8280506134033,-5.31600046157837,-4.01295042037964,-4.38495016098022,0.5869500041008,1.02300000190735,-10.2910509109497,-6.19695043563843,-7.26495027542114,1.84854996204376,1.60572504997253,0.90268748998642,-16.293888092041,-13.6254253387451,-10.3225374221802,-6.17966270446777,-6.80019998550415,-4.43602514266968,-4.91100025177002,2.63205003738403,37.1430015563965,-0.42495003342628,3.40995025634766,6.81900024414063,-10.1839504241943,-12.6660003662109,10.0110006332397,-4.65093755722046,-9.92516231536865,-0.97899997234344,-0.78388750553131,11.6771869659424,11.2734870910645,7.4441123008728,3.98667502403259,1.76508748531342,72.9790496826172,47.5129508972168,-0.85500001907349,1.46295011043549,3.01905012130737,-2.51805019378662,56.3670043945313,47.5560035705566,-0.33105000853539,2.10815000534058,3.54598736763,2.70709991455078,9.7777624130249,8.55263710021973,7.31073760986328,1.82283747196198,2.18831253051758,4.63388729095459,-8.96205043792725,-13.6360502243042,-7.76505041122437,-2.05305004119873,-2.54595017433167,-0.03705000132322,-6.48405027389526,-13.9140005111694,-10.2700500488281,1.43563747406006,0.32491248846054,-0.52525001764297,-27.1869125366211,-21.2789497375488,-11.9482002258301,-0.53996247053146,-1.68959999084473,-0.17916250228882,-4.83195018768311,-3.73305010795593,10.8589506149292,0.07005000114441,-0.83895003795624,7.22895050048828,-7.9350004196167,-15.1729507446289,-10.0570507049561,-1.81445002555847,-7.08358764648438,-0.70757502317429,-7.14092493057251,10.2583246231079,12.9663877487183,3.0552499294281,2.85161256790161,-0.05816249921918,39.1879501342773,54.1789512634277,33.6570014953613,9.15105056762695,3.00300025939941,5.9170503616333,1.5619500875473,54.3799514770508,22.7730007171631,5.31519985198975,7.95891237258911,7.82677507400513,11.8633623123169,9.94633769989014,8.35408782958984,-0.96703749895096,-0.63607501983643,0.11123749613762,18.8890514373779,10.2820501327515,6.65700054168701,3.3880500793457,-0.04905000329018,-1.01595008373261,7.70595026016235,4.89705038070679,-1.06095004081726,FAN
-0.2909500002861,-2.11887502670288,-7.97967481613159,-8.21644973754883,-3.43626236915588,7.19248723983765,-3.4925000667572,2.12602496147156,4.45912504196167,37.045051574707,67.0650024414063,62.2210540771484,14.2729511260986,9.16995048522949,5.01900005340576,-3.91095018386841,39.4750518798828,48.1879539489746,-5.93669986724854,-0.65092498064041,4.56087493896484,11.5211248397827,11.8643245697021,10.8238620758057,1.71710002422333,0.04083750024438,-0.32917499542236,34.7160034179688,13.5310506820679,3.40995025634766,6.07200050354004,3.36900019645691,1.22100007534027,32.0699996948242,3.96105027198792,1.55895006656647,6.65128755569458,6.71976232528687,5.28550004959106,9.46948719024658,8.49804973602295,7.14505004882813,0.11096250265837,1.10494995117188,1.08019995689392,2.13195013999939,1.05705010890961,-1.44195008277893,-1.56900012493134,-0.97305005788803,0.27795001864433,2.54805016517639,-0.91800004243851,-6.81195020675659,-8.605299949646,-0.66907501220703,1.35506248474121,-11.3575000762939,-17.6943244934082,-15.4574747085571,3.76103758811951,2.5113000869751,-2.03926253318787,-13.417950630188,-10.9660501480103,-8.26800060272217,-3.21405005455017,-3.25005006790161,-1.60005009174347,-22.6120510101318,-20.2849502563477,-18.5370006561279,1.22911250591278,0.84741246700287,0.58891248703003,-12.5331249237061,-9.82286262512207,-6.89163732528687,-3.74398756027222,-3.51257491111755,-0.95383751392365,-3.79995012283325,9.70500087738037,40.6729507446289,0.02895000204444,1.98795008659363,5.66805028915405,-18.7620010375977,-13.4640007019043,-4.47600030899048,-7.57088756561279,-4.98478746414185,1.04238748550415,8.31173706054688,11.9605751037598,11.8490619659424,5.44018745422363,1.66856253147125,-0.05499999970198,71.1540069580078,32.6470527648926,12.9109506607056,10.9830007553101,0.74505001306534,1.44195008277893,51.7410011291504,21.3979511260986,5.2350001335144,5.81501245498657,7.18148756027222,7.10545015335083,10.5759496688843,9.15942478179932,8.22401237487793,-0.56430000066757,-0.33206251263618,0.1575749963522,6.84405040740967,4.00200033187866,1.03800010681152,2.95995020866394,1.32705008983612,1.04895007610321,2.33295011520386,-0.30000001192093,-4.68900012969971,5.15528726577759,-3.21090006828308,-10.4435377120972,6.45260000228882,2.03211259841919,-9.72771263122559,0.08084999769926,-1.64312493801117,2.52931237220764,-1.62195003032684,-4.75605010986328,-7.76295042037964,0.69195002317429,0.12495000660419,-1.69905006885529,-9.37005043029785,-15.2359504699707,-17.355001449585,-4.49116230010986,-0.81523752212524,0.94641250371933,-14.1840877532959,-13.4294872283936,-11.9447622299194,3.90197491645813,1.01983749866486,-3.39789986610413,-7.4320502281189,-7.9830002784729,-10.1620502471924,-2.72805023193359,-2.17005014419556,-3.03000020980835,-16.5550498962402,-14.3020505905151,-14.7109508514404,1.40621244907379,1.18277502059937,1.2780624628067,-10.358699798584,-7.69587516784668,-6.38412475585938,-6.2378249168396,-6.63066244125366,-4.9652624130249,-6.76200008392334,8.94600009918213,54.6769523620605,-2.23305010795593,1.81305003166199,12.7980003356934,-16.1430015563965,-13.3969507217407,2.48595023155212,FAN
0.34924998879433,0.98449999094009,0.30456250905991,-13.6906003952026,-9.18087482452393,-5.41543769836426,-1.3336124420166,-4.25672483444214,0.06751249730587,-9.45300006866455,24.5970020294189,53.8200035095215,-2.10105013847351,6.47400045394897,9.29505062103272,-21.4650001525879,-1.33395004272461,15.808051109314,-5.05065011978149,-4.58053731918335,3.39707493782043,2.61277508735657,11.4387626647949,10.8791370391846,7.18685007095337,2.29212498664856,1.00237500667572,63.6409530639649,26.1730518341064,7.83000040054321,3.10605025291443,0.77400004863739,-0.16905000805855,42.9570007324219,23.461950302124,7.75800037384033,6.33545017242432,6.46167516708374,5.32936239242554,9.44900035858154,8.76273727416992,6.83952474594116,1.27916252613068,1.41061246395111,1.42614996433258,3.95400023460388,3.74295020103455,3.05595016479492,2.24595022201538,1.77900004386902,1.82505011558533,3.64005017280579,-1.70805013179779,-11.5360507965088,-8.3621997833252,-4.14053726196289,1.4025000333786,-3.47545003890991,-15.6921873092651,-12.6933126449585,-1.55182504653931,2.60975003242493,-3.65873742103577,-14.5240507125854,-14.5870504379272,-0.82200002670288,-1.08600008487701,-2.88405013084412,0.85995006561279,-27.5760021209717,-22.2889518737793,-15.7219505310059,1.44210004806519,1.25881254673004,0.05939999967813,-10.2152872085571,-8.0140495300293,-3.72982501983643,-3.98461246490479,-3.14833736419678,3.33354997634888,6.33105039596558,34.5529518127441,64.8430557250977,0.9700500369072,2.6290500164032,4.74300003051758,-14.848051071167,-3.40095019340515,35.0940017700195,-5.92377519607544,-4.80122518539429,0.25561249256134,6.42784976959229,10.9498128890991,11.2722501754761,6.57208728790283,2.71562504768372,0.76326251029968,68.9970016479492,42.9730529785156,22.0999507904053,5.02395009994507,1.59195005893707,0.550950050354,43.1650505065918,30.4699516296387,14.9290504455566,5.1148624420166,7.08221244812012,6.95172500610352,10.1520376205444,8.7362003326416,7.63276243209839,0.18864999711514,0.36286249756813,0.70248746871948,10.0260000228882,6.20400047302246,3.40500020980835,0.86700004339218,0.52005004882813,-0.08295000344515,6.01005029678345,1.66200006008148,-7.03800010681152,5.10867500305176,-1.50562500953674,-8.79284954071045,5.98565006256104,2.68991255760193,-8.52939987182617,0.43958750367165,-1.0867999792099,3.05621242523193,-0.10395000129938,-11.9530506134033,-13.1929502487183,1.4389500617981,-0.78195005655289,-1.47105002403259,-19.7989501953125,-29.7349510192871,-25.677001953125,-3.83515000343323,-0.8622624874115,0.48317500948906,-14.2742872238159,-13.7292375564575,-11.9223499298096,3.4126124382019,-0.45100000500679,-3.87571239471436,-10.6620006561279,-8.55495071411133,-2.2540500164032,-1.80600011348724,-1.99605011940002,-0.41805002093315,-15.9439506530762,-18.1540508270264,-14.6899509429932,0.60307496786118,0.40700000524521,-2.29872488975525,-9.79825019836426,-7.10325002670288,-0.17655000090599,-4.68613767623901,-2.84707498550415,5.75313758850098,14.167950630188,47.2710037231445,65.1280517578125,3.84300017356873,4.81005001068115,5.32005023956299,-11.4840002059937,5.16495037078857,46.9890022277832,FAN
2.50442504882813,2.3868625164032,2.056725025177,-12.1622877120972,-9.71024990081787,-7.00920009613037,-5.51306247711182,-5.84663724899292,-3.48136258125305,-2.2870500087738,13.5310506820679,44.8770027160645,-2.06505012512207,2.67900013923645,8.65995025634766,-20.8069515228271,-16.8370513916016,-3.76005029678345,0.01539999991655,-5.24644994735718,-5.65936231613159,-1.98549997806549,5.48239994049072,10.4985370635986,5.1148624420166,7.36436223983765,3.37493753433228,59.0650520324707,66.3370513916016,43.7059516906738,7.52295017242432,7.7359504699707,4.61205005645752,25.6339511871338,45.6259536743164,26.97705078125,4.0002875328064,7.10599994659424,6.12163734436035,10.6394748687744,9.49932479858398,7.22232484817505,-0.28325000405312,-0.16307500004768,0.66109997034073,8.79705047607422,3.98295021057129,1.64595007896423,0.58005005121231,-1.0639500617981,2.70795011520386,4.34595012664795,2.89500021934509,-5.50995016098022,2.3368124961853,-7.72117519378662,-2.19092488288879,5.05683755874634,-1.11182498931885,-14.8725500106812,-0.54780000448227,-2.56973743438721,1.97010004520416,-1.8229501247406,-8.13195037841797,-11.5170001983643,3.14205026626587,-0.96105003356934,-1.61505007743835,-15.0340509414673,-21.7890014648438,-21.9349517822266,0.06531249731779,0.88934999704361,0.80121248960495,-13.1366128921509,-10.7116622924805,-5.61591243743896,-2.32017493247986,-5.09107494354248,-1.35066246986389,-7.07595014572144,0.60405004024506,60.2989540100098,-0.30300000309944,1.02300000190735,15.2449502944946,-19.7059516906738,-15.2239503860474,-1.62195003032684,-3.93580007553101,-5.316575050354,-0.06159999966621,0.75322496891022,10.8673124313354,10.8270254135132,7.17392492294312,3.26507496833801,1.56846249103546,76.9440002441406,31.0399513244629,15.7789506912231,2.54295015335083,1.68105006217957,3.14205026626587,54.1210517883301,21.9540004730225,6.12495040893555,5.20354986190796,7.23483753204346,7.046875,9.82203769683838,8.52678775787354,7.64816236495972,0.78485000133514,0.85965001583099,1.71256244182587,6.03405046463013,2.86200022697449,2.27505016326904,1.53705012798309,-1.59300005435944,-0.13005000352859,0.38400000333786,-2.33505010604858,-8.55105018615723,-5.04927492141724,-4.4554123878479,1.31601250171661,-0.26812499761581,-12.0022373199463,-11.5609998703003,-0.99728751182556,3.04741239547729,-4.08388757705688,-4.69305038452148,-9.61605072021484,-9.95595073699951,0.57495003938675,-0.9250500202179,-2.13195013999939,-21.8269519805908,-20.8069515228271,-20.3569507598877,1.82971251010895,1.71971249580383,1.41363751888275,-9.74283790588379,-8.19981288909912,-6.48642492294312,-6.73612499237061,-7.38636255264282,-6.0645751953125,-7.98105049133301,1.00200009346008,25.312952041626,-2.02905011177063,1.57095003128052,6.54105043411255,-21.6349506378174,-16.2319507598877,-6.78600025177002,0.91588747501373,-5.26789999008179,-7.14656257629395,-3.38648748397827,3.98516249656677,9.72853755950928,0.02076249942183,8.71131229400635,5.66279983520508,77.1810073852539,66.72705078125,58.7350540161133,14.2530002593994,3.61095023155212,7.05105018615723,7.7920503616333,52.0309524536133,31.3950023651123,FAN
-0.12787500023842,-4.32423734664917,-6.62213754653931,-9.60918712615967,-1.72342503070831,2.50538754463196,-2.27810001373291,2.38576245307922,2.85972499847412,44.9220008850098,57.2170524597168,48.2460021972656,17.6700000762939,10.5420007705688,-0.03495000302792,12.4800004959106,37.0590019226074,37.7299499511719,-4.97048759460449,-0.37578749656677,3.89179992675781,10.9836378097534,11.2070751190186,10.3805627822876,0.68598747253418,0.18012499809265,0.44123750925064,24.7860012054443,13.3440008163452,6.09405040740967,1.70505011081696,5.07105016708374,1.34295010566711,30.0349521636963,19.5090007781982,10.1809501647949,5.29237508773804,5.76069974899292,4.73783731460571,9.82327461242676,8.14453792572021,6.87444972991943,0.85373747348785,2.36678743362427,2.16521239280701,2.03595018386841,0.01995000056922,-3.96300029754639,-0.70995002985001,-0.55905002355576,-0.65700000524521,2.5530002117157,-5.41200017929077,-15.0010509490967,2.34863758087158,-8.16145038604736,-2.33722496032715,5.42533731460571,-13.7366628646851,-17.057975769043,0.37950000166893,2.72043752670288,2.51748752593994,-8.88300037384033,-3.89100027084351,-4.63095045089722,-2.03595018386841,1.32000005245209,5.78205013275146,-21.0180015563965,-28.7779521942139,-21.6280517578125,-0.13172499835491,-0.23223750293255,-2.38878750801086,-12.0737371444702,-9.59640026092529,-5.20217514038086,-3.01180005073547,-3.0743625164032,1.02795004844666,-0.60900002717972,31.5430507659912,56.941951751709,3.61800026893616,11.4570007324219,2.68200016021729,-13.150050163269,3.45600008964539,40.7059516906738,-7.57019996643066,-5.6883749961853,-0.21601249277592,3.9675624370575,11.4867496490479,12.1134748458862,3.98172497749329,2.22420001029968,1.70018744468689,63.6240043640137,38.685001373291,15.6040506362915,-8.22105026245117,-2.09895014762878,3.04095005989075,56.7259521484375,37.6440010070801,17.6350517272949,4.07976245880127,5.51251268386841,5.47057485580444,10.7654247283936,9.07266235351562,7.72914981842041,1.66925001144409,1.88154995441437,2.38507509231567,5.9239501953125,-0.24000000953674,-2.55795001983643,1.91100013256073,0.46005001664162,-0.25005000829697,4.94205045700073,-3.43200016021729,-8.72294998168945,4.03081226348877,-2.63161253929138,-6.28746223449707,6.30011224746704,2.94167494773865,-15.3509120941162,2.0257875919342,-1.67117500305176,1.9013500213623,-3.97500014305115,-6.97995042800903,-2.87400007247925,0.26805001497269,1.1539500951767,4.96605014801025,-20.0220012664795,-26.5699520111084,-32.8480529785156,-1.64821243286133,0.11604999750853,0.98559999465942,-15.5043621063232,-12.8170623779297,-10.4928998947144,-0.30360001325607,-2.84418749809265,-4.15525007247925,-2.80695009231567,-7.68600034713745,3.92295026779175,5.20095014572144,-0.37200000882149,-0.38205000758171,-24.2070007324219,-19.3630504608154,-17.5050010681152,0.8925125002861,-0.85552501678467,-5.00390005111694,-7.9935622215271,-4.34596252441406,2.68688750267029,-3.14173746109009,1.86752498149872,5.45847511291504,32.9940032958984,66.0499496459961,68.5399551391602,3.96000027656555,3.10605025291443,6.85305023193359,-8.96505069732666,26.9479503631592,44.3140525817871,FAN
-0.4657124876976,-0.02268750034273,-2.73982501029968,-10.1246747970581,-8.3510627746582,-0.90708750486374,-2.86302495002747,-3.35060000419617,3.71525001525879,-2.75595021247864,7.18605041503906,65.1400527954102,-0.28095000982285,2.93100023269653,7.44900035858154,-15.0420007705688,-2.3779501914978,37.359001159668,-7.21421241760254,-2.27988743782043,2.52848744392395,9.9094877243042,13.2324495315552,11.6688003540039,3.4406623840332,1.46946251392365,0.521399974823,66.1259994506836,42.4180526733398,20.2969512939453,-6.09900045394897,1.4389500617981,5.13795042037964,55.1670036315918,27.1350021362305,5.3779501914978,6.56122493743896,7.6502251625061,7.15536260604858,9.80581283569336,8.01666259765625,6.8153247833252,0.27500000596046,0.53391247987747,1.09422504901886,5.59095048904419,0.8359500169754,-1.65495002269745,2.06400012969971,-1.19805002212524,-1.56495010852814,3.5110502243042,0.34995001554489,-5.30205011367798,-2.01698756217957,-9.55941200256348,-1.7051374912262,1.82517504692078,-11.7039995193481,-13.5552997589111,-1.84511244297028,3.90582489967346,0.84149998426437,-8.12400054931641,-7.06095027923584,-9.82005023956299,-0.86295002698898,-0.22605000436306,-3.1279501914978,-20.8860015869141,-31.9360523223877,-11.7300004959106,-0.3799124956131,-0.2253624945879,-0.3632749915123,-11.8156499862671,-9.32071208953857,-6.82247495651245,-2.49026250839233,-2.82053756713867,-1.57643747329712,-1.92600011825562,5.7180004119873,37.6290016174316,-1.13595008850098,2.57895016670227,1.81800007820129,-15.8800506591797,-11.1220502853394,-1.21695005893707,-1.80083751678467,-6.02621269226074,-2.74862504005432,-1.25853753089905,10.145712852478,13.531925201416,4.8035626411438,5.03800010681152,1.82503747940063,77.7940521240234,61.6180534362793,39.6240005493164,-3.13800024986267,-7.74705028533936,-1.41600000858307,44.5660514831543,59.7169532775879,28.8090019226074,1.69592499732971,6.49316263198853,9.15736198425293,11.7838878631592,9.41654968261719,7.37659978866577,0.49018749594688,0.02694999985397,0.43821248412132,20.0940017700195,6.81705045700073,1.60695004463196,2.05200004577637,1.05405008792877,-1.73205006122589,2.64900016784668,1.21695005893707,1.2150000333786,9.1137752532959,7.76104974746704,3.69833755493164,6.28911256790161,5.39893770217896,2.83552503585815,1.14936244487762,1.45598745346069,-0.2744500041008,-4.30995035171509,-6.9060001373291,-9.1830005645752,-2.69205021858215,-1.10699999332428,0.76395004987717,-0.81495004892349,-7.23900032043457,-13.0590009689331,-5.93958759307861,-3.44409990310669,-2.50827503204346,-17.3412246704102,-14.1769371032715,-11.7810001373291,6.34356260299683,0.32491248846054,-2.06126260757446,-8.60100078582764,-5.62695026397705,-1.23105001449585,-1.20795011520386,-4.4089503288269,-3.50205016136169,-17.3860511779785,-8.66100025177002,-6.19695043563843,-1.58221244812012,-1.63267493247986,-4.52058744430542,-6.67342519760132,-4.69961261749268,1.16655004024506,-1.51442503929138,-0.14079999923706,4.65588760375977,0.71700000762939,23.7070503234863,71.7150039672852,5.59605026245117,14.3299503326416,12.0940504074097,-1.59495007991791,-0.41700002551079,49.9770011901855,FAN
-1.12887501716614,-1.25537502765656,-2.94497489929199,-10.496337890625,-5.3072247505188,-0.8816499710083,-2.11474990844727,0.97033751010895,3.99863743782043,21.0510005950928,69.0780029296875,74.0490036010742,0.40005001425743,13.3270502090454,9.66105079650879,-9.421950340271,21.5730018615723,48.5140533447266,-4.98973751068115,-0.71995002031326,3.83611249923706,11.7022123336792,11.6396503448486,10.3970623016357,0.37950000166893,-0.92207497358322,-1.20257496833801,44.487003326416,18.1039505004883,7.45905017852783,1.00305008888245,0.54900002479553,0.43395000696182,36.2670021057129,19.8589515686035,6.86505031585693,6.52973747253418,6.87568759918213,5.64176225662231,8.87961292266846,7.76476240158081,6.50732517242432,-0.72723752260208,-0.11728750169277,0.24543750286102,5.92905044555664,3.76005029678345,-5.47395038604736,0.28995001316071,-0.10200000554323,-1.5619500875473,4.10895013809204,-3.59700012207031,-18.457950592041,1.40744996070862,-8.35367488861084,-4.15442514419556,4.53695011138916,-9.86782455444336,-15.1783494949341,-0.4628250002861,4.83463764190674,3.88643741607666,-13.6819505691528,-11.943000793457,-7.41300058364868,-4.28894996643066,-1.85895013809204,1.10205006599426,-35.6320533752441,-35.5750503540039,-21.4680004119873,-2.33268737792969,-1.79244995117188,-2.18322491645813,-13.6703872680664,-11.3233995437622,-8.28987503051758,0.84782499074936,-0.55715000629425,-0.16719999909401,-0.81900006532669,13.381950378418,40.9500007629395,3.39300012588501,9.53205013275146,4.53495025634766,-18.5920505523682,-16.8780002593994,-2.2110002040863,-3.25751256942749,-5.76317501068115,3.63549995422363,-3.43736243247986,6.32857513427734,10.5534000396729,2.51679992675781,2.42054986953735,-1.85982501506805,77.6520004272461,71.5230026245117,18.480001449585,-0.18105000257492,7.8870005607605,0.04605000093579,44.1990013122559,50.6689529418945,3.39300012588501,7.17447519302368,7.74069976806641,7.13611268997192,8.87534999847412,7.52496242523193,6.63822507858276,-1.57753753662109,-0.58987498283386,0.04138749837875,7.26300048828125,6.41295051574707,8.07194995880127,-3.06105017662048,-1.1380500793457,1.83705008029938,1.9039500951767,2.62500023841858,0.31695002317429,5.50797510147095,-1.22210001945496,-8.67611217498779,5.29443740844727,2.16768741607666,-4.58397483825684,-0.3755125105381,-1.76673746109009,0.7177500128746,7.94700050354004,1.15995001792908,-10.0710000991821,2.94300007820129,1.59195005893707,-3.15405011177063,-8.53905010223389,-22.17405128479,-27.8250007629395,-6.66270017623901,-3.20306253433228,0.65491247177124,-10.4125995635986,-12.2324123382568,-10.9224500656128,4.04607486724854,2.42687487602234,-4.68379974365234,-13.8949508666992,-16.7890510559082,1.34400010108948,-4.81605005264282,-4.47105026245117,0.55605000257492,-27.6910514831543,-27.2260513305664,-20.9890518188477,0.81853747367859,0.47121250629425,-4.10038757324219,-9.02577495574951,-5.56297492980957,3.28982496261597,-5.24961233139038,-1.34956252574921,6.60440015792847,30.9640522003174,77.8750534057617,72.2820053100586,4.67895030975342,5.52600049972534,4.69800043106079,-10.9330501556396,27.3960018157959,50.7160530090332,FAN
0.33302500844002,-0.89622497558594,-5.55637502670288,-8.4970874786377,-4.19512510299683,5.35699987411499,-2.97151255607605,2.04476237297058,5.56338739395142,48.1120529174805,78.808952331543,67.7160034179688,3.35205006599426,1.71705007553101,-5.76705026626587,-11.4120006561279,55.2109527587891,55.302001953125,-4.76506233215332,-0.74140000343323,8.77992534637451,10.7732620239258,10.7320127487183,8.23831272125244,2.48421239852905,0.8926500082016,0.44440001249313,33.1900520324707,18.4780502319336,11.367000579834,-3.00105023384094,2.78205013275146,0.65400004386902,32.1630020141602,8.94300079345703,8.00699996948242,9.55803775787354,7.64568758010864,-10.3195123672485,7.37247514724732,5.80690002441406,-2.95845007896423,1.42560005187988,1.19886255264282,-1.85363745689392,8.73300075531006,5.66100025177002,-10.2409505844116,-0.92100006341934,-0.21705001592636,-1.23900008201599,-1.0969500541687,-9.91500091552734,-36.6450004577637,-9.14581203460693,-5.13521242141724,-2.02138757705688,-9.94289970397949,-12.0180501937866,-12.3301753997803,3.57170009613037,3.81452488899231,0.46268749237061,-11.5750503540039,-12.6060009002686,-9.56805038452148,-3.12600016593933,-3.54495024681091,-3.37005019187927,-29.6080513000488,-18.1039505004883,-21.3049507141113,-0.1883749961853,0.26317501068115,-0.05967500060797,-11.4415121078491,-9.57013702392578,-5.96516227722168,-3.7453625202179,-4.85361242294312,-0.71816247701645,-0.84600001573563,28.7730007171631,78.0619506835938,-2.33295011520386,2.56500005722046,6.69000053405762,-20.2710018157959,-6.3550500869751,48.2359504699707,-5.28604984283447,-0.5020124912262,3.86608743667603,6.14968729019165,12.0346870422363,10.3343620300293,5.40897512435913,0.07218749821186,-0.23828749358654,78.808952331543,14.4220504760742,4.71000003814697,2.80605006217957,1.357950091362,0.86505001783371,67.7520065307617,9.45105075836182,0.94395005702972,6.83581256866455,6.27852487564087,5.2199125289917,8.66332530975342,6.53977489471436,5.75863742828369,0.16637499630451,0.52497500181198,0.3106124997139,1.92600011825562,-4.21005010604858,-8.45205020904541,2.12205004692078,2.01600003242493,-1.61700010299683,-7.7989501953125,-15.9060010910034,-23.5390510559082,-8.44978713989258,-3.49772500991821,-1.34860002994537,-8.00607490539551,-15.5845251083374,-13.9939250946045,1.58908748626709,2.58981251716614,-0.22879999876022,-14.4409503936768,-9.46005058288574,-5.48295021057129,-3.04695010185242,-1.06200003623962,-1.84500002861023,-27.3220520019531,-26.1940517425537,-20.3310012817383,-0.31900000572205,0.23388749361038,0.13846249878407,-11.7001495361328,-7.47367477416992,-3.46871256828308,-1.970787525177,-1.83864998817444,2.99282503128052,-4.92300033569336,24.4780502319336,74.5399551391602,-1.35405004024506,-3.70305013656616,0.94395005702972,-18.6499500274658,-0.98505002260208,16.3699512481689,-3.81301236152649,-2.64577507972717,2.6168999671936,6.44902515411377,12.558424949646,12.0020999908447,5.77871227264404,1.2725625038147,-0.73974996805191,78.808952331543,58.5559539794922,24.8059520721436,4.86795043945313,-1.03800010681152,-1.34400010108948,61.0170021057129,37.207950592041,5.60295009613037,FAN
1.11498749256134,-2.0208375453949,-7.87297487258911,-5.18361234664917,0.8427374958992,8.34927463531494,-3.51463747024536,7.66204977035522,7.62341260910034,46.8090019226074,78.808952331543,77.9299545288086,9.04395008087158,7.21695041656494,3.59700012207031,-8.3899507522583,37.2610511779785,50.7360038757324,-6.49371242523193,-2.37971258163452,2.81338739395142,11.0448246002197,10.97181224823,10.1894378662109,4.48511266708374,2.31783747673035,0.90639996528625,39.6889533996582,15.8989505767822,5.50995016098022,6.59400033950806,5.53305006027222,-0.02505000121891,24.2640018463135,2.94105005264282,5.03595018386841,6.6203498840332,7.53940010070801,6.6929497718811,9.22404956817627,8.52403736114502,7.29052495956421,0.70482498407364,1.26829993724823,1.13561248779297,4.1380500793457,3.88695025444031,1.18605005741119,-0.31695002317429,1.7650500535965,0.65400004386902,4.99500036239624,1.67895007133484,-3.59505009651184,-9.06317520141602,-4.73687505722046,-2.37751245498657,-3.80297493934631,-14.8057250976563,-14.2920246124268,-0.32243749499321,7.5523247718811,4.24324989318848,-11.0310001373291,-11.1480007171631,-8.2300500869751,-3.53700017929077,-1.95495009422302,0.75705003738403,-20.8410015106201,-26.8930511474609,-18.3550510406494,-1.00485002994537,-1.00402498245239,-1.22952497005463,-10.5995998382568,-8.34927463531494,-5.06261253356934,-0.8427374958992,-1.1834625005722,1.31408751010895,-0.40800002217293,14.3790006637573,60.3270034790039,3.01200008392334,2.11695003509521,0.20595000684261,-15.3340511322021,-11.8500003814697,18.2500514984131,-4.37868738174438,-0.39050000905991,4.36851263046265,3.79390001296997,13.0345878601074,11.2535495758057,5.80291223526001,0.13062499463558,-0.41112500429153,78.808952331543,18.715051651001,9.4079999923706,1.62795007228851,1.17105007171631,-1.13100004196167,65.3500518798828,14.6920509338379,7.10505056381226,7.17887496948242,7.48921251296997,4.48882484436035,9.39221286773682,8.04773712158203,5.57727479934692,-0.04991250112653,0.51094996929169,-0.01058750040829,5.67300033569336,3.9060001373291,0.46305000782013,-1.0110000371933,0.51495003700256,0.19695000350475,5.58705043792725,3.57105016708374,-7.76295042037964,-0.91272497177124,-9.11514949798584,-1.16544997692108,3.41742491722107,-4.85237503051758,-14.8121871948242,-1.47798752784729,0.53872501850128,-0.25176250934601,-2.97900009155273,-7.96395015716553,-10.3459501266479,-0.3120000064373,-2.38800001144409,-2.66595005989075,-14.1870002746582,-20.2470016479492,-27.901050567627,0.67622500658035,1.02891254425049,0.92056250572205,-12.9799995422363,-11.0379495620728,-8.73743724822998,-4.06546258926392,-5.84388732910156,-5.31024980545044,-10.4130001068115,-1.39605009555817,14.5030508041382,-0.23595000803471,-0.28095000982285,1.7980500459671,-20.5459518432617,-21.0510005950928,-16.2030010223389,0.63703751564026,-2.37861251831055,-7.32173728942871,-5.8170747756958,-0.27156248688698,8.00800037384033,-2.0208375453949,6.15546226501465,6.27247476577759,48.0730514526367,78.808952331543,67.9360504150391,9.96795082092285,2.09295010566711,-6.7819504737854,2.02395009994507,43.6699523925781,46.359001159668,FAN
-0.10119999945164,0.00756249995902,-0.37001249194145,-10.9400501251221,-9.84843730926514,-3.42622494697571,-3.69407486915588,-4.20144987106323,0.66701251268387,-2.36400008201599,1.37805008888245,70.5480041503906,3.38295006752014,2.99595022201538,-2.05800008773804,-18.5370006561279,-16.6579513549805,42.5160026550293,-6.05673742294312,-5.73154973983765,2.21924996376038,7.18368768692017,12.5698375701904,11.1240253448486,6.58611249923706,3.48356246948242,1.95126247406006,73.7040023803711,38.5270500183105,-0.1950000077486,0.4650000333786,-4.92600011825562,0.22800001502037,61.045051574707,36.2020530700684,2.54595017433167,4.94257497787476,5.65124988555908,3.0775249004364,9.52806282043457,8.17080020904541,6.2983250617981,2.07487487792969,2.17662501335144,1.99539995193481,-4.72200012207031,-6.42000007629395,-7.61700057983398,0.52500003576279,1.11105000972748,-1.63605010509491,-2.53095006942749,-6.21600008010864,-13.6270503997803,-0.2245374917984,0.29053750634193,0.53831249475479,-25.1985244750977,-19.554838180542,-11.4141502380371,-0.59496247768402,-2.05686259269714,-2.3588125705719,-8.625,-7.4850001335144,-2.44305014610291,-1.66305005550385,-0.71505004167557,1.29795002937317,-20.0310001373291,-22.8250503540039,-19.0039501190186,0.45361250638962,0.21999999880791,-0.87381249666214,-8.45803737640381,-5.82972478866577,-1.32481253147125,-1.63418745994568,0.19387499988079,5.43743753433228,4.44900035858154,31.431001663208,78.808952331543,1.34295010566711,-1.57905006408691,-8.17304992675781,-17.7640514373779,-5.18400001525879,38.5560035705566,-5.44156265258789,-3.96055006980896,0.30634999275208,8.36673736572266,13.2807121276855,12.6005001068115,7.45909976959229,3.29353737831116,1.65192496776581,78.808952331543,36.0400505065918,9.78900051116943,-5.97705030441284,-3.21405005455017,-3.32895016670227,73.5120010375977,38.7379531860351,11.4810009002686,4.17422485351563,5.64561223983765,4.85086250305176,10.809287071228,9.00542449951172,6.36583757400513,1.2500125169754,1.3087249994278,0.92496252059937,6.01005029678345,8.06505012512207,-0.57300001382828,-0.72705000638962,1.93005013465881,-0.32400000095367,1.32195007801056,-4.3560004234314,-20.0070018768311,-4.17133760452271,-7.30881261825562,-3.35060000419617,1.94342494010925,-11.5401000976563,-14.0347623825073,-1.39246249198914,4.29481267929077,1.37073743343353,-12.2950506210327,-16.2979507446289,-11.167950630188,-3.6499502658844,-0.9300000667572,2.53800010681152,-28.957052230835,-34.6650009155273,-31.7560520172119,-1.02396249771118,0.11178749799728,0.31803750991821,-12.7887372970581,-10.7278871536255,-8.58976268768311,-2.67588758468628,-4.97406244277954,-5.06371259689331,-1.26495003700256,7.77705049514771,34.8949508666992,2.04704999923706,3.36195015907288,7.48005056381226,-21.1330509185791,-8.16495037078857,14.3020505905151,-2.72525000572205,-5.90947484970093,-4.904212474823,-1.85019993782043,3.24898743629456,12.6308870315552,2.38039994239807,4.19210004806519,1.49146246910095,55.1580009460449,52.7850036621094,33.0990028381348,3.99900007247925,0.62295001745224,3.09600019454956,45.6240005493164,52.4140510559082,44.3239517211914,FAN
-2.72525000572205,-5.90947484970093,-4.904212474823,-1.85019993782043,3.24898743629456,12.6308870315552,2.38039994239807,4.19210004806519,1.49146246910095,55.1580009460449,52.7850036621094,33.0990028381348,3.99900007247925,0.62295001745224,3.09600019454956,45.6240005493164,52.4140510559082,44.3239517211914,-0.21023750305176,3.65035009384155,4.84151268005371,12.7479000091553,11.3878870010376,9.6294002532959,1.05311250686646,1.4803249835968,1.97408747673035,13.7179508209229,4.68600034713745,1.27905011177063,2.31300020217896,-0.81495004892349,-1.32795011997223,20.6560516357422,3.77400016784668,-5.2150502204895,4.80919981002808,3.47407507896423,-0.98491251468658,8.09930038452148,6.3562126159668,3.28734993934631,2.34011244773865,1.58523750305176,-1.22443747520447,-0.12000000476837,-6.00495052337646,-9.45300006866455,0.73305004835129,0.3160500228405,-1.12604999542236,-11.496000289917,-20.2969512939453,-25.2220516204834,-3.98612499237061,0.19937500357628,1.28411245346069,-16.9400005340576,-16.8227119445801,-13.7601747512817,2.8445999622345,-0.74717497825623,-3.03517508506775,-8.48400020599365,-5.44005012512207,-6.07005023956299,1.20195007324219,1.05405008792877,-0.41805002093315,-30.6760520935059,-28.7820014953613,-20.8909511566162,1.54013752937317,1.44210004806519,0.50338751077652,-11.2545127868652,-8.79793739318848,-5.36910009384155,-4.07563734054565,-3.68720006942749,-0.09075000137091,2.88600015640259,24.1950016021729,71.1809997558594,0.3120000064373,2.89695024490356,4.47495031356812,-18.7069511413574,-5.38305044174194,24.1159515380859,-4.27583742141724,-5.93106269836426,1.09532499313354,2.51473736763,10.0504245758057,10.4214000701904,5.81198740005493,3.46362495422363,1.19515001773834,78.808952331543,56.4199523925781,6.93900012969971,1.86300003528595,0.01200000010431,3.01005005836487,64.9840545654297,43.2649536132813,4.20705032348633,3.96357488632202,4.73371267318726,4.64543724060059,9.15447521209717,7.87806224822998,6.90030002593994,1.11842501163483,1.21343743801117,1.30487501621246,2.3449501991272,1.50705003738403,-1.08300006389618,3.31605005264282,1.53000009059906,-0.58799999952316,-2.88600015640259,-8.425950050354,-13.9189510345459,1.20848751068115,-7.71815013885498,-2.17799997329712,3.98282504081726,-8.55181217193604,-15.4984502792358,-0.28421249985695,0.19868749380112,1.24808752536774,-4.74600028991699,-9.16095066070557,-10.9350004196167,-0.67395001649857,-1.38300001621246,1.53000009059906,-18.4680004119873,-25.0519504547119,-29.836051940918,0.49334999918938,1.59362494945526,1.42408752441406,-13.8862628936768,-11.3242244720459,-6.90236234664917,-1.84112501144409,-4.11372518539429,-4.13627481460571,-6.64005041122437,-1.08000004291534,24.6790504455566,1.60395002365112,0.56505000591278,4.87005043029785,-26.8669509887695,-20.053050994873,2.16795015335083,-0.7902125120163,-5.71243762969971,-1.25427496433258,-1.94988751411438,11.8454875946045,12.3282499313354,2.46358752250671,3.04548740386963,1.93324995040894,67.4100036621094,46.0240516662598,17.3790016174316,9.83595085144043,-1.15005004405975,3.13905024528503,32.4460525512695,51.400951385498,19.5570011138916,FAN
-0.7902125120163,-5.71243762969971,-1.25427496433258,-1.94988751411438,11.8454875946045,12.3282499313354,2.46358752250671,3.04548740386963,1.93324995040894,67.4100036621094,46.0240516662598,17.3790016174316,9.83595085144043,-1.15005004405975,3.13905024528503,32.4460525512695,51.400951385498,19.5570011138916,2.72868752479553,4.73838758468628,4.83601236343384,11.1559247970581,9.6294002532959,8.15925025939941,1.62909996509552,1.76247501373291,1.85913753509521,4.88505029678345,1.54800009727478,1.33395004272461,2.48595023155212,0.90300005674362,1.20000004768372,4.22205018997192,-2.50005006790161,-7.75800037384033,3.89345002174377,0.52964997291565,-8.20132541656494,6.73791265487671,4.80328750610352,-10.1458501815796,1.55003750324249,-0.25272500514984,-0.57296252250671,-0.87195003032684,-5.09595012664795,-6.60900020599365,1.15200006961823,-0.8890500664711,-1.2679500579834,-12.8680505752563,-16.6150512695313,-20.3590507507324,-1.20133745670319,1.20724999904633,1.70637500286102,-16.407600402832,-14.232762336731,-11.5570125579834,0.83778750896454,-2.00873756408691,-3.54309988021851,-8.06205081939697,-6.19005012512207,-5.22000026702881,1.21200001239777,2.18595004081726,2.27505016326904,-26.4700508117676,-26.0719509124756,-18.5250015258789,1.66182494163513,1.36317503452301,0.80423748493195,-9.44748783111572,-7.40520000457764,-4.97200012207031,-4.32189989089966,-3.58820009231567,-0.73287498950958,1.34895002841949,12.8029508590698,42.175952911377,1.96395003795624,0.28005000948906,-1.30800008773804,-17.601001739502,-6.45600032806396,22.3939514160156,-2.53550004959106,-7.10338735580444,-3.07711243629456,0.6374499797821,10.4205751419067,13.1110372543335,6.77998733520508,4.71597480773926,2.52986240386963,60.2479515075684,52.5409507751465,30.6979522705078,6.30900049209595,-1.54305005073547,-2.32800006866455,52.8259506225586,50.7139511108398,37.1170501708984,2.10003757476807,5.44472503662109,6.30877494812012,12.5171747207642,10.7343502044678,9.03264999389648,2.03142499923706,2.17428755760193,2.34794998168945,15.9829511642456,5.88105010986328,1.37805008888245,-0.10200000554323,-0.71700000762939,-0.51300001144409,11.8069505691528,5.95800018310547,1.87995004653931,6.13194990158081,4.64447498321533,1.65824997425079,7.69958734512329,6.30217504501343,4.89912509918213,2.37448740005493,2.09879994392395,0.28366249799728,-0.47895002365112,-1.70100009441376,-7.17405033111572,1.7650500535965,1.63995003700256,0.33795002102852,-3.19695019721985,-6.46500015258789,-13.2150001525879,-10.4809370040894,-3.03352499008179,-0.73493748903275,-5.61893749237061,-19.9394245147705,-16.5853881835938,-2.43622493743896,1.39342498779297,-1.48293745517731,-10.8870000839233,-8.30400085449219,-2.80695009231567,-1.20105004310608,-1.46205008029938,-0.27405002713203,-19.3540515899658,-26.5939521789551,-27.1519508361816,-0.01677500084043,0.47409999370575,0.53102499246597,-12.7532625198364,-10.1704626083374,-7.94571256637573,-2.63491249084473,-3.3796124458313,-3.35582494735718,-3.15405011177063,1.43700003623962,10.7200508117676,-0.03195000067353,1.48695003986359,4.6360502243042,-16.3780498504639,-10.0450506210327,-2.70405006408691,FAN
-0.06613750010729,-4.33028745651245,-6.76224994659424,-5.08901262283325,0.94036251306534,11.2140874862671,-0.58244997262955,4.93418741226196,2.74986243247986,38.5080032348633,69.2580032348633,58.3300514221191,14.2650003433228,6.08895015716553,-2.14904999732971,15.2830505371094,40.7610015869141,48.6409530639649,-1.95497500896454,2.52257490158081,5.03428745269775,12.3529996871948,11.3711128234863,9.61908721923828,1.53972494602203,1.02849996089935,1.0509124994278,36.8200531005859,17.2180500030518,6.29505014419556,6.29700040817261,4.77195024490356,-0.78900003433228,28.3180522918701,6.97305011749268,-0.97800004482269,5.09052515029907,4.29178762435913,-3.96206259727478,7.86431264877319,6.44008731842041,0.50586247444153,1.3087249994278,1.48500001430511,-2.30944991111755,-2.53905010223389,-5.90505027770996,-4.22895002365112,-3.60705018043518,-0.19005000591278,2.1739501953125,-3.79305028915405,-8.32605075836182,-9.3550500869751,-6.25968742370605,-0.03836249932647,0.49142500758171,-14.9870872497559,-17.291036605835,-11.3822498321533,2.65911245346069,0.34622499346733,-3.48315000534058,-5.87895011901855,-8.02605056762695,-5.79195022583008,-0.32400000095367,-0.2119500041008,2.49000000953674,-14.3950510025024,-19.5379505157471,-16.8210010528564,0.28421249985695,0.44247499108315,0.40603750944138,-8.77236270904541,-6.57772493362427,-3.80943751335144,-3.23606252670288,-2.31068754196167,1.29882502555847,-0.65205001831055,15.3120002746582,50.2210540771484,1.89405012130737,0.54405003786087,1.2960000038147,-15.3960008621216,-6.21600008010864,20.7180004119873,-3.8674623966217,-6.3892126083374,-2.22131252288818,3.2818500995636,11.5048999786377,13.1524248123169,8.09517478942871,5.19612503051758,2.82039999961853,66.9469528198242,48.8370018005371,28.6480522155762,-0.06300000101328,-0.53505003452301,1.01805007457733,48.8659515380859,46.3090515136719,24.0510005950928,2.92063736915588,6.34012508392334,7.26426267623901,12.1178750991821,10.2265625,8.62578773498535,1.82077503204346,1.65659999847412,1.7742999792099,13.7110509872437,6.83205032348633,4.17900037765503,0.69495004415512,0.34005001187325,0.63705003261566,5.98905038833618,3.94200015068054,0.06105000153184,6.84433746337891,5.32606267929077,0.46502500772476,7.32434988021851,5.91662502288818,3.31924986839294,1.82902503013611,1.34529995918274,-0.85469996929169,0.85305005311966,-0.49905002117157,-1.52805006504059,-0.26205000281334,0.37605002522469,1.03694999217987,-2.26095008850098,-3.78405022621155,-8.80905055999756,-6.60591268539429,-1.97175002098084,0.37606251239777,-13.8344249725342,-15.2597503662109,-13.9306745529175,4.10795021057129,1.88622498512268,-2.37462496757507,-8.42100048065186,-9.80295085906982,-10.2169504165649,-3.56100010871887,-3.31995010375977,-0.84600001573563,-18.9900016784668,-21.2599506378174,-17.6920509338379,0.85978752374649,0.33082500100136,-2.00942492485046,-11.8346252441406,-7.39681243896484,-2.03582501411438,-5.39165019989014,-4.84068727493286,2.61497497558594,-6.30495023727417,34.8379516601563,56.7360038757324,0.32400000095367,13.0900506973267,5.57205009460449,-13.4950504302979,19.8210010528564,51.528003692627,FAN
-2.01341247558594,-1.17356252670288,0.56319999694824,20.8988990783691,17.9398994445801,15.8478374481201,3.26397490501404,2.62171244621277,2.62033748626709,-3.01695013046265,0.82695001363754,11.6110506057739,-0.52799999713898,-0.39405003190041,1.99005007743835,-10.5570001602173,-5.50305032730103,-5.62200021743774,4.69479990005493,1.8298499584198,0.85813748836517,16.0841999053955,19.278600692749,23.934211730957,6.4114875793457,14.1743249893188,4.57242488861084,42.1020011901855,64.2250518798828,29.9290523529053,7.23600053787232,5.9089503288269,3.78795027732849,12.8770503997803,48.0610504150391,19.2439517974854,4.26318740844727,5.36579990386963,4.7399001121521,20.7605743408203,17.0865745544434,11.852087020874,1.32274997234344,0.3119874894619,0.3827999830246,10.7890501022339,1.95000004768372,-0.69300001859665,0.30405002832413,-0.46800002455711,1.02705001831055,2.31600022315979,0.9250500202179,-7.3609504699707,1.13066244125366,-7.05498743057251,-3.99437499046326,8.5563497543335,1.53188753128052,-12.5134620666504,-0.10312499850988,-0.07892499864101,6.4128623008728,-2.70105004310608,-8.31405067443848,-10.7170505523682,1.45605003833771,-3.06795024871826,-6.56895017623901,-11.4450006484985,-16.4730014801025,-23.2090511322021,1.08803749084473,1.11539995670319,0.84892499446869,-11.6601371765137,-9.88020038604736,-7.90171241760254,-1.11416244506836,-3.86209988594055,-4.04029989242554,-9.19695091247559,-1.0440000295639,20.2999515533447,-0.76695001125336,1.83900010585785,10.4470500946045,-16.9210510253906,-11.4739503860474,-0.26595002412796,-6.39869976043701,-7.61186265945435,-4.08333730697632,6.21665000915527,13.3517999649048,13.7110872268677,7.17942476272583,3.8422999382019,1.84277498722076,63.5190048217773,30.609001159668,10.9210500717163,-5.95800018310547,1.08300006389618,2.47395014762878,52.9290008544922,38.3950500488281,20.7109508514404,0.08648750185966,3.56661248207092,3.0793125629425,12.5611753463745,8.28575038909912,7.45676231384277,1.31986248493195,2.01987504959106,1.98508751392365,3.96300029754639,-4.39200019836426,-7.65795040130615,0.23295001685619,1.09905004501343,-3.68400025367737,3.68100023269653,-18.400951385498,-23.4190502166748,-7.36188745498657,-0.426662504673,2.03541254997253,-8.41486263275146,-16.6615619659424,-14.7587003707886,2.23561239242554,2.29075002670288,-1.68657493591309,-7.95195055007935,-8.91495037078857,-10.5070505142212,-5.69205045700073,-6.56100034713745,-2.35500001907349,-21.5040016174316,-18.6790504455566,-13.2240009307861,2.83442497253418,2.5414125919342,1.97683751583099,-12.6779127120972,-10.1844873428345,-7.48880004882813,-5.36167478561401,-5.61893749237061,-3.78894996643066,-3.81000018119812,5.16495037078857,17.1799507141113,-0.66195005178452,2.32500004768372,7.53795051574707,-17.2660503387451,-16.6579513549805,-8.46195030212402,0.60321247577667,-4.82831239700317,-7.50694990158081,-3.9890124797821,3.37741255760193,10.5639877319336,0.91382497549057,7.03628730773926,3.86622500419617,50.2020034790039,64.5390014648438,50.4150009155273,9.19695091247559,4.69995021820068,3.19200015068054,13.4689502716064,46.47900390625,54.0709533691406,FAN
0.60321247577667,-4.82831239700317,-7.50694990158081,-3.9890124797821,3.37741255760193,10.5639877319336,0.91382497549057,7.03628730773926,3.86622500419617,50.2020034790039,64.5390014648438,50.4150009155273,9.19695091247559,4.69995021820068,3.19200015068054,13.4689502716064,46.47900390625,54.0709533691406,-3.66506242752075,4.6883373260498,5.72055006027222,12.466025352478,10.5367622375488,9.16726207733154,1.51469993591309,0.65312498807907,1.22581243515015,29.5630512237549,4.47600030899048,0.9300000667572,3.56100010871887,-0.80100005865097,0.5100000500679,27.106050491333,4.19099998474121,3.48705005645752,5.75244998931885,5.01201248168945,-11.8483753204346,8.24133777618408,7.15412473678589,-8.19486236572266,1.77347493171692,1.44746243953705,-3.51504993438721,0.35505002737045,0.75705003738403,-8.25104999542236,3.11295008659363,3.76395010948181,-4.35195016860962,-0.20700001716614,-4.2940502166748,-20.1150016784668,-3.84972500801086,-0.53198748826981,1.09353744983673,-17.5007247924805,-15.514949798584,-10.3457746505737,3.35912489891052,0.99948751926422,-3.25971245765686,-7.66500043869019,-6.4480504989624,-0.76395004987717,-4.25100040435791,-1.05900001525879,4.93305015563965,-20.4550514221191,-17.6230506896973,-14.8309507369995,0.86762499809265,0.09886249899864,-4.90682506561279,-8.15787506103516,-5.88417482376099,-0.55110001564026,-3.40532493591309,-1.53119993209839,3.86512494087219,7.42605018615723,34.126953125,62.4850540161133,7.03005027770996,18.82200050354,0.4909500181675,-4.53495025634766,14.2440004348755,44.3310012817383,-9.29348754882812,-4.49968767166138,0.87779998779297,9.5283374786377,13.00901222229,12.7195749282837,4.11702489852905,2.63848757743835,1.6883624792099,61.8859519958496,32.1780014038086,13.4760007858276,-5.72595024108887,6.10605049133301,6.06300020217896,52.324951171875,30.6480007171631,7.68195056915283,4.76574993133545,5.12366247177124,4.33317518234253,11.3079996109009,8.09490013122559,6.97949981689453,1.62291252613068,2.49686241149902,2.02248740196228,-0.10605000704527,-2.87100005149841,-3.41700005531311,1.08495008945465,-0.18495000898838,0.25200000405312,2.33295011520386,-2.91900014877319,-5.43795013427734,1.08515000343323,-11.160325050354,0.05032499879599,4.09612512588501,-20.5306739807129,-17.4421501159668,-3.27992486953735,-2.97137498855591,-0.84603750705719,-5.51505041122437,-5.19900035858154,-6.17100048065186,1.774050116539,3.25395011901855,1.7980500459671,-10.2580509185791,-15.2400007247925,-16.7680511474609,0.46254998445511,0.59152501821518,0.43738749623299,-13.2705373764038,-10.1805000305176,-7.97101259231567,-1.49325001239777,-1.75807499885559,-2.22186255455017,-4.84905004501343,-4.69305038452148,-6.25395011901855,0.51300001144409,1.70295011997223,0.66795003414154,-14.5459508895874,-11.1940507888794,-3.19905018806458,0.26908749341965,0.51163750886917,0.45237499475479,-6.5401873588562,-5.35081243515015,-2.9991500377655,-2.70366239547729,-2.55089998245239,1.04651248455048,-2.51505017280579,11.2399501800537,36.4870529174805,-0.86295002698898,4.16895008087158,12.5890502929688,-8.96295070648193,-5.21100044250488,2.43105006217957,FAN
0.24681249260902,-7.72213745117188,-8.48540019989014,-3.8226375579834,4.1148247718811,13.601637840271,-1.16751253604889,6.24511241912842,5.09946250915527,37.5480003356934,60.4470024108887,46.620002746582,14.2390508651733,-3.16200017929077,-1.04505002498627,29.4259510040283,44.2849502563477,49.2390022277832,-4.03809976577759,0.05156249925494,2.93892502784729,14.4946994781494,13.4056997299194,11.7123870849609,3.63549995422363,2.68111252784729,2.63450002670288,25.7779502868652,5.80005025863647,-4.78695011138916,9.11100006103516,1.66695010662079,-1.82805013656616,29.8219509124756,6.94905042648315,-3.38100004196167,3.49511241912842,2.82205009460449,2.29019999504089,9.78161239624023,7.80408763885498,6.30767488479614,2.7141125202179,2.67024993896484,1.20147502422333,-6.78600025177002,-8.17199993133545,-9.15900039672852,1.1380500793457,0.60795003175735,-1.60800004005432,-11.7520503997803,-19.0039501190186,-21.5659503936768,-7.18354988098145,1.46011245250702,1.84800004959106,-17.5437622070313,-18.6254749298096,-14.8945503234863,0.99728751182556,0.61379998922348,-2.04517507553101,-8.85705089569092,-5.04300022125244,-0.82905006408691,-2.23995018005371,3.46695017814636,6.09900045394897,-20.2900505065918,-16.8469505310059,-13.9639511108398,0.40479999780655,-0.30634999275208,-3.73766255378723,-8.37182521820068,-5.87564992904663,-1.03716254234314,-1.1727374792099,0.60651248693466,4.78376245498657,7.03305053710938,26.7880516052246,55.1080513000488,2.9520001411438,6.60405015945435,-0.11400000751019,-2.83095002174377,6.27600049972534,28.4140510559082,-7.69807481765747,2.60383749008179,6.23328733444214,7.99507474899292,12.5254249572754,10.7739496231079,5.05161237716675,2.04366254806519,1.8191249370575,58.5990028381348,24.7579517364502,9.30000019073486,-9.34800052642822,5.34405040740967,-1.92900013923645,51.7560043334961,15.0630006790161,3.44805026054382,6.81780004501343,6.11586236953735,1.31738746166229,8.81746292114258,7.28090000152588,4.05803728103638,1.92252504825592,2.17841243743896,-1.03853750228882,0.06105000153184,-1.72395002841949,-7.08495044708252,-3.50595021247864,-0.20505000650883,3.00000023841858,-2.51205015182495,-4.47795009613037,-20.0740509033203,-10.5804872512817,-2.60631251335144,-1.40153753757477,-8.96032524108887,-16.1075744628906,-13.1452751159668,1.01818752288818,0.99838751554489,-1.54206252098084,-9.40500068664551,-4.87800025939941,-3.99705028533936,3.25695013999939,2.74905014038086,1.43205010890961,-28.2100505828857,-28.10205078125,-18.7740001678467,-1.12956249713898,-1.01695001125336,-1.92472493648529,-11.7244873046875,-7.84740018844604,-5.00197505950928,-2.24661254882813,-1.90148746967316,0.30236250162125,3.0990002155304,15.4339504241943,35.8939514160156,3.50595021247864,7.52100038528442,9.52200031280518,-7.34595012664795,5.79705047607422,27.6280517578125,-6.36954975128174,-6.33146238327026,0.2549250125885,1.6883624792099,11.9041996002197,14.0733995437622,3.54461240768433,2.8668749332428,1.80661249160767,57.528003692627,48.0709533691406,26.1109504699707,-5.90295028686523,-1.70805013179779,4.51395034790039,46.0330505371094,50.4480018615723,28.3180522918701,FAN
1.16558754444122,-5.89833736419678,-10.1051502227783,-8.17671203613281,0.40645000338554,9.99569988250732,-4.85113763809204,5.20148754119873,4.77042484283447,8.62305068969727,45.0349502563477,44.2110023498535,5.89305019378662,2.19300007820129,-6.09705018997192,-0.64995002746582,42.9540023803711,41.5270538330078,-4.66386270523071,0.73947501182556,4.61119985580444,13.4406251907349,13.2517004013062,11.813175201416,3.93648743629456,3.22355008125305,3.05923748016357,33.4800033569336,17.6539516448975,1.22700011730194,5.94495010375977,7.29300022125244,2.96205019950867,35.6899528503418,14.69700050354,2.40705013275146,5.91208744049072,5.56820011138916,4.54946231842041,10.0600500106812,8.53833770751953,6.93068742752075,3.13596248626709,3.49676251411438,2.63766241073608,-6.21600008010864,-6.56805038452148,-5.14800024032593,0.80505001544952,-0.64800000190735,-1.7610000371933,-4.33004999160767,-8.4790506362915,-7.32705020904541,-6.6706748008728,2.53563737869263,3.22052502632141,-21.0575752258301,-20.299674987793,-15.6224746704102,1.69166254997253,0.45553749799728,-1.0702999830246,-6.61605024337769,-5.65605020523071,-10.5589504241943,-5.01000022888184,-3.96405029296875,0.01005000062287,-9.97305011749268,-20.2249507904053,-22.8019504547119,2.33062505722046,1.12763750553131,-0.30112498998642,-10.7193622589111,-6.07378768920898,-2.88763737678528,-2.69665002822876,-1.59128749370575,2.90633749961853,-6.06495046615601,18.4680004119873,49.4809532165527,0.07500000298023,8.1670503616333,5.98800039291382,-16.4179515838623,-1.38000011444092,15.1369504928589,-5.39618730545044,-8.38529968261719,-3.10227489471436,3.81521248817444,9.0278377532959,13.4157371520996,8.27103710174561,6.71577501296997,1.99168753623962,77.3170547485352,52.8810043334961,28.0570507049561,5.04495000839233,6.82200050354004,7.49700021743774,53.3620529174805,43.8900032043457,16.7269515991211,2.23024988174438,5.55321264266968,5.82848739624023,12.5012245178223,10.8180875778198,9.02316284179688,0.79213750362396,0.75789999961853,1.10440003871918,12.0319509506226,5.95305013656616,4.84395027160645,0.33300000429153,-0.99000006914139,-0.60195004940033,6.01005029678345,0.68805003166199,-5.87400007247925,1.36647498607636,-8.53256225585938,-5.75740003585815,4.58370018005371,-3.53608751296997,-10.8803749084473,-0.18933749198914,0.60390001535416,5.93917512893677,1.40100002288818,-7.34400033950806,-11.2249507904053,-0.9300000667572,-5.15595006942749,-5.94405031204224,-20.6470508575439,-29.8620014190674,-31.7080516815186,-1.83039999008179,1.03729999065399,1.90547502040863,-12.5225372314453,-12.2427253723145,-10.662712097168,3.62271237373352,-1.36853754520416,-4.8507251739502,-13.3060503005981,-6.85305023193359,1.75800013542175,-5.23995018005371,-1.59300005435944,3.26100015640259,-22.4260501861572,-21.901050567627,-14.2230005264282,1.55443751811981,0.50407499074936,-6.91006231307983,-8.7389497756958,-5.39962482452393,11.6583499908447,-5.05312490463257,-1.35602498054504,2.26723742485046,27.0130519866943,57.8989524841309,44.8530006408691,8.55000019073486,9.38295078277588,5.13600015640259,0.95595002174377,36.1740036010742,47.97705078125,FAN
2.75123739242554,1.15472495555878,-3.95766258239746,-11.4266624450684,-6.02071237564087,1.21770000457764,-5.58098745346069,-2.3263623714447,5.96983766555786,5.35905027389526,57.2460021972656,73.0819549560547,4.6279501914978,5.96205043792725,4.38705015182495,-17.8669509887695,34.6890029907227,61.0429534912109,-8.21672534942627,-5.25717496871948,-1.05627501010895,9.95252513885498,11.5515127182007,11.2972745895386,3.64388751983643,1.71311247348785,1.14400005340576,40.3639526367188,15.0490503311157,3.83400011062622,3.08895015716553,3.50100016593933,-0.82005006074905,48.3799514770508,19.2030010223389,3.7260000705719,2.53728747367859,3.86017489433289,3.76241254806519,10.3116750717163,9.06661224365234,7.64128732681274,1.57602500915527,2.1293249130249,1.94301247596741,1.2720000743866,1.52805006504059,1.10895001888275,1.12995004653931,2.38305020332336,1.23795008659363,-1.84200012683868,-6.76695013046265,-9.68595027923584,-7.67525005340576,-1.48018753528595,1.77471244335175,-6.74849987030029,-15.5967626571655,-14.2232751846313,-1.88182497024536,2.14939999580383,-0.53404998779297,-4.87995004653931,-7.19295024871826,-12.0649509429932,-3.40095019340515,-6.20505046844482,-5.889000415802,-16.4280014038086,-24.1849517822266,-31.8139514923096,4.0951623916626,3.44561243057251,2.55227494239807,-10.577187538147,-8.63004970550537,-6.34906244277954,-7.64225006103516,-7.7878623008728,-5.76001262664795,-5.20605039596558,10.3680000305176,64.1560516357422,-0.76500004529953,7.41300058364868,34.3369522094727,-17.7499504089355,-4.25804996490479,11.6470508575439,-2.99516248703003,-8.21122455596924,-3.28446245193481,-0.13062499463558,11.3188629150391,10.7394371032715,4.54465007781982,3.96219992637634,2.08752489089966,77.5540542602539,16.1220016479492,-0.43200001120567,-6.91605043411255,11.0209503173828,-0.12795001268387,68.0890502929688,28.2409515380859,2.58405017852783,-1.59816253185272,1.20408749580383,1.18194997310638,10.3515501022339,8.52005004882813,6.89191246032715,2.03582501411438,2.70063757896423,2.48393750190735,-11.5939502716064,-10.0470008850098,-4.26195001602173,-1.88100004196167,-1.03305006027222,-2.31600022315979,-20.4690017700195,-24.2640018463135,-18.5209503173828,-7.66961240768433,3.64168739318848,5.60491228103638,-9.4499626159668,-17.5173625946045,-14.430624961853,-2.7201623916626,-0.88494998216629,-4.04648733139038,-5.15805006027222,-8.44799995422363,-6.63495016098022,-3.18105006217957,-2.76705002784729,-1.2960000038147,-10.7890501022339,-10.0759506225586,-15.271050453186,4.8258376121521,3.86526250839233,2.91720008850098,-11.139012336731,-8.37622451782227,-6.26422500610352,-5.01256227493286,-4.15208768844604,-2.78121256828308,-3.22605013847351,-0.56295001506805,6.40605020523071,0.52200001478195,3.05805015563965,3.16605019569397,-17.6659507751465,-14.6110506057739,-10.8280506134033,1.88402497768402,-1.51030004024506,-7.59673738479614,-4.32437515258789,0.53583747148514,10.0046377182007,-0.12264999747276,7.51561260223389,5.73196268081665,34.4089508056641,72.8160018920898,72.7540512084961,5.34000015258789,12.702000617981,9.33795070648193,2.47395014762878,52.3920021057129,56.578052520752,FAN
3.61707496643066,3.27786254882813,2.40954995155334,-11.0010995864868,-9.03017520904541,-7.02817487716675,-4.35393762588501,-6.35868740081787,-5.58304977416992,-6.73605012893677,0.57795000076294,8.95305061340332,-0.66000002622604,3.41205024719238,7.06800031661987,-20.5009517669678,-17.1610507965088,-3.5179500579834,-2.15380001068115,-9.79660034179688,-7.7789249420166,0.55948752164841,9.6472749710083,11.923999786377,6.0538501739502,6.62956237792969,3.5294873714447,60.097053527832,53.2710037231445,31.1700019836426,1.72905004024506,4.70504999160767,10.6240501403809,48.9520530700684,45.1140022277832,35.1730499267578,1.67365002632141,4.60844993591309,5.22733736038208,11.6264495849609,10.2515878677368,7.92164993286133,1.9071249961853,2.3792998790741,2.20233750343323,-3.1800000667572,-5.425950050354,-8.296950340271,-0.14205001294613,-0.49395000934601,-0.21900001168251,0.9250500202179,-1.7940000295639,-14.2009506225586,-16.4283618927002,2.27466249465942,2.0074999332428,-21.0332374572754,-16.4476127624512,-12.8936500549316,-6.13071250915527,-1.13520002365112,-2.87402486801147,-9.47700023651123,-6.76395034790039,-4.13295030593872,-1.72695004940033,-0.60705000162125,0.9700500369072,-16.7970008850098,-7.74900054931641,-8.56500053405762,1.47331249713898,1.17878746986389,-0.09679999947548,-9.85916233062744,-4.6036376953125,-0.55288749933243,-2.64247488975525,1.04293751716614,7.02308750152588,-0.49395000934601,17.110050201416,54.0540008544922,0.22995001077652,1.7700001001358,0.7540500164032,-12.7690505981445,-11.6700010299683,15.4270505905151,-5.3543872833252,-4.83766269683838,0.4989874958992,7.71567487716675,13.3153619766235,13.1775875091553,8.60983753204346,3.54763746261597,1.06700003147125,78.808952331543,52.2940521240234,21.5830516815186,9.71895027160644,6.73995018005371,0.73305004835129,61.4910011291504,37.476001739502,6.75000047683716,4.92360019683838,7.25023746490479,6.68896245956421,11.4482498168945,8.45817470550537,7.51602506637573,0.11742500215769,0.43188750743866,0.50050002336502,6.93195009231567,7.65495014190674,6.14505052566528,-0.1710000038147,2.04299998283386,2.71500015258789,0.52500003576279,4.89900016784668,-1.557000041008,4.42667484283447,-5.84264993667603,-5.08199977874756,5.10812520980835,-0.88082498311996,-12.7553253173828,-0.28503748774529,-1.74501252174377,5.39233732223511,-1.01295006275177,-12.2329502105713,-7.71300029754639,1.26900005340576,-2.28299999237061,-1.58895003795624,-14.1370506286621,-28.1380519866943,-16.8829517364502,-2.74463748931885,-1.57286250591278,-0.99330002069473,-12.0070495605469,-10.8809251785278,-9.19421291351318,3.02706241607666,-0.24887499213219,-1.7216374874115,-4.63800001144409,-0.8359500169754,14.9749507904053,4.44195032119751,2.54295015335083,8.27295017242432,-9.40095043182373,-12.5830507278442,3.29805016517639,-1.53188753128052,-6.76637506484985,-6.84392499923706,-6.42496252059937,3.48108744621277,12.8925495147705,-0.60073751211166,3.71291255950928,1.18208754062653,51.4759521484375,60.9810028076172,44.628002166748,11.5380001068115,-0.31695002317429,12.1129503250122,25.9330520629883,49.5859527587891,45.2070007324219,FAN
-1.1863499879837,-2.3926374912262,-6.19753742218018,-10.1421375274658,-5.59528732299805,4.36108732223511,-2.25981259346008,1.06754994392395,3.60896253585815,31.3489513397217,57.6720008850098,58.1410522460938,7.03200054168701,2.39895009994507,3.19200015068054,11.4529504776001,34.3870506286621,48.8560523986816,-4.72752475738525,1.37128746509552,5.83343744277954,12.0711250305176,12.448974609375,10.3415126800537,-0.26716250181198,-1.1921249628067,-0.65931248664856,40.6870536804199,21.2329502105713,8.17695045471191,7.96395015716553,2.07105016708374,-0.59205001592636,40.9050025939941,16.8469505310059,9.97995090484619,8.21906280517578,7.72131252288818,6.95213747024536,8.63706207275391,7.19757509231567,6.2360372543335,0.3797749876976,1.02382504940033,1.17067503929138,5.11995029449463,4.80105018615723,4.36094999313354,-1.21305000782013,0.63705003261566,0.71895003318787,5.47605037689209,1.92300009727478,-1.84905004501343,3.35115003585815,-0.07479999959469,-7.37274980545044,4.0092248916626,2.35014986991882,-12.2032623291016,-0.22577500343323,-1.39259994029999,3.68156242370605,2.44995021820068,0.01800000108778,-7.73400020599365,0.10305000841618,-0.3199500143528,-3.74100017547607,-7.19295024871826,-14.1490507125854,-35.5420532226563,-3.96068739891052,-0.86611247062683,0.45031249523163,-12.8305377960205,-13.1095247268677,-11.9829874038696,2.1811625957489,-1.66842496395111,-4.57668733596802,-20.1769504547119,-14.7109508514404,6.4150505065918,-4.300950050354,-4.7509503364563,0.46695002913475,-28.3159503936768,-19.453950881958,-16.2289505004883,-1.9210125207901,-5.81185007095337,-4.96484994888306,-3.40821242332459,5.16917514801025,10.4949626922607,2.23781251907349,4.11950016021729,1.19130003452301,75.4590072631836,66.5550003051758,40.2340507507324,6.63705015182495,2.5530002117157,5.43495035171509,39.376953125,40.9960517883301,43.1359519958496,-0.3299999833107,3.82181239128113,6.33352518081665,11.5053119659424,10.0284252166748,8.63885021209717,-0.59619998931885,-0.88384997844696,-0.45704999566078,19.1809501647949,10.0039501190186,7.9980001449585,0.06495000422001,-0.07800000160933,-0.73905003070831,10.4400005340576,4.57905006408691,-0.46305000782013,6.31702518463135,4.72628736495972,-8.2125997543335,7.58944988250732,5.99431228637695,-8.66236209869385,0.52112501859665,0.35956248641014,3.37562489509583,6.54000043869019,1.74600005149841,-16.4280014038086,0.77805006504059,1.57605004310608,-3.3600001335144,-7.55700016021729,-19.9020004272461,-37.2529525756836,-4.05198764801025,-1.16489994525909,0.0599500015378,-13.2992753982544,-13.0317001342773,-8.77401256561279,3.73298740386963,-0.02639999985695,-3.4154999256134,-13.1550006866455,-2.43600010871887,32.4120025634766,-1.02795004844666,2.0830500125885,6.27105045318604,-29.2780513763428,-19.7820014953613,-4.93800020217896,-0.95493751764297,-4.60844993591309,-6.56012487411499,-5.21619987487793,1.55333745479584,8.34157466888428,0.40920001268387,4.99399995803833,3.2876250743866,57.703052520752,46.9099540710449,40.1080513000488,4.6429500579834,-0.3649500310421,4.56405019760132,16.4160003662109,35.0359535217285,34.7130012512207,FAN
4.70016241073608,3.76158738136292,3.13458752632141,-4.38294982910156,-4.58342504501343,-4.19210004806519,-3.0222499370575,-3.23771238327026,-2.80307507514954,20.2560005187988,17.367000579834,18.4780502319336,0.76905006170273,-0.70305001735687,-1.5619500875473,-26.1820507049561,-18.4300518035889,-10.9830007553101,2.46317505836487,-0.06077500060201,-9.71465015411377,-3.63728737831116,3.41151237487793,9.87263774871826,-2.40226244926453,-0.69767498970032,-0.54958748817444,28.7730007171631,12.7030506134033,7.76805019378662,-2.32605004310608,-7.61295032501221,-9.72705078125,2.56500005722046,78.2010040283203,30.5040016174316,-12.820912361145,-11.406587600708,-9.29417514801025,10.1391124725342,8.9120626449585,6.99861240386963,-2.71177506446838,-2.87045001983643,-2.24468755722046,13.9789505004883,26.1439514160156,41.3980522155762,-8.87205028533936,-2.34000015258789,2.0310001373291,3.36900019645691,-8.6419506072998,-14.0550003051758,4.01637506484985,8.34611225128174,8.29441261291504,-2.94937491416931,-6.60577487945557,-7.18244981765747,3.38030004501343,1.23997497558594,0.26372501254082,32.3400001525879,25.3780517578125,20.5459518432617,-2.95995020866394,-4.7989501953125,-6.96105051040649,-37.6150512695313,-44.6899528503418,-25.4659519195557,5.75134992599487,4.81360006332397,4.01376247406006,-5.3191876411438,-4.6036376953125,-3.7514123916626,-0.19634999334812,0.15908749401569,0.56058752536774,15.0660009384155,23.1510009765625,39.0709533691406,-4.18905019760132,-3.74595022201538,-2.32605004310608,-1.88700008392334,-4.33695030212402,4.69095039367676,-0.96909999847412,-8.6765251159668,-10.0586748123169,5.19461250305176,9.31658744812012,8.99758720397949,1.27489995956421,-1.05256247520447,-2.50167489051819,19.0230007171631,11.9820003509521,15.9990005493164,-7.62495040893555,-16.5360012054443,-16.2319507598877,78.7009506225586,40.1740531921387,7.69395017623901,-9.20961284637451,-7.69999980926514,-1.14138746261597,7.57418727874756,5.77651262283325,-0.95644998550415,-2.25692510604858,-1.68148744106293,2.75714993476868,34.2319526672363,47.685001373291,40.9069519042969,-7.66995048522949,-1.60005009174347,-7.04505014419556,-6.50400018692017,-17.1679515838623,-48.8299522399902,8.31159973144531,8.26746273040771,7.12497472763062,-7.5477876663208,-8.42448711395264,-7.42211246490479,2.72236251831055,0.45952498912811,-0.2043250054121,27.1260013580322,17.9080505371094,14.7160511016846,-11.0650501251221,-12.6480007171631,-9.36495018005371,-38.5870513916016,-17.0620498657227,-6.45795011520386,5.98331260681152,4.93886232376099,4.18165016174316,-6.49316263198853,-5.90851259231567,-4.66303730010986,-0.21078750491142,0.06943749636412,0.62204998731613,14.8909511566162,27.2890510559082,43.3710021972656,-5.83800029754639,-6.70800018310547,-0.40095001459122,-8.23200035095215,-8.33505058288574,4.10895013809204,-0.69753748178482,-6.84420013427734,-8.48760032653809,5.37322473526001,8.92856216430664,8.77799987792969,0.95727497339249,-0.96098750829697,-2.1157124042511,23.9820003509521,10.5120000839233,6.13005018234253,-8.33595085144043,-16.2390003204346,-17.989049911499,71.1300048828125,35.3689498901367,7.35795021057129,FAN
5.98331260681152,4.93886232376099,4.18165016174316,-6.49316263198853,-5.90851259231567,-4.66303730010986,-0.21078750491142,0.06943749636412,0.62204998731613,14.8909511566162,27.2890510559082,43.3710021972656,-5.83800029754639,-6.70800018310547,-0.40095001459122,-8.23200035095215,-8.33505058288574,4.10895013809204,-0.69753748178482,-6.84420013427734,-8.48760032653809,5.37322473526001,8.92856216430664,8.77799987792969,0.95727497339249,-0.96098750829697,-2.1157124042511,23.9820003509521,10.5120000839233,6.13005018234253,-8.33595085144043,-16.2390003204346,-17.989049911499,71.1300048828125,35.3689498901367,7.35795021057129,-7.17983722686768,-5.82023763656616,-1.4693249464035,6.5917501449585,4.54299974441528,-1.2364000082016,-1.87041246891022,-0.81290000677109,3.03764986991882,41.8549537658691,38.367000579834,31.5340518951416,-2.79795002937317,-2.19195008277893,-9.61695003509522,-26.8120517730713,-33.0160522460938,-33.3220520019531,7.56139993667603,7.20967483520508,6.02401256561279,-8.67006206512451,-9.50675010681152,-8.30018711090088,2.64343738555908,0.14148749411106,-0.84713751077652,23.7259502410889,18.985050201416,14.7520503997803,-11.6419506072998,-9.61695003509522,-7.4089503288269,-35.8480529785156,-27.5490016937256,-15.3940505981445,4.98588752746582,4.02173757553101,2.72648739814758,-7.17364978790283,-5.59611225128174,-0.97088748216629,-1.03193747997284,-0.13557499647141,0.51754999160767,14.2780504226685,19.1790008544922,28.2970504760742,-7.79505014419556,-5.46000003814697,9.73095035552978,-7.32000017166138,-4.10205030441284,56.3599510192871,-1.77649998664856,-8.34955024719238,-8.98108768463135,6.5477499961853,10.4586620330811,10.0071125030518,0.3768875002861,-2.23891258239746,-3.02706241607666,29.7930011749268,16.5570011138916,10.4590501785278,-1.93095004558563,-17.6830501556396,-23.6659507751465,75.9910507202148,41.9440536499023,9.78600025177002,-8.40950012207031,-7.32242488861084,-5.73581266403198,8.79573726654053,6.85396242141724,4.23266267776489,-2.68455004692078,-1.56158745288849,0.01746249943972,29.5320014953613,37.6920013427734,40.3039512634277,-21.6360015869141,-8.58195018768311,-1.8139500617981,-10.653000831604,-29.9599514007568,-40.2060012817383,2.25513744354248,7.72021245956421,6.15326261520386,-2.51955008506775,-9.70433712005615,-8.35009956359863,4.84549999237061,0.5378999710083,-0.56416249275208,31.9290008544922,20.1420001983643,12.8610010147095,-6.35595035552979,-11.7550506591797,-10.7850008010864,-36.7189521789551,-22.7269515991211,-13.4640007019043,4.86158752441406,4.05611228942871,3.26933741569519,-7.21146249771118,-5.94151258468628,-0.82541251182556,-0.89292502403259,-0.38101249933243,1.21343743801117,14.7619504928589,22.3609504699707,26.392951965332,-9.97995090484619,-7.43295049667358,4.26195001602173,-7.31805038452148,-0.52305001020432,47.0220031738281,0.29768750071526,-7.08358764648438,-8.51798725128174,5.56916236877441,10.3765745162964,9.98579978942871,1.16998744010925,-1.75339996814728,-3.31182503700256,27.070951461792,17.0700016021729,9.19005012512207,-0.05100000277162,-11.7979507446289,-21.4489517211914,64.3930511474609,38.6040000915527,10.4850006103516,FAN
5.22596263885498,4.12486267089844,3.1382999420166,-9.23683738708496,-7.47738742828369,-4.22908735275269,-0.57818752527237,-1.04018747806549,-0.12773749232292,24.04905128479,19.9860000610352,24.8580017089844,-10.1580009460449,-9.66900062561035,-1.02600002288818,-15.1450510025024,-5.84805011749268,17.2519512176514,2.8330500125885,0.48894998431206,-7.8452000617981,-1.03661251068115,4.54038763046265,10.7188119888306,0.42941248416901,0.96029996871948,-3.14971256256104,24.9370517730713,15.6690006256104,3.99705028533936,-0.01095000095665,-4.29195022583008,-20.4360008239746,38.4820518493652,51.8940010070801,9.04605007171631,-7.61378765106201,-7.33232498168945,-7.93265008926392,9.41380023956299,8.26319980621338,6.10018730163574,-3.19316244125366,-2.39346241950989,-0.52579998970032,5.8759503364563,15.1180505752563,21.0630016326904,-18.2100009918213,-11.7330007553101,-6.0949501991272,-7.62705039978027,-27.8850021362305,-42.3889503479004,-8.61313724517822,5.81226253509521,4.12774991989136,3.79376244544983,-13.1921625137329,-10.7519502639771,1.33539998531342,-0.72173750400543,-1.55416250228882,22.3560009002686,17.7569999694824,16.5360012054443,-6.51600027084351,-9.54495048522949,-12.2839508056641,-43.5700531005859,-27.6880512237549,-12.4770002365112,3.25448751449585,2.86330008506775,2.76471257209778,-8.38103771209717,-6.14583730697632,-3.44162487983704,-1.55512499809265,-1.12035000324249,-0.27486249804497,20.3089504241943,24.5970020294189,24.8010005950928,-11.6059503555298,-9.17400074005127,-11.2810506820679,-6.3139500617981,4.91100025177002,33.8800506591797,2.3174250125885,-4.87918758392334,-8.64971256256104,1.30886244773865,10.1693620681763,13.0454502105713,1.41789996623993,2.43003749847412,-1.04830002784729,19.806001663208,7.36305046081543,10.6480503082275,-11.368950843811,-9.45405006408691,-21.0229511260986,58.8930015563965,51.0090026855469,22.8040504455566,-8.03756237030029,-7.31885004043579,-6.77586269378662,11.9410495758057,10.2456750869751,8.24573707580566,-1.884850025177,-1.43838751316071,-0.63923752307892,15.0150003433228,21.0439510345459,28.818000793457,-26.0370006561279,-19.795051574707,-10.4929504394531,-3.37695026397705,-15.5539503097534,-35.3070030212402,-6.70477485656738,8.53971290588379,6.56974983215332,4.24558734893799,-12.8123874664307,-11.2044620513916,1.12255001068115,-0.35254999995232,-1.82531249523163,34.7749519348145,25.5310516357422,22.6320018768311,-7.014000415802,-12.8700008392334,-13.6990509033203,-50.5489540100098,-38.3239517211914,-16.4809513092041,5.0868124961853,3.80118751525879,3.88121247291565,-9.0146369934082,-4.70717477798462,-0.07548750191927,-2.02675008773804,-0.88893747329712,0.81771248579025,19.123950958252,14.2159509658813,19.4400005340576,-12.5520009994507,-3.33195018768311,-3.86100029945374,2.2390501499176,45.2380523681641,52.4119529724121,-2.56520009040833,-7.2780122756958,-7.31252479553223,9.47911262512207,12.7220497131348,12.2201747894287,1.41295003890991,-1.90657496452332,-3.15301251411438,6.73605012893677,0.38895002007484,8.96295070648193,-11.0239505767822,-15.456000328064,-14.6209506988525,28.560001373291,7.87800025939941,-7.45905017852783,FAN
-9.78188705444336,-9.08214950561523,-7.89978742599487,12.3888874053955,10.9054002761841,8.58453750610352,-2.92751240730286,-3.47751259803772,-2.67368745803833,9.84405040740967,12.106050491333,16.2870006561279,-10.2559509277344,-8.56800079345703,-4.52205038070679,1.37505006790161,-9.4819507598877,-24.2020511627197,-6.57786226272583,8.03316211700439,7.50804996490479,4.45733737945557,-9.28894996643066,-12.6971626281738,0.06902500241995,5.14208745956421,0.12319999933243,19.1430015563965,14.8360509872437,11.2590007781982,-2.58000016212463,-5.25705003738403,-6.59700012207031,-37.2529525756836,-38.0149536132813,-32.170051574707,5.62594985961914,4.30196237564087,3.47764992713928,-11.6117372512817,-9.7407751083374,-7.81068754196167,-1.29016244411469,-1.50397503376007,-1.23749995231628,13.8690004348755,13.8829507827759,11.8530006408691,-6.89700031280518,-6.99495029449463,-6.74805021286011,-21.7530002593994,-7.22400045394897,6.13500022888184,3.09993743896484,3.34757494926453,-2.2063250541687,-5.67833757400513,-2.14596247673035,8.47742462158203,-0.57818752527237,0.4796000123024,2.40899991989136,17.8219509124756,17.7900009155273,11.4840002059937,-4.76100015640259,-4.89000034332275,-7.13595056533813,19.7940006256104,29.1799507141113,29.3400020599365,-8.9196252822876,-7.90487480163574,-6.98747491836548,11.8087749481201,10.2690496444702,8.49378776550293,-1.99801254272461,-2.21416258811951,-1.67818748950958,7.24395036697388,7.72695016860962,15.0199508666992,-9.28905010223389,-8.52705001831055,-9.61395072937012,8.17695045471191,2.15595006942749,-8.90700054168701,-2.58348751068115,9.29472541809082,6.8883376121521,-2.75123739242554,-13.4398002624512,-12.6842374801636,5.09464979171753,1.41652500629425,-1.47207498550415,18.4320011138916,18.4819507598877,16.806001663208,-7.14795017242432,-7.88505029678345,-12.7390508651733,-52.1119537353516,-48.3679504394531,-32.9940032958984,5.33472490310669,3.72308754920959,3.65818738937378,-10.8289499282837,-7.04082489013672,-4.74402475357056,-1.78585004806519,-1.04678750038147,-0.30538749694824,15.693000793457,16.7580013275146,21.4680004119873,-14.8549509048462,-11.568000793457,-9.53505039215088,-16.5480003356934,12.1759510040283,36.1860008239746,4.57971239089966,-2.12341237068176,-8.24656200408936,0.1119249984622,9.90728759765625,13.3146753311157,1.29208743572235,3.03888750076294,-0.12264999747276,20.4720001220703,11.2159509658813,4.74195003509521,-5.47905015945435,-8.30205059051514,-11.2690505981445,43.7280006408691,25.4380512237549,9.83595085144043,-8.1609001159668,-7.17378759384155,-6.4319748878479,12.4766120910645,11.0345125198364,8.95427513122559,-1.80166244506836,-2.10306239128113,-1.38091254234314,2.10795021057129,6.06795024871826,9.77205085754394,-11.6539506912231,-10.1890506744385,-7.31595039367676,-0.53205001354218,-11.0580005645752,-30.3120021820068,9.65181255340576,6.34521245956421,4.47686243057251,-15.045524597168,-14.3879995346069,-12.0800628662109,1.51084995269775,-2.25651240348816,-2.66420006752014,12.9180002212524,10.2270002365112,16.2460498809814,-7.51695013046265,-11.3839502334595,-12.5590505599976,-49.267951965332,-40.7920532226563,-23.0239505767822,FAN
9.29472541809082,6.8883376121521,5.33472490310669,-13.4398002624512,-12.6842374801636,-10.8289499282837,1.41652500629425,-1.47207498550415,-1.78585004806519,18.4819507598877,16.806001663208,15.693000793457,-7.88505029678345,-12.7390508651733,-14.8549509048462,-48.3679504394531,-32.9940032958984,-16.5480003356934,3.72308754920959,3.65818738937378,4.57971239089966,-7.04082489013672,-4.74402475357056,0.1119249984622,-1.04678750038147,-0.30538749694824,1.29208743572235,16.7580013275146,21.4680004119873,20.4720001220703,-11.568000793457,-9.53505039215088,-5.47905015945435,12.1759510040283,36.1860008239746,43.7280006408691,-2.12341237068176,-8.24656200408936,-8.1609001159668,9.90728759765625,13.3146753311157,12.4766120910645,3.03888750076294,-0.12264999747276,-1.80166244506836,11.2159509658813,4.74195003509521,2.10795021057129,-8.30205059051514,-11.2690505981445,-11.6539506912231,25.4380512237549,9.83595085144043,-0.53205001354218,-7.17378759384155,-6.4319748878479,9.65181255340576,11.0345125198364,8.95427513122559,-15.045524597168,-2.10306239128113,-1.38091254234314,1.51084995269775,6.06795024871826,9.77205085754394,12.9180002212524,-10.1890506744385,-7.31595039367676,-7.51695013046265,-11.0580005645752,-30.3120021820068,-49.267951965332,6.34521245956421,4.47686243057251,3.55107498168945,-14.3879995346069,-12.0800628662109,-9.464674949646,-2.25651240348816,-2.66420006752014,-2.37366247177124,10.2270002365112,16.2460498809814,16.9279499053955,-11.3839502334595,-12.5590505599976,-13.3350009918213,-40.7920532226563,-23.0239505767822,-2.65605020523071,3.52439999580383,4.66001224517822,-5.3503999710083,-4.47892475128174,1.0144749879837,12.05943775177,-0.86460000276566,1.00925004482269,3.36008739471436,25.6680011749268,19.7059516906738,7.41405057907104,-8.52195072174072,-8.13705062866211,-13.3830003738403,45.6790504455566,42.6670532226563,20.4670505523682,-9.24756240844727,-7.84794998168945,-6.9979248046875,13.2857999801636,11.5263500213623,8.62069988250732,-1.4386625289917,-1.57973754405975,-0.61654996871948,3.98295021057129,10.4299507141113,17.8380012512207,-12.7120504379272,-7.69905042648315,-2.17305016517639,-0.51300001144409,-16.7269515991211,-31.5049514770508,11.150975227356,6.79827499389648,5.90617513656616,-13.829062461853,-11.4918375015259,-10.5169620513916,0.41552498936653,-3.08934998512268,-3.2297375202179,16.195951461792,13.3900508880615,14.3380508422852,-6.84405040740967,-10.078950881958,-10.1479501724243,-37.1580009460449,-31.1770515441895,-21.4249515533447,4.26098728179932,3.70548748970032,3.59452509880066,-7.54971265792847,-4.07989978790283,-2.10938739776611,-2.70146250724792,-1.09436249732971,-0.41525000333786,14.4360008239746,7.47795057296753,11.5410003662109,-8.5420503616333,-0.20895001292229,-1.15500009059906,-8.72100067138672,6.29805040359497,9.27405071258545,3.38662505149841,-0.02213750034571,-6.74368762969971,1.3833874464035,6.24469995498657,10.2730379104614,0.56292498111725,1.36317503452301,0.19181250035763,12.2239503860474,17.0599498748779,17.8360500335693,0.40695002675056,-1.399050116539,-4.45905017852783,10.7080507278442,13.5949506759644,13.8370504379272,FAN
-11.6681127548218,-9.20906257629394,-6.39526224136353,8.90793704986572,6.43651247024536,3.00244998931885,-2.15696239471436,-1.34571254253387,0.35076248645782,16.207950592041,17.7019500732422,18.7740001678467,-0.48195001482964,0.93195003271103,-2.11995005607605,-9.57300090789795,-18.0730514526367,-21.2329502105713,-1.91193747520447,9.59062480926514,7.9832501411438,-1.29318749904633,-8.70622539520264,-7.82980012893677,2.75659990310669,-0.92839998006821,-1.6689749956131,16.7730007171631,21.1300506591797,21.9559516906738,-6.42705011367798,-7.20795011520386,-6.65505027770996,-31.7029514312744,-38.5870513916016,-18.3910503387451,6.87802505493164,5.65482473373413,4.64708757400513,-6.35607481002808,-4.12541246414185,0.78539997339249,-1.40139997005463,-0.65243750810623,0.89677500724792,18.5449504852295,12.5179510116577,14.9029502868652,-6.69795036315918,-6.79095029830933,-1.69905006885529,-4.0090503692627,5.77605009078979,43.5930023193359,-3.00698757171631,-12.6186494827271,-11.3053874969482,9.25306224822998,11.9636001586914,10.5950622558594,3.15700006484985,-1.14950001239777,-2.26379990577698,18.3460502624512,15.4609508514404,14.6899509429932,-1.15305006504059,-7.88295030593872,-6.20505046844482,46.0690536499023,16.1479511260986,-4.74600028991699,-9.3671875,-7.32036256790161,-4.70483732223511,8.66030025482178,6.1576623916626,2.08257508277893,-2.01959991455078,-1.08006250858307,1.31821250915527,15.2760009765625,14.2159509658813,15.3079509735107,-3.81300020217896,-5.338050365448,-7.53105020523071,-15.5850009918213,-27.2980518341064,-45.5160026550293,8.85610008239746,8.04512500762939,6.75400018692017,-7.6070499420166,-10.4791498184204,-8.52458763122559,3.55808758735657,-1.52212500572205,-1.26527500152588,14.0220003128052,18.5590515136719,18.1470012664795,-11.2300500869751,-11.6419506072998,-6.51795053482056,-53.0719528198242,-13.3609504699707,-9.48405075073242,5.67847490310669,4.88661241531372,2.11186242103577,-6.69803762435913,-1.810187458992,6.03996229171753,-0.93348747491837,0.26798748970032,2.80362486839294,19.5480003356934,17.9220008850098,19.0309505462646,-6.17100048065186,-4.58595037460327,-2.4340500831604,-8.63505077362061,50.4670524597168,51.4159507751465,-11.6142120361328,-11.2990627288818,-9.75081253051758,12.3051500320435,11.091025352478,9.6516752243042,0.57254999876022,-1.53766250610352,-2.04173755645752,13.13805103302,12.1609506607056,15.3169507980347,-4.48605012893677,-5.70705032348633,-4.13400030136108,18.0990009307861,4.87095022201538,-1.13295006752014,-7.97981262207031,-6.22778749465942,-2.1350998878479,8.15842533111572,5.80263757705688,-0.87821251153946,-2.07638740539551,-1.2335125207901,2.5084125995636,19.4329509735107,22.2990016937256,16.4209499359131,-5.09595012664795,-7.65300035476685,-10.6440000534058,-10.2169504165649,-33.0510025024414,-45.72900390625,10.0508375167847,7.5593376159668,6.31743764877319,-9.91017532348633,-9.34986209869385,-7.74730014801025,1.47276246547699,-1.21068751811981,-1.07208752632141,17.9460010528564,19.453950881958,19.1340007781982,-12.4710006713867,-9.86100006103516,-5.21805047988892,-48.2220039367676,-14.3830509185791,-9.93495082855225,FAN
5.3249626159668,4.83339977264404,4.98533725738525,-8.96967506408691,-6.8870997428894,1.13038754463196,-1.40566253662109,-0.78113746643066,1.78090000152588,17.0820007324219,13.9950008392334,12.621000289917,-8.98905086517334,-6.27405023574829,1.1539500951767,1.03694999217987,23.9029502868652,19.0710010528564,-8.41720008850098,-11.9458627700806,-10.5430870056152,10.4554996490479,11.4857873916626,11.3667125701904,3.37906241416931,-0.76477497816086,-3.04988741874695,10.3609504699707,2.38305020332336,6.42495012283325,-1.03500008583069,-7.39695024490356,-10.2649507522583,12.4050006866455,19.4449501037598,10.4370002746582,-8.75146198272705,-6.37477493286133,6.61636257171631,10.1931495666504,2.89616250991821,-7.34415006637573,-3.08192491531372,0.65367501974106,3.48617506027222,17.4930000305176,23.6080513000488,16.9600505828857,-7.52895021438599,-2.19405007362366,-2.84805011749268,2.19105005264282,-32.074951171875,-33.5659523010254,8.81113719940186,8.34102535247803,6.09853744506836,-9.35192489624023,-9.51252460479736,-8.27722454071045,0.32023748755455,-0.86404997110367,-1.98508751392365,14.3260507583618,17.496000289917,17.9749507904053,-4.32495021820068,-6.82200050354004,-8.73105049133301,-35.8810501098633,-32.6730003356934,-21.0730514526367,5.05821228027344,4.32795000076294,4.08787488937378,-7.24831247329712,-5.95086240768433,-4.46572494506836,-1.81362497806549,-1.26555001735687,-0.4295499920845,18.4609508514404,16.7680511474609,5.62305021286011,-9.04905033111572,-12.2910003662109,-11.0989503860474,-15.0150003433228,-5.49600028991699,38.8860015869141,4.87286233901978,-1.42161250114441,-10.9386749267578,-1.22484993934631,9.97452449798584,14.1702003479004,1.13877499103546,4.71116256713867,-0.26936250925064,1.56000006198883,16.7610015869141,21.3240013122559,-5.80695009231567,-4.77105045318604,-3.83205008506775,64.2589492797852,31.6560020446777,4.90905046463013,-9.02673721313477,-7.48453760147095,-6.03446245193481,12.0133752822876,10.5025253295898,8.52884960174561,-1.64051246643066,-2.19477510452271,-1.87618744373322,14.6749505996704,16.9140014648438,25.3110008239746,-8.61105060577393,-10.8090009689331,-9.95895004272461,6.79305028915405,-3.06795024871826,-21.7170009613037,-4.0243501663208,7.95244979858398,9.0488748550415,3.33286237716675,-7.91284990310669,-10.9198369979858,0.70784997940063,3.50349998474121,0.49376249313354,24.8179512023926,17.5129508972168,16.3560009002686,-8.73105049133301,-12.0589504241943,-14.2570505142212,-42.2860527038574,-44.9509506225586,-34.0429534912109,7.61530017852783,6.01081228256226,4.80837488174438,-10.5547752380371,-9.27011203765869,-7.63248729705811,-0.23402500152588,-0.66962498426437,-0.74250000715256,18.7650012969971,20.4430503845215,25.2940521240234,-12.6289510726929,-10.5930004119873,-7.62000036239624,-27.2209510803223,-14.9790010452271,-5.02605009078979,4.04923725128174,3.93195009231567,3.82428741455078,-5.80910015106201,-3.38868737220764,1.19515001773834,-0.53130000829697,0.04702499881387,1.20821249485016,22.5550518035889,19.2030010223389,12.2980508804321,-7.95300054550171,-8.96295070648193,-5.05500030517578,6.03405046463013,31.6990509033203,48.0490531921387,FAN
6.01081228256226,4.80837488174438,4.04923725128174,-9.27011203765869,-7.63248729705811,-5.80910015106201,-0.66962498426437,-0.74250000715256,-0.53130000829697,20.4430503845215,25.2940521240234,22.5550518035889,-10.5930004119873,-7.62000036239624,-7.95300054550171,-14.9790010452271,-5.02605009078979,6.03405046463013,3.93195009231567,3.82428741455078,-1.9074000120163,-3.38868737220764,1.19515001773834,8.67996215820313,0.04702499881387,1.20821249485016,1.96652495861053,19.2030010223389,12.2980508804321,8.51294994354248,-8.96295070648193,-5.05500030517578,-3.90405011177063,31.6990509033203,48.0490531921387,38.5249519348145,-9.87263774871826,-8.38255023956299,-7.15068769454956,12.3503875732422,10.168399810791,8.46092510223389,-1.59183752536774,-3.57073736190796,-2.9970874786377,9.43005084991455,13.6480503082275,17.9629516601563,-5.16600036621094,-8.06505012512207,-5.61105012893677,19.453950881958,-4.95705032348633,-11.4649505615234,-6.09179973602295,9.37378787994385,8.24821281433105,5.39646244049072,-11.2512121200562,-11.8707876205444,-1.49985003471375,1.33251249790192,-1.05971252918243,23.1439514160156,16.114049911499,19.9210510253906,-5.02905035018921,-11.332950592041,-15.1879510879517,-26.0910015106201,-52.1430015563965,-37.617000579834,6.20166254043579,5.65565013885498,4.30636262893677,-9.60739994049072,-8.63500022888184,-4.92786264419556,-1.37348747253418,-1.25688743591309,-0.41635000705719,21.916051864624,25.0330505371094,19.2169513702393,-13.5070505142212,-10.0570507049561,-10.6129503250122,-18.2310009002686,-10.7220001220703,37.4950523376465,4.62577486038208,-5.48487520217896,-10.9186000823975,1.16132497787476,11.0352001190186,12.9175748825073,1.4444375038147,2.56396245956421,-1.84414994716644,16.6750507354736,17.3760013580322,16.6650009155273,-5.82405042648315,-5.71095037460327,-7.29195022583008,64.8570022583008,47.0650520324707,14.7210006713867,-9.59447479248047,-8.09572505950928,-6.6585750579834,11.2953500747681,9.56738758087158,6.7106876373291,-2.82191252708435,-2.67616248130798,-1.40607500076294,17.9719505310059,20.0550003051758,19.5090007781982,-10.6009502410889,-8.15805053710938,-8.74695014953613,-4.2460503578186,-24.8700008392334,-25.6270503997803,7.87366247177124,8.53586292266846,6.8362250328064,-8.65122509002686,-11.9219369888306,-10.8437995910645,3.43186259269714,-0.50599998235703,-1.23378753662109,16.9980010986328,19.0759506225586,21.5779514312744,-11.0410509109497,-12.7650003433228,-11.998950958252,-50.1610527038574,-35.5369529724121,-18.6430511474609,5.56654977798462,4.7876124382019,4.30539989471436,-8.96224975585938,-6.85396242141724,-4.75406265258789,-1.20037496089935,-0.81069999933243,-0.25162500143051,21.8730010986328,19.7440509796143,16.5310516357422,-9.40305042266846,-10.5859508514404,-9.03000068664551,-7.38195037841797,6.5590500831604,34.3489532470703,4.64708757400513,-0.7070249915123,-9.11638736724854,-0.97460001707077,9.13797473907471,13.160400390625,0.86941248178482,2.66392493247986,-1.45708751678467,13.5210008621216,16.4590511322021,18.8610000610352,-3.77505016326904,-5.39100027084351,-9.10395050048828,63.6859512329102,46.6920013427734,13.6219511032104,FAN
5.56654977798462,4.7876124382019,4.30539989471436,-8.96224975585938,-6.85396242141724,-4.75406265258789,-1.20037496089935,-0.81069999933243,-0.25162500143051,21.8730010986328,19.7440509796143,16.5310516357422,-9.40305042266846,-10.5859508514404,-9.03000068664551,-7.38195037841797,6.5590500831604,34.3489532470703,4.64708757400513,-0.7070249915123,-9.11638736724854,-0.97460001707077,9.13797473907471,13.160400390625,0.86941248178482,2.66392493247986,-1.45708751678467,13.5210008621216,16.4590511322021,18.8610000610352,-3.77505016326904,-5.39100027084351,-9.10395050048828,63.6859512329102,46.6920013427734,13.6219511032104,-8.4767370223999,-7.2557373046875,-5.88692474365234,11.6166877746582,9.51609992980957,7.01951265335083,-2.66337490081787,-2.34657502174377,-1.35382497310638,19.3300514221191,20.5579509735107,17.9460010528564,-11.4100503921509,-8.99400043487549,-9.16200065612793,-6.95100021362305,-18.4390506744385,-32.5920028686523,-3.3486750125885,6.85423755645752,5.47305011749268,2.18102502822876,-11.3467750549316,-10.4314374923706,1.46547496318817,0.14382499456406,-0.63896250724792,18.4300518035889,19.488000869751,22.6480503082275,-9.21900081634522,-12.7819509506226,-11.9460000991821,-39.8490028381348,-28.3660507202148,-21.0199508666992,4.45486259460449,3.80531239509583,3.66079998016357,-8.67776203155518,-6.70876264572144,-4.24531269073486,-0.77866250276566,-0.6239749789238,-0.05981250107288,25.0020008087158,17.7210006713867,11.6179504394531,-9.1230001449585,-9.71505069732666,-7.73700046539307,-10.3990507125854,9.05595016479492,47.0800514221191,4.30278730392456,-2.95391249656677,-8.14921283721924,0.59977501630783,10.5789747238159,12.9988374710083,1.32838749885559,1.68464994430542,-2.08752489089966,9.87705039978027,13.5840005874634,18.3079509735107,-4.89495038986206,-8.59905052185059,-10.7110500335693,66.4759521484375,38.0839500427246,2.97405004501343,-7.77920007705688,-6.02428770065308,-3.49580001831055,11.5106744766235,7.87916231155396,3.0628125667572,-3.03792500495911,-1.87618744373322,0.73493748903275,18.2190017700195,21.082950592041,16.1170501708984,-7.96005058288574,-5.02200031280518,-5.91300010681152,-22.3110008239746,-26.2590007781982,-24.6400508880615,4.34568738937378,6.16962480545044,4.33716249465942,-6.41382503509521,-10.8431119918823,-9.99460029602051,3.15246248245239,0.16362500190735,-1.27586245536804,14.3569507598877,14.7280502319336,18.784049987793,-6.80295038223267,-8.06700038909912,-6.80805015563965,-24.5350513458252,-23.3040008544922,-20.4360008239746,3.35568737983704,3.02953743934631,2.95336246490479,-7.26206254959106,-5.40759992599487,-3.4288375377655,-1.07360005378723,-0.69244998693466,-0.14148749411106,18.2880001068115,14.0290508270264,13.689001083374,-6.64800024032593,-8.39805030822754,-7.49805021286011,-8.65095043182373,2.48805022239685,24.1369514465332,-0.74634999036789,-9.31026268005371,-9.33790016174316,7.72873735427856,13.4807748794556,12.8759126663208,1.8515750169754,-1.57712495326996,-3.57307505607605,5.36400032043457,11.1060009002686,13.2120008468628,-8.75895023345947,-12.0780010223389,-15.3510007858276,50.6089515686035,28.9999523162842,5.97705030441284,FAN
3.35568737983704,3.02953743934631,2.95336246490479,-7.26206254959106,-5.40759992599487,-3.4288375377655,-1.07360005378723,-0.69244998693466,-0.14148749411106,18.2880001068115,14.0290508270264,13.689001083374,-6.64800024032593,-8.39805030822754,-7.49805021286011,-8.65095043182373,2.48805022239685,24.1369514465332,-0.74634999036789,-9.31026268005371,-9.33790016174316,7.72873735427856,13.4807748794556,12.8759126663208,1.8515750169754,-1.57712495326996,-3.57307505607605,5.36400032043457,11.1060009002686,13.2120008468628,-8.75895023345947,-12.0780010223389,-15.3510007858276,50.6089515686035,28.9999523162842,5.97705030441284,-8.21356201171875,-6.96162509918213,-5.10166263580322,11.11838722229,8.34267520904541,3.72212505340576,-3.33588743209839,-2.15696239471436,0.41112500429153,24.0250511169434,32.9610023498535,29.0200519561768,-12.2359504699707,-6.78705024719238,-8.68994998931885,-11.4360008239746,-29.3239517211914,-42.7219505310059,5.31024980545044,7.76049995422363,6.26862478256226,-6.75991249084473,-11.0438623428345,-10.6386499404907,5.11967515945435,1.51084995269775,0.08346249908209,25.4190006256104,20.0290508270264,19.2319507598877,-12.4990501403809,-16.6579513549805,-14.4700508117676,-40.6680030822754,-26.8930511474609,-16.5499515533447,4.96443748474121,4.04236268997192,3.47764992713928,-9.02550029754639,-7.34442472457886,-5.5075626373291,-0.34746250510216,-0.41043749451637,-0.03561250120401,21.457950592041,20.3910007476807,9.94395065307617,-8.43405055999756,-4.36605024337769,-7.98405027389526,-9.72405052185059,-0.21900001168251,31.7560520172119,3.85371255874634,0.87367498874664,-7.44191265106201,-1.96831250190735,7.69848728179932,13.5793628692627,1.20972502231598,3.21736240386963,-2.01588749885559,-0.38400000333786,7.35405015945435,11.5219507217407,-9.98295021057129,-8.3860502243042,-11.826000213623,63.925952911377,47.2159538269043,16.4059505462646,-7.10599994659424,-5.59308767318726,-2.35317492485046,12.3927373886108,7.59934997558594,0.92111247777939,-3.58476257324219,-1.83424997329712,2.11914992332459,18.8629512786865,29.1130504608154,25.5859508514404,-12.0589504241943,-6.19800043106079,-9.72900009155273,-7.0090503692627,-33.7980003356934,-33.6210021972656,5.69607496261597,4.96402502059937,4.41787481307983,-9.6102876663208,-11.0335502624512,-10.4953746795654,2.60314989089966,-0.05555000156164,-0.33742499351501,15.7840509414673,10.8229503631592,13.0759506225586,-13.9140005111694,-13.371000289917,-9.89895057678223,-23.2879505157471,-16.4209499359131,-13.3080005645752,3.2386748790741,2.83827495574951,2.68413758277893,-8.01047515869141,-6.35799980163574,-4.47933769226074,-0.25712499022484,0.08978749811649,0.38774999976158,14.8669509887695,14.812050819397,14.0599508285522,-5.68800020217896,-2.74005007743835,-4.87095022201538,-9.70200061798096,-2.83605003356934,22.4299507141113,-2.38796257972717,-7.56552505493164,-7.21710014343262,10.1399374008179,13.8373126983643,12.1490879058838,1.49214994907379,-2.36678743362427,-2.98594999313354,7.26705026626587,16.0399513244629,26.0770511627197,-15.2740507125854,-17.4100513458252,-13.3999509811401,51.7579536437988,16.3129501342773,-4.2960000038147,FAN
4.43423748016357,3.62161254882813,3.64869999885559,-7.38828754425049,-6.1033501625061,-3.16538739204407,0.20624999701977,0.36671251058578,1.1281875371933,24.552001953125,17.7589511871338,5.86200046539307,-13.5529508590698,-11.881950378418,-11.8579502105713,-3.66900014877319,25.9860019683838,63.6529541015625,3.19549989700317,-5.63681268692017,-6.90456247329712,3.44877505302429,13.0336246490479,12.7905244827271,3.05029988288879,-0.78691250085831,-3.64443755149841,1.557000041008,12.9799509048462,14.9599504470825,-11.296950340271,-15.8610010147095,-16.4830513000488,73.2779998779297,35.2919998168945,-4.60995006561279,-6.30066251754761,-5.57026243209839,-4.47919988632202,10.9766244888306,8.90670013427734,4.72065019607544,-3.70562505722046,-3.04837489128113,-0.66027498245239,22.9759502410889,33.8539505004883,34.2150001525879,-15.046950340271,-7.71300029754639,-7.47795057296753,-15.6670503616333,-32.0820007324219,-41.6040000915527,4.46325016021729,6.41396236419678,5.05532503128052,-7.17172479629517,-11.9685497283936,-11.5075120925903,4.60624980926514,1.06301248073578,-0.23100000619888,27.082950592041,17.1559505462646,20.1750011444092,-11.4600009918213,-17.0629501342773,-13.933051109314,-30.6310520172119,-18.9160499572754,-18.3000011444092,4.09681224822998,3.1663498878479,3.45674991607666,-9.56518745422363,-5.45558738708496,-2.30353736877441,-0.55261248350143,0.13158750534058,1.26059997081757,25.7989521026611,18.070951461792,14.1010503768921,-13.7850008010864,-9.92805004119873,-8.08395004272461,-15.7500009536743,21.1140003204346,55.5220527648926,1.66649997234344,-6.38495016098022,-7.74042510986328,4.37057495117188,11.8908624649048,12.0020999908447,2.42756247520447,-1.16242504119873,-3.17226243019104,9.82200050354004,18.340950012207,27.4440021514893,-13.9050006866455,-25.4550018310547,-24.5230503082275,73.9960556030273,37.6699523925781,-3.32595014572144,-7.08908748626709,-6.14941263198853,-3.99203753471375,10.2256002426147,7.26343727111816,2.54870009422302,-2.95184993743896,-1.60874998569489,0.51108747720718,32.4960021972656,32.8459510803223,27.9570007324219,-13.5430507659912,-2.65605020523071,-3.66705012321472,-35.6209526062012,-39.0949516296387,-24.9709510803223,5.56146240234375,4.5787501335144,3.30357503890991,-10.2462253570557,-10.4374876022339,-8.37058734893799,0.82225000858307,-0.94008749723434,-1.49778747558594,15.5040006637573,22.1100006103516,27.4150505065918,-14.2810506820679,-11.497950553894,-10.0639505386353,-18.1729507446289,-26.0580005645752,-18.8959503173828,3.03228759765625,3.01180005073547,3.17129993438721,-6.44517517089844,-4.64090013504028,-2.40295004844666,-0.97418749332428,-0.03836249932647,0.82403749227524,16.4059505462646,7.96395015716553,5.89995050430298,-9.47294998168945,-9.12105083465576,-6.49905014038086,-0.32595002651215,19.6669502258301,51.964054107666,2.10815000534058,-6.28319978713989,-7.32049989700317,3.64636254310608,12.6769495010376,12.8856744766235,1.97477495670319,-0.91602498292923,-3.18560004234314,10.9480504989624,21.2959518432617,17.1559505462646,-9.00104999542236,-18.8509502410889,-20.4120006561279,63.9210014343262,33.1110000610352,3.57795023918152,FAN
4.65767478942871,3.82181239128113,3.37122488021851,-9.83152484893799,-8.19871234893799,-4.68682479858398,-0.88728749752045,-1.04871249198914,0.40218749642372,26.6179504394531,17.3260517120361,8.65095043182373,-13.006950378418,-12.0919504165649,-9.97800064086914,-17.3899517059326,-0.59895002841949,48.7050018310547,4.05226230621338,-0.74786251783371,-5.94412517547607,-0.33962500095367,9.34216213226318,12.5604877471924,1.64546251296997,1.71503746509552,-2.07240009307861,10.7539501190186,18.5179500579834,15.1879510879517,-8.82600021362305,-10.2390003204346,-12.2980508804321,53.5030517578125,25.7269515991211,8.13600063323975,-6.45699977874756,-5.59954977035522,-4.34238767623901,11.824312210083,9.76593780517578,6.59119987487793,-3.5396625995636,-3.19742488861084,-1.78901243209839,14.8069505691528,25.6030521392822,26.5489521026611,-12.3169507980347,-11.731050491333,-9.78194999694824,0.53205001354218,-1.62600004673004,-27.5689506530762,-0.76999998092651,5.27147483825684,4.6151876449585,-0.4673624932766,-9.92805004119873,-11.5449123382568,2.11529994010925,2.1976625919342,0.00082499999553,20.2129516601563,22.2199516296387,19.4070014953613,-9.23805046081543,-11.5939502716064,-15.8269510269165,-47.1150016784668,-44.4769515991211,-28.267951965332,3.65213751792908,3.09251236915588,2.57578754425049,-10.431300163269,-8.72767448425293,-7.39571237564087,-0.56691247224808,-0.60788750648499,-0.39930000901222,19.3540515899658,18.5230503082275,14.3070011138916,-15.937050819397,-14.2590007781982,-13.558051109314,-12.4890003204346,-3.32595014572144,14.0770502090454,4.43547487258911,-0.67278748750687,-6.47858762741089,-0.27898749709129,10.151762008667,13.3904371261597,1.80716252326965,1.89254999160767,-2.25101256370544,15.6310510635376,18.010950088501,18.4060516357422,-8.31599998474121,-11.2590007781982,-17.9680500030518,59.7810020446777,36.3700523376465,13.7490005493164,-6.27453756332397,-3.77203750610352,3.39803743362427,11.0730123519897,4.08402490615845,-6.10554981231689,-3.25063753128052,0.52318751811981,3.58971238136292,16.9450511932373,29.9440517425537,26.6440505981445,-19.8670501708984,-6.80295038223267,-7.26300048828125,-4.15694999694824,-43.560001373291,-45.1639518737793,3.90348744392395,2.87883758544922,2.48118758201599,-10.8224878311157,-9.63022518157959,-7.75568723678589,-0.51603752374649,-0.97679996490479,-0.90983748435974,16.9159507751465,17.1220512390137,16.734001159668,-14.9530506134033,-13.9380006790161,-9.09705066680908,-17.0340003967285,-6.13695049285889,-0.26205000281334,2.18680000305176,3.88877487182617,-1.91592502593994,-5.85667514801025,1.49105000495911,10.8179502487183,-0.7567999958992,1.98164999485016,0.92138749361038,13.3249502182007,17.5080013275146,18.1039505004883,-8.24505043029785,-9.06300067901611,-10.6009502410889,5.69400024414063,55.5630035400391,40.5190505981445,-6.24057483673096,-6.10032510757446,-4.73948764801025,12.8900747299194,11.2634496688843,5.9501748085022,-2.61896252632141,-3.20251250267029,-0.27197501063347,21.6259517669678,21.8080501556396,25.6080017089844,-16.9069499969482,-21.7510509490967,-11.7379503250122,20.0740509033203,-3.61800026893616,-49.620002746582,FAN
4.43547487258911,-0.67278748750687,-6.47858762741089,-0.27898749709129,10.151762008667,13.3904371261597,1.80716252326965,1.89254999160767,-2.25101256370544,15.6310510635376,18.010950088501,18.4060516357422,-8.31599998474121,-11.2590007781982,-17.9680500030518,59.7810020446777,36.3700523376465,13.7490005493164,-6.27453756332397,-3.77203750610352,3.39803743362427,11.0730123519897,4.08402490615845,-6.10554981231689,-3.25063753128052,0.52318751811981,3.58971238136292,16.9450511932373,29.9440517425537,26.6440505981445,-19.8670501708984,-6.80295038223267,-7.26300048828125,-4.15694999694824,-43.560001373291,-45.1639518737793,3.90348744392395,2.87883758544922,2.48118758201599,-10.8224878311157,-9.63022518157959,-7.75568723678589,-0.51603752374649,-0.97679996490479,-0.90983748435974,16.9159507751465,17.1220512390137,16.734001159668,-14.9530506134033,-13.9380006790161,-9.09705066680908,-17.0340003967285,-6.13695049285889,-0.26205000281334,2.18680000305176,3.88877487182617,-1.91592502593994,-5.85667514801025,1.49105000495911,10.8179502487183,-0.7567999958992,1.98164999485016,0.92138749361038,13.3249502182007,17.5080013275146,18.1039505004883,-8.24505043029785,-9.06300067901611,-10.6009502410889,5.69400024414063,55.5630035400391,40.5190505981445,-6.24057483673096,-6.10032510757446,-4.73948764801025,12.8900747299194,11.2634496688843,5.9501748085022,-2.61896252632141,-3.20251250267029,-0.27197501063347,21.6259517669678,21.8080501556396,25.6080017089844,-16.9069499969482,-21.7510509490967,-11.7379503250122,20.0740509033203,-3.61800026893616,-49.620002746582,0.4853749871254,5.03800010681152,3.99423742294312,-2.27878737449646,-10.1463994979858,-10.9192876815796,3.37754988670349,1.29291248321533,-0.48771250247955,34.5049514770508,20.3809509277344,11.7589502334595,-6.30795049667358,-10.8690004348755,-15.9400510787964,-52.1100006103516,-31.9360523223877,-13.0590009689331,3.082200050354,2.51570010185242,2.43993759155273,-10.0529003143311,-8.50712490081787,-6.45851230621338,-0.92070001363754,-0.93293750286102,-0.7566624879837,10.8780002593994,14.8930511474609,19.2169513702393,-16.1459999084473,-14.7330007553101,-11.3640003204346,-2.52705001831055,2.79705023765564,23.041051864624,3.53031253814697,-5.7902626991272,-7.08331251144409,-2.87017488479614,13.5641002655029,12.749137878418,0.29081249237061,-0.88426250219345,-3.35018754005432,19.4860515594482,16.8299999237061,18.6120014190674,-8.41005039215088,-11.0479507446289,-18.0180015563965,47.2159538269043,27.351001739502,11.4859504699707,-6.12686252593994,-5.45902490615845,-3.88190007209778,10.4513750076294,8.19610023498535,3.63646245002747,-3.20526242256165,-2.13331246376038,0.71431249380112,17.7640514373779,20.8650016784668,28.9720516204834,-22.5580501556396,-14.1150007247925,-6.70305013656616,-10.288950920105,-39.1590003967285,-52.3450508117676,3.70507502555847,4.70057487487793,3.66767501831055,-7.55424976348877,-11.4534749984741,-11.0406999588013,3.0214250087738,0.33770000934601,-0.65009999275208,21.5710506439209,17.8099517822266,16.2889499664307,-12.9610509872437,-16.6009502410889,-16.0740013122559,-43.3399505615234,-25.9360504150391,-8.44305038452148,FAN
-7.08331251144409,-6.12686252593994,-5.45902490615845,12.749137878418,10.4513750076294,8.19610023498535,-3.35018754005432,-3.20526242256165,-2.13331246376038,18.6120014190674,17.7640514373779,20.8650016784668,-18.0180015563965,-22.5580501556396,-14.1150007247925,11.4859504699707,-10.288950920105,-39.1590003967285,-3.88190007209778,3.70507502555847,4.70057487487793,3.63646245002747,-7.55424976348877,-11.4534749984741,0.71431249380112,3.0214250087738,0.33770000934601,28.9720516204834,21.5710506439209,17.8099517822266,-6.70305013656616,-12.9610509872437,-16.6009502410889,-52.3450508117676,-43.3399505615234,-25.9360504150391,3.66767501831055,2.58747506141663,3.20416259765625,-11.0406999588013,-6.5949125289917,-4.23128747940063,-0.65009999275208,-0.77013748884201,0.13777500391006,16.2889499664307,14.9650506973267,13.1770505905151,-16.0740013122559,-13.1290502548218,-11.4840002059937,-8.44305038452148,3.56295013427734,22.8040504455566,4.75832509994507,-4.54437494277954,-5.60463762283325,-0.52112501859665,12.6482124328613,11.778112411499,1.5827624797821,-1.33251249790192,-3.06955003738403,18.178050994873,17.5270500183105,13.7320508956909,-9.34095001220703,-8.17800045013428,-11.9869508743286,41.4790534973145,20.8309516906738,5.00700044631958,-5.34338760375977,-4.86626243591309,-4.05473756790161,10.0585374832153,8.49639987945557,5.64038753509521,-3.26370000839233,-2.7992250919342,-0.9645624756813,6.52500009536743,10.1890506744385,16.0090503692627,-12.6690006256104,-14.2500009536743,-14.2159509658813,-4.32000017166138,-9.25005054473877,-36.4030532836914,3.12001252174377,5.30612516403198,3.67895007133484,-5.34366226196289,-12.6297874450684,-12.1514253616333,4.36026239395142,0.48675000667572,-1.19459998607636,25.9260005950928,26.1340503692627,17.1850509643555,-6.71700048446655,-11.1799507141113,-17.451000213623,-54.5209541320801,-41.803050994873,-24.9919509887695,2.94181251525879,2.63284993171692,2.37091255187988,-10.5001878738403,-8.41555023193359,-6.55338764190674,-1.35478746891022,-1.21343743801117,-1.0752500295639,14.0599508285522,12.9919509887695,14.6080503463745,-16.4759998321533,-12.44700050354,-10.9600505828857,-9.31005001068115,0.68805003166199,24.7189502716064,3.06817507743835,5.08048725128174,-6.45823764801025,-3.60703754425049,2.51116251945496,13.7589378356934,-0.44110000133514,1.54962503910065,0.36616250872612,20.260950088501,20.4720001220703,19.0380001068115,-10.3800001144409,-9.44400024414062,-10.4020500183105,47.6809539794922,43.3710021972656,24.5449504852295,-10.1069374084473,-8.531325340271,-7.30977487564087,13.9963998794556,11.5131502151489,9.03594970703125,-3.36050009727478,-3.51202487945557,-2.48338747024536,20.5510501861572,17.6830501556396,16.9789505004883,-14.203950881958,-17.7790508270264,-11.5990505218506,8.08095073699951,-8.91495037078857,-37.701000213623,-5.07622480392456,6.04601240158081,4.60308742523193,4.32836246490479,-11.1134376525879,-10.8222122192383,0.47932499647141,-0.88384997844696,-1.80771243572235,25.5409507751465,15.1810503005981,12.4870510101318,-2.61600017547607,-10.5070505142212,-12.8370008468628,-48.3049507141113,-31.3870506286621,-11.9940004348755,FAN
-4.59964990615845,-5.9608998298645,-3.67234992980957,5.07595014572144,5.69772481918335,2.40707492828369,-0.09267500042915,-1.24231255054474,-0.88288748264313,7.39395046234131,9.80505084991455,5.35005044937134,-1.11000001430511,-0.33195000886917,0.0409500002861,13.3459510803223,4.94505023956299,-12.8100004196167,-1.63652503490448,4.90173768997192,7.13116264343262,0.42006251215935,-5.04514980316162,-9.57797527313232,-0.06132499873638,-0.09487500041723,-2.73996257781982,1.35105001926422,9.9660005569458,18.1660499572754,-0.61905002593994,-1.47795009613037,-1.33005011081696,-24.0870018005371,-39.2550010681152,-43.2870025634766,6.15848731994629,5.40210008621216,4.77565002441406,-9.25003719329834,-8.02037525177002,-6.66723728179932,-3.04246258735657,-2.43663740158081,-1.76577496528625,14.6350507736206,11.9389505386353,14.5339508056641,-6.18300008773804,-6.1279501914978,-5.99595022201538,-24.4660511016846,-7.07595014572144,-2.40000009536743,4.28271245956421,3.88382506370544,-7.00823736190796,-4.73591232299805,-1.89186251163483,10.4968872070313,-1.09395003318787,-0.3301374912262,3.19164991378784,16.5090007781982,23.3620510101318,13.4760007858276,-3.49905014038086,-3.15405011177063,-2.67105007171631,9.83400058746338,27.5950508117676,22.1910018920898,-11.4838628768921,-8.62881278991699,-7.0246000289917,10.9177751541138,7.68996238708496,5.70803737640381,0.31391251087189,-1.02657496929169,-0.44261249899864,11.9910001754761,11.2470006942749,14.7400503158569,-1.46895003318787,-3.57600021362305,-4.22205018997192,6.09405040740967,-7.59105014801025,-31.6030521392822,-3.19261240959167,9.06015014648438,8.50244998931885,0.6238374710083,-9.14072513580322,-9.99611282348633,2.32127499580383,0.21243749558926,-1.90464997291565,19.605001449585,18.0900001525879,9.10905075073242,-3.73095011711121,-8.42400074005127,-12.1620006561279,-58.9500045776367,-47.1750030517578,-25.090051651001,7.29850006103516,6.25899982452393,5.47965002059937,-9.06908702850342,-7.64101266860962,-6.1314001083374,-1.85006248950958,-1.5054874420166,-0.99096250534058,9.58005046844482,11.331000328064,18.0820503234863,-12.6259508132935,-11.1150007247925,-8.59905052185059,-6.68100023269653,-0.69000005722046,12.5470504760742,5.88224983215332,-9.81887531280518,-10.1420001983643,3.29243755340576,12.7065124511719,11.3277997970581,2.03087496757507,2.28401255607605,-0.32394999265671,27.1980018615723,17.3520011901855,12.3460502624512,0.52200001478195,-1.60995006561279,-2.65905022621155,40.9530029296875,9.6109504699707,-5.94600009918213,-8.18221282958984,-3.28020000457764,5.45380020141602,8.8444128036499,2.86934995651245,-6.71852493286133,-0.86185002326965,0.62686252593994,0.73163747787476,10.7340002059937,15.1090507507324,16.3900508880615,-4.51200008392334,-5.95800018310547,-9.67200088500977,-11.1940507888794,-54.1620025634766,-44.9680519104004,6.49261236190796,5.53396224975586,4.3356499671936,-10.3156623840332,-9.50427532196045,-5.6215500831604,-1.62951254844666,-1.60723745822906,-0.96978747844696,10.9950008392334,12.7459506988525,16.0639514923096,-11.0910005569458,-7.64595031738281,-4.44705009460449,-22.701000213623,-1.78395009040833,10.5070505142212,FAN
-8.63403701782227,-8.54232501983643,19.6645622253418,7.40245008468628,3.12111258506775,-9.5390625,1.82943749427795,4.46806240081787,-0.70881247520447,2.65605020523071,7.8400502204895,11.062050819397,0.69900006055832,-0.3529500067234,-1.28205001354218,-8.074049949646,-1.40100002288818,-1.38000011444092,9.20741271972656,0.89388751983643,3.53099989891052,-5.82560014724731,1.43797504901886,0.14794999361038,-2.71342492103577,-0.85483747720718,-1.71242499351501,24.3480014801025,28.9210510253906,30.4750518798828,3.17805004119873,2.97900009155273,5.45400047302246,4.33905029296875,-23.1529502868652,-35.5560035705566,3.73230004310608,3.02293753623962,2.6371123790741,-1.10467493534088,-0.57543748617172,-0.7957124710083,-2.24138760566711,-1.97229993343353,-1.76109993457794,23.3479518890381,18.2689514160156,10.3540506362915,3.54105019569397,2.61495018005371,-0.54195004701614,-1.73895013332367,-2.30895018577576,-0.25005000829697,2.18968749046326,1.06397497653961,-3.36050009727478,-1.27393746376038,1.09326255321503,6.67837476730347,-1.39108753204346,-0.50971251726151,0.54257500171661,8.83800029754639,10.1599502563477,9.22605037689209,-2.85495018959045,-4.27305030822754,-1.59300005435944,20.4289512634277,35.0460014343262,30.2020511627197,-9.1614875793457,-9.68852519989014,-7.76599979400635,8.6116247177124,7.97060012817383,5.57480001449585,-1.49572503566742,-2.55227494239807,-1.29112493991852,10.381950378418,18.0540008544922,20.4049510955811,-0.99195003509521,1.24800002574921,0.03900000080466,8.19600009918213,-20.9719505310059,-49.0600509643555,-0.99893748760223,6.06966257095337,4.95068740844727,-0.10284999758005,-7.24900007247925,-8.22566223144531,2.45588755607605,0.84823751449585,-0.9785875082016,17.8330516815186,17.8410015106201,19.5240001678467,1.72695004940033,-1.03500008583069,-7.66800022125244,-51.7819519042969,-32.8669509887695,8.58705043792725,4.35228729248047,3.83872509002686,1.87728750705719,-6.33338737487793,-3.63192486763,2.47005009651184,-0.54229998588562,0.31817498803139,2.32773756980896,16.5619506835938,17.4070510864258,15.5680503845215,-6.40605020523071,-4.66995000839233,-3.27900004386902,25.2199516296387,39.0540008544922,37.5619506835938,-11.385274887085,-12.1204872131348,-10.3200626373291,9.120924949646,9.34697532653809,7.87256240844727,1.31381249427795,-1.39892494678497,-1.74776244163513,10.8130502700806,12.1570501327515,10.9909505844116,-3.23805022239685,-1.57395005226135,0.25605002045631,11.7810001373291,-9.91095066070557,-15.8869504928589,-8.11786270141602,-5.02397489547729,6.6643500328064,5.6438250541687,1.70060002803802,-6.53894996643066,-1.24354994297028,0.55522501468658,1.58757495880127,11.0770502090454,14.9959506988525,16.3510513305664,0.30705001950264,0.28800001740456,-3.86100029945374,-19.7560501098633,-31.0549507141113,-41.1250534057617,8.32892513275146,7.15756225585938,5.9595251083374,-9.26571273803711,-7.76270008087158,-5.07306241989136,-2.82933759689331,-2.41615009307861,-1.27709996700287,14.1390008926392,15.6829509735107,15.8029508590698,-6.90405035018921,-8.02200031280518,-7.62900018692017,-23.053050994873,-5.11995029449463,7.5930004119873,FAN
3.70039987564087,-12.5987119674683,-10.9762125015259,5.27120018005371,10.614312171936,9.26364994049072,2.63188743591309,0.03011249937117,-1.36125004291534,23.4670505523682,14.3809509277344,10.81605052948,0.18705001473427,-1.83795011043549,-4.43805027008057,31.4140510559082,11.377950668335,-0.20700001716614,-9.01381206512451,-6.86124992370605,-3.59809994697571,7.79198741912842,5.33623743057251,1.36675000190735,-1.57712495326996,-0.60211247205734,1.55952501296997,14.0239505767822,16.9500007629395,22.2340507507324,-4.03095006942749,-6.50205039978027,-7.47405052185059,-9.32400035858154,-22.9639511108398,-43.6840515136719,7.03298759460449,9.14264965057373,6.46786260604858,-6.16591262817383,-9.75383758544922,-7.43435001373291,2.63450002670288,-0.63222497701645,-1.32934999465942,21.445951461792,15.9829511642456,25.2250518798828,-9.16200065612793,-8.33295059204102,-4.85895013809204,-51.1279525756836,-37.4329528808594,-1.92105007171631,5.45380020141602,4.6883373260498,4.4108624458313,-5.4305624961853,-3.53031253814697,-0.11550000309944,-1.03949999809265,-0.63800001144409,0.41525000333786,20.5200004577637,17.9869499206543,24.5299510955811,-5.63205003738403,-6.48195028305054,-4.03800010681152,4.42095041275024,26.9320507049561,53.9749526977539,-9.19022464752197,-9.48791217803955,-8.6156120300293,11.0056371688843,9.980712890625,8.44648742675781,-0.42583748698235,-1.8489625453949,-1.72589993476868,15.0250511169434,14.9359502792358,15.6139507293701,-4.76100015640259,-9.86805057525635,-10.9330501556396,13.2409505844116,-4.4800500869751,-28.9999523162842,-0.89086252450943,8.22841262817383,5.86877489089966,-0.82445001602173,-10.3798751831055,-9.7746000289917,3.68568754196167,0.78925001621246,-1.01928746700287,17.8930511474609,14.9530506134033,19.8810005187988,-8.56800079345703,-13.3759508132935,-13.5430507659912,-63.0949516296387,-36.1620025634766,9.67605018615723,5.18594980239868,5.00747489929199,5.04171228408813,-7.54943752288818,-4.68160009384155,0.33123749494553,-0.69148749113083,-0.13172499835491,0.9062625169754,20.719051361084,26.9250011444092,23.9680519104004,-8.15100002288818,-3.16605019569397,-2.62800002098084,23.098051071167,30.1420516967773,28.9600505828857,-1.75394999980927,-9.1137752532959,-8.25398731231689,9.25979995727539,11.5703496932983,9.79879951477051,2.29982495307922,-0.79694998264313,-2.15201258659363,14.4889507293701,9.71895027160644,5.82405042648315,-0.95595002174377,-0.06599999964237,-0.09900000691414,15.4410009384155,2.3689501285553,-1.21695005893707,-6.70779991149902,-5.12806224822998,6.50979995727539,7.82773733139038,5.56998729705811,-11.3166627883911,-2.51803755760193,-1.84016251564026,-1.08955001831055,5.54100036621094,10.0900506973267,11.4910507202148,-2.99595022201538,-6.94905042648315,-9.93705081939697,-4.03500032424927,-26.6299514770508,-47.5990524291992,6.09372520446777,4.7933874130249,4.35861253738403,-11.6230125427246,-9.58704948425293,-7.71292495727539,-1.77072501182556,-1.58427500724792,-1.24616253376007,7.78905057907104,11.7619504928589,23.6610012054443,-10.3300504684448,-11.2639503479004,-8.79495048522949,-31.0210514068604,-11.332950592041,16.9120502471924,FAN
