gyro_x_0,gyro_y_0,gyro_z_0,acc_x_0,acc_y_0,acc_z_0,gyro_x_1,gyro_y_1,gyro_z_1,acc_x_1,acc_y_1,acc_z_1,gyro_x_2,gyro_y_2,gyro_z_2,acc_x_2,acc_y_2,acc_z_2,gyro_x_3,gyro_y_3,gyro_z_3,acc_x_3,acc_y_3,acc_z_3,gyro_x_4,gyro_y_4,gyro_z_4,acc_x_4,acc_y_4,acc_z_4,gyro_x_5,gyro_y_5,gyro_z_5,acc_x_5,acc_y_5,acc_z_5,gyro_x_6,gyro_y_6,gyro_z_6,acc_x_6,acc_y_6,acc_z_6,gyro_x_7,gyro_y_7,gyro_z_7,acc_x_7,acc_y_7,acc_z_7,gyro_x_8,gyro_y_8,gyro_z_8,acc_x_8,acc_y_8,acc_z_8,gyro_x_9,gyro_y_9,gyro_z_9,acc_x_9,acc_y_9,acc_z_9,gyro_x_10,gyro_y_10,gyro_z_10,acc_x_10,acc_y_10,acc_z_10,gyro_x_11,gyro_y_11,gyro_z_11,acc_x_11,acc_y_11,acc_z_11,gyro_x_12,gyro_y_12,gyro_z_12,acc_x_12,acc_y_12,acc_z_12,gyro_x_13,gyro_y_13,gyro_z_13,acc_x_13,acc_y_13,acc_z_13,gyro_x_14,gyro_y_14,gyro_z_14,acc_x_14,acc_y_14,acc_z_14,gyro_x_15,gyro_y_15,gyro_z_15,acc_x_15,acc_y_15,acc_z_15,gyro_x_16,gyro_y_16,gyro_z_16,acc_x_16,acc_y_16,acc_z_16,gyro_x_17,gyro_y_17,gyro_z_17,acc_x_17,acc_y_17,acc_z_17,gyro_x_18,gyro_y_18,gyro_z_18,acc_x_18,acc_y_18,acc_z_18,gyro_x_19,gyro_y_19,gyro_z_19,acc_x_19,acc_y_19,acc_z_19,gyro_x_20,gyro_y_20,gyro_z_20,acc_x_20,acc_y_20,acc_z_20,gyro_x_21,gyro_y_21,gyro_z_21,acc_x_21,acc_y_21,acc_z_21,gyro_x_22,gyro_y_22,gyro_z_22,acc_x_22,acc_y_22,acc_z_22,gyro_x_23,gyro_y_23,gyro_z_23,acc_x_23,acc_y_23,acc_z_23,gyro_x_24,gyro_y_24,gyro_z_24,acc_x_24,acc_y_24,acc_z_24,gyro_x_25,gyro_y_25,gyro_z_25,acc_x_25,acc_y_25,acc_z_25,gyro_x_26,gyro_y_26,gyro_z_26,acc_x_26,acc_y_26,acc_z_26,gyro_x_27,gyro_y_27,gyro_z_27,acc_x_27,acc_y_27,acc_z_27,gyro_x_28,gyro_y_28,gyro_z_28,acc_x_28,acc_y_28,acc_z_28,gyro_x_29,gyro_y_29,gyro_z_29,acc_x_29,acc_y_29,acc_z_29,motion_type
-0.6400340795517,-0.27656924724579,-0.30283644795418,-1.11849427223206,-0.94256508350372,-0.83322018384933,-0.17432567477226,-0.30443996191025,-0.43577599525452,0.56981998682022,0.80445176362991,0.85473001003265,1.0486603975296,1.23061966896057,0.38786068558693,11.2841720581055,10.1301670074463,9.09826564788818,-0.74632459878922,-0.5361869931221,-0.29184088110924,-0.675616979599,-0.92546087503433,-0.94073247909546,-0.11018481850624,0.3119230568409,0.49945870041847,-0.22984336316586,1.60650932788849,3.30639243125916,1.32399356365204,0.84036481380463,1.77649760246277,11.1309432983398,11.3272676467896,12.6584434509277,-0.08964447677135,0.20295998454094,0.98120230436325,-0.92607170343399,-1.94988191127777,-4.72992944717407,0.43348523974419,0.26549729704857,0.00465784734115,3.78044438362122,4.01747035980225,4.44124412536621,1.89381349086761,1.6711528301239,0.44292730093002,12.8787097930908,11.6959743499756,11.4613428115845,2.18399596214294,5.45762300491333,8.78195190429688,-8.20880699157715,-16.4970264434814,-20.0211086273193,-0.49502992630005,-2.3422863483429,-5.14676856994629,6.95066690444946,12.2753715515137,8.41112995147705,-0.55066639184952,2.0326771736145,1.58735573291779,9.59865379333496,8.80138492584229,8.21719932556152,11.1020174026489,12.9975328445435,12.2101268768311,-20.0211086273193,-20.0211086273193,-16.4341068267822,-6.19928979873657,-5.66295003890991,-1.30198287963867,1.98958158493042,-13.7669591903687,-20.6314353942871,-4.2760443687439,-7.41514205932617,-4.5418004989624,11.0926361083984,9.82610321044922,-1.92733240127563,9.2052812576294,0.95432424545288,-2.22156429290771,-1.7256942987442,2.23515582084656,1.68659889698029,4.62157726287842,2.56418323516846,-1.10284090042114,10.9202527999878,19.8221950531006,0.45729252696037,1.63523972034454,4.9203839302063,-4.11084413528442,-31.7049160003662,-25.6739234924316,-7.95862579345703,-1.30404460430145,-0.4922046661377,0.23961189389229,0.90346968173981,0.20036379992962,0.10079276561737,-0.17127133905888,-0.29955303668976,-0.61903554201126,2.6431987285614,3.03824186325073,1.58017313480377,-3.35906505584717,-1.2258312702179,-0.53390699625015,-6.92193651199341,-5.72962379455566,-7.06080007553101,0.45402559638023,0.17424930632114,-0.15806138515472,0.28160887956619,0.24495697021484,0.21685716509819,-0.76319974660873,-0.69661545753479,-0.28305968642235,1.03668928146362,-0.18435353040695,-0.28490999341011,0.78529816865921,0.2537853717804,-0.39025488495827,-9.90271759033203,-10.2642421722412,-10.3624038696289,-0.33948835730553,-0.28756481409073,-0.26923885941505,-0.06108652427793,-0.45937067270279,-0.61147612333298,0.13782647252083,0.22151501476765,0.15737415850163,0.87867200374603,1.88184249401093,2.10450339317322,0.02394201606512,0.13168109953403,0.03830722719431,-9.79737281799316,-9.81892013549805,-9.50767421722412,-0.20815233886242,-0.10430523753166,-0.00473420554772,-0.43127086758614,-0.27611109614372,-0.25839599967003,0.07124216109514,-0.02893974073231,-0.17004960775375,2.14041638374329,2.01591777801514,1.3407529592514,0.13168109953403,-0.0981622710824,-0.02394201606512,-9.23952388763428,-9.66808605194092,-9.3927526473999,SPIN
-0.36209037899971,-0.31016683578491,-0.27962356805801,-0.27061331272125,-0.33841934800148,-0.56505036354065,-0.24579690396786,-0.22930353879929,-0.24640776216984,2.166752576828,2.41096115112305,2.96402168273926,0.38786068558693,0.52911859750748,0.75417351722717,10.2498769760132,10.178050994873,10.2546653747559,-0.24969117343426,-0.15317445993423,0.01237002108246,-0.89247411489487,-1.33535146713257,-2.16307377815247,-0.3630830347538,-0.60620737075806,-1.00265896320343,3.61285042762756,4.41490793228149,5.23402404785156,1.03429508209229,1.20188927650452,1.15400516986847,10.5108451843262,10.5395755767822,10.5323925018311,0.36545014381409,0.98853266239166,2.2658519744873,-3.53629899024963,-5.9895339012146,-10.4329671859741,-1.59825253486633,-2.49561357498169,-3.86395168304443,6.30183792114258,7.71920537948608,8.70082855224609,0.94570964574814,0.85712420940399,0.83557641506195,10.0056686401367,9.41908836364746,10.2977609634399,4.46863222122192,6.71295070648193,9.38976192474365,-15.9625196456909,-20.0211086273193,-20.0211086273193,-5.03009366989136,-5.41921472549438,-4.88409662246704,7.75751256942749,4.69502973556519,-1.31681096553802,0.73980832099915,0.24420857429504,-0.46208092570305,10.1924161911011,10.6233720779419,11.3679685592651,12.5131168365479,13.254096031189,8.08251094818115,-20.0211086273193,-16.9221897125244,-6.90949678421021,-3.41985273361206,-0.87254464626312,0.67294442653656,-7.97777938842773,-8.67928028106689,0.105344876647,-3.38779544830322,-3.79959797859192,-3.85227060317993,7.58034181594849,-7.44387245178223,-20.9881706237793,1.99951469898224,-1.13422405719757,-1.30037939548492,1.07023596763611,3.11358022689819,2.15391087532043,0.77923500537872,-0.92141383886337,-1.18530762195587,7.96820259094238,4.27843856811523,-0.62488663196564,4.83389329910278,0.56742578744888,-4.7022123336792,-21.61305809021,-15.981894493103,-11.1453084945679,0.6928738951683,1.07527554035187,0.81810128688812,-1.0012081861496,-1.13254415988922,-0.35246923565865,0.04619668424129,0.03581197559834,-0.1107956841588,0.79487496614456,1.05105459690094,1.04626619815826,-2.5282769203186,-1.32878196239471,-0.48362874984741,-8.5619649887085,-9.11741924285889,-10.2307233810425,0.27137687802315,-0.07742717117071,-0.27779096364975,0.47280970215797,0.7739662528038,0.6010913848877,-0.21036672592163,-0.15844316780567,-0.03016147203743,0.30885201692581,0.01197100803256,0.06943184882402,-0.53390699625015,-0.85712420940399,-1.06063139438629,-10.9202527999878,-10.8771572113037,-10.4725370407104,-0.22647829353809,-0.09697485715151,-0.08353582024574,0.11362093687057,-0.19181168079376,-0.1924225538969,0.1011745557189,0.15493069589138,0.11705705523491,0.5243301987648,1.02711248397827,1.09654438495636,-1.08217918872833,-0.91937345266342,-0.91219085454941,-9.84525680541992,-9.92905330657959,-9.8476505279541,-0.14278975129128,-0.16294831037521,-0.14462234079838,0.05925392732024,0.20586158335209,0.17898350954056,0.05047274008393,-0.03688098862767,-0.04298964142799,1.1180921792984,0.84994161128998,0.50038814544678,-0.86670100688934,-0.85473001003265,-0.95528650283813,-9.77103614807129,-10.0104570388794,-10.1541090011597,SPIN
1.86023736000061,1.93720638751984,2.04777312278748,-4.56438493728638,-5.03108596801758,-5.37500333786011,-0.98983079195023,-1.0179306268692,-0.97150480747223,3.80438661575317,4.01028776168823,4.16830539703369,2.23139595985413,2.21463656425476,2.25773215293884,8.38479328155518,7.62822580337524,7.25712442398071,2.15895056724548,2.24447154998779,2.42773127555847,-5.55154323577881,-5.62484741210938,-5.86736059188843,-0.79679733514786,-0.59582269191742,-0.32215505838394,4.20421838760376,4.37899494171143,5.14065027236938,2.15478157997131,2.0973207950592,2.29843354225159,6.49337434768677,5.4854154586792,4.70939493179321,2.6702446937561,2.96590352058411,3.24079275131226,-6.18134546279907,-6.58757066726685,-6.94920301437378,-0.21403190493584,-0.22991441190243,-0.26290112733841,5.78947877883911,5.64822101593018,5.12149667739868,2.77248549461365,2.90895509719849,3.11725068092346,3.94803857803345,3.17231726646423,2.23139595985413,3.46253681182861,4.1912989616394,6.44600296020508,-7.94552421569824,-10.4812259674072,-14.2777538299561,-0.43149992823601,-0.96112012863159,-1.46264052391052,4.04141235351563,1.2258312702179,-0.99838209152222,2.83712911605835,1.4867992401123,-0.5243301987648,0.95528650283813,0.86909520626068,4.71178913116455,10.3243865966797,13.1386423110962,5.29330015182495,-16.3119354248047,-15.3376045227051,-0.73975783586502,-1.71004092693329,-2.0557906627655,-0.56894463300705,-3.9073371887207,-7.71681118011475,-5.65779781341553,-4.9012303352356,-7.06798267364502,-4.80037450790405,5.67695140838623,-2.1284453868866,-19.2787113189697,1.68003213405609,0.36117407679558,0.19501872360706,2.76049995422363,1.41415309906006,0.50946164131165,-0.46876272559166,-1.49135112762451,-1.20913136005402,1.41257905960083,-1.95127439498901,-3.28963303565979,-2.93768548965454,-5.44710826873779,-7.1302318572998,-22.4079322814941,-16.7097320556641,-13.7382287979126,0.1846340149641,0.04902193695307,-0.12996158003807,0.26022860407829,0.47647488117218,0.69455379247665,-0.43272167444229,-0.08269587904215,-0.1315651088953,-2.81558108329773,-1.41257905960083,-1.23301386833191,-5.60991382598877,-3.71101260185242,-2.93050289154053,-11.4900732040405,-11.0615110397339,-10.5515460968018,-0.30283644795418,-0.47204610705376,-0.44700065255165,0.82222461700439,0.88453286886215,0.68050390481949,-0.21281017363071,-0.14622586965561,0.00221438659355,-1.75255560874939,-1.97042798995972,-1.53707754611969,-2.87543630599976,-3.18428826332092,-3.42370843887329,-10.2642421722412,-9.83568000793457,-9.16290950775146,-0.17088955640793,-0.01634064503014,-0.02855795063078,0.23090706765652,-0.02321287989616,-0.07024950534105,0.05780312418938,0.07979427278042,0.14271339774132,-1.06781399250031,-1.09175598621368,-0.80205756425858,-3.35427665710449,-3.42370843887329,-3.2968156337738,-9.21079349517822,-9.60583686828613,-10.0056686401367,-0.1568396538496,-0.35170567035675,-0.33276882767677,0.00427605677396,0.24801129102707,0.26022860407829,0.14210252463818,0.07124216109514,0.14637859165668,-0.45968672633171,-0.73741412162781,-0.8451532125473,-3.12922167778015,-3.23696064949036,-3.1890766620636,-10.0559463500977,-9.47894382476807,-9.43345355987549,SPIN
-1.44943046569824,-1.17515206336975,-0.9411906003952,0.45142942667007,0.42455133795738,0.20341812074184,0.10483974963427,-0.45532369613647,-0.9556223154068,6.83095693588257,7.10868406295776,5.83496904373169,1.34314715862274,1.18752408027649,0.18914192914963,12.8308258056641,12.5123977661133,12.023980140686,-0.31383201479912,-0.07315111160278,0.25366178154945,-0.6878342628479,-1.2467759847641,-2.08060693740845,-1.20668792724609,-1.33924567699432,-1.53411173820496,5.2172646522522,5.1669864654541,5.54766464233398,-0.62967503070831,-0.90261405706406,-0.9433154463768,11.6911859512329,11.3990936279297,11.4421892166138,1.19622683525085,1.9146044254303,2.54135203361511,-3.63770246505737,-4.46420335769653,-5.76045942306519,-2.0002019405365,-2.16085934638977,-2.46262693405151,5.60991382598877,5.42316627502441,5.49738645553589,-1.03668928146362,-0.69431847333908,-0.02873042039573,11.8755397796631,10.5970363616943,8.1022777557373,3.19009113311768,4.6292896270752,8.03364181518555,-8.97177791595459,-14.909387588501,-20.0211086273193,-3.29767966270447,-4.84316873550415,-6.10704898834229,5.43034887313843,4.39336013793945,-1.87226569652557,0.58179098367691,0.1268926858902,-3.16752886772156,6.44549036026001,7.92989540100098,13.841178894043,13.0622844696045,16.6065235137939,12.6059675216675,-20.0211086273193,-20.0211086273193,-9.89357376098633,-5.65806293487549,-4.16877365112305,0.20563250780106,-11.0926361083984,-20.8708553314209,-15.7185325622559,-5.43992567062378,-12.4046583175659,-12.7589998245239,16.760009765625,8.12861442565918,-19.8150119781494,5.30185222625732,0.43081271648407,-0.94363409280777,0.8045095205307,0.74708819389343,0.94500851631165,2.96063470840454,-0.61353778839111,-1.12361025810242,12.0072212219238,5.01615190505981,-2.67192912101746,4.38857173919678,2.21224236488342,-5.35612869262695,-33.3952217102051,-21.5699615478516,-13.6185188293457,-1.205695271492,-0.57161712646484,0.01603521220386,1.68293380737305,0.72143185138702,0.07269296050072,-0.04848742857575,-0.01122464891523,-0.23846651613712,0.2777273952961,1.28329205513,0.20350714027882,-4.22097778320313,-2.67432332038879,-1.45088624954224,-10.5347871780396,-9.2131872177124,-8.06636524200439,0.23228150606155,0.21212296187878,0.09483683109283,0.53023105859756,1.14292883872986,1.23211514949799,-0.28794661164284,-0.26290112733841,-0.17371480166912,-0.31603461503983,-0.71586632728577,-0.27293899655342,-0.50757074356079,-0.40940847992897,-0.11492168158293,-8.18128681182861,-9.2538890838623,-10.6257667541504,-0.03955352306366,-0.1116356253624,-0.13668109476566,0.7611380815506,0.37140607833862,0.16920967400074,-0.14194981753826,-0.00511599658057,0.03397937864065,-0.16280572116375,0.19153612852097,0.76853877305984,-0.46926352381706,-0.68474167585373,-0.82599955797195,-10.8220911026001,-10.5132389068604,-9.89074611663818,-0.11530081182718,-0.11346822232008,-0.12873984873295,0.19792033731937,0.28466320037842,0.37812557816505,-0.01122464891523,-0.03138320147991,-0.04237877577543,0.74220252037048,0.66079968214035,0.61770403385162,-1.06541979312897,-1.25695586204529,-1.28329205513,-9.71836376190186,-9.8691987991333,-9.89553451538086,SPIN
0.02519819140434,0.03680463135242,0.17119498550892,-0.94867372512817,-0.93156951665878,-0.88514375686646,-0.57749670743942,-0.54817521572113,-0.19998200237751,5.20529365539551,4.23534297943115,4.2951979637146,2.66953492164612,1.64721071720123,1.67833542823792,12.1819972991943,12.2226991653442,11.763011932373,0.35445454716682,0.51816642284393,0.66171979904175,-0.93156951665878,-0.95478236675262,-1.10077917575836,0.0687986984849,0.13171781599522,0.09506590664387,4.86980628967285,5.10713148117065,5.0592474937439,2.27688574790955,2.60489153862,2.7629086971283,11.3464212417603,10.6305551528931,9.82131481170654,0.80649483203888,0.91950488090515,1.05878221988678,-1.46180057525635,-2.20461273193359,-3.42878651618958,-0.02588541433215,-0.20731239020824,-0.60254222154617,4.89883613586426,5.0975546836853,5.06403589248657,2.83234071731567,3.17471146583557,3.32075786590576,8.7175874710083,7.77906036376953,6.54844093322754,1.26403295993805,2.54868245124817,4.77956247329712,-5.45991373062134,-13.9564380645752,-19.9533023834229,-1.16270565986633,-2.59335207939148,-3.06432914733887,4.61841487884521,3.64397501945496,3.82593441009521,3.29920983314514,1.98239898681641,1.24977326393127,5.38485908508301,2.05661916732788,6.74237108230591,8.65794563293457,13.0366277694702,16.3640117645264,-20.0211086273193,-20.0211086273193,-19.7785949707031,-3.07104873657227,-3.35998797416687,-3.70879197120667,3.47877502441406,0.06464344263077,-8.27705478668213,0.08619125932455,-4.30716896057129,-9.5914716720581,9.20839881896973,9.80216121673584,7.80779123306274,12.5668725967407,3.71482419967651,-0.2087631970644,-9.59547138214111,2.31395745277405,5.3572883605957,-3.11991786956787,0.52083897590637,0.69127041101456,-17.2747631072998,-5.35852289199829,4.72615432739258,-16.0106258392334,-5.25078344345093,1.95845699310303,-19.6282634735107,-23.0926742553711,-23.1764717102051,-1.92895972728729,-1.38528966903687,-0.20754146575928,2.88267302513123,0.95844757556915,0.39584067463875,-1.42293417453766,-1.08023881912231,0.22395847737789,-0.98641109466553,-4.02225875854492,-0.04070143029094,-4.75967311859131,-7.81497383117676,-4.8602294921875,-13.8866691589355,-7.62822580337524,-7.72878217697144,0.52366423606873,0.61407226324081,0.31169399619102,0.07391469180584,0.38851028680801,0.98899084329605,0.1738675236702,-0.41683918237686,-0.55489474534988,1.76931500434875,0.05746084079146,0.05746084079146,-2.74136090278625,-2.31998133659363,-2.31998133659363,-8.84687423706055,-10.0918598175049,-10.0918598175049,0.0080939643085,-0.31383201479912,-0.44333544373512,1.27548658847809,1.03969264030457,0.54611355066299,-0.32826370000839,-0.11873693019152,0.07063129544258,-1.65678763389587,-1.47482824325562,-1.0223240852356,-2.49236392974854,-2.54503631591797,-2.47321033477783,-11.7223110198975,-11.408670425415,-10.5946416854858,-0.42073345184326,-0.43539419770241,-0.42989641427994,0.13255776464939,0.05681046843529,0.2101376503706,0.18730655312538,0.19830213487148,0.21479548513889,-0.35434186458588,-0.1508347094059,-0.14365209639072,-2.63841032981873,-2.95205068588257,-3.07176089286804,-10.1397438049316,-9.50288581848144,-9.38556957244873,SPIN
0.0068722339347,0.28115072846413,0.42653664946556,-1.51616752147675,-1.75196146965027,-1.76723313331604,-0.16882787644863,-0.06009386852384,0.00832303892821,3.58172583580017,4.41730213165283,5.06882429122925,2.166752576828,2.18351197242737,2.46123933792114,11.4733142852783,11.5547170639038,11.6840038299561,0.77167552709579,1.25242650508881,1.66964745521545,-1.94316232204437,-2.31945538520813,-2.94742488861084,-0.04726569727063,-0.20609065890312,-0.38873937726021,5.61709642410278,5.72722959518433,5.36331129074097,2.83712911605835,3.05739545822144,3.07415509223938,11.5666875839233,10.7311115264893,9.32571506500244,1.9824104309082,2.32144069671631,2.87793898582459,-3.90159630775452,-5.34873628616333,-7.10558462142944,-0.53046011924744,-0.70516759157181,-1.00937843322754,4.95629692077637,4.66151094436646,4.47476291656494,3.23935484886169,3.61285042762756,4.32871675491333,7.81497383117676,7.07755947113037,6.13663816452026,3.66290068626404,5.16562938690186,8.11610794067383,-9.73352718353272,-13.2154588699341,-16.795129776001,-1.50479018688202,-1.79983806610107,-1.5689309835434,3.68707060813904,2.04225397109985,-1.15400516986847,3.99113416671753,2.47799873352051,0.18914192914963,4.99939250946045,6.2778959274292,7.19487524032593,11.9871616363525,14.2644672393799,13.204005241394,-19.2960109710693,-19.4499492645264,-15.9539680480957,-0.77175188064575,0.96127283573151,2.59045052528381,-7.14459705352783,-13.1396780014038,-9.2131872177124,-5.53090524673462,-10.312126159668,-10.2450885772705,3.06697249412537,-7.31697988510132,-16.247652053833,8.63290023803711,2.85045003890991,-1.02487921714783,-7.68835020065308,-1.8735237121582,0.91568702459335,3.58432817459106,2.33083271980286,0.25389087200165,2.53545951843262,7.47260284423828,3.82354021072388,-3.58412003517151,2.65277552604675,-0.25617957115173,-25.7696914672852,-24.1245746612549,-18.1055526733398,-2.73957800865173,-2.74996256828308,-0.25457808375359,2.30418372154236,2.43796324729919,-0.21563543379307,-0.52068626880646,-0.18593211472034,-0.05276348441839,0.44771572947502,0.16280572116375,0.96486330032349,-4.26886177062988,-4.51546430587769,-1.23780226707459,-12.5818290710449,-9.51964569091797,-7.51569843292236,0.41065415740013,0.31230485439301,-0.09758572280407,-0.34636059403419,0.32314771413803,0.86254173517227,-0.19998200237751,-0.09246972948313,0.04436408728361,-0.77572137117386,-1.18752408027649,-1.03190088272095,-0.79966336488724,-0.41898530721664,-0.01436521019787,-8.49013805389404,-9.77343082427978,-10.601824760437,-0.42378777265549,-0.49098294973373,-0.32299500703812,0.83199846744537,0.47403141856194,0.08857546001673,0.12683089077473,0.15065464377403,0.10300715267658,-0.61530983448029,0.02154781483114,0.39264908432961,-0.02873042039573,-0.14125789701939,-0.45729252696037,-10.5659112930298,-9.7303352355957,-9.00728607177734,-0.07681630551815,0.12476922571659,0.23228150606155,-0.11606439948082,-0.14294247329235,-0.03665191307664,0.02420553565025,-0.07353290170431,-0.07414376735687,0.7972691655159,0.56263738870621,0.17956513166428,-0.73501992225647,-0.8930372595787,-0.93134444952011,-8.81814384460449,-9.02404594421387,-9.2347354888916,SPIN
-0.60521471500397,-0.21914790570736,0.18829920887947,-0.92790430784225,-0.92912602424622,-0.99815380573273,-0.39851322770119,-0.2806162238121,-0.1706604808569,1.81001651287079,1.78128612041473,1.70946002006531,2.07098436355591,1.93451499938965,1.86987149715424,13.3647327423096,13.4796552658081,13.2689647674561,0.58413988351822,0.93294394016266,1.28480231761932,-1.16614174842834,-1.56076073646545,-2.30968141555786,-0.05337435007095,0.04069889709353,0.08834638446569,1.63284552097321,1.62326872348785,1.73100781440735,2.02549457550049,2.15238738059998,2.32716393470764,12.6967506408691,11.5954179763794,10.6999864578247,1.69102776050568,2.09053349494934,2.38069462776184,-3.28034639358521,-4.32003879547119,-5.53749322891235,0.07368562370539,0.02481640130281,-0.02038762718439,2.05661916732788,1.84353530406952,1.94648599624634,2.64798712730408,2.65756392478943,2.78445649147034,9.94820690155029,8.03284645080566,5.90918922424316,2.86083459854126,5.45640087127686,8.37450408935547,-7.8874921798706,-16.0889682769775,-20.0204982757568,-0.16882787644863,-1.45286667346954,-2.43513798713684,2.65038132667542,5.2555718421936,4.09408473968506,3.26808524131775,4.83149909973145,3.55299520492554,4.84347009658813,3.4308910369873,7.06798267364502,12.7495212554932,16.3817253112793,13.8729028701782,-20.0211086273193,-20.0211086273193,-19.3833656311035,-3.10831141471863,-2.97941899299622,-1.64223480224609,-0.50757074356079,-12.1556615829468,-16.9012680053711,-1.82198750972748,-7.39838266372681,-14.0422925949097,7.92271280288696,-3.44765043258667,-14.0877819061279,5.73617744445801,-2.37061524391174,-5.30948781967163,-5.79222440719604,3.76659512519836,5.8893518447876,0.71265065670013,1.61978554725647,0.13416127860546,-10.9202527999878,0.35673606395721,-3.02627086639404,-4.35026454925537,-0.73741412162781,-3.68228220939636,-24.6755409240723,-20.1430168151855,-10.2187519073486,-3.56119155883789,-0.08170322328806,2.386803150177,4.07630395889282,0.12828169763088,-2.13069796562195,0.30642527341843,0.84765189886093,0.32963815331459,-3.88100099563599,-0.00957680679858,-0.23942017555237,-3.69185900688171,-0.5243301987648,0.105344876647,-5.72244119644165,-4.4029369354248,-8.05678844451904,2.39474439620972,0.7722864151001,-0.64308840036392,-1.58091926574707,0.61514127254486,1.98836636543274,0.06757696717978,0.41577014327049,0.53549975156784,-3.38779544830322,-3.08852028846741,-1.98718738555908,-0.40462008118629,0.33758243918419,1.09175598621368,-11.4948616027832,-12.3591680526733,-12.0503168106079,-1.07191574573517,-0.8556694984436,-0.44211372733116,1.63162112236023,0.67867130041122,0.05558873713017,0.37300959229469,0.27954721450806,0.33696854114532,-1.53707754611969,-1.66397023200989,-1.2641384601593,0.98162269592285,0.25139117240906,-0.04070143029094,-10.9777145385742,-9.72794055938721,-8.72477054595947,-0.11835514008999,0.02886338345706,0.06856962293386,-0.05619960278273,0.11606439948082,0.29504790902138,0.32047519087791,0.23678663372993,0.20013472437859,-0.9528923034668,-1.21386027336121,-1.3910311460495,0.00957680679858,0.0454898327589,0.11731588095427,-8.67209815979004,-8.90433502197266,-9.30416679382324,SPIN
-1.05908763408661,-1.01082921028137,-0.83734351396561,-0.55405479669571,-0.54244834184647,-0.45875978469849,-0.4064544737339,-0.50236028432846,-0.48220175504684,2.25294375419617,2.98078107833862,2.66474652290344,1.42455005645752,0.90261405706406,0.42137950658798,9.12699604034424,12.1389017105103,12.871527671814,-0.53313267230988,-0.12018773704767,0.4986187517643,-0.5705481171608,-1.0445796251297,-1.34756875038147,-0.34658965468407,-0.28550314903259,-0.45532369613647,2.42532634735107,3.27047944068909,3.227383852005,0.27293899655342,0.80924016237259,1.13006317615509,12.9768724441528,13.0989770889282,12.6775970458984,0.73380190134048,1.00685858726501,1.34833228588104,-1.48440253734589,-2.0757200717926,-3.33960032463074,-0.41256311535835,-0.5194645524025,-0.92141383886337,3.51708221435547,4.01986455917358,4.82671070098877,1.46525144577026,1.85790050029755,2.44447994232178,11.7103395462036,10.4174709320068,8.96419048309326,1.80098342895508,3.01538348197937,5.86751317977905,-5.7060923576355,-10.2130556106567,-18.0180816650391,-1.82488358020782,-2.98736023902893,-4.66479587554932,4.98502731323242,6.40239477157593,11.2434701919556,2.22900176048279,2.21942496299744,2.53067111968994,7.81497383117676,6.45027875900269,12.0479221343994,10.2211503982544,14.6224336624146,18.355432510376,-20.0211086273193,-20.0211086273193,-20.0211086273193,-6.39293384552002,-6.68126249313354,-5.22923564910889,4.56813669204712,-5.66976881027222,-15.2756052017212,0.05985504388809,-5.11191987991333,-12.3759279251099,16.7169151306152,18.4694709777832,5.2364182472229,15.6963348388672,7.18331718444824,-1.00166630744934,-17.3980522155762,-3.31333303451538,5.26565837860107,-2.07533836364746,0.79084140062332,1.64177668094635,-20.7391738891602,-7.02967548370361,6.20606994628906,-12.7685766220093,-4.61602067947388,3.83072280883789,-9.9889087677002,-24.4406089782715,-23.3201236724854,-4.75543308258057,-4.31255578994751,-1.84404945373535,6.78426933288574,6.04206800460815,3.57539439201355,-0.96234184503555,-1.89513301849365,-0.48159089684486,3.75650238990784,-3.29202723503113,-2.95683908462524,1.06063139438629,-4.53701210021973,-3.30160403251648,-12.9457483291626,-7.44387245178223,-5.71047019958496,0.86635965108871,2.27012801170349,2.12718558311462,0.19303341209888,-1.67743599414825,-1.33657312393188,0.16348281502724,-0.25190556049347,-0.25557073950768,0.99598789215088,-0.05027823522687,-2.09971499443054,-0.81163436174393,-0.84275901317596,-1.17076468467712,-7.84609842300415,-10.0415811538696,-11.7725887298584,0.89201599359512,-0.354149132967,-0.80130249261856,0.29077184200287,1.29992127418518,1.26632368564606,0.08284860104322,0.27160596847534,0.26183211803436,-1.65439331531525,-0.60573303699493,0.03830722719431,-0.94570964574814,-0.20350714027882,-0.31842881441116,-13.2857246398926,-12.8140668869019,-11.7893486022949,-0.7689266204834,-0.30039298534393,0.182801425457,0.52473324537277,-0.2730567753315,-0.61086523532867,0.2062433809042,0.1671480089426,0.12927435338497,0.55306059122086,0.78290396928787,0.56981998682022,-0.6703764796257,-1.16837048530579,-1.25935006141663,-10.3935289382935,-9.2347354888916,-9.19882202148438,SPIN
-0.74998980760574,-0.6339253783226,-0.48243081569672,-0.41966441273689,-0.33292156457901,-0.35796701908112,-0.23052527010441,-0.27572929859161,-0.29588785767555,4.52504110336304,4.55137729644775,4.49152231216431,2.85628271102905,2.85867691040039,2.76051449775696,10.5012683868408,10.9513778686523,11.3703632354736,-0.36880987882614,-0.26740625500679,-0.09880745410919,-0.27488934993744,-0.29321530461311,-0.64751714468002,-0.27267497777939,-0.2354121953249,-0.25434902310371,4.36941814422607,4.3454761505127,4.27843856811523,2.74375510215759,2.76769709587097,2.65038132667542,11.4206409454346,11.1979808807373,11.0351753234863,0.18035796284676,0.50472742319107,1.06733429431915,-1.24433255195618,-2.01157927513123,-3.22720098495483,-0.32826370000839,-0.50236028432846,-0.86338168382645,4.27365016937256,4.37899494171143,4.81234550476074,2.559401512146,2.5282769203186,2.96881008148193,10.6305551528931,10.2403001785278,9.31374359130859,2.10885953903198,3.86998414993286,6.74105072021484,-5.7861156463623,-10.9668636322021,-19.1946067810059,-1.57687222957611,-2.5292112827301,-3.74971985816956,5.18135166168213,5.92355442047119,7.59710121154785,3.22977805137634,2.85388851165771,4.17069959640503,7.32176828384399,3.86184740066528,8.3608512878418,11.1777648925781,16.2155704498291,18.3083953857422,-20.0211086273193,-20.0211086273193,-19.9520797729492,-4.52002096176147,-4.37402439117432,-2.43697047233582,3.63200402259827,-4.68784713745117,-16.7983169555664,2.10929179191589,-5.2555718421936,-8.56675338745117,16.434398651123,12.7135105133057,-4.17548799514771,12.2400598526001,2.55295848846436,-3.20872235298157,-12.3920125961304,0.41416662931442,5.50511741638184,0.3766747713089,1.47378873825073,-0.21830797195435,-9.75667095184326,3.14358687400818,8.04721164703369,-10.9968681335449,0.05506663769484,3.11246228218079,-21.1509761810303,-25.1352272033691,-16.6259346008301,-3.81775498390198,-1.90880119800568,0.6983717083931,5.33102083206177,2.74889349937439,-0.26083946228027,-2.05762314796448,-1.3679563999176,-0.19081902503967,0.70868372917175,-3.64636921882629,-1.21625447273254,-2.50194072723389,-3.02627086639404,-2.43490314483643,-9.81892013549805,-6.11509037017822,-6.57238292694092,1.87428724765778,2.17177867889404,1.34222364425659,-1.51983273029327,-1.55831718444824,-0.38484510779381,-0.04787656292319,-0.02710714563727,0.0364228412509,-0.66798228025436,-1.03190088272095,-0.93134444952011,-1.68791222572327,-1.7597382068634,-1.23780226707459,-8.46140766143799,-10.6425256729126,-12.0072212219238,0.2689334154129,-0.45433104038239,-0.67851859331131,0.70921456813812,0.87659162282944,0.3897320330143,0.0315359197557,-0.03688098862767,0.01320996135473,-0.73741412162781,-0.80924016237259,-1.23301386833191,-0.55066639184952,-0.69431847333908,-1.33835875988007,-12.6129541397095,-12.0144033432007,-10.8364562988281,-0.49831333756447,-0.19349156320095,0.01603521220386,-0.23701570928097,-0.51312679052353,-0.4239404797554,0.27710375189781,0.36262488365173,0.29237538576126,-0.4955997467041,0.16041150689125,0.15801730751991,-1.44609785079956,-1.2641384601593,-1.13006317615509,-9.43105983734131,-8.88518142700195,-9.06474685668945,SPIN
-1.17331945896149,-1.14521956443787,-0.99433588981628,-0.44715335965157,-0.21930062770844,-0.09590584039688,-0.39790233969688,-0.46876272559166,-0.51702105998993,3.89297199249268,3.92649078369141,3.88100099563599,1.67354702949524,1.2258312702179,0.87148940563202,11.7989253997803,12.816460609436,13.3958578109741,-0.69745540618896,-0.3022255897522,0.09422596544027,-0.21074850857258,-0.42332962155342,-0.70127332210541,-0.56650114059448,-0.55733817815781,-0.51641023159027,3.59130263328552,3.28723883628845,3.15076947212219,0.46447512507439,0.1963245421648,0.20829555392265,13.8124485015869,13.8100547790527,13.8507556915283,0.42226061224937,0.89507031440735,1.42774474620819,-0.95722585916519,-1.37750113010406,-1.95599055290222,-0.48220175504684,-0.53107094764709,-0.74487382173538,3.44286203384399,3.96000957489014,4.82910490036011,0.41898530721664,0.8164227604866,1.33835875988007,13.7717475891113,13.5059909820557,13.1540431976318,2.21698260307312,3.56760573387146,6.28717803955078,-3.06410002708435,-5.96815347671509,-11.5288600921631,-1.3123676776886,-2.79188323020935,-4.763756275177,7.34331607818604,8.83250904083252,6.66336250305176,2.65277552604675,2.91134929656982,1.37666594982147,12.4836673736572,13.1420726776123,16.3051128387451,10.9065408706665,14.8405132293701,17.4330253601074,-18.0932178497314,-20.0211086273193,-20.0211086273193,-6.00320196151733,-6.38743591308594,-5.42654514312744,2.87304210662842,-4.503493309021,-18.6753711700439,-2.27209734916687,-5.22205305099487,-9.72075843811035,16.3290538787842,15.5317850112915,9.43824195861816,17.5356502532959,13.4184188842773,6.87299776077271,-19.1933860778809,-12.3956775665283,-3.96879148483276,-1.77112746238709,0.87147563695908,1.92705082893372,-20.4662342071533,-10.7526588439941,3.5506010055542,-12.3280439376831,-8.78941345214844,0.06224924325943,-5.05445909500122,-15.7999353408813,-21.282657623291,0.23777928948402,-3.55019617080688,-1.82205832004547,2.50882363319397,4.86493062973022,2.54791903495789,0.32658383250237,-1.41438210010529,-0.4363868534565,7.12544345855713,-3.60087943077087,-2.28167414665222,3.41413164138794,-2.11168599128723,-1.66636443138123,-19.4271507263184,-8.48534965515137,-6.24437713623047,0.41920626163483,1.81564426422119,1.89139151573181,-0.00183259579353,-1.22356307506561,-0.96883225440979,0.06940956413746,0.15493069589138,0.30520355701447,-0.44532153010368,-1.07260239124298,-1.31441676616669,-1.12288057804108,-0.86430680751801,-0.50757074356079,-6.4071831703186,-8.41591835021973,-10.8819456100464,-0.08292495459318,-0.69256848096848,-0.73227471113205,0.95294976234436,0.95050632953644,0.55222219228745,0.25083655118942,0.14760030806065,0.12133310735226,-0.42616790533066,-0.33997663855553,-0.28969839215279,0.34955343604088,0.33518823981285,-0.21547815203667,-12.7350578308105,-11.8635683059692,-10.1708679199219,0.02153299935162,0.26954430341721,0.27320948243141,-0.32375857234001,-0.30848693847656,-0.14416420459747,0.1628719419241,0.12499830126762,0.1109483987093,0.36631286144257,0.18435353040695,0.2537853717804,-0.58179098367691,-0.36631286144257,-0.24420857429504,-9.01446914672852,-9.62977886199951,-10.0942535400391,SPIN
-0.49586987495422,-0.44761151075363,-0.39263364672661,-0.05192354694009,-0.07513642311096,-0.10079276561737,0.02359466999769,-0.00572686176747,-0.02038762718439,3.21301865577698,3.35667085647583,3.53623580932617,0.43813890218735,0.42137950658798,0.38786068558693,10.3887405395508,10.764630317688,11.2458648681641,-0.28756481409073,-0.15134187042713,-0.03222314268351,-0.09529497474432,-0.14416420459747,-0.21930062770844,-0.04176791012287,-0.06375905871391,-0.11751519888639,3.67749381065369,3.82832860946655,3.78283858299255,0.39504328370094,0.48362874984741,0.53390699625015,11.6840038299561,11.9330005645752,12.0574989318848,0.13026700913906,0.31108313798904,0.60368758440018,-0.3897320330143,-0.62369340658188,-1.41476392745972,-0.19509509205818,-0.28428140282631,-0.50907981395721,3.76368498802185,3.70861840248108,4.16112232208252,0.6033388376236,0.58418524265289,1.01514148712158,12.0144033432007,11.2075576782227,9.1940336227417,1.00746953487396,2.14062452316284,4.96893072128296,-3.62487435340881,-8.46048355102539,-15.712064743042,-1.22867906093597,-2.69536662101746,-4.57499885559082,5.64822101593018,7.66174459457397,9.61062526702881,1.35032975673676,0.99598789215088,2.07816696166992,6.92193651199341,7.77906036376953,12.56028175354,8.99147796630859,13.2571506500244,16.7005977630615,-20.0211086273193,-20.0211086273193,-20.0211086273193,-6.2047872543335,-6.71547079086304,-6.08750104904175,6.82856273651123,2.11408019065857,-6.58674812316895,2.66714072227478,-1.86268889904022,-8.85405731201172,16.8414134979248,17.4040508270264,13.9106111526489,12.5894746780396,3.67695069313049,-2.73163676261902,-12.1213989257813,-0.42455133795738,5.04880142211914,-0.13523028790951,1.57152724266052,1.22089052200317,-11.054328918457,-1.31681096553802,6.64420890808105,-15.7544460296631,-2.71502470970154,1.41018486022949,-19.9802112579346,-24.4190616607666,-20.6290397644043,-4.89837551116943,-4.07981634140015,-1.91674244403839,5.20273923873901,3.51125335693359,1.15697872638702,-1.07168674468994,-1.42965376377106,-0.16210836172104,2.80839848518372,-2.99035787582397,-1.48440504074097,-1.16597628593445,-3.67031121253967,-3.22498965263367,-13.0271511077881,-7.80300283432007,-5.45189666748047,0.15775595605373,1.37704300880432,1.52975928783417,-0.68233644962311,-1.37933373451233,-0.87598073482513,0.3772856593132,0.42371141910553,0.40416371822357,0.46926352381706,0.50278234481812,0.37110126018524,-2.06380176544189,-1.42215585708618,-0.72304892539978,-6.06720638275146,-7.55161142349243,-9.59386539459228,0.91767233610153,0.1632537394762,-0.27656924724579,0.17409659922123,0.78068578243256,0.6145304441452,0.30276009440422,0.22273674607277,0.11888964474201,0.36631286144257,0.60573303699493,1.11090958118439,-0.32800564169884,-0.02154781483114,-0.22744916379452,-11.0232038497925,-11.8396263122559,-11.2626237869263,-0.31383201479912,-0.069485925138,0.13393220305443,0.11850785464048,-0.25228735804558,-0.22663100063801,0.06635523587465,0.14454598724842,0.08956811577082,0.73980832099915,1.28089785575867,1.42455005645752,-0.79248076677322,-1.08217918872833,-1.07499659061432,-10.3839521408081,-9.15572643280029,-9.04080486297607,SPIN
-0.33276882767677,-0.1440114825964,0.04596760869026,-0.93401294946671,-1.38727498054504,-1.64872527122498,-0.30932688713074,-0.36919167637825,-0.36125043034554,2.22900176048279,2.39659595489502,2.46842193603516,2.44926834106445,2.21224236488342,1.88902509212494,11.8276557922363,12.3950815200806,12.7159042358398,0.33063080906868,0.98120230436325,1.20538985729218,-1.78739166259766,-2.54486465454102,-3.11052584648132,-0.2769510447979,-0.11873693019152,-0.11690433323383,2.48757553100586,2.73657250404358,3.18189406394959,1.67354702949524,1.91057300567627,2.24336695671082,12.4405708312988,10.6521024703979,10.1038303375244,1.41552746295929,1.59756529331207,1.98302125930786,-3.67007827758789,-4.23512887954712,-5.37256002426147,-0.20670153200626,-0.32398766279221,-0.63675063848495,3.41413164138794,3.67749381065369,4.37181234359741,2.45166254043579,2.67671751976013,3.32794046401978,9.3927526473999,8.33930397033691,7.10389566421509,2.76004195213318,4.15647983551025,6.40446376800537,-7.43239736557007,-10.8110933303833,-16.104850769043,-1.274493932724,-2.12665104866028,-2.76439428329468,5.29866743087769,4.76685571670532,4.10366153717041,3.86663579940796,3.74453139305115,2.7629086971283,5.8421516418457,4.21140098571777,6.30902051925659,9.94992542266846,14.2424755096436,16.9437217712402,-20.0211086273193,-20.0211086273193,-18.9545383453369,-2.96292543411255,-3.116863489151,-2.90978026390076,3.1196448802948,1.46285724639893,-9.0360164642334,0.40222588181496,-4.8793830871582,-8.71519374847412,11.0686941146851,10.0822830200195,-2.13802218437195,14.0017948150635,5.85407447814941,-1.66750943660736,-15.1158609390259,-4.90891313552856,3.15939497947693,-0.92874425649643,0.47380235791206,0.86292350292206,-14.885350227356,-5.69131660461426,3.87860679626465,-9.49809741973877,-5.46865606307983,0.66079968214035,-18.8788795471191,-24.5462532043457,-20.2244205474854,-4.89898633956909,-4.58255815505981,-2.31624817848206,5.21495676040649,3.99628043174744,1.70859014987946,-1.25738978385925,-1.81938576698303,-0.5017494559288,1.50595283508301,-5.37288808822632,-4.41730213165283,-0.7781155705452,-3.7732617855072,-3.45483303070068,-13.3743095397949,-7.20684623718262,-4.17788219451904,0.21945333480835,1.74722731113434,1.85535049438477,-0.2852740585804,-1.25044119358063,-0.90774577856064,0.30947959423065,0.40049853920937,0.42432227730751,-1.45088624954224,-1.47482824325562,-1.91057300567627,-2.15717577934265,-1.47482824325562,-1.06063139438629,-5.43034887313843,-8.15973854064941,-10.5659112930298,0.97936969995499,-0.05726861581206,-0.6345362663269,0.13683381676674,0.81245076656342,0.72937309741974,0.47013717889786,0.39500072598457,0.20746511220932,-1.42455005645752,-0.27054479718208,0.22266076505184,-0.61530983448029,-0.13646949827671,-0.11492168158293,-12.2107276916504,-12.5722522735596,-11.3392381668091,-0.65469485521317,-0.37064248323441,-0.09269879758358,0.31398472189903,0.03543018549681,0.01832595653832,0.10606148093939,0.16226108372211,0.16470454633236,-0.14365209639072,0.01197100803256,0.1508347094059,-0.74220252037048,-1.01035308837891,-0.77093297243118,-9.89792919158936,-8.77025985717773,-8.82532691955566,SPIN
0.18891008198261,0.42103886604309,0.57680952548981,-2.07388758659363,-2.69330477714539,-2.98529839515686,-0.03993531689048,0.04925100877881,0.16959145665169,0.64404028654099,1.06302559375763,1.65439331531525,2.0135235786438,1.98000478744507,1.90578460693359,11.0591173171997,11.0758762359619,11.2338933944702,0.66049802303314,0.7111998796463,0.80099707841873,-2.81792140007019,-2.55830359458923,-2.4678955078125,0.31314480304718,0.47074803709984,0.55199313163757,2.15717577934265,2.71741890907288,3.3925838470459,1.95366859436035,2.18590617179871,2.48039293289185,10.9250411987305,10.2977609634399,9.87638092041016,0.95188075304031,1.1033753156662,1.45156848430634,-2.58823609352112,-3.1881058216095,-4.78551816940308,0.51045429706573,0.31558826565742,-0.12728904187679,3.79480957984924,3.76847338676453,3.72777199745178,2.67432332038879,2.88740730285645,2.91134929656982,9.00967979431152,7.64977359771729,6.14382076263428,2.57861495018005,4.63051128387451,8.00126552581787,-8.23873996734619,-14.0236330032349,-19.8384590148926,-0.7222718000412,-1.23417687416077,-1.43087542057037,3.34948825836182,4.37899494171143,3.84269380569458,3.11246228218079,3.40216064453125,3.42370843887329,3.87381839752197,3.17710566520691,10.5970363616943,12.8545904159546,16.5057315826416,15.1752672195435,-20.0211086273193,-20.0143890380859,-16.1237888336182,-0.97211569547653,-0.3502548635006,0.59292107820511,0.08858546614647,-3.63918662071228,-10.6592855453491,-4.19464159011841,-8.52365779876709,-9.04319953918457,11.4206409454346,1.03429508209229,-14.6743612289429,8.40871238708496,0.55359661579132,-3.84035706520081,-7.33038282394409,0.08674286305904,2.54486465454102,1.46768009662628,1.60756826400757,0.26305383443832,-4.58010768890381,2.87543630599976,5.32260942459106,-9.15093803405762,-1.70706582069397,-0.78290396928787,-25.5182991027832,-24.560619354248,-17.0473155975342,-4.69068145751953,-3.95214533805847,-1.96805512905121,2.24431896209717,1.64139497280121,0.66767573356628,-0.89575749635696,-0.84566658735275,-0.21036672592163,2.43011474609375,0.42377370595932,-0.08379705995321,-2.79163908958435,-3.48595762252808,-2.34871196746826,-9.89792919158936,-5.2555718421936,-4.30716896057129,0.14981469511986,1.367879986763,1.41064059734344,-0.41355577111244,-0.87170469760895,-0.61514127254486,0.30276009440422,0.38644862174988,0.45730900764465,0.4525041282177,-0.29209262132645,-0.37588965892792,-1.42694425582886,-0.73262572288513,-0.73023152351379,-6.21804094314575,-9.29937839508057,-11.2075576782227,0.76129078865051,0.07651086896658,-0.26862800121307,0.020158553496,0.34208452701569,0.36774086952209,0.49945870041847,0.37911823391914,0.18180876970291,0.53869539499283,1.28329205513,1.45328044891357,-0.59136784076691,-0.4716577231884,-0.68713587522507,-11.99524974823,-11.3440265655518,-10.3217029571533,-0.23380866646767,0.02947424724698,0.23716843128204,0.18264870345592,0.05436700582504,-0.02626720629632,0.02725986205041,-0.02038762718439,0.02176207490265,1.31920516490936,0.99838209152222,0.81402856111526,-0.99838209152222,-1.51313543319702,-1.44130945205688,-9.42148303985596,-9.62020206451416,-9.90032291412354,SPIN
-0.65836000442505,-0.82879143953323,-0.84956085681915,-0.60658919811249,-0.83016586303711,-1.21012401580811,-0.08025242388248,0.00710130855441,0.02176207490265,0.7182605266571,1.1755530834198,1.73100781440735,1.03668928146362,1.08217918872833,0.7182605266571,9.46697235107422,10.391134262085,11.0662994384766,-0.73349642753601,0.14065171778202,1.26158940792084,-1.92544722557068,-4.08607769012451,-5.59735822677612,0.03031418845057,-0.05642867833376,-0.41378483176231,1.73100781440735,5.03530550003052,6.1581859588623,0.7182605266571,-0.26096799969673,-0.28969839215279,11.0662994384766,13.69273853302,14.3415670394897,2.88893437385559,4.69281959533691,6.38491630554199,-7.50875568389893,-9.41037940979004,-11.2863464355469,-0.95378971099854,-1.51517486572266,-1.91468071937561,7.14220285415649,6.94348430633545,6.94348430633545,-0.02633621916175,-0.26096799969673,-0.26096799969673,14.2553758621216,12.7925186157227,12.7925186157227,8.20346164703369,10.5357456207275,13.1160402297974,-13.3645095825195,-15.8415679931641,-19.0376148223877,-2.23721766471863,-2.67093181610107,-3.24331259727478,4.51546430587769,1.8866308927536,-2.48278713226318,-0.08619125932455,0.26336219906807,-0.96725749969482,8.76547145843506,6.19888734817505,5.44950246810913,15.6083707809448,15.0811939239502,9.87234592437744,-20.0095024108887,-17.5813121795654,-9.55210018157959,-2.96659064292908,-0.02283108793199,2.23675942420959,-14.5977468490601,-14.5977468490601,-7.51569843292236,-8.55717658996582,-8.55717658996582,-10.4222593307495,4.7213659286499,4.7213659286499,-18.787899017334,3.0001118183136,-0.9589056968689,-3.25453734397888,-1.14964842796326,2.41780471801758,3.52591419219971,2.0901517868042,0.84276497364044,-0.09735664725304,3.01908826828003,3.15316367149353,-0.29927521944046,-2.94726228713989,-0.91697925329208,-3.7541081905365,-22.400749206543,-18.3521537780762,-14.1787614822388,-3.07066679000854,-1.60031425952911,-0.2930625975132,1.92300379276276,-0.20769418776035,-1.05313169956207,0.32414036989212,0.63690340518951,0.33147075772285,0.14844051003456,1.87226569652557,0.00718260509893,-3.6152446269989,-2.07098436355591,-1.3215993642807,-9.76385402679443,-7.29303741455078,-7.84849262237549,-0.0218384321779,-0.5044219493866,-0.9900598526001,-0.57726764678955,0.25045475363731,0.67806041240692,0.2190715521574,0.3119230568409,0.32169690728188,-1.65439331531525,-1.69988322257996,-1.15639936923981,-1.20188927650452,-0.84036481380463,-0.80205756425858,-9.56513500213623,-10.3935289382935,-9.89553451538086,-0.80557852983475,-0.40240746736526,-0.04566217586398,0.25717425346375,-0.00183259579353,-0.0372627787292,0.12194397300482,0.04436408728361,0.02787072770298,-0.67995327711105,-0.83557641506195,-0.96725749969482,-1.1755530834198,-1.30723416805267,-1.24259066581726,-8.2411413192749,-7.95144319534302,-8.17889213562012,0.14553864300251,0.19074267148972,0.17974710464478,0.12644910812378,0.35796701908112,0.45998153090477,0.02542726509273,0.02970332279801,0.01931861415505,-1.04387199878693,-0.96246910095215,-1.05823719501495,-1.13245737552643,-1.10133278369904,-0.97444009780884,-8.81814384460449,-9.35683917999268,-10.1397438049316,SPIN
-0.42928555607796,-0.37064248323441,-0.35292738676071,-0.29016098380089,-0.54611355066299,-0.62186080217361,-0.14439326524734,-0.19814941287041,-0.19387336075306,0.73501992225647,0.78529816865921,0.69671267271042,0.95528650283813,0.95049810409546,0.88585460186005,9.18924522399902,9.74709415435791,10.9633483886719,-0.32604932785034,-0.23625212907791,-0.09819658845663,-0.51618111133575,-0.55771994590759,-1.22173047065735,-0.1333976984024,-0.02160935848951,0.01076649967581,0.59136784076691,0.53630119562149,0.69431847333908,0.78529816865921,0.74220252037048,0.89543145895004,11.7797718048096,12.0862293243408,11.2674121856689,0.19379699230194,0.74357569217682,1.51937460899353,-2.72506976127625,-5.08117723464966,-8.31631946563721,-0.21891883015633,-0.68317639827728,-1.50417935848236,1.16118776798248,3.79720377922058,6.34253978729248,1.24977326393127,2.33434677124023,2.62643933296204,10.3240966796875,9.75427722930908,8.70561695098877,2.36297941207886,3.96955513954163,6.76670694351196,-11.5807828903198,-18.5196018218994,-20.0211086273193,-2.34717345237732,-3.89510583877564,-5.57559633255005,10.2690305709839,16.1518840789795,16.1327304840088,3.30399823188782,3.54581260681152,5.95467901229858,5.15022706985474,6.71364068984985,16.7671928405762,10.8552284240723,14.2070455551147,15.3029375076294,-20.0211086273193,-20.0211086273193,-16.8268947601318,-6.65621662139893,-6.94087982177734,-4.01911163330078,12.0215864181519,0.14844051003456,-18.5628452301025,1.06302559375763,-6.5963249206543,-3.54820680618286,18.8501491546631,14.1763677597046,-10.9178590774536,6.50342416763306,-1.60214686393738,-5.24290370941162,-8.66206932067871,3.16855812072754,6.70668935775757,-1.28671133518219,1.87818157672882,0.66194885969162,-12.6704149246216,2.02788877487183,7.0919246673584,-14.7488813400269,-1.06541979312897,1.76452660560608,-16.247652053833,-16.5756568908691,-11.0758762359619,-3.8092029094696,-0.17394387722015,2.44300293922424,3.81974029541016,-0.56566119194031,-2.68841791152954,-0.88598370552063,-0.26473373174667,-0.11018481850624,0.16280572116375,-0.41659110784531,-0.00239420169964,0.11013327538967,-0.24660277366638,-0.06703764945269,-6.12466716766357,-4.36223554611206,-5.40401268005371,2.61282348632813,1.02213025093079,-0.55206948518753,-2.24248623847961,-0.37323865294456,1.15270268917084,-0.22258402407169,0.13355042040348,0.36018142104149,-0.55784898996353,-1.35272395610809,-1.34314715862274,-0.2537853717804,-0.40701428055763,-0.09576806426048,-6.89560031890869,-8.60266590118408,-9.95299530029297,-1.0890200138092,-0.73227471113205,0.43692135810852,1.24127817153931,0.40744712948799,-0.63163465261459,0.19219347834587,0.00893390458077,0.04008803144097,-0.88106620311737,-0.38307225704193,-0.15322890877724,0.28969839215279,0.3687070608139,0.08858546614647,-10.4964799880981,-10.5683059692383,-9.28740787506104,0.58963769674301,0.45524731278419,0.23900102078915,-0.40317106246948,-0.0549778714776,0.09346238523722,0.03764457255602,0.02176207490265,0.01382082607597,-0.24660277366638,-0.34955343604088,-0.41659110784531,0.07661445438862,0.08140286058187,0.0981622710824,-8.71519374847412,-9.03122806549072,-9.70160484313965,SPIN
-1.10368072986603,-0.71150529384613,-0.50075680017471,-0.36590829491615,-0.43554693460464,-0.63529986143112,-0.3844633102417,-0.35575264692307,-0.25984680652618,1.1180921792984,1.03668928146362,1.15639936923981,0.24420857429504,-0.27293899655342,-0.37110126018524,11.2865657806396,11.8515977859497,11.5164098739624,-0.35903605818748,-0.16172657907009,0.19562959671021,-0.99265605211258,-1.51616752147675,-2.38848304748535,-0.18593211472034,-0.22197316586971,-0.38385245203972,1.52510643005371,2.03507137298584,2.75333189964294,-0.13407529890537,0.04070143029094,0.33758243918419,11.463737487793,11.4661312103271,10.9777145385742,0.70509123802185,1.44362723827362,2.34648609161377,-3.77026033401489,-5.65600109100342,-8.18253993988037,-0.74792814254761,-1.20180106163025,-1.70332133769989,3.54102420806885,3.9767689704895,6.32578039169312,0.48362874984741,0.641646027565,1.71664261817932,10.6736507415771,9.97454357147217,7.42471885681152,3.42466330528259,5.30429553985596,8.71414566040039,-12.3626909255981,-18.1488056182861,-20.0211086273193,-2.73324012756348,-4.13028907775879,-5.12111234664917,9.78779602050781,12.6416845321655,10.8915224075317,3.40694904327393,4.12760353088379,3.7732617855072,5.15980386734009,8.68885707855225,13.6520376205444,12.9077348709106,15.8740968704224,13.5424242019653,-20.0211086273193,-20.0211086273193,-17.4792976379395,-4.98855447769165,-4.18648862838745,-3.50415205955505,6.09833097457886,1.43652105331421,-18.3808841705322,-0.60573303699493,-5.5045690536499,-6.42633676528931,15.9148569107056,5.86609363555908,-8.31775569915771,5.24443101882935,-2.16292119026184,-4.57339525222778,-4.43243837356567,4.64257574081421,5.73846817016602,-0.10651962459087,1.586798787117,-0.16271923482418,-12.2226991653442,3.04542446136475,4.4723687171936,-10.0104570388794,-0.85473001003265,0.99598789215088,-20.6386165618896,-18.7735347747803,-12.6225309371948,-3.0590603351593,-0.69867712259293,1.79426395893097,2.72262644767761,-0.15271630883217,-2.2656991481781,-1.04358696937561,-0.69417196512222,-0.32826370000839,0.01436521019787,-0.62728083133698,-1.08696758747101,-0.24181437492371,-0.99359369277954,-1.56580793857574,-7.40795946121216,-4.73812532424927,-7.14938545227051,2.25668883323669,1.25914597511292,0.0074830991216,-2.0702223777771,-0.73975783586502,0.44654250144958,-0.20731239020824,-0.02771801128983,0.08284860104322,-2.00634098052979,-1.9943699836731,-1.32878196239471,-1.98000478744507,-1.50116443634033,-0.63685762882233,-10.5706996917725,-12.4669075012207,-12.0551052093506,-0.72127914428711,-0.45799621939659,0.01603521220386,0.89797192811966,-0.11301007121801,-0.56077426671982,0.02909245714545,0.07796167582273,0.10606148093939,-1.1947066783905,-0.44771572947502,-0.32800564169884,-0.60094463825226,-1.17076468467712,-0.93613284826279,-11.0232038497925,-8.78701972961426,-8.94264221191406,0.16447547078133,0.0105374250561,-0.19349156320095,-0.51923543214798,-0.16493362188339,0.17715092003345,0.07979427278042,0.08101600408554,0.06818783283234,-0.7182605266571,-0.83318221569061,-0.8930372595787,-0.79248076677322,-0.71586632728577,-0.58179098367691,-9.39035797119141,-9.49809741973877,-9.6920280456543,SPIN
-0.68157291412354,-0.9039278626442,-1.06886148452759,-0.06963863968849,-0.23335053026676,-0.92729341983795,-0.26717719435692,-0.41195225715637,-0.5438991189003,1.86029469966888,2.03985977172852,2.65038132667542,2.04704236984253,1.98000478744507,1.3215993642807,8.17889213562012,9.2155818939209,9.98412036895752,-1.06763970851898,-1.08413314819336,-1.06947231292725,-1.61512768268585,-1.98409032821655,-1.95232534408569,-0.58421623706818,-0.6795112490654,-0.84688830375671,3.33512306213379,3.96479797363281,4.41251373291016,1.14682257175446,1.06302559375763,0.74220252037048,10.9154644012451,12.1987571716309,12.8954696655273,-0.70112055540085,0.28237244486809,1.36299312114716,-2.28341436386108,-3.10624980926514,-4.20886135101318,-1.0112110376358,-1.20913136005402,-1.86397898197174,4.60404968261719,5.8421516418457,7.13262605667114,0.58179098367691,0.92655605077744,1.40779054164886,13.9704666137695,13.9872255325317,12.1963624954224,2.06121206283569,2.99889016151428,5.52726125717163,-5.62912321090698,-8.21491622924805,-12.9485101699829,-2.73079681396484,-3.49071311950684,-4.18282318115234,7.59710121154785,6.60111331939697,7.95144319534302,0.75177931785583,-0.08379705995321,2.11408019065857,10.8795518875122,11.4421892166138,11.133337020874,10.1753349304199,14.3780879974365,16.4568614959717,-19.682689666748,-20.0211086273193,-20.0211086273193,-5.2891001701355,-5.84804201126099,-4.89264869689941,8.69604015350342,3.01190567016602,-9.89792919158936,4.15393972396851,-1.58017313480377,-5.38725328445435,14.9475994110107,13.0870056152344,4.18267059326172,13.8545761108398,7.34702920913696,0.26221391558647,-18.180570602417,-8.98338413238525,0.73548173904419,-2.33801031112671,0.70898544788361,1.38948941230774,-16.1016044616699,-7.81976222991943,5.10234308242798,-9.5723180770874,-4.65911674499512,-0.00478840339929,-11.1093950271606,-17.2125148773193,-14.023138999939,-3.1024317741394,-2.42864751815796,-0.03772092983127,5.55948448181152,4.16365766525269,0.55588740110397,-0.26595544815063,-0.94523763656616,-0.52923840284348,4.09169054031372,0.03591302409768,-0.53630119562149,2.35589456558228,0.68474167585373,-0.22026655077934,-9.99609184265137,-8.09509563446045,-6.44309616088867,1.53892230987549,2.1668918132782,1.26586544513702,-1.21440005302429,-1.45630276203156,-0.11911872029305,-0.31726813316345,-0.31238120794296,-0.20975585281849,-0.06224924325943,-1.13006317615509,-1.56580793857574,-0.48602294921875,-1.23061966896057,-1.12048637866974,-7.59949541091919,-10.2857894897461,-12.0982007980347,0.03741549700499,-0.58933222293854,-0.5044219493866,1.08917272090912,1.29808866977692,0.60048055648804,-0.08880453556776,-0.09063713252544,-0.06925684958696,-1.27850365638733,-1.17794728279114,-0.84754741191864,-0.4764461517334,-0.29927521944046,-0.55066639184952,-12.1125659942627,-11.3344497680664,-10.6114015579224,-0.07315111160278,0.31169399619102,0.41004329919815,-0.30054569244385,-0.65606927871704,-0.463035851717,0.01992947794497,0.08956811577082,0.08040513843298,-0.47884035110474,-0.19393034279346,-0.4955997467041,-0.80445176362991,-0.70150107145309,-0.67755907773972,-9.64174938201904,-9.30895519256592,-10.0391874313354,SPIN
-0.1262963861227,-0.15928311645985,-0.34926220774651,-0.38606682419777,-0.45081853866577,-0.40011674165726,0.60391664505005,0.46097418665886,0.47502407431602,1.90099620819092,1.60890352725983,1.35032975673676,1.0989385843277,0.9433154463768,0.72304892539978,8.16692161560059,8.16452693939209,8.20762252807617,-0.55878895521164,-0.70661836862564,-0.75915277004242,-0.42455133795738,-0.51251596212387,-0.74159038066864,0.6106361746788,0.7328092455864,0.73830699920654,1.721431016922,2.39899015426636,3.31596946716309,0.72065472602844,0.89064306020737,1.22343707084656,8.56675338745117,8.88996982574463,9.3735990524292,-0.70722925662994,-0.45677447319031,0.1308778822422,-1.23028254508972,-2.27547311782837,-4.16304683685303,0.58803415298462,0.3766747713089,0.12927435338497,4.12042093276978,4.92756652832031,7.13502025604248,1.26653265953064,0.7972691655159,0.78529816865921,9.48852062225342,9.43105983734131,9.70399856567383,2.75393319129944,5.31590223312378,8.99514389038086,-10.9577007293701,-18.1726303100586,-20.0211086273193,-1.78517735004425,-3.67702698707581,-4.82056665420532,13.9513130187988,15.5485439300537,10.3217029571533,2.4396915435791,3.55778384208679,3.46440982818604,8.15016174316406,7.87482881546021,9.93863010406494,12.3964414596558,13.7269058227539,9.59012603759766,-20.0211086273193,-20.0211086273193,-13.2172908782959,-3.94031000137329,-1.42171251773834,2.41879725456238,-0.13646949827671,-16.8797206878662,-6.46703815460205,-1.5442601442337,-5.99538040161133,-7.99214458465576,7.85328102111816,-2.16914677619934,-17.1430835723877,2.28845381736755,-2.34862422943115,-3.13419675827026,-1.7379115819931,3.95229816436768,4.26750469207764,2.96063470840454,0.54527360200882,-0.8511643409729,9.35683917999268,10.0918598175049,3.55299520492554,1.48201084136963,4.95629692077637,-1.29047477245331,-18.7424087524414,-14.5857763290405,-11.2458648681641,-2.17452764511108,-0.12079860270023,1.25975680351257,1.786780834198,-1.37444674968719,-2.45690011978149,-0.66912651062012,0.03214678168297,-0.20242546498775,1.10851538181305,3.5769374370575,2.24815535545349,-2.81558108329773,-1.27610945701599,-0.67755907773972,-7.89158821105957,-6.34493398666382,-7.96820259094238,1.13819468021393,0.18646661937237,-0.52519136667252,-1.50700461864471,0.03970624133945,0.73426002264023,-0.3545309305191,-0.20364719629288,-0.21891883015633,0.18914192914963,0.10295066982508,-0.01675941236317,-0.59376204013824,-0.01675941236317,0.11731588095427,-10.1397438049316,-11.3464212417603,-11.0878477096558,-0.69989883899689,-0.53863042593002,-0.2069306075573,0.50518554449081,-0.13194689154625,-0.62430429458618,-0.21647536754608,-0.11690433323383,-0.03871358558536,-0.30406361818314,0.105344876647,0.4955997467041,-0.3208230137825,-0.78769236803055,-0.83078801631927,-10.4845085144043,-9.74230575561523,-9.01207447052002,0.07284568250179,-0.02306016348302,-0.12140946835279,-0.62063908576965,0.06352998316288,0.10567969083786,-0.05642867833376,-0.06803511828184,-0.04115704447031,0.55066639184952,-0.07422025501728,-0.08858546614647,-0.50517654418945,-0.25857377052307,-0.2777273952961,-9.02404594421387,-10.1301670074463,-9.85962200164795,SPIN
-0.34437528252602,-0.49892419576645,-0.62537330389023,-0.25411993265152,-0.2858849465847,-0.39522981643677,0.03703370690346,0.00587957818061,0.00526871252805,0.99598789215088,1.01274728775024,1.23780226707459,0.62488663196564,0.49081134796143,0.48602294921875,8.5787239074707,8.96658420562744,9.58428859710693,-0.67668598890305,-0.64919704198837,-0.58811050653458,-0.5155702829361,-0.58826321363449,-0.59070670604706,-0.00572686176747,-0.02832887507975,-0.03749185428023,1.5945383310318,1.76452660560608,1.86508309841156,0.40940847992897,0.24899697303772,-0.02154781483114,10.4031057357788,11.1764326095581,11.8683567047119,-0.47143524885178,-0.20082195103168,0.44791695475578,-0.56993728876114,-0.80023348331451,-1.7880026102066,-0.03688098862767,-0.06925684958696,-0.21281017363071,1.78368031978607,1.59693253040314,1.48201084136963,-0.41180267930031,-0.66798228025436,-1.01035308837891,12.2897367477417,12.5028209686279,12.1053829193115,1.607950091362,3.38251352310181,6.02084064483643,-3.97123503684998,-8.14161205291748,-15.5477418899536,-0.55550557374954,-1.11322557926178,-2.21644806861877,1.76213240623474,3.53623580932617,7.82215642929077,-1.32638776302338,-0.51954174041748,2.48518133163452,10.6975927352905,7.61625480651855,7.40795946121216,10.2614669799805,14.3713684082031,16.2174034118652,-20.0211086273193,-20.0211086273193,-20.0211086273193,-3.63793158531189,-3.84990191459656,-2.80165719985962,6.2778959274292,1.94888019561768,-18.4790477752686,3.40694904327393,-4.77643251419067,-4.5226469039917,11.6887922286987,5.19332265853882,1.68551802635193,7.72454357147217,-1.1189523935318,-5.27283620834351,-8.57410430908203,1.70309233665466,6.17523670196533,3.51163530349731,2.20377278327942,-0.54267740249634,2.81318688392639,10.1110134124756,5.15740966796875,-5.52851104736328,5.01375770568848,0.99598789215088,-28.4368305206299,-20.7846641540527,-13.2593879699707,-5.20564079284668,-2.70231509208679,0.51083606481552,5.3847770690918,1.32557761669159,-2.2589795589447,-1.38139533996582,-0.12423472106457,0.25389087200165,-1.89860188961029,-0.39264908432961,2.96162748336792,-3.26329684257507,-1.98718738555908,-0.57700258493423,-8.79659652709961,-4.18745899200439,-3.80438661575317,2.37641859054565,2.18521761894226,0.83154028654099,-3.333491563797,-2.25714707374573,-0.34330627322197,-0.15844316780567,-0.03810271993279,0.24533875286579,0.25139117240906,-1.66157603263855,-1.04387199878693,-0.63925182819366,-0.81163436174393,-0.28730419278145,-6.91954231262207,-10.4414129257202,-12.3328323364258,-0.43111816048622,-0.80680024623871,-0.39141190052032,0.76541417837143,0.62613689899445,-0.17470745742321,0.30764701962471,0.26061037182808,0.21723894774914,-0.16998831927776,0.46447512507439,1.1755530834198,0.17956513166428,-0.06703764945269,-0.29688102006912,-11.8204727172852,-10.3169145584106,-8.79899024963379,0.11194105446339,0.50594913959503,0.4338670372963,-0.66645395755768,-0.76358157396317,-0.27488934993744,0.1347721517086,0.02176207490265,0.02176207490265,1.3718775510788,0.72065472602844,0.22984336316586,-0.40701428055763,-0.43574470281601,-0.41898530721664,-8.63618469238281,-9.38317584991455,-10.2905778884888,SPIN
-0.57589322328568,-0.81351977586746,-0.9717338681221,-1.27976274490356,-1.09161615371704,-0.83322018384933,-0.25068381428719,-0.21891883015633,-0.12301298975945,1.58974993228912,1.73100781440735,2.16435837745667,1.09175598621368,0.78050976991653,0.57700258493423,8.94264221191406,10.2546653747559,11.6816091537476,-0.8733845949173,-0.5661193728447,-0.19471329450607,-0.63468897342682,-0.55710911750793,-0.65423667430878,-0.06009386852384,-0.01855503208935,-0.0460439696908,2.48757553100586,2.78924489021301,2.92810869216919,0.3447650372982,0.28730419278145,0.17477671802044,12.7589998245239,13.0917940139771,13.1348896026611,0.18524488806725,0.62201350927353,1.33183896541595,-0.84421575069427,-1.19363069534302,-2.44956970214844,-0.1205695271492,-0.21281017363071,-0.5622251033783,2.83234071731567,2.95683908462524,3.19625926017761,0.06224924325943,-0.04070143029094,-0.14844051003456,13.1684083938599,12.5028209686279,12.2610063552856,2.64336657524109,4.76551246643066,7.72820901870728,-4.97610807418823,-9.17275238037109,-15.8556184768677,-1.17125773429871,-1.96416079998016,-2.78638553619385,3.52905321121216,4.26167917251587,3.93606758117676,-0.33518823981285,0.39983168244362,1.32878196239471,11.9282121658325,9.95299530029297,8.11424922943115,11.4520435333252,14.7763719558716,15.9504547119141,-20.0211086273193,-20.0211086273193,-20.0211086273193,-3.27019071578979,-3.60311222076416,-3.11442017555237,2.83234071731567,0.08619125932455,-17.9140148162842,1.45567464828491,-3.94803857803345,-4.76446151733398,7.93947219848633,5.44231986999512,-3.72777199745178,12.9364461898804,5.7838249206543,-0.98089689016342,-16.0266609191895,-8.68711471557617,-0.96944314241409,1.12070870399475,3.37113618850708,1.12315213680267,-14.6552076339722,3.38061285018921,7.70962858200073,-7.59231281280518,-1.37906014919281,3.45722723007202,-22.3720188140869,-24.9915752410889,-18.2755393981934,-4.11219215393066,-3.60761737823486,-0.89659744501114,2.82708430290222,2.7324001789093,-0.13133603334427,-0.84933173656464,-0.5011385679245,0.53977578878403,0.60573303699493,-4.06056594848633,-0.30645781755447,-1.52510643005371,-2.65277552604675,-0.54108959436417,-10.7071695327759,-5.90918922424316,-5.03291130065918,1.94514763355255,1.16629445552826,-0.20387627184391,-2.45934343338013,-1.27609753608704,0.39767327904701,0.25755605101585,0.36140313744545,0.36934441328049,-2.25054955482483,-2.27688574790955,-1.68791222572327,0.05506663769484,0.13886369764805,0.49799394607544,-10.2714242935181,-11.4374008178711,-10.8412446975708,-0.88071495294571,-0.70173144340515,-0.06459899991751,0.93279123306274,0.48930305242538,-0.13500121235847,0.28443413972855,0.33024901151657,0.3247512280941,-1.59932672977448,-0.97444009780884,-0.20111294090748,0.34955343604088,0.35913026332855,0.55545479059219,-9.66808605194092,-8.33930397033691,-7.86285781860352,0.49128836393356,0.59635716676712,0.42714753746986,-0.39950588345528,-0.17043140530586,0.18387043476105,0.19646953046322,0.12255483865738,0.08590292185545,-0.49081134796143,-0.84275901317596,-0.73262572288513,0.54827219247818,0.40462008118629,0.51954174041748,-8.52605152130127,-9.38556957244873,-9.83328533172607,SPIN
-1.05725502967834,-0.78419828414917,-0.61498856544495,-0.76541417837143,-0.84604835510254,-0.68600165843964,-0.24885122478008,-0.29283353686333,-0.23174700140953,0.15562310814857,0.20590133965015,-0.14365209639072,1.51552963256836,1.05823719501495,0.44292730093002,12.0383453369141,12.4286003112793,12.4716958999634,-0.46043968200684,-0.2930625975132,-0.01267545390874,-0.52595496177673,-0.5589417219162,-0.81000733375549,-0.02283108793199,0.17692184448242,0.37484219670296,-0.4716577231884,-0.37110126018524,0.28969839215279,0.05985504388809,0.0526724383235,0.38546648621559,12.2945251464844,12.1101713180542,11.7223110198975,0.17730364203453,0.47968193888664,1.06794512271881,-1.09467053413391,-1.72813773155212,-3.16061687469482,0.40110939741135,0.40172025561333,0.355294495821,0.37828385829926,0.7493851184845,1.43652105331421,0.5746083855629,0.73023152351379,0.97683429718018,11.3200845718384,10.2857894897461,8.95940208435059,1.98668646812439,3.35197043418884,5.75083827972412,-5.66088819503784,-10.2839164733887,-19.6099967956543,0.15920674800873,-0.73998689651489,-2.92932796478271,3.75889658927917,9.72794055938721,16.927604675293,1.70706582069397,4.51546430587769,7.97059679031372,6.53407573699951,1.21864867210388,7.69286918640137,11.205864906311,18.4812698364258,20.0065994262695,-20.0211086273193,-20.0211086273193,-20.0211086273193,-5.16081857681274,-5.05758237838745,-2.82059383392334,10.3240966796875,-3.48835182189941,-22.8173408508301,4.32871675491333,-8.99292087554932,-9.2538890838623,23.6577053070068,19.747974395752,-8.023268699646,15.8734865188599,3.53400826454163,-6.31252861022949,-18.3644409179688,-4.55094623565674,5.31697130203247,0.80489134788513,3.70650124549866,1.53854048252106,-21.3544826507568,1.30962836742401,7.56118822097778,-15.1367416381836,-5.20768785476685,1.10133278369904,-28.8701820373535,-29.9786968231201,-16.6331176757813,-8.13901615142822,-4.68701648712158,0.72402805089951,7.64131355285645,3.30905699729919,-2.48438906669617,-1.03992176055908,-0.06620252132416,0.99670302867889,-1.31441676616669,-4.12042093276978,2.63122773170471,-5.43992567062378,-2.97599267959595,-0.29448682069778,-7.99693298339844,-1.52271223068237,-1.41976165771484,3.63113570213318,3.21330380439758,0.65072417259216,-4.43732500076294,-3.33226990699768,-0.20341812074184,0.33024901151657,0.1738675236702,0.429209202528,0.18435353040695,-3.227383852005,-1.8866308927536,0.43335050344467,-0.52911859750748,-0.58657944202423,-6.93630170822144,-12.6536550521851,-13.9273710250854,-1.55205583572388,-1.88986432552338,-0.75793105363846,1.89856922626495,1.87291288375854,0.71471232175827,0.34490978717804,0.15676330029964,0.12194397300482,-1.39581954479218,-1.23301386833191,-0.99838209152222,0.00957680679858,-0.33758243918419,-0.40940847992897,-11.2769889831543,-7.9251070022583,-6.68012189865112,0.6250678896904,1.26769804954529,1.04473233222961,-0.42088615894318,-0.69638639688492,-0.35185837745667,0.10361801832914,0.12744176387787,0.16959145665169,-1.13963997364044,-1.57777893543243,-1.35990655422211,-0.79248076677322,-0.91219085454941,-0.58418524265289,-7.53245782852173,-9.61062526702881,-11.0878477096558,SPIN
1.29030013084412,1.11131656169891,0.95188075304031,-0.82100290060043,-0.85948741436005,-0.67439520359039,0.55993437767029,0.85925835371017,0.95699673891068,1.92972660064697,2.39420175552368,3.24414324760437,1.13006317615509,1.5945383310318,1.99197578430176,8.43746566772461,8.34409236907959,8.47098445892334,0.88590729236603,0.86330533027649,1.08993625640869,-0.34147366881371,-0.29260444641113,-0.72754049301147,0.96005111932755,0.97715532779694,1.10604786872864,3.17231726646423,2.7317841053009,3.02387666702271,2.05901336669922,1.67594122886658,1.55144274234772,8.01129817962646,7.49654483795166,6.88123512268066,1.43812954425812,1.88100683689117,2.3880250453949,-1.64506006240845,-3.42328882217407,-5.93455600738525,0.98448568582535,0.53305625915527,-0.22075143456459,3.89057779312134,5.03051710128784,6.03368759155273,2.05183076858521,2.94247388839722,3.79002118110657,5.88045883178711,4.53222370147705,3.44525623321533,3.04592680931091,4.65861129760742,7.58465576171875,-8.95956039428711,-13.278377532959,-18.9533157348633,-0.84872090816498,-0.69417196512222,-0.42172610759735,4.42687892913818,3.4117374420166,3.69185900688171,2.14041638374329,0.93373864889145,1.3215993642807,3.1387984752655,0.80684596300125,0.23942017555237,11.2449598312378,14.0482206344604,14.078763961792,-20.0211086273193,-20.0211086273193,-19.9752941131592,-0.27572929859161,0.80611306428909,2.20499444007874,0.0981622710824,-11.1907978057861,-13.0989770889282,-0.17717093229294,-4.06774854660034,-7.69526338577271,0.07422025501728,-6.883629322052,-17.3394069671631,10.3934135437012,3.98299407958984,-1.71332430839539,-14.0633392333984,-7.05488252639771,-1.92605817317963,4.01621007919312,4.23856496810913,2.64665007591248,-5.89482402801514,3.79480957984924,8.19325733184814,-7.89158821105957,-2.41335535049438,0.44771572947502,-27.4408435821533,-26.8805999755859,-15.5317850112915,-4.04377508163452,-3.47750306129456,-1.39017653465271,1.83931529521942,2.98713111877441,1.30419731140137,0.25266912579536,-0.19509509205818,0.4414264857769,2.559401512146,-2.90177249908447,-0.84036481380463,-2.80600428581238,-2.31998133659363,-0.14365209639072,-9.2131872177124,-7.34331607818604,-7.57794761657715,1.08688199520111,0.40759983658791,-0.38591411709785,-1.05129909515381,0.08979719132185,1.19607412815094,-0.12301298975945,-0.107741355896,0.05108360573649,-2.782062292099,-4.07493114471436,-3.67509961128235,-0.10055647045374,-0.43813890218735,-0.17717093229294,-10.1948099136353,-10.4318361282349,-10.0774946212769,-0.5789475440979,0.22372940182686,0.35384368896484,1.1423180103302,-0.1795943826437,-0.11239920556545,0.04802928119898,0.00649044336751,-0.00939205288887,-3.49074602127075,-2.27209734916687,-2.54503631591797,-0.2777273952961,-0.64404028654099,-1.18034148216248,-9.46457862854004,-8.86123943328857,-9.42148303985596,0.25793784856796,0.23533584177494,0.23839016258717,0.16920967400074,0.42149701714516,0.28771752119064,0.09689849615097,0.06818783283234,0.00282525178045,-2.36786556243896,-1.7597382068634,-2.31279873847961,-0.7781155705452,-0.59136784076691,-0.67755907773972,-9.00967979431152,-9.4119062423706,-10.3073377609253,SPIN
-0.59605175256729,-0.39813143014908,-0.13851369917393,-0.0745255574584,-0.18997909128666,-0.33658674359322,-0.07231117039919,-0.08086328953505,-0.0558178126812,0.51954174041748,0.38067805767059,0.35673606395721,0.91219085454941,0.76614451408386,0.6033388376236,12.1676321029663,12.5554933547974,12.7829418182373,0.06856962293386,0.18585574626923,0.27259862422943,-0.29626965522766,-0.12095131725073,-0.06108652427793,0.00038179077092,0.10545061528683,0.2276236563921,0.23942017555237,0.00718260509893,-0.07900865375996,0.428562104702,0.32800564169884,0.25617957115173,12.6871738433838,12.172420501709,12.0383453369141,0.46502116322517,0.98547834157944,1.32939553260803,-0.11667526513338,-0.90163707733154,-1.70187056064606,0.34063372015953,0.50373476743698,0.45120033621788,-0.22744916379452,-0.13886369764805,-0.11731588095427,0.27533319592476,0.29448682069778,0.17717093229294,11.7965307235718,9.95299530029297,8.77983665466309,2.18338513374329,3.73864793777466,6.2749605178833,-3.92236566543579,-9.28270816802978,-18.1689643859863,0.15370896458626,-0.90308791399002,-2.24882411956787,1.54665434360504,4.51307010650635,5.43753147125244,1.01753568649292,3.17949986457825,0.04788403213024,5.56442403793335,1.60411512851715,0.82599955797195,9.89555835723877,14.9303102493286,18.1697292327881,-20.0211086273193,-20.0211086273193,-20.0211086273193,-2.25615453720093,-1.66544771194458,0.27832546830177,3.32075786590576,-5.732017993927,-16.0058364868164,3.52187061309814,1.84832370281219,-6.1390323638916,6.81659173965454,5.26754283905029,-15.189414024353,14.1752805709839,-1.33031177520752,-4.81468725204468,-19.5751762390137,-0.13561208546162,4.85149192810059,3.23185896873474,2.87511372566223,-0.66546130180359,-10.1397438049316,14.6240835189819,5.58597183227539,-14.1189069747925,3.69425320625305,-1.9632453918457,-26.2700786590576,-18.5245380401611,-12.8475856781006,-4.31133413314819,-1.62658143043518,1.72829043865204,4.29621505737305,0.48930305242538,-2.19300627708435,-0.89270317554474,0.5855907201767,-0.19448421895504,-2.93289709091187,0.4525041282177,-0.94810384511948,-2.25773215293884,0.91697925329208,0.44292730093002,-9.28501319885254,-5.59076023101807,-9.60104846954346,0.62567871809006,-0.64797532558441,-1.03831815719604,-0.49235737323761,0.97127574682236,1.18507862091064,-0.14133894443512,0.15126550197601,0.04986187443137,-2.80839848518372,-1.74297881126404,-0.70389527082443,-0.50757074356079,0.30406361818314,0.60094463825226,-11.2769889831543,-10.8651866912842,-9.70399856567383,-0.64125579595566,0.57680952548981,0.60307669639587,0.5894849896431,-0.46242499351501,-0.2229658216238,-0.05765040591359,0.00649044336751,-0.07597636431456,-0.79966336488724,-0.07422025501728,-0.49799394607544,0.31603461503983,0.1508347094059,0.00718260509893,-8.83250904083252,-8.86123943328857,-9.56752967834473,0.46563202142715,0.11988230794668,0.06185010448098,0.06536258012056,0.14294247329235,0.064751714468,-0.08330674469471,-0.00939205288887,-0.00633772695437,-1.01035308837891,-0.75177931785583,-1.21386027336121,-0.15562310814857,0.12210428714752,-0.33758243918419,-9.90271759033203,-10.3624038696289,-10.1301670074463,SPIN
-0.77503526210785,-0.46471574902534,-0.26374107599258,-0.31093040108681,-0.56199604272842,-0.63591074943542,-0.30627256631851,-0.4492150247097,-0.44188463687897,1.17315888404846,0.84994161128998,0.5147533416748,1.51074123382568,1.08457338809967,0.77093297243118,12.0527105331421,13.2857246398926,13.2593879699707,0.02153299935162,0.37400224804878,0.79122322797775,-0.94989544153214,-1.36222946643829,-1.91506254673004,-0.36002871394157,-0.29222264885902,-0.24457517266274,0.51714754104614,0.58897364139557,0.67995327711105,0.44771572947502,0.37588965892792,0.44771572947502,13.1492547988892,12.7829418182373,11.9018754959106,1.32328689098358,2.10519433021545,3.24995589256287,-2.85090804100037,-4.5692720413208,-7.29250907897949,-0.28550314903259,-0.59765529632568,-1.13094067573547,1.3910311460495,1.92733240127563,3.42610263824463,0.93852704763412,1.39821374416351,2.28167414665222,10.573094367981,8.65773296356201,6.46703815460205,5.00741529464722,7.76913690567017,11.5754384994507,-11.5557374954224,-17.2734355926514,-20.0211086273193,-1.94644570350647,-2.77783346176147,-2.87618255615234,4.55137729644775,3.96479797363281,-0.1268926858902,3.22020125389099,4.08450794219971,0.62728083133698,4.94432592391968,7.0224928855896,7.8365216255188,14.7256698608398,17.2961921691895,16.3469066619873,-20.0211086273193,-20.0211086273193,-16.214807510376,-1.66972374916077,-0.54695343971252,1.0223593711853,-2.88740730285645,-7.82215642929077,-10.6999864578247,-3.42370843887329,-7.64737939834595,-8.15016174316406,6.72321748733521,1.20428347587585,-16.3003234863281,9.53026103973389,1.15835320949554,-3.16657280921936,-8.74148178100586,0.65668016672134,4.21130514144897,1.4579062461853,1.23066437244415,0.02664899639785,-2.782062292099,3.66312861442566,4.12042093276978,-7.61864900588989,-1.18991827964783,0.42377370595932,-23.5332069396973,-23.6744651794434,-17.8493728637695,-5.13539123535156,-4.30217123031616,-1.83977341651917,4.78612899780273,3.18077540397644,0.62002819776535,-1.49012935161591,-1.20852053165436,-0.19876028597355,-1.33596456050873,-3.05739545822144,-1.10612118244171,-2.51391172409058,-3.26569104194641,-2.32955837249756,-11.8204727172852,-6.99376249313354,-4.03901815414429,0.88468557596207,2.29028654098511,2.05876851081848,-1.33412969112396,-1.82709789276123,-1.09467053413391,0.25083655118942,0.32658383250237,0.43531784415245,-0.40940847992897,-1.45567464828491,-1.48919343948364,-1.73340201377869,-1.81001651287079,-1.73340201377869,-5.38485908508301,-9.10544872283936,-11.7989253997803,0.97203934192657,-0.14889840781689,-0.76587229967117,-0.01649336144328,0.60658919811249,0.68477994203568,0.45242208242416,0.20929770171642,-0.01855503208935,-0.45729252696037,-0.07900865375996,-0.06464344263077,-0.77093297243118,-0.36152446269989,-0.9528923034668,-13.0127859115601,-12.4932441711426,-10.829273223877,-0.74998980760574,-0.27351492643356,0.28970283269882,0.43676865100861,0.097127571702,-0.19547687470913,-0.06498079001904,-0.00939205288887,0.02664899639785,0.00718260509893,0.33758243918419,-0.0981622710824,-1.45567464828491,-1.721431016922,-1.71664261817932,-9.11502552032471,-8.37521648406982,-8.84687423706055,SPIN
0.40882155299187,0.71853023767471,1.33061718940735,-0.74708819389343,-0.8655960559845,-1.31030595302582,-0.04176791012287,-0.05887213721871,0.07918340712786,1.76931500434875,1.89141929149628,1.6903064250946,0.02394201606512,0.14604631066322,0.38307225704193,12.4573307037354,12.2801599502563,10.5683059692383,1.46439671516418,1.57374155521393,1.58290457725525,-1.50639367103577,-1.54487824440002,-1.46424400806427,0.2062433809042,0.290542781353,0.33819025754929,1.90578460693359,2.21224236488342,2.24815535545349,0.66558808088303,1.14203417301178,1.29765737056732,10.2714242935181,9.89074611663818,9.07911205291748,1.50960075855255,1.48883128166199,1.86878955364227,-1.45996797084808,-1.694540143013,-2.82708430290222,0.43287438154221,0.47930014133453,0.19891299307346,2.30322194099426,2.92810869216919,4.05338335037231,1.36230075359344,1.44370365142822,1.92972660064697,8.15973854064941,7.33852767944336,5.42316627502441,2.98422932624817,5.31773471832275,9.36044120788574,-6.22349500656128,-12.830002784729,-19.7223949432373,-0.57932931184769,-1.60924816131592,-1.73630809783936,5.20529365539551,4.59926128387451,1.74537301063538,3.15795207023621,3.47398662567139,1.21864867210388,2.44926834106445,1.92733240127563,6.75673627853394,14.5277500152588,17.6107864379883,18.4360656738281,-20.0211086273193,-20.0211086273193,-20.0211086273193,-0.80962550640106,0.02054034359753,1.22883176803589,-1.21864867210388,-6.438307762146,-15.6586780548096,-3.08133769035339,-6.22282934188843,-9.87159252166748,7.22839403152466,-0.38546648621559,-16.4200344085693,13.3176259994507,4.44725179672241,-2.67543697357178,-14.1732950210571,-4.53689622879028,2.4434609413147,2.81708145141602,4.00949048995972,1.72668695449829,-8.20044040679932,6.09114837646484,12.1628437042236,-12.6321077346802,-0.94092124700546,1.81480491161346,-27.8741931915283,-24.0886611938477,-15.7975416183472,-5.17204332351685,-4.17266798019409,-1.26250576972961,5.10255718231201,3.89854192733765,0.54367005825043,-1.71065175533295,-1.35879337787628,0.53000193834305,1.57299053668976,-5.05685329437256,-0.7781155705452,-3.4620156288147,-4.86741209030151,-2.51870012283325,-10.9801082611084,-7.31937408447266,-5.12149667739868,1.71301889419556,2.79425024986267,1.68369734287262,-2.20400190353394,-2.68719625473022,-1.18141341209412,0.87636256217957,0.42126795649529,0.38461601734161,1.22104287147522,-1.08696758747101,-1.31681096553802,-0.90021985769272,-2.00873517990112,-2.26012635231018,-6.7040638923645,-10.7981491088867,-13.0822172164917,-0.05726861581206,-1.1079568862915,-1.17148685455322,0.52106803655624,0.99693208932877,0.47403141856194,0.34002286195755,0.09445504099131,-0.00511599658057,-0.46686932444572,-0.47405192255974,-0.62488663196564,-1.36469495296478,-1.29286897182465,-1.5945383310318,-13.2067155838013,-11.8899049758911,-9.97454357147217,-0.62292981147766,0.05757404863834,0.38499781489372,-0.17043140530586,-0.46853363513947,-0.40622538328171,0.07612907886505,0.13843733072281,0.09262244403362,-0.01436521019787,0.23942017555237,0.16519992053509,-1.92972660064697,-1.77170920372009,-1.43173265457153,-8.52605152130127,-8.44943714141846,-9.58428859710693,SPIN
-0.76220709085464,-0.49892419576645,-0.30955597758293,-0.09407325088978,-0.16554448008537,-0.20769418776035,-0.46448665857315,-0.45165848731995,-0.42050436139107,2.04225397109985,1.93451499938965,1.89381349086761,0.61530983448029,0.51714754104614,0.39264908432961,12.3998699188232,12.6608381271362,12.7039337158203,-0.04016438871622,0.2958115041256,0.65316766500473,-0.29993483424187,-0.55405479669571,-0.96089100837708,-0.36430475115776,-0.26412287354469,-0.16577355563641,1.69270062446594,1.4676456451416,1.82438170909882,0.18914192914963,0.14844051003456,0.27533319592476,12.4788789749146,12.0646820068359,11.6840038299561,1.05878221988678,1.61161518096924,2.50470018386841,-1.51861095428467,-2.32983994483948,-3.98650670051575,-0.1920407563448,-0.70028066635132,-1.5267813205719,3.46440982818604,4.51307010650635,3.665522813797,1.48440504074097,2.1978771686554,1.28808057308197,11.492467880249,11.1213665008545,10.7047748565674,4.15098190307617,6.54801750183105,9.69886016845703,-6.95531177520752,-11.5844488143921,-17.4713573455811,-2.06556439399719,-2.06984043121338,-2.07778167724609,2.08534979820251,2.42772054672241,2.07337856292725,0.01915361359715,0.8451532125473,1.21146607398987,10.0200338363647,7.63301420211792,8.15973854064941,13.5497550964355,16.8783588409424,17.8239784240723,-20.0211086273193,-20.0211086273193,-19.0993118286133,-1.85176157951355,-0.96173095703125,0.44692429900169,-2.27927994728088,-7.16614484786987,-15.2516632080078,-1.79325711727142,-5.22684144973755,-7.1110782623291,7.77666616439819,1.65439331531525,-11.5618991851807,13.7580595016479,5.9328761100769,-1.31931626796722,-14.2508754730225,-6.82886266708374,-0.10018189996481,2.81708145141602,3.46398782730103,1.0211375951767,-9.38078117370606,5.65300941467285,10.9633483886719,-9.6920280456543,-1.53707754611969,2.46363353729248,-25.6882877349854,-26.3012027740479,-18.3449726104736,-4.62409734725952,-4.43839406967163,-1.90696859359741,3.14412331581116,2.50332570075989,-0.18325957655907,-1.86642241477966,-1.84809648990631,-0.27450758218765,2.13323378562927,-4.62559747695923,-3.77565598487854,-1.93690919876099,-4.8602294921875,-2.85628271102905,-13.0032091140747,-8.53083992004395,-3.40216064453125,1.18156611919403,2.55601286888123,1.83213758468628,-2.1013765335083,-2.16979336738586,-0.97066485881805,0.53977578878403,0.39133554697037,0.3895029425621,-0.70150107145309,-1.91057300567627,-2.73657250404358,-1.51552963256836,-1.43652105331421,-1.92972660064697,-3.66791701316834,-8.53802299499512,-11.7366762161255,0.65316766500473,-0.64125579595566,-0.99922281503677,0.2119702398777,1.10444438457489,1.06840336322784,0.45486554503441,0.35346189141273,0.13721559941769,-1.78128612041473,-0.73262572288513,-0.641646027565,-1.28568625450134,-0.67755907773972,-0.84754741191864,-12.6273193359375,-11.1812210083008,-9.1940336227417,-0.57955837249756,0.17302757501602,0.68798696994781,0.61208695173264,0.14049901068211,-0.1991420686245,0.1140027269721,0.18730655312538,0.13782647252083,-0.428562104702,0.08619125932455,-0.38067805767059,-1.07260239124298,-0.99359369277954,-1.00795888900757,-7.86046361923218,-8.40394687652588,-9.4909143447876,SPIN
-0.45677447319031,-0.0267253536731,0.15653422474861,-0.20830504596233,-0.53389620780945,-0.61514127254486,-0.237244784832,-0.18165604770184,-0.13095423579216,2.61207413673401,2.79403328895569,2.39659595489502,1.40779054164886,0.9433154463768,0.91937345266342,11.7007627487183,11.408670425415,11.0303869247437,0.14309518039227,0.17608191072941,0.41187590360641,-0.71715581417084,-0.72876220941544,-0.88086766004562,0.01931861415505,0.10850493609905,0.24289529025555,3.14119267463684,2.24097275733948,2.97359848022461,0.73023152351379,1.2641384601593,1.09654438495636,10.4294414520264,11.3033256530762,11.3559980392456,0.89873546361923,1.48516607284546,1.86817860603333,-1.03114056587219,-1.45874619483948,-1.91139733791351,0.27954721450806,0.16959145665169,-0.08880453556776,2.6240451335907,3.70143580436707,3.16274046897888,1.3215993642807,1.22104287147522,1.15400516986847,11.5020446777344,10.4438066482544,9.82370853424072,2.36053609848022,3.07280492782593,4.57003545761108,-2.57296442985535,-3.57417249679565,-5.75557231903076,-0.20975585281849,-0.24213171005249,-0.4186717569828,2.68390011787415,2.65756392478943,3.38540124893188,1.06541979312897,0.68953007459641,0.77332717180252,9.74230575561523,9.6704797744751,9.50528049468994,7.61092281341553,12.9737091064453,18.9235363006592,-10.371880531311,-16.2416858673096,-20.0192756652832,-0.93302029371262,-1.42476677894592,-1.45775353908539,2.41574954986572,-2.94726228713989,-16.601993560791,0.47884035110474,-4.12042093276978,-14.0590515136719,12.3064956665039,14.6480255126953,10.1038303375244,19.1611633300781,11.7739696502686,3.71238088607788,-16.0853042602539,-7.64803266525268,-2.7824912071228,5.34667444229126,7.48592472076416,5.05712413787842,-21.3089942932129,2.96881008148193,14.7632465362549,-24.970027923584,-10.0607347488403,3.82354021072388,-27.4791507720947,-35.9022521972656,-29.6554794311523,-4.33699035644531,-4.01262092590332,-1.75547397136688,1.61024081707001,1.7757853269577,0.47830748558044,-1.30198287963867,-0.79313218593597,0.18119789659977,1.7405846118927,-1.03429508209229,1.62087452411652,-6.11030197143555,-5.80384397506714,-3.7349545955658,-11.5068330764771,-5.554847240448,-4.41490793228149,0.50350570678711,1.38131904602051,0.72586065530777,-0.90346968173981,-1.32679927349091,-0.54550266265869,0.27832546830177,0.18364135921001,0.09934195876122,1.30244576931,-0.1723825186491,-0.62009823322296,-1.87705409526825,-1.47722244262695,-1.34793555736542,-6.80462074279785,-10.2091751098633,-11.54274559021,-0.45066583156586,-1.11589813232422,-0.95646226406097,0.65057146549225,1.15331363677979,0.89003068208694,-0.11873693019152,-0.24579690396786,-0.14256067574024,-0.80684596300125,-1.36469495296478,-1.07020819187164,-1.57777893543243,-2.19308876991272,-2.20745396614075,-11.2003746032715,-9.82610321044922,-8.17889213562012,-0.24602597951889,0.31597003340721,0.6189591884613,0.27244588732719,-0.1777617931366,-0.27488934993744,-0.0558178126812,0.00221438659355,0.04558581858873,-0.63446342945099,-0.54587799310684,-0.53869539499283,-2.19548296928406,-2.24576115608215,-2.20027136802673,-7.77666616439819,-8.36563968658447,-9.28980159759522,SPIN
-0.00839939713478,0.0080939643085,0.05207626149058,-0.70677107572556,-0.77640974521637,-0.70493847131729,0.30703613162041,0.20257818698883,0.09934195876122,3.00951147079468,2.91853189468384,2.73417830467224,1.52031803131104,1.75016140937805,1.54665434360504,10.3719806671143,10.6688623428345,10.587459564209,0.05207626149058,0.03619376569986,0.10949759185314,-0.54794609546661,-0.55649822950363,-0.7183775305748,0.03214678168297,0.08284860104322,0.1757001131773,2.17872357368469,1.86987149715424,1.76213240623474,1.07499659061432,0.81402856111526,0.65601128339767,9.95538997650146,9.8476505279541,9.5723180770874,0.256716132164,0.45707991719246,0.77289724349976,-1.07695543766022,-1.81060457229614,-3.85150527954102,0.26244297623634,0.31803172826767,0.16836974024773,1.83156430721283,2.01591777801514,3.85466480255127,0.54587799310684,0.59855043888092,2.09492659568787,8.97137260437012,6.75194787979126,3.09091448783875,1.45095765590668,2.44727897644043,4.27865266799927,-7.90093088150024,-13.1953001022339,-19.2465305328369,-0.4150065779686,-0.60437482595444,0.67355531454086,4.98502731323242,4.91559553146362,6.57717132568359,2.11886858940125,0.4716577231884,-0.79487496614456,0.35434186458588,-2.39899015426636,-3.59848523139954,7.34580707550049,10.6316518783569,11.5510034561157,-20.0211086273193,-20.0211086273193,-20.0211086273193,2.71873211860657,3.96978425979614,4.28804492950439,9.97454357147217,9.31853199005127,8.16692161560059,-0.69671267271042,0.37349545955658,0.3256114423275,-3.23217225074768,-6.99136829376221,-16.1183643341064,7.96950054168701,0.63423085212708,-5.00588798522949,-15.2881240844727,-7.0506067276001,-0.95844757556915,3.22269606590271,1.77250182628632,-0.68439817428589,9.47654914855957,10.9872913360596,10.8532152175903,-2.50194072723389,-0.4716577231884,-2.41574954986572,-24.8766536712646,-24.0910568237305,-15.7209272384644,-6.60391139984131,-4.49764823913574,-0.85139346122742,1.58091926574707,0.13866640627384,-2.68597459793091,-2.30746722221375,-1.88474833965302,-0.59154665470123,2.71502470970154,-1.90817880630493,-2.21224236488342,-5.58118343353271,-4.40054273605347,-1.78368031978607,-8.60745429992676,-3.38779544830322,-1.2641384601593,1.08382761478424,1.32084333896637,-0.14034628868103,-3.28767681121826,-1.83748269081116,0.56138515472412,-0.12484558671713,0.13171781599522,0.42676573991776,-2.9664158821106,-4.21618938446045,-3.78762698173523,-0.88346040248871,-1.03190088272095,-1.07978498935699,-4.41730213165283,-8.62421417236328,-9.47415542602539,-1.21424734592438,-1.06397449970245,-0.13851369917393,1.91994941234589,1.5534303188324,0.38851028680801,0.64667719602585,0.57215166091919,0.44448083639145,-1.78607451915741,-0.50517654418945,-0.02633621916175,-0.28012159466743,0.14125789701939,0.07422025501728,-8.84448051452637,-8.0448169708252,-7.65456199645996,0.63911777734756,0.73380190134048,0.36850446462631,-0.22174409031868,-0.00305432616733,0.54672437906265,0.38278344273567,0.35712710022926,0.36873352527618,-0.01436521019787,-0.0981622710824,0.33758243918419,-0.12928688526154,-0.33039984107018,-0.25139117240906,-8.56675338745117,-9.67287445068359,-10.5802764892578,SPIN
-0.39019018411636,-0.35903605818748,-0.34376442432404,-0.16920967400074,-0.29504790902138,-0.39706242084503,-0.06681338697672,-0.11873693019152,-0.14928019046783,1.82677590847015,1.96563959121704,1.91296720504761,0.83797061443329,0.97683429718018,1.00556468963623,10.0439758300781,10.4007110595703,10.7478704452515,-0.344986140728,-0.34681874513626,-0.29245173931122,-0.57665681838989,-0.80939644575119,-1.3213015794754,-0.12362385541201,-0.12851077318192,-0.39423716068268,2.19069457054138,2.99275207519531,4.05338335037231,1.02950668334961,1.41736745834351,1.63284552097321,11.2650184631348,11.6911859512329,11.5618991851807,-0.13484850525856,0.24205535650253,0.89934635162354,-2.47828030586243,-3.64625453948975,-4.37746047973633,-0.9550114274025,-1.44981229305267,-1.75524497032166,4.33589935302734,4.53940629959106,4.48912811279297,1.25456166267395,0.48123455047607,-0.42377370595932,12.6704149246216,13.9345531463623,15.3737678527832,2.20476531982422,4.32446765899658,7.45820665359497,-5.14348554611206,-7.23814249038696,-11.7011241912842,-1.94094800949097,-2.16208124160767,-2.79310488700867,4.52982950210571,5.39443588256836,5.7822961807251,-0.87627780437469,-0.4955997467041,0.37349545955658,15.3163070678711,14.1260890960693,13.6999216079712,11.6524076461792,15.9278535842896,18.0200672149658,-16.8922557830811,-19.7950878143311,-20.0211086273193,-3.75216341018677,-3.95497059822083,-2.45651817321777,2.03507137298584,-7.49175643920898,-12.6321077346802,0.08619125932455,-4.46997451782227,-10.8316679000854,15.8166952133179,12.2873420715332,-0.02394201606512,13.476450920105,7.72943067550659,0.85047715902328,-14.1311454772949,-8.82394886016846,-2.86007118225098,-0.07353290170431,1.00464427471161,0.66194885969162,-12.7973070144653,-5.30106163024902,-0.13407529890537,-9.43105983734131,-5.28909063339233,-2.55461311340332,-15.953164100647,-20.5620021820068,-18.5269317626953,-4.18427419662476,-5.65584850311279,-3.85929393768311,1.95110356807709,4.500244140625,3.68657183647156,-0.62697678804398,-1.06374549865723,-0.12912164628506,-1.36948335170746,-5.53569364547729,-6.05762958526611,-4.24731397628784,-5.98340940475464,-4.63996267318726,-11.3416328430176,-5.93791961669922,-3.3231520652771,-0.50075680017471,2.10947036743164,2.61832118034363,0.9211847782135,-1.22967171669006,-1.50639367103577,0.91667968034744,0.89652109146118,0.5971971154213,-2.16435837745667,-0.91697925329208,-2.2361843585968,-1.88423669338226,-0.73741412162781,-1.35990655422211,-3.96240377426147,-7.38641166687012,-11.4182472229004,1.75516855716705,-0.08903361111879,-1.45187401771545,-0.70249503850937,0.84360492229462,1.79594385623932,0.57826030254364,0.55565828084946,0.30947959423065,-2.33674097061157,-1.14203417301178,-0.8930372595787,-1.52750062942505,-1.09175598621368,-0.80924016237259,-13.5682401657104,-13.1396780014038,-11.2051630020142,-1.69805264472961,-1.01815962791443,0.77106463909149,1.75440502166748,1.08489668369293,-0.20341812074184,0.11583532392979,0.13599386811256,0.12622003257275,-0.93134444952011,-0.64882868528366,-1.09654438495636,-1.1755530834198,-1.1947066783905,-1.46285724639893,-9.1940336227417,-8.08073043823242,-9.24670600891113,SPIN
-0.23075434565544,-0.25213462114334,-0.22098049521446,-0.0226020142436,-0.05314527451992,-0.06780604273081,-0.06131559982896,-0.06314819306135,-0.0686459839344,0.16759411990643,0.18914192914963,0.1508347094059,0.41180267930031,0.3208230137825,0.26575639843941,9.78779602050781,9.94820690155029,10.1038303375244,-0.14950926601887,-0.05910121276975,-0.00717766676098,-0.09957103431225,-0.17715092003345,-0.32253685593605,-0.06131559982896,-0.04237877577543,0.00404698215425,0.08379705995321,0.00478840339929,-0.01197100803256,0.23942017555237,0.3256114423275,0.39983168244362,10.1684741973877,10.1301670074463,10.1014366149902,-0.02916881628335,-0.13790282607079,-0.15012013912201,-0.44898596405983,-0.45326200127602,-0.40622538328171,0.07979427278042,0.17325665056705,0.27038422226906,0.0,0.09576806426048,0.1963245421648,0.51714754104614,0.52911859750748,0.53630119562149,10.3743753433228,11.104606628418,12.1317195892334,0.27931812405586,2.93841457366943,5.93654108047485,-0.87964594364166,-4.49841165542603,-9.84592628479004,0.29542970657349,-0.37346774339676,-1.37467586994171,0.78769236803055,3.25611424446106,5.86369943618774,0.68474167585373,1.36230075359344,2.60010313987732,13.1899566650391,12.9577188491821,13.9225826263428,11.4404373168945,18.6199359893799,20.0065994262695,-18.1488056182861,-20.0211086273193,-20.0211086273193,-2.55242395401001,-3.22865200042725,-1.83160305023193,4.30477476119995,-5.58357763290405,-13.599365234375,2.51870012283325,-3.07654929161072,-12.9792671203613,21.3281478881836,20.8373355865479,2.14281058311462,19.9088611602783,8.96154594421387,1.73867523670197,-19.9844570159912,-5.77145481109619,1.35734260082245,0.49884784221649,5.10171747207642,3.09624695777893,-24.5821666717529,4.36702394485474,14.6001415252686,-16.8892974853516,-3.56975483894348,3.41413164138794,-8.023268699646,-19.9658470153809,-16.7552223205566,-1.72309815883636,-2.09206080436707,0.65805459022522,3.54851627349854,2.78310203552246,-1.05740773677826,-0.41622829437256,-1.19202721118927,0.48296532034874,6.17015695571899,1.4484920501709,2.61446833610535,1.33117616176605,-2.85867691040039,-2.04943656921387,-12.8380088806152,-10.8005428314209,-7.27867221832275,1.61222612857819,1.43629693984985,0.54382276535034,-1.5534303188324,-0.93095862865448,0.14416420459747,0.55199313163757,0.38889208436012,0.15493069589138,2.46363353729248,1.76931500434875,1.52750062942505,-1.80043971538544,-1.81001651287079,-1.67594122886658,-8.75589466094971,-10.5132389068604,-11.5140151977539,-0.86422163248062,-0.85933470726013,-0.52885657548904,0.94623029232025,0.60964351892471,0.10384709388018,-0.13584116101265,-0.03627012297511,0.11155926436186,0.86909520626068,1.08936178684235,1.60650932788849,-1.89381349086761,-1.95845699310303,-1.73340201377869,-10.9346179962158,-9.94102478027344,-9.42866516113281,-0.16355916857719,-0.07559457421303,-0.23136521875858,-0.26450464129448,-0.08735372871161,0.14416420459747,0.1414916664362,0.01809688284993,-0.04115704447031,2.01112937927246,1.50355863571167,1.49398183822632,-1.3718775510788,-1.19231247901917,-1.14442837238312,-9.3735990524292,-9.90032291412354,-10.1708679199219,SPIN
-0.95035362243652,-1.23074078559875,-1.29427075386047,-0.16737708449364,-0.07574728876352,-0.01466076634824,0.02237293869257,0.01259909570217,-0.00022907447419,-0.2537853717804,-0.22984336316586,-0.33758243918419,0.05027823522687,-0.16041150689125,-0.42137950658798,9.22515869140625,10.2211465835571,11.6049947738647,-1.18309330940247,-0.92775160074234,-0.66569042205811,0.03970624133945,0.09285151958466,0.00977384392172,0.00404698215425,0.00587957818061,0.09017898142338,-0.37110126018524,-0.66319388151169,-1.01514148712158,-0.73262572288513,-1.05105459690094,-1.25456166267395,12.4453601837158,12.5554933547974,12.349591255188,-0.46532660722733,-0.07864890247583,0.64339381456375,-0.12644910812378,-1.04396867752075,-2.65726375579834,0.22518019378185,0.42371141910553,0.14271339774132,-1.19710087776184,-0.36152446269989,1.89620769023895,-1.48440504074097,-1.75016140937805,-2.15717577934265,11.9856729507446,11.2243165969849,11.2506532669067,2.71300530433655,6.79053068161011,11.821005821228,-6.47394990921021,-13.0853443145752,-20.0125560760498,-0.83161669969559,-2.37893843650818,-4.06370449066162,5.29866743087769,8.77504825592041,8.53802299499512,-0.66319388151169,1.1180921792984,2.34871196746826,14.0494747161865,15.1965970993042,16.5253791809082,16.119665145874,18.6211585998535,16.5576553344727,-20.0211086273193,-20.0211086273193,-20.0107231140137,-4.82789707183838,-3.1736741065979,0.71937018632889,0.5243301987648,-11.310507774353,-13.8890628814697,-1.80283391475677,-6.80940914154053,-6.30902051925659,15.8166952133179,2.19069457054138,-12.5387334823608,11.0464286804199,3.20963859558105,-2.33701777458191,-13.9020709991455,-4.65540409088135,2.34450078010559,3.5934910774231,2.97040867805481,0.56604301929474,-2.41814374923706,6.76631307601929,9.25149440765381,-5.02333450317383,1.32399356365204,4.81952810287476,-19.5947456359863,-15.2420864105225,-8.95700740814209,-3.2435417175293,-1.63818788528442,0.48029279708862,3.65969371795654,1.51922190189362,-0.83077675104141,-1.67155635356903,-1.60375034809113,-0.4278347492218,3.76847338676453,-0.73023152351379,-0.2537853717804,0.68953007459641,-2.32237553596497,-2.2170307636261,-7.13502025604248,-6.2084641456604,-5.75835418701172,1.79976177215576,1.59084582328796,0.44364088773727,-1.7324138879776,-1.07084679603577,0.35613444447517,0.20074559748173,0.17875444889069,0.03703370690346,0.74459671974182,0.65361708402634,0.6224924325943,-0.90500825643539,-0.25857377052307,-0.16041150689125,-7.85328102111816,-10.4629602432251,-11.1812210083008,-0.51236319541931,-0.74998980760574,0.0404698215425,1.30053210258484,1.13682019710541,-0.22846360504627,-0.07108944654465,-0.1639409661293,0.15248723328114,1.1947066783905,1.18512988090515,1.64960491657257,0.13407529890537,-0.03351882472634,-0.32800564169884,-11.1788272857666,-10.616189956665,-9.10066032409668,0.25732699036598,0.27320948243141,0.06185010448098,-0.31276300549507,-0.06719517707825,0.27916541695595,0.19280433654785,0.07429648190737,-0.05032002553344,2.24097275733948,2.03028297424316,1.62805712223053,-0.0526724383235,-0.02873042039573,-0.06703764945269,-9.34247398376465,-9.92905330657959,-10.4940853118896,SPIN
-1.25028848648071,-1.28266429901123,-1.15560436248779,0.1050688251853,0.01099557429552,-0.02809980139136,-0.24090997874737,-0.30566170811653,-0.34658965468407,0.39504328370094,0.23223756253719,0.15562310814857,1.00795888900757,0.77332717180252,0.46208092570305,10.3193082809448,11.6433019638062,12.5890121459961,-0.9778425693512,-0.32482758164406,0.1846340149641,-0.12400564551353,-0.91507613658905,-1.85886299610138,-0.37163513898849,-0.3972914814949,-0.42722389101982,0.07422025501728,0.0526724383235,0.39743748307228,0.22026655077934,-0.36391866207123,-0.54108959436417,13.048698425293,12.8739213943481,12.0838356018066,0.87307918071747,1.78937697410584,3.05203557014465,-3.43184089660645,-5.9272255897522,-9.46291351318359,-0.5194645524025,-0.84016877412796,-1.63795876502991,1.50595283508301,3.89776039123535,8.28663158416748,-0.45968672633171,0.1723825186491,1.92733240127563,10.7837839126587,10.1565027236938,10.5659112930298,4.79422330856323,7.21630382537842,10.6548643112183,-13.8373193740845,-18.625280380249,-20.0211086273193,-2.85785675048828,-3.52980852127075,-3.66419887542725,9.96496677398682,10.2690305709839,8.45901393890381,2.41814374923706,3.22259545326233,4.18745899200439,11.4733142852783,13.3000898361206,16.7743759155273,15.1404476165771,17.4464645385742,13.5741891860962,-20.0211086273193,-19.5006504058838,-16.6204223632813,-3.79003715515137,-3.06982684135437,-0.34903311729431,1.08696758747101,-6.29465532302856,-13.9201879501343,-2.76769709587097,-9.3927526473999,-7.50372743606567,14.7345161437988,-1.32878196239471,-9.88116931915283,6.29389715194702,-1.59848165512085,-4.18855047225952,-6.40431118011475,2.58823609352112,5.41532039642334,1.59535098075867,1.38582420349121,-0.59948790073395,-5.27711963653564,3.41892004013062,5.27951383590698,-7.81257963180542,0.68234747648239,1.08696758747101,-19.0392913818359,-12.4956378936768,-8.52365779876709,-2.80677318572998,-0.31138855218887,1.61711299419403,3.35792636871338,0.04520402848721,-1.8723019361496,-1.51639664173126,-0.43088907003403,0.63934683799744,0.31364041566849,-1.27610945701599,0.39743748307228,-2.26012635231018,-3.55778384208679,-2.26491475105286,-7.69526338577271,-6.69927549362183,-7.30740308761597,2.0978639125824,1.17179226875305,-0.19410243630409,-1.84053695201874,-0.64934974908829,0.72143185138702,0.81833034753799,0.47807842493057,0.14882203936577,1.74297881126404,1.74776721000671,1.721431016922,-0.96486330032349,-0.64882868528366,-0.43574470281601,-9.89553451538086,-11.7079458236694,-11.8563861846924,-0.90209525823593,-0.90209525823593,-0.474489569664,1.11360728740692,0.81428337097168,0.22602014243603,-0.09735664725304,-0.17921258509159,-0.11629346758127,1.67594122886658,1.25935006141663,1.20188927650452,-0.38067805767059,-0.63206923007965,-0.87148940563202,-11.0591173171997,-9.68005657196045,-8.76068305969238,0.03375030308962,0.46013423800468,0.30192014575005,-0.15332718193531,-0.13377949595451,0.03787364438176,0.00954476930201,0.05841398984194,-0.04970915988088,1.13245737552643,1.18752408027649,1.00795888900757,-0.98641109466553,-0.85712420940399,-0.86909520626068,-8.64336776733398,-10.2331171035767,-10.8316679000854,SPIN
1.31168043613434,1.26036775112152,1.0911580324173,-1.33657312393188,-1.91384077072144,-2.03357028961182,-0.48708868026733,-0.68806332349777,-0.54573172330856,0.71347212791443,-0.05746084079146,0.66798228025436,0.55784898996353,0.46686932444572,0.75417351722717,10.178050994873,10.4605665206909,11.2243165969849,0.86697047948837,0.42653664946556,-0.59666264057159,-1.34573614597321,0.08735372871161,1.25960409641266,-0.35636350512505,-0.26412287354469,0.27343854308128,1.29526317119598,1.15161097049713,-0.15322890877724,1.10851538181305,1.15400516986847,1.66875863075256,12.2322759628296,10.616189956665,10.3528270721436,-0.85750210285187,-1.1922562122345,-1.10306990146637,1.37017071247101,1.77700698375702,1.1001683473587,0.60147321224213,0.94050341844559,1.28869664669037,0.42377370595932,-0.17477671802044,-0.05506663769484,2.0326771736145,1.73100781440735,1.09175598621368,11.4876794815063,11.3607864379883,12.363956451416,-0.5178610086441,0.60552018880844,3.11739802360535,-0.77457714080811,-5.50572824478149,-12.4317188262939,1.46890187263489,1.04068529605865,0.15126550197601,-0.06464344263077,1.91296720504761,9.17727470397949,-0.14604631066322,-1.92014980316162,-0.14365209639072,10.7143516540527,10.8651866912842,14.6121120452881,6.88338232040405,10.6463117599487,13.6236696243286,-19.3955821990967,-20.0211086273193,-20.0211086273193,-2.28669762611389,-7.34099674224854,-11.1637916564941,20.8493061065674,20.7272033691406,-1.94888019561768,5.86130523681641,5.26993703842163,-4.28562116622925,13.6065473556519,16.7384624481201,20.6170692443848,15.876540184021,14.4086313247681,8.54982280731201,-20.0211086273193,-19.9673519134521,-7.80869054794312,-9.43504238128662,-2.0625102519989,3.06570363044739,-32.2316398620605,-29.729700088501,-2.57137250900269,-13.8148431777954,-14.914080619812,-3.58651423454285,15.3713731765747,-3.2968156337738,-18.8142356872559,0.68493264913559,-2.79150152206421,0.52671855688095,2.57662963867188,6.19295167922974,0.32131510972977,2.78714895248413,0.47624582052231,0.71081805229187,9.01446914672852,1.944091796875,3.8379054069519,6.68012189865112,1.43173265457153,1.20188927650452,-15.7592344284058,-9.77582454681396,-8.88996982574463,2.04288601875305,2.04471874237061,0.8706356883049,-2.23882102966309,-1.97370564937592,-0.05314527451992,-0.42233696579933,-0.91713780164719,-0.38385245203972,1.56820213794708,-3.37103605270386,-4.96347951889038,1.71664261817932,0.51235914230347,0.09097966551781,-9.47654914855957,-10.489296913147,-11.2123460769653,-1.08474397659302,-0.80069160461426,-0.12690725922585,2.08549404144287,0.9957103729248,-0.51251596212387,0.51961725950241,0.4377613067627,0.17447838187218,-3.02387666702271,-2.06859016418457,-1.34793555736542,0.71586632728577,0.76614451408386,0.81402856111526,-10.6856212615967,-10.0750999450684,-9.64174938201904,0.25305092334747,0.20845776796341,-0.09330966323614,-1.16797435283661,-1.09711396694183,-0.53878313302994,-0.10163270682096,-0.09369145333767,0.01626428775489,-2.29603934288025,-3.08852028846741,-2.92810869216919,0.55784898996353,0.48602294921875,0.6224924325943,-9.77582454681396,-9.77821922302246,-9.45260715484619,SPIN
-0.01756237633526,-0.02367102913558,-0.02794708497822,0.11117747426033,0.16554448008537,0.28160887956619,-0.06925684958696,-0.01488984003663,-0.01550070568919,2.26491475105286,2.4588451385498,2.48278713226318,2.70305371284485,2.77966809272766,3.03584766387939,8.76547145843506,8.97376728057861,9.15812110900879,-0.0193949714303,-0.06643159687519,-0.05604688450694,0.30970868468285,0.32620203495026,0.17287486791611,-0.04298964142799,-0.11140654981136,-0.18409951031208,2.34152936935425,2.11408019065857,1.53228902816772,3.19386506080627,3.33272886276245,3.36145925521851,9.2131872177124,9.4119062423706,9.51725101470947,0.0044287731871,0.09239336848259,0.4986187517643,-0.19058994948864,-0.9083566069603,-2.43490886688232,-0.16699528694153,-0.09185886383057,-0.13889548182487,1.53228902816772,0.99838209152222,2.40856695175171,3.36145925521851,3.44046783447266,4.43166732788086,9.51725101470947,9.33768558502197,8.07833576202393,1.18706393241882,2.10641598701477,4.66227626800537,-5.49534368515015,-12.1531639099121,-20.0211086273193,-0.84505569934845,-2.39543175697327,-3.43573522567749,4.65672206878662,7.39598846435547,5.29148483276367,5.74638319015503,2.99035787582397,0.6224924325943,3.86424160003662,0.96725749969482,10.0679178237915,11.7269325256348,18.7793712615967,20.004768371582,-20.0211086273193,-20.0211086273193,-20.0211086273193,-2.6446647644043,-2.8847348690033,-2.61228895187378,3.65594601631165,-7.82933902740479,-30.5149993896484,-1.41257905960083,-7.36725807189941,-13.8723039627075,10.9202527999878,6.4574613571167,-12.0048265457153,12.6065788269043,1.92743253707886,-4.5501823425293,-13.6809377670288,-0.6322455406189,4.555832862854,2.02540016174316,4.1670937538147,0.58803415298462,-18.7304382324219,6.95545530319214,5.65300941467285,-11.8707513809204,4.78122091293335,1.26174426078796,-30.1534748077393,-26.8015918731689,-12.9170169830322,-4.93747091293335,-1.95828127861023,1.23959827423096,5.49473285675049,3.27607035636902,-0.77946406602859,-1.15720784664154,-0.04726569727063,0.29604056477547,-3.82593441009521,-3.69425320625305,0.05506663769484,-8.02087497711182,-6.2084641456604,-1.72382521629334,-5.42316627502441,-5.23162984848022,-7.75032997131348,2.72522258758545,2.2224805355072,0.47662761807442,-2.94925737380981,-2.01157927513123,0.42760565876961,-0.64408105611801,-0.7961865067482,-0.1010218411684,-1.63763391971588,-5.60273122787476,-5.83736324310303,-1.23301386833191,-1.87944829463959,-2.01591777801514,-8.98094940185547,-10.666467666626,-11.8276557922363,-1.47142171859741,-1.31076407432556,-0.52519136667252,2.13436317443848,1.36100780963898,0.16982053220272,0.4163810312748,0.53977578878403,0.57581686973572,-4.43166732788086,-3.60087943077087,-2.36786556243896,-1.87226569652557,-2.24576115608215,-1.90817880630493,-9.97454357147217,-8.68167495727539,-8.19325733184814,0.29031372070313,0.6250678896904,0.46502116322517,-0.78862702846527,-0.94745200872421,-0.4416555762291,0.39438986778259,0.18180876970291,0.13110695779324,-2.03985977172852,-2.59770894050598,-3.32075786590576,-1.56101953983307,-1.3910311460495,-1.41257905960083,-8.40634155273438,-8.93546009063721,-9.75188255310059,SPIN
-0.40546181797981,-0.39568796753883,-0.50014591217041,-0.70799279212952,-0.86926126480103,-1.23028254508972,-0.04543310403824,-0.00878118816763,0.05780312418938,3.31357526779175,3.31357526779175,3.54102420806885,1.8866308927536,1.8866308927536,1.89860188961029,10.7622356414795,10.7622356414795,9.56274127960205,-0.55878895521164,-0.27962356805801,0.23228150606155,-1.97614908218384,-3.13496041297913,-4.23268508911133,-0.01794416643679,-0.27084237337112,-0.39973494410515,4.39575433731079,4.81713390350342,4.56813669204712,1.84832370281219,1.29526317119598,0.60573303699493,9.75906562805176,10.3767690658569,9.87159252166748,0.64278292655945,0.85475319623947,1.01846504211426,-5.06224012374878,-5.53138494491577,-5.77573108673096,-0.21036672592163,0.0816268697381,0.31131219863892,4.76924991607666,5.6625862121582,6.77110147476196,0.32321724295616,0.52911859750748,1.01274728775024,8.8372974395752,8.21719932556152,6.93869590759277,1.19133996963501,1.30923688411713,1.75333595275879,-6.29069042205811,-7.80991220474243,-11.7591562271118,0.29298624396324,-0.58360540866852,-2.03196692466736,9.34965705871582,11.4948616027832,9.8668041229248,2.58094954490662,4.07732534408569,2.83712911605835,4.90841293334961,1.70227742195129,-1.65678763389587,3.67084193229675,10.4642744064331,13.5295963287354,-18.9294929504395,-20.0211086273193,-20.0052261352539,-2.86396527290344,-3.87067127227783,-3.27202343940735,9.61301898956299,-0.11731588095427,-10.9825029373169,2.15956997871399,-1.58974993228912,-6.90278291702271,1.32878196239471,7.92271280288696,0.05506663769484,11.3799610137939,4.78200578689575,-0.90331697463989,-14.7346801757813,-5.39882707595825,0.74708819389343,-1.22684645652771,1.83297753334045,2.56051802635193,-17.6674137115479,-6.80701494216919,3.58890843391419,-11.6433019638062,-4.34068775177002,0.26336219906807,-15.0673093795776,-20.4782066345215,-16.8414134979248,-3.49766159057617,-3.12381219863892,-1.35352468490601,2.66887021064758,3.10441708564758,1.89856922626495,0.60391664505005,-0.11690433323383,0.31986430287361,0.76375031471252,-2.94965648651123,-1.97521638870239,-3.26808524131775,-5.8732762336731,-3.49074602127075,-8.84448051452637,-5.9115834236145,-6.52449893951416,0.24938572943211,0.92194837331772,0.73685622215271,0.01527163106948,-0.78129667043686,-0.17531833052635,0.18364135921001,-0.23174700140953,-0.20792326331139,-1.32638776302338,-2.89219570159912,-4.0270471572876,-1.65199911594391,-1.52989482879639,-1.60172092914581,-7.98975038528442,-8.67209815979004,-9.51725101470947,0.16142113506794,-0.35475999116898,-0.5606215596199,0.74586647748947,1.06595981121063,0.78679442405701,0.0413097627461,0.01259909570217,-0.08452847599983,-3.42610263824463,-3.23217225074768,-3.57454323768616,-1.03429508209229,-0.76853877305984,-1.39342534542084,-10.4845085144043,-10.5060567855835,-10.0607347488403,-0.51847189664841,-0.33521229028702,-0.18860463798046,0.17837265133858,-0.38851028680801,-0.45692721009254,-0.03504839166999,0.05230533704162,0.05474879592657,-3.63200402259827,-3.02627086639404,-2.60249733924866,-1.88423669338226,-2.30082774162292,-2.16435837745667,-9.6513261795044,-8.98573780059814,-8.77744293212891,SPIN
-0.36209037899971,-0.36453384160995,-0.33032539486885,-0.39156460762024,-0.45570546388626,-0.5894849896431,-0.03871358558536,-0.01794416643679,-0.0008399396902,1.09175598621368,1.6448165178299,1.87465989589691,0.56981998682022,0.84994161128998,1.07739078998566,9.18685150146484,10.1253786087036,10.434229850769,-0.27229318022728,-0.27534750103951,-0.29245173931122,-0.82894414663315,-1.15270268917084,-1.74646377563477,0.01076649967581,-0.00206167018041,-0.01733330078423,2.2361843585968,2.48039293289185,3.19865345954895,1.21625447273254,1.36708915233612,1.74776721000671,10.5323925018311,10.2522706985474,10.0176391601563,-0.15928311645985,0.05451972410083,0.03680463135242,-2.7201828956604,-4.12089681625366,-6.00785970687866,-0.17737999558449,-0.8084037899971,-2.01669526100159,4.81952810287476,6.88602352142334,7.7072343826294,2.3319525718689,3.20104765892029,2.17872357368469,9.90989971160889,9.27543640136719,8.5404167175293,0.15286903083324,1.18706393241882,4.37700223922729,-8.73598384857178,-13.0841226577759,-19.6582546234131,-3.20360636711121,-4.36486148834229,-5.66478252410889,8.8756046295166,11.5547170639038,14.4157876968384,0.36152446269989,-0.65601128339767,0.20590133965015,8.75350093841553,10.4222593307495,13.9273710250854,9.83996963500977,13.2510414123535,15.8875360488892,-20.0211086273193,-20.0211086273193,-20.0211086273193,-7.42224168777466,-8.55417537689209,-8.13756465911865,13.1420726776123,2.47799873352051,-20.1597766876221,1.25935006141663,-4.69502973556519,-10.6784391403198,15.8933095932007,15.0313968658447,8.75110626220703,14.2290372848511,6.39346837997437,-1.8990273475647,-19.5342483520508,-6.83924722671509,3.97367835044861,-3.06921601295471,1.67232000827789,1.62589418888092,-26.4113368988037,-2.71741890907288,6.12466716766357,-11.5140151977539,-0.97683429718018,4.39814853668213,-14.722544670105,-23.7391090393066,-16.0680866241455,-5.17021083831787,-4.12929630279541,-1.25517535209656,8.04020881652832,6.33406162261963,2.02074217796326,-0.45532369613647,-0.2158645093441,0.30520355701447,-2.97359848022461,-4.75009632110596,0.01197100803256,-2.52109432220459,-3.38540124893188,-0.80684596300125,-8.98094940185547,-6.08635997772217,-5.05445909500122,1.30190658569336,2.22186970710754,1.69408202171326,-1.1612548828125,-2.03540301322937,-0.94867372512817,-0.51213413476944,-1.12116682529449,-0.90675312280655,-0.24181437492371,-3.39737224578857,-5.10234308242798,-0.42377370595932,-1.1947066783905,-1.57299053668976,-6.59871912002563,-8.22677612304688,-10.0272159576416,0.61223971843719,-0.19776763021946,-0.4622722864151,0.58032196760178,1.26265847682953,0.98349303007126,-0.311159491539,0.01565342210233,-0.00817032251507,-4.67827033996582,-3.4811692237854,-2.77966809272766,-1.08936178684235,-0.59855043888092,-0.85951840877533,-11.0351753234863,-11.1429138183594,-10.4557781219482,0.1699732542038,0.36300668120384,0.25366178154945,-0.17837265133858,-0.22846360504627,-0.03787364438176,-0.13400855660439,-0.14133894443512,-0.11323914676905,-2.76530289649963,-2.99993467330933,-3.42849683761597,-1.82438170909882,-1.52989482879639,-1.2258312702179,-9.15093803405762,-9.75427722930908,-10.2331171035767,SPIN
0.45524731278419,0.40637809038162,0.28420504927635,-0.86742866039276,-1.06290555000305,-1.23516952991486,-0.15355625748634,0.15493069589138,0.30642527341843,3.75889658927917,4.18267059326172,4.76206731796265,1.07978498935699,1.82438170909882,2.03746557235718,8.96658420562744,8.4207067489624,8.75110626220703,0.18402315676212,0.19501872360706,0.19868391752243,-1.08184230327606,-1.0812314748764,-1.1979067325592,0.7138723731041,0.92339915037155,1.00953114032745,5.4854154586792,5.93313121795654,6.04565858840942,1.9943699836731,2.22421336174011,2.33674097061157,8.92827701568604,8.48774433135986,7.75751256942749,0.17974710464478,0.13332134485245,-0.06337726861238,-1.66949474811554,-2.44162845611572,-2.60595107078552,1.07733726501465,0.88308209180832,0.87208652496338,6.79025506973267,7.01531028747559,6.58674812316895,2.44208574295044,1.15161097049713,1.08457338809967,7.47260284423828,6.60350751876831,6.42394256591797,-0.00473420554772,0.26343563199043,2.95857310295105,-3.39152383804321,-6.13064336776733,-19.8470115661621,0.96005111932755,0.53794318437576,-2.02402567863464,7.22599983215332,9.24191761016846,12.0479221343994,0.66558808088303,1.04626619815826,0.105344876647,3.62960982322693,-0.75656771659851,-0.5434837937355,6.67752075195313,10.3158340454102,11.1844844818115,-20.0211086273193,-20.0211086273193,-20.0204982757568,-2.60251498222351,-3.14496326446533,-2.63550162315369,12.10777759552,3.90494298934936,-10.0176391601563,1.2641384601593,-0.86191260814667,-6.27550172805786,2.86346530914307,2.39180755615234,-5.60991382598877,6.20287847518921,-4.18793916702271,-4.23680877685547,-10.4598455429077,4.82094860076904,4.50390958786011,0.08529205620289,1.35100483894348,0.567875623703,-12.8978633880615,-0.04070143029094,-3.84987640380859,-6.48858594894409,-1.40300214290619,-4.53701210021973,-18.2827224731445,-11.5475339889526,-7.28824901580811,-2.1390974521637,0.05329799279571,0.91706144809723,1.34634697437286,-1.57175624370575,-2.2412645816803,0.97104668617249,0.83787804841995,0.13355042040348,-2.03028297424316,1.04626619815826,-0.02633621916175,-3.77086758613586,-1.16597628593445,-0.12210428714752,-5.97622680664063,-6.79983186721802,-8.44704246520996,0.38683041930199,-0.54962599277496,-1.17637372016907,-1.00853848457336,0.88636547327042,1.81243717670441,-0.11262828111649,0.29787316918373,0.48968484997749,-2.91134929656982,-3.16513466835022,-1.85311210155487,-0.13407529890537,0.05985504388809,0.50517654418945,-9.33529186248779,-9.87638092041016,-9.96496677398682,-1.24540150165558,-0.28389963507652,0.06429356336594,1.60840821266174,-0.25717425346375,-0.46425759792328,0.34918585419655,-0.08330674469471,-0.1639409661293,-1.49637603759766,-1.58256733417511,-1.58256733417511,0.23463176190853,-0.50278234481812,-0.33758243918419,-9.82131481170654,-8.67449188232422,-9.0767183303833,-0.01084285788238,-0.27595838904381,-0.49098294973373,-0.06780604273081,0.4844161272049,0.81550508737564,-0.19326248764992,-0.18043431639671,-0.19509509205818,-1.58256733417511,-1.60411512851715,-1.63045132160187,-0.33758243918419,0.14844051003456,0.06224924325943,-9.0767183303833,-9.45739555358887,-9.26585960388184,SPIN
0.14370605349541,0.12476922571659,0.118049710989,-0.05681046843529,-0.07880161702633,-0.09285151958466,0.13355042040348,0.14454598724842,0.1347721517086,3.88339519500732,4.08211374282837,4.23055458068848,0.28969839215279,0.40462008118629,0.45729252696037,8.91870021820068,8.96658420562744,9.02404594421387,0.10888673365116,0.05879577994347,-0.01206458825618,-0.064751714468,-0.06841690838337,-0.11606439948082,0.12622003257275,0.13293954730034,0.13660474121571,4.25449657440186,4.41730213165283,4.77403831481934,0.57700258493423,0.76375031471252,1.0989385843277,8.86363410949707,8.82772064208984,8.88278770446777,-0.101861782372,-0.15012013912201,-0.22953261435032,-0.23823744058609,-0.38606682419777,-0.64324110746384,0.07063129544258,-0.04726569727063,-0.21830797195435,5.19571685791016,5.43034887313843,5.6242790222168,1.61608612537384,2.13083958625793,2.41574954986572,9.30895519256592,9.56274127960205,9.15812110900879,-0.39813143014908,-0.73044210672379,-0.70600748062134,-1.32374501228333,-3.26018786430359,-7.44522571563721,-0.56344681978226,-1.49868154525757,-2.89634108543396,6.30183792114258,7.15896224975586,7.45105504989624,3.00232887268066,2.95923328399658,0.61052143573761,7.64019680023193,5.78708457946777,7.00812768936157,0.96959584951401,5.29635429382324,11.5876560211182,-13.9845380783081,-20.0211086273193,-20.0211086273193,-4.06187200546265,-5.29459810256958,-7.38314628601074,10.9058876037598,15.189414024353,10.7358999252319,-1.75255560874939,-0.38546648621559,0.77572137117386,10.7119579315186,14.9883012771606,15.1822319030762,16.2729911804199,9.0959358215332,0.4381431043148,-20.0211086273193,-10.9186058044434,1.32985365390778,-4.84011459350586,1.03518748283386,2.32289147377014,-28.8414516448975,-13.3431854248047,5.44950246810913,-11.9018754959106,-11.3775453567505,2.26491475105286,-3.29442143440247,-22.4582099914551,-22.2092132568359,-4.12563133239746,-1.40728080272675,0.3642283976078,5.54604578018188,1.15270268917084,-0.99387776851654,0.05963572114706,0.26549729704857,-0.01794416643679,0.83078801631927,-2.51391172409058,-0.91697925329208,-1.41497325897217,-3.52905321121216,-1.7597382068634,-12.8954696655273,-4.3454761505127,-5.74159479141235,1.38620591163635,0.98242402076721,-0.02794708497822,-1.98592293262482,-0.9211847782135,0.58765238523483,-0.59948790073395,-0.45715627074242,0.01198823004961,-3.53384160995483,-5.03769969940186,-4.46518611907959,-1.76931500434875,-1.31920516490936,-0.4955997467041,-7.61625480651855,-9.47654914855957,-10.1205902099609,-0.6834055185318,-0.77014833688736,-0.49525898694992,1.06412720680237,0.62552601099014,-0.07086037099361,0.23373231291771,0.15493069589138,0.04741841554642,-3.49553442001343,-3.06697249412537,-2.97838687896729,-0.02873042039573,-0.54108959436417,-1.49398183822632,-9.5723180770874,-8.89954662322998,-8.21719932556152,-0.08231408894062,0.24877487123013,0.23533584177494,-0.5528330206871,-0.81245076656342,-0.94195419549942,0.00893390458077,-0.08575020730495,-0.2592359483242,-2.83712911605835,-2.70065951347351,-3.43807363510132,-1.87705409526825,-1.3718775510788,-1.16118776798248,-8.08791255950928,-9.42627143859863,-10.2714242935181,SPIN
-0.08536841720343,-0.18005253374577,-0.25824329257011,0.10995574295521,0.27061331272125,0.33597588539124,-0.01733330078423,0.08590292185545,0.19158260524273,1.34793555736542,1.30723416805267,1.08936178684235,2.02310037612915,2.2864625453949,2.48278713226318,9.63456726074219,9.71836376190186,9.55795288085938,-0.34071010351181,-0.5172501206398,-0.84650653600693,0.15027284622192,-0.21746802330017,-0.73181658983231,0.34490978717804,0.59292107820511,0.93439477682114,0.71107792854309,0.19871874153614,-0.01436521019787,2.69108271598816,2.65277552604675,2.25054955482483,9.10305404663086,8.48056125640869,7.87722301483154,-1.35535728931427,-2.86175084114075,-2.34740233421326,-1.28403878211975,-2.49599528312683,-3.50636649131775,1.27098155021667,1.06695246696472,0.91240358352661,0.71347212791443,2.02549457550049,5.0784010887146,1.90099620819092,2.22181916236877,0.0,8.30099678039551,11.7462530136108,8.64576148986816,-1.64368569850922,-0.03466660156846,3.18398237228394,-6.98952007293701,-14.4591798782349,-20.0211086273193,-0.21097758412361,-2.1590268611908,-4.41922807693481,8.80617332458496,16.21413230896,22.7814273834229,-0.78050976991653,-1.03908348083496,-1.57059633731842,5.27951383590698,5.92355442047119,8.29381370544434,8.20712757110596,12.3707847595215,13.9266586303711,-20.0211086273193,-20.0211086273193,-20.0211086273193,-6.29886054992676,-8.61831569671631,-8.24141216278076,25.3554935455322,10.5539407730103,-22.8460712432861,1.95845699310303,-3.84748220443726,-13.4150114059448,11.0998182296753,13.7525939941406,7.31937408447266,8.18513584136963,1.11620354652405,-3.89228057861328,-13.5092849731445,-0.13133603334427,4.17892932891846,0.0718530267477,5.55253601074219,3.1958179473877,-32.2268524169922,3.75889658927917,11.4110641479492,-14.9021100997925,-2.48039293289185,1.05105459690094,-12.8547677993774,-19.7312145233154,-11.3200845718384,-3.71329712867737,-0.8556694984436,0.80710572004318,3.2992832660675,0.1685988008976,-1.58030843734741,0.66378146409988,0.60330581665039,0.2691625058651,1.24737906455994,0.27054479718208,1.24977326393127,-0.90979665517807,-0.82839381694794,0.79966336488724,-3.73256039619446,-3.23456645011902,-5.91876602172852,0.70570206642151,-0.35048392415047,-1.00838577747345,-0.16615535318851,1.22845005989075,1.57175624370575,-0.52190798521042,0.20502164959908,0.70898544788361,-6.59153652191162,-6.46224975585938,-4.71178913116455,0.02873042039573,-0.30406361818314,-0.13646949827671,-9.81173801422119,-10.1588973999023,-9.54598140716553,-1.03465306758881,-0.62964934110641,-0.26557365059853,1.06412720680237,0.33047810196877,0.03604105114937,0.71081805229187,0.49762609601021,0.38705947995186,-3.53384160995483,-3.32075786590576,-3.76847338676453,0.09097966551781,-0.07661445438862,-0.31842881441116,-8.43746566772461,-7.69765758514404,-7.59949541091919,-0.09941831976175,-0.1036943718791,-0.2411390542984,0.18936823308468,0.65545839071274,1.0134254693985,0.4811327457428,0.65034240484238,0.70654201507568,-3.94325017929077,-3.36624765396118,-2.80839848518372,-0.22026655077934,0.06943184882402,0.46686932444572,-7.74793577194214,-8.52844619750977,-9.20361042022705,SPIN
-0.21548271179199,-0.26496279239655,-0.3150537610054,-0.13744467496872,-0.23945917189121,-0.28955012559891,-0.0558178126812,0.0413097627461,0.08284860104322,-1.48440504074097,-1.18034148216248,-0.88824880123138,1.44370365142822,1.44370365142822,1.51074123382568,9.15333271026611,9.22515869140625,9.46697235107422,-0.33887749910355,-0.3578143119812,-0.34376442432404,-0.23884831368923,-0.14477506279945,-0.02565634064376,0.07002042979002,0.05169447138906,0.06146831437945,-0.84275901317596,-0.9241618514061,-1.08217918872833,1.37427175045013,1.13485157489777,1.06302559375763,9.57710647583008,9.57950019836426,9.6920280456543,-0.32543846964836,-0.33887749910355,-0.4225660264492,0.12095131725073,0.16126842796803,-0.30298915505409,0.09567677229643,0.20257818698883,0.34979671239853,-1.56820213794708,-2.21942496299744,-2.93289709091187,1.06781399250031,1.23540806770325,1.27132105827332,9.53640460968018,9.03122806549072,7.61864900588989,-0.4922046661377,-0.06093380972743,2.44178104400635,-2.44101762771606,-8.27600193023682,-17.5434398651123,0.44509169459343,-0.07292203605175,-1.59886336326599,-1.95127439498901,3.84269380569458,14.5235271453857,1.58017313480377,1.83156430721283,3.39737224578857,4.08929634094238,5.88524723052979,9.84525680541992,6.60971450805664,10.7446613311768,14.0909814834595,-20.0211086273193,-20.0211086273193,-20.0211086273193,-4.12173700332642,-5.50473594665527,-4.83828163146973,19.5085544586182,12.5818290710449,-5.48780965805054,5.55963563919067,3.91930818557739,-3.18668246269226,9.888352394104,10.3671922683716,6.02650499343872,12.9004049301147,6.33482551574707,0.67210447788239,-20.0211086273193,-7.70178890228271,2.09282422065735,-1.34963035583496,2.84640288352966,2.214768409729,-21.2946281433105,1.06063139438629,13.5730285644531,-9.65611457824707,-0.05746084079146,4.46279191970825,-11.54274559021,-20.9546508789063,-18.6777667999268,-2.27287697792053,-1.01388359069824,1.26708722114563,4.56560707092285,-0.2858849465847,-3.82707071304321,-0.77847141027451,-1.14193618297577,-0.375911206007,3.13640427589417,-2.75333189964294,0.1268926858902,0.05027823522687,-2.10929179191589,-1.05584299564362,-14.4133939743042,-7.71202278137207,-6.14621496200562,1.88833713531494,0.82359904050827,-0.42745295166969,-3.24613785743713,-0.47830748558044,1.45752441883087,-0.64224845170975,-0.82917320728302,-0.48464521765709,-0.61530983448029,-3.30160403251648,-4.35026454925537,-0.44771572947502,-0.72544312477112,-0.92655605077744,-8.14058494567871,-10.2833957672119,-9.80455493927002,-0.66935557126999,-0.22525656223297,0.30680707097054,1.61757111549377,0.69760811328888,-0.32070425152779,-0.09613491594791,0.00832303892821,-0.01733330078423,-3.56496644020081,-2.56897830963135,-2.40377855300903,-0.78290396928787,-0.76375031471252,-0.85473001003265,-8.79420185089111,-8.65054988861084,-9.00010299682617,0.4680754840374,0.26404649019241,0.01175915636122,-0.66156703233719,-0.3249803185463,0.26816985011101,0.03886630013585,0.05474879592657,0.07796167582273,-1.86987149715424,-1.76692080497742,-1.45806884765625,-0.5434837937355,-0.6703764796257,-0.83797061443329,-9.39754104614258,-9.28740787506104,-9.21797561645508,SPIN
0.03436116874218,0.1101084575057,0.14737124741077,-0.20708331465721,-0.19547687470913,-0.19669860601425,0.03703370690346,0.03520110994577,-0.00145080499351,-0.33518823981285,-0.11013327538967,-0.03112462162971,0.04309562966228,0.16519992053509,0.24181437492371,10.6736507415771,10.5108451843262,10.149320602417,0.18219055235386,0.18952094018459,0.19074267148972,-0.29199358820915,-0.40744712948799,-0.53817230463028,-0.06192646548152,-0.172493070364,-0.27023151516914,0.105344876647,0.03351882472634,-0.16759411990643,0.35434186458588,0.36152446269989,0.1723825186491,10.0176391601563,9.90032291412354,9.8668041229248,0.16814066469669,0.12171489745378,0.07406741380692,-0.54183745384216,-0.42455133795738,-0.35185837745667,-0.30749428272247,-0.26717719435692,-0.14439326524734,-0.48123455047607,-0.93613284826279,-1.66636443138123,0.02873042039573,-0.03351882472634,-0.00957680679858,9.91708278656006,9.80216121673584,9.42148303985596,0.10094548016787,0.3911064863205,1.515709400177,-0.96150189638138,-3.63281559944153,-10.2973556518555,-0.00389426597394,-0.09552405029535,-0.57138806581497,-2.14520478248596,-1.75494980812073,2.70544791221619,0.28730419278145,0.4525041282177,1.16118776798248,7.90834760665894,5.30345582962036,3.49553442001343,4.7783408164978,10.9047079086304,16.9412784576416,-19.9502487182617,-20.0211086273193,-20.0211086273193,-1.69721269607544,-3.6281578540802,-6.09971857070923,11.2578353881836,17.7224788665771,-2.27927994728088,1.5945383310318,5.52372264862061,-6.25634813308716,6.81659173965454,13.4724721908569,16.7384624481201,18.825798034668,12.0427503585815,3.51507139205933,-20.0211086273193,-13.5074520111084,-2.25531458854675,-3.68191385269165,2.67841506004334,3.4902548789978,-38.9692230224609,-14.1548194885254,12.8523740768433,-15.5509386062622,-6.89320611953735,6.41197156906128,-1.73340201377869,-33.3233985900879,-28.9827098846436,-3.05844950675964,-2.62656784057617,0.74785178899765,3.55645751953125,1.68537724018097,-2.75011539459229,-0.19570595026016,-1.1645382642746,-0.18104518949986,2.93289709091187,-4.60165548324585,0.36152446269989,-0.56263738870621,-5.41358947753906,-3.78283858299255,-12.7757596969604,-5.15980386734009,-6.05762958526611,2.57433891296387,1.80953562259674,-0.00045814894838,-4.45870542526245,-1.82526540756226,1.50883710384369,-0.69050681591034,-0.85360783338547,-0.37285688519478,-1.53947174549103,-4.64475107192993,-5.10952568054199,-2.47081613540649,-2.44447994232178,-1.98718738555908,-8.07594203948975,-10.5970363616943,-11.458948135376,-0.99433588981628,-0.82879143953323,-0.10125091671944,2.34877681732178,1.04519045352936,-0.29016098380089,0.02298380434513,0.14454598724842,0.12683089077473,-4.29040956497192,-3.09091448783875,-2.01591777801514,-1.97282218933105,-2.27449154853821,-2.41814374923706,-10.5395755767822,-8.52126312255859,-7.7263879776001,0.30436360836029,0.19746218621731,-0.15622878074646,-0.49418997764587,0.12095131725073,0.64629542827606,0.02664899639785,0.00404698215425,0.02298380434513,-1.83156430721283,-2.29843354225159,-2.4396915435791,-2.3247697353363,-1.76692080497742,-1.64002811908722,-8.19565200805664,-9.20839881896973,-9.69921016693115,SPIN
-0.26557365059853,-0.32543846964836,-0.24480424821377,0.00855211354792,-0.19975294172764,-0.37812557816505,-0.18715384602547,0.00099265598692,0.00038179077092,-1.98000478744507,-1.31202256679535,-1.03190088272095,1.87944829463959,1.87226569652557,1.87226569652557,9.76864242553711,10.0248222351074,10.1876277923584,-0.19043724238873,-0.15317445993423,-0.14767667651176,-0.41661009192467,-0.33047810196877,-0.26083946228027,0.00343611696735,0.00343611696735,0.04986187443137,-0.96486330032349,-1.14682257175446,-1.40060794353485,1.81480491161346,1.72382521629334,1.62326872348785,10.25705909729,9.97933197021484,9.34726238250732,-0.15806138515472,-0.12018773704767,-0.07437284290791,-0.40378192067146,-0.87292641401291,-1.66827297210693,0.13782647252083,0.24778221547604,0.27160596847534,-1.58017313480377,-1.32638776302338,-1.18273568153381,1.52989482879639,1.67354702949524,1.80283391475677,8.68885707855225,7.89877080917358,6.8141975402832,-0.06643159687519,0.06001751124859,1.30312824249268,-3.08914566040039,-6.3358941078186,-13.9338359832764,0.15920674800873,-0.25984680652618,-1.26410925388336,-0.78050976991653,1.08457338809967,9.89074611663818,2.03746557235718,2.48757553100586,-1.57059633731842,4.97066211700439,2.52109432220459,-2.69826531410217,4.03064155578613,10.6450901031494,17.083610534668,-20.0211086273193,-20.0211086273193,-20.0211086273193,-2.92505192756653,-4.4357213973999,-6.31352138519287,14.4086055755615,12.6081657409668,-1.65678763389587,4.16112232208252,6.47182655334473,-4.07014274597168,11.2482585906982,15.9340105056763,13.6472492218018,18.7567691802979,12.3707847595215,2.34098839759827,-20.0211086273193,-9.28087520599365,5.27970838546753,-5.9903736114502,1.54648172855377,4.2849907875061,-37.9325332641602,-19.9754238128662,13.0894002914429,-23.552360534668,-9.63935565948486,4.54419469833374,0.26575639843941,-24.7617321014404,-36.8455657958984,-4.52513694763184,-5.07491588592529,-1.99859833717346,6.90155553817749,3.68779349327087,0.20280726253986,0.19341520965099,-0.71799576282501,0.53183454275131,6.79743766784668,-3.29442143440247,-0.28012159466743,-2.81079268455505,-7.11347246170044,-1.87705409526825,-25.4153480529785,-11.1548852920532,-4.10605573654175,0.83215117454529,1.54258751869202,0.93416565656662,-1.76662230491638,-1.85947382450104,-0.67928212881088,0.17203491926193,-0.83772534132004,-0.72532612085342,3.28005623817444,-1.02471828460693,-4.53701210021973,-0.51235914230347,-0.85712420940399,-1.4867992401123,-6.18691635131836,-8.75110626220703,-10.4509897232056,-0.11041389405727,-0.90270608663559,-1.10062646865845,0.72509706020355,1.50761544704437,1.41415309906006,-0.0008399396902,0.53611063957214,0.7267005443573,-4.8602294921875,-3.62003302574158,-2.0135235786438,-1.50595283508301,-0.76135611534119,-0.62728083133698,-10.6784391403198,-10.2403001785278,-9.81413173675537,-0.81107634305954,-0.27534750103951,0.22372940182686,0.45020768046379,-0.54428094625473,-0.89003068208694,0.72364622354507,0.40843978524208,0.04192062839866,0.09576806426048,0.78769236803055,0.06224924325943,-0.57221418619156,-0.75896191596985,-0.66798228025436,-9.3927526473999,-8.59787750244141,-8.5619649887085,SPIN
-0.10552696883678,-0.11346822232008,-0.18677204847336,-0.41905355453491,-0.53267449140549,-0.65545839071274,-0.00511599658057,0.01748601719737,-0.00694859214127,-0.14125789701939,0.14365209639072,0.43335050344467,1.08457338809967,1.33357036113739,1.55623114109039,9.63456726074219,9.53879928588867,9.44542503356934,-0.26618453860283,-0.39874228835106,-0.5050328373909,-0.91080009937286,-1.50700461864471,-2.42024803161621,-0.0607047341764,-0.19753855466843,-0.35941782593727,0.72304892539978,0.93134444952011,0.93134444952011,1.71185421943665,1.92014980316162,1.92014980316162,9.03122806549072,8.64336776733398,8.64336776733398,-0.55023688077927,-0.67912942171097,-0.6956228017807,-2.80509328842163,-3.06532168388367,-3.66946744918823,-0.42966735363007,-0.45715627074242,-0.45104762911797,1.84592950344086,2.1475989818573,2.93289709091187,1.14203417301178,0.70389527082443,0.39025488495827,9.39754104614258,9.18685150146484,8.32972717285156,-0.52152621746063,0.93477654457092,3.48758244514465,-5.27787590026855,-12.5123529434204,-18.780517578125,-0.65324401855469,-2.71124911308289,-4.74176502227783,5.11191987991333,13.35276222229,17.4088382720947,0.73741412162781,1.5442601442337,2.74614930152893,7.42711305618286,9.72554683685303,13.4269828796387,7.0904655456543,10.4997043609619,13.8264770507813,-20.0211086273193,-20.0211086273193,-20.0211086273193,-7.24448013305664,-9.219407081604,-10.6286735534668,15.6921968460083,10.5683059692383,-11.8252611160278,3.15555787086487,-1.96803379058838,-11.4038820266724,17.0042190551758,21.3592720031738,19.7192440032959,15.5778274536133,10.3671464920044,2.9756772518158,-19.8390712738037,-7.96690464019775,3.57722687721252,-7.48516082763672,-1.81388795375824,1.00525510311127,-30.5102100372314,-19.939510345459,-2.64559292793274,-18.1175231933594,-13.9153995513916,-1.23540806770325,8.31775569915771,-14.9811182022095,-27.3235282897949,-2.59113764762878,-3.15007925033569,-0.71944653987885,5.61690616607666,3.3457088470459,0.29993483424187,0.1561524271965,-0.15355625748634,0.69432473182678,-1.35990655422211,-6.32099199295044,-1.47722244262695,-2.20266556739807,-3.77086758613586,-3.13401007652283,-20.5236949920654,-9.79258441925049,-8.06636524200439,1.07466471195221,1.12353384494781,0.18829920887947,-1.59802353382111,-1.25166285037994,0.49480083584785,0.10239628702402,-0.50785809755325,-0.19509509205818,0.41659110784531,-3.73016619682312,-4.68545293807983,-2.01112937927246,-2.63601613044739,-1.99915838241577,-9.2323408126831,-9.7303352355957,-10.2929725646973,-1.12139582633972,-1.00655317306519,-0.55756723880768,1.5534303188324,0.81061816215515,0.13561208546162,0.09812022745609,0.13293954730034,0.19402606785297,-3.87142419815064,-3.7038300037384,-2.35828876495361,-1.52989482879639,-2.05183076858521,-2.00155258178711,-9.4717607498169,-8.41352367401123,-7.28824901580811,0.04963280260563,0.23961189389229,0.07345654815435,-0.21685716509819,0.09834930300713,0.71532320976257,0.05535966157913,-0.13461942970753,-0.17676913738251,-1.98958158493042,-2.77248549461365,-3.26090264320374,-2.10929179191589,-1.86987149715424,-2.00634098052979,-7.65216779708862,-8.2626895904541,-9.36402225494385,SPIN
-0.12690725922585,-0.13484850525856,-0.10430523753166,-0.2852740585804,-0.20341812074184,-0.10751228034496,-0.14928019046783,-0.13278682529926,-0.09430231899023,1.19949507713318,1.22104287147522,1.18512988090515,-0.18435353040695,-0.2777273952961,-0.27533319592476,9.94102478027344,10.0750999450684,9.98412036895752,-0.06276640295982,-0.03711006417871,-0.00901026278734,-0.05314527451992,0.02138028293848,0.13011430203915,-0.03993531689048,-0.00694859214127,0.05047274008393,1.30723416805267,1.27132105827332,1.38624274730682,-0.12449848651886,-0.09576806426048,-0.10773907601833,10.0080623626709,10.1253786087036,10.228328704834,0.00137444678694,-0.02061670273542,0.08628471940756,0.27183502912521,0.36163222789764,-0.16432274878025,0.10056369006634,0.08895725011826,0.02176207490265,1.52989482879639,1.3407529592514,1.18512988090515,-0.02394201606512,-0.1508347094059,-0.31842881441116,10.1684741973877,9.87877559661865,8.8947582244873,0.49495357275009,1.39536893367767,2.90848207473755,-2.30784893035889,-6.93087720870972,-14.6137294769287,-0.28855746984482,-1.10406255722046,-2.8847348690033,1.71185421943665,5.51893424987793,12.6967506408691,0.01436521019787,1.34554135799408,3.88100099563599,7.63301420211792,6.43591356277466,5.0281229019165,5.97013854980469,10.9554100036621,16.8869113922119,-20.0211086273193,-20.0211086273193,-20.0211086273193,-5.25611352920532,-6.68553829193115,-6.78816366195679,17.2412452697754,14.2170686721802,-24.8120098114014,4.70939493179321,3.4117374420166,-12.158055305481,13.4509248733521,15.6562833786011,7.83173322677612,11.9175224304199,2.60182785987854,-5.22824287414551,-15.1622858047485,2.40375471115112,9.59669303894043,-1.37589764595032,2.76699042320251,1.34245276451111,-25.6906814575195,-0.28012159466743,4.69263553619385,-12.9481420516968,0.68474167585373,0.28490999341011,-15.953164100647,-26.4233074188232,-22.1373882293701,-4.26307582855225,-0.25335636734962,1.80587041378021,3.53263378143311,-0.78801614046097,-2.55647110939026,1.16774523258209,0.99670302867889,-0.25190556049347,-2.84431171417236,4.57771348953247,2.59292054176331,-1.37427175045013,1.40539634227753,0.68713587522507,-2.63841032981873,-2.12365698814392,-4.36223554611206,2.85045003890991,2.30067133903503,1.11498177051544,-2.7269024848938,-1.36589467525482,0.32925635576248,-1.28976559638977,-0.98555469512939,-0.26962065696716,-3.4620156288147,-5.93552541732788,-4.89135408401489,-0.98162269592285,-1.13006317615509,-0.22744916379452,-7.62104320526123,-10.0679178237915,-12.1604499816895,-0.06887505948544,-0.73532903194427,-0.69440108537674,1.1301007270813,0.97738438844681,0.32253685593605,0.07918340712786,0.17631098628044,0.19952386617661,-3.72298359870911,-2.75333189964294,-1.73579621315002,-0.13407529890537,-0.79008656740189,-0.95049810409546,-12.6177425384521,-11.5451402664185,-9.92905330657959,-0.21365012228489,0.23350323736668,0.3819434940815,-0.27916541695595,-0.48136180639267,-0.4758640229702,0.05963572114706,-0.17982345819473,-0.22258402407169,-1.21146607398987,-2.2170307636261,-3.16034626960754,-0.94092124700546,-0.78529816865921,-0.70868372917175,-9.01925754547119,-9.38317584991455,-10.1086187362671,SPIN
-0.47876563668251,-0.57283890247345,-0.54412823915482,-0.1148426681757,-0.17837265133858,-0.1795943826437,0.06818783283234,0.1109483987093,0.06940956413746,1.68791222572327,2.12126278877258,2.44208574295044,0.63206923007965,0.74459671974182,0.77332717180252,9.24670600891113,9.81173801422119,10.5826711654663,-0.40546181797981,-0.30039298534393,-0.23075434565544,-0.11545353382826,-0.01282817032188,0.05619960278273,-0.00633772695437,-0.02344195358455,0.01931861415505,2.25054955482483,1.92014980316162,1.58017313480377,0.58897364139557,0.4716577231884,0.35194763541222,10.7358999252319,10.6497087478638,10.4725370407104,-0.14889840781689,-0.01878410577774,0.19562959671021,-0.09896016865969,-0.53450709581375,-1.65727746486664,0.10056369006634,0.16042847931385,0.11583532392979,1.43652105331421,1.4676456451416,1.75255560874939,0.37349545955658,0.5147533416748,0.61052143573761,10.2714242935181,9.8500452041626,9.67766284942627,0.65377855300903,1.43263173103333,2.82296109199524,-3.83256864547729,-8.45865058898926,-17.4994564056396,-0.15844316780567,-1.22867906093597,-3.53652787208557,3.50511121749878,8.81814384460449,14.0159559249878,0.7493851184845,2.97359848022461,3.81156921386719,8.63139629364014,4.56813669204712,4.26886177062988,5.3904275894165,10.7752046585083,15.7696390151978,-20.0211086273193,-20.0211086273193,-20.0211086273193,-5.00199365615845,-6.46379423141479,-7.46805667877197,18.1821670532227,13.0965824127197,-9.68245124816894,3.73016619682312,2.47081613540649,-9.65611457824707,14.0758113861084,19.4941883087158,16.3051128387451,16.2784900665283,9.23521327972412,0.04108068719506,-20.0211086273193,-9.89601707458496,3.62487435340881,-4.71977376937866,2.51103806495667,3.24041104316711,-38.2389907836914,-7.67850399017334,13.7190752029419,-14.1596078872681,-5.50696325302124,4.42927312850952,-5.8421516418457,-22.3241348266602,-23.305757522583,-4.95762968063354,-4.31622123718262,-0.97967511415482,7.58938980102539,5.21006965637207,0.20952677726746,-0.47426050901413,-0.09918924421072,1.09383058547974,-1.41018486022949,-6.60829591751099,2.64559292793274,-2.80361008644104,-3.78762698173523,0.35913026332855,-12.7111158370972,-6.40239477157593,-5.21247625350952,1.62138903141022,2.14917659759521,1.13330769538879,-2.84479951858521,-2.35671806335449,-0.03481931984425,-0.15050192177296,-1.00571322441101,-0.47914743423462,2.26970314979553,-3.98395156860352,-5.2364182472229,0.22984336316586,-1.42455005645752,-1.30244576931,-6.34253978729248,-8.60266590118408,-10.5252103805542,-0.03894266113639,-0.65713828802109,-0.61559945344925,1.73668992519379,1.93644285202026,1.02808618545532,0.03336851298809,0.02298380434513,0.02298380434513,-3.54820680618286,-2.782062292099,-2.66714072227478,-0.23942017555237,-0.38546648621559,-1.15161097049713,-11.4254293441772,-11.2650184631348,-10.7694187164307,-0.21609358489513,0.15409076213837,0.27137687802315,-0.1148426681757,-0.62919121980667,-0.31031954288483,0.11339186131954,0.00710130855441,-0.0784198269248,-1.5442601442337,-1.46285724639893,-2.28885674476624,-1.23301386833191,-1.22343707084656,-1.26174426078796,-9.84525680541992,-9.0767183303833,-9.21797561645508,SPIN
-0.18249599635601,-0.11835514008999,-0.08720101416111,-0.13194689154625,-0.19181168079376,-0.24678955972195,0.01504255644977,0.04558581858873,0.07796167582273,0.77572137117386,0.83078801631927,0.90261405706406,0.06224924325943,0.12449848651886,0.24899697303772,10.1684741973877,10.1397438049316,10.0870714187622,-0.09086620807648,-0.06215553730726,0.0105374250561,-0.28405234217644,-0.31276300549507,-0.39034289121628,0.1109483987093,0.12622003257275,0.1433242559433,1.0414776802063,1.20188927650452,1.19949507713318,0.3256114423275,0.44532153010368,0.42616790533066,10.2690305709839,10.5060567855835,10.6928043365479,0.11499538272619,0.2328923791647,0.51694470643997,-0.50579643249512,-0.87475901842117,-2.08671569824219,0.19341520965099,0.20746511220932,0.01809688284993,1.18991827964783,1.37427175045013,1.45806884765625,0.31124621629715,0.33758243918419,0.0454898327589,10.6353435516357,9.90989971160889,9.95299530029297,1.26525461673737,2.65680575370789,5.33972597122192,-4.52834415435791,-9.77262210845947,-19.2434768676758,-0.36002871394157,-1.26777446269989,-3.00202083587646,2.04225397109985,5.18853425979614,10.0966482162476,-0.3447650372982,0.77332717180252,2.88980150222778,9.17009162902832,6.34972238540649,7.24275922775268,10.0116233825684,15.2571229934692,17.9632568359375,-20.0211086273193,-20.0211086273193,-20.0211086273193,-4.84377956390381,-5.73319959640503,-4.7460412979126,10.872368812561,-0.41180267930031,-28.8103275299072,4.11084413528442,-3.84748220443726,-15.87415599823,13.841178894043,14.2074918746948,8.70561695098877,15.6560182571411,9.57729816436768,0.70814555883408,-16.6980781555176,-5.54176950454712,2.62244439125061,0.83238023519516,4.34852075576782,2.83785080909729,-31.9587020874023,1.43412685394287,14.023138999939,-17.4710884094238,-3.25372004508972,2.56418991088867,-14.0853881835938,-31.3960647583008,-28.4775333404541,-4.28628873825073,-4.80185890197754,-2.68460011482239,4.51918125152588,4.51001787185669,1.97981429100037,-0.85238611698151,-0.42111521959305,0.95699673891068,-1.18273568153381,-4.60644388198853,1.65199911594391,-2.86825370788574,-5.57160663604736,-1.67833542823792,-15.3570079803467,-8.23874759674072,-5.74398899078369,-0.10613783448935,1.41797089576721,1.50532472133636,-0.91996306180954,-1.96881866455078,-1.44225287437439,0.39316815137863,-0.57138806581497,-0.60987257957458,3.71340680122375,-1.00556468963623,-4.12281513214111,-0.62009823322296,-1.03429508209229,-1.37906014919281,-5.74638319015503,-7.51330423355103,-9.91947650909424,0.66538494825363,-0.2087631970644,-0.62415158748627,-0.29321530461311,0.62308257818222,0.78312921524048,-0.20547980070114,0.2386192381382,0.44753515720367,-4.90601873397827,-3.92888498306274,-2.37265396118164,-1.4293384552002,-1.21146607398987,-1.35272395610809,-10.7550535202026,-10.5443639755249,-10.0415811538696,-0.53007829189301,-0.16722436249256,0.12354749441147,0.36224308609962,-0.11301007121801,-0.31215214729309,0.4505894780159,0.32841643691063,0.16165021061897,-1.26174426078796,-0.65840548276901,-0.9433154463768,-1.36230075359344,-1.29286897182465,-1.30005156993866,-9.26825428009033,-9.0360164642334,-8.91870021820068,SPIN
-0.24785856902599,-0.24908030033112,-0.26740625500679,-0.020158553496,-0.08307767659426,-0.14966198801994,-0.11751519888639,-0.09491318464279,-0.06131559982896,-0.05506663769484,-0.12928688526154,-0.12449848651886,1.84832370281219,1.81001651287079,1.77410340309143,9.45021343231201,9.43105983734131,9.54119300842285,-0.2631302177906,-0.26435193419456,-0.28695395588875,-0.21685716509819,-0.27855455875397,-0.34269541501999,-0.03016147203743,-0.01733330078423,-0.01550070568919,-0.02394201606512,0.14125789701939,0.29927521944046,1.82438170909882,1.95606279373169,2.17632937431335,9.65850925445557,9.79258441925049,9.80694961547852,-0.31810808181763,-0.25396722555161,0.02214386500418,-1.18507862091064,-2.20766711235046,-3.75132346153259,-0.13217596709728,-0.29772046208382,-0.47487136721611,0.73501992225647,0.81881695985794,1.21386027336121,2.57616114616394,2.3247697353363,1.88423669338226,9.77343082427978,10.1517143249512,10.3384618759155,0.60857450962067,1.59023499488831,3.90969038009644,-6.21127796173096,-10.5258188247681,-18.1371994018555,-0.7528150677681,-1.32153058052063,-2.29769325256348,2.41096115112305,4.57531929016113,9.0767183303833,1.45088624954224,0.9433154463768,1.0486603975296,9.84286212921143,8.58830070495605,12.3136787414551,7.29021835327148,12.8478708267212,18.0866508483887,-20.0211086273193,-20.0211086273193,-20.0211086273193,-3.28668403625488,-4.84072542190552,-6.4992241859436,10.5778827667236,6.01453399658203,-19.1925201416016,2.05183076858521,-1.86508309841156,-15.0433673858643,16.3314476013184,18.1678009033203,17.4088382720947,18.0597724914551,11.0671987533569,2.49370455741882,-20.0058364868164,-6.79587602615356,1.78128302097321,-4.35386562347412,2.36076498031616,3.78285932540894,-42.2373085021973,-14.0805997848511,6.78067827224731,-19.4391212463379,-8.10946083068848,2.57616114616394,-1.92972660064697,-26.3850002288818,-30.7328701019287,-2.81288170814514,-3.60822820663452,-1.64551830291748,2.1013765335083,2.03479218482971,1.16247653961182,0.70409858226776,0.21968241035938,0.98631829023361,1.41018486022949,-2.70065951347351,2.17872357368469,-2.16914677619934,-6.43351936340332,-2.97838687896729,-17.6075572967529,-7.17811584472656,-6.70885229110718,0.52122074365616,1.61161518096924,1.26464378833771,-0.86070913076401,-1.6334536075592,-0.87659162282944,0.34002286195755,-0.45715627074242,-0.51641023159027,3.00232887268066,-1.13485157489777,-3.76368498802185,-1.27371525764465,-1.13245737552643,-1.06302559375763,-7.61146640777588,-9.60344219207764,-11.4374008178711,0.11499538272619,-0.90331697463989,-1.29243814945221,0.47525316476822,1.35795342922211,1.29564523696899,-0.21281017363071,0.08284860104322,0.23067799210548,-4.41011953353882,-3.55778384208679,-3.00232887268066,-1.17315888404846,-1.46046304702759,-1.75734400749207,-11.8228673934937,-11.1141834259033,-9.85962200164795,-1.00044453144073,-0.41951170563698,0.0074830991216,0.64629542827606,0.02321287989616,-0.14660765230656,0.30153834819794,0.1738675236702,-0.00633772695437,-2.01112937927246,-1.50595283508301,-1.73340201377869,-1.5179238319397,-1.29526317119598,-1.15879356861115,-8.49492645263672,-7.95623159408569,-7.93228960037232,SPIN
0.04413501545787,0.07651086896658,0.0581849142909,0.5711590051651,0.43737950921059,0.55710911750793,0.27710375189781,0.20135645568371,0.17264579236507,3.17471146583557,2.99993467330933,2.87783050537109,0.93134444952011,0.96486330032349,0.97922849655151,9.30416679382324,9.33768558502197,9.22755241394043,-0.02977968007326,-0.1372919678688,-0.25641068816185,0.80573123693466,1.03969264030457,1.10872042179108,0.1757001131773,0.18913915753365,0.19219347834587,2.77727389335632,2.70784211158752,2.68868851661682,1.08696758747101,1.14442837238312,1.30483996868134,9.12220764160156,8.94982528686523,8.90194129943848,-0.28634309768677,-0.25274550914764,-0.15806138515472,0.76052725315094,0.13255776464939,-1.1856894493103,0.14515686035156,0.05535966157913,-0.26106852293015,2.58813214302063,2.80361008644104,3.85466480255127,1.56580793857574,1.76931500434875,1.85071790218353,9.33050346374512,9.40711784362793,8.99770927429199,0.34895676374435,1.85168528556824,5.6072850227356,-4.47092294692993,-11.0890369415283,-19.9368095397949,-1.2134073972702,-3.10647892951965,-5.08384943008423,6.85968732833862,9.5723180770874,13.968071937561,2.08774399757385,2.36307716369629,1.55383694171906,9.0575647354126,10.8364562988281,17.4686946868896,11.0415420532227,15.632194519043,17.8960609436035,-20.0211086273193,-20.0211086273193,-20.0211086273193,-7.33794260025024,-8.82417774200439,-7.66597700119019,13.0032091140747,0.63446342945099,-26.0713596343994,1.944091796875,-6.87165832519531,-14.8614082336426,22.2211837768555,18.2803287506104,16.2356796264648,16.3304138183594,9.1845121383667,0.86513787508011,-19.7822608947754,-5.68471193313599,4.85393524169922,-3.29767966270447,2.63931965827942,1.97836351394653,-35.2079315185547,-2.19548296928406,11.571475982666,-16.8797206878662,-3.68707060813904,1.4676456451416,-6.51013374328613,-22.6210155487061,-27.1822700500488,-3.98879742622375,-4.21542835235596,0.41859540343285,6.24487543106079,4.21863555908203,-1.17408299446106,-1.15171003341675,-0.65690922737122,0.39683333039284,-2.90416669845581,-6.53168153762817,1.48440504074097,-1.98718738555908,-3.75889658927917,-0.87148940563202,-16.5469264984131,-9.08390045166016,-5.45668506622314,1.64948892593384,1.62994122505188,0.88712906837463,-1.58153009414673,-0.78801614046097,0.16310101747513,-0.29710957407951,-0.23052527010441,0.02420553565025,-2.13323378562927,-3.77086758613586,-3.59369683265686,-1.33835875988007,-1.04387199878693,-0.50757074356079,-7.29782629013062,-9.89074611663818,-11.3392381668091,0.05207626149058,-0.45921793580055,-0.52213704586029,0.69638639688492,0.74159038066864,0.47769662737846,0.1952477991581,0.34490978717804,0.40538543462753,-3.18189406394959,-2.31758713722229,-1.51313543319702,-0.56503158807755,-1.00795888900757,-0.9528923034668,-11.4565544128418,-10.5946416854858,-9.45260715484619,-0.29000827670097,0.14676037430763,0.24205535650253,0.1795943826437,0.20586158335209,0.14660765230656,0.32352951169014,0.07429648190737,0.09078984707594,-1.01753568649292,-1.92733240127563,-1.77170920372009,-0.75177931785583,-0.82839381694794,-0.62967503070831,-8.76786613464355,-9.31374359130859,-10.2115697860718,SPIN
-0.02794708497822,0.0074830991216,0.04841107130051,0.01893682219088,0.02382374368608,-0.00794124789536,-0.06620252132416,-0.07414376735687,-0.07414376735687,0.0526724383235,0.07422025501728,0.16280572116375,0.78529816865921,0.7781155705452,0.84994161128998,10.0248222351074,9.89314079284668,9.66569137573242,0.06979135423899,0.05146539583802,0.0679587572813,-0.02321287989616,0.03420845419168,0.00916297826916,-0.09185886383057,-0.10835222154856,-0.11629346758127,0.23463176190853,0.16519992053509,0.10773907601833,0.90021985769272,0.92176765203476,0.97444009780884,9.56274127960205,9.64414405822754,9.74470043182373,0.118049710989,0.15958854556084,0.22250767052174,-0.12034045159817,-0.43371433019638,-1.27426493167877,-0.10651962459087,-0.05215261876583,-0.01061378326267,-0.05746084079146,-0.04788403213024,0.52193599939346,1.16118776798248,1.45328044891357,1.90817880630493,9.79258441925049,9.58907699584961,9.68005657196045,0.56642478704453,1.33916938304901,2.89504313468933,-3.24613785743713,-6.98952007293701,-13.8489255905151,-0.23357959091663,-1.05946946144104,-2.976975440979,2.28167414665222,6.82377433776855,8.92109489440918,2.56897830963135,3.85945320129395,3.12443327903748,9.4717607498169,8.84687423706055,12.2179107666016,6.77403736114502,13.0115823745728,18.3267211914063,-20.0211086273193,-20.0211086273193,-20.0211086273193,-4.5560622215271,-5.20541191101074,-6.26343059539795,8.58590698242188,6.51971054077148,-6.53886413574219,0.83318221569061,-1.98239898681641,-7.38880586624146,19.5540447235107,17.8828907012939,19.1949138641357,20.0065994262695,16.0952301025391,5.53947877883911,-20.0211086273193,-12.8373327255249,1.03175139427185,-6.36972093582153,0.45730900764465,4.00399255752563,-35.9525299072266,-25.4895687103271,5.74398899078369,-20.8062114715576,-18.1175231933594,1.23301386833191,10.2690305709839,-23.2602672576904,-33.9458885192871,-2.66321969032288,-5.86965131759644,-5.03643131256104,4.45565128326416,4.78429651260376,4.78124237060547,1.06084382534027,-1.6245197057724,-0.22563834488392,11.7079458236694,-4.26886177062988,-5.19811105728149,1.75734400749207,-5.1478328704834,-5.52372264862061,-26.2413482666016,-10.0703115463257,-4.38857173919678,-2.2844831943512,0.58902680873871,2.04166436195374,2.33350515365601,-0.54244834184647,-1.75501585006714,0.87758427858353,0.39133554697037,-0.38140898942947,0.87867200374603,2.59052634239197,-0.84994161128998,-1.9632453918457,-0.98401689529419,-1.26653265953064,-3.57454323768616,-5.33936929702759,-7.85088682174683,1.88161766529083,0.81565779447556,-0.22770002484322,-1.14292883872986,0.22785273194313,1.01220369338989,-0.48525607585907,-0.13584116101265,0.1628719419241,-3.83311700820923,-3.92649078369141,-2.66714072227478,-1.57777893543243,-1.48440504074097,-1.35751235485077,-10.2091751098633,-11.6361198425293,-12.3807163238525,-0.77503526210785,-0.75060069561005,-0.42867469787598,0.81611597537994,0.37323865294456,-0.129503428936,0.30276009440422,0.36140313744545,0.30276009440422,-1.6711528301239,-0.84994161128998,-0.07182604819536,-1.60890352725983,-1.48201084136963,-1.52510643005371,-11.4445829391479,-10.0631294250488,-8.99052619934082,SPIN
-0.07376197725534,-0.05238169431686,-0.02794708497822,-0.03848451003432,-0.04459316283464,-0.00794124789536,-0.02710714563727,-0.04909829422832,-0.0558178126812,-0.51235914230347,-0.44771572947502,-0.56024318933487,0.38307225704193,0.38067805767059,0.26096799969673,9.88595771789551,10.0128507614136,9.76385402679443,-0.02367102913558,-0.01084285788238,0.0056505035609,-0.04642575979233,-0.18203784525394,-0.3500257730484,-0.03382666409016,-0.03443752974272,-0.09124799817801,-0.5434837937355,-0.29927521944046,-0.05027823522687,0.3256114423275,0.47884035110474,0.68234747648239,9.59626007080078,9.60104846954346,9.38796424865723,-0.00778853194788,0.02947424724698,0.46013423800468,-0.65057146549225,-1.71897482872009,-4.34019756317139,-0.20914499461651,-0.51030153036118,-1.17186856269836,0.12449848651886,0.76614451408386,2.31040453910828,1.03908348083496,1.38384854793549,1.50834703445435,8.71519374847412,8.11185455322266,6.88602352142334,1.43690776824951,3.60547947883606,8.22606372833252,-9.80988502502441,-19.2446994781494,-20.0211086273193,-2.56036520004272,-5.34835433959961,-8.22491836547852,8.382399559021,17.8565540313721,17.0305557250977,3.35906505584717,4.11084413528442,4.30238056182861,5.54766464233398,13.0534868240356,25.6188564300537,12.9663782119751,15.598596572876,17.997465133667,-20.0211086273193,-20.0211086273193,-19.4023017883301,-9.51445484161377,-10.1247100830078,-6.65194082260132,11.0902414321899,-2.35589456558228,-24.6252632141113,-0.04309562966228,-7.94665479660034,-10.6209783554077,22.7814273834229,20.4638404846191,14.7249393463135,10.9767904281616,1.59145665168762,-2.47629499435425,-5.73235940933228,5.48251581192017,6.80748224258423,-0.9256899356842,2.11519718170166,0.85986918210983,-22.0559844970703,3.49314022064209,7.19008684158325,-17.8302192687988,0.47884035110474,3.21780705451965,-20.3417358398438,-26.0210819244385,-23.4637756347656,-4.2013783454895,-3.21666359901428,-1.14399790763855,3.87960505485535,1.69026410579681,0.10018189996481,-1.06496715545654,-0.28611400723457,0.5238932967186,-3.91212558746338,-3.34469985961914,1.93690919876099,0.3447650372982,-1.59932672977448,-1.21386027336121,-11.5379571914673,-5.43992567062378,-4.60404968261719,0.60490930080414,1.66292786598206,1.67514526844025,-0.86926126480103,-0.91080009937286,-0.58093285560608,0.05291620269418,-0.54145568609238,-0.54573172330856,2.37983655929565,-1.14682257175446,-3.33272886276245,-0.41659110784531,0.0454898327589,0.0454898327589,-5.29866743087769,-8.0448169708252,-10.5826711654663,1.12292301654816,0.38011088967323,-0.16600263118744,-0.3072652220726,-0.15760323405266,-0.00061086524511,-0.19814941287041,0.10483974963427,0.20990857481956,-3.07415509223938,-1.87465989589691,-1.0223240852356,-0.3687070608139,-0.56024318933487,-0.57700258493423,-12.1365079879761,-11.9880676269531,-10.8699750900269,-0.32666018605232,-0.16722436249256,0.17241671681404,0.10079276561737,-0.03176499158144,-0.37690386176109,0.20746511220932,0.20868684351444,0.19830213487148,-0.76135611534119,-0.641646027565,-0.52672439813614,-0.76614451408386,-0.72544312477112,-0.31603461503983,-10.0296106338501,-9.69681644439697,-9.74709415435791,SPIN
0.06123924255371,0.02153299935162,-0.02122756652534,0.01160643994808,0.01588249579072,-0.02138028293848,-0.02405281923711,-0.01488984003663,-0.0332157984376,-1.3407529592514,-1.23301386833191,-1.13245737552643,-0.61052143573761,-0.51954174041748,-0.46686932444572,-9.90271759033203,-9.91468811035156,-10.0104570388794,-0.0713185146451,-0.08842274546623,-0.07620543986559,-0.04886921867728,-0.02138028293848,0.01466076634824,-0.05642867833376,-0.05642867833376,-0.05337435007095,-1.28329205513,-1.35032975673676,-1.3910311460495,-0.4716577231884,-0.57939678430557,-0.52672439813614,-9.77821922302246,-9.60583686828613,-9.3712043762207,-0.01145372353494,0.12232576310635,0.32635477185249,-0.02076941914856,-0.0372627787292,0.03970624133945,-0.0558178126812,-0.050930891186,-0.05765040591359,-1.45328044891357,-1.47482824325562,-1.17794728279114,-0.48123455047607,-0.59136784076691,-0.63685762882233,-9.13896751403809,-8.79420185089111,-8.52844619750977,0.53465980291367,0.63850688934326,0.36972618103027,0.32009339332581,1.2712105512619,3.98895001411438,-0.13095423579216,-0.15172365307808,-0.37163513898849,-0.91458505392075,1.16358196735382,2.49715232849121,-0.90500825643539,-0.99838209152222,0.16280572116375,-8.17889213562012,-7.90355920791626,-9.174880027771,-0.47387871146202,-2.51661205291748,-4.32599496841431,6.61872482299805,10.4005918502808,13.1696434020996,-0.6055965423584,-1.42965376377106,-2.43697047233582,6.42873096466064,10.2187519073486,14.4660663604736,0.87627780437469,0.76853877305984,1.74776721000671,-13.9201879501343,-16.3410243988037,-14.5738048553467,-4.89898633956909,-4.77559185028076,-4.3290491104126,15.4878778457642,18.1219291687012,19.3198356628418,-3.62510347366333,-4.57622051239014,-5.05574989318848,18.9866180419922,19.5875625610352,15.598822593689,1.46525144577026,1.05344879627228,0.88346040248871,-11.0830593109131,-9.77821922302246,-7.64498519897461,-3.67175817489624,-3.38953852653503,-3.10792970657349,18.7389030456543,16.9991588592529,13.5239458084106,-4.56400346755981,-3.88655376434326,-2.8847348690033,11.7941370010376,5.20050525665283,-0.62967503070831,2.62643933296204,2.63601613044739,2.56418991088867,-6.4766149520874,-6.16776275634766,-4.48194551467896,-2.269211769104,-1.37490499019623,-0.42867469787598,7.88443756103516,2.1789562702179,-1.77883958816528,-1.67644333839417,-0.98860901594162,-0.78213655948639,-2.72699570655823,-0.97922849655151,0.14604631066322,2.98317527770996,3.33272886276245,2.89219570159912,-2.18590617179871,1.74776721000671,6.72321748733521,-0.83734351396561,-1.32542490959167,-1.57160353660584,-0.80145519971848,0.42088615894318,0.93584555387497,-0.6917285323143,-0.5872705578804,-0.46998444199562,0.41419690847397,0.40222588181496,-0.20590133965015,3.04781866073608,2.48278713226318,2.64080452919006,7.32416248321533,7.67850399017334,8.23156452178955,-1.33947479724884,-0.91247993707657,-0.60338217020035,0.58704149723053,-0.18509216606617,-0.68355822563171,-0.32826370000839,-0.44188463687897,-0.48953214287758,0.86191260814667,1.02711248397827,0.94092124700546,2.26730895042419,2.36786556243896,2.166752576828,8.75589466094971,9.69442176818848,9.86201572418213,SPIN
-0.01634064503014,-0.00656680157408,-0.0340557359159,0.03848451003432,0.01282817032188,0.04886921867728,-0.01488984003663,-0.01672243699431,0.00526871252805,1.57777893543243,1.47243404388428,1.59214413166046,1.49158763885498,1.45328044891357,1.48440504074097,9.44063663482666,9.39993476867676,9.5316162109375,-0.08720101416111,-0.15134187042713,-0.18799377977848,0.19608774781227,0.40378192067146,0.51862460374832,0.01809688284993,0.04008803144097,0.0718530267477,1.64002811908722,1.53947174549103,1.58496153354645,1.52271223068237,1.53947174549103,1.56820213794708,9.62259578704834,9.62977886199951,9.53879928588867,-0.1262963861227,0.06062837690115,0.45341473817825,0.3249803185463,-0.4673119187355,-2.21988439559937,0.03581197559834,-0.11995866149664,-0.3545309305191,1.53228902816772,0.9241618514061,0.51954174041748,1.61848032474518,1.49637603759766,1.38384854793549,9.14614963531494,8.7391357421875,7.96101999282837,1.13025343418121,2.33915567398071,5.46678590774536,-5.42875957489014,-11.8147449493408,-19.9795703887939,-0.73387825489044,-2.03257775306702,-3.81935858726501,3.15795207023621,8.15255641937256,11.7654066085815,2.68150591850281,4.73573112487793,4.12999773025513,5.8924298286438,5.64822101593018,13.5107793807983,10.8179655075073,15.4574871063232,18.167896270752,-20.0211086273193,-20.0211086273193,-20.0211086273193,-4.95556783676147,-5.29215478897095,-4.67945671081543,7.66653299331665,-1.23301386833191,-18.2396278381348,1.9943699836731,-2.92571449279785,-9.20361042022705,14.8805618286133,11.1764326095581,7.4103536605835,15.7659740447998,6.876051902771,-1.7945693731308,-18.2086715698242,-2.43857407569885,7.07992839813232,-1.97943246364594,2.38031268119812,1.97836351394653,-29.6028079986572,-6.43591356277466,8.83490371704102,-15.0457620620728,-4.81713390350342,2.06619596481323,-13.1492547988892,-25.6691341400146,-29.5549240112305,-6.16653203964233,-5.54406023025513,-2.45735812187195,7.41101694107056,5.01642560958862,1.46852004528046,-0.70150238275528,-0.09857837855816,1.03763103485107,-1.38624274730682,-5.39922428131104,1.54665434360504,-0.99838209152222,-2.83473491668701,-0.50517654418945,-16.3146896362305,-6.19170475006104,-3.47159242630005,-0.10308351367712,2.05265998840332,2.51875019073486,-0.8906415104866,-2.19056272506714,-1.77639615535736,0.56421041488647,-0.55184036493301,-0.91958129405975,4.5920786857605,0.57939678430557,-3.54102420806885,0.3447650372982,-0.11971008777618,-0.53869539499283,-3.38540124893188,-6.09354257583618,-9.16290950775146,1.77960312366486,0.63545256853104,-0.27107146382332,-0.59070670604706,0.35491269826889,0.73364913463593,-0.54573172330856,-0.13889548182487,0.05291620269418,-4.07014274597168,-2.94007968902588,-2.00634098052979,-0.45968672633171,-0.62009823322296,-0.86430680751801,-11.669638633728,-12.4908494949341,-11.5068330764771,-0.56917369365692,-0.31016683578491,0.14431691169739,0.68233644962311,0.43432518839836,0.14172074198723,0.13355042040348,0.08956811577082,-0.04909829422832,-1.19710087776184,-0.53151279687881,-1.08457338809967,-1.16358196735382,-1.12288057804108,-0.99359369277954,-9.8691987991333,-9.04319953918457,-9.36881065368652,SPIN
0.0068722339347,-0.00351247517392,0.0056505035609,-0.20158553123474,-0.10140363126993,-0.04948008432984,-0.00389426597394,0.04558581858873,0.07735081017017,-0.47405192255974,-0.40701428055763,-0.3687070608139,-0.50996494293213,-0.49081134796143,-0.44292730093002,9.97214889526367,10.0032739639282,9.8691987991333,0.03985895588994,0.10949759185314,0.21456642448902,-0.14599679410458,-0.31093040108681,-0.53389620780945,0.11033753305674,0.17020232975483,0.21662808954716,-0.38067805767059,-0.30885201692581,-0.14844051003456,-0.42377370595932,-0.44292730093002,-0.26575639843941,9.8668041229248,9.94581317901611,9.99848556518555,0.32879820466042,0.52916198968887,1.02090859413147,-0.88880890607834,-1.59619092941284,-3.28767681121826,0.22029328346252,0.17020232975483,-0.09369145333767,0.07661445438862,0.54827219247818,1.58256733417511,-0.17717093229294,-0.23942017555237,-0.23702596127987,9.91947650909424,9.79258441925049,9.40472316741943,2.02700352668762,3.82905602455139,6.94324731826782,-6.57535362243652,-12.0688648223877,-19.9111518859863,-0.71494138240814,-1.92445456981659,-3.9946768283844,3.39497804641724,7.74314737319946,11.818078994751,-0.06464344263077,1.36948335170746,3.95282697677612,9.3927526473999,8.34888076782227,12.3663511276245,10.8020830154419,13.674370765686,16.5081748962402,-20.0211086273193,-20.0211086273193,-20.0211086273193,-6.00136947631836,-7.09665060043335,-6.40026426315308,11.2602300643921,1.70706582069397,-15.8358488082886,1.20907187461853,-0.88106620311737,-7.13502025604248,12.0407400131226,15.8502140045166,13.6257009506226,16.4910717010498,10.5888910293579,2.94452309608459,-18.0944385528564,-8.10557079315186,2.27425122261047,-2.7558422088623,0.95149898529053,2.69918441772461,-30.3210678100586,-9.62738418579102,6.2778959274292,-14.5187387466431,-10.065523147583,2.93289709091187,-3.39976644515991,-20.9594402313232,-24.9580554962158,-2.28265070915222,-3.97780179977417,-2.82387733459473,5.08178806304932,3.97062420845032,2.40864157676697,0.4072180390358,-1.00876760482788,0.30581441521645,4.7213659286499,-5.36331129074097,-2.83952331542969,0.41898530721664,-2.82276391983032,-1.88423669338226,-20.4734172821045,-10.5994300842285,-6.27310752868652,-0.67974030971527,0.86574876308441,1.48760962486267,0.7177666425705,-0.46120324730873,-0.75075340270996,0.91912311315536,0.16653713583946,-0.41989350318909,2.07577276229858,1.68312382698059,-1.78128612041473,-0.37349545955658,-0.61291563510895,-0.52672439813614,-6.32817459106445,-7.69047498703003,-9.3927526473999,1.24570691585541,0.5816964507103,-0.11652254313231,-0.44043383002281,0.17287486791611,0.56749379634857,-0.35269832611084,-0.03810271993279,0.15981762111187,-3.48835182189941,-2.91853189468384,-1.91296720504761,-0.43335050344467,-0.55545479059219,-0.82839381694794,-10.5611228942871,-11.3392381668091,-11.3033256530762,-0.45738536119461,-0.4011857509613,-0.0939205288887,0.47647488117218,0.24862214922905,0.15210545063019,0.20441077649593,0.1885282844305,0.1011745557189,-1.33117616176605,-0.96725749969482,-0.7972691655159,-1.08457338809967,-1.10372698307037,-1.15161097049713,-10.4509897232056,-9.29698467254639,-9.09108352661133,SPIN
-0.20509800314903,-0.16966782510281,-0.1116356253624,0.13194689154625,0.16371189057827,0.2101376503706,0.03275764733553,0.02664899639785,0.00771217374131,0.50278234481812,0.62488663196564,0.55545479059219,-1.0223240852356,-0.98641109466553,-0.94810384511948,10.1325607299805,10.2810010910034,10.1612911224365,-0.07620543986559,-0.05238169431686,-0.00351247517392,0.1991420686245,0.04825835302472,-0.29016098380089,-0.00450513139367,-0.03749185428023,-0.13095423579216,0.48362874984741,0.56742578744888,0.57221418619156,-0.90500825643539,-0.76853877305984,-0.76375031471252,9.90989971160889,9.65372085571289,9.8284969329834,0.12476922571659,0.25977045297623,0.5633704662323,-0.72265356779099,-1.30053210258484,-2.5424211025238,-0.17554740607738,-0.27206411957741,-0.59337919950485,0.73501992225647,1.07978498935699,1.73819041252136,-0.80924016237259,-0.80205756425858,-0.89064306020737,9.89792919158936,9.7303352355957,9.34486865997314,1.42591214179993,3.15710425376892,6.68057489395142,-5.44952869415283,-12.0725297927856,-20.0211086273193,-1.29037642478943,-3.15656971931458,-6.07833814620972,4.66869354248047,11.6073894500732,17.6386833190918,-0.10295066982508,2.24097275733948,3.79720377922058,7.64259099960327,7.91553020477295,17.5261554718018,11.5424518585205,15.1532764434814,17.844747543335,-20.0211086273193,-20.0211086273193,-20.0211086273193,-8.25424003601074,-9.00010681152344,-7.15407180786133,14.6552076339722,-1.55144274234772,-22.0176773071289,0.31124621629715,-3.12203907966614,-9.18924522399902,20.7942409515381,22.8819847106934,15.7999353408813,17.5564193725586,8.59013938903809,-0.20143280923367,-18.9197177886963,-4.93884563446045,5.61873865127563,-2.49072670936584,1.43469333648682,2.47255349159241,-25.5613956451416,-4.48912811279297,8.99292087554932,-16.4870719909668,-7.89158821105957,4.42448472976685,-10.3001546859741,-24.2730159759521,-25.2740917205811,-4.09020090103149,-1.66689848899841,0.82115560770035,3.45566463470459,0.80267691612244,-1.3390166759491,-0.99593943357468,-0.00206167018041,0.00404698215425,-1.51074123382568,1.71903681755066,3.91451978683472,-2.58813214302063,-0.93613284826279,-0.6703764796257,-7.1805100440979,-4.30956315994263,-5.87567043304443,1.89016973972321,1.59878706932068,0.5511531829834,-1.67987942695618,-0.76297068595886,0.30604347586632,-0.64530277252197,-0.65324401855469,-0.3197115957737,0.23223756253719,-2.44926834106445,-2.48518133163452,-0.88824880123138,-0.76135611534119,-0.61052143573761,-8.7391357421875,-11.640908241272,-13.1779851913452,-0.48548516631126,-0.93813627958298,-0.75060069561005,0.73426002264023,0.54305922985077,0.09407325088978,-0.08575020730495,0.00282525178045,0.0785725414753,-1.26174426078796,-0.52672439813614,-0.26096799969673,-0.87627780437469,-1.16597628593445,-1.24259066581726,-12.4764842987061,-10.75026512146,-9.08390045166016,-0.28817567229271,0.08445212244987,0.16508632898331,-0.19303341209888,-0.25167647004128,-0.13561208546162,0.12988522648811,0.07918340712786,0.03703370690346,0.07182604819536,-0.06224924325943,-0.41659110784531,-0.96965169906616,-0.67516487836838,-0.60094463825226,-8.56914710998535,-9.18924522399902,-9.75667095184326,SPIN
0.02764165215194,0.0233655963093,0.0453567430377,-0.11545353382826,-0.11789698898792,-0.09529497474432,-0.05276348441839,-0.03688098862767,-0.01977676153183,-0.24420857429504,-0.17477671802044,-0.33518823981285,-0.0526724383235,-0.00478840339929,-0.03351882472634,9.81413173675537,9.87638092041016,9.90989971160889,0.08384125679731,0.08323039114475,0.04596760869026,-0.11972958594561,-0.18325957655907,-0.26145032048225,0.03886630013585,0.10728321224451,0.1738675236702,-0.38786068558693,-0.48123455047607,-0.40462008118629,0.06943184882402,0.1508347094059,0.38307225704193,9.69681644439697,9.534010887146,9.58428859710693,0.07223481684923,0.17913623154163,0.39599338173866,-0.43737950921059,-0.72754049301147,-1.63834059238434,0.22090414166451,0.29176452755928,0.42676573991776,-0.60573303699493,-0.78050976991653,-0.2777273952961,0.4716577231884,0.4525041282177,0.22505496442318,9.75188255310059,9.30416679382324,8.13819122314453,0.72036284208298,1.14552509784698,2.59144306182861,-3.59005498886108,-7.82884883880615,-15.8146905899048,0.43287438154221,-0.24701863527298,-2.05517983436584,1.35511815547943,6.91475391387939,13.4988088607788,-0.01436521019787,3.34469985961914,3.97437477111816,6.62984371185303,4.21379518508911,4.36702394485474,6.37941837310791,17.1715755462646,17.6083431243896,-20.0211086273193,-20.0211086273193,-20.0211086273193,-3.48582625389099,-3.02279019355774,-2.96231460571289,17.4806652069092,1.22104287147522,-21.198860168457,2.25773215293884,0.3447650372982,-10.7598419189453,12.8787097930908,9.59626007080078,-6.22043514251709,9.75506019592285,-0.30466905236244,-6.31741571426392,-12.7902965545654,1.91078650951386,7.34993076324463,0.49884784221649,3.44321823120117,0.99242693185806,-17.8374004364014,3.75171399116516,8.47098445892334,-12.2418527603149,-0.18914192914963,-1.51074123382568,-22.4677867889404,-23.277027130127,-14.9021100997925,-6.79327964782715,-3.82752895355225,0.26832255721092,6.91132926940918,2.64687919616699,-1.75440502166748,-1.218905210495,-0.30382910370827,0.50862169265747,-2.31040453910828,-3.09809708595276,1.58256733417511,-5.91397762298584,-2.46123933792114,-0.02154781483114,-7.62583160400391,-3.26569104194641,-2.60249733924866,2.5902214050293,2.70506405830383,1.49616169929504,-3.2870659828186,-2.27180790901184,-0.5100724697113,-0.16455182433128,-0.53351444005966,-0.16027577221394,0.14125789701939,-3.58412003517151,-4.15154552459717,-0.87388360500336,-1.93212080001831,-1.69509482383728,-5.47344446182251,-9.61541366577148,-12.1891803741455,0.1308778822422,-0.66874474287033,-0.7567093372345,0.58765238523483,0.75747293233871,0.44409903883934,0.17264579236507,0.22212587296963,0.22334760427475,-2.827552318573,-1.85311210155487,-0.91458505392075,-1.01514148712158,-0.92176765203476,-1.1180921792984,-12.9457483291626,-11.6672439575195,-10.0415811538696,-0.40362921357155,-0.09941831976175,0.15775595605373,0.04948008432984,-0.08979719132185,-0.09896016865969,0.11155926436186,-0.02832887507975,-0.07964155822992,-0.20111294090748,-0.83078801631927,-1.44130945205688,-1.08457338809967,-1.24259066581726,-1.00077629089355,-9.08629512786865,-8.96658420562744,-9.57471179962158,SPIN
-0.03588833287358,-0.0713185146451,-0.18860463798046,-0.17837265133858,-0.10995574295521,-0.09224065393209,-0.07658722996712,-0.11262828111649,-0.18043431639671,-0.72783732414246,-0.7182605266571,-0.83318221569061,1.22104287147522,1.21146607398987,1.12766897678375,9.76624774932861,9.6920280456543,9.88595771789551,-0.11591167747974,-0.04627304151654,-0.01267545390874,-0.27427849173546,-0.43371433019638,-0.59925878047943,-0.20547980070114,-0.1834886521101,-0.12240212410688,-1.0486603975296,-1.21386027336121,-1.18991827964783,0.9528923034668,0.83557641506195,0.86430680751801,9.93384170532227,9.82610321044922,9.70160484313965,0.12293662875891,0.29764407873154,0.66599583625793,-1.41415309906006,-2.35122036933899,-4.11967515945435,-0.01733330078423,-0.03504839166999,-0.13706289231777,-0.84275901317596,-0.52193599939346,-0.83557641506195,0.98401689529419,0.88106620311737,0.07900865375996,9.36162757873535,8.96179580688477,9.01446914672852,1.5700763463974,3.37884831428528,7.03304433822632,-7.36947822570801,-13.5593757629395,-20.0211086273193,-0.2482403665781,-1.26838529109955,-2.28425431251526,2.74614930152893,7.1302318572998,7.24754762649536,1.11569797992706,3.87621259689331,2.77727389335632,7.76230096817017,5.38246488571167,11.4350061416626,12.3555135726929,16.256498336792,18.0603828430176,-20.0211086273193,-20.0211086273193,-20.0211086273193,-1.63246095180511,-0.62086814641953,-0.3844633102417,4.55616569519043,-0.97444009780884,-14.2410106658936,-1.65439331531525,-1.60172092914581,-6.99376249313354,7.71681118011475,4.76446151733398,-5.11431407928467,14.2901229858398,5.03368234634399,-2.78661441802979,-17.2893180847168,-2.57052087783813,3.49231672286987,0.53611063957214,3.7492618560791,2.89466142654419,-21.3449058532715,-1.40539634227753,9.85962200164795,-14.1859445571899,-3.06457805633545,1.2449848651886,-20.32737159729,-30.6945629119873,-25.8534870147705,-6.02542209625244,-5.31926202774048,-2.5990788936615,3.2870659828186,2.33289432525635,0.50152039527893,-0.04665483161807,0.00099265598692,0.76946115493774,0.56981998682022,-1.7980455160141,1.50116443634033,-3.81396341323853,-5.30106163024902,-0.08379705995321,-11.8228673934937,-4.43645572662354,-0.80684596300125,0.57131171226501,2.17544388771057,2.10763788223267,-1.39216184616089,-2.29807496070862,-1.87779974937439,0.58803415298462,-0.01794416643679,-0.04970915988088,3.01908826828003,-0.72783732414246,-2.80839848518372,-0.01915361359715,0.37349545955658,-0.22744916379452,-3.90494298934936,-7.82215642929077,-10.9777145385742,0.99708479642868,-0.2105957865715,-0.8129089474678,-0.72998398542404,0.29138273000717,0.59925878047943,0.21357376873493,0.41149410605431,0.28993192315102,-2.37983655929565,-1.04387199878693,0.44532153010368,-0.56024318933487,-0.62728083133698,-0.38307225704193,-12.10777759552,-11.8875102996826,-8.99770927429199,-0.35353827476501,0.05940664559603,0.08323039114475,0.13133603334427,-0.37629300355911,-0.32192599773407,0.12499830126762,-0.09063713252544,-0.10957395285368,0.78050976991653,-0.16519992053509,-1.4484920501709,-0.0454898327589,-0.04070143029094,-0.2537853717804,-9.22276401519775,-9.68245124816894,-9.8691987991333,SPIN
-0.20754146575928,-0.29061913490295,-0.27962356805801,-0.19853121042252,-0.11056660860777,-0.06169738993049,-0.08697193861008,-0.06314819306135,-0.07658722996712,-1.47243404388428,-1.27850365638733,-1.15161097049713,0.06224924325943,0.08140286058187,0.12210428714752,9.67526817321777,10.0032739639282,10.2522706985474,-0.20998492836952,-0.17027868330479,-0.17027868330479,-0.03604105114937,-0.06108652427793,-0.11362093687057,-0.12301298975945,-0.14805845916271,-0.1333976984024,-1.1947066783905,-1.37427175045013,-1.35272395610809,0.04070143029094,-0.08379705995321,-0.10295066982508,10.1253786087036,9.89553451538086,9.888352394104,-0.1763873398304,-0.12385293096304,-0.0242818929255,-0.16920967400074,-0.38301250338554,-0.67378437519073,-0.11873693019152,-0.11446087807417,-0.13278682529926,-1.23540806770325,-1.05105459690094,-0.56981998682022,-0.07661445438862,0.02394201606512,0.25857377052307,9.85243892669678,9.97454357147217,9.92426490783691,0.20540343225002,0.79977530241013,2.12290954589844,-1.46546566486359,-3.57172918319702,-8.33586692810059,-0.29405525326729,-0.80534946918488,-1.67277812957764,0.24181437492371,1.31202256679535,6.44309616088867,0.68234747648239,0.69671267271042,1.47482824325562,9.48133754730225,8.5404167175293,7.87961721420288,4.67999124526978,14.7940874099731,17.6272792816162,-17.1677570343018,-20.0211086273193,-20.0211086273193,-3.38014650344849,-6.81381988525391,-7.30006885528564,14.4421243667603,7.81257963180542,-8.16931533813477,3.2082302570343,-0.66798228025436,-10.0296106338501,14.7488813400269,20.8588829040527,21.1892833709717,18.4446182250977,2.48942852020264,-2.76767778396606,-19.7193412780762,3.65663933753967,5.15387010574341,-4.60981798171997,3.410231590271,0.71631586551666,-36.9556999206543,7.84609842300415,9.76145935058594,-11.8922986984253,1.43652105331421,4.34068775177002,-5.83257484436035,-26.5190753936768,-20.3944091796875,-3.82508540153503,-2.87335729598999,-1.08657658100128,3.0225613117218,1.24921941757202,-0.06780604273081,-1.4956271648407,-0.59704440832138,0.41515928506851,-1.15400516986847,-2.40617275238037,2.35828876495361,0.29927521944046,-2.62165093421936,-1.41976165771484,-11.5355634689331,-5.66019201278687,-4.41490793228149,0.66538494825363,1.66720402240753,1.51998543739319,-1.04091441631317,-1.0800096988678,-0.64568454027176,0.07124216109514,-0.43272167444229,-0.53779047727585,2.90177249908447,0.29209262132645,-1.25695586204529,-0.29927521944046,0.19871874153614,0.16759411990643,-4.94193172454834,-8.30099678039551,-11.7223110198975,0.63484168052673,-0.2930625975132,-0.56428676843643,-0.17226399481297,0.25045475363731,0.34880405664444,-0.43149992823601,-0.14683672785759,0.04986187443137,-1.92733240127563,-1.75494980812073,-0.11971008777618,-0.67995327711105,-1.23061966896057,-0.71107792854309,-12.9098348617554,-11.8611745834351,-9.2155818939209,-0.26557365059853,0.06551529467106,0.18829920887947,0.10995574295521,-0.21563543379307,-0.3933972120285,0.01382082607597,0.04436408728361,0.11950051039457,-0.428562104702,-0.74699091911316,-0.49799394607544,-0.5243301987648,-0.38546648621559,-0.33039984107018,-9.30895519256592,-9.90271759033203,-10.0439758300781,SPIN
-0.11652254313231,-0.07742717117071,-0.00962112750858,-0.00549778714776,-0.07880161702633,-0.08185594528913,0.01748601719737,0.02420553565025,-0.01122464891523,-1.49398183822632,-1.29286897182465,-1.26892685890198,-0.92655605077744,-0.84754741191864,-0.82360535860062,9.58907699584961,9.89553451538086,9.79737281799316,0.01175915636122,0.02153299935162,0.07834346592426,-0.0842994004488,-0.16493362188339,-0.36041048169136,-0.04909829422832,-0.04360050708055,-0.02832887507975,-1.34554135799408,-1.37666594982147,-1.28808057308197,-0.88106620311737,-0.87148940563202,-0.80924016237259,9.52922248840332,9.43824195861816,9.50528049468994,0.18646661937237,0.35078936815262,0.6189591884613,-0.63896507024765,-1.17041778564453,-2.35610723495483,0.00832303892821,0.04497495293617,0.00649044336751,-1.07739078998566,-0.72065472602844,0.50278234481812,-0.68474167585373,-0.52672439813614,-0.26575639843941,9.42866516113281,9.06953525543213,8.72237586975098,1.20477902889252,2.83517837524414,6.91881227493286,-4.94312143325806,-10.1379194259644,-19.4010810852051,-0.41439571976662,-2.47484421730042,-5.79489660263062,5.21008205413818,13.0965824127197,16.4679183959961,0.87867200374603,3.7732617855072,3.99352836608887,9.68723964691162,12.8451910018921,21.1629467010498,11.5540580749512,17.4348583221436,19.9949932098389,-20.0211086273193,-20.0211086273193,-20.0211086273193,-7.83457565307617,-8.61953735351563,-8.00073146820068,7.91313600540161,0.67516487836838,-19.1015396118164,2.10450339317322,-7.47499704360962,-8.23395919799805,28.9731330871582,20.5955219268799,18.9938011169434,19.4158935546875,10.4080743789673,0.41126501560211,-20.0095024108887,-9.75368499755859,3.13984727859497,-3.89754939079285,2.32838916778564,4.15915250778198,-36.8000755310059,-12.5076093673706,11.6026010513306,-12.4716958999634,-14.0159559249878,3.98155736923218,-16.2548332214355,-25.4656276702881,-28.8749694824219,-5.34613990783691,-6.09017372131348,-3.70535588264465,5.16181135177612,3.4703254699707,0.92912602424622,0.66866838932037,-1.48035562038422,-0.67401343584061,9.47894382476807,-1.24259066581726,-1.68072962760925,2.65756392478943,-0.63206923007965,1.76931500434875,-18.7041015625,-7.0224928855896,-0.23223756253719,-0.36270123720169,1.80220520496368,2.486985206604,-1.2156218290329,-2.10748505592346,-2.0567831993103,-0.05520694702864,-0.47731482982635,-0.74365210533142,1.31202256679535,-0.08379705995321,-3.36624765396118,1.66397023200989,1.31202256679535,0.84275901317596,-0.93373864889145,-4.22337198257446,-8.18846893310547,1.93964982032776,0.68432176113129,-0.4622722864151,-1.3011429309845,-0.10079276561737,0.82161372900009,-0.52679491043091,-0.05703954398632,0.19463694095612,-5.25317764282227,-4.32632255554199,-2.56179571151733,0.11492168158293,-0.24181437492371,0.03591302409768,-10.8556098937988,-11.5906295776367,-10.9178590774536,-0.96318179368973,-0.77198094129562,-0.23441953957081,1.05557513237,0.84055060148239,0.40622538328171,0.17814357578754,0.14882203936577,0.12866349518299,-2.05901336669922,-1.91536140441895,-1.80043971538544,0.20590133965015,0.54827219247818,0.71107792854309,-9.47415542602539,-8.48056125640869,-8.33451557159424,SPIN
-0.16172657907009,-0.20265454053879,-0.1568396538496,-0.03481931984425,-0.07391469180584,-0.24984388053417,-0.13645201921463,-0.14194981753826,-0.14317154884338,-1.58496153354645,-1.68072962760925,-1.65199911594391,0.89064306020737,0.84754741191864,0.85712420940399,9.30656147003174,9.44303035736084,9.77582454681396,-0.10980302840471,-0.07192938029766,-0.0615446716547,-0.35552358627319,-0.39706242084503,-0.3249803185463,-0.15233452618122,-0.15416711568832,-0.15172365307808,-1.54904854297638,-1.54186594486237,-1.67594122886658,0.85712420940399,0.91937345266342,0.81881695985794,9.93144798278809,10.1995983123779,10.4246530532837,-0.01878410577774,0.2261728644371,0.74968439340591,-0.55649822950363,-1.24433255195618,-2.67558979988098,-0.30810517072678,-0.59399008750916,-0.89270317554474,-1.30723416805267,-1.44609785079956,-2.03507137298584,1.1372457742691,0.98641109466553,0.22266076505184,10.3647985458374,10.1612911224365,10.2067813873291,1.70446670055389,5.99457359313965,9.24254417419434,-4.92968273162842,-14.1488609313965,-19.3583202362061,-0.96112012863159,-1.18103158473969,-1.81022274494171,-2.11408019065857,3.01429986953735,3.19865345954895,-0.58418524265289,1.44370365142822,2.50672912597656,10.6712560653687,10.5467576980591,13.8866691589355,14.0903701782227,17.8374176025391,18.9284229278564,-20.0211086273193,-20.0211086273193,-20.0211086273193,-2.61106705665588,-2.61656498908997,-1.76318621635437,-1.6711528301239,-7.57315921783447,-25.2716960906982,-1.5753847360611,-9.67287445068359,-10.4605665206909,12.8930749893188,5.6434326171875,-8.01369190216064,15.2015342712402,8.31036376953125,1.09787750244141,-14.6454944610596,-5.16303300857544,0.85948741436005,0.93928170204163,4.18541955947876,3.96734070777893,-24.7713088989258,-5.71047019958496,7.68808078765869,-15.8645792007446,-9.14854431152344,-0.39025488495827,-20.6314353942871,-28.695405960083,-26.9500312805176,-3.00652599334717,-3.68092131614685,-2.35778713226318,1.89612567424774,1.9156733751297,0.9639453291893,1.34550702571869,0.35834881663322,1.01625072956085,5.1478328704834,0.46926352381706,1.14203417301178,-1.32399356365204,-3.30878663063049,-0.85233581066132,-16.5780506134033,-9.46697235107422,-6.45506715774536,-0.23380866646767,1.29640877246857,1.5401439666748,-0.74953162670135,-2.00180530548096,-1.98775553703308,1.36871993541718,0.79695004224777,0.29542970657349,4.63756847381592,3.93367338180542,0.73980832099915,0.79248076677322,1.31681096553802,0.99359369277954,-6.59153652191162,-8.58590698242188,-10.8556098937988,0.67210447788239,-0.46532660722733,-1.07374835014343,-0.95722585916519,0.23762658238411,0.73853605985641,0.25511258840561,0.21540635824203,0.08773551881313,-0.0981622710824,0.3687070608139,0.31603461503983,0.41898530721664,0.1963245421648,-0.00478840339929,-11.6169662475586,-11.0567226409912,-9.87877559661865,-1.05175721645355,-0.60704731941223,-0.04627304151654,0.65301495790482,0.2852740585804,-0.00183259579353,-0.02649627998471,-0.1315651088953,-0.17676913738251,0.18914192914963,-0.12928688526154,-0.42137950658798,0.06464344263077,0.07182604819536,-0.05985504388809,-8.59787750244141,-7.80539703369141,-7.86764621734619,SPIN
-0.24663683772087,-0.15012013912201,0.06185010448098,0.4147774875164,-0.15821409225464,-0.43432518839836,-0.25984680652618,-0.41256311535835,-0.4705953001976,1.12048637866974,0.25139117240906,0.98880529403687,-1.08457338809967,-0.23463176190853,-0.84754741191864,9.24191761016846,10.4462013244629,11.0208101272583,0.17913623154163,0.16630806028843,0.16203200817108,-0.37629300355911,-0.24862214922905,-0.35552358627319,-0.58177280426025,-0.5872705578804,-0.38751763105392,0.72544312477112,0.13886369764805,-0.30406361818314,-0.96965169906616,-1.26892685890198,-1.54186594486237,10.7885723114014,9.97214889526367,10.3791637420654,0.34590244293213,0.60857450962067,1.25303733348846,-0.39889499545097,-0.67439520359039,-2.16612815856934,-0.16333009302616,-0.03016147203743,-0.17310394346714,-0.58179098367691,-0.52911859750748,0.33279404044151,-2.13083958625793,-2.17632937431335,-2.17393517494202,10.8029375076294,10.3193082809448,10.6185836791992,2.28906488418579,4.47107553482056,8.13076877593994,-4.3725733757019,-9.20329570770264,-17.6790504455566,-0.44982588291168,-1.3911691904068,-3.25247573852539,2.26012635231018,6.33535718917847,9.65850925445557,-1.42694425582886,0.52911859750748,2.04464817047119,11.2410764694214,10.6521024703979,14.4540948867798,13.2479877471924,17.3316211700439,19.9589519500732,-20.0211086273193,-20.0211086273193,-20.0211086273193,-5.11744737625122,-6.22128057479858,-6.01236486434937,7.37444067001343,-3.43807363510132,-27.5030918121338,1.27850365638733,-3.30639243125916,-13.7358341217041,15.8957033157349,16.6690311431885,6.38324117660522,17.6963081359863,9.96275424957275,1.29030013084412,-17.5672626495361,-5.77145481109619,3.41534757614136,-1.43820583820343,3.63441920280457,4.09378957748413,-31.977855682373,-6.73279428482056,11.4014873504639,-19.2954692840576,-10.573094367981,1.85071790218353,-13.8866691589355,-25.3100032806396,-27.5797080993652,-3.61311531066895,-4.76520729064941,-3.90694141387939,4.08791017532349,2.97124862670898,1.82648706436157,0.76090902090073,-1.38261711597443,-0.46509751677513,8.68406867980957,-1.35032975673676,-2.68868851661682,3.02627086639404,-1.91536140441895,-2.41096115112305,-18.1749839782715,-9.9865140914917,-5.05206489562988,0.29458975791931,1.56518948078156,1.64093673229218,-1.20218276977539,-1.66827297210693,-1.29381263256073,0.43898302316666,-0.07353290170431,-0.05337435007095,3.17710566520691,-0.24660277366638,-1.58974993228912,0.63925182819366,0.81402856111526,0.04788403213024,-4.65193367004395,-7.42711305618286,-10.2474822998047,0.87430089712143,-0.0713185146451,-0.57283890247345,-0.51984632015228,0.01649336144328,0.2315179258585,0.05963572114706,0.14088079333305,0.14576771855354,-1.58735573291779,-1.08696758747101,-0.65601128339767,-0.428562104702,-0.48362874984741,-0.49320554733276,-11.9641256332397,-11.8611745834351,-10.2738189697266,-0.56917369365692,-0.24908030033112,0.09728029370308,0.29199358820915,0.25778514146805,0.16371189057827,0.07246389240026,-0.02466368488967,-0.04970915988088,-0.18914192914963,-0.39264908432961,-0.67277067899704,-0.58179098367691,-0.59376204013824,-0.34237083792686,-9.19882202148438,-8.82293224334717,-9.45021343231201,SPIN
-0.15073099732399,-0.15439619123936,-0.11468994617462,-0.08674286305904,-0.06841690838337,-0.11789698898792,-0.2806162238121,-0.24335344135761,-0.2244166135788,-1.13245737552643,-1.13485157489777,-1.17315888404846,0.44532153010368,0.38067805767059,0.3447650372982,9.79497814178467,9.92426490783691,9.96017837524414,-0.07803803682327,-0.05543602257967,-0.04749477282166,-0.20525072515011,-0.26267206668854,-0.2638937830925,-0.2030363380909,-0.16943874955177,-0.11568260937929,-1.18034148216248,-1.16597628593445,-1.2258312702179,0.27293899655342,0.23463176190853,0.23942017555237,9.99369716644287,10.2067813873291,10.1948099136353,-0.01084285788238,0.09728029370308,0.35689800977707,-0.37568211555481,-0.7183775305748,-1.45385932922363,-0.06375905871391,-0.08880453556776,-0.28367054462433,-1.06063139438629,-0.85233581066132,-0.43335050344467,0.38307225704193,0.35673606395721,0.35673606395721,10.163685798645,10.3671922683716,10.3576154708862,0.99647390842438,2.69162487983704,5.73006868362427,-3.23453140258789,-7.00418090820313,-13.4097137451172,-0.90430963039398,-1.78945338726044,-2.75889658927917,0.11731588095427,0.217872351408,1.57059633731842,-0.09097966551781,-0.93613284826279,-0.1268926858902,10.7813892364502,11.8587799072266,10.7622356414795,14.8435668945313,18.4733295440674,20.0065994262695,-20.0211086273193,-20.0211086273193,-20.0131664276123,-3.67702698707581,-3.44245481491089,-3.65625762939453,-0.18914192914963,-7.08953046798706,-25.2740917205811,-0.94570964574814,-5.68413400650024,-14.3367786407471,11.7270994186401,12.4118404388428,0.24660277366638,16.4757995605469,8.14665126800537,2.0789270401001,-13.9350576400757,-2.98713111877441,1.68049025535584,-0.09430231899023,4.38395071029663,5.00459003448486,-31.0584831237793,-11.9066638946533,6.99615669250488,-23.2411136627197,-13.7094984054565,-1.53228902816772,-18.079216003418,-29.1718521118164,-28.3458518981934,-2.61373972892761,-3.67298007011414,-2.66627407073975,2.22293853759766,2.0457878112793,1.29625606536865,2.27829837799072,0.05597052723169,0.5061782002449,8.382399559021,1.10372698307037,-0.02633621916175,-0.43574470281601,-4.39096593856812,-1.9943699836731,-17.6793842315674,-10.3432502746582,-6.88602352142334,-0.71394872665405,0.84436845779419,1.28907835483551,-0.32375857234001,-1.53266084194183,-1.55098688602448,1.08588933944702,0.66194885969162,0.22456933557987,3.24414324760437,2.80361008644104,0.28730419278145,-0.5243301987648,-0.05027823522687,-0.01915361359715,-6.44788455963135,-7.83173322677612,-9.73991203308106,0.72524976730347,-0.15256360173225,-0.69684451818466,-0.63346725702286,0.29871311783791,0.56871557235718,0.09323330968618,0.04558581858873,-0.09857837855816,-1.0223240852356,-0.78290396928787,-0.12449848651886,-0.01197100803256,0.00239420169964,-0.2777273952961,-10.8053312301636,-10.9465894699097,-10.0104570388794,-0.78236567974091,-0.56795197725296,-0.21914790570736,0.51618111133575,0.29260444641113,0.07574728876352,-0.28489229083061,-0.3417027592659,-0.30932688713074,-0.31842881441116,-0.93134444952011,-1.03668928146362,-0.89782565832138,-1.17076468467712,-1.33596456050873,-9.36641597747803,-8.65773296356201,-8.59787750244141,SPIN
-0.12202033400536,0.86697047948837,1.35688447952271,0.73853605985641,-0.58032196760178,-1.02197754383087,-0.21219931542873,0.31864258646965,0.45486554503441,-3.54581260681152,-3.02866506576538,-2.5282769203186,-0.95528650283813,-0.5746083855629,-0.06464344263077,12.1772089004517,11.7294931411743,10.8412446975708,1.61589133739471,1.61283695697784,1.43324255943298,-1.22417390346527,-1.35306656360626,-1.78189396858215,0.53183454275131,0.66378146409988,0.86536699533463,-2.38462495803833,-2.35589456558228,-2.0326771736145,0.21308395266533,0.47884035110474,0.70389527082443,9.56513500213623,8.12143135070801,7.32176828384399,1.22493755817413,1.29824137687683,1.81564426422119,-2.37321138381958,-3.2559118270874,-4.64074325561523,1.02846801280975,1.00158989429474,0.85376054048538,-1.29047477245331,-0.51954174041748,0.06224924325943,0.85712420940399,0.90979665517807,0.90500825643539,7.13502025604248,7.5875244140625,7.56358242034912,2.95857310295105,5.00558233261108,8.39160823822021,-6.9437050819397,-11.301007270813,-18.17018699646,0.55810177326202,-0.31910073757172,-1.20913136005402,0.06224924325943,3.55778384208679,1.60890352725983,0.90500825643539,2.9664158821106,2.66474652290344,7.56358242034912,4.00789356231689,7.39598846435547,13.1026010513306,17.4983882904053,19.9882736206055,-20.0211086273193,-20.0211086273193,-19.4585781097412,-1.13521671295166,-0.43883031606674,1.3711633682251,-1.60411512851715,-9.08390045166016,-18.6083335876465,-0.87388360500336,-7.86285781860352,-11.9904613494873,7.9945387840271,4.3143515586853,-13.8220252990723,15.6975564956665,6.38064002990723,-1.89475131034851,-14.0279092788696,-5.27909755706787,-0.43004912137985,3.23308062553406,5.12615203857422,3.93129968643188,-16.9371814727783,-3.45722723007202,12.3543796539307,-20.9139499664307,-8.96658420562744,-0.63446342945099,-32.0161628723145,-38.8973960876465,-24.6276569366455,-4.85622596740723,-4.34187746047974,-2.30586361885071,1.35001218318939,1.25349545478821,-0.74525558948517,0.78106755018234,0.24289529025555,1.51349496841431,8.11903762817383,0.0454898327589,0.61530983448029,-3.89057779312134,-3.81396341323853,-0.67755907773972,-12.9385652542114,-9.18685150146484,-5.14065027236938,0.95249164104462,0.87735521793365,-0.10552696883678,-1.97737073898315,-1.08428585529327,0.02138028293848,1.73951518535614,1.01991593837738,0.58681243658066,4.53222370147705,2.41335535049438,1.12288057804108,2.54503631591797,2.46842193603516,1.62566292285919,-7.50612163543701,-10.4318361282349,-10.7287168502808,-0.92225378751755,-1.06580710411072,-0.7811439037323,0.65606927871704,0.55955255031586,0.08307767659426,0.38644862174988,0.20746511220932,0.07979427278042,1.01035308837891,1.1755530834198,0.55306059122086,2.01591777801514,1.44609785079956,1.60890352725983,-9.74948883056641,-8.81096172332764,-7.94665479660034,-0.32482758164406,0.03680463135242,0.18707747757435,-0.22418753802776,-0.12339477986097,0.18814650177956,0.03397937864065,-0.09491318464279,-0.23419046401978,0.40222588181496,0.06703764945269,-0.60094463825226,1.5753847360611,1.30244576931,1.05823719501495,-7.55400562286377,-7.9059534072876,-8.46140766143799,SPIN
0.13698652386665,0.1809688359499,0.27565294504166,-0.17592918872833,-0.2101376503706,-0.29932397603989,-0.06436992436647,-0.00878118816763,0.03214678168297,-2.92571449279785,-2.80361008644104,-2.73896670341492,-1.05823719501495,-0.96725749969482,-0.85473001003265,10.764630317688,10.8651866912842,10.8173027038574,0.40210205316544,0.56520307064056,0.82054471969604,-0.48991394042969,-0.7489207983017,-1.32557761669159,0.0687986984849,0.10728321224451,-0.01916589774191,-2.70544791221619,-2.28406834602356,-1.73340201377869,-0.70628952980042,-0.39983168244362,0.07422025501728,10.7909660339355,10.5395755767822,10.3240966796875,1.2811371088028,1.93964982032776,2.68612718582153,-2.3402247428894,-3.90831589698792,-5.48862409591675,-0.32948544621468,-0.75831282138824,-1.00021553039551,-1.16118776798248,-0.7972691655159,-0.72783732414246,0.38307225704193,0.33997663855553,-0.41180267930031,10.1301670074463,10.213963508606,11.0591173171997,5.15890979766846,7.70194149017334,11.9602832794189,-9.74513339996338,-13.6094665527344,-18.6619338989258,-1.29831767082214,-1.64467835426331,-2.62206268310547,0.18914192914963,2.09013819694519,0.28969839215279,-0.35913026332855,0.61530983448029,0.18674772977829,12.2059392929077,14.7584581375122,16.5158023834229,16.4055500030518,19.9998817443848,20.0029354095459,-20.0211086273193,-20.0211086273193,-20.0137786865234,-3.37892484664917,-3.21338033676147,-1.28671133518219,-7.29303741455078,-13.6903448104858,-25.436897277832,-6.23958873748779,-19.0345020294189,-13.7406225204468,15.3498258590698,7.15656805038452,-8.01608657836914,15.3591375350952,6.26274299621582,-1.71149170398712,-10.8996686935425,-1.73546814918518,4.0439281463623,1.51349496841431,5.29169654846191,4.07363128662109,-23.3512477874756,1.09654438495636,12.349591255188,-19.1566066741943,-8.03284645080566,1.96803379058838,-28.6331558227539,-30.4551429748535,-20.0568256378174,-4.02056217193604,-2.38527607917786,0.12232576310635,4.19725513458252,1.30480813980103,-1.53327178955078,0.83909976482391,-0.17310394346714,0.84520840644836,9.46936702728272,3.55778384208679,2.86346530914307,1.31681096553802,-2.67192912101746,-1.4484920501709,-11.5978126525879,-7.56597661972046,-6.35690498352051,1.88222849369049,2.08442497253418,0.97265017032623,-2.79226493835449,-2.17223691940308,-0.55649822950363,1.18851470947266,0.51900637149811,-0.06314819306135,4.9012303352356,4.08450794219971,2.03746557235718,0.44771572947502,0.83557641506195,0.50038814544678,-7.38641166687012,-9.91947650909424,-11.4230356216431,-0.91309082508087,-0.83306747674942,-0.38591411709785,0.84360492229462,0.41844269633293,-0.03359758853912,-0.19876028597355,-0.14072808623314,-0.14194981753826,1.06063139438629,1.40779054164886,1.74537301063538,0.11013327538967,-0.16519992053509,-0.29448682069778,-10.5563344955444,-8.65294456481934,-7.64977359771729,0.12049316614866,0.33673948049545,0.2652682363987,-0.12522737681866,-0.01282817032188,0.21624629199505,-0.16333009302616,-0.29405525326729,-0.3325397670269,1.59214413166046,1.10851538181305,0.39743748307228,-0.20350714027882,-0.46926352381706,-0.68953007459641,-8.0448169708252,-9.14614963531494,-9.83328533172607,SPIN
-0.0145080499351,-0.02550362423062,-0.04382958263159,-0.02687807008624,-0.00183259579353,-0.05864306539297,0.15920674800873,0.21357376873493,0.21784982085228,-3.47159242630005,-3.29442143440247,-3.20344185829163,-0.51235914230347,-0.34955343604088,-0.32321724295616,10.2881841659546,9.97454357147217,9.87159252166748,0.0355829000473,0.17730364203453,0.28542679548264,-0.22724187374115,-0.47464230656624,-0.73181658983231,0.23006711900234,0.23495404422283,0.21846067905426,-3.16513466835022,-2.92092609405518,-2.58334374427795,-0.30885201692581,-0.18914192914963,0.0981622710824,9.8308916091919,9.76145935058594,9.32810878753662,0.4124867618084,0.62567871809006,1.15957498550415,-1.25227379798889,-2.05433988571167,-3.4825427532196,0.14698944985867,0.04436408728361,0.12194397300482,-2.22660756111145,-3.32554626464844,-1.25935006141663,0.27533319592476,-0.08140286058187,0.01915361359715,9.06714153289795,9.2538890838623,9.16290950775146,2.66291427612305,6.13018560409546,12.4074363708496,-7.08909130096436,-14.4231395721436,-20.0211086273193,-0.26290112733841,-1.2311224937439,-2.33617782592773,1.50834703445435,4.46997451782227,1.9943699836731,0.14604631066322,2.13562798500061,1.83874690532684,10.3935289382935,15.5796689987183,20.047248840332,18.4714965820313,20.0065994262695,19.2888336181641,-20.0211086273193,-20.0211086273193,-19.1848335266113,-2.48034191131592,-1.04480862617493,1.63811147212982,-9.2347354888916,-13.8339967727661,-25.6116733551025,-6.883629322052,-18.3066654205322,-9.74709415435791,17.5524921417236,0.90021985769272,-14.2960777282715,12.191801071167,2.73255300521851,-2.38405442237854,-8.47697734832764,-1.06534898281097,1.92056035995483,4.28437995910645,4.44137191772461,1.61612033843994,-7.62583160400391,7.47739124298096,14.475643157959,-13.2522058486938,-0.42137950658798,3.23217225074768,-32.1741790771484,-25.3123989105225,-16.2739868164063,-2.83609461784363,-1.23440599441528,0.78144937753677,1.01647973060608,-0.44776421785355,-1.82160019874573,-1.00143718719482,-0.55061864852905,0.59108847379684,6.48379755020142,1.94888019561768,2.26970314979553,-1.5753847360611,-2.63841032981873,-1.44130945205688,-9.33768558502197,-6.47422075271606,-6.27310752868652,1.80525946617126,1.27136325836182,-0.04932736977935,-1.91689515113831,-0.79107052087784,0.45326200127602,0.84520840644836,0.42371141910553,0.05474879592657,3.60087943077087,2.99035787582397,2.36307716369629,-0.04070143029094,0.14365209639072,0.06464344263077,-8.93306541442871,-11.7845602035522,-12.270583152771,-0.96929043531418,-1.11773073673248,-0.74998980760574,0.91263270378113,0.53817230463028,0.01038470957428,-0.17371480166912,-0.25251641869545,-0.18104518949986,1.99676418304443,1.91775560379028,2.08056116104126,0.08140286058187,-0.00478840339929,-0.14604631066322,-11.20276927948,-9.51964569091797,-8.21001720428467,-0.38408151268959,-0.0193949714303,0.085673853755,-0.20708331465721,-0.19425514340401,0.06230825558305,-0.10835222154856,-0.11446087807417,-0.26656633615494,2.14041638374329,2.16196417808533,1.80522811412811,-0.07182604819536,0.08140286058187,-0.06703764945269,-7.73357057571411,-8.03045177459717,-9.35205078125,SPIN
0.37155878543854,1.07405376434326,1.27502846717834,-0.69516462087631,-0.77824234962463,-0.74159038066864,-1.05213904380798,-0.99044162034988,-1.12910807132721,-1.12288057804108,-1.1372457742691,-1.61129772663116,0.30645781755447,1.52031803131104,0.93373864889145,15.6347360610962,14.9452056884766,13.9441299438477,1.06855607032776,1.00380432605743,1.48883128166199,-0.45509460568428,-0.19975294172764,-0.34086281061172,-1.15537524223328,-0.94890278577805,-0.3844633102417,-2.51870012283325,-3.63679242134094,-4.14436292648315,0.65840548276901,-0.51714754104614,-0.48841714859009,13.6161241531372,14.0758113861084,14.3367786407471,2.29395174980164,3.01171827316284,3.99460053443909,-0.74403387308121,-1.3335188627243,-2.53386902809143,0.18241962790489,0.61613392829895,0.63507080078125,-4.3143515586853,-2.9161376953125,-2.80361008644104,-0.88346040248871,-0.04788403213024,0.11492168158293,12.8380088806152,11.5451402664185,11.8875102996826,5.48389005661011,7.74286985397339,11.7721366882324,-4.19725513458252,-6.5527515411377,-10.2533731460571,0.70593112707138,1.08588933944702,2.10481262207031,-4.20182418823242,-6.35690498352051,-11.6911859512329,-0.9241618514061,-3.48595762252808,-8.76786613464355,11.6528787612915,11.5690822601318,8.82293224334717,16.9443321228027,20.0065994262695,19.9931621551514,-14.7542285919189,-17.7755680084229,-13.8281564712524,3.67046022415161,5.08461332321167,6.85490083694458,-14.9452056884766,-18.8405723571777,-24.0383834838867,-16.6331176757813,-22.4103260040283,-29.1598796844482,-0.09576806426048,-9.8308916091919,-18.1318874359131,16.6254615783691,8.86502933502197,3.47780847549438,-7.73660850524902,-0.94439768791199,-0.01588249579072,8.71498584747314,9.50300121307373,7.19698524475098,-7.15656805038452,10.3719806671143,18.0911865234375,-28.2165641784668,-12.1412963867188,-2.49236392974854,-32.4638786315918,-33.9746208190918,-29.5285873413086,1.18523132801056,-0.43722680211067,-1.17820632457733,-1.86924767494202,-2.05250716209412,-1.63223195075989,3.8647153377533,2.68085837364197,2.43895578384399,11.7151279449463,10.8149080276489,11.8228673934937,-1.84592950344086,-5.25796604156494,-3.05260705947876,-23.3153343200684,-17.198148727417,-11.8563861846924,-0.78419828414917,-0.57772582769394,-0.99128156900406,-1.68293380737305,-1.17958080768585,-0.27977627515793,1.82992315292358,0.89529937505722,0.03275764733553,11.1740388870239,8.60506057739258,5.87567043304443,-0.48362874984741,0.79008656740189,0.71347212791443,-9.39035797119141,-9.57471179962158,-9.81413173675537,-1.49463450908661,-1.70721566677094,-1.55022323131561,0.21685716509819,0.38179078698158,0.45142942667007,-0.54756432771683,-0.838947057724,-0.78702348470688,3.87381839752197,1.88184249401093,0.76375031471252,0.19153612852097,-0.53390699625015,-1.13006317615509,-8.91151809692383,-7.39838266372681,-6.07678318023682,-1.02793347835541,-0.34987306594849,0.0954476967454,0.34819319844246,0.1050688251853,-0.02626720629632,-0.55122953653336,-0.42050436139107,-0.42050436139107,0.92176765203476,1.60172092914581,1.66875863075256,-1.07499659061432,-0.86670100688934,-0.88824880123138,-5.61949062347412,-6.57717132568359,-7.85088682174683,SPIN
0.6250678896904,0.59818977117538,0.61468315124512,-0.9822713136673,-1.19179809093475,-1.17286121845245,0.45486554503441,0.57703858613968,0.64789897203445,-2.29125094413757,-1.85071790218353,-1.33357036113739,0.69192427396774,0.9720458984375,1.22343707084656,9.54358768463135,10.1517143249512,10.5922479629517,0.65316766500473,0.64033949375153,0.64705902338028,-1.11666166782379,-1.22539567947388,-1.60962986946106,0.61491221189499,0.45486554503441,0.24350616335869,-0.69431847333908,-0.36152446269989,-0.5243301987648,1.47961664199829,1.54665434360504,1.52031803131104,10.4797201156616,10.2474822998047,10.5467576980591,0.83031857013702,1.2090550661087,2.07770538330078,-2.15635442733765,-2.87289929389954,-4.31331968307495,0.09934195876122,0.01565342210233,-0.13767375051975,-0.6224924325943,-0.55066639184952,0.53869539499283,1.13245737552643,0.84994161128998,1.30005156993866,10.8891286849976,11.104606628418,11.1500968933105,4.14120817184448,7.71782445907593,12.3542909622192,-7.59672021865845,-11.9729585647583,-16.4658718109131,-0.68684160709381,-1.44981229305267,-2.3422863483429,1.40300214290619,0.85473001003265,-1.53228902816772,2.15956997871399,1.98958158493042,-0.26096799969673,13.1396780014038,15.2109622955322,17.2292747497559,16.4422016143799,20.0065994262695,19.6400814056396,-18.5580863952637,-18.1249828338623,-19.2917346954346,-3.02462291717529,-3.3624312877655,-2.16269207000732,-6.46464395523071,-14.4924020767212,-29.763219833374,-9.07192993164062,-22.2762508392334,-20.6338291168213,20.3752555847168,-5.94749641418457,-12.610559463501,14.655421257019,7.8161735534668,1.83824622631073,-11.7396078109741,-5.21801090240479,0.24007004499435,0.55932348966599,3.16771817207336,2.70162796974182,-26.387393951416,-9.32332038879394,-2.86107110977173,-19.9802112579346,-12.6895685195923,-6.92911911010742,-24.4983692169189,-21.5005302429199,-16.247652053833,-0.64858615398407,0.06062837690115,1.88955891132355,2.31090331077576,1.16064393520355,-0.84116142988205,2.14818406105042,2.84334874153137,3.49758529663086,-2.4205379486084,1.21386027336121,5.23162984848022,-5.13586187362671,-2.94486808776855,0.07661445438862,-12.3064956665039,-11.1093950271606,-12.0048265457153,2.92558646202087,2.38863587379456,0.84497934579849,-1.6578882932663,-0.86070913076401,0.37995818257332,3.29661059379578,2.37053894996643,1.57335984706879,8.72477054595947,7.83412742614746,6.59153652191162,0.96725749969482,1.47961664199829,1.46285724639893,-14.3798742294312,-16.6570606231689,-16.4942531585693,-0.45249843597412,-1.03648555278778,-1.16049122810364,0.96089100837708,0.6139195561409,0.02565634064376,0.98754000663757,0.43592870235443,0.04192062839866,5.79426717758179,4.48673391342163,2.85628271102905,1.89381349086761,1.91775560379028,1.48440504074097,-14.6911211013794,-12.7685766220093,-10.0703115463257,-1.01693797111511,-0.70234233140945,-0.32482758164406,-0.14294247329235,0.097127571702,0.19425514340401,-0.20914499461651,-0.46143233776093,-0.60987257957458,1.56101953983307,0.4955997467041,-0.54827219247818,1.16597628593445,0.68713587522507,0.05985504388809,-7.498939037323,-6.79504346847534,-7.15896224975586,SPIN
-0.0340557359159,0.19685132801533,0.41981714963913,0.14110986888409,-0.24801129102707,-0.57543504238129,-0.23480132222176,-0.02160935848951,0.17203491926193,-3.16274046897888,-3.19865345954895,-2.96402168273926,1.53707754611969,1.59214413166046,1.70227742195129,10.7071695327759,10.5922479629517,10.3360681533813,0.45219299197197,0.35934147238731,0.24877487123013,-0.61575216054916,-0.52290064096451,-0.4324925839901,0.31436651945114,0.39988765120506,0.48540878295898,-2.76769709587097,-2.4396915435791,-2.06380176544189,1.9943699836731,2.10689759254456,2.25294375419617,9.96975517272949,9.77343082427978,9.888352394104,0.32696563005447,0.59208112955093,1.02457368373871,-0.58704149723053,-1.04030346870422,-2.08610486984253,0.50862169265747,0.41332671046257,0.18608482182026,-1.5945383310318,-1.16358196735382,-0.63685762882233,2.52109432220459,2.782062292099,3.07176089286804,10.0104570388794,9.6704797744751,9.05038166046143,1.81808769702911,3.63785529136658,7.07091808319092,-4.42144250869751,-8.89297580718994,-15.0731000900269,-0.20975585281849,-0.52862751483917,-0.41989350318909,-0.69671267271042,-1.01274728775024,-2.22181916236877,2.85149431228638,2.39659595489502,1.56580793857574,9.11023712158203,10.0966482162476,15.3953151702881,12.818549156189,19.5710525512695,20.0065994262695,-19.8066940307617,-20.0211086273193,-20.0211086273193,0.420046210289,1.18362772464752,1.59412920475006,-4.56095409393311,-8.3608512878418,-17.0712566375732,-1.53707754611969,-12.1053829193115,-20.2746982574463,17.7057209014893,10.6137952804565,-9.38078117370606,19.2045345306396,9.7660551071167,2.1778872013092,-15.866003036499,-4.5827112197876,0.00183259579353,2.22576379776001,6.45967102050781,6.89766120910645,-29.6530857086182,-14.4277591705322,11.3440265655518,-27.6036491394043,-16.1854019165039,-4.57053089141846,-22.8532543182373,-33.2779083251953,-22.6641120910645,-0.84100872278214,-1.85809934139252,-2.0358612537384,-0.27977627515793,0.31948253512383,0.88514375686646,3.39190554618835,1.05656778812408,0.96432715654373,15.2085676193237,7.29782629013062,3.87381839752197,-0.73262572288513,-1.55623114109039,-1.06063139438629,-15.1511068344116,-12.5123977661133,-9.76145935058594,-1.15193915367126,0.21395555138588,0.92927873134613,0.59620445966721,-0.23029619455338,-0.71043628454208,1.42186522483826,1.35283744335175,0.91484707593918,5.26036024093628,6.43112516403198,5.47583866119385,0.39983168244362,1.64960491657257,1.51313543319702,-7.25473022460938,-7.93468379974365,-9.83328533172607,0.63178735971451,-0.3058907687664,-1.05847680568695,-0.50579643249512,0.17043140530586,0.67317348718643,0.4377613067627,0.03825543448329,-0.10529789328575,3.89776039123535,2.25773215293884,1.67594122886658,1.16358196735382,0.48123455047607,0.22984336316586,-11.1405200958252,-11.5523223876953,-10.5060567855835,-1.530064702034,-0.99861198663712,-0.37858372926712,0.92301738262177,0.47952923178673,0.20708331465721,-0.40828704833984,-0.38079813122749,-0.26351198554039,1.47961664199829,1.05344879627228,0.86909520626068,0.21547815203667,-0.00478840339929,-0.16519992053509,-8.32493877410889,-7.72159957885742,-7.75990676879883,SPIN
-0.44883322715759,-0.40301835536957,-0.28573220968246,0.17715092003345,0.00549778714776,-0.21074850857258,-0.61292690038681,-0.49686253070831,-0.36796995997429,-1.06541979312897,-1.25935006141663,-1.23301386833191,1.73100781440735,1.58974993228912,1.58974993228912,11.3272676467896,11.7941370010376,12.3424091339111,-0.02733621932566,0.3642283976078,0.78572541475296,-0.4886921942234,-0.77824234962463,-0.94806283712387,-0.29527699947357,-0.22502748668194,-0.16455182433128,-1.33596456050873,-1.43652105331421,-1.53707754611969,1.3718775510788,1.35990655422211,1.47243404388428,12.7254810333252,12.8763160705566,12.4956378936768,1.16934883594513,1.5700763463974,2.26524114608765,-1.01892328262329,-1.23211514949799,-2.18139982223511,-0.0686459839344,0.11339186131954,0.33452507853508,-1.77170920372009,-1.92254400253296,-1.63763391971588,1.10372698307037,0.86430680751801,0.85233581066132,11.5834474563599,10.6760444641113,9.10544872283936,3.91030120849609,7.32442712783813,11.4905281066895,-5.18685674667358,-10.9045553207397,-15.8641700744629,0.420046210289,0.15493069589138,0.02298380434513,-1.14921677112579,-1.46285724639893,-4.23055458068848,1.96085119247437,1.82677590847015,-0.34715923666954,9.14136123657227,9.90511131286621,11.3990936279297,15.7226028442383,19.0658683776855,20.0065994262695,-18.2599830627441,-17.564208984375,-13.0633535385132,0.54527360200882,1.07550466060638,2.30639815330505,-8.46380233764648,-13.2641763687134,-17.7631816864014,-8.2818431854248,-22.9825401306152,-25.6978645324707,13.8507556915283,12.3759279251099,-11.8108959197998,18.6962947845459,13.4740076065063,6.79969358444214,-10.3694372177124,-2.58884692192078,1.48379170894623,3.70527958869934,5.40653944015503,6.16950988769531,-18.3904609680176,-5.88285303115845,7.31458568572998,-27.6730804443359,-21.0839385986328,-10.6281604766846,-17.8158531188965,-28.9180660247803,-27.6826572418213,1.46317493915558,-1.48547160625458,-2.34556984901428,3.13312792778015,3.11296939849854,2.14047193527222,4.60141897201538,2.19216632843018,0.7267005443573,13.9465246200562,15.0290021896362,11.2147397994995,-4.59926128387451,-4.33111095428467,-3.87860679626465,-22.0104942321777,-16.8342304229736,-13.2450227737427,-2.00653958320618,-1.36940717697144,-0.7383833527565,0.85521131753922,0.08491026610136,-0.60353487730026,0.54710620641708,0.91912311315536,1.03274405002594,7.95144319534302,7.59231281280518,7.54682302474976,-3.45962142944336,-2.63122773170471,-1.95845699310303,-10.6401319503784,-9.56034660339356,-9.82131481170654,-0.57406061887741,-1.06886148452759,-1.78051948547363,-0.99326688051224,-0.72143185138702,-0.19181168079376,0.77984583377838,0.34979671239853,-0.06498079001904,6.50534534454346,5.22205305099487,4.13239192962646,-1.50834703445435,-1.42694425582886,-1.72861361503601,-10.4246530532837,-10.7478704452515,-9.87877559661865,-2.18307971954346,-2.1201605796814,-1.70110702514648,0.16798794269562,0.30360001325607,0.17531833052635,-0.33681583404541,-0.39118283987045,-0.29161179065704,3.1699230670929,2.65995812416077,2.31519293785095,-2.15717577934265,-2.37983655929565,-2.37983655929565,-8.40634155273438,-7.38880586624146,-6.89799451828003,SPIN
-0.2429716438055,-0.1782199293375,-0.10430523753166,-0.05619960278273,0.08857546001673,0.16615535318851,-0.15416711568832,-0.15050192177296,-0.12667818367481,-1.81241071224213,-1.88184249401093,-1.90578460693359,1.10612118244171,1.08217918872833,1.10612118244171,11.2147397994995,11.2722005844116,11.1572790145874,0.04413501545787,0.1699732542038,0.29642236232758,0.02199114859104,-0.14110986888409,-0.23335053026676,-0.08147415518761,-0.06253732740879,-0.14072808623314,-2.06859016418457,-1.49877023696899,-1.45088624954224,1.16597628593445,1.25216746330261,1.31681096553802,11.2267112731934,11.2985372543335,11.9186353683472,0.53527069091797,1.0367910861969,1.92132389545441,-0.31398472189903,-0.43493604660034,-0.96699970960617,-0.25312727689743,-0.41683918237686,-0.53107094764709,-1.47961664199829,-1.721431016922,-2.08056116104126,1.75255560874939,1.52750062942505,1.36708915233612,12.8380088806152,13.6855564117432,14.0877819061279,3.60853362083435,7.15399551391602,13.1337556838989,-3.22781205177307,-8.7298755645752,-17.5183925628662,-0.65385490655899,-1.02587187290192,-0.64957880973816,-1.47003984451294,-3.78762698173523,-9.02165126800537,1.71424841880798,1.03190088272095,-3.87860679626465,15.2396926879883,16.001049041748,19.254768371582,19.4391059875488,20.0065994262695,20.0065994262695,-20.0211086273193,-20.0211086273193,-20.0211086273193,0.76335245370865,1.75112164020538,2.21599006652832,-14.6145067214966,-17.562068939209,-22.4797592163086,-11.1716442108154,-20.8038177490234,-19.3864498138428,13.0343332290649,3.51468801498413,-3.52187061309814,19.7634754180908,12.1123886108398,3.0758593082428,-13.4506416320801,-4.04148435592651,2.61572504043579,2.59533739089966,3.9948296546936,4.30881452560425,-20.2435741424561,-8.54999351501465,10.4102878570557,-22.9945125579834,-12.2226991653442,-2.7317841053009,-21.2132263183594,-30.8046970367432,-27.4767570495605,-1.46042609214783,-2.07434558868408,-1.29488158226013,2.66153979301453,1.42270517349243,0.82100290060043,1.88917708396912,-0.09552405029535,0.0315359197557,13.0223627090454,7.28346061706543,2.88501310348511,0.36391866207123,-1.20428347587585,-1.23301386833191,-16.8126831054688,-10.858003616333,-9.54837608337402,-0.2845104932785,0.38927388191223,0.56825739145279,0.14233160018921,-0.12156218290329,-0.24068090319633,0.8562039732933,1.19584512710571,0.80611306428909,2.87783050537109,4.57053089141846,5.10473728179932,-0.71586632728577,0.08619125932455,0.32800564169884,-8.85405731201172,-9.47894382476807,-10.2666358947754,0.23839016258717,-0.44089198112488,-1.03953993320465,-0.12400564551353,0.24678955972195,0.5711590051651,0.11644618958235,-0.38935023546219,-0.53534704446793,3.99113416671753,2.3247697353363,1.25935006141663,-0.0526724383235,-0.70628952980042,-1.32399356365204,-10.9825029373169,-10.8963108062744,-10.0320043563843,-1.23623859882355,-1.00166630744934,-0.51602840423584,0.58826321363449,0.35552358627319,0.09468411654234,-0.41806089878082,-0.20547980070114,-0.0332157984376,1.04626619815826,1.17076468467712,1.46285724639893,-1.53707754611969,-1.34314715862274,-1.07020819187164,-8.8947582244873,-7.79342603683472,-7.6378026008606,SPIN
-0.16905695199966,-0.13362677395344,-0.06765332818031,-0.24373523890972,-0.25778514146805,-0.29077184200287,-0.09185886383057,-0.1333976984024,-0.16210836172104,-1.77649760246277,-1.82917010784149,-1.8866308927536,1.6448165178299,1.66397023200989,1.59693253040314,10.3432502746582,10.6928043365479,10.7694187164307,0.01908953860402,0.15897768735886,0.33429601788521,-0.42149701714516,-0.56138515472412,-0.68477994203568,-0.14378240704536,-0.10835222154856,-0.0979675129056,-1.84114110469818,-1.61129772663116,-1.42694425582886,1.60890352725983,1.70706582069397,1.74297881126404,11.0710878372192,11.3081140518188,11.3631801605225,0.52977287769318,0.74235397577286,1.02823889255524,-0.89186328649521,-1.18080246448517,-1.51372408866882,-0.12545645236969,-0.17554740607738,-0.26045766472816,-1.40300214290619,-1.34314715862274,-1.66636443138123,1.78128612041473,1.66636443138123,1.5442601442337,11.3631801605225,11.6624555587769,11.9162406921387,1.45034682750702,2.21270656585693,7.36657667160034,-2.00852489471436,-3.25896596908569,-11.4011888504028,-0.28305968642235,-0.28855746984482,0.02787072770298,-1.86268889904022,-2.32955837249756,-4.32871675491333,1.38624274730682,0.79008656740189,0.3016694188118,11.6361198425293,11.4876794815063,12.4884557723999,12.3817806243896,18.6523113250732,20.0065994262695,-17.4591388702393,-20.0211086273193,-19.8549537658691,0.54038667678833,2.16406655311584,5.25809907913208,-9.59386539459228,-20.1621704101563,-23.0567607879639,-3.48356342315674,-17.8014888763428,-26.0761489868164,12.1341133117676,9.03122806549072,-17.5716457366943,19.7469825744629,13.698805809021,6.11063766479492,-15.1445713043213,-6.57596445083618,-0.77702057361603,7.55861759185791,9.27087306976318,8.11633777618408,-19.4391212463379,-2.01112937927246,12.9649019241333,-29.5405578613281,-19.9850006103516,-5.93313121795654,-23.911491394043,-32.5333099365234,-31.4894390106201,0.80527311563492,-1.43476974964142,-1.83977341651917,0.72143185138702,0.64385199546814,0.60781091451645,4.58187103271484,0.94477945566177,-1.02526092529297,21.4622230529785,20.3130054473877,12.2634000778198,0.26815059781075,-1.23540806770325,-3.07415509223938,-23.2913932800293,-14.5642280578613,-10.6712560653687,-1.4689781665802,-0.67363166809082,-0.18616119027138,0.47647488117218,-0.01588249579072,-0.36468654870987,-1.17064690589905,-0.7344890832901,-0.54817521572113,7.45584344863892,5.29866743087769,4.47715711593628,-3.47159242630005,-2.87304210662842,-2.46123933792114,-8.34648609161377,-7.92271280288696,-8.56675338745117,-0.40424007177353,-0.97417736053467,-1.31748366355896,-0.22907446324825,0.01221730466932,0.16249015927315,-0.79801911115646,-0.84566658735275,-0.72410440444946,2.14520478248596,1.52750062942505,1.24737906455994,-2.33913516998291,-2.85149431228638,-3.06218385696411,-10.6305551528931,-10.1181955337524,-8.76547145843506,-1.27105784416199,-0.90270608663559,-0.39629882574081,0.24801129102707,0.19120082259178,0.06414084881544,-0.48464521765709,-0.21647536754608,-0.00267253536731,1.30005156993866,1.70227742195129,2.15478157997131,-2.97359848022461,-2.64559292793274,-2.29125094413757,-7.61864900588989,-7.0416464805603,-7.5372462272644,SPIN
0.06307183951139,0.13148874044418,0.2561052441597,-0.42821654677391,-0.70799279212952,-1.03358399868011,-0.07780896127224,-0.08697193861008,-0.08575020730495,-3.2082302570343,-3.07654929161072,-2.98078107833862,2.08534979820251,2.05422496795654,1.93930339813232,9.17009162902832,9.39754104614258,9.7303352355957,0.37522396445274,0.47662761807442,0.65316766500473,-1.32496666908264,-1.56259334087372,-1.82221102714539,-0.06986771523952,-0.02832887507975,0.06818783283234,-2.97599267959595,-3.01669406890869,-2.9161376953125,1.94648599624634,1.92972660064697,1.95366859436035,10.0391874313354,10.5299987792969,10.7885723114014,0.92988961935043,1.2402092218399,2.09480953216553,-2.29746413230896,-3.00484609603882,-4.88570022583008,0.16226108372211,0.17142406105995,0.0816268697381,-2.53067111968994,-1.89381349086761,-2.1284453868866,2.01112937927246,1.90099620819092,1.65918183326721,10.8196964263916,10.843638420105,11.8108959197998,4.14548444747925,7.90413808822632,12.805721282959,-8.31021118164063,-13.1849155426025,-17.5312213897705,0.11155926436186,0.3681226670742,0.93439477682114,-2.49475812911987,-4.16351652145386,-7.05601167678833,1.13963997364044,0.02394201606512,-3.55538964271545,13.6448545455933,15.3163070678711,14.554651260376,18.1452941894531,20.0065994262695,20.0065994262695,-19.0302848815918,-17.5348873138428,-16.5648326873779,1.69186770915985,2.09320616722107,2.25447463989258,-11.5092267990112,-11.1812210083008,-19.4319400787354,-12.4740905761719,-24.5510425567627,-22.9633865356445,12.545916557312,-10.793360710144,-12.9074401855469,16.0842342376709,7.48508453369141,1.0490083694458,-8.33342361450195,-0.78679442405701,2.18323230743408,4.26116704940796,7.0882511138916,5.46640396118164,-22.3648357391357,2.72220730781555,15.2181444168091,-21.7854404449463,-11.1644620895386,-1.53468334674835,-30.4407787322998,-29.3562049865723,-23.4039192199707,-1.8623753786087,-2.29425716400146,-1.76952385902405,1.50150680541992,1.13254415988922,1.00731682777405,1.71080446243286,-0.81329071521759,-0.99777203798294,16.8821144104004,9.50049209594727,4.04141235351563,-0.1268926858902,-2.76769709587097,-2.51870012283325,-14.4947967529297,-9.82131481170654,-8.2028341293335,-0.63575798273087,0.39599338173866,0.7411322593689,0.26267206668854,-0.29321530461311,-0.3683517575264,-0.2806162238121,0.19158260524273,0.18975001573563,3.22020125389099,3.76607918739319,3.31357526779175,-2.16435837745667,-1.86268889904022,-1.37666594982147,-7.32416248321533,-7.97777938842773,-9.48133754730225,0.3911064863205,-0.27290403842926,-0.78053307533264,-0.01527163106948,0.45998153090477,0.6322455406189,-0.05459608137608,-0.43455424904823,-0.60803997516632,2.89219570159912,2.41574954986572,1.80522811412811,-1.09175598621368,-1.55383694171906,-2.13562798500061,-10.2905778884888,-10.9322242736816,-10.1325607299805,-0.92591899633408,-0.74327027797699,-0.4922046661377,0.62613689899445,0.30482175946236,0.09285151958466,-0.58971405029297,-0.42539128661156,-0.23907738924026,1.82917010784149,1.54904854297638,1.92733240127563,-2.65277552604675,-2.82515811920166,-2.77727389335632,-9.56034660339356,-8.9953145980835,-8.43267726898193,SPIN
-0.11530081182718,-0.0193949714303,0.02703078649938,-0.01221730466932,-0.05375614017248,-0.06719517707825,0.10239628702402,0.07307475805283,0.04436408728361,-2.95683908462524,-2.91134929656982,-3.13161587715149,0.62728083133698,0.5746083855629,0.46208092570305,10.0535526275635,10.2235403060913,10.6377372741699,-0.01145372353494,-0.01634064503014,0.10522153973579,0.08552113175392,0.35735616087914,0.78618359565735,0.08468119800091,0.14271339774132,0.1866956949234,-3.13640427589417,-3.16274046897888,-2.81079268455505,0.47884035110474,0.70150107145309,0.99359369277954,11.2482585906982,12.3663511276245,12.6560497283936,0.33429601788521,1.43935120105743,2.58533453941345,1.05313169956207,0.14782938361168,-1.27487576007843,0.11217013001442,-0.06681338697672,-0.1706604808569,-2.79882168769836,-3.68946480751038,-4.71657752990723,1.24977326393127,1.04387199878693,0.4716577231884,12.5435218811035,11.9377889633179,12.2155160903931,4.6781587600708,7.53884077072144,11.3579702377319,-3.88998985290527,-8.09885120391846,-14.3486137390137,-0.18959729373455,0.11888964474201,0.58375811576843,-6.89799451828003,-8.09270095825195,-11.5930242538452,-0.76853877305984,-1.70946002006531,-4.71657752990723,11.6959743499756,8.84448051452637,10.4438066482544,16.7115936279297,20.0065994262695,20.0065994262695,-19.7126216888428,-20.0211086273193,-20.0211086273193,2.01501536369324,3.85066533088684,5.81337547302246,-16.0776634216309,-20.3082180023193,-24.7353954315186,-9.66329765319824,-19.0871753692627,-27.9939041137695,8.69604015350342,3.00951147079468,-11.7151279449463,20.0065994262695,15.6682357788086,6.69951200485229,-13.4048271179199,-5.59308195114136,2.79531931877136,7.54578924179077,8.06624603271484,5.15486288070679,-19.2212505340576,1.26174426078796,15.6012172698975,-30.8837051391602,-21.4933471679688,-6.09833097457886,-25.9157371520996,-27.37619972229,-29.8326511383057,0.39416080713272,-2.36267399787903,-3.16962695121765,5.19601964950562,3.07998251914978,1.24311077594757,1.2856422662735,-1.65933907032013,-1.87619626522064,18.0385150909424,11.7534351348877,5.09037208557129,0.56981998682022,-1.85550630092621,-4.55855989456177,-28.4104957580566,-24.1628818511963,-15.8430309295654,-3.12930989265442,-1.99859833717346,-0.46105054020882,-0.21135938167572,-1.05252087116241,-1.38238799571991,-0.53840136528015,0.54160839319229,0.72792232036591,4.20900678634644,5.56202983856201,5.83257484436035,-3.47159242630005,-2.00634098052979,-0.9433154463768,-8.24832439422607,-3.86663579940796,-3.47398662567139,0.59085941314697,0.72952580451965,0.28053987026215,-1.16858518123627,-0.58887410163879,0.02809980139136,0.33696854114532,-0.1834886521101,-0.56161421537399,4.78361511230469,3.18668246269226,1.76452660560608,-0.34955343604088,-0.17717093229294,-0.56981998682022,-5.6434326171875,-8.023268699646,-10.0032739639282,-0.37308594584465,-0.83612179756165,-0.90270608663559,0.40683624148369,0.46486845612526,0.17470745742321,-0.60070961713791,-0.45471280813217,-0.35880696773529,1.55383694171906,2.28406834602356,2.74614930152893,-1.23061966896057,-1.58496153354645,-1.76931500434875,-10.616189956665,-10.1924161911011,-8.8372974395752,SPIN
0.43508878350258,0.66171979904175,0.86941397190094,-0.49541172385216,-0.49968776106834,-0.13377949595451,0.1109483987093,0.16959145665169,0.33757939934731,-3.14119267463684,-3.70622420310974,-3.49074602127075,1.21864867210388,1.25456166267395,1.30962836742401,10.1110134124756,10.7095632553101,9.711181640625,0.96898502111435,0.94332867860794,0.82359904050827,-0.11239920556545,-0.22663100063801,-0.40622538328171,0.47563496232033,0.47258061170578,0.31680998206139,-3.17471146583557,-2.72220730781555,-2.80839848518372,1.77170920372009,2.41096115112305,3.06218385696411,9.0384111404419,8.41591835021973,9.5316162109375,0.83031857013702,1.16873788833618,2.03983187675476,-0.44470989704132,-0.4416555762291,-1.01159286499023,0.06635523587465,-0.08636107295752,-0.14744760096073,-2.72460150718689,-3.6343982219696,-4.49870491027832,2.99275207519531,2.74375510215759,1.90099620819092,10.8029375076294,12.1508731842041,11.5235919952393,3.44421100616455,5.89561319351196,9.76300144195557,-2.90894031524658,-7.67002391815186,-15.0358371734619,0.1628719419241,0.60208404064178,1.7279087305069,-5.34894609451294,-8.55478191375732,-13.0127859115601,1.45088624954224,0.06224924325943,-5.03530550003052,9.93623638153076,4.81713390350342,11.5092267990112,18.2033252716064,20.0065994262695,20.0065994262695,-20.0211086273193,-20.0211086273193,-19.9960632324219,4.13105249404907,4.96060752868652,5.06201124191284,-12.378321647644,-20.3752555847168,-20.8876132965088,-14.1524257659912,-17.3513774871826,-27.1942405700684,7.88201141357422,-4.93474912643433,-19.230827331543,19.9699478149414,13.4294137954712,-2.29608964920044,-14.1195392608643,-4.47397708892822,4.08546686172485,5.5739164352417,6.98501491546631,1.1323150396347,-19.9897880554199,2.56897830963135,15.6586780548096,-26.5310459136963,-15.3234891891479,-1.08936178684235,-26.6435737609863,-35.7178993225098,-18.8501491546631,-2.88313126564026,-1.41094601154327,0.24022275209427,3.16061687469482,0.60597831010818,-1.19424152374268,-1.22745740413666,-0.59887701272964,0.7700719833374,6.36408758163452,0.93134444952011,1.56580793857574,-3.05739545822144,-3.42370843887329,-2.84431171417236,-15.1439247131348,-11.7989253997803,-9.60823059082031,1.08871459960938,0.63117653131485,-0.74449199438095,-1.67804682254791,-1.12887895107269,0.02932153269649,1.16469097137451,0.79206317663193,0.1414916664362,2.2864625453949,2.04464817047119,1.41976165771484,-1.95845699310303,-1.41497325897217,-1.23540806770325,-10.3193082809448,-11.6193599700928,-11.2913541793823,-1.83855164051056,-2.03402853012085,-1.4323263168335,0.80573123693466,0.84238314628601,0.35491269826889,-0.38873937726021,-0.46021059155464,-0.09857837855816,0.53390699625015,-0.1723825186491,0.18195933103561,-1.85311210155487,-2.13083958625793,-1.95127439498901,-9.50288581848144,-7.88679981231689,-6.30183792114258,-0.51541757583618,0.31658092141151,0.66843926906586,-0.05803219974041,-0.25717425346375,-0.12095131725073,0.26794075965881,0.37545305490494,0.23678663372993,0.91219085454941,1.59932672977448,1.55623114109039,-1.16837048530579,-0.66319388151169,-0.56981998682022,-5.85172843933105,-6.70885229110718,-8.30817890167236,SPIN
0.7099781036377,0.79183405637741,0.84436845779419,-0.95294976234436,-1.06107294559479,-1.12277030944824,-0.40034580230713,-0.4150065779686,-0.36796995997429,0.6033388376236,0.32321724295616,0.18914192914963,3.11006808280945,2.85628271102905,2.72699570655823,10.178050994873,10.0224275588989,9.82610321044922,0.90240067243576,0.9744827747345,1.10887312889099,-1.22661745548248,-1.40376830101013,-1.6578882932663,-0.26045766472816,-0.14011721313,-0.04787656292319,0.20829555392265,0.39025488495827,0.75177931785583,2.75093770027161,2.88980150222778,3.16513466835022,9.67287445068359,9.67287445068359,9.58668327331543,1.36238217353821,1.83091580867767,2.70506405830383,-2.1013765335083,-2.71163082122803,-4.03293228149414,-0.02893974073231,-0.02527454867959,0.01015563495457,0.9720458984375,0.91219085454941,0.59855043888092,3.29442143440247,3.15555787086487,2.77727389335632,9.91229438781738,9.97933197021484,9.99369716644287,4.60974168777466,8.34212875366211,14.214376449585,-6.88261890411377,-11.6528654098511,-16.9588413238525,0.0687986984849,0.2599995136261,0.46219590306282,-0.3016694188118,-2.04943656921387,-6.19170475006104,2.14999318122864,1.42694425582886,-4.33111095428467,11.2267112731934,12.4740905761719,15.5341787338257,19.9882736206055,20.0065994262695,19.9583415985107,-19.1921634674072,-19.9936199188232,-14.3003549575806,0.51473033428192,1.49211466312408,2.78042960166931,-13.3671274185181,-21.0025367736816,-29.1718521118164,-21.5364437103271,-25.049036026001,-25.0921325683594,4.81952810287476,-6.99855089187622,-23.9713459014893,12.5870313644409,2.12779641151428,-3.80309438705444,-5.90828847885132,1.24921941757202,3.98406314849854,5.73335218429565,5.52321434020996,1.20806241035461,-11.7294931411743,13.3048782348633,19.5420722961426,-17.7655754089355,-1.60650932788849,2.29843354225159,-40.080135345459,-31.4631023406982,-17.152660369873,-3.70230150222778,-1.62413799762726,0.46685376763344,2.953533411026,0.71654492616653,-1.12215948104858,-1.97332382202148,-1.03259134292603,0.49640437960625,6.60829591751099,-1.17076468467712,1.20667767524719,-1.20428347587585,-1.87226569652557,-0.80205756425858,-11.0423574447632,-8.16213321685791,-7.00094509124756,1.33978021144867,0.55909442901611,-0.82146102190018,-1.53266084194183,-0.68172562122345,0.40744712948799,0.4719697535038,-0.2244166135788,-0.70028066635132,2.59292054176331,0.95049810409546,-0.58657944202423,-0.42616790533066,-1.02950668334961,-1.83635270595551,-9.38796424865723,-11.458948135376,-10.8771572113037,-1.6155858039856,-1.60825550556183,-1.01082921028137,1.01098203659058,1.03175139427185,0.70554935932159,-0.84811002016068,-0.7656432390213,-0.38751763105392,-1.18752408027649,-1.54665434360504,-1.33117616176605,-2.27927994728088,-2.51870012283325,-2.42532634735107,-9.06714153289795,-7.57315921783447,-7.06798267364502,-0.20143280923367,0.40882155299187,0.52794027328491,0.23579397797585,-0.14172074198723,-0.11545353382826,0.06391177326441,0.25694519281387,0.21174116432667,-0.25857377052307,0.44053310155869,0.4764461517334,-1.90099620819092,-1.4867992401123,-1.34314715862274,-7.676109790802,-8.82532691955566,-9.82131481170654,SPIN
-0.2930625975132,-0.20265454053879,-0.18982636928558,0.22724187374115,0.18631389737129,0.13927727937698,-0.26290112733841,-0.34536793828011,-0.37285688519478,-1.28089785575867,-1.43173265457153,-1.52750062942505,0.89543145895004,0.91458505392075,0.82360535860062,10.8220911026001,10.6856212615967,10.9010992050171,-0.46715918183327,-0.55451291799545,-0.45249843597412,0.54794609546661,0.4202753007412,0.05619960278273,-0.37530034780502,-0.30138564109802,-0.35208746790886,-2.03746557235718,-1.84114110469818,-1.57059633731842,0.62728083133698,0.58657944202423,0.76375031471252,10.000880241394,10.5994300842285,11.7079458236694,1.02213025093079,2.41734647750854,4.43503427505493,-1.66888380050659,-3.44650173187256,-6.71951770782471,-0.69783717393875,-1.08023881912231,-1.7234799861908,-1.11090958118439,-0.18674772977829,-0.02873042039573,0.63925182819366,0.89064306020737,0.71586632728577,13.9991970062256,14.0183506011963,14.3463554382324,8.13382339477539,14.1404609680176,19.5374565124512,-12.9436235427856,-19.6661949157715,-20.0211086273193,-2.26104140281677,-3.21276950836182,-4.13578701019287,0.69671267271042,-0.98401689529419,-7.46302604675293,0.98162269592285,-1.61608612537384,-9.55555820465088,20.485387802124,24.2442855834961,24.2873802185059,20.0065994262695,20.0065994262695,16.7335834503174,-20.0211086273193,-20.0211086273193,-13.7377481460571,-3.74849820137024,-2.55181312561035,-0.82428628206253,-13.2067155838013,-21.4622230529785,-16.760009765625,-16.3458137512207,-14.92844581604,-12.3807163238525,8.99052619934082,6.34493398666382,-10.2403001785278,8.73491477966309,0.4809036552906,-2.79333400726318,-2.97552466392517,3.69939994812012,4.48558330535889,-0.36674821376801,-0.28672486543655,-1.14865577220917,-8.14776802062988,-0.11492168158293,2.15478157997131,-8.64336776733398,-1.85550630092621,-1.4484920501709,-24.4956760406494,-22.755090713501,-15.5174198150635,-1.99737668037415,0.27931812405586,1.79426395893097,2.35488557815552,0.09162978827953,-1.13254415988922,-1.16148388385773,-0.13034337759018,0.3766747713089,-1.89620769023895,-2.20984816551209,-0.62488663196564,-2.29364514350891,-1.52271223068237,-0.93613284826279,-9.0767183303833,-7.07995367050171,-8.736741065979,2.49492645263672,1.54075491428375,-0.08659014850855,-1.46057879924774,-0.46547931432724,0.72754049301147,0.37117698788643,0.04069889709353,-0.18898643553257,-0.27293899655342,-0.86909520626068,-1.14682257175446,-1.20428347587585,-1.64960491657257,-1.46046304702759,-11.8994817733765,-13.9369478225708,-13.5802116394043,-1.16537821292877,-1.36696374416351,-0.9167560338974,1.16247653961182,1.03847086429596,0.56016343832016,-0.29772046208382,-0.26290112733841,-0.02527454867959,-1.14682257175446,-1.4293384552002,-1.30723416805267,-1.46046304702759,-1.72382521629334,-1.47482824325562,-13.5802116394043,-9.5914716720581,-8.47098445892334,-0.26129761338234,0.12721268832684,0.12354749441147,0.11239920556545,-0.00671951752156,0.16554448008537,0.19402606785297,0.23800836503506,0.24106270074844,-0.70628952980042,-0.64404028654099,-0.32800564169884,-1.16837048530579,-0.98401689529419,-0.94810384511948,-8.63857936859131,-9.39035797119141,-10.178050994873,SPIN
-0.55817812681198,-0.47143524885178,-0.33276882767677,0.11728613078594,0.11423180252314,0.04886921867728,-0.22624921798706,-0.26412287354469,-0.27878361940384,-1.43891525268555,-1.58496153354645,-1.54665434360504,1.49398183822632,1.55144274234772,1.50834703445435,10.7358999252319,11.2793836593628,11.6648502349854,-0.07681630551815,0.12415836006403,0.50533825159073,-0.14599679410458,-0.09468411654234,-0.04092797264457,-0.33620494604111,-0.41134139895439,-0.45410194993019,-1.58496153354645,-1.83635270595551,-2.35828876495361,1.61129772663116,1.53947174549103,1.25935006141663,12.8068838119507,13.5371160507202,14.3870573043823,1.18462038040161,2.1235203742981,3.35930061340332,-0.19058994948864,-0.78068578243256,-1.90589952468872,-0.4186717569828,-0.18471038341522,0.20502164959908,-3.26808524131775,-4.38617753982544,-4.60165548324585,0.60094463825226,-0.29209262132645,-0.71586632728577,14.7967653274536,14.1500310897827,13.1013708114624,4.61157464981079,7.16010427474976,11.5418405532837,-3.51064252853394,-7.27051830291748,-13.534330368042,0.39255726337433,0.33819025754929,0.42310053110123,-4.49870491027832,-6.54125833511353,-8.69604015350342,-0.87867200374603,-0.76375031471252,-3.63679242134094,12.1987571716309,11.0136270523071,13.0606698989868,17.4782295227051,20.0065994262695,20.0065994262695,-18.9319362640381,-20.0211086273193,-19.3277759552002,0.66622489690781,1.33451151847839,3.81890034675598,-13.953706741333,-23.3153343200684,-31.4535255432129,-12.7326641082764,-26.6196327209473,-33.5149345397949,12.1245365142822,8.43986034393311,-5.21487045288086,20.0065994262695,15.3988437652588,-0.01145372353494,-12.4738683700562,-2.89000344276428,4.01338481903076,6.05711078643799,7.23669147491455,2.11092114448547,-23.3368816375732,0.16519992053509,19.4582748413086,-35.114559173584,-19.2763156890869,-0.19393034279346,-22.0440139770508,-32.554859161377,-25.0035457611084,-1.95950293540955,-2.13298869132996,-1.51968002319336,2.10626339912415,1.32252323627472,0.46242499351501,-1.02648270130157,-1.03992176055908,-0.00755945732817,10.7382936477661,4.18506479263306,3.75171399116516,-3.77805018424988,-4.86741209030151,-3.77565598487854,-17.1167469024658,-12.7159042358398,-10.4222593307495,-0.77808958292007,-0.58872139453888,-1.10001564025879,-0.34025195240974,-0.46609017252922,-0.05314527451992,0.42248967289925,0.24289529025555,-0.08086328953505,4.24013137817383,3.10288548469543,1.66875863075256,-2.91134929656982,-2.4396915435791,-2.3511061668396,-9.74230575561523,-10.5204219818115,-11.1141834259033,-1.78479552268982,-2.08045434951782,-1.825723528862,0.33536502718925,0.48808133602142,0.49846604466438,-0.27817276120186,-0.25190556049347,0.03764457255602,0.77093297243118,0.32321724295616,0.65361708402634,-2.64559292793274,-3.02627086639404,-2.87783050537109,-10.3432502746582,-8.64336776733398,-7.1613564491272,-1.20936048030853,-0.55695641040802,-0.0841466858983,0.38484510779381,0.19730947911739,-0.00549778714776,0.32963815331459,0.48052188754082,0.46647197008133,1.43652105331421,2.18111777305603,2.52109432220459,-2.18111777305603,-1.49877023696899,-1.10612118244171,-6.80462074279785,-7.52766942977905,-8.67449188232422,SPIN
-0.18371772766113,-0.14767667651176,-0.07864890247583,-0.00122173049022,-0.18936823308468,-0.26633724570274,-0.11507174372673,-0.07964155822992,-0.04237877577543,-3.58651423454285,-3.57214903831482,-3.46680402755737,1.50355863571167,1.57059633731842,1.75255560874939,8.56435871124268,9.15812110900879,9.79497814178467,0.0056505035609,0.07284568250179,0.15470162034035,-0.20952677726746,-0.18753562867641,-0.40561452507973,-0.04787656292319,-0.07414376735687,-0.08636107295752,-3.39497804641724,-3.57214903831482,-3.66791701316834,1.92733240127563,1.97282218933105,1.86029469966888,10.0224275588989,9.85243892669678,9.91229438781738,0.33429601788521,0.88224214315414,1.70935368537903,-0.79778999090195,-1.71103358268738,-3.07815003395081,-0.09613491594791,0.01748601719737,0.1042288839817,-4.49631071090698,-4.51785850524902,-4.48673391342163,1.98239898681641,1.98958158493042,2.07337856292725,10.764630317688,11.2865657806396,11.9713077545166,2.84617400169373,4.90662240982056,8.98964595794678,-4.84416151046753,-8.24851322174072,-15.6967935562134,0.20685423910618,0.2819906771183,0.52633678913116,-4.10126733779907,-3.75650238990784,-6.78786087036133,2.00873517990112,1.49398183822632,-0.2777273952961,12.122142791748,9.93384170532227,16.5636863708496,17.4605140686035,20.0065994262695,20.0065994262695,-20.0211086273193,-20.0211086273193,-20.0211086273193,1.79327130317688,3.29355621337891,4.93556213378906,-12.4453601837158,-22.709602355957,-29.8541984558105,-11.7223110198975,-21.5125007629395,-27.3881702423096,14.1620025634766,-8.78223133087158,-11.7462530136108,19.6865062713623,11.552225112915,2.32082986831665,-14.1677980422974,-5.28093004226685,2.37076807022095,7.37230348587036,8.72720241546631,5.17196702957153,-22.9945125579834,5.38964748382568,22.956205368042,-26.1623401641846,-11.7294931411743,0.94570964574814,-31.5732364654541,-31.3673343658447,-26.3754234313965,-2.88129854202271,-3.39381456375122,-1.91002285480499,4.86370897293091,3.9193115234375,1.11666166782379,-0.25495988130569,-2.12176418304443,-0.48586693406105,17.4327812194824,3.6152446269989,-0.02873042039573,-0.20111294090748,-3.88578939437866,-3.1196448802948,-18.9530982971191,-15.5772752761841,-11.0279922485352,0.26832255721092,1.32023251056671,0.56092703342438,-1.5357152223587,-2.00608158111572,-0.75747293233871,1.09932839870453,1.11398911476135,0.3681226670742,3.3231520652771,4.46997451782227,3.35906505584717,-2.05901336669922,-1.10133278369904,-0.99598789215088,-8.43028354644775,-9.67526817321777,-11.9760961532593,-0.98456203937531,-1.96255731582642,-2.01814603805542,0.66278880834579,1.12887895107269,0.87659162282944,-0.29039007425308,-0.48525607585907,-0.27450758218765,1.30244576931,0.13886369764805,0.05746084079146,-1.28808057308197,-1.94888019561768,-2.10210919380188,-12.3160724639893,-10.3791637420654,-8.21241092681885,-1.33886384963989,-0.61621034145355,0.21762074530125,0.31459560990334,-0.13744467496872,-0.52228981256485,0.13171781599522,0.31925344467163,0.33941200375557,0.97922849655151,1.81959331035614,2.16435837745667,-1.61129772663116,-0.79966336488724,-0.43574470281601,-6.883629322052,-6.66336250305176,-7.9251070022583,SPIN
0.09178250283003,0.27931812405586,0.54076844453812,-0.30665436387062,-0.46486845612526,-0.67744958400726,-0.13645201921463,-0.09063713252544,-0.06436992436647,-2.39420175552368,-2.3056161403656,-2.27449154853821,1.31202256679535,1.33117616176605,1.34554135799408,11.2937488555908,11.4326124191284,11.3464212417603,0.78755801916122,0.94149607419968,1.09054720401764,-0.84421575069427,-0.9395107626915,-1.02686452865601,-0.04115704447031,-0.03688098862767,-0.03382666409016,-2.13083958625793,-2.06140756607056,-2.03985977172852,1.48919343948364,1.62326872348785,1.63284552097321,11.0160217285156,10.6880159378052,10.3432502746582,1.31656730175018,1.76005554199219,2.5523476600647,-1.1844676733017,-1.66521871089935,-3.0659327507019,-0.02771801128983,-0.00206167018041,0.04802928119898,-2.20505976676941,-2.34871196746826,-2.27209734916687,1.66157603263855,1.54904854297638,1.74537301063538,10.0846767425537,9.06235313415527,7.45584344863892,4.09539318084717,7.3464183807373,12.9443874359131,-6.48677825927734,-13.2258434295654,-19.8922157287598,0.03031418845057,0.18913915753365,0.59231019020081,-2.43729734420776,-1.66397023200989,-4.24252557754517,2.29843354225159,1.75494980812073,-1.72621941566467,5.48062705993652,7.39598846435547,11.3320560455322,18.8734455108643,20.0065994262695,20.0065994262695,-20.0211086273193,-20.0211086273193,-19.887939453125,1.28442049026489,1.79204952716827,2.92764806747437,-6.67772769927979,-14.9164752960205,-20.298641204834,-9.3712043762207,-12.984055519104,-18.4359512329102,7.55400562286377,-4.36702394485474,-13.5969705581665,16.3462963104248,5.38798427581787,-3.53187012672424,-11.3828630447388,1.10566604137421,7.89726591110229,4.42915487289429,4.16953706741333,1.14575409889221,-16.6594543457031,5.64582681655884,13.4772605895996,-16.084846496582,-5.39922428131104,1.92972660064697,-27.2110004425049,-32.1047477722168,-24.7258186340332,-5.49274778366089,-3.75727939605713,-0.96806871891022,6.91010761260986,3.04271984100342,-0.83260935544968,-1.62757408618927,-1.45897531509399,0.15493069589138,9.4909143447876,3.2968156337738,2.83234071731567,-1.5179238319397,-2.60728573799133,-1.07499659061432,-15.6898021697998,-10.3049430847168,-6.30662631988525,0.80710572004318,1.89139151573181,1.39597976207733,-2.378098487854,-2.58701419830322,-1.39765965938568,0.72975486516953,0.45242208242416,-0.15172365307808,4.01507616043091,3.34709405899048,1.58256733417511,0.34955343604088,0.4716577231884,-0.22026655077934,-5.84933423995972,-8.08791255950928,-10.4007110595703,0.10888673365116,-0.99311417341232,-1.3101532459259,0.0226020142436,0.83199846744537,1.01770150661469,-0.52435147762299,-0.6049856543541,-0.50236028432846,0.23942017555237,0.05506663769484,0.21308395266533,-0.82121115922928,-1.16837048530579,-1.33596456050873,-11.2458648681641,-9.90989971160889,-7.95383739471436,-0.90759301185608,-0.13423763215542,0.59635716676712,0.80389869213104,0.41233405470848,0.08002334833145,-0.27511844038963,-0.01794416643679,0.16592627763748,0.66798228025436,1.20428347587585,1.33357036113739,-1.30483996868134,-1.27850365638733,-0.95768070220947,-6.85489892959595,-6.83335113525391,-8.26508331298828,SPIN
-0.32238411903381,-0.25763240456581,-0.15378531813622,0.12034045159817,-0.07391469180584,-0.19120082259178,-0.23785565793514,-0.24396431446075,-0.23357959091663,-2.48518133163452,-2.58094954490662,-2.78924489021301,1.45328044891357,1.2449848651886,1.16597628593445,9.95299530029297,10.4988737106323,10.8173027038574,0.02275473065674,0.21639901399612,0.56092703342438,-0.16371189057827,-0.25839599967003,-0.92973691225052,-0.15661057829857,-0.13828462362289,-0.17982345819473,-3.04303026199341,-2.94007968902588,-3.06697249412537,1.07499659061432,0.94092124700546,0.90979665517807,11.2865657806396,10.8556098937988,10.2450885772705,1.14063811302185,1.91949129104614,3.15771508216858,-2.09587860107422,-3.24491620063782,-5.22045421600342,-0.19081902503967,-0.15233452618122,-0.1706604808569,-3.24414324760437,-3.04303026199341,-2.8467059135437,0.94570964574814,0.83318221569061,1.12766897678375,10.75026512146,11.1165781021118,10.4940853118896,6.12774181365967,11.6200313568115,17.3047428131104,-10.3211793899536,-16.3760757446289,-19.9948406219482,-0.32643112540245,-0.78580176830292,-0.87620985507965,-1.52989482879639,-3.36145925521851,-8.34888076782227,1.20428347587585,-0.95768070220947,-6.76631307601929,14.8733797073364,18.7448043823242,17.2651863098145,20.0065994262695,20.0065994262695,19.6883392333984,-20.0211086273193,-18.8366413116455,-14.8935050964355,-0.70761102437973,-0.49441906809807,0.44814601540565,-14.4876136779785,-19.5420722961426,-21.3257522583008,-18.3713073730469,-23.8181171417236,-20.7679042816162,9.2131872177124,-6.44549036026001,-10.9106760025024,13.2791414260864,4.70870208740234,-0.46043968200684,-6.78793478012085,1.42331600189209,4.59309577941895,2.12924718856812,2.96368908882141,2.74194502830505,-15.1558952331543,-3.60806202888489,6.76870727539063,-15.3354606628418,-6.66815090179443,-2.81079268455505,-27.4456310272217,-30.1079845428467,-23.7941741943359,-3.83180499076843,-3.81531167030334,-2.22095322608948,5.26993465423584,3.32738304138184,0.60536748170853,1.40781533718109,0.50984340906143,0.39805507659912,8.92348861694336,7.35049867630005,5.89003562927246,-1.32638776302338,-0.39504328370094,0.59855043888092,-15.9004917144775,-11.3320560455322,-7.87722301483154,-0.39019018411636,0.77717328071594,1.0056369304657,-1.05190992355347,-1.55526292324066,-1.32496666908264,0.37423130869865,0.12744176387787,-0.12728904187679,4.68545293807983,2.94486808776855,1.37666594982147,1.01514148712158,0.73741412162781,0.09337386488914,-6.83813953399658,-7.86285781860352,-9.00967979431152,0.54809886217117,-0.15134187042713,-0.67607510089874,-0.58093285560608,0.11850785464048,0.5283984541893,-0.27634015679359,-0.29405525326729,-0.15966489911079,0.45010992884636,-0.05746084079146,0.13407529890537,-0.35913026332855,-0.91697925329208,-0.99598789215088,-9.97454357147217,-10.3743753433228,-9.88116931915283,-0.73777252435684,-0.50869804620743,-0.14462234079838,0.48685958981514,0.29504790902138,0.12583823502064,-0.02222022414207,0.06085744872689,0.10361801832914,0.69192427396774,1.08457338809967,1.22343707084656,-0.90979665517807,-0.76614451408386,-0.651222884655,-9.29698467254639,-8.65773296356201,-8.66012668609619,SPIN
0.11133018881083,0.2023491114378,0.27748554944992,-0.34208452701569,-0.28221973776817,-0.28221973776817,-0.62025731801987,-0.62025731801987,-0.59276837110519,-0.69192427396774,-0.7972691655159,-0.91458505392075,1.2449848651886,1.01992988586426,1.00556468963623,11.9210290908813,11.9928560256958,12.2897367477417,0.48151454329491,0.84986627101898,1.21027672290802,-0.42699480056763,-0.63835418224335,-0.85093528032303,-0.56711202859879,-0.53534704446793,-0.53717964887619,-1.0989385843277,-1.03908348083496,-0.95049810409546,1.08457338809967,1.13485157489777,1.14682257175446,12.8811044692993,13.1899566650391,13.4533185958862,1.84374403953552,2.62992763519287,3.67878317832947,-1.19363069534302,-1.91994941234589,-3.58394646644592,-0.56527942419052,-0.55855989456177,-0.4705953001976,-0.9720458984375,-1.49158763885498,-1.31681096553802,0.77332717180252,1.16118776798248,1.26653265953064,13.1013708114624,11.8444147109985,11.5666875839233,5.28902387619019,7.72881984710693,10.8540067672729,-6.03046178817749,-8.66512393951416,-12.2252464294434,-0.4455498456955,-0.87682068347931,-1.52006185054779,-0.48362874984741,-0.65840548276901,-4.84586429595947,1.75734400749207,1.90099620819092,-1.97521638870239,12.802095413208,12.6608381271362,13.8316020965576,15.1239547729492,19.8288383483887,20.0065994262695,-15.7181739807129,-16.847053527832,-15.2795724868774,-1.36245858669281,-0.67218083143234,1.0889436006546,-10.1038303375244,-18.3114528656006,-26.9189071655273,-10.213963508606,-23.8348770141602,-26.7369480133057,16.9754886627197,9.02165126800537,-10.1421375274658,19.5056915283203,13.4990530014038,5.02574110031128,-13.3883333206177,-6.62727689743042,2.95903134346008,3.3192126750946,4.95755338668823,4.75230264663696,-27.2301540374756,-10.3073377609253,2.22421336174011,-24.0766906738281,-18.1390705108643,-7.82694482803345,-21.0623912811279,-27.3881702423096,-28.4057064056396,-2.8257098197937,-2.01081562042236,-0.70356404781342,5.34384918212891,1.87291288375854,-0.24678955972195,2.38397789001465,1.59474003314972,1.23371875286102,12.2634000778198,10.7287168502808,7.30500888824463,-1.08936178684235,0.53151279687881,0.85951840877533,-16.6211471557617,-12.3926868438721,-9.69442176818848,-0.1244637966156,-0.15622878074646,-0.52030450105667,-0.34208452701569,0.27183502912521,0.69699722528458,1.16285836696625,0.90934926271439,0.45486554503441,5.51414585113525,4.77643251419067,4.48194551467896,0.75177931785583,0.70868372917175,0.73741412162781,-8.63379096984863,-9.17727470397949,-9.79976654052734,-0.91981035470963,-1.11711978912354,-0.96440351009369,0.8478809595108,0.94684112071991,0.9944885969162,-0.02832887507975,-0.22869268059731,-0.19448421895504,3.24653744697571,2.12126278877258,1.78846871852875,0.28730419278145,-0.14365209639072,-0.39504328370094,-9.52203941345215,-8.46619606018066,-7.47739124298096,-0.64797532558441,-0.07559457421303,0.44241914153099,0.93034774065018,0.66706484556198,0.2119702398777,-0.10224357247353,0.05047274008393,0.12316570430994,2.0829553604126,2.77966809272766,3.39737224578857,-0.60094463825226,-0.73501992225647,-0.59615623950958,-7.27148962020874,-8.04002857208252,-9.7087869644165,SPIN
-0.29856038093567,-0.20082195103168,-0.0615446716547,0.03665191307664,-0.01404990069568,-0.1667662113905,-0.26045766472816,-0.26656633615494,-0.27389669418335,-0.9720458984375,-1.00317049026489,-0.94570964574814,1.53468334674835,1.56341373920441,1.6136919260025,10.9010992050171,11.1716442108154,11.5930242538452,0.12965615093708,0.39232820272446,0.73929965496063,-0.31154128909111,-0.41355577111244,-0.39706242084503,-0.30932688713074,-0.36430475115776,-0.38385245203972,-0.93852704763412,-1.12288057804108,-1.48919343948364,1.60172092914581,1.61129772663116,1.54665434360504,12.0503168106079,12.4884557723999,12.5770406723022,1.12781000137329,1.54747438430786,1.90055453777313,-0.34636059403419,-0.05131268128753,0.40622538328171,-0.33559408783913,-0.2354121953249,-0.10224357247353,-1.9943699836731,-2.2361843585968,-2.62883353233337,1.53707754611969,1.51074123382568,1.0989385843277,12.8954696655273,12.9050464630127,11.6959743499756,2.33182525634766,6.49792623519897,11.7531995773315,0.30665436387062,-6.38109827041626,-14.6485481262207,0.12927435338497,0.05474879592657,0.36751180887222,-2.45645093917847,-4.27843856811523,-7.48217964172363,0.19393034279346,1.2449848651886,-2.20027136802673,11.0375690460205,8.3991584777832,11.7893486022949,18.3291645050049,20.0065994262695,20.0065994262695,-20.0198860168457,-20.0211086273193,-18.6020679473877,1.27281415462494,2.08404302597046,3.71932935714722,-12.3256492614746,-19.1063289642334,-28.1662864685059,-12.6273193359375,-24.8455295562744,-27.539005279541,12.7661828994751,3.49074602127075,-12.9649019241333,19.99560546875,14.3707580566406,4.07584571838379,-13.7634048461914,-4.12761640548706,6.31451416015625,5.65393972396851,7.04487991333008,6.57573509216309,-24.9005947113037,-9.11263084411621,10.518027305603,-29.3370513916016,-18.1821670532227,-9.3544454574585,-23.3344879150391,-29.4687328338623,-36.4553108215332,-3.71574068069458,-5.83483219146729,-4.03705549240112,9.00232124328613,5.5338282585144,2.0946569442749,3.97528195381165,1.61734211444855,0.04069889709353,15.9340105056763,16.7983169555664,16.7983169555664,-1.29286897182465,-1.45806884765625,-1.45806884765625,-25.9684085845947,-14.2697410583496,-14.2697410583496,-1.82144749164581,0.39049559831619,1.12170135974884,0.08674286305904,-1.65666651725769,-1.91322994232178,-0.2983313202858,-0.39973494410515,-0.31299206614494,8.55478191375732,4.64714527130127,2.04704236984253,0.1723825186491,0.50757074356079,-0.07422025501728,-5.51414585113525,-7.05122327804565,-9.24670600891113,0.42653664946556,-0.83490008115768,-1.64368569850922,-0.82650065422058,0.51618111133575,1.31824719905853,-0.18593211472034,-0.25801420211792,-0.60376393795013,1.25935006141663,2.12605118751526,2.13562798500061,0.00718260509893,-0.16998831927776,-0.36631286144257,-10.7622356414795,-10.1924161911011,-8.86842250823975,-1.63269007205963,-0.9717338681221,0.0453567430377,1.34817957878113,0.87720251083374,0.02138028293848,-0.7656432390213,-0.57749670743942,-0.21952970325947,1.68072962760925,1.63284552097321,1.93930339813232,-0.92655605077744,-1.13485157489777,-1.08696758747101,-7.42232465744019,-6.76631307601929,-6.92433071136475,SPIN
-0.10797043144703,-0.07437284290791,-0.05849034711719,0.04337143152952,0.01588249579072,-0.07330382615328,-0.1529453843832,-0.14744760096073,-0.14378240704536,-0.02633621916175,-0.00239420169964,0.14844051003456,1.3718775510788,1.55623114109039,1.81001651287079,9.80455493927002,9.91468811035156,10.1541090011597,-0.09819658845663,-0.16661348938942,-0.05482515692711,-0.17226399481297,-0.1924225538969,-0.11911872029305,-0.18593211472034,-0.35941782593727,-0.47548222541809,0.66798228025436,0.4716577231884,-0.15801730751991,2.03746557235718,2.24097275733948,1.85790050029755,10.8795518875122,12.2825536727905,13.3886747360229,0.33246341347694,0.9622654914856,1.74172949790955,-0.2315179258585,-0.94989544153214,-2.38665056228638,-0.44432809948921,-0.33315062522888,-0.28733575344086,-0.75656771659851,-0.92655605077744,-0.82121115922928,1.47003984451294,1.30483996868134,1.72621941566467,13.240234375,12.6799917221069,12.2107276916504,2.99155974388123,5.55658292770386,9.7379560470581,-5.0426926612854,-9.66449928283691,-15.4701623916626,-0.39179369807243,-0.38263070583344,-0.08880453556776,-1.23301386833191,-2.10210919380188,-3.2776620388031,1.89620769023895,1.51074123382568,0.12210428714752,12.8236436843872,14.4109992980957,14.7153625488281,14.0256185531616,17.1068229675293,19.2998294830322,-19.9539127349854,-20.0211086273193,-19.8512878417969,0.22090414166451,0.45303294062614,1.33023548126221,-4.98502731323242,-10.4653549194336,-19.9562702178955,-2.71023631095886,-12.7326641082764,-18.5053825378418,12.1029891967773,9.36881065368652,-3.99831676483154,17.2503757476807,12.1148319244385,5.18762016296387,-15.3693695068359,-6.24548625946045,1.33168625831604,3.34364724159241,5.7125825881958,6.01679372787476,-23.7606563568115,-9.6896333694458,7.66174459457397,-18.9028205871582,-17.0497093200684,-7.39838266372681,-12.8691329956055,-22.7359371185303,-24.1652755737305,-2.28203988075256,-2.14642786979675,-0.86483246088028,3.51125335693359,2.01219010353088,0.26878070831299,0.96554887294769,0.11217013001442,0.78534364700317,12.7159042358398,7.67371559143066,6.49576854705811,-2.27927994728088,-3.92888498306274,-3.06697249412537,-15.0864639282227,-9.90271759033203,-6.96503210067749,1.080162525177,0.57253342866898,-0.29061913490295,-1.06840336322784,-0.24495697021484,0.58459806442261,1.04190707206726,0.34002286195755,-0.30016392469406,7.57315921783447,6.56998872756958,5.4662618637085,-0.02394201606512,0.68234747648239,-0.04788403213024,-9.2347354888916,-10.3576154708862,-10.6449203491211,-0.89904093742371,-1.01327276229858,-0.70722925662994,0.90408056974411,0.70982539653778,0.22357667982578,-0.6917285323143,-0.70700013637543,-0.51641023159027,4.08450794219971,3.14837527275085,2.87064790725708,-1.00077629089355,-1.61608612537384,-1.91775560379028,-9.79737281799316,-8.70801067352295,-7.63062000274658,-0.24174992740154,0.08506298810244,0.16081027686596,-0.12034045159817,-0.15943582355976,0.05558873713017,-0.35636350512505,-0.25007295608521,-0.17127133905888,2.70065951347351,2.37983655929565,2.50433492660522,-1.86987149715424,-1.65199911594391,-1.56580793857574,-7.33613348007202,-7.79342603683472,-8.37761116027832,SPIN
-0.32177326083183,-0.3791945874691,-0.44883322715759,0.35369098186493,0.37873646616936,0.51801371574402,-0.23846651613712,-0.25251641869545,-0.29161179065704,-1.13006317615509,-1.14442837238312,-1.12766897678375,3.21780705451965,3.27526783943176,3.40694904327393,9.77582454681396,10.1373491287231,10.2642421722412,-0.44089198112488,-0.31322115659714,-0.05604688450694,0.43188172578812,0.13255776464939,-0.25228735804558,-0.34292447566986,-0.3197115957737,-0.30993774533272,-1.43652105331421,-1.36469495296478,-1.03190088272095,3.40216064453125,3.51468801498413,3.97437477111816,10.4462013244629,11.2650184631348,12.5339450836182,0.23533584177494,0.68615436553955,1.92376732826233,-0.51190507411957,-1.11727249622345,-2.77088475227356,-0.41073051095009,-0.90125530958176,-2.01608443260193,0.1508347094059,1.87705409526825,1.34314715862274,4.6112322807312,5.49978065490723,4.86501789093018,13.4605016708374,15.2277212142944,18.354549407959,4.43869972229004,7.33420085906982,11.8704862594604,-5.71464443206787,-9.77628707885742,-15.0450000762939,-3.11319828033447,-3.1412980556488,-1.7479145526886,-2.07577276229858,-6.82856273651123,-11.8611745834351,1.10133278369904,-3.08133769035339,-5.96425580978394,19.0081653594971,20.8205757141113,21.7567100524902,17.3175716400146,19.8245620727539,19.2870006561279,-19.7621021270752,-19.6881866455078,-16.4157810211182,-0.24885122478008,-0.24152085185051,0.18486309051514,-11.925817489624,-16.8055000305176,-20.4758110046387,-10.1588973999023,-13.8603324890137,-17.990629196167,15.3450374603271,7.3600754737854,-2.51391172409058,16.3230838775635,10.7348880767822,3.74597835540771,-11.962574005127,-3.66335892677307,4.81117486953735,1.16102576255798,2.40596914291382,3.86105012893677,-20.1789302825928,-13.8579387664795,0.11252748221159,-17.1885719299316,-13.6280956268311,-8.86123943328857,-11.4757080078125,-20.10231590271,-24.5893497467041,-0.33337971568108,-0.58933222293854,1.24326348304749,6.007248878479,2.80570411682129,-0.03848451003432,3.78408122062683,2.81158375740051,1.72363269329071,9.44063663482666,12.5387334823608,8.49492645263672,-3.47877502441406,-0.39504328370094,0.24899697303772,-18.5915756225586,-11.7773771286011,-7.70244598388672,2.5889995098114,2.54135203361511,1.54442000389099,-1.00853848457336,-0.91568702459335,-0.06536258012056,1.383380651474,1.00525510311127,0.63568162918091,6.38324117660522,5.45907926559448,4.57771348953247,-0.34955343604088,-0.01915361359715,-0.31124621629715,-9.77103614807129,-11.5068330764771,-12.1676321029663,0.22678372263908,-0.85750210285187,-1.23135161399841,0.95294976234436,1.50272846221924,1.40315747261047,0.29481884837151,-0.10713049024343,-0.30932688713074,4.63278007507324,4.57771348953247,3.88100099563599,-0.08379705995321,-0.13886369764805,-0.4955997467041,-12.5554933547974,-11.7390699386597,-10.2259349822998,-1.13055884838104,-0.65652740001678,-0.16783522069454,0.76969021558762,0.12278391420841,-0.32681289315224,-0.37224599719048,-0.29955303668976,-0.28183794021606,3.31357526779175,3.27526783943176,3.06218385696411,-0.78050976991653,-0.85712420940399,-1.15879356861115,-8.70801067352295,-8.15016174316406,-8.16452693939209,SPIN
0.14614951610565,0.57986384630203,0.71914112567902,-0.88819807767868,-0.85765480995178,-0.68905597925186,-0.47548222541809,-0.34353533387184,-0.44432809948921,-4.57292509078979,-5.17416906356812,-5.02094030380249,2.03028297424316,2.74614930152893,2.5091233253479,12.2346696853638,11.9545488357544,11.54274559021,1.03373670578003,1.41308403015137,1.8968893289566,-0.87475901842117,-1.00914943218231,-1.29381263256073,-0.45898887515068,-0.29955303668976,0.04680754989386,-5.64103841781616,-6.36169338226318,-6.42873096466064,2.10450339317322,1.76692080497742,1.65439331531525,12.1915740966797,12.5626754760742,11.9090585708618,2.44544625282288,4.46069049835205,5.98663234710693,-1.88451933860779,-4.91257810592651,-6.96019840240479,0.41149410605431,1.27159237861633,1.57213807106018,-6.14382076263428,-5.37288808822632,-4.57292509078979,1.9943699836731,1.67594122886658,2.0829553604126,11.3009309768677,10.8556098937988,9.16051483154297,7.21141672134399,8.69276523590088,9.74711894989014,-8.7854642868042,-9.9674882888794,-10.3456134796143,1.66315698623657,1.48844957351685,1.383380651474,-3.83072280883789,-4.19942998886108,-5.36331129074097,2.61207413673401,1.7788919210434,0.31124621629715,10.0032739639282,9.13178443908691,9.08629512786865,11.1826515197754,13.9614782333374,16.6340141296387,-10.2997989654541,-10.8147583007813,-12.0627555847168,1.48722779750824,1.72485435009003,2.70773649215698,-7.25712442398071,-12.7709712982178,-19.7527618408203,-3.27287364006042,-11.217134475708,-20.1238632202148,8.38479328155518,2.47321033477783,-13.9465246200562,16.9284496307373,13.3139610290527,5.87606573104858,-13.3076992034912,-6.72562646865845,2.35549640655518,4.13838291168213,4.78467845916748,5.26237487792969,-22.2594909667969,-13.5586633682251,0.50038814544678,-21.9338798522949,-21.4334926605225,-11.5930242538452,-20.3082180023193,-25.1998710632324,-24.7952499389648,0.7973318696022,-0.25396722555161,0.94027435779572,5.8380389213562,4.10318183898926,0.41050145030022,4.73458766937256,3.86532616615295,3.63503003120422,12.2657947540283,14.8518314361572,15.7496576309204,-4.91320133209229,-1.76452660560608,0.07182604819536,-19.8197994232178,-15.9004917144775,-12.3184671401978,1.76494240760803,1.10520792007446,-0.23136521875858,-1.24249994754791,-0.47403141856194,0.67439520359039,2.98506927490234,1.82014930248261,0.36751180887222,14.2122802734375,12.6225309371948,10.0248222351074,1.58974993228912,2.95205068588257,3.14837527275085,-11.463737487793,-11.9928560256958,-12.023980140686,-1.31687271595001,-1.50196492671967,-0.26984971761703,1.29442346096039,1.25532805919647,0.29199358820915,-0.74670642614365,-1.15354263782501,-0.74426293373108,6.50534534454346,3.89057779312134,2.11408019065857,1.70467162132263,-0.09097966551781,-0.85951840877533,-9.85962200164795,-7.74075317382813,-6.70166969299316,0.34773504734039,0.58780509233475,0.47479501366615,-0.11606439948082,-0.22968533635139,-0.10995574295521,-0.47487136721611,-0.30749428272247,-0.31665727496147,2.04225397109985,2.26730895042419,2.41096115112305,-0.87388360500336,-0.62728083133698,-0.3208230137825,-7.72159957885742,-8.95461368560791,-10.079888343811,SPIN
-0.16233743727207,-0.10797043144703,-0.03588833287358,-0.22418753802776,-0.34941491484642,-0.50640726089478,-0.18715384602547,-0.21647536754608,-0.31360295414925,-0.30645781755447,0.04309562966228,0.04070143029094,2.94007968902588,3.12443327903748,3.01190567016602,9.95538997650146,9.9889087677002,9.8308916091919,-0.02122756652534,-0.04444044828415,-0.01817324012518,-0.72692966461182,-0.91263270378113,-1.08245325088501,-0.38140898942947,-0.35880696773529,-0.31543552875519,-0.28012159466743,-0.38307225704193,-0.06464344263077,2.94486808776855,2.90416669845581,3.14598107337952,9.92665958404541,10.4294414520264,11.217134475708,0.45280385017395,1.03556931018829,1.83946800231934,-1.70859014987946,-2.25592541694641,-3.31333303451538,-0.45959973335266,-1.00876760482788,-1.37284326553345,2.32716393470764,2.14520478248596,1.80522811412811,4.07493114471436,4.25928497314453,3.91691398620605,12.816460609436,13.1277074813843,12.0958061218262,2.88282585144043,6.4203462600708,9.41114234924316,-5.36828374862671,-10.6455488204956,-13.3730621337891,-1.6245197057724,-2.33312344551086,-2.33739948272705,2.06140756607056,0.105344876647,-2.89458990097046,4.12042093276978,3.01669406890869,1.20188927650452,12.6225309371948,15.4958715438843,18.1127338409424,13.0903844833374,16.4611377716064,18.298620223999,-15.0963125228882,-15.5465202331543,-14.260648727417,-2.14925289154053,-1.68010854721069,-0.45410194993019,-2.89458990097046,-16.0489330291748,-23.7127723693848,1.20188927650452,-13.1947450637817,-22.1828765869141,18.1127338409424,12.0982007980347,-6.00735139846802,16.2803230285645,13.2553176879883,8.03364181518555,-11.6846303939819,-5.27482128143311,0.94317591190338,1.38154816627502,2.48415994644165,3.36136245727539,-23.2459030151367,-10.3097314834595,0.15801730751991,-21.7902278900146,-18.3856735229492,-10.0774946212769,-12.4166288375854,-21.2682914733887,-26.3466930389404,3.87242746353149,1.51021158695221,0.48762318491936,2.64199209213257,1.56198239326477,0.45753806829453,3.16893982887268,2.41146683692932,1.92888331413269,7.1613564491272,8.8779993057251,8.6984338760376,-5.36091709136963,-2.38941335678101,-1.25456166267395,-24.9796047210693,-19.855712890625,-16.5301666259766,-0.1372919678688,-0.37247508764267,-0.42928555607796,-0.31826078891754,-0.50823986530304,-0.17165313661098,1.58740973472595,0.95944023132324,0.11583532392979,8.84208583831787,8.16452693939209,6.16536855697632,-0.09337386488914,0.49320554733276,0.3208230137825,-12.6680202484131,-9.30416679382324,-8.68167495727539,-0.63026022911072,-0.89781922101974,-0.96806871891022,0.16615535318851,0.57299160957336,0.78740531206131,-0.58421623706818,-0.90492051839828,-0.97578084468842,3.36624765396118,1.43173265457153,0.34715923666954,-0.22505496442318,-0.82121115922928,-1.2258312702179,-8.39197635650635,-8.11424922943115,-8.16213321685791,-0.79213953018188,-0.45188757777214,0.21762074530125,0.62186080217361,0.39217549562454,-0.13072516024113,-0.82734060287476,-0.51641023159027,-0.11262828111649,-0.39504328370094,-0.38546648621559,0.39504328370094,-1.71903681755066,-1.81001651287079,-2.20027136802673,-7.97059679031372,-8.18846893310547,-9.22994709014893,SPIN
-0.23625212907791,-0.27107146382332,-0.29733866453171,-0.12339477986097,-0.15699236094952,-0.23823744058609,-0.20547980070114,-0.28672486543655,-0.48098000884056,-0.4525041282177,-0.10295066982508,-0.13407529890537,2.81797528266907,2.99993467330933,3.227383852005,9.98172569274902,10.5156335830688,11.6289367675781,-0.05910121276975,0.55176401138306,1.37582123279572,-0.52595496177673,-1.12277030944824,-1.80816113948822,-0.69722634553909,-0.89270317554474,-1.04175436496735,-0.20829555392265,-0.24660277366638,-0.64404028654099,3.01190567016602,2.81318688392639,2.68390011787415,13.0750350952148,14.0614461898804,14.0901765823364,2.13023972511292,2.80768942832947,3.92984890937805,-2.39642429351807,-3.42451047897339,-5.86980390548706,-1.00326979160309,-0.93790721893311,-1.06069111824036,-0.54827219247818,0.45010992884636,0.86191260814667,2.54982471466064,3.01429986953735,3.76129078865051,13.175591468811,11.5092267990112,11.669638633728,5.95731067657471,8.41970825195313,10.4661073684692,-9.24300193786621,-11.8037490844727,-12.8214502334595,-1.31603276729584,-1.56832015514374,-1.8157205581665,0.60573303699493,-0.41898530721664,-2.51151752471924,3.88818359375,2.85388851165771,1.04387199878693,13.5586633682251,14.2673473358154,13.4293766021729,11.9315729141235,14.2149868011475,15.872875213623,-13.0181493759155,-12.7786903381348,-12.7634181976318,-1.89940917491913,-1.80044889450073,-0.87071204185486,-5.47823286056519,-12.1125659942627,-26.4065475463867,-3.08612608909607,-11.4948616027832,-18.9914054870605,12.6656265258789,6.96503210067749,-5.6242790222168,15.4788675308228,13.0763339996338,7.5950403213501,-12.6174221038818,-6.59612274169922,3.16428208351135,2.28807210922241,6.08826494216919,8.42604637145996,-35.1792030334473,-22.5755271911621,5.01136350631714,-21.5651741027832,-25.9827747344971,-18.4910182952881,-11.054328918457,-14.1811561584473,-20.6769237518311,3.13755655288696,1.01052379608154,-0.05543602257967,6.61444902420044,5.74824190139771,1.59619092941284,7.60687589645386,6.8182487487793,6.02106952667236,15.4431991577148,20.1286525726318,23.6170043945313,-7.65935039520264,-7.9251070022583,-2.87064790725708,-21.4047622680664,-23.2889976501465,-17.9930248260498,0.10522153973579,0.54199016094208,0.05635231733322,-1.47585046291351,-0.59986966848373,0.66767573356628,3.53179383277893,1.00647687911987,-0.72715872526169,20.815788269043,16.163854598999,10.8915224075317,2.91853189468384,1.71185421943665,0.81402856111526,-8.98813247680664,-8.14297962188721,-11.3320560455322,-0.70661836862564,-1.09146344661713,-0.8862127661705,0.6750060915947,0.42516219615936,0.33903020620346,-1.54693984985352,-1.60191774368286,-1.26777446269989,5.53090524673462,2.04464817047119,0.86430680751801,-0.68474167585373,-1.45328044891357,-1.90817880630493,-10.9896850585938,-8.29381370544434,-6.41436576843262,-0.34926220774651,0.17119498550892,0.46746462583542,0.28283059597015,0.12034045159817,0.0,-0.89392495155334,-0.56405770778656,-0.33009630441666,0.76135611534119,0.95528650283813,1.65199911594391,-1.9632453918457,-1.73579621315002,-1.60650932788849,-6.44309616088867,-7.24754762649536,-8.30578517913818,SPIN
0.01237002108246,0.13148874044418,0.4900666475296,-0.63652157783508,-0.8906415104866,-1.10627698898315,-0.01550070568919,-0.11629346758127,-0.12118039280176,-3.23935484886169,-3.64876341819763,-4.0462007522583,2.39180755615234,2.33674097061157,1.94169759750366,10.0942535400391,11.3536033630371,12.5507049560547,1.05694961547852,1.69041681289673,2.49187207221985,-1.29075825214386,-1.72141826152802,-2.84968638420105,0.00893390458077,0.15737415850163,0.36262488365173,-4.01747035980225,-3.93367338180542,-4.17069959640503,1.93451499938965,2.00634098052979,1.91536140441895,12.3902931213379,11.4709196090698,9.54837608337402,3.29088377952576,4.69587373733521,6.74593782424927,-4.51734828948975,-7.69506931304932,-11.0261173248291,0.67660963535309,1.21722531318665,1.97408735752106,-4.01747035980225,-3.84508800506592,-4.45800352096558,2.26730895042419,1.33117616176605,1.52750062942505,7.43190145492554,7.1613564491272,5.37767648696899,8.82349014282227,11.4172239303589,14.8783864974976,-13.9381122589111,-16.0901908874512,-17.7364730834961,2.86411809921265,3.9826123714447,5.37110900878906,-4.96347951889038,-7.13980865478516,-2.29125094413757,-0.91937345266342,-3.49314022064209,-7.7646951675415,4.3837833404541,2.86107110977173,-6.33535718917847,17.8368072509766,19.586935043335,17.7812175750732,-20.0211086273193,-19.9276466369629,-13.6070232391357,4.45481109619141,3.26973247528076,2.34610438346863,-5.66976881027222,-11.4350061416626,-14.3726921081543,-13.4006462097168,-18.2731456756592,-17.9690818786621,-6.89081192016602,-6.62505531311035,-18.0648498535156,10.7471046447754,2.28723216056824,-2.29975485801697,-3.07081961631775,3.20215559005737,3.79347324371338,2.55990719795227,2.25386357307434,-0.28122708201408,-6.792649269104,7.68808078765869,11.3200845718384,-11.2722005844116,-4.77643251419067,-4.4723687171936,-32.028133392334,-28.9204597473145,-20.5093307495117,-3.06516909599304,-2.47262978553772,-1.31931626796722,2.36343765258789,1.1966849565506,0.37812557816505,-2.1590268611908,-1.6190220117569,-0.08086328953505,4.17069959640503,-2.56897830963135,-2.6623523235321,-7.1613564491272,-6.96742630004883,-5.88524723052979,-14.0470809936523,-10.0128507614136,-8.57633018493652,-0.12140946835279,0.46441030502319,0.2328923791647,-0.62308257818222,-0.97066485881805,-0.68111473321915,1.0767263174057,1.29114007949829,0.96738147735596,-0.35194763541222,1.07020819187164,1.28568625450134,-4.58010768890381,-3.67031121253967,-2.98078107833862,-8.18607521057129,-8.93306541442871,-9.99130344390869,-0.53191089630127,-1.23684942722321,-1.4989105463028,-0.064751714468,0.37140607833862,0.40194934606552,0.50068044662476,0.11217013001442,-0.04909829422832,0.98401689529419,0.55545479059219,0.15801730751991,-2.60249733924866,-2.782062292099,-3.03584766387939,-10.3336734771729,-9.888352394104,-8.59787750244141,-1.31626188755035,-0.49342641234398,-0.11835514008999,0.2858849465847,-0.07330382615328,-0.05192354694009,-0.02160935848951,0.14943291246891,0.19769126176834,0.18195933103561,-0.11971008777618,-0.00478840339929,-3.08852028846741,-2.70305371284485,-2.40377855300903,-7.71681118011475,-7.36246967315674,-7.92271280288696,SPIN
1.3067934513092,1.46378588676453,1.58046114444733,-0.02687807008624,-0.45814892649651,-0.93279123306274,-1.11750161647797,-0.57810759544373,-0.11507174372673,-6.48379755020142,-5.89482402801514,-6.31620359420776,-1.31681096553802,-1.19710087776184,-0.51235914230347,11.0974245071411,10.7311115264893,11.6121778488159,1.62383258342743,1.10093188285828,0.65744370222092,-0.75991636514664,-0.08368854224682,0.31093040108681,-0.03932445123792,0.18058703839779,0.74380481243134,-6.14142656326294,-7.77427196502686,-7.12304925918579,-1.06541979312897,-1.14442837238312,-2.08774399757385,11.0878477096558,10.0679178237915,9.90989971160889,0.4809036552906,0.94271779060364,2.95185351371765,0.09285151958466,-1.35428822040558,-3.14106917381287,1.17629742622375,1.33512234687805,1.52815580368042,-6.00495719909668,-6.3688759803772,-7.230788230896,-1.79086291790009,-1.53707754611969,-1.84114110469818,9.95299530029297,14.1141185760498,14.0758113861084,5.5180983543396,8.52477741241455,16.2784900665283,-5.87896728515625,-10.0603399276733,-19.9618549346924,1.87757074832916,2.28990483283997,3.03271675109863,-7.19248104095459,-6.7040638923645,-11.133337020874,-2.5282769203186,-2.90895509719849,-7.20205783843994,12.093412399292,8.86123943328857,2.46602773666382,18.4684410095215,18.6113834381104,17.1685199737549,-20.0211086273193,-19.6466484069824,-12.7237119674683,3.34242558479309,2.35404562950134,2.00951766967773,-9.66329765319824,-12.0215864181519,-13.4844436645508,-12.0072212219238,-12.9768724441528,-15.062520980835,-2.78685069084167,-1.10372698307037,-8.63618469238281,13.2828063964844,2.64214491844177,-0.48853948712349,-5.3914966583252,3.24064016342163,2.66276168823242,3.05776238441467,2.69857358932495,0.90629494190216,-8.59069538116455,4.82910490036011,7.68089818954468,-13.3048782348633,-4.1347861289978,-2.35828876495361,-18.7591686248779,-23.4948997497559,-19.6426296234131,-1.39323091506958,-1.7090482711792,-1.67667233943939,1.06046211719513,0.82772243022919,0.85032439231873,-0.77847141027451,-1.02403926849365,-0.01488984003663,3.83311700820923,-0.64643448591232,-1.01274728775024,-3.61045622825623,-5.63146162033081,-5.63864421844482,-14.4804315567017,-11.5954179763794,-8.46140766143799,-1.04931378364563,-0.18799377977848,0.32513302564621,0.71654492616653,0.36774086952209,0.04642575979233,0.9905943274498,1.37177431583405,1.28930747509003,1.43652105331421,3.5769374370575,4.39096593856812,-4.25928497314453,-2.83952331542969,-1.48440504074097,-7.06558847427368,-7.43668985366821,-9.11023712158203,0.47174069285393,0.05451972410083,-0.5361869931221,-0.13011430203915,0.06352998316288,0.27977627515793,0.93622732162476,0.51228684186935,0.15126550197601,4.19464159011841,3.93367338180542,3.75171399116516,-0.56503158807755,-0.56024318933487,-0.91697925329208,-10.7095632553101,-11.5116214752197,-11.1548852920532,-0.96134918928146,-1.01754879951477,-0.73044210672379,0.37262779474258,0.29321530461311,0.0299323964864,-0.07414376735687,-0.12912164628506,-0.12973250448704,3.35188245773315,3.42370843887329,3.4308910369873,-1.33596456050873,-1.62326872348785,-1.52510643005371,-9.95778369903564,-8.91870021820068,-8.63379096984863,SPIN
-0.50625455379486,-0.32238411903381,-0.05238169431686,0.0745255574584,-0.07147123664618,-0.24129177629948,-0.45959973335266,-0.57016634941101,-0.73082393407822,-1.6136919260025,-1.34554135799408,-2.85388851165771,1.79086291790009,1.75734400749207,1.54186594486237,11.3583917617798,12.1269311904907,12.1819972991943,0.08139779418707,0.38927388191223,1.64521276950836,-0.22785273194313,-1.67743599414825,-3.27790284156799,-0.72105008363724,-0.80534946918488,-0.96967220306396,-1.71424841880798,-1.66875863075256,-2.18351197242737,1.71664261817932,1.47961664199829,0.84994161128998,10.312126159668,13.869909286499,16.1662483215332,3.55722093582153,5.28108263015747,6.58894538879395,-5.43486785888672,-8.02982330322266,-10.7793283462524,-0.93668550252914,-0.75770199298859,-0.55611646175385,-2.3319525718689,-1.96085119247437,-0.43095630407333,0.88585460186005,1.05344879627228,2.14041638374329,15.2085676193237,12.7206926345825,11.557110786438,8.46979904174805,12.392165184021,16.870418548584,-14.8299751281738,-19.8085269927979,-20.0211086273193,-0.65813094377518,-0.90492051839828,-0.92446821928024,0.07900865375996,-3.03105926513672,-9.61780738830566,2.89937829971313,0.11492168158293,-6.94109010696411,14.2434053421021,20.1789302825928,16.3242664337158,18.7421092987061,18.1795024871826,14.3945817947388,-20.0211086273193,-17.6570606231689,-10.0921049118042,-0.54267740249634,0.40110939741135,0.55199313163757,-15.7496576309204,-17.9666881561279,-19.4127864837646,-13.8387851715088,-19.3577194213867,-14.1548194885254,8.23635292053223,-2.56179571151733,-13.0510931015015,7.26639461517334,0.97203934192657,-1.47875201702118,0.41050145030022,4.59859371185303,3.62059831619263,1.8134298324585,1.42491948604584,-0.2586250603199,-6.65139150619507,5.55724143981934,5.86848783493042,-8.27466011047363,-4.07493114471436,-3.9384617805481,-25.7242012023926,-23.3344879150391,-17.0281600952148,-0.46838092803955,0.46379944682121,0.72647148370743,0.21074850857258,-0.92423909902573,-0.87414819002151,0.3766747713089,0.9918161034584,0.80550217628479,0.81881695985794,2.31279873847961,2.48278713226318,-3.71580100059509,-2.31758713722229,-1.64242231845856,-11.6193599700928,-10.4988737106323,-11.188404083252,0.32330042123795,-0.58749967813492,-1.242347240448,-0.30360001325607,0.52045720815659,0.79534655809402,0.46463936567307,0.02787072770298,-0.2983313202858,1.88184249401093,1.49398183822632,0.79248076677322,-1.48201084136963,-1.46285724639893,-1.65678763389587,-11.9282121658325,-11.5906295776367,-10.1062250137329,-1.29732501506805,-0.82512623071671,-0.13057245314121,0.60414570569992,0.19608774781227,-0.2767219543457,-0.35636350512505,-0.17860172688961,0.04802928119898,0.1963245421648,0.1268926858902,0.48123455047607,-1.85071790218353,-1.93212080001831,-1.90817880630493,-8.37761116027832,-7.50612163543701,-7.6378026008606,0.35689800977707,0.44119742512703,0.27687466144562,-0.5100724697113,-0.42149701714516,-0.23335053026676,0.11278099566698,0.10239628702402,0.02909245714545,0.46447512507439,0.57221418619156,0.50996494293213,-1.79086291790009,-1.75255560874939,-1.67833542823792,-8.63379096984863,-9.63696098327637,-9.94820690155029,SPIN
0.02947424724698,-0.20815233886242,-0.52213704586029,-0.11056660860777,-0.13133603334427,0.04459316283464,-0.83589273691177,-0.83711445331573,-0.94218325614929,-0.75417351722717,-0.62009823322296,-0.23463176190853,1.70227742195129,1.84832370281219,1.86268889904022,8.6002721786499,8.77025985717773,9.40951156616211,-0.72738778591156,-0.85200428962708,-0.87888234853745,0.30298915505409,0.4844161272049,0.45814892649651,-1.09978652000427,-1.1156690120697,-1.1278862953186,-0.7781155705452,-1.09175598621368,-0.77332717180252,1.66397023200989,1.65678763389587,1.90339040756226,10.0224275588989,10.5347871780396,11.6983690261841,-0.52458053827286,0.247553139925,1.74172949790955,-0.1362229436636,-1.78311562538147,-4.3615779876709,-1.366734623909,-1.83404648303986,-2.23843932151794,-0.3687070608139,-0.62967503070831,-0.98401689529419,2.18590617179871,1.78607451915741,1.26653265953064,12.7973070144653,14.6887264251709,17.5500965118408,4.0147590637207,6.98356437683105,9.84913349151611,-7.68346309661865,-10.7322912216187,-15.5398006439209,-2.5169939994812,-2.52004814147949,-2.26348471641541,-1.6903064250946,-2.54743051528931,-3.1196448802948,0.95528650283813,0.18674772977829,-0.21068975329399,19.6402359008789,21.5220775604248,23.4326515197754,14.4825458526611,18.6755256652832,20.0065994262695,-19.947193145752,-20.0211086273193,-20.0211086273193,-2.03196692466736,-2.21339392662048,-2.60923457145691,-4.24013137817383,-9.174880027771,-15.6898021697998,-2.85149431228638,-9.0168628692627,-20.6553764343262,23.5619373321533,18.8285999298096,5.67934560775757,18.790979385376,13.7922677993774,6.71783781051636,-18.4511852264404,-9.71153545379639,-0.80756384134293,-2.24271535873413,-0.74426293373108,1.34245276451111,-24.6779346466064,-22.345682144165,-9.04559326171875,-21.361665725708,-16.0824508666992,-6.49098014831543,-3.19625926017761,-15.1367416381836,-23.2650566101074,0.96959584951401,-1.27716648578644,-0.96440351009369,3.03722190856934,3.40190863609314,2.17651295661926,1.48111915588379,0.11217013001442,-0.45349109172821,3.99352836608887,6.11269617080688,3.19625926017761,-2.34152936935425,-1.89860188961029,-2.56418991088867,-18.1294937133789,-12.8739213943481,-11.3440265655518,-0.04016438871622,0.65133506059647,0.72586065530777,0.59498274326324,-0.51312679052353,-0.65057146549225,0.0590248554945,0.49945870041847,0.3895029425621,1.58735573291779,1.8866308927536,1.4867992401123,-1.98239898681641,-1.28568625450134,-1.08457338809967,-10.9441947937012,-10.6042184829712,-11.3631801605225,0.05513058975339,-0.82940226793289,-1.30404460430145,-0.09834930300713,0.63163465261459,0.91935217380524,0.05352706834674,-0.22502748668194,-0.3630830347538,0.61052143573761,-0.02394201606512,-0.43813890218735,-1.2258312702179,-1.34793555736542,-1.60650932788849,-11.6169662475586,-10.829273223877,-9.64414405822754,-1.21302568912506,-0.74510288238525,-0.21914790570736,0.74525558948517,0.25778514146805,-0.16737708449364,-0.30077478289604,-0.03260493278503,0.24350616335869,-1.06541979312897,-1.21386027336121,-0.67277067899704,-1.68072962760925,-1.59932672977448,-1.28089785575867,-8.81335544586182,-8.30099678039551,-8.31775569915771,SPIN
-0.78603082895279,-0.74754631519318,-0.76587229967117,-0.00183259579353,-0.09040805697441,-0.02138028293848,-0.11995866149664,-0.21952970325947,-0.25984680652618,-2.64080452919006,-2.92332029342651,-3.04063606262207,0.69431847333908,0.50038814544678,0.29448682069778,10.0894651412964,10.4509897232056,10.8484268188477,-0.67912942171097,-0.47693303227425,-0.26007586717606,-0.01343903504312,-0.1276708394289,-0.43004912137985,-0.25495988130569,-0.30505082011223,-0.38629591464996,-2.86107110977173,-2.79882168769836,-2.80600428581238,0.26815059781075,0.26336219906807,0.07900865375996,11.3344497680664,11.2769889831543,11.025598526001,-0.0193949714303,0.36178493499756,1.17851173877716,-1.01709067821503,-2.04517674446106,-3.86311173439026,-0.45898887515068,-0.56589031219482,-0.80351686477661,-2.62883353233337,-2.02070617675781,-0.78769236803055,0.02873042039573,0.17717093229294,0.52672439813614,10.9250411987305,11.3057193756104,13.3360023498535,3.13572406768799,6.86444568634033,12.5546550750732,-7.26257705688477,-13.8532018661499,-20.0211086273193,-1.23600947856903,-2.04296255111694,-3.37281608581543,1.09654438495636,4.45082092285156,3.23696064949036,0.90979665517807,2.05422496795654,0.651222884655,15.9124631881714,20.2603340148926,24.3472347259521,19.9962158203125,19.971170425415,14.9040431976318,-20.0211086273193,-20.0211086273193,-16.0431537628174,-3.41496586799622,-2.47973108291626,-2.31601929664612,-11.188404083252,-13.7334403991699,-17.4615116119385,-4.51785850524902,-14.377480506897,-12.7470293045044,19.2356147766113,7.57315921783447,-1.84592950344086,4.95610237121582,-2.51966643333435,-0.79519385099411,1.91628432273865,5.61262989044189,0.79107052087784,-1.31481111049652,-1.94950008392334,-0.7955756187439,-10.8699750900269,-0.00239420169964,-3.15555787086487,-5.06882429122925,-3.63918662071228,-5.24838924407959,-21.8764190673828,-16.0585098266602,-11.6504850387573,0.70753467082977,1.80281603336334,1.36421477794647,-1.70248138904572,-2.88267302513123,-1.76112449169159,0.50190216302872,1.14880847930908,0.73891788721085,-0.90261405706406,1.46046304702759,1.67594122886658,-3.23217225074768,-1.23780226707459,-0.44771572947502,-10.0463695526123,-10.6473140716553,-11.8132905960083,0.05207626149058,-1.09390687942505,-1.61925101280212,0.21502456068993,1.38605320453644,1.37750113010406,0.11033753305674,-0.30016392469406,-0.32582023739815,1.19949507713318,-0.07422025501728,-0.83078801631927,-0.82360535860062,-1.08457338809967,-1.27132105827332,-12.4573307037354,-12.3567743301392,-11.0184154510498,-1.53495168685913,-1.04503774642944,-0.43661594390869,0.72143185138702,0.08307767659426,-0.2119702398777,-0.10041097551584,0.14515686035156,0.22395847737789,-0.75896191596985,-0.10295066982508,0.217872351408,-1.09654438495636,-0.75656771659851,-0.26096799969673,-9.13657283782959,-7.64259099960327,-7.29303741455078,0.02397646009922,0.17913623154163,0.05696318298578,-0.20525072515011,-0.0177150927484,0.129503428936,0.1543198376894,-0.01366810966283,-0.11385001242161,0.37588965892792,-0.05506663769484,-0.39983168244362,-0.22026655077934,-0.24181437492371,-0.52911859750748,-7.86525201797485,-9.22755241394043,-9.99369716644287,SPIN
-0.62476241588593,-0.57222801446915,-0.17394387722015,-0.01832595653832,-0.06597344577312,-0.7006624341011,-0.41073051095009,-0.50785809755325,-0.75586938858032,-2.56179571151733,-2.68150591850281,-2.05661916732788,0.16041150689125,0.14365209639072,0.02394201606512,11.4158525466919,11.8827219009399,12.6009826660156,0.42409318685532,1.50165951251984,2.87732791900635,-1.89979088306427,-3.83501195907593,-6.80687141418457,-1.04725205898285,-1.37528669834137,-1.57503962516785,-1.53947174549103,-1.25695586204529,-0.49799394607544,0.06224924325943,-0.1268926858902,-0.05746084079146,13.4126167297363,13.5203561782837,12.6033773422241,4.72519540786743,7.06175518035889,9.27919578552246,-11.3303289413452,-16.1079063415527,-19.6099967956543,-1.58664608001709,-1.47852301597595,-1.12116682529449,0.96007490158081,2.19069457054138,2.62643933296204,0.33039984107018,0.59855043888092,0.71347212791443,13.2067155838013,13.3503675460815,11.9066638946533,11.3622465133667,13.7678337097168,15.2082538604736,-20.0211086273193,-20.0211086273193,-20.0211086273193,-0.48281261324883,-0.29161179065704,-0.84200137853622,2.35828876495361,1.72621941566467,-0.50996494293213,2.39180755615234,2.39180755615234,-3.14358687400818,10.6688623428345,8.83969211578369,4.26167917251587,14.6596965789795,11.8533821105957,6.49731540679932,-19.7291145324707,-14.1189279556274,-2.62000107765198,-1.18408596515656,-2.18101811408997,-2.46507024765015,-1.95845699310303,-4.04380655288696,-6.67293930053711,-5.31303262710571,-9.27543640136719,-6.19649314880371,-0.22744916379452,-2.8969841003418,-17.7224788665771,1.27991545200348,-1.1922562122345,-1.46592390537262,2.2913556098938,1.50028502941132,-0.37140607833862,-1.45469927787781,-1.72225821018219,-1.69110405445099,-1.06781399250031,0.22984336316586,-2.41574954986572,-2.67192912101746,-4.25449657440186,-6.08157157897949,-20.6314353942871,-15.5629091262817,-11.4158525466919,-1.07435929775238,-0.48120909929276,-0.17027868330479,-1.08917272090912,-1.47768306732178,-1.37078166007996,-0.80473858118057,-0.107741355896,0.0687986984849,-2.60010313987732,-1.56820213794708,-2.0326771736145,-6.06720638275146,-4.93235492706299,-4.00549936294556,-9.36162757873535,-9.04798793792725,-9.13178443908691,-0.23991732299328,-0.48731774091721,-0.6956228017807,-0.66095620393753,0.16920967400074,0.59070670604706,0.11217013001442,0.14760030806065,0.21235203742981,-2.58094954490662,-2.63362193107605,-2.33674097061157,-3.51468801498413,-3.20583605766296,-2.87783050537109,-9.15812110900879,-9.38556957244873,-9.28022480010986,-0.7683157324791,-0.65897089242935,-0.38591411709785,0.67928212881088,0.67073005437851,0.38851028680801,0.30947959423065,0.41821360588074,0.42310053110123,-1.9943699836731,-0.89543145895004,-0.51235914230347,-2.54743051528931,-2.17872357368469,-1.86987149715424,-8.68167495727539,-8.45661926269531,-8.06636524200439,0.11682797968388,0.14798210561275,0.04474587738514,0.11667526513338,0.20158553123474,0.29199358820915,0.29115363955498,0.16470454633236,0.04680754989386,-0.03591302409768,-0.03112462162971,-0.15801730751991,-1.64242231845856,-1.66636443138123,-1.69509482383728,-8.47577285766602,-9.20839881896973,-9.63696098327637,SPIN
-0.32788193225861,-0.32116240262985,-0.29856038093567,-0.18936823308468,-0.23212879896164,-0.25228735804558,-0.1205695271492,-0.13278682529926,-0.13950635492802,0.83318221569061,0.79966336488724,0.77332717180252,1.53468334674835,1.44130945205688,1.3407529592514,10.2857894897461,10.4725370407104,10.6568908691406,-0.22953261435032,-0.08048149943352,0.10338894277811,-0.27550023794174,-0.37446039915085,-0.64751714468002,-0.14439326524734,-0.12789991497993,-0.05459608137608,0.73262572288513,0.58897364139557,0.61530983448029,1.20428347587585,1.16837048530579,1.28568625450134,10.9058876037598,10.9441947937012,10.8675804138184,0.31413745880127,0.59880065917969,1.94942367076874,-1.13193333148956,-1.8723019361496,-5.02436685562134,0.01748601719737,0.08101600408554,-0.17615826427937,0.88585460186005,1.51074123382568,5.10234308242798,1.38145434856415,1.47961664199829,2.6934769153595,10.956166267395,10.9872913360596,12.2993135452271,3.67633986473084,6.53702163696289,10.6896839141846,-8.28027820587158,-13.2258434295654,-19.460334777832,-0.82734060287476,-1.77173829078674,-2.6568820476532,7.49175643920898,8.19325733184814,9.01446914672852,3.53623580932617,3.86663579940796,5.04967069625854,13.841178894043,15.500659942627,20.6050987243652,16.1019496917725,19.2149181365967,16.778787612915,-20.0211086273193,-20.0211086273193,-20.0211086273193,-4.23108196258545,-6.0636773109436,-4.93663120269775,7.18769264221191,-2.78685069084167,-15.5581207275391,-0.428562104702,-15.4120750427246,-16.0297794342041,24.2993507385254,16.0704803466797,5.77511358261108,12.1429319381714,7.11978721618652,-1.39078748226166,-11.91614818573,-3.49109482765198,4.25162220001221,-2.96536898612976,-0.18776470422745,0.11583532392979,-29.3107147216797,-17.1023807525635,5.17895746231079,-13.1037654876709,-7.04404067993164,-2.93768548965454,-4.73094272613525,-16.4798889160156,-12.201150894165,-0.9717338681221,0.19074267148972,0.90912020206451,2.1135938167572,0.12400564551353,-0.85643309354782,-0.80351686477661,-0.21281017363071,0.43959391117096,0.33997663855553,-1.85550630092621,-1.26653265953064,-3.91930818557739,-3.05978965759277,-1.43412685394287,-10.1158018112183,-9.76385402679443,-10.0870714187622,0.24083362519741,-0.37491855025291,-0.73593991994858,0.18509216606617,0.71959924697876,0.73487091064453,0.18303050100803,-0.04298964142799,-0.13584116101265,-0.5434837937355,-0.67755907773972,-1.29526317119598,-1.5442601442337,-1.97282218933105,-1.90578460693359,-11.2075576782227,-11.1572790145874,-10.4485950469971,-0.80435681343079,-0.16600263118744,0.11194105446339,0.55100047588348,0.04337143152952,-0.09590584039688,-0.09674578160048,0.08529205620289,0.06696610152721,-1.64721071720123,-1.69509482383728,-1.06302559375763,-1.70706582069397,-1.5179238319397,-1.60890352725983,-9.43345355987549,-8.68167495727539,-9.28501319885254,0.15470162034035,0.02458732575178,-0.15989397466183,-0.1148426681757,0.01343903504312,0.10567969083786,0.00099265598692,-0.05642867833376,-0.0332157984376,-1.09175598621368,-1.40060794353485,-1.10612118244171,-1.6448165178299,-1.75016140937805,-1.64242231845856,-9.92426490783691,-10.2403001785278,-9.39514636993408,SPIN
-0.34437528252602,-0.26007586717606,-0.24480424821377,-0.59253931045532,-0.7000515460968,-0.61147612333298,-0.56894463300705,-0.5316818356514,-0.51885366439819,-1.60650932788849,-1.48919343948364,-1.50595283508301,1.55862534046173,1.52750062942505,1.85790050029755,9.85243892669678,10.5994300842285,11.6026010513306,-0.12935072183609,0.14981469511986,0.71791934967041,-0.57360243797302,-0.93034774065018,-1.75073981285095,-0.32643112540245,-0.40278926491737,-1.07718455791473,-1.15879356861115,1.03668928146362,2.4899697303772,2.68390011787415,3.25132584571838,3.51229381561279,12.4214172363281,13.8746976852417,14.3535385131836,1.35932791233063,3.0935742855072,4.46130180358887,-3.05127191543579,-6.72623729705811,-9.38350105285644,-1.8768070936203,-2.73812699317932,-2.59518456459045,1.32638776302338,-1.8866308927536,-3.42370843887329,2.20745396614075,1.14921677112579,-2.28885674476624,15.2061738967896,16.1399116516113,19.2020969390869,7.10879135131836,10.4990940093994,13.9926319122314,-12.5752716064453,-16.635082244873,-19.664363861084,-1.71065175533295,-1.17431211471558,-1.71187353134155,-3.07176089286804,-0.4525041282177,0.99838209152222,-0.20111294090748,0.11731588095427,-1.82677590847015,17.9499282836914,17.6530475616455,18.9985885620117,16.5093975067139,17.1819591522217,15.3353137969971,-19.9581890106201,-15.0859279632568,-11.0804843902588,-3.09609413146973,-3.77048945426941,-3.95191645622253,-2.57616114616394,-8.65294456481934,-13.4820489883423,-8.70801067352295,-19.5229187011719,-18.0816097259521,20.923526763916,10.0918598175049,-6.96024370193481,12.1001710891724,7.92063140869141,3.94206619262695,-8.2949390411377,-4.01704978942871,-1.26632368564606,-3.45955896377563,-0.41011965274811,2.06510639190674,-22.3552589416504,-19.30983543396,-6.31141471862793,-17.011402130127,-12.6153478622437,-8.87321090698242,-15.5724868774414,-20.89479637146,-17.2915229797363,1.080162525177,-0.354149132967,-0.67912942171097,1.35734260082245,2.40253305435181,1.60779738426209,2.22515296936035,1.38887846469879,0.93378388881683,1.73100781440735,3.76847338676453,3.06218385696411,-5.08558368682861,-3.12443327903748,-2.10210919380188,-13.8483619689941,-13.3767042160034,-12.9553251266479,-0.54046303033829,-0.35048392415047,-0.32421672344208,0.62247169017792,0.08185594528913,-0.129503428936,0.87758427858353,0.80916738510132,0.50190216302872,2.59052634239197,2.24336695671082,2.03985977172852,-1.44370365142822,-0.91937345266342,-0.86909520626068,-11.8061075210571,-11.1620674133301,-10.9753198623657,-0.50258940458298,-0.84528475999832,-1.04992461204529,-0.09346238523722,0.07941248267889,0.00794124789536,0.06757696717978,-0.23968824744225,-0.26534458994865,0.9241618514061,-0.87867200374603,-1.89620769023895,-1.40300214290619,-1.80762231349945,-2.28885674476624,-10.8340616226196,-10.7478704452515,-9.54119300842285,-0.92530810832977,-0.56184333562851,-0.28634309768677,-0.14966198801994,-0.25900685787201,-0.1490511149168,-0.11385001242161,0.09506590664387,0.22945626080036,-2.15717577934265,-2.11408019065857,-2.10929179191589,-2.40856695175171,-2.38941335678101,-2.17154097557068,-8.40634155273438,-7.82455062866211,-7.89158821105957,SPIN
-0.37614026665688,-0.55817812681198,-0.63148194551468,0.28771752119064,0.10018189996481,0.06108652427793,-0.03443752974272,0.07796167582273,0.1414916664362,-1.24259066581726,-1.22104287147522,-1.09415018558502,-0.11492168158293,-0.08379705995321,0.66798228025436,8.8372974395752,9.24431228637695,9.54598140716553,-0.71028357744217,-0.7683157324791,-0.65713828802109,0.1050688251853,0.064751714468,-0.08002334833145,0.12255483865738,-0.05520694702864,-0.37224599719048,-0.428562104702,0.28251579403877,0.65601128339767,1.09175598621368,1.61848032474518,1.85790050029755,10.0104570388794,10.793360710144,11.6911859512329,-0.36514469981194,0.00870482996106,1.27319586277008,-0.47036623954773,-1.34817957878113,-4.59553909301758,-0.74792814254761,-1.14132535457611,-1.84687471389771,1.28808057308197,2.01831197738647,2.3056161403656,2.01831197738647,1.83156430721283,1.36708915233612,11.8444147109985,11.9353942871094,13.3168487548828,2.68612718582153,6.22792387008667,11.8265037536621,-7.72072601318359,-13.8110523223877,-20.0125560760498,-2.15841603279114,-2.60129332542419,-3.3948073387146,3.78523278236389,6.72321748733521,5.84454584121704,1.01514148712158,2.10929179191589,2.29843354225159,17.3777141571045,24.3759651184082,29.044958114624,17.5142707824707,20.0065994262695,19.0554828643799,-20.0211086273193,-20.0211086273193,-20.0211086273193,-4.33553981781006,-7.0551118850708,-6.39537715911865,6.04326438903809,-5.44231986999512,-17.3010997772217,-1.19710087776184,-15.3857383728027,-20.89479637146,26.7058238983154,26.037841796875,9.6704797744751,14.2662992477417,6.03427982330322,0.16630806028843,-12.752423286438,-0.53450709581375,2.89000344276428,-3.91282105445862,0.37850737571716,1.40598273277283,-31.4104290008545,-12.6656265258789,6.37845277786255,-14.8709850311279,-6.6849102973938,-1.58974993228912,-9.63696098327637,-24.7880687713623,-21.2156200408936,-1.35963332653046,-0.696233689785,0.09911288321018,1.30297553539276,-0.23212879896164,-1.19301986694336,-0.35514178872108,-1.03747820854187,-0.45043677091599,6.86926412582397,0.12210428714752,-2.09013819694519,-0.88585460186005,-2.29364514350891,-1.25935006141663,-12.2729768753052,-9.0168628692627,-8.32972717285156,0.54565536975861,0.68187832832336,0.47662761807442,-1.4923437833786,-1.19851756095886,-0.5711590051651,-0.03443752974272,-0.18654297292233,-0.51824277639389,-1.0414776802063,-0.5434837937355,-1.79325711727142,-0.31842881441116,-0.49320554733276,-1.32638776302338,-7.85806941986084,-8.11424922943115,-9.08868885040283,0.04963280260563,-0.27718010544777,-0.28267788887024,0.02626720629632,0.43066000938416,0.51373767852783,-0.54695343971252,-0.31787899136543,-0.11934779584408,-3.20104765892029,-3.28963303565979,-2.77487969398499,-1.95845699310303,-2.00155258178711,-1.83395850658417,-9.34726238250732,-8.85405731201172,-8.66252136230469,-0.02794708497822,0.17241671681404,0.12721268832684,0.25350907444954,-0.19120082259178,-0.48197266459465,-0.00389426597394,0.02359466999769,-0.01366810966283,-2.21463656425476,-1.90099620819092,-2.00873517990112,-1.81480491161346,-1.78607451915741,-1.87944829463959,-9.13178443908691,-9.78779602050781,-9.89074611663818,SPIN
0.69348478317261,1.10765135288239,1.30923688411713,-1.96271002292633,-3.0469958782196,-3.80507969856262,-0.17554740607738,-0.20242546498775,-0.17982345819473,-0.02394201606512,0.35673606395721,0.69671267271042,0.63685762882233,0.62967503070831,0.60094463825226,9.8500452041626,9.45260715484619,9.7303352355957,1.30984783172607,1.10154271125793,0.91950488090515,-4.16610097885132,-3.67801952362061,-2.86740136146545,-0.08269587904215,0.05535966157913,0.18791742622852,1.01514148712158,1.50834703445435,2.15238738059998,0.73501992225647,1.05584299564362,1.31920516490936,10.4845085144043,11.0232038497925,10.8771572113037,0.82298821210861,0.79244494438171,0.87430089712143,-2.18689751625061,-1.93705368041992,-2.66337251663208,0.27771461009979,0.23617577552795,0.16348281502724,3.12443327903748,3.64397501945496,4.25210237503052,1.74537301063538,2.19069457054138,2.83712911605835,10.3791637420654,9.69681644439697,9.19882202148438,1.46500754356384,2.72216820716858,5.3213996887207,-4.74153614044189,-7.43545198440552,-13.2496671676636,0.06207918003201,-0.26473373174667,-0.98921990394592,5.87567043304443,9.02883434295654,12.9170169830322,3.35906505584717,3.74692559242249,6.40478897094727,10.6904096603394,11.0040502548218,9.54837608337402,10.3353815078735,15.8948659896851,14.1673393249512,-20.0211086273193,-20.0211086273193,-17.5434398651123,-2.01974964141846,-4.00506162643433,-5.72037124633789,15.175048828125,12.1508731842041,-19.1542129516602,9.54119300842285,2.27688574790955,-17.4495410919189,21.967399597168,25.211841583252,0.05506663769484,8.15703678131104,2.57922577857971,-0.31261029839516,-7.39879989624023,-0.64629542827606,1.64444923400879,-2.46568131446838,1.55197954177856,1.13659119606018,-29.2987442016602,-7.76708936691284,4.00071096420288,-11.2506532669067,-5.15022706985474,-2.22421336174011,-13.3000898361206,-13.8292083740234,-10.6042184829712,-0.7261660695076,-0.47571131587029,-0.31688633561134,1.40621185302734,0.43371433019638,-0.3805690407753,-0.51213413476944,-0.74853897094727,0.02664899639785,2.98796367645264,-2.63362193107605,-3.32794046401978,-3.78762698173523,-4.7022123336792,-3.6343982219696,-10.149320602417,-11.0160217285156,-10.0559463500977,-0.27534750103951,-0.41157045960426,-0.67057734727859,-0.53389620780945,-0.10140363126993,0.54550266265869,0.38889208436012,0.31314480304718,0.18547396361828,-2.0829553604126,-1.70946002006531,-1.4867992401123,-2.29603934288025,-1.96085119247437,-2.02070617675781,-9.28740787506104,-8.92827701568604,-9.06714153289795,-0.79824817180634,-0.8678867816925,-0.79336124658585,0.76602500677109,0.82466810941696,0.67806041240692,0.13721559941769,0.08773551881313,0.05658139288425,-1.51552963256836,-1.63523972034454,-1.80283391475677,-1.73819041252136,-1.51074123382568,-1.42215585708618,-9.08868885040283,-9.04080486297607,-8.64576148986816,-0.61071252822876,-0.35292738676071,-0.15378531813622,0.58704149723053,0.30237829685211,0.10995574295521,0.06940956413746,0.07796167582273,0.06696610152721,-1.56101953983307,-1.48201084136963,-1.40779054164886,-1.41257905960083,-1.43891525268555,-1.52271223068237,-8.62421417236328,-8.74871253967285,-8.76068305969238,SPIN
-0.04749477282166,-0.03100141137838,-0.04749477282166,-0.10201449692249,-0.02626720629632,-0.07330382615328,-0.36796995997429,-0.23907738924026,-0.17188221216202,-1.32878196239471,-1.11330378055573,-0.91219085454941,-0.23463176190853,-0.02154781483114,0.18674772977829,10.0272159576416,9.79976654052734,9.73512363433838,-0.14462234079838,-0.25396722555161,-0.2429716438055,-0.24129177629948,-0.23884831368923,-0.19058994948864,-0.14011721313,-0.12973250448704,-0.11385001242161,-0.56263738870621,-0.5434837937355,-0.5746083855629,0.38307225704193,0.29927521944046,0.3208230137825,9.85962200164795,10.3025493621826,10.7718124389648,-0.07803803682327,0.04413501545787,-0.0267253536731,-0.18936823308468,-0.32803463935852,-0.3500257730484,-0.11629346758127,-0.11690433323383,-0.05948300287127,-0.56503158807755,-0.72304892539978,-0.5434837937355,0.38307225704193,0.31364041566849,0.26575639843941,10.6353435516357,10.2259349822998,10.3791637420654,-0.0841466858983,0.02947424724698,1.2945761680603,-0.43371433019638,-1.35856425762177,-5.16058969497681,-0.09430231899023,-0.29894217848778,-0.74548465013504,-0.16998831927776,0.428562104702,5.71765279769897,0.18674772977829,-0.00478840339929,0.45968672633171,10.5299987792969,10.7550535202026,15.9316167831421,5.83758115768433,13.1618556976318,18.1226921081543,-13.4616374969482,-20.0211086273193,-20.0211086273193,-2.34289717674255,-4.7014479637146,-7.37215089797974,5.71765279769897,13.0989770889282,14.9236574172974,0.45968672633171,2.22660756111145,-3.6846764087677,15.9316167831421,34.1877021789551,35.5981864929199,19.5753288269043,17.3627758026123,11.6896696090698,-20.0211086273193,-16.7315998077393,-11.0609369277954,-8.96101093292236,-7.91093397140503,-6.5303783416748,-1.16837048530579,-12.3831100463867,-32.4088134765625,-15.8310604095459,-18.7998695373535,-13.7406225204468,40.6762886047363,6.38324117660522,-1.65678763389587,6.99700307846069,2.60671472549438,-0.37369680404663,-3.629150390625,-0.2461786866188,1.34940135478973,-1.18775105476379,1.88978803157806,1.0645090341568,-27.8502521514893,-4.76924991607666,5.05445909500122,-9.095871925354,-4.53940629959106,-1.41257905960083,-14.6288719177246,-15.7544460296631,-13.3455791473389,-1.49524545669556,-1.18187153339386,-0.04627304151654,1.62978851795197,1.1423180103302,0.35674530267715,-0.73143476247787,-0.88476192951202,0.06207918003201,1.08696758747101,-4.25928497314453,-3.95282697677612,-1.59214413166046,-2.36307716369629,-1.63523972034454,-10.5419692993164,-8.25790119171143,-7.66413879394531,0.80282962322235,1.32206511497498,1.04961919784546,-0.17287486791611,-0.37446039915085,-0.01038470957428,0.48052188754082,0.48174360394478,0.37972912192345,-1.84832370281219,-1.66157603263855,-1.28808057308197,-0.90021985769272,-0.88585460186005,-0.93852704763412,-8.74392414093018,-10.1948099136353,-11.5068330764771,0.44364088773727,-0.02122756652534,-0.38957929611206,0.25473082065582,0.1472185254097,0.20219638943672,0.23984096944332,0.07124216109514,0.01748601719737,-0.59136784076691,-1.41257905960083,-1.97282218933105,-0.69192427396774,-0.63446342945099,-0.77332717180252,-11.8875102996826,-11.1620674133301,-9.54119300842285,SPIN
0.80588400363922,0.59574633836746,0.42653664946556,-0.38606682419777,-0.24923302233219,-0.1472185254097,-0.07719809561968,0.00282525178045,0.02481640130281,-1.59693253040314,-1.59693253040314,-1.33596456050873,0.0981622710824,0.0981622710824,0.50038814544678,9.42627143859863,9.42627143859863,8.21241092681885,0.25060746073723,0.08261952549219,-0.04566217586398,-0.23396138846874,-0.66095620393753,-0.70799279212952,0.00465784734115,-0.02283108793199,-0.15844316780567,-1.15161097049713,-0.3687070608139,-0.98880529403687,0.96246910095215,0.29927521944046,1.35990655422211,7.5180926322937,7.15896224975586,7.25233602523804,-0.16050484776497,-0.3058907687664,-0.61315596103668,-0.82772243022919,-0.83688539266586,-0.70554935932159,-0.06375905871391,-0.00572686176747,0.00465784734115,-0.81402856111526,-0.15801730751991,0.33039984107018,1.38145434856415,1.44370365142822,1.56101953983307,7.41514205932617,7.19487524032593,7.00094509124756,-1.19714319705963,-1.8067866563797,-1.98760282993317,-0.42271876335144,0.00794124789536,0.16982053220272,-0.04665483161807,-0.24335344135761,-0.74243032932281,0.97444009780884,2.03028297424316,3.91451978683472,1.52989482879639,1.63045132160187,2.00634098052979,7.8365216255188,9.47894382476807,11.408670425415,-1.12994801998138,1.88283944129944,7.45759582519531,-1.48745691776276,-6.27114248275757,-15.1573991775513,-1.79861640930176,-3.43451356887817,-4.84194707870483,6.62984371185303,7.96820259094238,7.79342603683472,1.51074123382568,-0.14844051003456,-1.83874690532684,15.5676975250244,21.61305809021,35.3731346130371,14.1447372436523,18.2668552398682,19.8196754455566,-20.0211086273193,-20.0211086273193,-20.0211086273193,-5.68127584457397,-6.9237756729126,-8.26951217651367,8.04721164703369,8.1046724319458,3.24414324760437,-3.74692559242249,-5.96425580978394,-12.7470293045044,40.4344749450684,35.5933990478516,27.7401180267334,18.8600063323975,14.3780879974365,10.3946361541748,-17.2068519592285,-13.3400754928589,-6.24120998382568,-8.81623649597168,-7.37459421157837,-3.65381407737732,-8.90433502197266,-24.019229888916,-26.1383972167969,-24.2969570159912,-18.1151294708252,-14.322413444519,10.8077259063721,4.30716896057129,-9.79976654052734,5.68547534942627,-1.29732501506805,-2.43781042098999,-0.91507613658905,1.60352122783661,1.3078625202179,0.27099508047104,1.01136374473572,-0.38873937726021,-17.0161895751953,4.5920786857605,1.56341373920441,-7.3792290687561,-2.80361008644104,-2.50194072723389,-19.1182994842529,-16.1901912689209,-10.8771572113037,-2.09939122200012,-0.91919946670532,0.28420504927635,1.01220369338989,0.39706242084503,-0.17226399481297,-0.60132050514221,0.17692184448242,0.75052428245544,-3.5506010055542,-4.37899494171143,-2.42772054672241,-2.20745396614075,-1.33596456050873,-0.70628952980042,-7.66892719268799,-6.64660310745239,-7.21881723403931,0.80710572004318,0.78206020593643,0.12049316614866,-0.32192599773407,-0.2425135076046,0.11667526513338,0.79145228862762,0.48174360394478,0.15065464377403,-0.5434837937355,-0.41419690847397,-1.18273568153381,-0.49081134796143,-0.72065472602844,-0.96965169906616,-9.2155818939209,-10.927435874939,-11.5666875839233,SPIN
-0.00045814894838,-0.09880745410919,-0.33337971568108,0.05131268128753,0.09773843735456,0.12278391420841,-0.23907738924026,-0.17493653297424,-0.06803511828184,-0.40701428055763,-0.59615623950958,-0.56742578744888,0.09576806426048,0.1723825186491,0.33997663855553,9.2155818939209,8.76547145843506,8.72716426849365,-0.52396965026855,-0.68157291412354,-0.65347307920456,0.12217304855585,0.01466076634824,-0.32803463935852,-0.00817032251507,-0.01244637928903,-0.04176791012287,-0.22505496442318,-0.04309562966228,0.3208230137825,0.64404028654099,0.72065472602844,0.86430680751801,9.15333271026611,9.91229438781738,10.9226474761963,-0.45005497336388,0.99769568443298,2.39840960502625,-0.8228355050087,-2.90588593482971,-5.39088582992554,-0.14011721313,-0.76014542579651,-1.2011901140213,1.07499659061432,2.86346530914307,4.14675712585449,0.89064306020737,0.96725749969482,1.21625447273254,12.2993135452271,14.14524269104,14.4732484817505,4.70076084136963,8.35190200805664,13.1074886322021,-9.84103870391846,-15.832405090332,-20.0211086273193,-1.6856062412262,-2.11076855659485,-2.88106966018677,5.66498041152954,8.26987171173096,7.89158821105957,1.75016140937805,2.90895509719849,2.57137250900269,17.0305557250977,19.3074417114258,23.468563079834,17.5313739776611,19.9992694854736,17.6688194274902,-20.0211086273193,-20.0211086273193,-18.0883312225342,-4.45649099349976,-4.88837289810181,-3.45345020294189,3.02627086639404,-7.84370422363281,-15.0026664733887,-3.65115761756897,-18.3306064605713,-15.0553388595581,26.9811573028564,15.6443128585815,0.82360535860062,13.1930093765259,6.19676971435547,-2.02669811248779,-9.17641735076904,-0.18753562867641,1.51738929748535,-2.55303502082825,0.82932591438293,-0.08697193861008,-26.7393417358398,-14.2601642608643,7.4678144454956,-13.3599443435669,-5.72244119644165,-2.50672912597656,-11.1070013046265,-23.8181171417236,-14.5809879302979,-2.31624817848206,-1.45737171173096,-0.06704246252775,0.71165800094604,0.46425759792328,-0.33414328098297,-1.36306941509247,-0.91102916002274,0.05169447138906,1.83874690532684,-1.87465989589691,-1.09175598621368,-3.67988801002502,-2.94726228713989,-2.04704236984253,-8.70322227478027,-6.7734956741333,-7.38401746749878,0.94760471582413,1.04106712341309,0.5199990272522,-1.01281452178955,-1.03236222267151,-0.66828656196594,0.45303294062614,0.24533875286579,-0.07903069257736,0.45968672633171,0.87388360500336,0.21547815203667,-1.63763391971588,-1.54186594486237,-1.69748902320862,-8.83011531829834,-10.7119579315186,-11.3272676467896,-0.49770244956017,-1.20874965190887,-1.35841155052185,0.13683381676674,0.58581978082657,0.59620445966721,-0.44493898749352,-0.53779047727585,-0.39118283987045,-0.91937345266342,-1.58256733417511,-1.37906014919281,-2.07816696166992,-2.35350036621094,-2.38223075866699,-11.0327806472778,-9.94820690155029,-8.73434734344482,-1.0645854473114,-0.58139097690582,-0.101861782372,0.40744712948799,0.19181168079376,0.06352998316288,-0.20181460678577,-0.11385001242161,-0.05948300287127,-0.83318221569061,-0.69431847333908,-0.87148940563202,-2.26730895042419,-2.06859016418457,-1.90339040756226,-7.98017358779907,-7.63540840148926,-7.7646951675415,SPIN
0.30314189195633,0.12110403180122,-0.14340060949326,-0.74953162670135,-0.78862702846527,-0.66095620393753,-0.18226692080498,-0.23846651613712,-0.29588785767555,-1.40779054164886,-1.40300214290619,-1.08696758747101,-0.7781155705452,-0.44532153010368,-0.26815059781075,7.82933902740479,8.2028341293335,9.41429996490478,-0.29550606012344,-0.28512135148048,-0.22342395782471,-0.38789942860603,-0.1246165111661,-0.40622538328171,-0.40706533193588,-0.49930599331856,-0.6795112490654,-1.07499659061432,-0.74220252037048,-0.27054479718208,-0.09337386488914,0.02633621916175,0.04309562966228,10.6975927352905,11.2243165969849,11.5595054626465,0.20967949926853,1.14919018745422,2.45644187927246,-1.36833810806274,-2.75255870819092,-3.93275046348572,-1.04969561100006,-1.38750410079956,-1.69232583045959,-0.00239420169964,0.46447512507439,1.92254400253296,0.08619125932455,-0.20590133965015,0.0981622710824,13.3407907485962,16.080057144165,17.79909324646,4.14304065704346,6.93591690063477,11.5668859481812,-5.64561653137207,-9.22650909423828,-14.3009662628174,-2.30991053581238,-2.93788003921509,-3.44550895690918,2.6623523235321,2.90177249908447,2.34152936935425,0.14125789701939,-0.56503158807755,-3.21780705451965,20.1214694976807,24.5893497467041,30.3114910125732,16.6804389953613,19.9785003662109,20.0065994262695,-17.5880317687988,-18.4267501831055,-19.2850151062012,-3.99345517158508,-4.18648862838745,-3.95008373260498,-0.83318221569061,-5.97383260726929,-15.8550024032593,-8.21719932556152,-13.6041536331177,-18.1486473083496,29.4735202789307,22.484546661377,11.2650184631348,19.8465538024902,17.0329074859619,11.1594390869141,-17.6924896240234,-12.4738683700562,-5.13493347167969,-2.27142596244812,-1.22623562812805,-0.07658722996712,-22.1637229919434,-23.030424118042,-14.0805997848511,-21.0647850036621,-17.8685264587402,-10.7454767227173,4.97545051574707,-7.02728128433228,-23.2171726226807,3.27011442184448,-2.2502748966217,-4.06515550613403,0.4758640229702,2.69513750076294,2.2534818649292,-0.2030363380909,-1.56587672233582,-1.75585579872131,-0.96246910095215,0.59136784076691,-4.72376012802124,-6.50773954391479,-6.69688129425049,-6.61069011688232,-25.0274887084961,-19.7743110656738,-12.9481420516968,-1.93323576450348,0.07345654815435,1.19072902202606,0.24068090319633,-0.79778999090195,-1.10749864578247,0.63445991277695,1.00953114032745,0.46158504486084,-1.0486603975296,1.72621941566467,0.62967503070831,-1.84592950344086,-0.7493851184845,-0.9720458984375,-3.97437477111816,-4.92517232894897,-7.498939037323,1.1534663438797,0.40759983658791,-0.42195516824722,-0.76602500677109,-0.07513642311096,0.47158795595169,-0.06681338697672,-0.24518603086472,-0.14072808623314,-1.40060794353485,-3.21062445640564,-3.19625926017761,-1.52750062942505,-1.83874690532684,-2.11647439002991,-9.35205078125,-10.3240966796875,-10.1541090011597,-0.88376927375793,-0.84772825241089,-0.52152621746063,0.60964351892471,0.46609017252922,0.20769418776035,-0.00389426597394,0.0590248554945,0.09628763794899,-2.39180755615234,-1.944091796875,-1.90578460693359,-2.30322194099426,-2.29364514350891,-2.2170307636261,-9.22755241394043,-8.56675338745117,-8.15495014190674,SPIN
