gyro_x_0,gyro_y_0,gyro_z_0,acc_x_0,acc_y_0,acc_z_0,gyro_x_1,gyro_y_1,gyro_z_1,acc_x_1,acc_y_1,acc_z_1,gyro_x_2,gyro_y_2,gyro_z_2,acc_x_2,acc_y_2,acc_z_2,gyro_x_3,gyro_y_3,gyro_z_3,acc_x_3,acc_y_3,acc_z_3,gyro_x_4,gyro_y_4,gyro_z_4,acc_x_4,acc_y_4,acc_z_4,gyro_x_5,gyro_y_5,gyro_z_5,acc_x_5,acc_y_5,acc_z_5,gyro_x_6,gyro_y_6,gyro_z_6,acc_x_6,acc_y_6,acc_z_6,gyro_x_7,gyro_y_7,gyro_z_7,acc_x_7,acc_y_7,acc_z_7,gyro_x_8,gyro_y_8,gyro_z_8,acc_x_8,acc_y_8,acc_z_8,gyro_x_9,gyro_y_9,gyro_z_9,acc_x_9,acc_y_9,acc_z_9,gyro_x_10,gyro_y_10,gyro_z_10,acc_x_10,acc_y_10,acc_z_10,gyro_x_11,gyro_y_11,gyro_z_11,acc_x_11,acc_y_11,acc_z_11,gyro_x_12,gyro_y_12,gyro_z_12,acc_x_12,acc_y_12,acc_z_12,gyro_x_13,gyro_y_13,gyro_z_13,acc_x_13,acc_y_13,acc_z_13,gyro_x_14,gyro_y_14,gyro_z_14,acc_x_14,acc_y_14,acc_z_14,motion_type
0.21834999322891,0.65560001134872,0.83572500944138,0.66948747634888,0.20405000448227,-0.44866248965263,-1.05215001106262,-1.28988754749298,-0.7429124712944,6.6585750579834,10.5677003860474,-5.11775016784668,-5.7297625541687,4.18055009841919,0.9118999838829,-0.73603749275208,0.30414998531342,1.541375041008,2.36623740196228,1.95387494564056,1.38283753395081,0.7343875169754,-0.64377498626709,1.69138753414154,10.4040746688843,19.321361541748,31.0692253112793,27.0484504699707,7.02913761138916,-2.96161246299744,-0.10271249711514,-0.23842500150204,-0.47451248764992,-0.65023750066757,-0.53721249103546,-0.3286249935627,-0.05224999785423,0.23759999871254,-1.20340001583099,-8.1258373260498,-6.74464988708496,-8.52032470703125,-8.28066253662109,0.6154500246048,0.74373751878738,1.11900007724762,0.21900001168251,-1.34595000743866,-0.43200001120567,-1.71300005912781,-2.59905004501343,0.72000002861023,-3.08805012702942,-32.074951171875,-5.47305011749268,21.0220508575439,-1.40895009040833,6.32100009918213,5.26005029678345,3.00405025482178,-0.14595000445843,0.25304999947548,0.71700000762939,-0.66600000858307,-0.3570000231266,-1.28400003910065,-1.72695004940033,-4.64895009994507,5.93595027923584,2.5489501953125,3.31305027008057,-2.9800500869751,-1.07805001735687,-0.81900006532669,-1.58295011520386,9.79995059967041,9.80295085906982,10.9999504089355,9.73605060577393,11.4310503005981,12.9690008163452,13.6849508285522,24.106050491333,1.90605008602142,-18.1870517730713,-5.25600004196167,-12.8959503173828,-16.0840511322021,-8.59500026702881,-10.4440507888794,SPIN
0.71733748912811,0.29012501239777,0.09515000134706,0.22137500345707,0.44591251015663,0.11288750171661,-0.94008749723434,-5.03717517852783,-5.86437511444092,4.03177499771118,7.17584991455078,-13.9628496170044,-16.8784008026123,-1.19253754615784,-0.5986750125885,-0.54161250591278,0.19910000264645,0.06256250292063,-0.6151750087738,-1.51703751087189,-0.60582500696182,2.88144993782043,11.9328002929688,16.4647998809814,12.9293994903564,12.156512260437,15.9671878814697,21.0575752258301,10.9900999069214,-2.35730004310608,0.2428250014782,0.6903874874115,0.68804997205734,0.3920125067234,0.2563000023365,0.171187505126,-0.87518751621246,-7.14216232299805,-9.82753753662109,-10.0619745254517,-9.03278732299805,-9.3302001953125,-10.7083625793457,-3.26810002326965,1.70637500286102,10.0980005264282,8.41499996185303,9.66495037078857,10.4599504470825,10.5370502471924,5.79495048522949,-9.70005035400391,-8.49105072021484,-60.4789543151855,-6.64905023574829,11.9449501037598,4.47705030441284,-1.95495009422302,1.34700012207031,4.97295045852661,1.72800004482269,1.89105010032654,1.92705011367798,1.91700005531311,1.45500004291534,0.63300001621246,6.47700023651123,-5.55000019073486,-2.05995011329651,-2.45295000076294,-3.47100019454956,-2.04795002937317,-2.00999999046326,-1.61205005645752,-1.4230500459671,4.61295032501221,4.43805027008057,3.6739501953125,2.67300009727478,4.40700006484985,3.62805008888245,13.2490510940552,44.3130035400391,15.0070505142212,-25.8889503479004,-18.0910511016846,-10.9489507675171,-11.5690507888794,-8.04104995727539,-7.25100040435791,SPIN
-0.53941249847412,-0.81716251373291,-0.65216249227524,-0.55330002307892,-0.49307498335838,-0.07906249910593,0.37138751149178,-0.59413748979568,-0.41387498378754,7.87338733673096,6.11393737792969,-12.3147745132446,-11.2980995178223,-0.6931374669075,0.51590001583099,2.8003249168396,3.68651247024536,3.72831249237061,3.14641237258911,1.84360003471375,0.06833750009537,-1.34681248664856,0.87202501296997,14.0650119781494,22.7642250061035,17.9381122589111,17.1879119873047,17.8538246154785,9.61881256103516,-0.10697499662638,-0.0354750007391,-0.40342500805855,-0.55068749189377,-0.27678748965263,0.2923249900341,0.77797502279282,1.14894998073578,1.23653745651245,-6.0997748374939,-13.9457998275757,-8.05846214294434,-10.3012247085571,-12.6945495605469,-2.12836241722107,2.27136254310608,7.23405027389526,5.86200046539307,5.38695049285889,6.57300043106079,8.02005004882813,11.2339506149292,10.5870008468628,-10.885950088501,-64.0050048828125,-10.2390003204346,10.5870008468628,13.827000617981,-1.06905007362366,-1.82505011558533,2.71200013160706,0.86100006103516,0.82005006074905,0.60000002384186,0.21405000984669,0.11100000888109,1.10805010795593,-2.57505011558533,-5.74395036697388,4.98795032501221,-6.46695041656494,-5.14005041122437,-0.16995000839233,-3.31995010375977,-2.31900000572205,-0.99900007247925,6.94305038452148,7.5319504737854,8.49300003051758,9.77700042724609,9.56805038452148,11.8669509887695,17.0929508209229,23.9910011291504,0.22800001502037,-23.7720012664795,-35.0410499572754,-18.2560501098633,-8.85105037689209,-5.51205015182495,-6.31905031204224,SPIN
0.02818750031292,-0.12196250259876,-0.23319999873638,-0.20226250588894,-0.07479999959469,-0.02914999984205,-0.22068749368191,1.19198751449585,8.84661197662354,1.30900001525879,-2.39236259460449,4.57297515869141,0.96043747663498,-0.30016249418259,0.8486499786377,0.33329999446869,0.69753748178482,1.75381243228912,2.79399991035461,3.10722494125366,2.22337508201599,0.46928748488426,8.41018772125244,19.7819881439209,33.8035507202148,31.2255630493164,9.79123783111572,-4.44716262817383,-5.48185014724731,5.0925874710083,0.24144999682903,0.16376249492168,0.21821250021458,0.27252501249313,0.44591251015663,0.57598751783371,0.59661251306534,-4.81332492828369,-9.85256290435791,-13.7891874313354,-11.561824798584,-2.46881246566772,-0.29136249423027,0.40039998292923,1.31477499008179,7.77300024032593,6.92295026779175,5.59605026245117,5.44995021820068,5.08305025100708,10.4820003509521,-7.7359504699707,-27.2869510650635,26.0560512542725,9.92100048065186,-4.43805027008057,-1.11900007724762,1.79205012321472,4.49205017089844,5.51205015182495,1.05000007152557,0.92805004119873,0.85095006227493,0.65505003929138,0.41505002975464,1.19895005226135,2.67195010185242,7.82100057601929,-2.72100019454956,-8.01405048370361,1.37295007705688,-1.14495003223419,-1.5859500169754,-1.48305010795593,-0.34995001554489,5.89395046234131,7.0009503364563,8.16495037078857,8.81100082397461,9.85800075531006,11.6490001678467,24.8749504089355,-11.0710506439209,-30.4519519805908,-4.82295036315918,-18.4409999847412,-8.08905029296875,-5.00700044631958,-8.25900077819824,-5.75205039978027,SPIN
-0.25987499952316,-0.39544999599457,-0.22110000252724,0.06517499685287,-0.60678750276566,-1.95291244983673,-1.05283749103546,3.73326253890991,9.97411251068115,0.08786249905825,-8.04911231994629,-1.73786246776581,1.86339998245239,1.68272495269775,-1.93916249275208,2.94882488250732,2.48242497444153,1.4441624879837,0.57585000991821,4.90888738632202,8.88016223907471,11.7182998657227,16.4764881134033,19.7021007537842,19.2656745910645,16.5017871856689,13.199725151062,3.32901239395142,-3.30467486381531,1.83603751659393,-0.0536249987781,-0.10601250082254,-0.16128750145435,-0.04839999973774,0.15276250243187,1.43728744983673,1.94177496433258,-3.29463744163513,-6.4141001701355,-8.61176204681396,-12.7018375396729,-7.31348752975464,-0.78223747014999,0.59193748235703,0.8485124707222,8.82900047302246,8.56095027923584,8.89095020294189,2.20695018768311,1.66095006465912,-2.0789999961853,-42.1930503845215,-40.5169525146484,19.6429500579834,18.8860511779785,1.42395007610321,0.76995003223419,5.3779501914978,3.74700021743774,4.29000043869019,1.27995002269745,1.10805010795593,1.2150000333786,0.12795001268387,-1.52805006504059,-2.85495018959045,0.13800001144409,-7.06800031661987,-7.79805040359497,-0.23505000770092,-3.36300015449524,-3.41595005989075,-0.45105001330376,-0.31395000219345,0.08700000494719,5.16105031967163,5.2020001411438,4.42605018615723,6.76095008850098,19.7209510803223,19.9860000610352,14.6839504241943,-24.9790515899658,-48.4170036315918,-8.83395004272461,-15.3100509643555,-5.91000032424927,-5.62500047683716,-6.39795017242432,-5.27505016326904,SPIN
-0.02887500077486,-0.18053749203682,-0.29768750071526,-0.172562494874,-0.01594999991357,0.14588749408722,0.23471249639988,-0.81716251373291,-3.12509989738464,1.73098754882813,3.36077499389648,-9.89106273651123,-8.87590026855469,2.2045373916626,1.46066248416901,0.33825001120567,0.04922499880195,-0.08346249908209,0.21889999508858,0.64487498998642,0.43546250462532,-0.13392500579357,2.74078750610352,14.9703121185303,22.720775604248,21.3899116516113,24.3868618011475,21.1947994232178,6.86180019378662,-1.75958752632141,0.13584999740124,-0.0054999999702,0.04001250118017,0.25506249070168,0.35969999432564,0.39256250858307,0.07864999771118,0.4130499958992,-3.12042498588562,-10.5605497360229,-6.67713737487793,-7.20774984359741,-9.30256271362305,-1.94287502765656,-0.19841249287128,9.15195083618164,9.26505088806152,8.44305038452148,8.67600059509277,9.5710506439209,10.2799501419067,11.8350009918213,-6.50805044174194,-48.7990531921387,2.7529501914978,10.8910503387451,0.3870000243187,0.9709500670433,4.24995040893555,3.60600018501282,1.15095007419586,0.97605001926422,0.93495005369186,0.77205002307892,0.83895003795624,0.85395002365112,1.41705012321472,-4.71600008010864,-1.42800009250641,3.60600018501282,1.16505002975464,-2.63205003738403,-0.78600001335144,-0.24195000529289,-0.45105001330376,4.5,4.54605007171631,4.94805002212524,5.68605041503906,5.13300037384033,4.89105033874512,9.72105026245117,35.5420532226563,7.5730504989624,-38.3340034484863,-8.19000053405762,-10.9849500656128,-13.1839504241943,-7.13400030136108,-6.43200016021729,SPIN
-0.20514999330044,-0.42171248793602,-0.52758747339249,-0.37001249194145,-0.1402499973774,-0.11866249889135,-0.17861250042915,-0.3979249894619,-1.67145001888275,-0.70482498407364,3.39693737030029,-3.68417501449585,-11.0781002044678,-4.81112480163574,-0.13021250069141,1.63432502746582,1.6521999835968,1.54866254329681,1.41858744621277,1.2474000453949,0.68846249580383,-0.07438749819994,-0.7595499753952,5.8998498916626,22.514799118042,24.1047115325928,19.3278255462646,26.6869621276855,15.0622997283936,-0.49211248755455,0.04867500066757,-0.0042624999769,-0.15180000662804,-0.22673749923706,-0.21367499232292,-0.12223749607801,0.11948750168085,0.56993746757507,1.16050004959106,-10.0520753860474,-13.5293121337891,-2.48957490921021,-6.78562498092651,-7.7005500793457,-0.97693747282028,9.49200057983398,9.89205074310303,9.32700061798096,9.66000080108643,9.87600040435791,12.1200008392334,17.4750003814697,16.4260501861572,-47.2710037231445,-6.04800033569336,3.51900005340576,0.70305001735687,0.84900003671646,-0.23805001378059,3.25095009803772,-0.05505000427365,0.17805001139641,0.2569500207901,0.29295000433922,0.41505002975464,-0.07005000114441,0.09000000357628,-5.98095035552979,8.2900505065918,0.45105001330376,-0.59700000286102,0.38400000333786,1.91205012798309,-1.06095004081726,-0.70005005598068,1.87995004653931,2.58405017852783,2.93595004081726,3.27405023574829,3.61695027351379,3.3270001411438,3.54195022583008,10.2390003204346,34.0260009765625,-10.2280502319336,-23.3070011138916,-10.4719505310059,-14.1060009002686,-9.47805023193359,-6.57600021362305,SPIN
0.03217500075698,-0.10202500224113,-0.31927499175072,-0.48193749785423,-0.32945001125336,-0.41043749451637,-1.60696244239807,-2.25527501106262,5.0983624458313,3.91984987258911,-5.63763761520386,-2.99763751029968,3.5457124710083,3.32557487487793,-1.48403751850128,0.19593749940395,0.48578751087189,1.15293753147125,1.68904995918274,1.27558743953705,2.14389991760254,7.20431232452393,17.7691249847412,24.3449249267578,27.1005630493164,23.3743114471436,12.3340253829956,3.36091256141663,-5.77486228942871,-0.70179998874664,0.08071249723434,0.22481249272823,0.13282500207424,-0.21518750488758,-0.63139998912811,-1.15128743648529,-0.97501248121262,-5.18732500076294,-12.564887046814,-10.3465995788574,-15.9754371643066,-15.8593873977661,-2.4282500743866,1.41707503795624,0.5321249961853,9.71295070648193,9.68400001525879,9.21195030212402,9.42795085906982,9.1429500579834,3.35595011711121,-10.5240001678467,-37.7790031433105,11.028000831604,23.4409503936768,-3.87600016593933,-1.14795005321503,3.7300500869751,2.45295000076294,3.83100008964539,0.49695003032684,0.43200001120567,0.75600004196167,1.30605006217957,1.84500002861023,0.39405003190041,-0.82905006408691,-7.64295053482056,1.64400005340576,2.26200008392334,-3.83205008506775,-2.09805011749268,-0.27795001864433,-0.6730500459671,-0.79095005989075,1.9039500951767,3.27405023574829,3.88500022888184,2.7810001373291,5.31195020675659,12.526050567627,20.3509502410889,4.13595008850098,-53.4799537658691,-12.1390504837036,-4.5930004119873,-7.53600025177002,-4.92300033569336,-7.11495018005371,-8.57100009918213,SPIN
-0.59014999866486,-0.40411248803139,-0.15647499263287,0.22907499969006,0.54931247234344,0.43807500600815,-0.01264999993145,-5.23696231842041,-8.33731269836426,-0.89485001564026,3.42361259460449,-12.2853498458862,-12.6817626953125,1.51030004024506,0.56938749551773,0.93596249818802,0.82719999551773,0.49334999918938,-0.21766249835491,-1.25152504444122,-2.8388249874115,-3.00189995765686,12.9551124572754,26.8559494018555,18.5099754333496,14.7728624343872,24.1876239776611,25.5315494537354,12.209587097168,1.1171875,0.14987500011921,0.18645000457764,0.12540000677109,0.0591249987483,-0.05458749830723,-0.856625020504,-0.43023750185966,1.27104997634888,-5.62209987640381,-9.61221218109131,-3.0966374874115,-4.21726226806641,-6.67122507095337,-2.76292490959167,-1.02960002422333,9.86400032043457,10.090950012207,10.6230001449585,11.0899505615234,12.7830009460449,7.54095029830933,-3.66495013237,4.56599998474121,-38.4480018615723,-10.6489505767822,9.76095008850098,-0.66600000858307,7.34400033950806,5.61495018005371,1.3330500125885,1.20600008964539,1.10805010795593,1.38495004177094,1.38300001621246,2.08200001716614,1.86405003070831,-1.48305010795593,-5.30295038223267,-0.63300001621246,2.16105008125305,1.07595002651215,-4.06905031204224,0.18105000257492,-0.20895001292229,-1.59795010089874,-0.35805001854897,0.28500002622604,-0.925950050354,-2.41800022125244,-3.27795004844666,-10.032000541687,17.9359512329102,35.9539527893066,12.1210508346558,-14.3640003204346,-11.4259510040283,-9.61500072479248,-16.2130508422852,-14.3550004959106,-7.17705011367798,SPIN
0.04331250116229,0.07562500238419,0.0629749968648,-0.09927500039339,-0.0109999999404,0.30634999275208,0.50146251916885,1.34901249408722,-9.54016208648682,-14.1658000946045,-9.96545028686523,-18.5138244628906,-18.8819122314453,-7.60319995880127,-0.56017500162125,0.43230000138283,0.27761250734329,-0.13612499833107,-0.26152500510216,-0.57887500524521,-1.15431249141693,-1.79932498931885,-2.28566241264343,20.5089492797852,32.527961730957,10.6347999572754,5.2052001953125,15.4782371520996,8.42916202545166,-1.40346252918243,0.02804999984801,0.03355000168085,0.00357499998063,0.03959999978542,0.29741248488426,0.54229998588562,1.21893751621246,2.93700003623962,-9.86933708190918,-13.4188995361328,-0.48812499642372,-1.89681243896484,-0.82967501878738,2.03115010261536,-0.43381249904633,9.46395015716553,9.35400009155273,9.56895065307617,10.8120002746582,17.6640014648438,27.7230014801025,19.2040500640869,-20.67405128479,-54.2640037536621,11.0590505599976,7.39695024490356,1.15995001792908,2.4580500125885,0.00105000007898,3.23205018043518,2.01300001144409,2.01495003700256,1.98405003547668,1.8550500869751,2.62605023384094,2.05605006217957,-5.51100015640259,-7.19700050354004,-36.6060028076172,-25.2319507598877,-3.19500017166138,0.22905001044273,-1.50195002555847,-1.20495009422302,-1.25295007228851,2.06895017623901,1.90605008602142,2.04795002937317,1.86600005626678,1.05900001525879,0.78300005197525,-8.82194995880127,39.4530029296875,52.3720512390137,-77.0850067138672,-3.9340500831604,-28.3270511627197,-9.34905052185059,-9.66300010681152,-7.14105033874512,SPIN
-1.04499995708466,-0.50875002145767,-0.40191251039505,-0.45374998450279,-0.38183748722076,-0.23594999313354,-0.174899995327,0.20858749747276,-0.14891250431538,-4.60102510452271,-4.1606125831604,-9.70351219177246,-18.6936740875244,-8.82145023345947,-0.79708749055862,4.76189994812012,2.95996236801147,2.11268758773804,1.44031250476837,0.45993748307228,0.03244999796152,-0.00481249997392,-1.0645250082016,-1.5025999546051,11.4930753707886,23.2782001495361,22.0247497558594,23.4744129180908,13.7656745910645,2.72731256484985,-0.02626249939203,-0.26606249809265,-0.55137497186661,-0.70509999990463,-0.48675000667572,-0.17861250042915,0.02103750035167,-0.4433000087738,-0.23553749918938,-6.92504978179932,-16.6445121765137,-9.550612449646,-5.95760011672974,-6.32994985580444,-0.02626249939203,8.25405025482178,7.85895013809204,8.34495067596436,8.0910005569458,8.39595031738281,9.15705013275146,10.5340509414673,20.3899517059326,-17.8530006408691,-14.8500003814697,-8.50800037384033,-1.79895007610321,7.58400058746338,-1.49505007266998,1.7370001077652,0.04395000264049,-0.00300000002608,0.21405000984669,0.18300001323223,0.18300001323223,-0.03105000220239,0.39600002765656,2.59305024147034,-1.63395011425018,1.66305005550385,-3.6979501247406,-3.19500017166138,2.98095011711121,-2.81700015068054,-2.20800018310547,4.86195039749146,5.84400033950806,5.30505037307739,5.38905048370361,5.88495016098022,6.30600023269653,5.9040002822876,1.24500000476837,30.9319515228271,-8.12505054473877,-14.5369510650635,-18.6439514160156,-18.8020515441895,-8.56800079345703,-5.56305027008057,SPIN
-0.20913749933243,0.08758749812841,0.40163749456406,0.51741248369217,-0.66453748941422,-1.08143746852875,-0.88866251707077,-0.54766249656677,-0.33206251263618,4.27239990234375,9.78835010528564,-5.41571235656738,-9.90247535705566,2.57056260108948,1.84456253051758,2.53838753700256,2.46936249732971,1.51524996757507,2.68950009346008,3.34661245346069,1.2199000120163,-2.9577624797821,-6.99324989318848,0.53047502040863,13.4123001098633,22.4753379821777,27.7700500488281,21.0042247772217,7.35514974594116,2.04874992370605,-0.69905000925064,-0.95039999485016,-0.50503748655319,-0.92234998941422,-0.91465002298355,0.70551252365112,2.83084988594055,3.32763743400574,0.86858749389648,-9.50331211090088,-10.9950494766235,-10.6254501342773,-10.6778373718262,-1.99388754367828,-0.22838750481606,1.2679500579834,-0.56805002689362,-1.56405007839203,-5.08995008468628,-1.91205012798309,1.79505014419556,7.21500015258789,0.3790500164032,-26.5279521942139,-10.9290008544922,11.4490509033203,-3.57105016708374,2.32695007324219,5.64795017242432,4.75005006790161,-0.45105001330376,0.61200004816055,-0.30900001525879,-0.74295002222061,-0.2250000089407,-0.62100005149841,-1.16895008087158,-8.05005073547363,-1.40895009040833,8.27100086212158,2.70300006866455,-3.78405022621155,0.04395000264049,0.27195000648499,-2.74500012397766,9.63000011444092,8.43105030059814,8.61300086975098,7.32195043563843,12.4489507675171,13.4239501953125,10.5049505233765,22.4029502868652,11.695050239563,-24.820951461792,-21.400951385498,0.11295000463724,-14.0940008163452,-10.0819501876831,-7.07100009918213,SPIN
0.37771248817444,0.47162500023842,0.41896250844002,0.24007499217987,0.13626250624657,-0.01663750037551,-1.30171251296997,-3.69613742828369,-2.73611259460449,7.07464981079102,14.8297872543335,1.42394995689392,-3.91517496109009,3.78221249580383,3.40284991264343,2.49603748321533,1.40401244163513,1.76646244525909,2.60988759994507,2.68510007858276,3.60415005683899,9.28358745574951,12.8907623291016,9.94358730316162,11.6051378250122,22.3473243713379,32.9187355041504,24.7798366546631,6.39801263809204,-4.44152498245239,-0.49266248941422,-0.42748749256134,-0.00068749999627,0.47616249322891,0.09968750178814,-0.68255001306534,-2.16328740119934,-0.66701251268387,1.48994994163513,-6.81518745422363,-7.2022500038147,-14.1032371520996,-13.7032499313354,1.43013751506805,0.28984999656677,10.4650506973267,10.078950881958,9.65805053710938,8.86995029449463,7.14495038986206,-0.45495003461838,-5.35305023193359,-5.82705020904541,-34.7740516662598,6.19005012512207,21.8460006713867,-0.46305000782013,-0.21795001626015,6.27600049972534,4.42200040817261,0.28095000982285,0.31005001068115,-0.14595000445843,0.28605002164841,0.99000006914139,0.53295004367828,-3.23805022239685,-4.20795011520386,4.82895040512085,2.98095011711121,5.13795042037964,-1.68900012969971,-3.02295017242432,0.43695002794266,-0.79305005073547,0.69495004415512,1.70805013179779,3.66405010223389,3.6979501247406,4.94595003128052,9.49200057983398,16.8709506988525,30.7830009460449,9.09195041656494,-32.5090522766113,-9.01605033874512,-6.35805034637451,-5.83995008468628,-9.70095062255859,-8.48505020141602,SPIN
2.12396240234375,0.47121250629425,-0.00357499998063,0.0859375,0.0671000033617,-0.07988750189543,-0.28490000963211,-0.72531247138977,-1.36537504196167,0.70235002040863,27.5994129180908,21.4439506530762,-7.38759994506836,-1.46478748321533,3.59053754806519,2.13551259040833,1.44017493724823,0.86844998598099,0.20996250212193,0.03973750025034,0.5292375087738,2.51776242256165,6.30781269073486,11.009349822998,14.9815874099731,17.3057498931885,21.4886379241943,24.5069007873535,16.1529502868652,1.45117497444153,1.75353753566742,0.4779500067234,-0.06448750197887,0.06256250292063,0.25162500143051,0.31941249966621,0.35117501020432,1.48953747749329,3.01537489891052,2.12520003318787,-4.12101268768311,-9.46233749389648,-20.2597999572754,-14.3925371170044,0.36602500081062,7.45395040512085,7.47300052642822,7.57395029067993,7.3080005645752,7.70100021362305,5.43795013427734,-1.90005004405975,-0.17805001139641,-38.5750503540039,-26.6350517272949,16.3110008239746,17.8129501342773,0.41100001335144,1.58205008506775,5.89005041122437,0.03000000119209,0.10695000737906,0.09000000357628,-0.13695000112057,-0.36195001006126,0.40800002217293,-3.75795006752014,-6.4069504737854,-3.95400023460388,11.2600507736206,-0.25200000405312,1.53195011615753,-2.17994999885559,-2.37405014038086,0.25500002503395,6.77595043182373,7.18005037307739,7.01295042037964,6.90000009536743,7.83900022506714,8.95005035400391,11.6329507827759,20.3479518890381,13.51305103302,-23.5590019226074,-31.3500022888184,-0.85395002365112,-11.9760007858276,-8.65500068664551,-9.91200065612793,SPIN
-0.21518750488758,-0.17132499814034,0.01196249946952,0.08236250281334,0.12031249701977,0.41249999403954,-0.33426249027252,-0.81688749790192,-3.24445009231567,-0.6543624997139,21.1807746887207,19.9555130004883,2.07336258888245,0.86061251163483,-0.1190750002861,1.85267496109009,0.60720002651215,-0.50888746976852,-0.67966252565384,-0.76972502470016,-2.14183759689331,-1.6275874376297,6.31400012969971,15.3305625915527,6.23411226272583,-12.6695251464844,-8.14274978637695,-5.15927505493164,-3.94858741760254,4.52017498016357,-0.06806249916553,0.07479999959469,0.51328748464584,0.72118747234344,0.84205001592636,0.55728751420975,1.87687504291534,1.77347493171692,-24.1500873565674,-29.9198627471924,-10.8652496337891,-4.9964747428894,-0.38664999604225,-0.8622624874115,-0.47492501139641,7.86105060577393,8.50305080413818,8.42400074005127,8.98995018005371,11.7820501327515,18.7660503387451,3.66795015335083,-21.855001449585,30.4080009460449,-0.1540500074625,-5.62605047225952,-1.19295001029968,-0.65700000524521,5.02305030822754,1.78305006027222,1.19895005226135,0.82005006074905,0.6690000295639,0.49005001783371,0.82005006074905,-0.88395005464554,-5.51805019378662,1.56300008296967,-0.03405000269413,-2.3689501285553,-2.51505017280579,-0.62100005149841,-1.76805007457733,-0.30405002832413,-0.35505002737045,6.81600046157837,6.70395040512085,6.77100038528442,6.40005016326904,6.11505031585693,5.14500045776367,24.9469509124756,15.7639503479004,-11.6029500961304,-7.44000053405762,-22.8430519104004,-12.9439506530762,-7.6560001373291,-6.61605024337769,-7.74000024795532,SPIN
-0.38637501001358,-0.19552500545979,0.17201249301434,0.28228750824928,0.14286249876022,0.17049999535084,0.56237500905991,-0.34732499718666,-1.40621244907379,5.45627498626709,18.8193492889404,-2.38947486877441,-18.1586627960205,-3.64718747138977,2.55543756484985,0.67471247911453,0.27802500128746,0.3616249859333,1.77485001087189,1.9377875328064,0.80478751659393,-1.01901245117188,2.35290002822876,14.2287750244141,21.3302364349365,22.5004997253418,19.1371116638184,14.4630746841431,8.39575004577637,-1.50864994525909,0.15001249313354,0.18039999902248,0.05967500060797,-0.02461249940097,0.25038748979568,0.39146250486374,0.1868624985218,1.07951247692108,2.21856260299683,-5.34957504272461,-13.3043622970581,-18.4476871490479,-18.0332622528076,-7.01593732833862,-2.44543743133545,7.97400045394897,7.91205024719238,6.59205007553101,7.48095035552979,7.38195037841797,7.43805027008057,9.46605014801025,-0.9700500369072,-67.8660049438477,-11.6790008544922,7.50000047683716,11.0520009994507,-5.30100011825562,-0.93900007009506,5.20800018310547,0.2119500041008,0.66195005178452,0.30300000309944,0.13800001144409,0.43200001120567,1.1340000629425,0.70305001735687,-12.3730506896973,-3.45900011062622,-11.0940008163452,1.20600008964539,3.85995006561279,-1.81800007820129,-3.98805022239685,-2.32095003128052,5.88495016098022,5.43000030517578,7.89405059814453,7.45605039596558,7.3840503692627,3.04200005531311,16.9570503234863,32.6490020751953,8.85705089569092,-33.7690505981445,-41.1379508972168,-9.41895008087158,-12.0840005874634,-5.44500017166138,-7.28895044326782,SPIN
-0.05444999784231,-0.05568749830127,-0.17572499811649,-0.63057500123978,-1.14400005340576,-0.43367499113083,10.2044248580933,20.4465255737305,19.4381008148193,7.95574998855591,-1.10577499866486,0.44591251015663,3.88093757629395,3.1857373714447,-2.1869375705719,0.93211251497269,1.39081251621246,2.44365000724792,4.26786231994629,6.30753755569458,4.93418741226196,9.85201263427734,13.6232252120972,11.0206251144409,15.1493377685547,9.13316249847412,1.34818744659424,-2.48008751869202,-3.93634986877441,5.20464992523193,0.2404875010252,0.44824999570847,0.86748749017715,1.12983751296997,0.81317502260208,0.11384999752045,-8.63857460021973,-24.6089248657227,-17.7644500732422,-8.92773723602295,-31.6513996124268,-28.4384365081787,-6.07901239395142,-2.37971258163452,-0.7899374961853,11.2819509506226,10.9180507659912,13.0800008773804,12.201000213623,18.117000579834,-10.5120000839233,-29.8660507202148,-22.7940006256104,10.8240003585815,17.9280014038086,-10.7250003814697,0.7579500079155,6.55095052719116,2.5729501247406,2.18805003166199,-0.30900001525879,-1.09005010128021,-1.58100008964539,-2.04795002937317,-3.41595005989075,10.5580501556396,6.86295032501221,-13.4749507904053,1.11000001430511,3.34200024604797,-6.02595043182373,-3.28395009040833,0.22095000743866,-1.03694999217987,-1.51905012130737,-1.60605013370514,0.06705000251532,0.7590000629425,9.60195064544678,12.3390007019043,-9.76605033874512,1.76805007457733,-14.1889505386353,-44.7880516052246,-18.3570003509521,-12.5299501419067,-3.91200017929077,-8.49405002593994,-6.9660005569458,-4.76505041122437,SPIN
0.00123749999329,0.04111250117421,0.35640001296997,-0.01704999990761,-0.19373749196529,0.35048750042915,-0.04331250116229,1.98976254463196,20.0800876617432,-1.56805002689362,-25.4069747924805,-8.10548782348633,-1.89942502975464,-0.6484500169754,0.40438750386238,0.38032498955727,0.61764997243881,0.8788999915123,-0.24144999682903,-0.01278750039637,14.6363248825073,28.6829128265381,14.7339496612549,10.5373125076294,16.1239376068115,7.33672475814819,3.58063745498657,-4.41993761062622,-2.53756237030029,4.45596265792847,-0.03657500073314,0.10986249893904,0.76972502470016,-0.10642500221729,0.56856250762939,4.42832517623901,4.79146242141724,0.12773749232292,-18.2488632202148,-28.5018253326416,-14.8513746261597,-3.05194997787476,-0.32972499728203,-0.43009999394417,-1.14372503757477,9.81795024871826,12.4360504150391,16.0519504547119,3.85200023651123,6.56805038452148,-18.0090007781982,-8.17199993133545,-25.6099510192871,22.0519504547119,-8.97705078125,-8.78805065155029,-8.41394996643066,-1.71300005912781,1.33995008468628,0.87495005130768,1.42095005512238,0.64500004053116,0.04905000329018,6.14895009994507,-10.0039501190186,-2.43795013427734,-1.25505006313324,-7.23795032501221,3.99105024337769,-10.581000328064,3.42105007171631,-0.17295001447201,-1.72905004024506,-0.89805006980896,-1.29405009746552,-2.65500020980835,-3.93900012969971,-3.37395024299622,-14.9299507141113,28.7640018463135,6.29700040817261,18.2929515838623,12.2700004577637,-43.7800521850586,-2.87805008888245,-28.5360012054443,-6.74595022201538,-7.63200044631958,-9.8569507598877,-5.8759503364563,SPIN
-0.1900250017643,-0.0844250023365,0.01003750041127,-0.07535000145435,-0.09817499667406,0.02584999985993,-0.28902500867844,-1.14743745326996,-1.28480005264282,-0.28861248493195,11.892237663269,1.8458000421524,-15.7459497451782,-3.89564990997314,2.35056257247925,0.63085001707077,0.52964997291565,0.56031250953674,0.7011125087738,0.7400249838829,0.5821750164032,2.19078755378723,9.44143772125244,14.0707874298096,16.4913368225098,20.545524597168,24.5290374755859,28.0807991027832,15.570912361145,-0.25753748416901,-0.40287500619888,-0.24378749728203,0.04028749838471,0.21779999136925,0.28256249427795,0.20102499425411,0.15716250240803,2.15723752975464,4.50683736801147,3.39652490615845,-8.39795017242432,-12.1809873580933,-11.1164627075195,-9.67010021209717,-1.77691245079041,9.55200004577637,10.3039503097534,10.0120506286621,9.92805004119873,10.3330507278442,6.25395011901855,4.08900022506714,21.4890003204346,-35.2290000915527,-12.2920503616333,12.2590503692627,-0.71700000762939,3.03495025634766,3.55800008773804,1.81905007362366,1.46205008029938,1.05705010890961,1.01895010471344,1.0069500207901,0.87795001268387,0.72000002861023,-0.86505001783371,-9.57600021362305,-6.01905012130737,5.50995016098022,5.81895017623901,-3.25500011444092,0.81105005741119,1.74495005607605,-0.3979500234127,-2.42805004119873,-1.95300006866455,-1.55805003643036,-1.54605007171631,-1.53900003433228,0.43395000696182,9.13695049285889,19.0429515838623,28.5870018005371,-23.7340507507324,-17.1190509796143,-9.28200054168701,-14.8150510787964,-10.8700504302979,-5.79300022125244,SPIN
0.15729999542236,0.37193748354912,0.67526251077652,0.80561250448227,0.92193746566772,-0.20831249654293,0.26922500133514,13.7988128662109,25.2518749237061,5.82656240463257,-6.62433767318726,1.34007501602173,3.50157499313354,0.93554997444153,-2.63779997825623,-0.20405000448227,0.08387500047684,-0.05568749830127,-0.0686125010252,5.08144998550415,12.5167627334595,21.2240867614746,24.0893115997314,20.3483505249023,19.5666618347168,16.0770492553711,10.5271377563477,0.83338749408722,-1.86243748664856,2.18047499656677,-0.02571249939501,0.09267500042915,0.23306250572205,0.42405000329018,1.36839997768402,1.95731246471405,-1.86477494239807,-14.0269250869751,-13.8016996383667,-18.5965995788574,-25.1798248291016,-10.3435745239258,-1.60448753833771,-0.27706250548363,0.1552374958992,9.06900024414063,9.5910005569458,13.7959508895874,7.56195020675659,13.068000793457,-5.6980504989624,-37.5280532836914,-22.3290004730225,22.6909503936768,11.3100004196167,-0.94605004787445,4.29795026779175,4.0290002822876,4.18305015563965,5.00400018692017,0.95400005578995,0.74805003404617,0.48000001907349,-1.62600004673004,-4.5600004196167,4.73594999313354,5.21295022964478,-1.54305005073547,0.69795000553131,-1.87995004653931,-3.76995015144348,-0.59400004148483,-0.13005000352859,-0.66795003414154,0.23295001685619,-4.32000017166138,-5.29200029373169,-6.94500017166138,1.42005002498627,20.9130001068115,6.87600040435791,11.203950881958,-34.6050033569336,-35.0929527282715,-13.0330505371094,-4.39604997634888,-6.98805046081543,-8.57100009918213,-5.8279504776001,-7.84500026702881,SPIN
-0.10504999756813,-0.11068750172853,0.05403750017285,0.1142624989152,0.40328750014305,0.73369997739792,0.16321249306202,-3.15094995498657,-1.90066254138947,23.4293117523193,19.6688251495361,-20.9134750366211,-18.3427753448486,0.79062497615814,0.95686250925064,0.56760001182556,0.73796248435974,0.8788999915123,0.97322499752045,0.64487498998642,-2.64357495307922,-2.7141125202179,24.0741882324219,32.735725402832,18.5010375976563,18.9638614654541,14.2632875442505,13.0910997390747,8.49392509460449,-1.84483754634857,-0.0082499999553,0.03795000165701,0.06641250103712,0.03506249934435,0.25891250371933,0.04193750023842,-0.24310000240803,1.82682502269745,0.16472500562668,-15.6145000457764,-14.8170003890991,-18.7107257843018,-19.4202251434326,-1.81060004234314,0.48482498526573,9.2959508895874,9.72195053100586,9.71505069732666,12.0600004196167,16.9270515441895,-5.85405015945435,-0.74295002222061,-28.3720512390137,-70.1290512084961,-1.23105001449585,22.8709506988525,-1.07805001735687,3.2749502658844,4.67805004119873,2.04404997825623,1.3660501241684,1.11495006084442,1.27995002269745,0.88005006313324,1.52700006961823,-0.37095001339912,-2.53200006484985,-6.61305046081543,-3.87495017051697,-4.51995038986206,-0.38595002889633,-0.78300005197525,-2.83095002174377,-1.53795003890991,-0.82695001363754,-2.26905012130737,-1.92900013923645,-1.48095011711121,-1.20795011520386,-9.05700016021729,-4.89705038070679,28.0620021820068,35.4180030822754,-13.0249509811401,-45.9619522094727,-10.1830501556396,-16.1029510498047,-10.6300506591797,-8.80500030517578,-5.87205028533936,SPIN
-0.1537249982357,-0.25134998559952,-0.2606999874115,-0.29727500677109,-0.14767499268055,0.14575000107288,0.08579999953508,-0.41084998846054,-1.10426247119904,-6.17210006713867,-23.9520874023438,-26.8129119873047,-10.6946125030518,-2.15572500228882,1.26719999313354,2.07817506790161,2.01423740386963,2.30766248703003,2.37833738327026,1.70733749866486,0.4144249856472,1.23722493648529,4.77180004119873,12.2187995910645,18.9846248626709,14.1706123352051,8.11744976043701,14.0072622299194,13.3436870574951,2.48778748512268,-0.13516250252724,-0.34127500653267,-0.22632500529289,0.10023749619722,0.37661248445511,0.35268750786781,0.16706250607967,1.26252496242523,2.81847500801086,9.09700012207031,20.2408256530762,9.32524967193604,-4.71693754196167,-1.98082494735718,-0.93266248703003,9.41805076599121,10.0390501022339,9.9190502166748,9.25995063781738,10.8580503463745,11.15505027771,8.23305034637451,15.5779504776001,-56.3839530944824,-39.7120513916016,11.8110008239746,-1.84005010128021,1.93605005741119,1.97700011730194,2.28795003890991,1.16805005073547,1.23900008201599,0.65700000524521,1.03605008125305,0.76305001974106,0.94005006551743,-0.4909500181675,-6.29400014877319,-8.0910005569458,-6.96300029754639,3.26100015640259,-3.82305026054382,-0.22305001318455,-1.15200006961823,-1.83195006847382,0.6400500535965,1.78905010223389,2.48100018501282,2.36205005645752,2.14605021476746,3.4459502696991,10.85205078125,19.9050006866455,36.9029998779297,-36.5569534301758,-33.7639503479004,-7.39995050430298,-19.5040512084961,-9.57195091247559,-5.30400037765503,SPIN
-0.01498750038445,-0.11646249890327,-0.48014998435974,-0.87449997663498,-1.03949999809265,-1.05751252174377,-1.02341246604919,-0.43656250834465,17.9723491668701,30.8632507324219,14.4036750793457,1.54852497577667,1.369500041008,1.15321254730225,1.03578746318817,1.08212494850159,1.30955004692078,1.84882497787476,3.64361238479614,5.96598768234253,7.79281234741211,8.97503757476807,14.8424377441406,20.8679618835449,20.3521995544434,17.1236991882324,12.5080995559692,3.72528743743896,0.94847500324249,3.74206256866455,0.05926249921322,0.09116250276566,0.00811249949038,0.00989999994636,0.24529999494553,0.77096247673035,1.12887501716614,0.47643750905991,-14.7541627883911,-6.33462476730347,9.59420013427734,0.71733748912811,-0.6572499871254,-0.29273748397827,-1.02533745765686,10.5340509414673,10.326000213623,9.05895042419434,8.60205078125,5.13795042037964,2.88705015182495,-14.3010005950928,-38.778003692627,6.99705028533936,-2.77605009078979,-2.54595017433167,6.83400011062622,0.58095002174377,1.87605011463165,4.25699996948242,0.43695002794266,0.73395001888275,0.3870000243187,0.10905000567436,-1.04895007610321,-2.39805006980896,-1.24605000019073,-2.29500007629395,3.98400020599365,-1.9690500497818,-1.32705008983612,0.81795001029968,-1.94295012950897,-2.10495018959045,-0.45300000905991,0.05505000427365,0.46005001664162,4.44000005722046,7.15395021438599,9.72600078582764,12.6960010528564,24.0580520629883,-2.88705015182495,-40.2349510192871,-8.90805053710938,-14.1060009002686,-15.2380504608154,-6.62400054931641,-4.02300024032593,-7.91700029373169,SPIN
-0.27939999103546,-0.18342499434948,-0.03355000168085,-0.08098749816418,-0.39531248807907,-1.08501243591309,-1.95181250572205,-2.65237498283386,-2.69087505340576,-12.8801746368408,-27.0480365753174,-35.8157234191895,-22.9416007995605,-2.62295007705688,0.77261251211166,0.02461249940097,0.13048750162125,0.3466374874115,0.81180000305176,1.4001624584198,2.15393757820129,4.43093729019165,12.6814870834351,21.5414371490479,16.7311382293701,9.4678373336792,7.40904998779297,9.61853790283203,10.9899625778198,2.71246242523193,-0.03244999796152,0.0027499999851,0.12911249697208,0.21670000255108,0.19580000638962,0.01581249944866,-0.3814249932766,1.06865000724792,2.34354996681213,10.3784999847412,17.229850769043,-6.90703725814819,-16.4859752655029,-2.59916257858276,-0.7042750120163,9.06599998474121,9.28200054168701,10.9729509353638,11.4760503768921,10.278000831604,7.36305046081543,3.57195019721985,0.16395001113415,-55.6129531860352,-32.6130027770996,9.99300003051758,-0.05295000225306,-0.24705001711845,4.86300039291382,0.34305000305176,0.91395002603531,0.87300002574921,0.72405004501343,1.25895011425018,1.17495000362396,1.66995012760162,-0.67095005512238,-5.20695018768311,-8.95500087738037,-8.37105083465576,2.48505020141602,-1.78905010223389,-1.82805013656616,0.58605003356934,-1.16400003433228,-4.10895013809204,-4.47495031356812,-4.00305032730103,-3.49305009841919,-1.18005001544952,1.76805007457733,11.4550504684448,25.488000869751,20.485050201416,-36.4609527587891,-41.0160026550293,-10.4749507904053,-10.5040502548218,-11.7180004119873,-5.35905027389526,SPIN
-0.11110000312328,-0.38651248812675,-0.57351249456406,-0.63538748025894,-0.48276248574257,-0.34264999628067,-0.55481249094009,-1.30789995193481,-1.00265002250671,-1.54123747348785,-3.05800008773804,-25.4750366210938,-23.5709381103516,-0.76408749818802,0.3812874853611,2.40501236915588,3.37562489509583,4.28958749771118,4.60405015945435,3.71676254272461,2.60603737831116,3.3274998664856,3.9311249256134,8.83712482452393,14.4882373809814,13.6595249176025,8.67459964752197,6.85960006713867,6.35855007171631,1.47908747196198,0.21670000255108,0.26730000972748,0.28338751196861,-0.11329999566078,-0.36272498965263,-0.64735001325607,-0.47244998812675,0.85758751630783,1.10797500610352,0.07631249725819,0.19786250591278,-14.0505752563477,-14.8890495300293,-1.52569997310638,0.21931250393391,9.17205047607422,7.74195051193237,6.11295032501221,5.11200046539307,5.16495037078857,1.85205006599426,1.66305005550385,-3.64605021476746,-52.4850006103516,-43.5799522399902,6.51495027542114,-10.3180503845215,2.49705004692078,3.74205017089844,1.69200003147125,0.34605002403259,0.31695002317429,0.3870000243187,0.20205001533031,0.39405003190041,0.23295001685619,-1.68600010871887,-2.76705002784729,-5.27400016784668,-11.7169504165649,-0.46695002913475,-3.94500017166138,-2.04299998283386,-0.54405003786087,-2.37600016593933,6.16500043869019,7.6230001449585,8.25300025939941,8.67000007629395,8.67000007629395,8.65995025634766,15.8929510116577,20.5249500274658,24.6259517669678,-26.9569511413574,-39.378002166748,-16.4530506134033,-12.3190507888794,-11.9479503631592,-7.13100051879883,SPIN
1.40359997749329,-1.7881875038147,-5.23613739013672,-3.38593745231628,0.41841250658035,3.53388738632202,1.61493754386902,-5.61316251754761,-7.54668760299683,-5.4643874168396,-19.0184497833252,-8.72121238708496,11.8140001296997,1.72535002231598,-8.15471267700195,1.63267493247986,1.23433744907379,0.37908750772476,-1.63886249065399,-0.65230000019073,4.04428768157959,8.101637840271,-1.15981245040894,-4.97585010528564,6.51310014724731,17.0022869110107,23.6011867523193,20.3986740112305,8.18977451324463,-4.39766263961792,-6.8024001121521,-0.21188749372959,6.3834376335144,5.14181232452393,2.0876624584198,0.46474999189377,-1.05613744258881,0.83476251363754,3.06542491912842,8.03412532806396,16.9756126403809,30.3224620819092,19.8791999816895,0.79199999570847,2.48764991760254,-0.17505000531673,3.28200006484985,6.48705053329468,0.81300002336502,-6.91995048522949,-4.93200016021729,3.67695021629334,0.54495000839233,-35.4199523925781,9.94005012512207,16.4040012359619,5.17200040817261,11.6839504241943,7.53600025177002,5.34900045394897,1.42605006694794,-3.80805015563965,0.19305001199245,0.01800000108778,4.85805034637451,0.10395000129938,-4.99095010757446,-11.3479509353638,0.47295001149178,2.88195013999939,-2.58405017852783,1.26300001144409,4.28595018386841,0.60195004940033,3.61995005607605,12.5160007476807,21.748950958252,19.6320018768311,7.94400024414063,3.46800017356873,9.44099998474121,11.2660503387451,25.7490005493164,-4.27605009078979,-24.35205078125,8.074049949646,-6.17295026779175,-18.5340003967285,-0.70995002985001,-8.0580005645752,SPIN
-0.11068750172853,-0.04977500066161,0.02461249940097,0.00109999999404,-0.10724999755621,-0.09941250085831,-0.11536250263453,-1.46299993991852,-3.99712491035461,-15.7888498306274,-15.257137298584,15.6700496673584,21.3265247344971,5.38711261749268,-0.19194999337196,0.37056249380112,0.28984999656677,0.37028750777245,0.20061250030994,-0.23539999127388,-0.72888749837875,1.05572497844696,7.23511266708374,10.9756622314453,7.64733743667603,9.68013763427734,18.1062755584717,23.3645496368408,11.5487623214722,-3.98433756828308,0.22811250388622,0.10656250268221,-0.04152499884367,0.00082499999553,0.1047749966383,-0.43986248970032,-0.56223750114441,2.54099988937378,7.39585018157959,20.2222633361816,18.2921752929688,16.6704998016357,17.2880115509033,4.76093769073486,2.06841254234314,5.20305013656616,5.20500040054321,5.22000026702881,5.44200038909912,6.40800046920776,3.90495014190674,-3.89895009994507,-15.4000511169434,-44.1889533996582,0.25005000829697,14.1940507888794,3.90000009536743,3.74400019645691,3.94800019264221,4.14195013046265,0.43695002794266,0.3529500067234,0.29595002532005,0.16395001113415,0.4200000166893,1.50300002098084,-3.63405013084412,-10.6560001373291,1.57200002670288,4.6210503578186,-1.07100009918213,-4.64400005340576,-1.56900012493134,-2.09100008010864,-0.67995005846024,8.52600002288818,8.73705005645752,8.63205051422119,8.70600032806396,8.11395072937012,5.11800003051758,20.6590518951416,36.4830017089844,3.70005011558533,-23.8530006408691,4.43295001983643,-13.1190004348755,-16.3110008239746,-4.65000009536743,-8.79300022125244,SPIN
-0.14808750152588,-0.27224999666214,-0.41538751125336,-0.31707498431206,0.0496375001967,0.13818749785423,-0.4838624894619,-1.62084996700287,-1.60228753089905,-2.05411243438721,-7.13625001907349,14.2874870300293,24.7105369567871,8.03151226043701,2.12478756904602,2.83360004425049,3.86058759689331,4.26332521438599,3.41192507743835,2.52202486991882,1.67461252212524,0.26124998927116,-0.72544997930527,3.99904990196228,11.0305252075195,14.2034749984741,9.29527473449707,7.8674750328064,4.67238759994507,-1.7331874370575,-0.04262499883771,0.24722500145435,0.62507498264313,0.15647499263287,-0.7596874833107,-0.77178752422333,0.16747500002384,1.31889998912811,2.6331250667572,11.1916751861572,30.4699993133545,31.5504741668701,14.3985872268677,3.40051245689392,0.15166249871254,6.81195020675659,6.32400035858154,3.71595025062561,3.74400019645691,3.18195009231567,5.00205039978027,5.79705047607422,5.3779501914978,-31.0729522705078,9.51600074768066,7.93995046615601,-2.35500001907349,5.95005035400391,5.94300031661987,0.40095001459122,0.30795001983643,-0.61605000495911,0.23805001378059,1.39695012569427,0.51405000686646,-0.9700500369072,-0.71895003318787,-6.45195007324219,1.13595008850098,11.3770503997803,2.48700022697449,-3.83700013160706,-0.06705000251532,1.57695007324219,-1.18605005741119,8.65305042266846,9.49200057983398,8.03505039215088,8.57400035858154,8.99100017547607,9.25695037841797,10.5640506744385,22.4959506988525,13.7740507125854,-24.1140003204346,-2.89695024490356,-12.2280006408691,-13.9519510269165,-11.7250509262085,-7.52700042724609,SPIN
0.02323750033975,-0.0299750007689,-0.07768750190735,0.05747500061989,0.29218751192093,-0.260837495327,-0.83050000667572,0.46543750166893,-0.9620875120163,-20.0046005249023,-1.79492497444153,20.155574798584,3.83019995689392,-0.79502499103546,-1.41295003890991,2.1397750377655,1.75408744812012,1.03221249580383,0.43642500042915,5.19213724136353,8.74032497406006,8.42462539672852,7.6128249168396,9.16574954986572,10.9066371917725,17.221736907959,24.6394500732422,8.6231746673584,-3.84147500991821,-2.7132875919342,0.22041249275208,0.29975000023842,0.24543750286102,-0.12237499654293,1.09518754482269,2.41175007820129,1.50081253051758,0.23045000433922,4.18013763427734,18.8478126525879,20.1709747314453,13.2833251953125,8.19472503662109,1.37059998512268,1.27792501449585,8.53395080566406,8.61105060577393,8.60205078125,0.10200000554323,2.84895014762878,-3.02805018424988,-8.02605056762695,-18.1309509277344,18.8400001525879,5.47800016403198,2.94405007362366,4.21095037460327,-4.82595014572144,-1.28205001354218,0.82005006074905,0.11400000751019,0.20205001533031,0.64305001497269,-0.66795003414154,-1.22895002365112,-2.73495006561279,1.4719500541687,-0.88395005464554,-0.77100002765656,1.32105004787445,-5.5620002746582,4.32405042648315,-0.8359500169754,0.24105000495911,2.32395005226135,5.95605039596558,5.57100009918213,3.97605013847351,9.83205032348633,15.8959503173828,14.8200006484985,6.87600040435791,23.8950004577637,-39.8740501403809,-15.9930009841919,-14.7499504089355,-28.3729515075684,-5.40900039672852,-1.84305012226105,-1.84305012226105,SPIN
-0.0677874982357,-0.02433750033379,0.32491248846054,0.95631247758865,-0.11769999563694,-1.34681248664856,-0.10230000317097,0.57818752527237,-3.64100003242493,-14.8641624450684,4.82377481460571,17.2704124450684,2.91362500190735,1.89310002326965,1.39892494678497,1.40277504920959,1.78117501735687,3.59906244277954,7.00961256027222,7.01208734512329,3.92122507095337,2.56863737106323,7.32421255111694,12.4163875579834,19.4925498962402,17.3065757751465,9.17276287078857,2.25321245193481,-2.42742490768433,2.98952507972717,0.00096249999478,0.20129999518394,0.87821251153946,2.15723752975464,1.02767503261566,-1.5966500043869,-2.09384989738464,0.19194999337196,8.93378734588623,25.2227249145508,30.9599132537842,18.6483001708984,5.32674980163574,0.32601249217987,-0.26042500138283,9.17895030975342,6.6259503364563,4.58505010604858,7.67700052261353,5.75595045089722,0.68595004081726,2.61600017547607,-23.6989517211914,12.8140506744385,4.70205020904541,-4.08900022506714,5.56500005722046,3.10500025749207,1.42800009250641,5.3779501914978,0.03000000119209,-0.57000005245209,-1.30305004119873,-2.11500000953674,-1.1910001039505,-0.30705001950264,0.0709500014782,-3.36495018005371,7.60995054244995,1.6030501127243,-2.0029501914978,3.6889500617981,-0.14205001294613,-2.50995016098022,-0.09795000404119,2.74500012397766,4.08599996566772,9.80505084991455,13.1149501800537,10.0879507064819,9.80505084991455,14.3100004196167,19.9770011901855,-33.4140014648438,3.22395014762878,-9.73995018005371,-15.4830007553101,-11.8590002059937,-5.41395044326782,-8.55900001525879,SPIN
0.09886249899864,0.06875000149012,-0.21436250209808,-0.5710374712944,-0.48633748292923,-0.46681249141693,-0.38857498764992,-1.20683753490448,-19.6696491241455,-15.8710746765137,16.4738750457764,14.7195119857788,1.59609997272491,0.06572499871254,-0.66728746891022,0.0346499979496,0.28421249985695,-0.14671249687672,-0.58341246843338,1.57822501659393,5.89201259613037,10.0226497650146,15.0996999740601,17.7480869293213,16.6275997161865,15.5039501190186,14.4010620117188,5.84870004653931,-0.88192498683929,0.28201249241829,-0.08346249908209,-0.05747500061989,-0.28270000219345,-1.07153749465942,-0.90859997272491,0.84837502241135,1.82490003108978,4.76066255569458,16.1350746154785,14.9410247802734,17.7893371582031,16.5265369415283,1.58207499980927,0.43477499485016,0.50613749027252,8.14395046234131,8.85105037689209,9.8730001449585,8.21595001220703,4.90095043182373,-1.35405004024506,-22.0939502716064,-34.2880516052246,9.07095050811768,5.83995008468628,0.63795000314713,5.16000032424927,2.5489501953125,0.74805003404617,3.78000020980835,-0.30705001950264,-0.36705002188683,0.74805003404617,0.46605002880096,-1.86795008182526,-3.5590500831604,4.12095022201538,-0.30705001950264,5.19600009918213,-1.92300009727478,-2.2540500164032,1.84800004959106,-0.26399999856949,-1.10895001888275,0.57405000925064,5.65200042724609,6.32805013656616,4.53600025177002,9.23505020141602,14.7169504165649,14.7940511703491,6.54300022125244,12.3940505981445,-39.0229530334473,-8.42505073547363,-13.7659502029419,-13.617000579834,-7.94595050811768,-7.79505014419556,-7.74705028533936,SPIN
0.22659999132156,-0.09831249713898,-0.3299999833107,-0.44701248407364,-0.47753748297691,-0.57818752527237,-0.67484998703003,0.27967500686646,-8.67322540283203,-0.6650875210762,12.2810878753662,4.83958768844604,-0.02969999983907,-2.04434990882874,-0.29026249051094,1.00416254997253,0.24956250190735,0.1104125007987,1.01433753967285,4.34417486190796,7.32036256790161,8.73221206665039,11.8646001815796,22.7060623168945,19.2185115814209,6.04972505569458,2.69307494163513,-6.6750750541687,-5.94371223449707,1.65673744678497,0.33041250705719,-0.02942499890924,-0.13543750345707,-0.08304999768734,0.23925000429153,0.79818749427795,1.1253000497818,3.75265002250671,23.6326751708984,39.5199737548828,22.8830242156982,3.89069986343384,1.75890004634857,2.14046239852905,0.45732501149178,9.49200057983398,9.68895053863525,8.91000080108643,5.70105028152466,4.35300016403198,2.25,-20.1739501953125,0.83895003795624,22.8280506134033,1.83795011043549,2.03205013275146,3.9100501537323,1.80900013446808,3.85005021095276,5.48805046081543,0.59295004606247,0.35595002770424,0.24795001745224,0.23595000803471,-1.73205006122589,-0.77100002765656,0.925950050354,6.84405040740967,4.89705038070679,-4.62495040893555,1.79700005054474,2.98800015449524,0.23295001685619,0.39195001125336,0.62595003843307,4.01894998550415,4.68900012969971,5.28105020523071,8.84700012207031,13.8360004425049,14.8969507217407,15.5269508361816,-19.4820003509521,-14.7910509109497,3.16095018386841,-14.3500509262085,-12.1489505767822,-7.40700054168701,-8.36505031585693,-7.12695026397705,SPIN
0.12113749980927,0.34938749670982,0.95149999856949,1.09147500991821,0.26276248693466,-0.36231249570847,-0.0937749966979,0.86831247806549,1.00883746147156,-10.582275390625,-19.6872501373291,-10.1543750762939,-4.69947481155396,-9.58924961090088,-12.6619625091553,2.69169998168945,4.09983730316162,6.55022478103638,7.66768741607666,6.02511262893677,3.59713745117188,2.26929998397827,2.66860008239746,6.11407518386841,9.56106281280518,11.2814626693726,20.9686126708984,20.836612701416,1.05118751525879,-7.16746234893799,-0.30703750252724,-0.43078750371933,0.23388749361038,1.04995000362396,0.58121252059937,-0.38940000534058,-0.88893747329712,-1.21302497386932,0.19937500357628,16.419563293457,20.1233997344971,5.20561265945435,-0.86817497014999,-5.15817499160767,-6.29901266098022,7.54995012283325,5.76600027084351,4.14900016784668,4.24695014953613,3.23895025253296,1.300950050354,-0.03900000080466,-5.26500034332275,-38.8840522766113,5.68005037307739,6.28995037078857,2.45100021362305,-9.13500022888184,2.9760000705719,6.6259503364563,-0.22305001318455,-0.49800002574921,-0.07005000114441,-0.46005001664162,-1.15905010700226,0.18105000257492,2.06295013427734,1.64400005340576,-7.96905040740967,-9.1230001449585,0.69795000553131,1.19595003128052,6.93705034255981,-0.00705000013113,-2.29500007629395,4.15799999237061,6.58200025558472,11.1750001907349,11.9100008010864,11.1940507888794,11.7720003128052,9.46005058288574,37.3219528198242,23.4450016021729,-30.4950008392334,-18.8070011138916,5.82705020904541,-4.10895013809204,-3.94605016708374,-7.90305042266846,SPIN
-0.16458749771118,0.04688749834895,0.26881250739098,0.31487500667572,0.48908749222755,0.68846249580383,0.49692499637604,-0.08662500232458,0.10449999570847,-1.80743753910065,-8.60076236724854,0.45512500405312,3.82442498207092,-3.95051240921021,1.03207504749298,2.755774974823,2.60988759994507,2.63147497177124,2.32264995574951,2.38617491722107,2.55089998245239,2.08711242675781,1.10247504711151,3.45496249198914,5.46521234512329,6.5905122756958,23.4202365875244,22.8386116027832,6.47927474975586,3.25778746604919,-0.92097496986389,-0.95700001716614,-0.67347496747971,-0.21766249835491,-0.19703750312328,-0.45003750920296,-0.37771248817444,0.31322500109673,1.4716625213623,10.1839370727539,27.2270622253418,26.3766250610352,8.34872531890869,1.025475025177,1.81678748130798,6.83595037460327,5.50200033187866,5.69595050811768,4.14000034332275,2.60700011253357,3.05895018577576,3.92895007133484,4.2810001373291,-20.3869514465332,-5.6569504737854,3.82800006866455,5.28405046463013,-3.58305025100708,5.76600027084351,2.32905006408691,-0.59205001592636,-0.26100000739098,-0.6280500292778,-0.20400001108646,0.57795000076294,0.25304999947548,-0.41895002126694,-0.59400004148483,-3.98295021057129,-3.91395020484924,1.51200008392334,1.87605011463165,2.39400005340576,-2.23200011253357,-1.63800013065338,7.81695032119751,8.11395072937012,8.84205055236816,9.41205024719238,8.82600021362305,10.1910009384155,9.81705093383789,28.992000579834,23.3710517883301,-12.0480003356934,-13.13805103302,-2.20500016212463,-6.98805046081543,-7.3609504699707,-7.75395059585571,SPIN
0.02103750035167,-0.24337500333786,-0.12086249887943,0.19882500171661,0.40136250853539,0.32147499918938,0.43230000138283,-0.4822124838829,-0.45086249709129,-0.11728750169277,-13.4277000427246,-14.8006372451782,15.0302619934082,16.9811115264893,1.92802500724792,2.66392493247986,2.73267507553101,3.92026257514954,2.57675004005432,0.50668752193451,-0.44536250829697,1.42449998855591,1.75546252727509,3.6452624797821,9.43222522735596,11.4291372299194,20.9034366607666,27.6093120574951,14.6767501831055,3.07078742980957,1.34433746337891,0.93293750286102,0.41813749074936,0.24805000424385,0.29933750629425,0.55013751983643,0.35667499899864,0.91038751602173,1.53656244277954,4.99537515640259,21.5054130554199,19.7210750579834,21.3190994262695,19.1564998626709,0.54147499799728,5.51205015182495,4.23105001449585,4.89600038528442,3.25095009803772,2.7529501914978,3.25305008888245,2.53500008583069,5.14995002746582,-23.2969512939453,-29.1720008850098,18.8500499725342,6.17805051803589,0.26205000281334,-0.16095000505447,2.03895020484924,0.10905000567436,0.87105005979538,-0.26100000739098,1.85205006599426,0.9300000667572,0.10200000554323,0.24795001745224,-2.9320502281189,7.94100046157837,4.54200029373169,-7.85595035552979,-0.05100000277162,-3.8779501914978,-1.83000004291534,-2.82900023460388,9.22305011749268,14.2360506057739,10.7490005493164,8.02305030822754,5.80995035171509,11.3380508422852,12.1789503097534,23.1619510650635,38.203052520752,-11.9719505310059,1.48500001430511,-28.7250022888184,4.72095012664795,-6.24495029449463,-13.2070503234863,SPIN
-0.23925000429153,0.30167499184608,1.47661244869232,1.54742503166199,-0.84397500753403,-3.1189124584198,-4.26456260681152,-3.33368754386902,-4.47534990310669,-7.7178750038147,-6.98362493515015,-0.57227498292923,9.62829971313477,6.44558763504028,-3.21475005149841,0.45883750915527,6.48010015487671,8.51138782501221,2.85051250457764,-0.54752498865128,0.11508750170469,2.51184988021851,2.4476375579834,3.40931248664856,5.86258745193481,18.4778003692627,21.5950622558594,11.9502620697021,1.28425002098084,-6.94333744049072,0.50338751077652,-1.07277500629425,-3.30192494392395,-3.51670002937317,-0.37152498960495,1.88443744182587,2.31852507591248,1.98866248130798,4.18508768081665,14.15149974823,24.8056869506836,26.4166374206543,13.6699752807617,3.51999998092651,2.90949988365173,1.49295008182526,3.10500025749207,-0.34005001187325,4.56105041503906,-0.80805003643036,-1.72995007038116,-2.34795022010803,-1.97895014286041,-28.1920509338379,14.2750511169434,6.68295049667358,6.96105051040649,1.97205007076263,0.78900003433228,4.83405017852783,1.38795006275177,4.82895040512085,6.06105041503906,-2.58900022506714,-1.10895001888275,-2.47395014762878,-5.53500032424927,-19.090950012207,22.9650001525879,5.08305025100708,-2.75205016136169,0.34395000338554,4.26195001602173,-0.87405002117157,-0.82695001363754,6.42300033569336,16.8919506072998,9.45105075836182,7.88400030136108,12.3990001678467,11.2999505996704,19.9120502471924,23.9689502716064,-9.41400051116943,-10.525050163269,-5.72295045852661,-7.31805038452148,-11.6269502639771,-6.75795030593872,-8.42205047607422,SPIN
-0.16775000095367,-0.30469998717308,-0.50792497396469,-0.75515002012253,-0.90818750858307,-0.69066250324249,-0.35433748364449,-0.86019998788834,-1.31284999847412,-12.4722127914429,-0.28503748774529,14.4904375076294,5.34819984436035,-4.66743755340576,-7.44947481155396,1.92719995975494,2.11667490005493,2.68551254272461,3.25063753128052,3.07037496566772,2.76347494125366,2.21979999542236,1.79684996604919,6.16935014724731,13.9105997085571,20.0645503997803,16.924186706543,7.13391256332397,-5.43372488021851,-9.70557498931885,0.44178751111031,0.37042498588562,0.63978749513626,0.7734375,0.60857498645782,0.37729999423027,0.09239999949932,0.40039998292923,5.40416240692139,20.6610240936279,34.2791633605957,22.4654369354248,3.78881239891052,2.48833751678467,2.66901254653931,4.76505041122437,3.18600010871887,1.03800010681152,0.90900003910065,-0.00795000046492,-1.82505011558533,-1.23105001449585,-12.2839508056641,-14.6680507659912,28.128002166748,7.71795034408569,4.04400014877319,5.39700031280518,-0.36900001764297,3.79005026817322,0.42495003342628,-0.33795002102852,-0.3979500234127,-0.9700500369072,-1.22400009632111,-0.83400005102158,-2.49600005149841,-6.08400011062622,15.5880002975464,-5.98095035552979,-5.57805013656616,3.54795026779175,3.16500020027161,-1.14705002307892,-1.24800002574921,9.4819507598877,10.1290502548218,10.021050453186,11.2729501724243,11.0890502929688,10.4970006942749,14.6599502563477,26.0650520324707,-23.0059509277344,-0.86595004796982,-1.57200002670288,-10.4440507888794,-12.1470003128052,-6.264000415802,-6.9330005645752,SPIN
-0.31020000576973,-0.2924624979496,-0.08579999953508,-0.03079999983311,-0.63057500123978,-1.49819993972778,-1.88608753681183,-1.48733747005463,-4.71102476119995,-4.13943767547607,3.79376244544983,5.64190006256104,0.06641250103712,-2.4817373752594,0.2758249938488,1.15967500209808,1.41446244716644,2.16603755950928,3.96811246871948,5.35535001754761,5.63461256027222,4.66097497940063,3.19494986534119,5.7239875793457,-1.54467499256134,-2.05809998512268,8.1378002166748,-1.87825000286102,-7.19001245498657,-0.97734999656677,0.05747500061989,-0.24805000424385,-0.39888748526573,0.3271124958992,1.28232502937317,1.35396254062653,0.2756874859333,0.07081250101328,8.93378734588623,13.4021253585815,13.3759994506836,8.52362537384033,1.88086247444153,2.18047499656677,0.50709998607635,6.44100046157837,4.48395013809204,2.95905017852783,0.84195005893707,-1.56405007839203,-4.2610502243042,-1.66500008106232,-26.3050518035889,36.5560531616211,0.63300001621246,16.8910503387451,6.64500045776367,-3.25305008888245,7.53795051574707,4.71705007553101,1.89105010032654,2.12295007705688,1.28700006008148,0.5059500336647,0.13800001144409,-1.26495003700256,-2.62305021286011,3.10305023193359,-13.1989507675171,-1.27695000171661,2.18099999427795,-0.807000041008,-2.62995004653931,1.78995013237,1.2150000333786,7.33095026016235,8.1670503616333,9.18000030517578,10.9840507507324,11.1900005340576,13.276050567627,23.1670513153076,2.40705013275146,-4.80600023269653,-3.58200025558472,-11.2560005187988,-15.8680505752563,-0.62595003843307,-2.9760000705719,-3.64395022392273,SPIN
-0.08387500047684,-0.10546249896288,-0.04111250117421,-0.10999999940395,-0.44357499480247,-0.71087497472763,-0.66536247730255,-1.00168752670288,-2.2710874080658,-8.63609981536865,-4.80507516860962,17.5324878692627,17.3434257507324,2.33062505722046,-0.30057498812675,3.43323755264282,2.7502748966217,2.84006237983704,3.53677487373352,4.34238767623901,4.17807483673096,2.9913125038147,1.19858753681183,3.30563759803772,9.4785623550415,10.8964624404907,17.8800868988037,17.2738494873047,-0.67430001497269,-4.09310007095337,0.25134998559952,0.38266250491142,0.51658749580383,0.55962496995926,0.58616250753403,0.39393749833107,0.10999999940395,0.14891250431538,3.82634997367859,15.0543251037598,22.4721755981445,18.3855381011963,8.70897483825684,3.4875500202179,2.42742490768433,5.1340503692627,3.49500012397766,1.14300000667572,-0.16305001080036,-1.69800007343292,-2.6010000705719,-1.20495009422302,-5.8560004234314,-29.7799510955811,26.7630004882813,-3.7630500793457,3.89100027084351,10.9339504241943,1.64400005340576,4.21905040740967,1.27005004882813,1.21995007991791,0.92295002937317,0.49200001358986,0.32205000519753,0.1710000038147,-0.65895003080368,-3.72495007514954,5.93595027923584,5.89800024032593,-1.95000004768372,-0.73800003528595,2.27895021438599,-2.40705013275146,-1.43205010890961,9.68100070953369,9.50100040435791,9.26895046234131,11.4190502166748,11.2350006103516,10.3560009002686,11.4750003814697,21.5839519500732,-9.31605052947998,-6.89895009994507,1.64505004882813,-17.4160499572754,-16.4790000915527,-9.41100025177002,-7.06905031204224,SPIN
0.12031249701977,0.10766249895096,0.10353749990463,-0.23306250572205,-0.78498750925064,-0.98175001144409,-0.14217500388622,0.81138747930527,2.03018760681152,-2.58115005493164,-7.73891258239746,14.9238376617432,18.7475757598877,-1.2112375497818,-0.86460000276566,1.45131254196167,1.63088750839233,1.94424998760223,2.72854995727539,5.94563770294189,10.5525751113892,12.4727621078491,12.2153625488281,12.3050127029419,14.1443500518799,17.5421123504639,31.1412754058838,27.5473003387451,5.68356227874756,-6.96465015411377,-0.00494999997318,0.21230000257492,0.33715000748634,-0.21298749744892,-2.40074992179871,-4.74141263961792,-1.96831250190735,3.13183736801147,9.37296199798584,17.033224105835,9.37681198120117,10.2342624664307,11.4919748306274,-0.63854998350143,-2.24839997291565,7.80405044555664,7.83795022964478,6.58500051498413,6.7020001411438,5.79900026321411,7.73205041885376,10.7209501266479,-5.84895038604736,-48.6259536743164,0.94695001840591,0.10395000129938,7.588050365448,-8.46000003814697,-2.84100008010864,1.12695002555847,-2.84100008010864,-2.89605021476746,-1.21200001239777,0.98100006580353,3.07395005226135,0.49200001358986,-1.29105007648468,4.58295011520386,6.17100048065186,-21.8520011901855,-7.59195041656494,-6.23895025253296,0.17400000989437,-1.37505006790161,-3.20700025558472,-8.85599994659424,-6.63105010986328,-4.63800001144409,0.07905000448227,3.68595027923584,7.31205034255981,21.2290515899658,47.3500518798828,19.8210010528564,-21.7530002593994,-48.6750030517578,-13.3180503845215,4.12395000457764,-13.1910009384155,-12.0480003356934,SPIN
-0.97020000219345,-1.56612503528595,-0.89980000257492,0.24310000240803,1.35657501220703,0.9952250123024,0.37358748912811,-0.85428750514984,-0.82706248760223,0.07837499678135,-11.6553249359131,-10.7980127334595,9.72111225128174,9.98002529144287,1.06122493743896,5.02191257476807,2.1958749294281,0.55742502212524,0.93087500333786,2.41752505302429,1.99443745613098,0.60348749160767,-2.26118755340576,-1.2971750497818,6.15450000762939,15.3162622451782,24.0869750976563,28.7717380523682,14.8732376098633,1.37431252002716,-2.23341250419617,-1.56763744354248,-0.88660001754761,-0.10491249710321,0.53308749198914,0.72269999980927,0.8984249830246,1.35423743724823,1.23076248168945,2.27713751792908,17.7346115112305,16.47607421875,13.136887550354,13.1528377532959,0.57626247406006,2.62800002098084,0.4420500099659,-0.36705002188683,-1.56705009937286,-1.44900012016296,-1.28895008563995,3.08805012702942,-2.04795002937317,-17.6419506072998,-12.8659505844116,-5.3100004196167,15.0420007705688,-6.30405044555664,5.79195022583008,4.15395021438599,-0.47700002789497,1.18395006656647,1.02900004386902,2.33100008964539,1.71405005455017,2.37495017051697,2.0269501209259,1.29900002479553,7.26000022888184,1.38795006275177,3.57900023460388,-1.71495008468628,-0.21600000560284,-2.52195000648499,-2.81205010414124,11.9130001068115,10.4040002822876,11.7640504837036,10.0849504470825,10.6669502258301,10.8109502792358,14.1499509811401,26.9340019226074,26.8840503692627,-14.8669509887695,3.87000012397766,-27.6589508056641,-4.53495025634766,-9.153000831604,-8.29305076599121,SPIN
0.19098749756813,0.90310001373291,1.76742494106293,2.48256254196167,2.30532503128052,-0.31391251087189,-6.12507486343384,-2.85078740119934,0.53116250038147,-1.38820004463196,-11.9620876312256,-3.25311255455017,11.2769250869751,8.74829959869385,5.86905002593994,2.19491243362427,6.68772506713867,9.58594989776611,9.44611263275146,3.39776253700256,-1.62277495861053,-5.63695001602173,1.84291243553162,6.20853757858276,7.37976264953613,15.1833000183105,25.4747619628906,18.0482501983643,4.18715000152588,4.70882511138916,-0.07823749631643,-0.89319998025894,-1.58578753471375,-1.41391253471375,-1.15101253986359,0.6682500243187,3.88891243934631,2.64921259880066,0.90502500534058,5.66651248931885,17.4539756774902,16.2599258422852,13.5616245269775,12.6176872253418,3.20113754272461,4.04100036621094,3.84000015258789,-7.5450005531311,2.82000017166138,5.90205049514771,-0.19905000925064,-1.82100009918213,-10.5670509338379,-14.8330507278442,-3.02100014686584,-1.38000011444092,-5.48295021057129,7.11195039749146,6.37695026397705,4.01999998092651,1.61505007743835,3.3469500541687,9.375,-1.17105007171631,-1.35105001926422,0.89205002784729,-0.18495000898838,5.62005043029785,6.94695043563843,3.73695015907288,4.54005002975464,0.11595000326633,-6.4069504737854,-6.14805030822754,-3.62205028533936,11.2350006103516,10.0399503707886,24.9510021209717,3.15705013275146,-2.39895009994507,16.4850006103516,18.9349517822266,30.1339511871338,28.8670520782471,-6.16395044326782,-2.71500015258789,-13.2409505844116,-10.2930002212524,-16.2109508514404,-11.2630500793457,SPIN
1.06246244907379,0.70592498779297,0.58684998750687,0.49651250243187,0.70166248083115,1.30941247940063,1.34021246433258,0.13255000114441,-0.59138751029968,-5.8972373008728,-17.4204254150391,-29.5762500762939,-24.9955749511719,-8.21947479248047,-0.69506251811981,3.77300000190735,7.18190002441406,11.399712562561,9.0162878036499,4.10698747634888,2.21732497215271,2.20522499084473,1.28823745250702,2.13358759880066,7.85193729400635,12.0881748199463,12.1376752853394,10.2275247573853,5.63846254348755,1.0451375246048,-0.7540500164032,-0.52195000648499,-0.00879999995232,0.79172497987747,0.92908751964569,0.42391249537468,0.27004998922348,0.68433749675751,1.41707503795624,9.40403747558594,15.5340623855591,-3.84092497825623,-23.0093879699707,-11.3745498657227,2.35606241226196,4.41300010681152,2.30295014381409,2.27595019340515,1.06905007362366,-0.53895002603531,-1.05405008792877,0.14699999988079,-1.41795003414154,-23.1960010528564,-6.15105009078979,13.7530508041382,4.0770001411438,4.60395002365112,0.2790000140667,4.95405006408691,0.80100005865097,1.24905002117157,0.78195005655289,1.47900009155273,2.0749499797821,2.37495017051697,1.51500010490417,2.07300019264221,5.296950340271,-6.7900505065918,-2.05995011329651,0.71700000762939,-1.87095010280609,-2.19405007362366,-2.0500500202179,5.50605010986328,13.9249505996704,14.2980003356934,9.75300025939941,7.70505046844482,10.5979509353638,10.9170007705688,23.3080501556396,32.8480529785156,-28.3320007324219,2.22705006599426,-23.355001449585,-9.21705055236816,-1.41195011138916,-7.97700023651123,SPIN
-0.97789996862411,-0.81166249513626,0.80313748121262,2.31151247024536,0.95713746547699,-1.8712375164032,-2.11268758773804,-1.66649997234344,-3.59768748283386,-2.88612508773804,-1.70981252193451,-3.05607509613037,4.02228736877441,5.00953769683838,-1.34200000762939,-4.70552492141724,-2.91568756103516,2.88296246528625,9.77446269989014,7.19991254806519,-1.28562498092651,-4.37071228027344,-2.29693746566772,3.44148755073547,7.62465000152588,7.89057493209839,13.1279497146606,30.971736907959,29.199499130249,11.1586751937866,-0.24736249446869,-0.00384999997914,-0.6374499797821,-0.09569999575615,-1.20271253585815,-3.40862488746643,-3.10901236534119,-1.36510002613068,0.53281247615814,1.58468747138977,4.69548749923706,7.72378730773926,7.24597501754761,1.01639997959137,-5.43303728103638,6.03600025177002,4.19204998016357,0.99300003051758,2.10600018501282,6.45105028152466,4.389000415802,1.66305005550385,12.7780504226685,-8.05995082855225,-36.3619499206543,-11.0010004043579,17.8150501251221,1.79505014419556,5.15700006484985,0.9300000667572,-0.13199999928474,1.05705010890961,3.36600017547607,2.95695018768311,1.24695003032684,1.20795011520386,2.01300001144409,-5.92305040359497,-8.99595069885254,6.77400016784668,10.0120506286621,-5.78700017929077,4.12800025939941,4.51095008850098,6.34095048904419,6.27300024032593,5.33895015716553,6.7350001335144,11.6520004272461,7.92795038223267,4.171950340271,8.08305072784424,30.0529518127441,58.1770515441895,24.7810516357422,-34.5570030212402,-10.4269504547119,-12.0240001678467,-0.11595000326633,-1.48905003070831,SPIN
-0.34801250696182,-0.57543748617172,-0.68282496929169,-0.46474999189377,-0.17613749206066,-0.39875000715256,-3.04754996299744,-4.13283729553223,-3.35307502746582,-3.23922491073608,2.09879994392395,1.6660875082016,4.52746248245239,-1.37183749675751,-1.13629996776581,1.54439997673035,1.94369995594025,2.26077508926392,2.37269997596741,2.88007497787476,1.83851253986359,-1.5109875202179,0.66151249408722,5.80112504959106,11.8607501983643,15.812087059021,17.3787631988525,35.1074638366699,11.3477373123169,-4.32272481918335,-0.86349999904633,-0.770687520504,-0.71843749284744,-0.71114999055862,-0.72998750209808,-0.72118747234344,-0.73081248998642,0.55412501096725,4.04181241989136,7.96523761749268,8.29592514038086,9.29692459106445,4.457200050354,1.14097499847412,4.65093755722046,1.63200008869171,1.40400004386902,0.31695002317429,-2.26095008850098,-2.0310001373291,8.74995040893555,-11.568000793457,-47.5750503540039,-46.6150512695313,8.83095073699951,0.44400003552437,6.43200016021729,7.28400039672852,11.3370008468628,10.8049507141113,0.54000002145767,0.25500002503395,0.60900002717972,0.40305000543594,0.60705000162125,-5.89005041122437,-29.3749523162842,-7.03905010223389,19.4389514923096,-1.24305009841919,6.0799503326416,3.59595012664795,2.61900019645691,-0.37605002522469,-0.77895003557205,10.5289506912231,9.44099998474121,9.22605037689209,9.52695083618164,13.2040510177612,35.803050994873,51.0330009460449,53.2200012207031,-53.824951171875,10.5570001602173,-10.2619504928589,2.90295004844666,-5.25405025482178,-0.77295005321503,-6.83205032348633,SPIN
-0.77701246738434,-0.78539997339249,-0.55426251888275,-0.14478750526905,0.04578749835491,0.29603749513626,-1.627312541008,-4.02943754196167,-3.7783625125885,-5.10166263580322,-1.55388748645782,0.40163749456406,-12.5589752197266,-6.16893768310547,-10.4135627746582,1.59967494010925,1.72246253490448,1.90203750133514,1.85047495365143,1.50658750534058,0.76147496700287,-3.03792500495911,-1.35245001316071,4.96264982223511,10.419750213623,13.3332376480103,18.1402378082275,6.5165376663208,-7.61488723754883,-24.943187713623,-0.6484500169754,-0.64583748579025,-0.66165000200272,-0.71101248264313,-0.83531248569489,-0.9120374917984,-1.31284999847412,-0.36492499709129,3.70315003395081,9.12339973449707,10.7131748199463,12.3945245742798,15.4749374389648,3.08550000190735,3.91297507286072,-1.7610000371933,-2.17994999885559,-3.07800006866455,-3.75105023384094,-4.07205009460449,0.40800002217293,-7.40595054626465,-37.6189498901367,-36.3450012207031,11.8249502182007,5.26800012588501,-3.62205028533936,3.98895025253296,5.74395036697388,12.4960508346558,0.85905003547668,0.05595000088215,-0.16095000505447,0.25304999947548,0.47805002331734,-2.52000021934509,-19.6630516052246,-10.135950088501,12.9700508117676,1.14405000209808,3.10005021095276,9.97605037689209,5.68005037307739,3.63705015182495,0.65505003929138,10.1620502471924,9.56100082397461,10.7370004653931,11.3479509353638,9.49200057983398,27.0040512084961,59.8159523010254,31.6620006561279,-50.5750541687012,20.0100002288818,-12.6349506378174,-1.66605007648468,2.59095001220703,-2.83500003814697,0.92700004577637,SPIN
0.04124999791384,-0.31185001134872,-0.40837499499321,-0.30813750624657,0.03918749839067,1.04321253299713,1.09010004997253,-1.2725625038147,-4.3231372833252,-5.1803126335144,-3.60923743247986,-3.62999987602234,-0.11866249889135,2.64013743400574,-12.9289875030518,0.42432498931885,0.33783748745918,0.59317499399185,0.99357497692108,1.39232504367828,4.35201263427734,4.98148727416992,-1.09463751316071,-4.84068727493286,-1.63226246833801,4.02077484130859,10.3125,13.387412071228,11.4867496490479,-12.3320999145508,-0.36822500824928,-0.23031249642372,-0.22797499597073,-0.33453750610352,-0.52112501859665,-0.94173747301102,-1.24877500534058,-1.27407503128052,-1.55168747901917,-0.99549996852875,3.8758499622345,10.6370000839233,12.3112001419067,13.7113628387451,19.7577877044678,1.69200003147125,1.34505009651184,0.92295002937317,0.16905000805855,-2.66100001335144,-7.63800048828125,0.24105000495911,5.26800012588501,-1.79205012321472,-31.0350017547607,-29.3130016326904,0.88005006313324,3.9190502166748,2.7529501914978,10.0339508056641,1.15605008602142,1.65105009078979,0.85095006227493,1.1340000629425,1.6750500202179,3.49095010757446,-0.15105000138283,-6.6870002746582,-19.3900508880615,-12.4830007553101,11.2000503540039,4.41300010681152,4.46805000305176,5.67705011367798,2.58495020866394,9.26400089263916,10.2870006561279,9.70200061798096,8.25795078277588,3.04200005531311,10.6099500656128,26.60205078125,24.7720508575439,58.3860015869141,25.9620018005371,-23.9710502624512,1.58100008964539,8.83305072784424,-6.59700012207031,2.16795015335083,SPIN
-0.6542249917984,-0.75019997358322,-0.47107499837875,-0.2072124928236,-0.04936249926686,0.05348749831319,0.5820375084877,1.26871252059937,-1.32948744297028,-4.95508766174316,-3.99712491035461,-4.40096235275269,-2.4756875038147,4.78898763656616,8.65823745727539,1.14702498912811,0.9560375213623,1.03551244735718,1.17438745498657,1.49888753890991,1.16215002536774,2.32045006752014,6.78026247024536,3.11739993095398,-1.81128752231598,0.40342500805855,8.92086219787598,13.7898750305176,17.5921630859375,37.8801498413086,-0.19304999709129,-0.26001250743866,-0.55027496814728,-0.6513375043869,-0.63552498817444,-0.49541249871254,-0.81001251935959,-1.37884998321533,-1.37458753585815,-0.78608751296997,1.94631254673004,8.54328727722168,12.4862375259399,11.0519752502441,9.62197494506836,5.24100017547607,3.86400008201599,3.74895024299622,3.1600501537323,1.95105004310608,1.09995007514954,-5.92800045013428,-3.17895007133484,1.12695002555847,-14.0809507369995,-27.3229503631592,-10.2769508361816,15.3580503463745,5.45700025558472,4.34295034408569,0.63795000314713,1.01205003261566,0.925950050354,1.04100000858307,0.94200003147125,1.03605008125305,2.0460000038147,2.66700005531311,-13.8889503479004,-13.8079509735107,1.80000007152557,9.8730001449585,-5.59995031356812,3.45000004768372,5.38995027542114,9.69000053405762,9.10095024108887,9.37395000457764,10.2700500488281,8.76600074768066,3.05400013923645,6.06900024414063,28.3189506530762,46.7460021972656,37.3069534301758,-29.9029521942139,-1.39305007457733,10.1430006027222,-12.3000001907349,6.55995035171509,SPIN
-0.06421250104904,-0.29589998722076,1.37307500839233,1.06892502307892,-0.54133749008179,-0.68777501583099,-0.19896249473095,-0.90749996900558,-3.98282504081726,-3.21667504310608,-1.30789995193481,-0.90818750858307,6.76032495498657,14.0846748352051,7.42334985733032,0.96992498636246,1.12997496128082,5.68012475967407,6.01534986495972,2.31962490081787,0.88880002498627,-0.19236250221729,-4.7297248840332,-4.9576997756958,2.26916241645813,6.77008724212646,9.28716278076172,18.8838367462158,36.1876640319824,24.6343631744385,-0.02722499892116,0.01278750039637,-0.22151249647141,-0.50696247816086,-0.38018751144409,-0.8289874792099,-1.2696750164032,-1.455437541008,-1.07910001277924,1.76343750953674,6.93935012817383,7.9903998374939,10.0494623184204,2.28236246109009,-7.24913740158081,1.96005010604858,-4.99395036697388,-4.74495029449463,-4.31400012969971,-4.95600032806396,-4.20600032806396,2.09400010108948,10.0270500183105,-18.5380516052246,-40.9980010986328,2.37900018692017,13.9279508590698,-2.08395004272461,8.17995071411133,11.0659503936768,-0.15600000321865,2.84595012664795,1.76895010471344,0.89895004034042,0.37200000882149,1.53600001335144,-0.16800001263618,-11.767050743103,-21.1440010070801,8.48895072937012,-1.49505007266998,-1.44195008277893,6.58305025100708,2.71695017814636,-0.29505002498627,5.76000022888184,5.99205017089844,17.8330516815186,10.7269506454468,7.41495037078857,14.1520509719849,12.6480007171631,40.0020027160645,47.7060012817383,13.47705078125,-6.7819504737854,-3.3229501247406,-5.07600021362305,-1.75005006790161,-4.4370002746582,SPIN
-0.16486249864101,-0.28159999847412,-0.44508749246597,-0.59551250934601,-0.49816250801086,-0.02818750031292,-0.03093750029802,-2.51473736763,-4.04648733139038,-2.4479124546051,-3.95615005493164,-1.37609994411469,4.11784982681274,8.09682464599609,5.66802501678467,2.24578738212585,2.16136240959167,2.57069993019104,3.37314987182617,3.7948625087738,5.99953746795654,3.53099989891052,-3.45097494125366,-2.37022495269775,4.25094985961914,9.109375,13.3700876235962,25.9076118469238,33.7130737304688,16.5305252075195,-0.60128748416901,-0.73397499322891,-0.99192500114441,-1.18126249313354,-1.25936245918274,-1.50658750534058,-1.71201252937317,-2.16163754463196,-1.53133749961853,2.97921252250671,8.96046257019043,9.18362522125244,7.08716249465942,0.89099997282028,-3.24513745307922,4.14000034332275,2.39805006980896,0.13800001144409,0.3790500164032,-5.41305017471313,-6.51495027542114,7.48095035552979,-3.40605020523071,-40.5100517272949,-33.4660530090332,9.37995052337646,7.14300012588501,12.2299509048462,13.5760507583618,10.8049507141113,1.09095001220703,0.87495005130768,1.46205008029938,0.19305001199245,2.16405010223389,0.87495005130768,-3.9019501209259,-17.461950302124,-14.7540006637573,6.32895040512085,-3.68400025367737,2.050950050354,6.37395048141479,-0.57705003023148,0.75300002098083,9.81495094299316,8.14800071716309,10.8469505310059,8.24805068969727,4.37295007705688,17.9029502868652,32.4859504699707,51.9600028991699,39.3100509643555,-31.3620014190674,2.15595006942749,-17.0590515136719,2.44305014610291,-3.04095005989075,-2.25495004653931,SPIN
-0.32656249403954,-1.15898752212524,-1.24574995040894,-0.76381248235703,-0.11563749611378,0.25313749909401,-0.33109998703003,-2.90111255645752,-4.07206249237061,-2.21567487716675,-5.36112499237061,-1.87893748283386,7.47587490081787,7.58463764190674,2.92737507820129,3.12674999237061,2.12918758392334,2.12877488136292,3.68939995765686,3.54598736763,2.42522501945496,-0.73892498016357,-3.39198756217957,0.31377500295639,5.48858737945557,10.445050239563,15.9702119827271,29.6407375335693,30.0002994537354,9.45903778076172,-0.94036251306534,-0.7375500202179,-0.98092502355576,-1.60448753833771,-1.69867503643036,-1.79299998283386,-1.97023749351501,-2.34506249427795,-0.46406251192093,5.6241626739502,11.4309253692627,15.1045122146606,7.60402488708496,-4.88523769378662,-3.68816256523132,1.34205007553101,0.84195005893707,-2.40000009536743,-2.19405007362366,-3.44895005226135,-2.84805011749268,8.90805053710938,-14.6200504302979,-31.3099517822266,-8.28705024719238,9.72000026702881,4.71900033950806,6.09195041656494,8.74305057525635,9.86595058441162,0.71505004167557,0.483000010252,0.5950500369072,0.68400001525879,-0.01005000062287,0.1540500074625,-7.95195055007935,-22.6879501342773,4.08195018768311,6.09405040740967,2.37900018692017,3.55995011329651,3.87900018692017,3.18900012969971,2.88195013999939,9.61395072937012,8.58600044250488,10.5210008621216,9.22305011749268,13.3930501937866,11.6470508575439,42.4230003356934,48.6880531311035,56.2999534606934,-31.3330516815186,4.8600001335144,-6.61200046539307,-0.48795002698898,-0.11895000934601,-0.65295004844666,SPIN
-0.35227498412132,-0.56512498855591,-0.21532499790192,0.52208751440048,0.52181249856949,-1.84552502632141,-3.64168739318848,-1.04156243801117,-0.27527499198914,3.90087509155273,15.8669500350952,9.29224967956543,-1.00938749313354,-0.12264999747276,-0.84782499074936,1.93655002117157,2.00818753242493,2.85724997520447,4.57311248779297,5.22843742370605,-0.71073746681213,-4.15428733825684,-0.3814249932766,2.31591248512268,6.33091259002686,-9.93121242523193,-15.2069501876831,6.86386251449585,3.20828747749329,-3.51780009269714,-0.96249997615814,-1.06672501564026,-1.24629998207092,-1.51566255092621,-1.51662504673004,-0.8262374997139,-0.45649999380112,1.1310750246048,4.33661270141602,10.6574878692627,21.6676616668701,13.9194002151489,-0.80547499656677,0.56306248903275,1.66003751754761,0.52305001020432,-0.63495004177094,-3.28200006484985,-7.32195043563843,-3.1690502166748,3.24405026435852,-4.95105028152466,-19.9270515441895,10.9699506759644,10.0240507125854,6.96105051040649,10.9030504226685,7.71300029754639,9.4950008392334,10.771050453186,1.77105009555817,1.70895004272461,2.22105002403259,2.68395018577576,1.88595008850098,-9.23295021057129,-3.84705018997192,12.2539501190186,-5.82705020904541,1.50795006752014,1.02600002288818,-0.4240500330925,0.06105000153184,-0.06300000101328,-0.84300005435944,9.6040506362915,9.82695007324219,8.04495048522949,10.7200508117676,23.0590515136719,32.3500518798828,30.2640018463135,9.20895004272461,-32.5260009765625,10.735050201416,-10.0099506378174,0.01695000007749,-5.06400012969971,-6.3600001335144,-4.4389500617981,SPIN
-0.75143748521805,-0.74937498569489,-0.70317500829697,-1.03345000743866,-1.49503743648529,-1.63143754005432,-1.07057499885559,-0.22206249833107,-2.36692500114441,-3.76901245117188,-2.11612510681152,-5.30021238327026,-2.60851240158081,8.63871288299561,7.43297481536865,3.34276247024536,3.33313751220703,3.51573753356934,4.48676252365112,5.22060012817383,5.39274978637695,6.20372486114502,3.53223752975464,-3.09828758239746,-0.48276248574257,6.38687515258789,10.2763376235962,18.556999206543,33.7240753173828,25.8612747192383,-1.02781248092651,-1.43893754482269,-1.73648750782013,-1.77154994010925,-1.7022500038147,-2.10237503051758,-2.99254989624023,-3.35252499580383,-3.30563759803772,-1.40208745002747,4.72573757171631,9.29335021972656,11.696849822998,5.97093725204468,-3.67523741722107,6.3600001335144,4.09605026245117,2.64705014228821,1.44495010375977,-1.47300004959106,-3.70500016212463,-5.58300018310547,5.1340503692627,-12.35205078125,-49.8220520019531,-4.41000032424927,10.3909502029419,3.62895011901855,8.72805023193359,11.952000617981,1.86195003986359,2.07795000076294,1.83795011043549,1.00905001163483,1.22700011730194,0.73395001888275,-0.04605000093579,-1.13100004196167,-24.9300003051758,7.41105031967163,5.44695043563843,4.5949501991272,4.4850001335144,1.5529500246048,-0.19695000350475,5.87505006790161,6.51900053024292,8.98095035552979,8.12895011901855,9.5110502243042,4.7039999961853,14.9350509643555,47.7660026550293,48.3600006103516,20.2140007019043,-6.44205045700073,-28.7989521026611,10.3699502944946,-5.36400032043457,-3.02400016784668,SPIN
-0.89581251144409,-0.58698749542236,-0.58396250009537,-0.86185002326965,-0.88577497005463,-0.58671247959137,-0.11329999566078,0.00811249949038,-1.35629999637604,-3.08577489852905,-1.42972505092621,-2.9739875793457,-4.3636999130249,4.27542495727539,4.94161224365234,3.85013747215271,3.10007500648499,2.22048759460449,2.04242491722107,2.43168759346008,3.25393748283386,3.76956248283386,3.65887498855591,1.23144996166229,1.64986252784729,5.69854974746704,7.91917514801025,25.7844123840332,39.9623107910156,19.9718742370605,-1.73249995708466,-1.55856251716614,-0.99206250905991,-0.63263750076294,-1.02038753032684,-1.63322496414185,-1.93324995040894,-1.81733751296997,-1.56818747520447,-1.27187502384186,2.17951250076294,6.72141265869141,9.94235038757324,7.24130010604858,0.19167499244213,5.40705013275146,4.94895029067993,4.7790002822876,2.84100008010864,1.15995001792908,0.02505000121891,-1.357950091362,-2.19195008277893,-1.29405009746552,-33.1090507507324,-11.5920009613037,14.9910011291504,17.5879516601563,6.62805032730103,6.95595026016235,1.11195003986359,1.14600002765656,0.49005001783371,1.02105009555817,1.44300007820129,0.91605001688004,1.36095011234283,2.29605007171631,-19.7209510803223,4.75800037384033,15.8899507522583,-3.72495007514954,-1.46400010585785,1.21800005435944,1.44495010375977,6.27000045776367,8.72700023651123,8.05005073547363,9.56595039367676,8.91000080108643,9.99405002593994,8.22195053100586,20.9950504302979,56.5609512329102,12.8179502487183,1.34805011749268,-31.4410514831543,13.9630508422852,-7.45500040054321,-1.63500010967255,SPIN
-0.79062497615814,-0.57983750104904,-0.42446249723434,-0.4808374941349,-0.80918747186661,-1.38765001296997,-1.31064999103546,-2.35358738899231,-2.44818758964539,-1.88553750514984,-4.65781259536743,-2.4421374797821,6.57992506027222,3.50996255874634,-1.66622495651245,5.88719987869263,6.67246246337891,6.54706239700317,6.0138373374939,3.61418747901917,0.97294998168945,-1.4392124414444,-3.191237449646,1.83466243743896,9.34697532653809,9.78009986877441,20.1551628112793,37.8692855834961,18.2562866210938,1.00539994239807,-1.76233744621277,-1.95222496986389,-2.15008759498596,-2.16906237602234,-1.96253752708435,-1.06672501564026,0.53404998779297,0.73892498016357,-0.71004998683929,2.589674949646,5.02603769302368,5.45063734054565,4.21643733978271,-1.28108751773834,-2.85353755950928,-1.07295000553131,-3.11595010757446,-5.39205026626587,-5.80395030975342,-6.33000040054321,-5.89695024490356,-3.60495018959045,-25.5790519714355,-59.3250045776367,-5.03505039215088,16.5270004272461,9.75104999542236,9.19500064849854,12.0499505996704,8.73795032501221,3.07605004310608,1.55805003643036,2.84595012664795,1.09995007514954,0.55395001173019,1.5289500951767,-1.2960000038147,-14.19105052948,11.1190509796143,13.1089506149292,0.05895000323653,0.86805003881454,0.74100005626678,-0.01200000010431,1.1340000629425,9.11295032501221,10.3060503005981,7.20405054092407,10.8880500793457,12.2029504776001,13.2349510192871,37.9440002441406,50.5249519348145,-0.27705001831055,-2.86605024337769,-25.3890018463135,11.9680509567261,-12.1080007553101,0.64905005693436,-0.26205000281334,SPIN
0.31955000758171,0.19263750314713,-0.25437501072884,-0.2895750105381,-0.98009997606277,-1.16655004024506,-0.27994999289513,0.3075875043869,-1.81733751296997,-2.19793748855591,0.80409997701645,-0.86446249485016,0.18782499432564,4.43575000762939,4.97914981842041,-0.03079999983311,-0.34567499160767,-0.03368749842048,1.96157503128052,1.70953750610352,0.93733751773834,0.61022502183914,-0.48152500391006,-1.7824125289917,-0.51053750514984,5.3263373374939,14.0239000320435,31.0894374847412,27.5926742553711,18.0406875610352,-1.19597494602203,-0.92276251316071,-0.70083749294281,-0.95177501440048,-0.42996248602867,0.45319998264313,0.97968751192093,1.12433743476868,0.49183750152588,-0.55288749933243,-0.52813750505447,6.54651260375977,10.3577375411987,6.19258737564087,-1.31546247005463,0.89400005340576,1.32300007343292,-1.5090000629425,-0.3570000231266,-1.15200006961823,-2.37105011940002,-0.93900007009506,10.6540508270264,-16.7250003814697,-24.2400016784668,-3.61005020141602,3.9019501209259,12.9199504852295,1.1869500875473,6.73305034637451,1.19400000572205,0.13800001144409,1.38300001621246,-0.51300001144409,-1.18605005741119,0.84195005893707,1.00499999523163,-8.11695003509521,-5.5969500541687,4.7310004234314,-1.02495002746582,5.31795024871826,-3.83895015716553,5.07405042648315,3.77295017242432,7.41000032424927,10.4830503463745,7.68600034713745,17.9599514007568,10.4710502624512,9.91800022125244,9.33795070648193,37.6260032653809,38.4330024719238,16.3410015106201,-35.1340522766113,0.21795001626015,-5.04300022125244,-4.72395038604736,-1.71900010108948,SPIN
-1.66251254081726,-1.1475750207901,-0.4476999938488,-0.35007500648499,-0.52222502231598,-0.7595499753952,-0.78952497243881,-2.37696242332459,-3.00189995765686,-0.69478750228882,-5.12462520599365,-4.24283742904663,8.421875,9.28358745574951,-0.81413751840591,5.88293743133545,3.00437498092651,2.00378751754761,1.81128752231598,1.84236252307892,1.80620002746582,1.99388754367828,0.2606999874115,2.22309994697571,5.59501266479492,12.3659248352051,21.010274887085,26.0022125244141,21.3497619628906,3.7338125705719,-1.9872875213623,-2.41752505302429,-2.20893740653992,-2.01451253890991,-2.12423753738403,-2.38053750991821,-2.87567496299744,-3.7280375957489,-2.59049987792969,2.72401237487793,10.3071374893188,14.9264497756958,6.1206750869751,-4.3324875831604,-2.63752508163452,2.78895020484924,1.89105010032654,1.64205002784729,0.1489500105381,-0.44100001454353,-1.68195009231567,4.27095031738281,-13.9080009460449,-38.7469520568848,3.03495025634766,7.12095022201538,11.3989505767822,5.43495035171509,7.29105043411255,8.26395034790039,1.26600003242493,1.56000006198883,0.92100006341934,1.3330500125885,0.32400000095367,0.27195000648499,-1.54305005073547,-17.0380516052246,14.7379503250122,-8.77305030822754,1.35195004940033,-2.17005014419556,2.80800008773804,2.57595014572144,0.51794999837875,8.20305061340332,10.4089508056641,10.5480003356934,7.73805046081543,9.24195003509521,7.49595022201538,49.3230018615723,38.2369499206543,44.7649536132813,-14.6470508575439,-11.9479503631592,-4.15904998779297,-9.14595031738281,-1.49595010280609,-4.24500036239624,SPIN
0.12333749979734,-0.29906249046326,-0.38321250677109,0.11550000309944,-0.09707500040531,-1.62580001354218,-1.37266254425049,1.04843747615814,-0.11247500032187,-2.47252488136292,-4.81841230392456,-6.10651254653931,2.49040007591248,3.9502375125885,4.30251264572144,2.98141241073608,3.14998745918274,2.14114999771118,1.34516251087189,2.34863758087158,8.58151245117188,12.3850374221802,7.38897514343262,0.770687520504,2.15654993057251,6.96946239471436,12.4334373474121,20.6405372619629,24.1118621826172,20.9862117767334,0.17228749394417,0.58973747491837,0.25176250934601,-0.29892501235008,-0.41414999961853,-0.71334999799728,-2.51239991188049,-4.27611255645752,-4.2986626625061,-1.9658374786377,4.70524978637695,8.7051248550415,8.55263710021973,5.17880010604858,-0.42927500605583,9.70995044708252,9.11400032043457,6.73605012893677,4.7310004234314,0.65505003929138,0.06300000101328,-7.11600017547607,3.22905015945435,-24.7939510345459,-39.1450500488281,-15.1129503250122,12.7189502716064,3.19605016708374,12.1990509033203,7.69905042648315,0.84900003671646,0.77505004405975,1.3950001001358,0.60495001077652,-0.25905001163483,0.60195004940033,3.9100501537323,2.89200019836426,-12.0330009460449,9.6670503616333,14.7499504089355,-2.4340500831604,4.36995029449463,-0.96300005912781,2.37000012397766,4.09800004959106,3.43905019760132,3.06795024871826,3.67200016975403,9.46005058288574,6.65100049972534,15.6010503768921,35.7910499572754,56.1750030517578,31.090051651001,-56.2440032958984,9.64695072174072,-11.3149509429932,-6.56595039367676,-2.26695013046265,SPIN
-0.28751251101494,0.44742500782013,0.94201248884201,0.68488746881485,-0.11701250076294,0.05032499879599,1.69097495079041,-2.25885009765625,-6.51007509231567,-4.12403726577759,-1.44553744792938,-1.86848747730255,5.39371252059937,9.90316200256348,-2.54677510261536,1.04554998874664,2.18074989318848,2.4311375617981,2.41394996643066,1.32770001888275,1.74514997005463,17.0955123901367,17.8173866271973,-1.50975000858307,-3.64306259155273,3.12881255149841,9.94303703308105,22.4158000946045,28.8422756195068,16.9927997589111,0.19689999520779,0.12264999747276,0.18095000088215,0.12416250258684,-0.04537500068545,-0.95754998922348,-8.93887519836426,-11.0031623840332,-5.20313739776611,-3.02527499198914,2.58183741569519,9.22693729400635,11.2630376815796,2.73322486877441,-2.80761241912842,9.81600093841553,10.0459508895874,9.74205017089844,8.94405078887939,5.56905031204224,-6.94095039367676,-10.4449501037598,8.83605003356934,-0.52695000171661,-36.9600028991699,3.12195014953613,5.8759503364563,2.73600006103516,0.75105005502701,5.3299503326416,0.09000000357628,0.15000000596046,0.30105000734329,0.01500000059605,0.73905003070831,3.78300023078918,4.87695026397705,-1.42095005512238,-11.8390502929688,14.4930009841919,-9.79605007171631,5.23395013809204,3.1840500831604,6.07005023956299,2.25,0.18405000865459,0.1410000026226,0.99195003509521,1.36800003051758,1.87500011920929,1.08705008029938,19.5960006713867,31.207052230835,48.5230522155762,28.336051940918,-26.859001159668,4.27800035476685,-12.5230503082275,-1.13895010948181,-7.83795022964478,SPIN
-0.74662500619888,-0.34375,-0.12759999930859,-0.0504624992609,0.23196250200272,2.20233750343323,2.79702496528625,0.0472999997437,-3.1796875,-3.04878759384155,-5.16257476806641,-5.73278760910034,1.74226248264313,13.8070621490479,0.29163751006126,1.94892501831055,1.53491246700287,1.69427502155304,2.35949993133545,4.95591259002686,18.234561920166,15.5159120559692,-5.20602512359619,-4.91218757629395,5.23929977416992,11.8931999206543,11.5238752365112,19.6332130432129,34.1251640319824,9.25828742980957,-0.10037499666214,-0.39393749833107,-0.81922501325607,-1.16008746623993,-2.16823744773865,-4.31681251525879,-4.87506246566772,-4.0951623916626,-5.71243762969971,-2.59847497940063,3.71648740768433,3.90582489967346,3.36407494544983,-4.43258762359619,-5.41117477416992,9.46095085144043,7.22205018997192,6.79995012283325,0.0679500028491,-8.46405029296875,-8.88600063323975,-1.40895009040833,-16.701000213623,-74.2200012207031,-43.756950378418,10.8550500869751,-1.65795004367828,12.1080007553101,8.68095016479492,10.6159505844116,-0.05505000427365,0.82500004768372,0.1950000077486,0.94200003147125,2.7720000743866,5.04495000839233,4.69305038452148,-10.2199506759644,-12.9840002059937,-8.39700031280518,-8.54805088043213,3.21795010566711,-2.01195001602173,1.99605011940002,1.05000007152557,4.86195039749146,4.29704999923706,5.20005035400391,2.25104999542236,7.0009503364563,6.55005025863647,28.7910022735596,71.1270065307617,40.5049514770508,-57.846004486084,29.4540004730225,-32.7390022277832,10.6819505691528,-10.7980508804321,-0.22605000436306,SPIN
-0.28187498450279,-0.22824999690056,-0.10848750174046,-0.25464999675751,-0.79667496681213,-0.68667501211166,-0.1733874976635,0.78925001621246,-1.9765625,-3.71002507209778,0.01347499992698,-0.2255000025034,0.95493751764297,10.8880748748779,16.7461242675781,5.36456251144409,2.60260009765625,0.42226248979568,-0.09652499854565,0.15317499637604,0.1885125041008,1.34392499923706,4.56829977035522,4.63237476348877,3.35293745994568,4.50339984893799,11.2492876052856,24.6767120361328,30.5204620361328,31.8403244018555,-2.503737449646,-1.67832493782043,-0.75226247310638,-0.09446249902248,0.09831249713898,-0.28283751010895,-1.21825003623962,-3.07972502708435,-3.73903751373291,-3.23125004768372,-0.38060000538826,4.27295017242432,10.6163749694824,2.38039994239807,-16.9596614837646,5.06205034255981,5.09295034408569,5.24805021286011,5.55300045013428,4.34805011749268,2.61195015907288,-0.33795002102852,-1.89705014228821,-5.22600030899048,-26.662052154541,8.50095081329346,3.98895025253296,5.86200046539307,4.4320502281189,5.38500022888184,2.28600001335144,2.10600018501282,2.25495004653931,1.4190000295639,1.56495010852814,2.19000005722046,3.10005021095276,3.53595018386841,-7.13295030593872,17.4799499511719,-13.1700010299683,2.44905018806458,1.4479501247406,5.14605045318604,3.24405026435852,7.65000057220459,7.48200035095215,8.44694995880127,9.16305065155029,6.7300500869751,8.70405006408691,3.06300020217896,32.1510009765625,40.2720031738281,24.6060009002686,-29.0959510803223,-12.3259506225586,-1.69905006885529,-1.27095007896423,-6.04905033111572,SPIN
-0.48881250619888,0.01581249944866,0.61613750457764,3.05153751373291,1.80620002746582,-0.17820000648499,0.62521249055862,-4.10080003738403,-5.50426244735718,-1.78928744792938,-4.42791271209717,-0.1175625026226,7.88741254806519,3.57912492752075,6.1964373588562,-0.16596250236034,0.17077499628067,1.25523746013641,8.71090030670166,16.7992000579834,7.96262502670288,-3.69324994087219,-7.74716234207153,-1.89667499065399,7.60718727111816,10.4882249832153,16.6156368255615,29.0989875793457,22.9641494750977,10.5303001403809,-0.28490000963211,-0.70647501945496,-1.55828750133514,-5.76661252975464,-8.25522518157959,-5.53891229629517,-3.48974990844727,-3.40216255187988,-2.45245003700256,3.17748737335205,8.1123628616333,9.04543781280518,0.2758249938488,-7.82154989242554,-6.45370006561279,6.17295026779175,4.30200004577637,-0.99405002593994,-13.5180006027222,-5.50395011901855,-3.60300016403198,3.95295023918152,-12.8980503082275,-70.5070495605469,1.52205002307892,9.29100036621094,1.49805009365082,6.42705011367798,8.20200061798096,11.4180002212524,1.29000008106232,0.88695001602173,2.33100008964539,5.83305025100708,4.82505035400391,1.8550500869751,-2.0220000743866,-18.79905128479,20.8470001220703,-2.58195018768311,-1.18305003643036,3.98400020599365,3.12705016136169,1.40205001831055,-1.20000004768372,4.57200002670288,2.75400018692017,3.32895016670227,7.46805047988892,20.6590518951416,-1.81200003623962,45.9889526367188,63.7890014648438,50.2309532165527,-39.1120529174805,4.43595027923584,-12.2470502853394,-3.42600011825562,0.75705003738403,-3.71400022506714,SPIN
-0.31185001134872,-0.10972499847412,-0.02887500077486,0.03368749842048,0.53432500362396,1.7656375169754,3.93043756484985,1.73896253108978,-3.73161244392395,-2.62006258964539,-0.56072497367859,-0.86198747158051,8.53228759765625,11.568699836731,5.91717481613159,0.21119999885559,-0.07851249724627,0.07768750190735,0.06888750195503,0.66591250896454,2.24372506141663,9.35797500610352,10.1122999191284,1.87563753128052,1.54770004749298,4.26263761520386,11.9831247329712,32.2797737121582,27.5496368408203,14.2019624710083,-0.45278748869896,-0.10023749619722,0.20597499608994,0.41112500429153,0.04235000163317,-0.80602496862411,-3.39625000953674,-3.30563759803772,-1.44168746471405,-0.71761250495911,3.11382508277893,8.13202476501465,7.53898763656616,-1.13629996776581,-9.42301273345947,8.53005027770996,8.4190502166748,8.10599994659424,6.75705051422119,4.96095037460327,-3.44205021858215,-3.76995015144348,5.90505027770996,-12.1860008239746,-34.6920013427734,17.7100505828857,-0.78405004739761,9.68400001525879,5.08605003356934,7.11195039749146,-0.86205005645752,-1.03500008583069,-1.04700005054474,-0.41505002975464,0.99300003051758,3.72495007514954,3.06000018119812,-2.98395013809204,-2.67600011825562,23.8440017700195,-15.2329511642456,4.74600028991699,-1.57605004310608,2.1780002117157,1.02404999732971,6.30105018615723,6.19395017623901,5.88195037841797,5.47005033493042,6.26295042037964,7.0770001411438,7.95600032806396,37.992000579834,44.404052734375,17.4760513305664,-12.4870510101318,0.59400004148483,-6.39105033874512,-6.96105051040649,-3.62505006790161,SPIN
-0.31996250152588,-0.63126248121262,-0.91987496614456,-0.8816499710083,-0.03203750029206,2.00158739089966,4.07742500305176,-0.85002499818802,-6.81821250915527,-4.09062480926514,-1.93201243877411,-1.65288746356964,5.2332501411438,5.51512479782104,-4.97777509689331,0.2230249941349,1.21866250038147,2.0685498714447,2.88488745689392,2.95831251144409,3.32406258583069,7.12112474441528,9.72963714599609,3.10282492637634,-0.01209999993443,3.90513753890991,12.1893749237061,28.0405120849609,25.3809871673584,13.4696378707886,0.44866248965263,0.20184999704361,-0.29837501049042,-0.64253747463226,-1.16366255283356,-3.25160002708435,-5.87853765487671,-6.33063745498657,-4.9634747505188,-3.14792490005493,2.6834499835968,7.05168724060059,8.55525016784668,3.82442498207092,-2.72057509422302,9.94005012512207,9.17895030975342,9.15705013275146,6.43200016021729,2.26695013046265,-1.69605004787445,-5.49000024795532,4.30200004577637,-13.6879510879517,-24.8200511932373,-3.81300020217896,11.428050994873,-1.25100004673004,4.38105010986328,4.39305019378662,-0.44295001029968,-0.22305001318455,-0.08400000631809,0.57600003480911,3.19605016708374,2.66400003433228,2.56095004081726,4.63995027542114,-7.74600028991699,10.6900501251221,-1.32000005245209,0.11400000751019,7.2049503326416,3.81405019760132,4.24995040893555,4.02104997634888,4.11705017089844,6.63195037841797,6.34200048446655,1.54500007629395,3.97800016403198,9.52995014190674,38.9860534667969,45.237003326416,21.8640003204346,-30.423002243042,3.51600027084351,-11.9089508056641,-1.96005010604858,-4.03905010223389,SPIN
0.47079998254776,0.03987500071526,-0.52745002508163,-0.61888748407364,-0.23911249637604,-0.26193749904633,-0.03891250118613,1.63501250743866,-4.67170000076294,-8.56844997406006,-1.88347494602203,-1.70554995536804,-1.95841252803802,5.83343744277954,3.38016247749329,-0.64171248674393,0.02846249938011,0.86570000648499,0.80905002355576,-0.31638750433922,-1.14069998264313,-2.48434996604919,-1.27985000610352,13.7103996276855,11.6722373962402,-0.36410000920296,4.07742500305176,19.7925758361816,33.0560989379883,22.1007881164551,-1.08239996433258,-0.46970000863075,-0.19208750128746,-0.07535000145435,-0.08332499861717,0.00563749996945,-0.4144249856472,-5.55513763427734,-10.1904001235962,-8.7254753112793,-4.66771268844604,0.68131250143051,6.77778768539429,4.82267475128174,-3.22863745689392,7.73205041885376,7.64400053024292,7.74900054931641,7.75800037384033,7.31805038452148,5.96700048446655,0.33405002951622,-13.6830005645752,-0.06705000251532,-12.3439502716064,-18.6240005493164,-2.82405018806458,15.3529510498047,2.9760000705719,6.08700037002563,2.41995000839233,2.4060001373291,2.4250500202179,1.9939501285553,1.98405003547668,1.58895003795624,1.48095011711121,5.23695039749146,0.29100000858307,-4.12005043029785,10.1149501800537,7.93305015563965,-2.71395015716553,4.51095008850098,3.11505007743835,5.47995042800903,6.30405044555664,5.66895008087158,4.87395000457764,4.32495021820068,2.27505016326904,-3.65595006942749,16.1400012969971,59.2240524291992,19.885950088501,9.14700031280518,-38.5420532226563,13.2370510101318,-14.6209506988525,-0.21000000834465,SPIN
-0.11371249705553,-0.40314999222755,-0.24007499217987,-0.28792500495911,-0.60554999113083,-0.21615000069141,0.82568746805191,-2.31536245346069,-3.60800004005432,0.38018751144409,0.01388750039041,0.86927497386932,8.60378742218018,11.2552003860474,0.64116251468658,0.31239998340607,-1.65935003757477,-0.95796251296997,0.2563000023365,0.5429875254631,-0.90887498855591,-23.2306251525879,-33.851261138916,-10.1748628616333,3.76241254806519,9.94344997406006,21.3030128479004,30.3697624206543,25.1079120635986,4.19457483291626,-0.22866250574589,0.2065249979496,1.2199000120163,1.58413743972778,-0.01237499993294,-5.56723737716675,-20.2486629486084,-20.8869380950928,-9.46137523651123,-3.54887509346008,1.97903752326965,8.35931205749512,-0.57378751039505,-14.0194997787476,-4.01389980316162,8.6419506072998,12.0460510253906,11.8609504699707,5.07405042648315,-1.33200001716614,-6.13905048370361,-6.59100008010864,-9.1690502166748,-44.1330032348633,1.91700005531311,8.68095016479492,5.47095012664795,5.92095041275024,7.16700029373169,10.8529500961304,1.6560001373291,-0.72600001096725,-1.06605005264282,1.56000006198883,2.55900001525879,0.69795000553131,4.33605003356934,-15.1579504013062,18.6610507965088,-6.88800048828125,-0.19395001232624,0.52605003118515,2.20695018768311,1.52700006961823,-0.62505000829697,-0.14699999988079,1.4800500869751,1.95900011062622,-0.0949500054121,-1.51695013046265,-1.84995007514954,43.101001739502,54.4099540710449,39.4080009460449,-43.9930534362793,7.53495025634766,-14.3430004119873,-0.22395001351833,-5.40705013275146,-1.72305011749268,SPIN
-1.25991249084473,-0.75487500429153,-0.73562496900558,-1.00003755092621,-0.13433749973774,1.01433753967285,-1.53725004196167,-4.5025749206543,-2.83951258659363,-0.89622497558594,-0.4853749871254,12.5530624389648,22.7704124450684,18.0241870880127,-1.2644499540329,0.67306250333786,1.84332501888275,3.06762504577637,3.39542508125305,2.41078758239746,6.49508762359619,10.5668745040894,2.91280007362366,-2.42715001106262,0.5352874994278,9.07843780517578,20.620325088501,22.5086116790771,24.7909755706787,3.02623748779297,-0.55866247415543,-0.3647874891758,-0.87023746967316,-2.03775000572205,-3.36503744125366,-5.1090874671936,-6.14680004119873,-5.71972513198853,-4.15153741836548,0.22976249456406,8.32479953765869,20.529712677002,4.61436223983765,-17.8640003204346,-1.21659994125366,8.67600059509277,7.03995037078857,5.54505014419556,3.36795020103455,-2.09400010108948,-7.82295036315918,-1.56405007839203,-6.69000053405762,-11.0850009918213,5.1670503616333,5.03805017471313,4.09200000762939,3.63705015182495,6.63300037384033,9.99795055389404,1.48095011711121,2.13705015182495,2.5729501247406,2.88495016098022,1.80495011806488,3.29205012321472,8.11800003051758,-6.06900024414063,7.88100051879883,-7.00800037384033,2.78700017929077,2.19495010375977,3.706050157547,2.0749499797821,-0.20895001292229,4.99395036697388,6.07095050811768,6.7900505065918,3.69600009918213,0.07395000010729,15.0790510177612,39.457950592041,24.2179508209229,42.0180015563965,-25.8840007781982,8.09505081176758,-9.96195030212402,-1.67100012302399,-3.67305016517639,-4.14195013046265,SPIN
-0.8592374920845,-0.86432498693466,-0.97968751192093,-0.69602501392365,-0.19552500545979,-0.08882500231266,-0.05527500063181,0.4446749985218,-0.46901249885559,-9.50179958343506,-11.9356870651245,10.4373502731323,19.7254753112793,6.79965019226074,2.00915002822876,1.44897496700287,1.81719994544983,2.32746243476868,1.88911247253418,1.29016244411469,0.90461248159409,0.74497497081757,1.38380002975464,3.41632509231567,10.3779497146606,10.6140375137329,16.2949867248535,29.4714756011963,15.0353498458862,1.3055624961853,0.18411250412464,0.06187500059605,0.10339999943972,0.06338749825954,0.09253749996424,0.18122500181198,0.24406249821186,0.52497500181198,3.18381237983704,14.9846124649048,13.2103128433228,3.9172375202179,7.80835008621216,5.77857494354248,0.13076250255108,0.8320500254631,-0.02700000070035,-0.10800000280142,-1.10205006599426,-0.81705003976822,-1.16895008087158,-3.26205015182495,-8.05005073547363,-38.029052734375,-4.79295015335083,0.61905002593994,13.5180006027222,4.76895046234131,1.59795010089874,0.8440500497818,0.9709500670433,0.80595004558563,0.84195005893707,0.85095006227493,0.5830500125885,1.04295003414154,1.86195003986359,4.10895013809204,0.79395002126694,-2.01405000686646,-1.32000005245209,-4.95105028152466,-6.91005039215088,-3.41805005073547,-3.06600022315979,10.9240503311157,9.94200038909912,10.6720504760742,11.1750001907349,10.2559509277344,11.7979507446289,13.0030508041382,28.1820011138916,30.9529514312744,-30.6190509796143,5.16600036621094,-21.6720008850098,-2.50695013999939,-9.36600017547607,-13.1790008544922,SPIN
0.16183750331402,0.82527500391006,1.87206244468689,2.15380001068115,0.86294996738434,-0.06270000338554,-0.05431250110269,0.30855000019073,0.51988750696182,-0.02626249939203,-1.2060124874115,-1.3330625295639,-12.7340126037598,-31.3667755126953,-19.0312366485596,2.61318755149841,4.73467493057251,7.77438735961914,8.839599609375,6.30795001983643,3.54956245422363,1.80331254005432,1.26816248893738,2.60713744163513,3.92892503738403,1.4082750082016,-0.96813750267029,7.22521257400513,1.80015003681183,-3.04177498817444,-0.27169999480247,0.00329999998212,0.83943748474121,1.55704998970032,0.6238374710083,-0.83393746614456,-1.19776248931885,-0.83393746614456,0.41992500424385,4.05707502365112,11.6957502365112,19.1941757202148,16.3229007720947,1.9157874584198,-3.6586000919342,7.59795045852661,5.78700017929077,4.52805042266846,3.41595005989075,2.48700022697449,2.44905018806458,1.08405005931854,0.7219500541687,-8.56305027008057,1.91205012798309,9.91605091094971,-12.9190502166748,-2.76405024528503,-1.54995012283325,-0.86295002698898,-0.02400000020862,0.30105000734329,0.88995003700256,0.15000000596046,1.05494999885559,0.64500004053116,1.7610000371933,1.96005010604858,1.46205008029938,1.43100011348724,-1.53105008602142,-1.47795009613037,-2.61795020103455,-3.13500022888184,-3.59505009651184,3.54705023765564,8.23200035095215,11.2950000762939,11.8549509048462,10.8930006027222,11.53005027771,13.1250009536743,21.0280513763428,23.7799510955811,5.43705034255981,15.9919509887695,-13.0090503692627,-13.3780508041382,-5.74005031585693,-13.3609504699707,SPIN
0.172562494874,-0.01938750036061,-0.09404999762774,-0.34650000929832,-0.90612500905991,-0.43752500414848,1.67089998722076,2.24895000457764,-0.348149985075,-7.71003723144531,-10.9146127700806,0.18095000088215,3.3127875328064,-1.92568743228912,0.77385002374649,0.59894996881485,0.69959998130798,1.69564998149872,3.23276257514954,5.28371238708496,11.3111619949341,17.1270008087158,16.2887992858887,12.6227750778198,10.9516000747681,7.12428760528564,17.0996379852295,24.0462741851807,7.72626256942749,-0.25299999117851,-0.1876875013113,-0.16445000469685,-0.23704999685287,-0.60568749904633,-1.69455003738403,-3.41137504577637,0.36079999804497,5.02479982376099,7.07767486572266,13.5470495223999,10.5351123809814,3.83955001831055,4.05391263961792,1.75697493553162,0.02777500078082,5.88795042037964,8.35500049591064,7.70595026016235,4.62600040435791,5.11695003509521,3.16995024681091,-0.12705001235008,-12.3829507827759,-50.60205078125,3.71595025062561,-12.31605052948,-4.54605007171631,-0.51300001144409,-1.0110000371933,1.44300007820129,-0.96105003356934,-0.92700004577637,-0.42195001244545,1.35405004024506,2.36295008659363,0.23295001685619,1.15305006504059,7.27200031280518,-11.7049503326416,-12.2959508895874,-3.71700024604797,-0.57000005245209,-3.46095013618469,-3.37005019187927,-3.59505009651184,-8.5489501953125,-6.73395013809204,-4.96605014801025,-0.45600003004074,4.09995031356812,7.85595035552979,14.0560503005981,42.2839508056641,34.1290512084961,-8.22300052642822,-19.5400505065918,-21.3580513000488,-6.4150505065918,-5.7330002784729,-10.3840503692627,SPIN
-0.41071251034737,-0.46337500214577,-0.26262500882149,-0.05788749828935,0.37867498397827,-0.25162500143051,-1.15362501144409,0.59138751029968,0.4130499958992,-5.19282484054565,-10.1887502670288,4.76905012130737,11.7324628829956,-0.53102499246597,-1.38682496547699,0.45388749241829,0.84741246700287,0.91822499036789,0.91740000247955,1.80991244316101,3.70342493057251,13.1524248123169,20.3978500366211,14.6638250350952,10.4482126235962,9.32909965515137,20.4722366333008,24.5697364807129,5.06879997253418,-2.97013759613037,-0.3605250120163,-0.41346248984337,-0.23856249451637,-0.09432499855757,-0.04881250113249,-1.45254993438721,-4.51453733444214,1.47991251945496,6.76953744888306,12.8046875,18.5879383087158,12.1081123352051,6.04285001754761,2.06758737564087,0.37235000729561,8.42700004577637,9.19500064849854,9.12600040435791,10.9440002441406,5.25105047225952,-1.05705010890961,3.26295018196106,-0.82695001363754,-32.7139511108398,0.18795001506805,-6.10995006561279,5.45205020904541,-10.3470001220703,2.26005005836487,0.66195005178452,-0.36900001764297,-0.48405003547668,-0.12000000476837,-1.20300006866455,0.61905002593994,4.50600004196167,2.06295013427734,1.96500015258789,7.93605041503906,-7.89405059814453,-0.79995006322861,-1.52100002765656,2.40105009078979,-2.52705001831055,-2.53395009040833,-4.74795007705688,-5.13600015640259,-4.76505041122437,-3.76605010032654,1.06605005264282,5.77005004882813,14.9980506896973,31.2450008392334,34.7610015869141,-5.7810001373291,-10.6350002288818,-8.59200000762939,-9.06704998016357,-9.16200065612793,-10.0099506378174,SPIN
-0.01526249945164,0.13337500393391,0.47808748483658,0.71252501010895,0.67058748006821,0.70235002040863,1.53381252288818,1.89681243896484,2.29349994659424,1.16875004768372,-3.15782499313354,10.3166246414185,20.3988132476807,6.26078748703003,1.60971248149872,1.71875,2.77983736991882,3.32516241073608,3.57486248016357,3.86251258850098,5.05161237716675,7.45786237716675,8.40441226959229,9.22281265258789,12.1305246353149,11.4981622695923,19.9747619628906,26.0911750793457,9.3520622253418,1.16572499275208,-0.32972499728203,-0.46364998817444,-0.43766251206398,-0.35997501015663,-0.38527500629425,-0.32683750987053,0.47574999928474,1.21274995803833,4.83601236343384,21.807638168335,20.8639755249023,6.57222509384155,10.7518119812012,7.72254991531372,0.10339999943972,9.59505081176758,9.50700092315674,10.0150508880615,8.42400074005127,7.01595020294189,7.21005010604858,6.01200008392334,9.1069507598877,-24.3840007781982,-1.25805008411407,5.14605045318604,-1.35600006580353,-3.44700026512146,0.41295000910759,1.21305000782013,0.37695002555847,0.33900001645088,0.51794999837875,0.62595003843307,0.70500004291534,0.28095000982285,1.8840000629425,0.53295004367828,3.78300023078918,-2.88105010986328,2.36700010299683,0.78900003433228,-1.41105008125305,-3.1230001449585,-3.8970000743866,-2.73900008201599,-2.40405011177063,0.25200000405312,1.24305009841919,2.98695015907288,7.69305038452148,11.5819501876831,21.6289501190186,41.2590026855469,-10.0410003662109,-9.8899507522583,-18.5959510803223,-0.14699999988079,-14.1439504623413,-13.5910511016846,SPIN
0.0173249989748,0.1530375033617,0.41992500424385,0.41662499308586,0.260837495327,0.20528750121593,0.13474999368191,0.99302500486374,2.3782000541687,2.54966259002686,-1.00457501411438,-5.24053764343262,2.26751255989075,4.77565002441406,-2.11997509002686,0.70826250314713,0.38719999790192,0.41263750195503,0.69464999437332,1.49517500400543,2.40899991989136,4.0555624961853,14.9128370285034,20.0382881164551,13.9830627441406,6.31056261062622,8.76782512664795,26.4932250976563,17.6017875671387,-1.58826243877411,-0.12127500027418,-0.03836249932647,0.06847500056028,0.09116250276566,0.02612499892712,-0.06242499873042,-0.40466248989105,-1.90093743801117,1.4942125082016,6.54871225357056,14.5246753692627,23.9377880096436,14.5375995635986,1.81005001068115,0.42556250095367,6.79800033569336,6.87000036239624,7.1650505065918,8.18205070495605,8.26395034790039,6.61605024337769,0.55905002355576,11.0250005722046,-12.4860010147095,-5.0590500831604,6.61800050735474,-11.1300001144409,10.0939502716064,-2.17695021629334,-4.12200021743774,-0.9250500202179,-1.05599999427795,-0.94605004787445,-1.05900001525879,-1.30605006217957,-0.40995001792908,2.02305006980896,-2.55795001983643,2.18505001068115,1.86705005168915,-12.5860509872437,0.40605002641678,-2.97495007514954,0.54000002145767,1.46895003318787,-7.43805027008057,-7.62495040893555,-6.87495040893555,-5.8090500831604,-5.08395004272461,-1.58700013160706,7.22595024108887,23.5480518341064,34.0549507141113,-6.16395044326782,-1.70895004272461,-17.4750003814697,-15.5860509872437,-5.39700031280518,-7.39995050430298,SPIN
0.5820375084877,0.63249999284744,0.42542499303818,-0.01072499994189,-0.63511252403259,-2.39373755455017,-4.29522514343262,-3.02114987373352,-0.62919998168945,-6.0659499168396,-14.911600112915,-10.5891494750977,19.0718002319336,23.6022872924805,6.36789989471436,2.72497487068176,2.03623747825623,0.71101248264313,-0.66921252012253,-1.07085001468658,9.54648780822754,26.0895252227783,18.5305995941162,3.84821248054504,5.37349987030029,7.43984985351563,9.79728698730469,17.2677993774414,11.4618625640869,4.7621750831604,0.01471249945462,0.15001249313354,0.31831249594688,0.19401249289513,-1.4832124710083,-6.46373748779297,-1.12062501907349,4.36548757553101,0.38293749094009,10.7876996994019,23.2988243103027,13.6690120697021,14.139949798584,15.5361251831055,3.38277506828308,8.46300029754639,9.85905075073242,9.40904998779297,3.98205018043518,-0.87495005130768,1.22700011730194,-2.71605014801025,-9.06105041503906,-18.9400501251221,-22.7359504699707,4.15395021438599,-20.941951751709,1.01400005817413,1.1340000629425,1.66605007648468,-0.76695001125336,-1.48800003528595,-1.30800008773804,1.51200008392334,2.96895003318787,0.10200000554323,1.10805010795593,7.14795017242432,-2.35905003547668,1.34205007553101,1.78800010681152,3.22200012207031,-2.02395009994507,-3.5350501537323,-2.13900017738342,-5.03805017471313,-6.44205045700073,-7.55805015563965,-2.17605018615723,4.63905000686646,17.3689498901367,14.2500009536743,22.2949504852295,51.1390533447266,-15.5310010910034,-10.0129508972168,-13.5690002441406,-8.19495010375977,-13.9690504074097,-10.7209501266479,SPIN
-1.19528746604919,-1.13258755207062,-0.18906250596046,0.46777498722076,0.15716250240803,-1.1452374458313,-4.00963735580444,-0.44714999198914,-7.05498743057251,-2.48586249351501,3.44396257400513,-6.42111253738403,14.3131999969482,22.1515254974365,3.86883759498596,11.8977375030518,20.9026126861572,14.5839376449585,4.85278749465942,4.56472492218018,1.89502501487732,-13.8249378204346,-36.516975402832,-43.7505760192871,-29.3181629180908,-6.90469980239868,3.75278759002686,7.37467479705811,6.4096999168396,-2.30367493629456,-4.0479998588562,-3.59535002708435,-0.4433000087738,-2.05163741111755,-1.82943749427795,4.75530004501343,7.33342504501343,-12.1151247024536,-17.8619365692139,-8.9183874130249,-2.45190000534058,7.00108766555786,17.4659366607666,18.9919128417969,4.82542514801025,4.39305019378662,4.6690502166748,2.35995006561279,1.61805009841919,0.23595000803471,12.4189510345459,-5.19000005722046,-26.1949520111084,-18.0439510345459,-7.588050365448,-7.39095020294189,19.8840007781982,-13.9320011138916,-8.61300086975098,-3.09705018997192,1.14405000209808,1.92195010185242,3.55305027961731,6.00495052337646,-0.65700000524521,-7.6210503578186,1.86705005168915,13.9639511108398,2.57100009918213,5.62200021743774,4.85595035552979,-10.10205078125,3.26295018196106,-1.20000004768372,-2.46000003814697,8.23200035095215,8.7610502243042,8.55705070495605,21.1069507598877,18.4969501495361,-28.6030521392822,-5.46195030212402,11.2660503387451,29.8420505523682,-0.70305001735687,-9.75104999542236,-4.30995035171509,-7.76100015640259,-17.7150001525879,-16.5990009307861,SPIN
0.14836250245571,0.18136249482632,0.32367500662804,0.40479999780655,0.42721250653267,-0.0677874982357,-0.51727497577667,-0.15358750522137,0.32628750801086,-0.03932499885559,-7.58807516098022,1.71545004844666,21.0221004486084,12.6761245727539,1.75023746490479,3.66973757743835,4.06573724746704,4.17628765106201,4.87561225891113,7.90872478485107,8.42448711395264,4.54107475280762,1.67914998531342,2.43223738670349,6.18639993667603,6.97661256790161,18.7181491851807,21.2217502593994,6.51914978027344,2.52972507476807,-1.11251246929169,-0.93334996700287,-0.62603747844696,0.41896250844002,1.88209998607636,1.93902504444122,0.76999998092651,-0.21285000443459,0.38912498950958,5.22953748703003,28.9273872375488,28.4512252807617,17.6243381500244,14.5061120986938,1.72067499160767,7.77300024032593,7.90200042724609,5.65995025634766,3.67995023727417,3.97200012207031,3.33705019950867,2.10105013847351,6.88395023345947,-28.7310009002686,4.69005012512207,0.55695003271103,-5.73195028305054,6.11295032501221,2.60400009155273,1.11900007724762,1.05300009250641,0.79095005989075,0.33195000886917,-0.88200002908707,-0.62295001745224,-1.41600000858307,-0.0409500002861,-2.08395004272461,1.6470000743866,6.25005006790161,0.46305000782013,2.53500008583069,-0.20400001108646,-0.42900002002716,-0.40695002675056,2.7810001373291,3.1279501914978,4.0639500617981,9.74505043029785,15.2610006332397,11.2470006942749,11.6830501556396,28.4220008850098,30.0460510253906,-6.48900032043457,-9.9790506362915,-16.242000579834,-4.67895030975342,-8.32905006408691,-8.57100009918213,SPIN
0.21532499790192,0.56897497177124,0.99948751926422,1.12227499485016,-0.15166249871254,-1.49269998073578,-1.27572500705719,-0.25409999489784,0.05513750016689,-1.28713750839233,-14.3401498794556,-17.8117504119873,-13.3964872360229,-7.79019975662231,0.98381251096725,2.77722501754761,3.5265998840332,5.4733247756958,14.8421621322632,18.3103256225586,7.88425016403198,1.36675000190735,0.39311251044273,-0.04991250112653,3.07532501220703,8.12899971008301,12.6702127456665,17.7621116638184,16.8280754089355,7.14147472381592,-0.4476999938488,-1.17163753509521,-2.4285249710083,-3.93703746795654,0.22522500157356,3.57995009422302,1.17686247825623,-0.01361249946058,-0.06819999963045,2.48366260528564,22.859375,22.4800128936768,-4.29646253585815,-6.69047498703003,-0.49362498521805,9.15195083618164,2.76195001602173,0.02700000070035,-1.78500008583069,-1.12604999542236,-1.19805002212524,-1.80105006694794,-0.11805000901222,-14.3989505767822,-30.7120513916016,-14.2800006866455,-13.7860507965088,10.1419506072998,0.01305000018328,-0.03600000217557,-0.51794999837875,1.66995012760162,1.96695005893707,1.09800004959106,1.1290500164032,0.23295001685619,1.5940500497818,0.50894999504089,5.07900047302246,0.94500005245209,-4.53404998779297,-3.82800006866455,-3.36300015449524,-2.56305003166199,-0.52500003576279,-0.11400000751019,1.7700001001358,7.93695020675659,15.631950378418,14.7220506668091,9.66600036621094,11.6299505233765,20.9950504302979,42.1570510864258,-5.06400012969971,-31.6990509033203,-23.9830513000488,-17.0230503082275,1.58100008964539,-4.09395027160645,SPIN
1.01543748378754,2.17414999008179,1.50218749046326,1.54632496833801,1.11691248416901,0.22426250576973,-0.79667496681213,-0.94132500886917,-0.73768746852875,-2.0268874168396,-13.9233875274658,-16.2234878540039,6.36954975128174,11.1391496658325,2.54498744010925,8.36453723907471,6.18970012664795,8.28107452392578,10.0141248703003,8.66909980773926,4.5177001953125,1.19102501869202,-0.25025001168251,-0.08415000140667,3.23771238327026,6.04848766326904,8.99868774414063,19.19362449646,19.2908382415771,7.05416250228882,-0.13474999368191,0.98518747091293,0.93884998559952,0.07328750193119,-1.31683754920959,-0.8260999917984,-0.02034999988973,0.39916250109673,0.45567500591278,2.81242489814758,21.7747745513916,24.0989379882813,10.5281000137329,8.09558773040771,3.1547999382019,6.19005012512207,1.95105004310608,0.41295000910759,-3.57600021362305,-3.1279501914978,-0.92700004577637,-1.5859500169754,-2.12505006790161,-16.8299999237061,-11.881950378418,-8.01705074310303,-9.53700065612793,12.070050239563,-6.28305006027222,0.50400000810623,0.8320500254631,1.11000001430511,1.27305006980896,3.37995004653931,1.90005004405975,0.08700000494719,1.9939501285553,2.44905018806458,4.60695028305054,-7.23105049133301,4.75500011444092,-3.47505021095276,-0.96495002508163,-0.72600001096725,-1.06095004081726,4.53600025177002,7.63995027542114,9.44099998474121,12.8970003128052,12.9190502166748,10.0830001831055,10.2990007400513,21.7729511260986,42.7699508666992,-6.31005048751831,-13.452000617981,-3.00195002555847,-21.4440002441406,-4.16895008087158,-9.23700046539307,SPIN
0.47643750905991,0.25575000047684,0.10133749991655,0.06324999779463,0.09336250275373,0.16816249489784,0.24914999306202,-0.05403750017285,-0.53432500362396,-0.09968750178814,-8.54644966125488,-16.5774116516113,13.2884120941162,22.6912117004395,3.36957502365112,1.57918751239777,1.34997498989105,1.64367496967316,2.32402491569519,2.78189992904663,3.73587489128113,4.94917488098145,5.70074987411499,4.83326244354248,5.53726243972778,7.49924993515015,10.3384876251221,17.4363746643066,17.2994251251221,7.74303722381592,0.66165000200272,0.59977501630783,0.27032500505447,-0.16211250424385,-0.22110000252724,-0.04936249926686,0.21147499978542,0.82678747177124,1.18854999542236,1.88278746604919,16.648775100708,24.7710380554199,22.05637550354,16.5963878631592,4.81153726577759,9.19095039367676,8.53905010223389,7.31295013427734,5.98395013809204,4.15200042724609,2.36205005645752,-0.68505001068115,6.16305017471313,-16.605001449585,-35.2170028686523,-4.32300043106079,-16.4759998321533,11.0110502243042,-3.80805015563965,4.91295003890991,-0.20895001292229,-0.28500002622604,0.16905000805855,-0.06300000101328,0.15195000171661,-0.25905001163483,0.54195004701614,-2.71605014801025,1.17195010185242,-4.81905031204224,-2.20095014572144,5.16195011138916,-2.17305016517639,0.11595000326633,-2.23200011253357,5.19705009460449,6.05700016021729,6.69405031204224,6.70095014572144,8.07600021362305,8.76300048828125,11.6449508666992,28.0410022735596,51.5580024719238,8.028000831604,-24.5790004730225,-14.1919507980347,-6.36495018005371,-6.90900039672852,-10.3840503692627,SPIN
0.1220999956131,0.12704999744892,0.14685000479221,0.13406249880791,0.24983750283718,0.66549998521805,1.87893748283386,1.80166244506836,0.12581250071526,-2.16796255111694,-5.01751232147217,-7.37041234970093,17.9111633300781,25.9582118988037,6.24813747406006,1.13423752784729,0.61957502365112,0.73177498579025,1.09642493724823,2.10925006866455,3.87818741798401,7.01758766174316,8.94973754882813,8.20517539978027,5.66568756103516,1.18758749961853,0.27527499198914,9.5462121963501,5.12998723983765,-0.55825001001358,-0.26675000786781,0.06586249917746,0.27871251106262,0.33151251077652,0.06957499682903,-0.36959999799728,-1.08528745174408,-0.05335000157356,1.5576000213623,2.90633749961853,13.0015878677368,27.1427745819092,26.8131866455078,11.2377376556396,1.80289995670319,9.84195041656494,9.74595069885254,8.73300075531006,7.82805013656616,5.3710503578186,0.65205001831055,2.12505006790161,-7.02495050430298,-21.8020515441895,0.43395000696182,0.70800000429153,-8.97495079040527,0.20700001716614,-0.48405003547668,0.64995002746582,-1.14000010490417,-1.00905001163483,-1.09995007514954,-0.50100004673004,-0.41700002551079,1.49100005626678,1.93605005741119,0.21405000984669,-3.00405025482178,0.71505004167557,2.06595015525818,0.38895002007484,1.3900500535965,-0.24000000953674,-1.24800002574921,3.175950050354,3.69600009918213,4.2940502166748,4.98195028305054,6.44295024871826,7.69005060195923,12.1980009078979,36.1909523010254,33.2620506286621,7.50600051879883,13.9099502563477,-20.5939502716064,-7.44495058059692,-6.75795030593872,-8.80305004119873,SPIN
0.15619999170303,0.02887500077486,0.02667500078678,0.10656250268221,0.35585001111031,0.94847500324249,1.19528746604919,1.03592503070831,1.1837375164032,-5.23435020446777,-14.9063749313354,-5.97258758544922,10.5522994995117,8.46889972686768,2.46496248245239,1.71957504749298,1.16627502441406,1.76288747787476,2.8862624168396,4.19553756713867,6.7801251411438,7.87036228179932,7.52647495269775,8.73991203308105,11.4584245681763,10.5144872665405,18.7445507049561,23.0109004974365,8.10534954071045,3.88272500038147,0.1205874979496,0.00316249998286,-0.1134374961257,-0.32037499547005,-0.6319500207901,-0.46035000681877,-0.02488750033081,0.11921250075102,0.24255000054836,13.5755128860474,25.4214115142822,12.3149127960205,5.08571243286133,4.69163751602173,-1.57327497005463,10.0410003662109,9.63105010986328,9.31800079345703,7.55505037307739,6.53895044326782,4.70700025558472,3.50505018234253,-1.84200012683868,-28.4170513153076,-15.5940008163452,-7.01295042037964,3.57405018806458,-0.21405000984669,1.68495011329651,-0.21405000984669,-1.90905010700226,-1.22400009632111,-1.02495002746582,-0.42705002427101,-0.45300000905991,-0.24000000953674,0.24300001561642,1.4479501247406,1.26600003242493,2.72895002365112,3.28500008583069,-0.81900006532669,-5.96400022506714,-3.15495014190674,-2.18505001068115,-1.43805003166199,0.67095005512238,1.95900011062622,3.55200028419495,7.72200059890747,10.1959505081177,11.8650007247925,41.1510009765625,30.5340023040771,-13.0039510726929,-1.24695003032684,-30.1140022277832,-3.43605017662048,-7.98600053787231,-12.8700008392334,SPIN
-0.03726249933243,0.12223749607801,0.13062499463558,0.26936250925064,0.42789998650551,0.75267499685287,1.32756245136261,0.54353749752045,-2.84281253814697,-5.29031229019165,-17.0931739807129,-18.6581993103027,7.95148754119873,15.2472372055054,3.40009999275208,1.98618745803833,1.66017496585846,1.67145001888275,2.17538738250732,3.24554991722107,5.92157506942749,13.6761627197266,19.7661743164063,14.2802000045776,7.28007507324219,8.3538122177124,10.1899871826172,17.995174407959,19.3576622009277,5.8125376701355,0.12003749608994,0.23553749918938,0.16816249489784,-0.04276249930263,-0.70798748731613,-2.59201240539551,-6.04656267166138,-4.28381252288818,2.78781247138977,6.12837505340576,20.3197498321533,19.5314617156982,11.4684619903564,11.2854499816895,1.41776251792908,8.1540002822876,8.85105037689209,10.0510501861572,8.65694999694824,5.44005012512207,-1.47795009613037,-0.22995001077652,-5.71005010604858,-22.5780010223389,-38.1940536499023,13.9039506912231,-13.1749505996704,2.00805020332336,1.20105004310608,1.74495005607605,-2.40495014190674,-1.80105006694794,-2.63700008392334,-1.36500000953674,1.24905002117157,3.09795022010803,1.27500009536743,3.01200008392334,7.31805038452148,0.22905001044273,-4.94400024414063,-0.77400004863739,-2.55795001983643,-3.93300008773804,-1.92795014381409,-6.69795036315918,-5.01195001602173,-5.94795036315918,-1.60800004005432,1.66500008106232,5.64000034332275,5.99505043029785,25.7700004577637,51.1150512695313,-12.373950958252,-14.998950958252,-18.5389499664307,-13.2580509185791,-7.74705028533936,-10.7430009841919,SPIN
-0.1142624989152,0.05156249925494,0.27898749709129,0.32628750801086,-0.11151249706745,-0.30566251277924,0.9285374879837,1.04114997386932,0.45512500405312,-2.14101243019104,-7.86609983444214,-14.3801622390747,5.76468753814697,19.3924503326416,9.71588706970215,1.68341243267059,1.01502501964569,1.02684998512268,1.30088746547699,3.40724992752075,9.98401260375977,15.6011619567871,13.4488744735718,10.5298871994019,8.29977512359619,4.19897508621216,2.95487499237061,11.3286247253418,6.13511228561401,-1.33746254444122,-0.33866250514984,-0.26014998555183,-0.09102500230074,-0.10615000128746,-1.25125002861023,-3.24816250801086,-1.63253748416901,2.88818740844727,2.89354991912842,1.97504997253418,9.72977447509766,22.74098777771,28.8971366882324,17.6108627319336,4.94999980926514,9.63600063323975,8.69295024871826,8.5489501953125,6.83895015716553,3.48600006103516,3.06900024414063,3.92895007133484,-15.9319505691528,-21.6199512481689,-6.32595014572144,8.31900024414063,-8.59605026245117,-2.22795009613037,1.25400006771088,3.37800025939941,-1.7700001001358,-1.09200000762939,-1.40100002288818,-0.22095000743866,2.65005016326904,2.22405004501343,-1.00604999065399,4.18005037307739,0.73200005292892,-0.54900002479553,4.94895029067993,3.7110002040863,1.55505001544952,-0.97695004940033,-0.64695000648499,-5.10795021057129,-3.5440502166748,-3.1360502243042,-0.55500000715256,7.06500053405762,9.71205043792725,13.278000831604,27.9259510040283,38.2459526062012,-4.57305002212524,4.00005006790161,-6.37500047683716,-15.2029504776001,-8.96595001220703,-10.1800508499146,SPIN
-0.32890000939369,0.04235000163317,0.2771999835968,0.25891250371933,0.52359998226166,0.52745002508163,0.52029997110367,0.1922249943018,-0.52043747901917,-0.81510001420975,-2.52353739738464,-1.10632503032684,19.742525100708,21.0057373046875,2.15737509727478,0.80836248397827,1.13286244869232,1.57011246681213,2.41120004653931,5.34888744354248,12.9725751876831,15.8210248947144,10.2609376907349,8.21342468261719,10.00119972229,9.56628704071045,10.8920621871948,17.3556632995605,16.4415626525879,3.97677493095398,0.27101248502731,0.36355000734329,0.12113749980927,-0.61187499761581,-2.23987507820129,-4.22193765640259,-1.97504997253418,2.07171249389648,2.21457505226135,1.18414998054504,3.05112504959106,2.3975875377655,15.0284748077393,16.4934005737305,1.39397501945496,9.10395050048828,9.31500053405762,7.82595014572144,5.56905031204224,2.53005003929138,2.66400003433228,1.38495004177094,-4.7590503692627,-33.0109519958496,-29.5930519104004,7.2460503578186,-13.6980009078979,10.5990009307861,-0.77595001459122,2.80605006217957,-1.87800014019012,-2.05995011329651,-0.48405003547668,1.02105009555817,2.26005005836487,2.06805014610291,1.02404999732971,3.47205018997192,7.5930004119873,5.05200004577637,-3.48000025749207,2.4340500831604,-3.66495013237,-0.52200001478195,-0.29505002498627,-6.37695026397705,-4.56900024414063,-3.05700016021729,1.39395010471344,8.01600074768066,8.1670503616333,11.002950668335,32.2969512939453,44.9640007019043,-22.6339511871338,-13.8469505310059,-19.8870010375977,-10.8529500961304,-4.71000003814697,-10.9350004196167,SPIN
0.15028749406338,0.19098749756813,0.04248749837279,-0.21834999322891,0.02199999988079,0.98065000772476,1.70761251449585,-1.34433746337891,-6.75881242752075,-6.03597497940063,-1.45529997348785,18.1483497619629,33.7347984313965,24.8030757904053,16.9346370697021,0.77770000696182,1.45653748512268,3.19852495193481,6.44544982910156,7.91725015640259,6.20276260375977,7.04178762435913,15.6763753890991,14.8527498245239,5.19681262969971,3.52756237983704,3.10255002975464,5.57631254196167,-1.7077499628067,-4.93239974975586,0.00233749998733,-0.19016249477863,-0.73645001649857,-1.25991249084473,-1.29373753070831,-1.56818747520447,-3.59246253967285,-7.64059972763062,0.32807499170303,5.97959995269775,-0.0489500015974,-17.5323505401611,-9.9349250793457,18.7140254974365,15.5303497314453,7.44000053405762,7.56195020675659,8.5420503616333,8.86005020141602,5.46900033950806,0.38205000758171,-4.41405010223389,-7.52100038528442,-13.5510005950928,-20.1379508972168,-1.68900012969971,-4.56105041503906,-1.82100009918213,2.39805006980896,5.7199501991272,-0.64500004053116,0.14205001294613,1.02600002288818,0.73605000972748,1.65105009078979,2.79900002479553,2.76300024986267,4.28805017471313,1.8880500793457,-5.24805021286011,7.35900020599365,9.41805076599121,0.70305001735687,-2.48205018043518,-3.307950258255,-6.8100004196167,-3.73800015449524,1.32195007801056,1.48995006084442,1.83900010585785,3.11805009841919,6.49095010757446,22.4680519104004,46.5660018920898,-1.79295003414154,-5.66100025177002,14.1499509811401,-21.1110000610352,-8.54699993133545,-10.7890501022339,SPIN
0.0757625028491,-0.23553749918938,0.2563000023365,0.08607500046492,-1.28699994087219,-2.48586249351501,-2.57991242408752,-3.72597503662109,-4.32148742675781,11.0362997055054,13.9343872070313,-10.4345998764038,-10.6173372268677,0.34856250882149,-1.01983749866486,4.97021245956421,5.0315375328064,2.67079997062683,-0.16857500374317,-3.59975004196167,-3.68046259880066,-0.17655000090599,4.18632507324219,11.497200012207,19.1378002166748,20.2112617492676,22.598949432373,23.2581253051758,5.09464979171753,-4.22235012054443,-3.87241244316101,3.20402503013611,4.38116264343262,2.22639989852905,-1.32825005054474,-1.93902504444122,1.26211249828339,4.17560005187988,4.10190010070801,-0.69341248273849,-0.52662497758865,-12.4496622085571,-10.6910371780396,4.51096248626709,2.81627488136292,-3.42000007629395,0.25005000829697,-0.91995006799698,2.80605006217957,1.60800004005432,0.73395001888275,-2.15805006027222,-37.2499504089355,-38.7160530090332,24.6529502868652,7.61505031585693,7.20300054550171,8.48895072937012,4.68795013427734,5.26800012588501,4.32705020904541,3.30600023269653,3.98895025253296,0.59295004606247,1.36095011234283,0.75300002098083,-1.79700005054474,-17.5150508880615,18.3109512329102,-4.62000036239624,-7.32705020904541,4.14705038070679,-0.33105000853539,-1.16895008087158,1.12005007266998,11.1060009002686,9.95895004272461,7.39305019378662,9.18705081939697,10.9690504074097,13.5199508666992,27.787052154541,22.4920501708984,-27.9319515228271,-38.286003112793,5.47005033493042,-17.6689510345459,-12.903000831604,-4.14495038986206,-7.48305034637451,SPIN
1.19088745117188,0.98614996671677,0.81111252307892,0.54133749008179,0.10903749614954,0.27802500128746,1.84401249885559,-0.67814999818802,-5.21083736419678,-3.65186238288879,2.84033751487732,4.55633735656738,-0.30181249976158,-3.22836256027222,-0.80588752031326,1.76976251602173,1.56351244449615,1.50933754444122,1.31298744678497,1.40153753757477,3.46994996070862,10.3666753768921,15.7437496185303,11.6458377838135,9.41462516784668,16.6907119750977,20.6974620819092,19.1622753143311,14.8633375167847,2.70242500305176,0.11646249890327,0.27678748965263,0.30167499184608,0.31817498803139,0.15234999358654,-0.69739997386932,0.05389999970794,3.53113746643066,3.92163753509521,2.40212488174438,1.92843747138977,3.22176241874695,0.96332502365112,1.95414996147156,2.72690010070801,9.64605045318604,9.86805057525635,10.6800003051758,9.95505046844482,6.82905054092407,-2.10105013847351,-8.10300064086914,0.12795001268387,-40.242000579834,-27.9790515899658,26.0850009918213,-0.78795003890991,1.99605011940002,8.1870002746582,2.09400010108948,1.35405004024506,1.4479501247406,1.46700012683868,1.39995002746582,1.8139500617981,2.0269501209259,-0.79095005989075,-7.71000051498413,-8.35905075073242,6.86805009841919,4.86300039291382,-1.90200006961823,2.19705009460449,1.63905012607574,0.49500003457069,1.55895006656647,2.28495001792908,2.50305008888245,3.60000014305115,5.98800039291382,4.21500015258789,11.2900505065918,26.7070503234863,21.8569507598877,-35.9359512329102,-36.1420516967773,8.15700054168701,-13.4209508895874,-12.0220508575439,-2.93505024909973,SPIN
2.90413737297058,3.79981255531311,4.00303745269775,3.35527491569519,2.3040874004364,1.17988753318787,-0.04207500070333,-1.93847501277924,-3.92988753318787,-2.42673754692078,7.0633749961853,5.20891237258911,-2.58211255073547,0.01361249946058,1.67667496204376,3.59617495536804,2.3706374168396,2.09976243972778,3.13458752632141,3.99148750305176,5.19956254959106,9.50867462158203,11.7701377868652,9.12422466278076,9.35371208190918,13.3985500335693,24.375862121582,28.6184253692627,14.5028123855591,-1.87275004386902,-0.94957500696182,-0.71458750963211,-0.39957499504089,0.05623750016093,0.78746247291565,1.10687494277954,0.57062500715256,1.86381244659424,3.10034990310669,2.31494998931885,-1.54330003261566,-3.5650999546051,-2.39112496376038,-0.07273750007153,0.14286249876022,9.10905075073242,9.29805088043213,9.52395057678223,9.0130500793457,6.36900043487549,0.68805003166199,-3.97605013847351,4.71900033950806,-36.7590026855469,-21.2370014190674,11.7610502243042,5.24100017547607,-5.23605012893677,6.82905054092407,1.09305000305176,2.19000005722046,2.20905017852783,2.22105002403259,1.66800010204315,0.61395001411438,1.67295002937317,-0.43395000696182,-8.69204998016357,-6.54105043411255,9.78705024719238,5.10495042800903,2.23995018005371,-0.26100000739098,3.74205017089844,1.14600002765656,-0.4200000166893,0.99900007247925,2.54595017433167,3.7390501499176,4.69695043563843,8.29200077056885,13.0890007019043,27.0880508422852,21.9169502258301,-13.9549503326416,-20.9509506225586,-2.32695007324219,-8.44395065307617,-15.7290010452271,-7.13595056533813,SPIN
-0.12182500213385,-0.31075000762939,-0.93293750286102,-0.59056252241135,2.74463748931885,-0.1127500012517,-4.90077495574951,-2.35867500305176,4.4108624458313,2.95913743972778,-3.43667507171631,-1.92623746395111,0.59839999675751,2.33722496032715,0.87683749198914,0.49802500009537,0.20363749563694,0.7264124751091,3.10255002975464,13.4180746078491,13.9129371643066,8.35656261444092,10.2068996429443,14.3299751281738,23.4346752166748,23.3404865264893,12.2589502334595,-0.16733749210835,-1.22430002689362,4.32781267166138,0.17710000276566,0.31363749504089,0.13502499461174,-0.30524998903275,3.38923740386963,4.65836238861084,4.41251230239868,3.71098756790161,0.87697499990463,1.93792498111725,0.94201248884201,1.7685250043869,0.81922501325607,-1.61150002479553,0.83311247825623,10.6800003051758,10.1940002441406,6.48000049591064,-5.76495027542114,4.0009503364563,-11.6430006027222,-36.9679527282715,-23.7450008392334,26.0250015258789,0.86100006103516,-1.30605006217957,4.97505044937134,5.47395038604736,5.0590500831604,4.87695026397705,1.3950001001358,0.84195005893707,1.82400012016296,1.10295009613037,-3.33705019950867,-8.40705013275146,-10.2580509185791,6.31905031204224,5.88300037384033,7.40205049514771,1.46400010585785,1.65105009078979,0.61905002593994,0.62100005149841,2.20500016212463,2.45295000076294,3.3120002746582,3.98505020141602,7.37400054931641,19.4689502716064,23.0230503082275,14.6530504226685,-18.8410511016846,-33.4429512023926,2.89800024032593,-11.2699508666992,-13.57200050354,-5.73000049591064,-5.84805011749268,-8.38199996948242,SPIN
0.91162496805191,0.6681125164032,0.26853749155998,0.09391249716282,0.41621249914169,1.25551247596741,1.90244996547699,-1.8654625415802,-4.73852491378784,1.27160000801086,8.45514965057373,-12.5151128768921,-18.9928741455078,-1.77760004997253,0.10367500036955,8.81375026702881,11.8031377792358,8.19596290588379,2.92448759078979,-0.19359999895096,0.02859999984503,3.65543746948242,3.82208752632141,4.54409980773926,11.1024370193481,16.6003742218018,21.7361373901367,26.4618740081787,16.9140129089355,-0.26001250743866,0.88632500171661,1.79863750934601,2.78410005569458,2.61181259155273,1.38448750972748,0.24378749728203,0.40672498941422,1.39259994029999,0.54821246862411,-5.88637495040894,-7.98971223831177,-2.04242491722107,5.21606254577637,7.32503747940063,0.56787496805191,3.2749502658844,4.11794996261597,4.83900022506714,4.0290002822876,2.48895001411438,-1.89000010490417,3.23895025253296,-9.5710506439209,-35.6740531921387,-10.5289506912231,3.21495008468628,12.5050506591797,1.68900012969971,3.83295011520386,4.61895036697388,0.6240000128746,0.4200000166893,-0.62100005149841,0.95205003023148,1.50300002098084,1.96305012702942,0.68400001525879,-13.7959508895874,-8.62005043029785,8.95605087280273,-0.23295001685619,3.08805012702942,1.86405003070831,0.71205002069473,3.21495008468628,10.6050004959106,13.2799510955811,12.1069507598877,8.92605018615723,7.84605026245117,8.63895034790039,19.4160003662109,32.7469520568848,19.5150012969971,-31.5840015411377,2.98200011253357,-4.66005039215088,-18.715950012207,-3.6870002746582,-5.3730001449585,SPIN
0.07204999774694,-0.8065750002861,-1.61906254291534,-1.55044996738434,-1.06328749656677,-3.38731241226196,-5.48129987716675,-3.8422999382019,-0.99178749322891,8.67487525939941,7.78387498855591,1.13740003108978,1.07071244716644,2.47692489624023,1.44333744049072,1.42999994754791,2.17552495002747,3.64292502403259,5.99101257324219,11.4853754043579,14.7749252319336,7.98049974441528,3.30426239967346,7.96950006484985,16.5980377197266,23.6669120788574,22.199649810791,14.1149253845215,1.11691248416901,-2.56410002708435,-0.0196624994278,-0.01869999989867,-0.24461250007153,-0.48069998621941,0.71362501382828,4.6597375869751,5.99403762817383,3.98447489738464,3.27263736724854,4.9621000289917,3.26507496833801,-2.90400004386902,-0.26620000600815,0.79667496681213,-1.0399124622345,9.38700008392334,7.55205059051514,3.83295011520386,-0.76695001125336,-8.02095031738281,-2.79300022125244,-18.8159999847412,-25.8499507904053,-10.4280004501343,23.9560508728027,-2.80695009231567,5.95005035400391,9.41595077514648,4.69005012512207,5.23695039749146,2.41800022125244,2.61900019645691,2.0749499797821,0.60495001077652,-0.73305004835129,-4.05495023727417,-3.1230001449585,-3.32505011558533,9.56895065307617,8.12295055389404,-4.48395013809204,0.05895000323653,3.09795022010803,-0.1219500079751,1.15305006504059,2.56305003166199,4.71795034408569,5.40105009078979,6.89805030822754,10.6290006637573,20.5800018310547,15.8100004196167,17.685001373291,-33.9340515136719,-15.5430011749268,0.29505002498627,-6.39105033874512,-13.417950630188,-6.42000007629395,-4.53299999237061,SPIN
-4.93968725204468,-3.01757502555847,0.05623750016093,0.09597499668598,-0.51782500743866,-2.79867506027222,-4.00303745269775,-1.3946624994278,5.94673728942871,-5.02906227111816,-14.5019874572754,-5.23379993438721,-0.15097500383854,0.43147498369217,-0.40301248431206,11.0683374404907,14.9208126068115,8.85376262664795,2.99653744697571,1.27393746376038,-0.2404875010252,1.58427500724792,8.17588710784912,15.7341251373291,17.8730754852295,20.7858753204346,18.5340366363525,2.68523740768433,-1.14908754825592,2.0538375377655,-0.24296249449253,2.47005009651184,6.23837518692017,5.78352499008179,2.56753754615784,-1.28411245346069,-0.50833749771118,1.40442502498627,-3.66630005836487,-2.72580003738403,-1.36056244373322,-0.58025002479553,1.3330625295639,-0.07301250100136,0.2216500043869,1.77300012111664,0.95400005578995,0.21705001592636,0.48000001907349,4.21395015716553,-2.5729501247406,-27.4500007629395,-38.110050201416,24.6720008850098,-5.30505037307739,6.6589503288269,2.66700005531311,-1.14000010490417,5.5620002746582,4.10400009155273,0.48495003581047,0.16905000805855,-0.09405000507832,-0.79995006322861,-3.7630500793457,-16.2700500488281,-4.79700040817261,-7.12995052337646,7.45005035400391,-2.13900017738342,1.13595008850098,0.28395000100136,-1.03500008583069,0.55905002355576,1.02600002288818,9.43605041503906,9.91800022125244,11.4700508117676,13.4220008850098,20.1730518341064,29.2240505218506,20.6209506988525,3.91305017471313,-36.9370498657227,-6.09195041656494,-20.6749515533447,-8.59005069732666,-7.84500026702881,-8.88705062866211,-5.98905038833618,SPIN
-2.25843739509583,-0.14753749966621,0.8786249756813,0.93513751029968,0.84782499074936,0.16486249864101,-0.37950000166893,-0.01306249946356,-4.11221265792847,-4.93239974975586,4.22853755950928,0.90502500534058,-4.46778726577759,-1.62786245346069,0.90598750114441,3.75375008583069,2.44309997558594,0.99687498807907,0.03286249935627,-0.24763749539852,1.14111244678497,4.43726253509521,12.1629753112793,11.9156122207642,10.2804622650146,14.8752994537354,23.2007865905762,30.0822505950928,19.2834129333496,3.54502487182617,-0.4974749982357,0.29205000400543,0.78154999017715,0.73562496900558,0.72613751888275,0.63731247186661,-0.014024999924,-0.60334998369217,4.07041263580322,6.77201223373413,1.46987497806549,0.55123752355576,1.16998744010925,3.0793125629425,2.44323754310608,9.31995010375977,9.36300086975098,9.62895011901855,9.62700080871582,10.3980007171631,4.71405029296875,-2.79795002937317,4.30005025863647,-24.6690006256104,-19.3690509796143,17.3959503173828,-2.88900017738342,9.66000080108643,7.45395040512085,1.52400004863739,2.98305010795593,2.83395004272461,2.78895020484924,2.46105003356934,2.00100016593933,2.64495015144348,0.06599999964237,-3.13500022888184,-7.81005048751831,11.6070003509521,9.78495025634766,-3.35805010795593,1.09995007514954,5.28000020980835,1.85700011253357,3.27195024490356,3.24495005607605,2.79495024681091,2.84295010566711,3.4939501285553,8.36295032501221,5.24805021286011,19.5070514678955,38.8470001220703,-26.545051574707,-22.8469505310059,7.01700019836426,-7.0090503692627,-16.8550510406494,-5.4810004234314,SPIN
0.05252499878407,0.08470000326633,0.16816249489784,-0.0042624999769,-0.23333749175072,2.58829998970032,1.84140002727509,-1.74363744258881,5.18058729171753,6.18378734588623,-0.25877499580383,-2.27548742294312,-1.63886249065399,1.97560000419617,1.45268750190735,1.9904500246048,2.84762501716614,3.13321256637573,3.7039749622345,6.11008739471436,11.6232872009277,15.9638872146606,15.5277376174927,18.0274868011475,25.2285003662109,24.3205871582031,14.3968000411987,2.2372624874115,-3.79115009307861,-0.24626250565052,0.04675000160933,0.18191249668598,0.44275000691414,0.28600001335144,-0.36121249198914,1.73965001106262,9.04186248779297,8.66002464294434,1.5801500082016,0.48523750901222,-1.50342500209808,-0.1380500048399,-1.01791250705719,-4.36301231384277,-0.41332501173019,10.0309505462646,11.1070508956909,11.0730009078979,3.76800012588501,-0.57495003938675,4.57095003128052,-26.2500019073486,-18.9859504699707,24.5209503173828,-5.05605030059814,4.64505004882813,4.27095031738281,0.45405003428459,6.27405023574829,5.89800024032593,0.97605001926422,1.08795011043549,0.92295002937317,1.06905007362366,1.34505009651184,-2.69505023956299,-6.81195020675659,8.65904998779297,9.14505004882813,-1.29405009746552,2.18505001068115,5.83095026016235,2.57595014572144,2.6050500869751,3.37305021286011,-0.30600002408028,0.97995007038116,2.35199999809265,6.46200037002563,8.30805015563965,10.2700500488281,30.0430507659912,-25.9680004119873,-36.2620506286621,12.4540510177612,-2.85600018501282,-16.723051071167,-6.33600044250488,-3.77400016784668,-9.20100021362305,SPIN
0.00439999997616,-0.01374999992549,0.29809999465942,-2.33667492866516,-4.14878749847412,-1.13409996032715,-0.30291250348091,1.41363751888275,7.43242502212524,1.48967504501343,-3.02472496032715,0.12319999933243,0.51947498321533,0.63827496767044,-1.5801500082016,1.06260001659393,1.40964996814728,1.66498744487762,5.26501226425171,16.0704498291016,16.299524307251,12.9526376724243,17.6083869934082,20.645486831665,24.8505115509033,17.3947124481201,4.34252500534058,-2.53701257705688,0.49046251177788,5.53093767166138,0.01154999993742,0.47354999184608,1.11086249351501,0.29218751192093,0.22907499969006,7.43503761291504,14.0100126266479,6.84062480926514,-0.18521249294281,-4.53749990463257,-5.47841262817383,-1.07772505283356,-2.75,-1.70004999637604,2.01107501983643,9.72705078125,11.1709508895874,4.63995027542114,-0.72405004501343,10.3980007171631,-19.9339504241943,-32.719051361084,-3.62895011901855,28.5880508422852,-6.43605041503906,-0.90300005674362,6.52500009536743,5.77305030822754,3.39705014228821,7.12395048141479,2.19300007820129,0.72900003194809,1.63005006313324,3.93105030059814,-2.85795021057129,-6.83100032806396,3.23400020599365,1.36905002593994,6.43905019760132,2.28600001335144,-3.21705007553101,4.29300022125244,1.10805010795593,0.67200005054474,1.80900013446808,-3.706050157547,-3.78495025634766,4.08599996566772,15.0889511108398,22.2619514465332,8.53605079650879,-1.17000007629395,-26.6719512939453,-33.3300018310547,-0.88005006313324,-6.11100006103516,-16.0530014038086,-9.925950050354,-2.92305016517639,-5.85495042800903,SPIN
0.56155002117157,0.65051251649857,0.11096250265837,-0.44962498545647,-1.51579999923706,-7.35652494430542,-16.263500213623,-12.7392377853394,-2.1822624206543,6.60976266860962,-0.15867500007153,-12.0284996032715,-7.08358764648438,-1.105637550354,0.86666250228882,0.49926251173019,0.54917502403259,1.25963747501373,1.95799994468689,1.4942125082016,20.1456756591797,22.7385120391846,2.7780499458313,3.5813250541687,13.5177621841431,17.3225250244141,17.6213130950928,18.0081005096436,5.918137550354,-3.53072500228882,-0.02419999986887,-0.08236250281334,0.04551250115037,-0.37331250309944,-2.85422492027283,-9.84224987030029,-6.71247482299805,1.39370000362396,-1.30075001716614,-3.97691249847412,-4.79888725280762,-6.57634973526001,-0.80052500963211,2.15036249160767,-2.18102502822876,9.62400054931641,11.9020509719849,11.4400501251221,2.44200015068054,-9.45105075836182,-4.96005010604858,-10.5240001678467,-31.9020023345947,-52.2859535217285,13.3680009841919,10.5820503234863,0.82500004768372,5.79000043869019,2.27400016784668,5.99295043945313,1.90995013713837,2.0419499874115,2.45400023460388,3.61995005607605,2.23305010795593,-2.83095002174377,1.03800010681152,-12.0520505905151,5.97705030441284,1.2679500579834,-2.70900011062622,5.11695003509521,0.43905001878738,-0.23700001835823,2.18099999427795,-4.68795013427734,-3.04800009727478,-2.30100011825562,-0.18300001323223,1.80600011348724,15.7980003356934,28.7500514984131,20.6089515686035,-22.6650009155273,-38.3140525817871,8.65605068206787,-19.2169513702393,-16.2469501495361,-1.96800005435944,-7.67505025863647,SPIN
0.37482500076294,0.50957500934601,1.30019998550415,1.93737494945526,1.76481246948242,1.37692499160767,1.08377504348755,0.3284874856472,-3.65474987030029,-3.94295001029968,7.0851001739502,6.26642513275146,-4.76671266555786,-3.25943756103516,-0.12375000119209,1.77402496337891,3.8304750919342,4.29797506332397,3.24321246147156,1.90011250972748,1.10838747024536,3.52563738822937,12.9494752883911,14.6816997528076,10.1997499465942,13.652099609375,24.6654376983643,27.5445499420166,16.5538997650146,4.14521265029907,-0.00082499999553,0.26565000414848,0.53130000829697,0.7958499789238,0.57969999313354,0.15510000288486,-0.45911249518394,0.09597499668598,3.06377506256104,3.105299949646,-3.27112507820129,-4.19210004806519,-6.7783374786377,-5.25167512893677,0.25038748979568,9.40395069122314,10.1509504318237,8.77200031280518,10.0240507125854,9.67200088500977,5.8090500831604,-4.40505027770996,3.6870002746582,-22.3510513305664,-26.6520004272461,12.03600025177,-4.08599996566772,5.03805017471313,4.36995029449463,0.70500004291534,1.54605007171631,1.77105009555817,1.46895003318787,1.65405011177063,2.15895009040833,1.89600014686584,1.49100005626678,-10.0879507064819,-5.62395048141479,7.13295030593872,10.5870008468628,0.56894999742508,0.93300002813339,5.40705013275146,1.91505014896393,1.62405002117157,2.35905003547668,3.37905025482178,3.19305014610291,3.69300007820129,4.08599996566772,12.4159507751465,19.2150001525879,27.1480522155762,-13.6600503921509,-31.2370510101318,1.18305003643036,-2.07105016708374,-17.2000503540039,-3.48600006103516,SPIN
0.18095000088215,0.18095000088215,0.33357501029968,0.21408750116825,0.25712499022484,-0.31391251087189,-3.36104989051819,-6.23892498016357,-4.51082515716553,-0.21931250393391,6.76445007324219,1.69537496566772,-3.31498742103577,1.40043747425079,0.93321251869202,0.66219997406006,0.61242496967316,0.8786249756813,1.36372494697571,1.81486248970032,3.75443744659424,12.6237373352051,16.8117122650146,13.7339124679565,14.1737747192383,21.3281745910645,27.6255378723145,21.0808124542236,6.75276231765747,-3.42498755455017,-0.14685000479221,0.04015000164509,-0.01938750036061,-0.24103750288486,-0.29699999094009,-0.3466374874115,-1.74349999427795,1.11278748512268,7.04467487335205,4.9429874420166,2.27589988708496,-4.34431266784668,-8.60928726196289,-3.77932500839233,-3.28941249847412,8.71605014801025,9.52395057678223,9.45195007324219,8.94405078887939,8.07194995880127,-1.76805007457733,-0.550950050354,-10.8570003509521,-43.5900039672852,5.19300031661987,21.9229507446289,-9.65205001831055,6.28605031967163,2.10105013847351,2.67105007171631,1.39305007457733,1.44300007820129,1.78305006027222,1.50300002098084,0.95700001716614,0.93495005369186,2.71005010604858,-7.01505041122437,0.29595002532005,7.21695041656494,6.58695030212402,-3.20205020904541,2.57805013656616,3.18900012969971,0.53295004367828,-4.47000026702881,-4.36695003509521,-3.00705003738403,-2.50395011901855,-0.88995003700256,8.14995002746582,25.1839504241943,32.4570007324219,3.19305014610291,-34.3630523681641,-19.4130001068115,5.17800045013428,-12.2179508209229,-14.0340003967285,-4.64805030822754,SPIN
0.89113748073578,0.97102499008179,0.58464998006821,0.29686251282692,0.54972499608994,0.71568751335144,-0.72586250305176,-2.25335001945496,-1.48211252689362,9.24275016784668,16.4543495178223,-5.24617481231689,-11.4173126220703,0.62658751010895,0.16073749959469,3.28528738021851,2.00007510185242,1.42601251602173,1.69991254806519,1.56158745288849,1.51621246337891,6.39086246490479,13.6335372924805,20.9855251312256,22.6324996948242,19.2531623840332,20.50950050354,17.0260753631592,8.73771286010742,-1.18799996376038,-1.82228744029999,-1.42738747596741,-0.52593749761581,0.23526249825954,0.49981248378754,0.3920125067234,-0.95301246643066,0.2939749956131,3.33396244049072,-3.24898743629456,-5.1594123840332,-19.6337623596191,-21.3848247528076,-1.51841247081757,-0.71499997377396,8.73105049133301,9.1429500579834,10.0240507125854,11.1859502792358,13.9620008468628,5.82600021362305,4.73805046081543,-18.2940006256104,-44.3989524841309,-4.94400024414063,21.457950592041,-2.26395010948181,3.73695015907288,5.45895004272461,0.86805003881454,2.42700004577637,2.18505001068115,2.06100010871887,2.25495004653931,1.93605005741119,3.10305023193359,1.27800011634827,-1.08795011043549,4.20705032348633,0.56595003604889,1.91205012798309,-2.12895011901855,-2.63700008392334,4.03905010223389,1.71105003356934,-2.74095010757446,-1.72800004482269,-0.9709500670433,-1.52505004405975,-2.0419499874115,6.43095016479492,19.5649509429932,19.1700000762939,-1.36395001411438,-35.7660026550293,-30.9760513305664,-6.06795024871826,-3.10800004005432,-16.6080017089844,-8.4460506439209,SPIN
0.17022499442101,0.04688749834895,-0.15097500383854,-0.0173249989748,0.5819000005722,0.8457624912262,-1.57272493839264,-8.62468719482422,-8.19843769073486,3.0801374912262,6.48449993133545,-8.84386253356934,-10.5870876312256,0.75625002384186,0.60321247577667,1.2861750125885,1.2890625,1.23722493648529,1.24753749370575,1.65687501430511,2.921875,11.8815126419067,20.3014621734619,16.0015621185303,13.9126625061035,21.3170375823975,22.7565250396729,19.0429248809814,9.29417514801025,-1.87329995632172,-0.12649999558926,-0.15950000286102,-0.24186250567436,-0.40810000896454,-0.44206249713898,-0.63043749332428,-4.07123756408691,-1.71146249771118,4.84385013580322,-0.65601247549057,-3.46224999427795,-9.49905014038086,-11.2985124588013,-2.01877498626709,-1.02492499351501,8.67600059509277,8.90100002288818,9.94005012512207,10.0840501785278,8.60400009155273,-2.5489501953125,-3.09000015258789,-8.80395030975342,-47.308952331543,-1.54800009727478,9.44505023956299,-1.63605010509491,5.91405010223389,-0.67095005512238,2.61600017547607,1.26600003242493,1.46895003318787,1.61295008659363,1.39995002746582,0.96900004148483,1.63200008869171,1.17195010185242,-7.48005056381226,-0.91800004243851,6.88005018234253,4.13700008392334,-4.15995025634766,3.66300010681152,1.41405010223389,-0.09600000083447,-5.26095008850098,-5.29005002975464,-4.73594999313354,-3.90000009536743,-1.46205008029938,5.9040002822876,22.3930511474609,34.2779998779297,3.76995015144348,-41.7180023193359,-12.4170007705688,5.78205013275146,-19.818000793457,-12.8119506835938,-2.29800009727478,SPIN
-0.01993750035763,0.23539999127388,0.21504999697208,-0.06599999964237,-0.79640001058578,-1.45172500610352,-2.1157124042511,-2.11488747596741,-1.18277502059937,-0.59207499027252,3.38208746910095,10.2062120437622,-6.59394979476929,-12.8295745849609,1.28534996509552,1.75257503986359,1.04692494869232,0.83847498893738,1.43165004253387,2.87870001792908,4.71253728866577,6.68043756484985,9.894362449646,10.2163877487183,11.9227628707886,14.7811126708984,18.9121627807617,27.2491989135742,20.5284748077393,5.09547519683838,-0.47506248950958,-0.41277500987053,-0.06531249731779,0.19428749382496,0.37248748540878,0.53734999895096,0.77261251211166,0.47602498531342,2.13702487945557,4.79132509231567,-1.40195000171661,-4.31255006790161,-11.1682996749878,-13.0515003204346,-2.78396248817444,8.6850004196167,8.79300022125244,8.94405078887939,9.4950008392334,9.01800060272217,8.30505084991455,5.22900009155273,6.07005023956299,-13.1280002593994,-23.9460010528564,1.27005004882813,1.17000007629395,-4.52895021438599,4.30200004577637,1.54305005073547,1.8880500793457,1.75395011901855,1.80000007152557,1.69005012512207,1.45005011558533,0.23295001685619,0.85605001449585,0.27405002713203,-7.65495014190674,2.29095005989075,6.52800035476685,0.71505004167557,-1.58100008964539,2.6140501499176,2.40795016288757,-4.2480001449585,-3.46005010604858,-3.16500020027161,-0.63795000314713,2.28194999694824,4.31295013427734,12.0589504241943,19.5030002593994,19.6609516143799,4.56704998016357,-16.9890003204346,-24.7350006103516,0.57000005245209,-15.6649503707886,-17.3890514373779,SPIN
0.68722498416901,0.32518750429153,0.36134999990463,0.57309997081757,0.54078751802444,0.16032500565052,-0.12196250259876,-0.71183747053146,-2.56643748283386,-2.55103754997253,8.65369987487793,11.0356121063232,-11.3751001358032,-11.7819623947144,4.10616254806519,3.23674988746643,4.24751234054565,3.97732496261597,3.18917489051819,4.09791231155396,6.70174980163574,8.44057464599609,8.28162479400635,6.52382516860962,10.8256502151489,18.957950592041,20.6244506835938,22.7008380889893,20.2870254516602,1.85350000858307,-0.81578749418259,-0.43972501158714,0.06118749827147,0.33838748931885,-0.03409999981523,-0.04001250118017,0.91904997825623,2.22612500190735,3.05634999275208,3.09333753585815,-3.6866500377655,-3.73573756217957,-11.3229875564575,-13.4040498733521,-2.41367506980896,9.36795043945313,9.61005020141602,9.6739501953125,7.67205047607422,6.08895015716553,5.21295022964478,1.60995006561279,6.97800016403198,-32.7520523071289,-46.8229522705078,23.2690505981445,-5.20500040054321,-0.24495001137257,4.6210503578186,-1.69800007343292,1.65105009078979,1.79295003414154,1.58400011062622,1.91700005531311,1.59900009632111,0.85395002365112,-0.54405003786087,-2.94600009918213,-11.6230506896973,2.37705016136169,6.76905012130737,-5.34105014801025,-0.34500002861023,1.42605006694794,-1.70595002174377,-0.6360000371933,-0.04695000126958,-0.09705000370741,4.08795022964478,6.70605039596558,8.3899507522583,12.2340002059937,21.1600513458252,42.7009506225586,-20.5309505462646,-36.4300498962402,6.41895008087158,-12.2539501190186,-16.2559509277344,-5.83995008468628,SPIN
