gyro_x_0,gyro_y_0,gyro_z_0,acc_x_0,acc_y_0,acc_z_0,gyro_x_1,gyro_y_1,gyro_z_1,acc_x_1,acc_y_1,acc_z_1,gyro_x_2,gyro_y_2,gyro_z_2,acc_x_2,acc_y_2,acc_z_2,gyro_x_3,gyro_y_3,gyro_z_3,acc_x_3,acc_y_3,acc_z_3,gyro_x_4,gyro_y_4,gyro_z_4,acc_x_4,acc_y_4,acc_z_4,gyro_x_5,gyro_y_5,gyro_z_5,acc_x_5,acc_y_5,acc_z_5,gyro_x_6,gyro_y_6,gyro_z_6,acc_x_6,acc_y_6,acc_z_6,gyro_x_7,gyro_y_7,gyro_z_7,acc_x_7,acc_y_7,acc_z_7,gyro_x_8,gyro_y_8,gyro_z_8,acc_x_8,acc_y_8,acc_z_8,gyro_x_9,gyro_y_9,gyro_z_9,acc_x_9,acc_y_9,acc_z_9,gyro_x_10,gyro_y_10,gyro_z_10,acc_x_10,acc_y_10,acc_z_10,gyro_x_11,gyro_y_11,gyro_z_11,acc_x_11,acc_y_11,acc_z_11,gyro_x_12,gyro_y_12,gyro_z_12,acc_x_12,acc_y_12,acc_z_12,gyro_x_13,gyro_y_13,gyro_z_13,acc_x_13,acc_y_13,acc_z_13,gyro_x_14,gyro_y_14,gyro_z_14,acc_x_14,acc_y_14,acc_z_14,motion_type
4.46751260757446,-17.4604377746582,-11.0131998062134,-0.50228750705719,5.71931266784668,15.953987121582,9.16822528839111,-0.56319999694824,5.67627477645874,-4.08842515945435,-19.0775756835938,-11.3346748352051,-0.97693747282028,3.77891254425049,9.78793716430664,-15.2200126647949,-21.0369491577148,-8.55456256866455,-2.04792499542236,3.21392488479614,25.482873916626,25.2896881103516,-1.99361252784729,-17.1045875549316,-23.1673755645752,-15.8576002120972,-8.65493774414063,-2.54704999923706,4.41993761062622,30.1870250701904,10.9923000335693,10.0885124206543,11.7653245925903,0.35846251249313,-9.56876277923584,-17.29736328125,-16.9258365631104,-4.31969976425171,9.04337501525879,7.31389999389648,10.5462503433228,10.5087127685547,-0.33274999260902,-10.2231245040894,-16.4069118499756,-17.7739505767822,-7.9830002784729,-4.06005001068115,-1.07100009918213,-1.20300006866455,-0.18705001473427,-11.6670007705688,-47.5030517578125,-18.8370018005371,-14.8780508041382,-6.41895008087158,-4.37805032730103,-3.66495013237,-3.39405012130737,-3.80805015563965,-5.05395030975342,0.23100000619888,1.24695003032684,-2.0460000038147,3.91500020027161,6.08400011062622,6.02895021438599,2.98800015449524,-3.16605019569397,-7.13505029678345,1.38300001621246,-2.16105008125305,-0.94395005702972,2.95395016670227,3.48795008659363,47.484001159668,23.8759517669678,11.7720003128052,-6.37500047683716,-16.1269512176514,-23.0940017700195,-37.2820510864258,-2.54205012321472,70.5310516357422,34.4860534667969,30.5680522918701,11.1510009765625,-2.32500004768372,-16.2640514373779,-34.1209526062012,FAN
7.06089973449707,-2.40556240081787,-18.9277000427246,-12.5474252700806,-0.99742501974106,12.9575872421265,10.9054002761841,-0.76092499494553,5.10757493972778,0.63029998540878,-16.0958881378174,-18.8706378936768,-2.30422496795654,12.478949546814,11.7338371276855,-14.7643375396729,-21.3515491485596,-13.2950124740601,-7.18217515945435,-1.95868754386902,23.9276123046875,29.2573871612549,5.81721258163452,-9.42631244659424,-24.2167739868164,-20.2813873291016,-12.9170246124268,-3.32516241073608,11.1461620330811,29.5429744720459,10.7229375839233,10.530987739563,11.313775062561,10.6466245651245,-3.08618760108948,-13.1914749145508,-19.1335372924805,-12.1536245346069,8.4588623046875,11.3194122314453,11.3795003890991,13.2790622711182,0.6766374707222,-15.6289377212524,-17.2573490142822,-11.3910007476807,-18.2940006256104,-0.73800003528595,-2.31600022315979,-1.92105007171631,0.28800001740456,-5.39895009994507,-29.6029510498047,-39.0559501647949,-20.1709518432617,-6.67500019073486,-0.87000006437302,-4.63200044631958,-3.01800012588501,-12.2940006256104,2.94195008277893,-0.11505000293255,-1.85205006599426,0.15705001354218,1.69200003147125,6.13500022888184,4.03695011138916,1.68195009231567,-0.38805001974106,4.37895011901855,-2.63205003738403,-3.97095012664795,1.82595014572144,8.43195056915283,5.77995014190674,78.2329559326172,23.9170513153076,23.742000579834,1.06095004081726,-16.9390506744385,-25.0030517578125,-34.0320014953613,-15.5160007476807,69.1039505004883,38.3509521484375,20.881950378418,19.7590503692627,-10.8600006103516,-35.953052520752,-41.6869506835938,FAN
0.63029998540878,-16.0958881378174,-18.8706378936768,-2.30422496795654,12.478949546814,11.7338371276855,-0.63139998912811,0.65766251087189,3.78468751907349,-17.5587501525879,-12.8012495040894,-0.0346499979496,13.0965995788574,12.8154125213623,-0.24598750472069,-24.2167739868164,-20.2813873291016,-12.9170246124268,-3.32516241073608,11.1461620330811,29.5429744720459,17.4048881530762,-1.88058745861053,-18.1315746307373,-18.5084629058838,-8.07606220245361,-2.1487123966217,7.49471235275269,28.0420246124268,24.4692249298096,11.3194122314453,11.3795003890991,13.2790622711182,0.6766374707222,-15.6289377212524,-17.2573490142822,-5.92129993438721,-3.15218758583069,5.38106250762939,9.00446224212646,10.9683752059937,-0.65381246805191,-16.1199493408203,-16.0308494567871,-10.7834377288818,-20.1709518432617,-6.67500019073486,-0.87000006437302,-4.63200044631958,-3.01800012588501,-12.2940006256104,-44.1910514831543,-44.6410522460938,-25.0020008087158,-8.2369499206543,-4.13700008392334,-4.98900032043457,-2.8000500202179,-3.94500017166138,-18.1380004882813,4.37895011901855,-2.63205003738403,-3.97095012664795,1.82595014572144,8.43195056915283,5.77995014190674,4.89405012130737,-2.02395009994507,-0.84300005435944,1.30605006217957,-0.3790500164032,0.79095005989075,3.98895025253296,5.01405000686646,5.81595039367676,38.3509521484375,20.881950378418,19.7590503692627,-10.8600006103516,-35.953052520752,-41.6869506835938,-12.2610006332397,24.7549514770508,65.779052734375,18.5040016174316,10.1260509490967,-6.11295032501221,-21.3910503387451,-32.6650505065918,-31.0480518341064,FAN
3.78468751907349,-17.5587501525879,-12.8012495040894,-0.0346499979496,13.0965995788574,12.8154125213623,-0.24598750472069,0.04743750020862,4.58658742904663,-8.4588623046875,-18.2846126556396,-7.32682514190674,2.49865007400513,18.7285995483398,17.5863876342773,-18.1315746307373,-18.5084629058838,-8.07606220245361,-2.1487123966217,7.49471235275269,28.0420246124268,24.4692249298096,-1.64738750457764,-18.8413505554199,-21.9474754333496,-11.7698621749878,-6.22104978561401,-1.94204998016357,19.9969005584717,23.5721740722656,5.38106250762939,9.00446224212646,10.9683752059937,-0.65381246805191,-16.1199493408203,-16.0308494567871,-10.7834377288818,-2.88034987449646,8.63747501373291,7.94681262969971,11.1403875350952,7.03284978866577,-4.56417512893677,-13.7400999069214,-17.8586368560791,-25.0020008087158,-8.2369499206543,-4.13700008392334,-4.98900032043457,-2.8000500202179,-3.94500017166138,-18.1380004882813,-48.6649513244629,-26.9869518280029,-12.1810503005981,-0.12495000660419,-2.46000003814697,-4.33095026016235,-2.0789999961853,-5.17800045013428,-0.84300005435944,1.30605006217957,-0.3790500164032,0.79095005989075,3.98895025253296,5.01405000686646,5.81595039367676,2.19000005722046,0.98295003175735,-2.71395015716553,1.14600002765656,1.65405011177063,1.53195011615753,5.16000032424927,3.20595026016235,65.779052734375,18.5040016174316,10.1260509490967,-6.11295032501221,-21.3910503387451,-32.6650505065918,-31.0480518341064,16.689001083374,73.9849548339844,18.9040508270264,21.2970008850098,0.66300004720688,-16.6609516143799,-35.4520530700684,-40.8390007019043,FAN
4.58658742904663,-8.4588623046875,-18.2846126556396,-7.32682514190674,2.49865007400513,18.7285995483398,17.5863876342773,0.08566249907017,5.06742477416992,1.33801245689392,-18.3181629180908,-8.08774948120117,-1.66306245326996,0.11495000123978,-1.08803749084473,-18.8413505554199,-21.9474754333496,-11.7698621749878,-6.22104978561401,-1.94204998016357,19.9969005584717,23.5721740722656,1.64711248874664,-14.576512336731,-22.2787132263184,-15.0422248840332,-6.21912479400635,-3.63728737831116,15.0073003768921,15.0525369644165,8.63747501373291,7.94681262969971,11.1403875350952,7.03284978866577,-4.56417512893677,-13.7400999069214,-17.8586368560791,-7.36931228637695,7.58353757858276,8.41073703765869,11.8201875686646,8.07111263275146,0.08841250091791,-8.87273788452148,-10.7538747787476,-26.9869518280029,-12.1810503005981,-0.12495000660419,-2.46000003814697,-4.33095026016235,-2.0789999961853,-5.17800045013428,-40.7830505371094,-32.1820526123047,-22.0440006256104,0.46800002455711,1.00005006790161,-2.16495013237,-1.29105007648468,-15.0600004196167,0.98295003175735,-2.71395015716553,1.14600002765656,1.65405011177063,1.53195011615753,5.16000032424927,3.20595026016235,2.65200018882751,-4.96500015258789,6.15405035018921,-2.87205004692078,-0.71895003318787,1.89795005321503,6.20205020904541,5.32800006866455,73.9849548339844,18.9040508270264,21.2970008850098,0.66300004720688,-16.6609516143799,-35.4520530700684,-40.8390007019043,2.08800005912781,78.411003112793,46.818000793457,14.5020008087158,6.02805042266846,-17.8440017700195,-44.953052520752,-19.6519508361816,FAN
0.32202500104904,0.03506249934435,-0.85772502422333,-1.0752500295639,-0.89196246862411,-0.26867499947548,-5.19818735122681,-9.77886199951172,-3.44176244735718,-13.770899772644,-23.1494998931885,-9.67958736419678,-2.00076246261597,1.24465000629425,3.74550008773804,2.53563737869263,1.98220002651215,-0.30250000953674,-0.64927500486374,-1.20449995994568,-5.63103723526001,-20.9470252990723,-25.8083381652832,-23.7488632202148,-26.029712677002,-14.9890127182007,-4.79435014724731,1.0587500333786,24.9360370635986,33.0576133728027,-1.25894999504089,-0.53941249847412,1.84593749046326,1.83809995651245,0.38857498764992,-0.96731251478195,0.03836249932647,14.8677377700806,19.6675872802734,10.9767627716064,11.7310876846313,7.21751260757446,-1.4030499458313,-4.82996225357056,-14.776575088501,5.09505033493042,10.2660007476807,6.39300012588501,7.08300018310547,7.9980001449585,7.72695016860962,-6.43305015563965,-34.7209510803223,-30.9940509796143,-20.4919509887695,-13.5229501724243,-0.55605000257492,2.9850001335144,6.18495035171509,1.33005011081696,0.41100001335144,-5.27595043182373,0.7579500079155,-1.75095009803772,-0.11805000901222,1.45995008945465,0.55695003271103,6.36195039749146,-10.0020008087158,0.15000000596046,-6.32295036315918,-1.15005004405975,3.41595005989075,3.8620502948761,5.97000026702881,9.59400081634521,6.46200037002563,20.5279502868652,9.55395030975342,-2.41995000839233,-14.4150009155273,-30.7290019989014,-6.20700025558472,74.0040054321289,29.8560009002686,10.6909503936768,-3.00495004653931,-10.2190504074097,-11.1499509811401,-26.931001663208,FAN
-13.770899772644,-23.1494998931885,-9.67958736419678,-2.00076246261597,1.24465000629425,3.74550008773804,0.88343751430511,-1.26279997825623,-5.11059999465942,-17.8917751312256,-17.5371627807617,-1.71875,21.5715503692627,16.4408740997314,0.13378749787807,-26.029712677002,-14.9890127182007,-4.79435014724731,1.0587500333786,24.9360370635986,33.0576133728027,7.13404989242554,-14.7835874557495,-28.398286819458,-23.6875381469727,-9.5390625,-0.518374979496,15.3767623901367,32.1370506286621,23.3553371429443,10.9767627716064,11.7310876846313,7.21751260757446,-1.4030499458313,-4.82996225357056,-14.776575088501,-11.4494876861572,11.2667503356934,4.9322624206543,4.15181255340576,13.9990119934082,2.35537505149841,-13.1614999771118,-11.7196750640869,-10.7874250411987,-20.4919509887695,-13.5229501724243,-0.55605000257492,2.9850001335144,6.18495035171509,1.33005011081696,-13.992000579834,-38.4600028991699,-29.9449520111084,-12.1219501495361,-17.203950881958,3.08100008964539,6.68295049667358,7.66005039215088,5.08995008468628,0.15000000596046,-6.32295036315918,-1.15005004405975,3.41595005989075,3.8620502948761,5.97000026702881,9.06599998474121,-1.98300004005432,-5.08695030212402,-6.80205011367798,0.68595004081726,3.02100014686584,4.91100025177002,6.38895034790039,-1.46595001220703,29.8560009002686,10.6909503936768,-3.00495004653931,-10.2190504074097,-11.1499509811401,-26.931001663208,-12.4510507583618,35.5489501953125,48.9780006408691,29.4949512481689,2.98695015907288,-13.1740503311157,-21.7099514007568,-29.2450523376465,-22.5190505981445,FAN
-5.11059999465942,-17.8917751312256,-17.5371627807617,-1.71875,21.5715503692627,16.4408740997314,0.13378749787807,2.30573749542236,2.19738745689392,-12.9333877563477,-21.1587753295898,0.81661248207092,24.2481250762939,17.6918506622314,1.90382504463196,-28.398286819458,-23.6875381469727,-9.5390625,-0.518374979496,15.3767623901367,32.1370506286621,23.3553371429443,1.05531251430511,-24.3505630493164,-28.8470878601074,-10.2738628387451,-0.518374979496,17.4884872436523,25.403263092041,12.2953872680664,4.9322624206543,4.15181255340576,13.9990119934082,2.35537505149841,-13.1614999771118,-11.7196750640869,-10.7874250411987,-4.01046228408813,10.1954870223999,11.1563377380371,11.9362373352051,0.80327498912811,-6.5205249786377,-10.4838247299194,-17.8697757720947,-29.9449520111084,-12.1219501495361,-17.203950881958,3.08100008964539,6.68295049667358,7.66005039215088,5.08995008468628,-46.8690032958984,-55.7419509887695,-16.0930500030518,-16.3750514984131,0.8440500497818,9.37995052337646,6.89400053024292,-6.78795051574707,-5.08695030212402,-6.80205011367798,0.68595004081726,3.02100014686584,4.91100025177002,6.38895034790039,-1.46595001220703,-6.95805025100708,0.22395001351833,-1.4230500459671,1.49805009365082,2.78400015830994,1.05000007152557,-0.18900001049042,0.08505000174046,48.9780006408691,29.4949512481689,2.98695015907288,-13.1740503311157,-21.7099514007568,-29.2450523376465,-22.5190505981445,8.46195030212402,64.3999557495117,23.7250518798828,1.36305010318756,-26.695951461792,-33.3880500793457,-26.4810009002686,-30.0040512084961,FAN
1.95607495307922,0.88398748636246,-11.8523626327515,-22.4868869781494,-6.98692512512207,23.0022373199463,19.4587249755859,-0.39283749461174,2.05425000190735,-1.45969998836517,-21.4546756744385,-19.2409248352051,16.7028121948242,14.8750247955322,-2.13702487945557,-1.81266248226166,-20.7723999023438,-22.1753120422363,-9.35866260528564,-1.72535002231598,17.7241630554199,26.0097751617432,11.2146377563477,-6.27577495574951,-23.2784748077393,-21.7075366973877,-7.62134981155396,5.74282503128052,27.6299381256104,11.4525127410889,0.23553749918938,15.8270750045776,7.80271244049072,7.93182516098022,2.92641258239746,-6.73956251144409,-10.4241495132446,-12.2909870147705,3.99052500724792,12.0023746490479,9.1940746307373,8.4601001739502,-8.59168720245361,-12.8100500106812,-14.1075000762939,-71.7379531860352,-58.6810531616211,-16.7130012512207,-25.0930519104004,-3.94695019721985,20.1859512329102,1.98900008201599,-26.7670516967773,-70.3780517578125,-31.3099517822266,-23.7829513549805,-16.2070503234863,12.9150009155273,3.55995011329651,-15.9199504852295,1.16505002975464,-5.5620002746582,0.53505003452301,1.21305000782013,-2.65200018882751,-1.52100002765656,0.64800000190735,-1.42995011806488,-13.2829504013062,-1.87800014019012,-1.36995005607605,-4.29495000839233,0.18600000441074,0.5059500336647,-1.45200002193451,-1.10295009613037,58.186954498291,30.6520519256592,4.9980001449585,-31.5340518951416,-44.9010009765625,-34.6500015258789,-22.207950592041,65.7030029296875,27.9600009918213,18.2599506378174,-13.1280002593994,-46.6279525756836,-33.8359527587891,-22.5190505981445,FAN
2.06703758239746,-16.1033115386963,-24.9595489501953,-4.89596223831177,19.6314239501953,13.5096502304077,-4.86846256256104,0.04372499883175,4.66977500915527,-12.1357498168945,-22.9150619506836,-3.61308741569519,20.0806369781494,13.7112245559692,-3.23812508583069,-21.5330505371094,-25.4940128326416,-12.1033000946045,-3.7899124622345,14.0815124511719,29.9650993347168,18.3704128265381,-0.98271250724792,-20.2610378265381,-26.9102630615234,-14.1893119812012,-3.01193737983704,21.0000991821289,30.4750881195068,12.2344751358032,11.8386125564575,8.76356220245361,10.0648622512817,2.54113745689392,-10.7166128158569,-12.3279752731323,-11.236499786377,-1.28466248512268,10.528374671936,10.1296253204346,11.640887260437,2.68936252593994,-11.6018371582031,-14.8586626052856,-12.1747999191284,-61.2670516967773,-10.1670007705688,-16.9429512023926,-9.8730001449585,13.5690002441406,5.04495000839233,-13.9060506820679,-54.5899543762207,-57.8280029296875,-11.6070003509521,-20.9020519256592,-3.12105011940002,17.4300003051758,-0.66600000858307,-11.4700508117676,-2.27805018424988,-7.19700050354004,-1.32495009899139,-3.60495018959045,0.26205000281334,6.23805046081543,-1.5619500875473,-18.5880012512207,-2.75505018234253,-8.60595035552979,-0.55395001173019,-3.43005013465881,2.78895020484924,-2.34300017356873,-1.25295007228851,50.3290519714355,24.8290519714355,8.84205055236816,-15.127950668335,-41.7300033569336,-39.4830017089844,-25.6399517059326,10.381950378418,56.5180511474609,30.2899513244629,8.86395072937012,-25.1730003356934,-58.6390533447266,-27.3210010528564,-16.9680004119873,FAN
3.50308752059937,-15.4804372787476,-13.9980497360229,3.08068752288818,20.1585998535156,13.3505620956421,-1.38998746871948,-2.51845002174377,2.65237498283386,-6.18997478485107,-25.3496379852295,-16.6435489654541,8.36082458496094,25.7783622741699,16.960075378418,-20.8733253479004,-24.7621002197266,-7.53857517242432,0.71321249008179,20.2973365783691,28.3878364562988,22.6679744720459,7.39750003814697,-14.2283620834351,-21.9876251220703,-13.8115997314453,-6.34562492370605,-0.31845000386238,18.144775390625,23.7461128234863,12.5215749740601,9.98951244354248,7.80848741531372,-3.26397490501404,-12.7308502197266,-15.0551500320435,-13.0733623504639,-16.9804248809814,17.669849395752,10.8888998031616,8.60653781890869,8.02023792266846,-4.78678750991821,-9.5378246307373,-12.4359121322632,-58.1370010375977,-14.3230504989624,-20.6500511169434,-2.23995018005371,11.0470504760742,2.9520001411438,2.56095004081726,-2.9610002040863,-69.9970550537109,-17.5150508880615,-15.8869504928589,-16.3080005645752,0.18105000257492,10.5750007629395,4.27395009994507,6.37395048141479,-6.51705026626587,-3.40605020523071,-6.16305017471313,1.76895010471344,-0.39300000667572,-0.96795004606247,-3.74100017547607,0.0,-4.40700006484985,4.39394998550415,3.23400020599365,-2.59605002403259,-1.05900001525879,-1.78695011138916,47.1679534912109,33.3840026855469,2.0310001373291,-23.4799518585205,-38.3170509338379,-33.7380027770996,-31.5169506072998,-29.9940013885498,78.8320541381836,14.7630004882813,19.6180515289307,0.46905001997948,-26.7439517974854,-49.6930541992188,-28.0159511566162,FAN
-0.0576125010848,-20.1686382293701,-23.9207382202148,-0.52387499809265,22.3874740600586,14.3691625595093,-3.81603741645813,-0.33109998703003,2.7172749042511,-11.7284746170044,-24.9350757598877,-7.68006229400635,17.487663269043,19.8034381866455,7.47683763504028,-22.035062789917,-21.8818874359131,-9.27066230773926,-1.56585001945496,17.2962627410889,29.5039253234863,16.5209007263184,-0.40424999594688,-18.1251125335693,-24.6908740997314,-12.8269624710083,-4.78197479248047,4.67073726654053,26.510274887085,26.47727394104,12.9412250518799,7.21764993667603,7.8911247253418,-1.0393625497818,-10.7611627578735,-11.021312713623,-11.1469879150391,-1.05806255340576,11.5341873168945,9.07788753509521,8.83574962615967,4.46049976348877,-9.78793716430664,-8.74610042572021,-11.8767004013062,-58.3339538574219,-13.7310009002686,-15.8550004959106,-5.52300024032593,8.93205070495605,10.9270505905151,-5.96205043792725,-48.9930038452148,-71.4580535888672,-10.6650009155273,-15.2179508209229,-9.58005046844482,8.78805065155029,13.3890008926392,6.9060001373291,1.50300002098084,-6.5310001373291,0.61395001411438,-3.38895010948181,-1.25295007228851,3.98595023155212,0.31695002317429,-11.3890504837036,7.62705039978027,-7.62600040435791,2.2260000705719,1.87905013561249,-1.28595006465912,-1.12800002098084,-1.45905005931854,30.8790016174316,17.8909511566162,2.91000008583069,-15.1429510116577,-28.4209518432617,-43.888053894043,-24.5100002288818,-8.19000053405762,73.6090545654297,24.9750003814697,9.81195068359375,-7.83300018310547,-19.699951171875,-29.6059513092041,-22.5379505157471,FAN
-11.7284746170044,-24.9350757598877,-7.68006229400635,17.487663269043,19.8034381866455,7.47683763504028,4.20378732681274,-1.76219999790192,-6.29804992675781,-19.0634117126465,-19.3810367584229,-3.79994988441467,13.8400621414185,22.2252254486084,7.96028757095337,-24.6908740997314,-12.8269624710083,-4.78197479248047,4.67073726654053,26.510274887085,26.47727394104,6.25281238555908,-3.36888742446899,-22.9663505554199,-23.3598747253418,-5.12696266174316,-1.35313749313354,2.57647490501404,20.7458629608154,23.4614868164063,9.07788753509521,8.83574962615967,4.46049976348877,-9.78793716430664,-8.74610042572021,-11.8767004013062,-15.956600189209,8.54590034484863,16.5999622344971,10.3100252151489,8.34886264801025,2.35922503471375,-7.74936246871948,-7.50186252593994,-10.8340377807617,-10.6650009155273,-15.2179508209229,-9.58005046844482,8.78805065155029,13.3890008926392,6.9060001373291,-8.74200057983398,-22.7770519256592,-48.6550521850586,-31.3900508880615,-13.0360507965088,-13.1920509338379,5.58105039596558,6.20895051956177,1.65405011177063,-7.62600040435791,2.2260000705719,1.87905013561249,-1.28595006465912,-1.12800002098084,-1.45905005931854,1.75905013084412,1.54095005989075,6.06105041503906,5.03805017471313,0.70305001735687,-1.28205001354218,4.76700019836426,3.98895025253296,3.10005021095276,24.9750003814697,9.81195068359375,-7.83300018310547,-19.699951171875,-29.6059513092041,-22.5379505157471,-6.71895027160645,7.97100019454956,47.1679534912109,21.8350505828857,20.4870014190674,-7.45005035400391,-29.8549518585205,-39.0229530334473,-32.7169532775879,FAN
-6.29804992675781,-19.0634117126465,-19.3810367584229,-3.79994988441467,13.8400621414185,22.2252254486084,7.96028757095337,-0.61710000038147,1.35354995727539,-3.87942504882813,-16.6133003234863,-15.3953247070313,16.176736831665,22.0879993438721,2.72552490234375,-22.9663505554199,-23.3598747253418,-5.12696266174316,-1.35313749313354,2.57647490501404,20.7458629608154,23.4614868164063,6.18461227416992,-8.12858772277832,-25.1776256561279,-18.9010257720947,-4.42956256866455,5.46727514266968,27.98606300354,20.5709629058838,16.5999622344971,10.3100252151489,8.34886264801025,2.35922503471375,-7.74936246871948,-7.50186252593994,-10.8340377807617,-12.7628870010376,7.84231233596802,10.4671878814697,4.57627487182617,6.61086225509644,-4.83559989929199,-10.0109624862671,-6.54307508468628,-48.6550521850586,-31.3900508880615,-13.0360507965088,-13.1920509338379,5.58105039596558,6.20895051956177,1.65405011177063,-18.0559501647949,-69.3150024414063,-51.2629508972168,-10.5340509414673,-9.11595058441162,34.582950592041,-1.77495002746582,-4.53404998779297,6.06105041503906,5.03805017471313,0.70305001735687,-1.28205001354218,4.76700019836426,3.98895025253296,3.10005021095276,4.7839503288269,-11.9869508743286,0.20505000650883,-0.32100000977516,0.7870500087738,1.31400001049042,0.68805003166199,-1.85205006599426,47.1679534912109,21.8350505828857,20.4870014190674,-7.45005035400391,-29.8549518585205,-39.0229530334473,-32.7169532775879,-15.0660009384155,48.411003112793,23.1570014953613,25.8379516601563,-6.21405029296875,-54.0880508422852,-24.8500518798828,-8.03894996643066,FAN
-6.64386224746704,-19.2049007415771,-15.5625247955322,-1.00058746337891,-21.6397495269775,-34.0712623596191,-10.0403871536255,-3.39418745040894,-2.93961238861084,-6.16165018081665,-23.0181865692139,-17.7948379516602,1.9432874917984,24.154899597168,18.4976005554199,-25.1548004150391,-25.6346740722656,-5.90603733062744,-2.02743744850159,-11.1398372650146,-8.6569995880127,3.24843740463257,-4.54465007781982,-15.940375328064,-24.0143756866455,-18.0410995483398,-7.88425016403198,0.48551249504089,14.2575120925903,25.2943630218506,8.01336288452148,9.67972469329834,8.61492538452148,-0.75253748893738,1.71407496929169,-5.60752487182617,-16.3263378143311,2.38906240463257,16.4488506317139,6.72677516937256,3.68761253356934,6.37890005111694,-1.06149995326996,-8.29963779449463,-7.59165000915527,-38.1870002746582,-10.3780508041382,-9.50895023345947,8.49600028991699,15.9810009002686,9.32205009460449,0.13500000536442,-30.5920505523682,-45.5350532531738,-46.0729522705078,-20.2980003356934,-34.2060012817383,-13.9350004196167,18.5170516967773,5.1889500617981,-1.44900012016296,4.14705038070679,-3.15000009536743,-9.23505020141602,-2.46495008468628,3.30405020713806,1.05494999885559,-0.84600001573563,-9.11805057525635,1.45305001735687,-4.94100046157837,1.40700006484985,-5.61705017089844,2.41800022125244,2.60895013809204,13.8859510421753,33.4230003356934,6.03105020523071,-18.7020015716553,-24.9019508361816,-14.9680509567261,-29.9250011444092,-19.0129508972168,37.6570510864258,19.3519515991211,36.4860000610352,4.11705017089844,-22.1310005187988,-46.7590522766113,-38.5159530639648,FAN
-6.16165018081665,-23.0181865692139,-17.7948379516602,1.9432874917984,24.154899597168,18.4976005554199,-1.87838745117188,-0.37317499518394,2.63188743591309,-11.4725875854492,-24.5778503417969,-8.75173759460449,21.1476383209229,14.5395250320435,-1.87618744373322,-24.0143756866455,-18.0410995483398,-7.88425016403198,0.48551249504089,14.2575120925903,25.2943630218506,17.302038192749,0.17723749577999,-17.7293872833252,-22.5966129302979,-12.7058248519897,-4.58026266098022,8.76053714752197,25.8472499847412,11.109037399292,6.72677516937256,3.68761253356934,6.37890005111694,-1.06149995326996,-8.29963779449463,-7.59165000915527,-11.0085248947144,-2.05012488365173,10.8972873687744,6.08808755874634,7.29684972763062,4.14755010604858,-8.89968776702881,-9.40059947967529,-12.2863121032715,-46.0729522705078,-20.2980003356934,-34.2060012817383,-13.9350004196167,18.5170516967773,5.1889500617981,-12.9930009841919,-55.7089538574219,-71.0490036010742,-15.6400508880615,-26.6329517364502,-17.6779499053955,11.907000541687,3.93795013427734,-16.7130012512207,1.45305001735687,-4.94100046157837,1.40700006484985,-5.61705017089844,2.41800022125244,2.60895013809204,-0.98505002260208,-12.8110504150391,5.62200021743774,-6.05505037307739,-0.52500003576279,-2.52195000648499,-0.26595002412796,0.58799999952316,-0.1219500079751,19.3519515991211,36.4860000610352,4.11705017089844,-22.1310005187988,-46.7590522766113,-38.5159530639648,-29.8069515228271,-8.68095016479492,64.6030502319336,37.276050567627,8.86605072021484,-15.6820507049561,-40.3860015869141,-34.2979507446289,-23.8489513397217,FAN
-1.31051254272461,-18.0760250091553,-23.5848255157471,-5.1148624420166,23.0399131774902,20.1238117218018,0.08415000140667,-0.98628747463226,-0.1395625025034,-18.8629379272461,-26.4657249450684,-3.20705008506775,23.0808868408203,16.7745876312256,-5.08378744125366,-20.6892127990723,-19.7202491760254,-7.77273750305176,-2.76484990119934,10.8779001235962,27.6049118041992,19.8180122375488,-1.42174994945526,-19.1937618255615,-26.0295753479004,-13.8760871887207,-2.31550002098084,14.8475246429443,27.432487487793,15.8214378356934,11.4706621170044,4.36713743209839,6.30437517166138,1.99608743190765,-6.83608722686768,-8.13972473144531,-7.39722490310669,0.28916248679161,6.0468373298645,2.13840007781982,3.01289987564087,0.55247497558594,-6.41671228408813,-6.4421501159668,-4.06738758087158,-62.8600540161133,-17.7019500732422,-17.613000869751,0.966000020504,16.3780498504639,12.7690505981445,-1.25805008411407,-37.10205078125,-77.9269561767578,-29.6580009460449,-26.8650016784668,-12.6010503768921,14.778000831604,3.09795022010803,-20.0160007476807,6.24300050735474,-3.63405013084412,0.51794999837875,0.34095001220703,-2.38800001144409,5.98605012893677,4.22399997711182,-10.9380006790161,6.66405010223389,-13.3380002975464,-6.30900049209595,-4.80000019073486,-0.57705003023148,5.01600027084351,1.45005011558533,41.3620529174805,30.3019523620605,4.68495035171509,-14.4859504699707,-25.2330017089844,-27.6019515991211,-25.0870513916016,-9.68400001525879,60.3810043334961,32.0719528198242,2.14800000190735,-20.9460010528564,-52.1290512084961,-43.1719512939453,-25.6690521240234,FAN
-21.6335620880127,-19.0756492614746,-3.58462500572205,20.560375213623,15.3569622039795,-3.28776240348816,0.50036251544952,-3.85302495956421,-10.6973628997803,-26.0205001831055,-22.5629253387451,-4.30814981460571,2.38768744468689,21.5549125671387,23.0089740753174,-20.5930995941162,-5.84649991989136,-2.88901257514954,8.78047466278076,23.7591743469238,13.461799621582,-1.50053751468658,-9.11899948120117,-21.0511131286621,-12.0785503387451,-1.85954999923706,-2.86536240577698,-1.46918749809265,6.67892503738403,26.0182991027832,6.04656267166138,7.77507495880127,2.40982508659363,-13.6306495666504,-25.5051498413086,-22.3335742950439,-8.38694953918457,21.2426490783691,19.589075088501,6.72375011444092,9.15034961700439,2.20825004577637,-2.33750009536743,-9.95348739624023,-15.5637626647949,-11.0730009078979,-8.39700031280518,-6.61800050735474,14.461950302124,5.91000032424927,-0.32895001769066,-11.6569509506226,-24.844051361084,-30.2710514068604,-30.4720516204834,-16.231050491333,-12.4020004272461,4.54905033111572,8.01000022888184,3.16695022583008,-0.71895003318787,0.11805000901222,-2.68695020675659,-8.86395072937012,-4.6230001449585,-3.65295028686523,5.79000043869019,7.20105028152466,-0.08400000631809,9.6670503616333,1.75695013999939,1.2679500579834,-0.72795003652573,6.02895021438599,7.25805044174194,17.8999500274658,10.3699502944946,-10.0129508972168,-37.5480003356934,-14.0910005569458,-13.818000793457,-1.62000012397766,8.08995056152344,32.6779518127441,24.1390514373779,25.7749519348145,4.27800035476685,-10.47705078125,-26.8039512634277,-10.8960008621216,FAN
-21.6898002624512,-17.8465366363525,-3.23496246337891,-0.64102500677109,5.94797515869141,9.53878784179688,2.71686244010925,-2.19188737869263,3.25600004196167,-1.37568747997284,-18.8366756439209,-15.0302619934082,-2.58995008468628,5.08117485046387,25.7215747833252,-17.317850112915,-7.84107494354248,-5.95746231079102,-6.82866239547729,-7.49209976196289,-26.3316631317139,-28.5210742950439,-11.1984128952026,-23.244649887085,-31.3713130950928,-19.6116256713867,-9.14292526245117,-2.67630004882813,3.68335008621216,16.9391746520996,5.52419996261597,7.86114978790283,2.0315625667572,-0.72613751888275,-3.44451236724854,2.33598756790161,5.42767477035522,4.92428731918335,19.1228122711182,13.991174697876,4.70071268081665,8.37979984283447,3.5100998878479,-2.73803758621216,-7.09733724594116,-6.6060004234314,-5.91405010223389,1.11495006084442,0.33900001645088,6.6109504699707,7.62195014953613,4.48395013809204,-20.2549514770508,-55.1359519958496,-35.4199523925781,-18.6600017547607,-17.170051574707,-18.1399517059326,-11.3359508514404,18.5820007324219,-4.63005018234253,-1.43505001068115,-0.16800001263618,3.74505019187927,1.81695008277893,5.13600015640259,9.58605003356934,-6.63705015182495,-11.0050506591797,-7.27605056762695,-0.30705001950264,-3.34095025062561,-1.30800008773804,2.14005017280579,3.08595013618469,21.7060508728027,15.2830505371094,5.28105020523071,-2.28405022621155,-4.52295017242432,-12.9490509033203,-12.0289506912231,-20.215051651001,38.0899505615234,22.6740016937256,23.0110511779785,17.1820507049561,4.78800010681152,-25.0150508880615,-41.5260009765625,FAN
-1.37568747997284,-18.8366756439209,-15.0302619934082,-2.58995008468628,5.08117485046387,25.7215747833252,18.641149520874,-0.04661250114441,2.44076251983643,-1.78351247310638,-23.9266490936279,-22.3049755096436,-0.81840002536774,23.0916118621826,22.7117004394531,-31.3713130950928,-19.6116256713867,-9.14292526245117,-2.67630004882813,3.68335008621216,16.9391746520996,26.2371997833252,14.4329624176025,-3.09416246414185,-22.055549621582,-22.5164489746094,-9.10511207580566,-1.95731246471405,12.3787126541138,27.7073497772217,13.991174697876,4.70071268081665,8.37979984283447,3.5100998878479,-2.73803758621216,-7.09733724594116,-11.7607870101929,-17.6349258422852,5.52571249008179,18.025562286377,7.92880010604858,6.79112482070923,-0.28737500309944,-8.68573760986328,-12.2769622802734,-35.4199523925781,-18.6600017547607,-17.170051574707,-18.1399517059326,-11.3359508514404,18.5820007324219,6.87495040893555,-17.8339500427246,-78.235954284668,-38.0550003051758,-18.9979515075684,-20.3749504089355,-7.30500030517578,12.703950881958,13.0390510559082,-7.27605056762695,-0.30705001950264,-3.34095025062561,-1.30800008773804,2.14005017280579,3.08595013618469,-0.98895007371902,-0.86700004339218,-2.03805017471313,-10.0620002746582,-2.32605004310608,-0.47895002365112,-0.01005000062287,3.1360502243042,-1.26195001602173,22.6740016937256,23.0110511779785,17.1820507049561,4.78800010681152,-25.0150508880615,-41.5260009765625,-33.6250534057617,-21.5130004882813,54.1420516967773,15.738000869751,23.1739501953125,3.62100028991699,-14.5420503616333,-40.2540016174316,-31.1200523376465,FAN
-1.78351247310638,-23.9266490936279,-22.3049755096436,-0.81840002536774,23.0916118621826,22.7117004394531,2.1544873714447,1.03276252746582,-1.12639999389648,-21.8774871826172,-26.1402626037598,-3.09471249580383,24.0142364501953,21.0863132476807,1.1813999414444,-22.055549621582,-22.5164489746094,-9.10511207580566,-1.95731246471405,12.3787126541138,27.7073497772217,19.0229873657227,-0.54752498865128,-19.0889873504639,-21.7696876525879,-8.21012496948242,-1.64339995384216,10.3417873382568,26.6579494476318,20.7010364532471,18.025562286377,7.92880010604858,6.79112482070923,-0.28737500309944,-8.68573760986328,-12.2769622802734,-18.6889991760254,1.74446249008179,20.2967872619629,8.94698715209961,5.67325019836426,0.12993749976158,-8.31641292572021,-9.8903751373291,-19.0104751586914,-38.0550003051758,-18.9979515075684,-20.3749504089355,-7.30500030517578,12.703950881958,13.0390510559082,-11.5780506134033,-61.3180541992188,-63.9229545593262,-30.7810516357422,-19.0579509735107,-4.00995016098022,13.0540504455566,10.828950881958,-3.09705018997192,-10.0620002746582,-2.32605004310608,-0.47895002365112,-0.01005000062287,3.1360502243042,-1.26195001602173,-1.3819500207901,-0.33105000853539,-1.15005004405975,1.12695002555847,-4.87200021743774,-0.28800001740456,3.9340500831604,1.84800004959106,-1.399050116539,15.738000869751,23.1739501953125,3.62100028991699,-14.5420503616333,-40.2540016174316,-31.1200523376465,-24.5119514465332,-4.7790002822876,38.5410003662109,23.8639507293701,2.22000002861023,-12.5419502258301,-31.6369514465332,-32.2620010375977,-26.6749515533447,FAN
-1.12639999389648,-21.8774871826172,-26.1402626037598,-3.09471249580383,24.0142364501953,21.0863132476807,1.1813999414444,1.32192504405975,2.65650010108948,-17.5620498657227,-26.262638092041,-4.34197521209717,11.7246246337891,19.5366878509521,4.96430015563965,-19.0889873504639,-21.7696876525879,-8.21012496948242,-1.64339995384216,10.3417873382568,26.6579494476318,20.7010364532471,0.49101248383522,-15.7112998962402,-27.2655620574951,-18.7164993286133,-5.36401224136353,8.07592487335205,25.2742881774902,25.0164756774902,20.2967872619629,8.94698715209961,5.67325019836426,0.12993749976158,-8.31641292572021,-9.8903751373291,-19.0104751586914,-2.43512487411499,19.2779121398926,9.44253730773926,5.01476240158081,1.29139995574951,-5.57782506942749,-5.01173734664917,-10.6177501678467,-63.9229545593262,-30.7810516357422,-19.0579509735107,-4.00995016098022,13.0540504455566,10.828950881958,-3.09705018997192,-44.7970504760742,-74.5020065307617,-29.5549507141113,-22.7239513397217,-17.6490001678467,-4.22294998168945,17.4420013427734,10.1650505065918,-1.15005004405975,1.12695002555847,-4.87200021743774,-0.28800001740456,3.9340500831604,1.84800004959106,-1.399050116539,-12.8419504165649,-7.29495048522949,-11.9110507965088,-9.48705005645752,-5.44200038909912,1.13205003738403,1.09995007514954,-3.57795023918152,38.5410003662109,23.8639507293701,2.22000002861023,-12.5419502258301,-31.6369514465332,-32.2620010375977,-26.6749515533447,-21.8890514373779,73.2490539550781,25.8690013885498,14.0160007476807,-6.20205020904541,-28.6069507598877,-43.8210029602051,-33.3019523620605,FAN
-24.1909255981445,-21.085075378418,-0.50875002145767,19.0581874847412,22.991512298584,2.07377505302429,-0.08579999953508,1.21948754787445,-1.15458750724792,-22.6445999145508,-25.2848739624023,-1.7268625497818,20.6076755523682,20.7685489654541,0.15193749964237,-24.3876876831055,-8.71420001983643,-1.17301249504089,9.54277515411377,22.4116744995117,24.7905616760254,12.3022623062134,-4.83711242675781,-22.9928874969482,-22.1703624725342,-9.30366230010986,-2.27920007705688,9.44102478027344,25.5349864959717,23.7393741607666,5.30364990234375,5.12874984741211,-0.37028750777245,-6.78754997253418,-5.14717483520508,-11.1670627593994,-21.6243495941162,10.2746877670288,20.7429752349854,4.69892501831055,5.19873762130737,-0.09184999763966,-8.92141246795654,-8.87026214599609,-10.851637840271,-19.4140510559082,-18.8400001525879,-10.7320508956909,-1.72200012207031,13.3939504623413,11.9929504394531,-15.7240505218506,-78.235954284668,-65.6980514526367,-21.5839519500732,-13.3210506439209,-6.00000047683716,-1.4760000705719,16.0600509643555,9.75795078277588,-5.45895004272461,-3.62205028533936,-2.52495002746582,0.13800001144409,6.06795024871826,2.81505012512207,-2.62995004653931,-4.48605012893677,-1.50000011920929,-4.2180004119873,-3.54000020027161,-2.78595018386841,-1.68195009231567,0.51794999837875,-4.1100001335144,11.2399501800537,8.44500064849854,-5.3779501914978,-13.0330505371094,-36.612003326416,-28.5930004119873,-25.8340511322021,-1.66605007648468,53.802001953125,10.9860000610352,4.15799999237061,-3.682950258255,-9.04305076599121,-51.2280006408691,-22.7779502868652,FAN
-1.15458750724792,-22.6445999145508,-25.2848739624023,-1.7268625497818,20.6076755523682,20.7685489654541,0.15193749964237,-0.72558748722076,1.48651254177094,-8.21837520599365,-25.3350620269775,-16.4799251556396,1.23915004730225,20.8628749847412,12.9570369720459,-22.9928874969482,-22.1703624725342,-9.30366230010986,-2.27920007705688,9.44102478027344,25.5349864959717,23.7393741607666,6.90084981918335,-7.4524998664856,-24.326774597168,-21.5329132080078,-7.43696260452271,0.26413750648499,13.5316495895386,23.4337120056152,20.7429752349854,4.69892501831055,5.19873762130737,-0.09184999763966,-8.92141246795654,-8.87026214599609,-10.851637840271,-11.0759000778198,11.5384502410889,15.4435873031616,7.31101226806641,5.16546249389648,-1.75944995880127,-9.80017471313477,-9.68976211547852,-65.6980514526367,-21.5839519500732,-13.3210506439209,-6.00000047683716,-1.4760000705719,16.0600509643555,9.75795078277588,-27.2050514221191,-75.4530029296875,-45.1489524841309,-20.9929504394531,-18.0349502563477,-4.52205038070679,-1.93095004558563,9.22395038604736,-1.50000011920929,-4.2180004119873,-3.54000020027161,-2.78595018386841,-1.68195009231567,0.51794999837875,-4.1100001335144,-4.45500040054321,-9.1399507522583,0.65505003929138,-7.30995035171509,-3.58095026016235,-4.9699501991272,-2.43105006217957,9.35805034637451,53.802001953125,10.9860000610352,4.15799999237061,-3.682950258255,-9.04305076599121,-51.2280006408691,-22.7779502868652,-24.7630519866943,55.8690032958984,28.9750518798828,13.8070507049561,-1.82400012016296,-3.4980001449585,-17.2189502716064,-51.8610038757324,FAN
-8.21837520599365,-25.3350620269775,-16.4799251556396,1.23915004730225,20.8628749847412,12.9570369720459,-9.71602535247803,-3.46348738670349,4.53763771057129,6.35249996185303,-20.6504383087158,-23.9938869476318,-1.79533743858337,-1.36276245117188,-4.61642503738403,-24.326774597168,-21.5329132080078,-7.43696260452271,0.26413750648499,13.5316495895386,23.4337120056152,17.4655246734619,4.61023759841919,-6.83608722686768,-20.837574005127,-24.1047115325928,-14.639762878418,-5.03717517852783,-3.7725875377655,-1.55512499809265,15.4435873031616,7.31101226806641,5.16546249389648,-1.75944995880127,-9.80017471313477,-9.68976211547852,-22.2849006652832,-23.6460132598877,19.3186130523682,22.3910503387451,5.27752494812012,6.64743757247925,0.80781251192093,-0.21779999136925,0.73466247320175,-45.1489524841309,-20.9929504394531,-18.0349502563477,-4.52205038070679,-1.93095004558563,9.22395038604736,3.3400502204895,-25.4929504394531,-78.2100067138672,-43.4389533996582,-9.40095043182373,-4.94400024414063,-0.36000001430511,1.13895010948181,1.05000007152557,0.65505003929138,-7.30995035171509,-3.58095026016235,-4.9699501991272,-2.43105006217957,9.35805034637451,2.63100004196167,-6.41700029373169,-24.6349506378174,-5.18505001068115,-6.36405038833618,-4.51695013046265,-1.1910001039505,1.24395000934601,1.15995001792908,28.9750518798828,13.8070507049561,-1.82400012016296,-3.4980001449585,-17.2189502716064,-51.8610038757324,-32.3389511108398,-25.5850505828857,30.3330020904541,31.5640506744385,15.8910007476807,2.79495024681091,-0.26505002379417,1.2190500497818,3.307950258255,FAN
-0.68502497673035,0.17572499811649,-0.01044999994338,-0.64143747091293,-1.31340003013611,4.27116250991821,6.46057510375977,2.15737509727478,4.82652521133423,5.39068746566772,12.3138122558594,19.4287490844727,2.21581244468689,-21.8985252380371,-17.4887619018555,-1.23103749752045,-3.25297498703003,-2.68276238441467,-0.34430000185966,4.61477518081665,27.5347881317139,26.8430252075195,4.0185751914978,15.2470998764038,29.4079494476318,18.3574867248535,5.55087518692017,0.60183751583099,-20.6698246002197,-26.7705631256104,-0.22976249456406,-0.3632749915123,-1.11938750743866,-1.39425003528595,-0.44990000128746,6.01232481002808,3.2522873878479,-2.6863374710083,16.1453876495361,13.0354127883911,-1.1032999753952,4.79352474212646,0.41552498936653,-2.55378746986389,-12.3197250366211,0.01800000108778,4.70700025558472,0.3199500143528,-3.23100018501282,-10.5960006713867,-3.64095020294189,-18.7459506988525,17.635950088501,58.0159530639648,36.7740020751953,13.6930503845215,8.57295036315918,-0.59700000286102,-16.488000869751,-9.37695026397705,2.94705009460449,1.12200009822845,-0.28005000948906,-2.34300017356873,7.69605016708374,-5.51595020294189,-3.13095021247864,-4.43295001983643,-3.74595022201538,1.12395000457764,-0.78600001335144,0.13995000720024,0.43005001544952,-3.68100023269653,-1.51605010032654,14.6890506744385,19.7419509887695,8.31795024871826,-0.61395001411438,-10.5630006790161,-21.5329513549805,-17.0200500488281,-11.5570507049561,12.2430009841919,28.2370510101318,13.9630508422852,-5.9170503616333,-20.4259510040283,-21.0319519042969,-13.2430505752563,FAN
5.39068746566772,12.3138122558594,19.4287490844727,2.21581244468689,-21.8985252380371,-17.4887619018555,-5.22651243209839,-2.52972507476807,-4.39216232299805,13.7857503890991,20.6452121734619,0.85786247253418,-20.4102249145508,-20.9011001586914,-10.9389495849609,29.4079494476318,18.3574867248535,5.55087518692017,0.60183751583099,-20.6698246002197,-26.7705631256104,-10.9782752990723,0.47231251001358,22.1529006958008,18.2408866882324,9.38561248779297,2.58279991149902,-21.5835132598877,-35.4410362243652,-31.6474132537842,13.0354127883911,-1.1032999753952,4.79352474212646,0.41552498936653,-2.55378746986389,-12.3197250366211,-22.1615619659424,-7.40464973449707,18.1779117584229,3.23537492752075,6.38329982757568,0.92276251316071,-0.67842501401901,-16.5552749633789,-17.117374420166,36.7740020751953,13.6930503845215,8.57295036315918,-0.59700000286102,-16.488000869751,-9.37695026397705,-8.6220006942749,53.6209526062012,50.2840538024902,13.9780502319336,8.64705085754395,-7.26195049285889,-13.5949506759644,-16.7580013275146,-19.8930015563965,1.12395000457764,-0.78600001335144,0.13995000720024,0.43005001544952,-3.68100023269653,-1.51605010032654,-1.43505001068115,4.13295030593872,19.3170013427734,1.37805008888245,-2.04105019569397,-1.6189501285553,-5.20695018768311,-6.4549503326416,-6.19905042648315,28.2370510101318,13.9630508422852,-5.9170503616333,-20.4259510040283,-21.0319519042969,-13.2430505752563,-19.863000869751,7.22595024108887,23.215051651001,11.1420001983643,-1.24395000934601,-15.4590005874634,-11.4499502182007,-12.5010004043579,-13.6720504760742,FAN
2.30023741722107,8.3924503326416,16.8610744476318,-7.00837516784668,-16.2149620056152,-7.71856260299683,-6.51818752288818,-1.44471251964569,-8.29688739776611,-3.39459991455078,16.0008754730225,11.7891120910645,-9.14883708953857,-18.5139617919922,-13.5872001647949,30.7696132659912,24.0673122406006,7.01511240005493,-4.02930021286011,-26.9717254638672,-25.1418743133545,-5.23435020446777,3.50460004806519,17.3439750671387,21.9201126098633,14.0030002593994,7.56057500839233,-1.64999997615814,-29.3754997253418,-28.5859756469727,5.54193735122681,-2.19092488288879,2.2566499710083,0.6931374669075,-1.5743750333786,-14.7192373275757,-16.4955997467041,3.20814990997314,19.9181118011475,14.7767124176025,5.81611251831055,6.72388744354248,-1.4719375371933,-9.30448722839355,-13.7913875579834,37.6000518798828,13.8229503631592,2.83905005455017,-11.8530006408691,-7.99500036239624,-3.91605019569397,-2.71605014801025,38.8050003051758,54.6030044555664,20.5410003662109,10.2900009155273,-3.89205026626587,-8.87205028533936,-9.52305030822754,-12.2269506454468,10.2109508514404,0.34800001978874,-3.72000026702881,-4.23195028305054,0.72405004501343,-0.55605000257492,-1.72200012207031,8.63505077362061,12.8790006637573,1.06200003623962,-0.85095006227493,-0.74805003404617,0.20700001716614,-2.42895007133484,-2.65605020523071,26.7960014343262,5.69505023956299,-14.5129508972168,-23.0700016021729,-19.9999504089355,-17.8300514221191,-21.0630016326904,-2.16900014877319,29.0089511871338,22.6090507507324,3.39405012130737,-7.02405023574829,-13.2430505752563,-12.0049505233765,-16.006950378418,FAN
-3.39459991455078,16.0008754730225,11.7891120910645,-9.14883708953857,-18.5139617919922,-13.5872001647949,-6.55696249008179,-0.44990000128746,-5.11953735351563,-0.16376249492168,17.1692123413086,13.0558996200562,2.5306875705719,5.15872478485107,6.59573745727539,21.9201126098633,14.0030002593994,7.56057500839233,-1.64999997615814,-29.3754997253418,-28.5859756469727,-3.82690000534058,4.03658771514893,21.4883632659912,25.4091739654541,13.2818126678467,7.728600025177,8.66923713684082,28.6808490753174,30.328649520874,14.7767124176025,5.81611251831055,6.72388744354248,-1.4719375371933,-9.30448722839355,-13.7913875579834,-10.5809001922607,0.31432500481606,18.5675868988037,16.3451747894287,4.72119998931885,5.68796253204346,2.06098747253418,-0.41401249170303,-1.67846250534058,20.5410003662109,10.2900009155273,-3.89205026626587,-8.87205028533936,-9.52305030822754,-12.2269506454468,-7.10595035552979,40.7550010681152,59.2900543212891,15.7480506896973,4.65000009536743,-0.98205006122589,-5.66205024719238,-11.1709508895874,-9.64005088806152,1.06200003623962,-0.85095006227493,-0.74805003404617,0.20700001716614,-2.42895007133484,-2.65605020523071,-1.91100013256073,11.5360507965088,9.77505016326904,3.1360502243042,0.83895003795624,-0.08595000207424,0.47505003213882,0.56595003604889,-4.20405006408691,22.6090507507324,3.39405012130737,-7.02405023574829,-13.2430505752563,-12.0049505233765,-16.006950378418,-18.8740501403809,9.56595039367676,17.4810009002686,17.3350505828857,7.37205028533936,2.38095021247864,-1.90995013713837,-15.3319511413574,-11.8210506439209,FAN
-0.16376249492168,17.1692123413086,13.0558996200562,2.5306875705719,5.15872478485107,6.59573745727539,1.07758748531342,0.01649999991059,2.32333755493164,10.5522994995117,17.3579998016357,8.54356288909912,-13.3376379013062,-17.4630508422852,-7.13611268997192,25.4091739654541,13.2818126678467,7.728600025177,8.66923713684082,28.6808490753174,30.328649520874,8.88071250915527,3.75856256484985,24.0572757720947,28.5441741943359,9.00143718719482,2.85092496871948,-5.77541255950928,-27.1321868896484,-24.7945499420166,16.3451747894287,4.72119998931885,5.68796253204346,2.06098747253418,-0.41401249170303,-1.67846250534058,-4.13187503814697,-1.39425003528595,17.8190364837646,16.6304874420166,4.82130002975464,4.29659986495972,-3.63357496261597,-7.79844999313354,-14.8018751144409,15.7480506896973,4.65000009536743,-0.98205006122589,-5.66205024719238,-11.1709508895874,-9.64005088806152,-7.588050365448,22.2000007629395,64.2760543823242,22.2940502166748,9.73905086517334,1.93605005741119,-7.53300046920776,-10.150050163269,-9.59505081176758,3.1360502243042,0.83895003795624,-0.08595000207424,0.47505003213882,0.56595003604889,-4.20405006408691,-1.54500007629395,4.93005037307739,6.09195041656494,1.44105005264282,-1.42500007152557,-1.04895007610321,-0.77100002765656,-3.07305026054382,-1.5859500169754,17.3350505828857,7.37205028533936,2.38095021247864,-1.90995013713837,-15.3319511413574,-11.8210506439209,-11.8999509811401,0.4240500330925,41.6779518127441,21.5959510803223,3.64800024032593,-9.45900058746338,-17.9950504302979,-20.2080001831055,-19.9849510192871,FAN
-3.32681250572205,8.25151252746582,16.3360996246338,1.51703751087189,-16.1594123840332,-14.6051120758057,-4.89692497253418,-2.26627492904663,-4.9246997833252,-0.6348375082016,14.3807125091553,11.216287612915,-6.80542516708374,-12.4766120910645,-8.00854969024658,25.4003753662109,19.5145492553711,7.58051252365112,2.23066258430481,-19.6046123504639,-30.7537994384766,-13.7267627716064,-1.05228745937347,19.1780872344971,27.1316375732422,14.214750289917,7.31059980392456,-2.74326252937317,-29.6444492340088,-30.0792255401611,19.1922492980957,6.47679996490479,5.33169984817505,1.15637505054474,-0.2245374917984,-12.1086626052856,-18.604850769043,-4.79173755645752,15.5600500106812,14.5541000366211,2.58156251907349,3.91778755187988,-2.8495500087738,-6.29928731918335,-13.1621875762939,36.5869522094727,16.8090000152588,6.71400022506714,-3.91605019569397,-13.1370010375977,-14.5810508728027,-11.5080003738403,52.9980010986328,56.1139526367188,20.3730010986328,10.7980508804321,-0.65205001831055,-6.05505037307739,-14.22705078125,-18.3970508575439,5.62500047683716,1.75395011901855,-1.14495003223419,-1.07295000553131,-2.98395013809204,-4.12200021743774,-1.98600006103516,6.19500017166138,11.5039501190186,5.30100011825562,0.94500005245209,-0.1540500074625,-0.97305005788803,-4.33800029754639,-3.10695004463196,26.392951965332,13.3020009994507,-2.66895008087158,-16.4700012207031,-19.159049987793,-21.9880504608154,-18.8310012817383,-1.3090500831604,17.5320014953613,19.9069499969482,5.43900012969971,-6.70995044708252,-15.4420509338379,-13.7490005493164,-17.9089508056641,FAN
-0.6348375082016,14.3807125091553,11.216287612915,-6.80542516708374,-12.4766120910645,-8.00854969024658,-6.17608737945557,-1.03633749485016,-2.3871374130249,3.48919987678528,16.9607620239258,10.574987411499,-13.6104373931885,-22.1275997161865,-11.9655246734619,27.1316375732422,14.214750289917,7.31059980392456,-2.74326252937317,-29.6444492340088,-30.0792255401611,-7.85606241226196,2.37503743171692,23.9512615203857,26.7440242767334,10.6822376251221,5.13961267471313,-5.38065004348755,-30.7672748565674,-26.2339000701904,14.5541000366211,2.58156251907349,3.91778755187988,-2.8495500087738,-6.29928731918335,-13.1621875762939,-13.8690748214722,-0.17943750321865,18.3598251342773,15.4211750030518,3.15122509002686,3.74646258354187,-1.50108754634857,-9.42356204986572,-13.6668128967285,20.3730010986328,10.7980508804321,-0.65205001831055,-6.05505037307739,-14.22705078125,-18.3970508575439,-8.94105052947998,57.2059516906738,52.7680511474609,25.1629505157471,7.60005044937134,-3.94695019721985,-12.748950958252,-23.5150508880615,-9.97800064086914,5.30100011825562,0.94500005245209,-0.1540500074625,-0.97305005788803,-4.33800029754639,-3.10695004463196,-2.13900017738342,4.22399997711182,7.93800020217896,0.76305001974106,-1.15005004405975,-0.02400000020862,-3.04005002975464,-6.61995029449463,-4.15799999237061,19.9069499969482,5.43900012969971,-6.70995044708252,-15.4420509338379,-13.7490005493164,-17.9089508056641,-21.0679512023926,-0.79200005531311,32.3569526672363,17.556001663208,2.15805006027222,-8.70195007324219,-16.678050994873,-22.0999507904053,-18.5269508361816,FAN
-2.3871374130249,3.48919987678528,16.9607620239258,10.574987411499,-13.6104373931885,-22.1275997161865,-11.9655246734619,-3.65337491035461,1.96130001544952,5.25098752975464,13.8318128585815,12.5712127685547,-5.26047515869141,-12.4983377456665,-6.79236268997192,23.9512615203857,26.7440242767334,10.6822376251221,5.13961267471313,-5.38065004348755,-30.7672748565674,-26.2339000701904,-0.96731251478195,20.2472877502441,31.4776000976563,17.3731250762939,6.49550008773804,-2.54663753509521,-28.7926368713379,-29.5477867126465,18.3598251342773,15.4211750030518,3.15122509002686,3.74646258354187,-1.50108754634857,-9.42356204986572,-13.6668128967285,-5.63392496109009,15.011287689209,10.8481998443604,-0.82499998807907,2.95487499237061,-2.64123749732971,-5.24067497253418,-13.2218627929688,52.7680511474609,25.1629505157471,7.60005044937134,-3.94695019721985,-12.748950958252,-23.5150508880615,-9.97800064086914,25.1340007781982,61.0720520019531,31.723051071167,10.6900501251221,1.65105009078979,-5.51895046234131,-14.9119510650635,-11.9610004425049,7.93800020217896,0.76305001974106,-1.15005004405975,-0.02400000020862,-3.04005002975464,-6.61995029449463,-4.15799999237061,-2.50800013542175,18.7519512176514,8.29500007629395,2.74095010757446,-0.24705001711845,-0.09795000404119,-3.90405011177063,-4.3759503364563,32.3569526672363,17.556001663208,2.15805006027222,-8.70195007324219,-16.678050994873,-22.0999507904053,-18.5269508361816,-5.79300022125244,25.6870517730713,20.6980514526367,5.5489501953125,-3.65100026130676,-15.3799505233765,-18.586950302124,-21.0780010223389,FAN
5.25098752975464,13.8318128585815,12.5712127685547,-5.26047515869141,-12.4983377456665,-6.79236268997192,-4.57324981689453,-2.30683755874634,-4.26800012588501,0.78429996967316,16.8403129577637,14.2466497421265,-3.32213759422302,-19.6277122497559,-18.6422500610352,31.4776000976563,17.3731250762939,6.49550008773804,-2.54663753509521,-28.7926368713379,-29.5477867126465,-6.4924750328064,0.74813747406006,18.8381881713867,26.0924129486084,12.741436958313,6.02194976806641,1.48362493515015,-24.4362239837646,-28.8442001342773,10.8481998443604,-0.82499998807907,2.95487499237061,-2.64123749732971,-5.24067497253418,-13.2218627929688,-14.9897003173828,-3.05263757705688,18.8821868896484,18.1176872253418,4.58397483825684,6.19176244735718,-1.47303748130798,-5.44761228561401,-13.6226749420166,31.723051071167,10.6900501251221,1.65105009078979,-5.51895046234131,-14.9119510650635,-11.9610004425049,-10.5790500640869,44.332950592041,55.6060523986816,24.3390007019043,7.41405057907104,-0.78795003890991,-1.54500007629395,-16.2390003204346,-15.3499507904053,8.29500007629395,2.74095010757446,-0.24705001711845,-0.09795000404119,-3.90405011177063,-4.3759503364563,0.60195004940033,5.08095026016235,1.97205007076263,0.81495004892349,-1.72200012207031,0.08505000174046,-1.08000004291534,-0.91800004243851,-1.06095004081726,20.6980514526367,5.5489501953125,-3.65100026130676,-15.3799505233765,-18.586950302124,-21.0780010223389,-23.2909507751465,-2.09205007553101,24.5800514221191,26.0320510864258,5.47005033493042,-4.0420503616333,-12.6589508056641,-23.7930011749268,-21.2380504608154,FAN
2.11131238937378,9.30490016937256,16.8403129577637,4.04607486724854,-16.7304496765137,-15.2838125228882,-4.11180019378662,-2.81765007972717,-2.8032124042511,3.40779995918274,16.1559753417969,11.4982995986938,-8.67514991760254,-16.9923877716064,-8.69412517547607,26.4511489868164,24.1267127990723,6.44077491760254,1.65687501430511,-17.7065620422363,-30.1870250701904,-14.3826370239258,-0.33618751168251,20.6230754852295,27.1856746673584,11.0556879043579,4.93006229400635,-2.51460003852844,-24.8489990234375,-25.5989246368408,13.7669124603271,6.62282514572144,4.02352476119995,1.04623746871948,-0.43724998831749,-9.61963748931885,-16.461088180542,-5.56654977798462,14.6924247741699,13.7297878265381,3.07683753967285,4.18453741073608,-2.64660000801086,-4.67348766326904,-12.7971248626709,47.3310012817383,20.3509502410889,7.67205047607422,-1.78200006484985,-16.734001159668,-13.113000869751,-6.02100038528442,46.2370529174805,52.6560020446777,24.1159515380859,12.3619508743286,2.44395017623901,-3.27900004386902,-15.328950881958,-12.6840009689331,6.73395013809204,2.21399998664856,-0.42705002427101,-0.9250500202179,-3.27900004386902,-1.45605003833771,0.0709500014782,-2.40705013275146,10.5730504989624,1.09305000305176,-0.53205001354218,-0.71205002069473,0.06105000153184,-3.19800019264221,-1.29105007648468,27.0469512939453,15.631950378418,-2.14695000648499,-17.6329517364502,-23.2980003356934,-25.8580513000488,-20.3880004882813,2.75895023345947,17.5480499267578,24.0580520629883,7.00305032730103,-7.23195028305054,-22.3800010681152,-25.3410015106201,-30.0900020599365,FAN
-2.8032124042511,3.40779995918274,16.1559753417969,11.4982995986938,-8.67514991760254,-16.9923877716064,-8.69412517547607,-3.81136250495911,-0.89869999885559,-3.12482500076294,5.21042490005493,16.6314506530762,7.40918731689453,-15.6158752441406,-15.1698246002197,20.6230754852295,27.1856746673584,11.0556879043579,4.93006229400635,-2.51460003852844,-24.8489990234375,-25.5989246368408,-6.15023756027222,6.73956251144409,22.3933868408203,20.1730365753174,8.85568714141846,5.05766248703003,-13.4638624191284,-31.5365867614746,14.6924247741699,13.7297878265381,3.07683753967285,4.18453741073608,-2.64660000801086,-4.67348766326904,-12.7971248626709,-15.1966371536255,6.07983732223511,15.0371370315552,5.80016231536865,2.91059994697571,1.8240749835968,-2.49177503585815,-10.0442371368408,52.6560020446777,24.1159515380859,12.3619508743286,2.44395017623901,-3.27900004386902,-15.328950881958,-12.6840009689331,7.03800010681152,78.7180557250977,34.9540519714355,13.417950630188,10.1509504318237,-1.34205007553101,-11.8009510040283,-15.4200010299683,10.5730504989624,1.09305000305176,-0.53205001354218,-0.71205002069473,0.06105000153184,-3.19800019264221,-1.29105007648468,-0.07005000114441,-0.16800001263618,7.7590503692627,1.96995007991791,-0.20895001292229,-0.70395004749298,-2.01405000686646,-2.42204999923706,17.5480499267578,24.0580520629883,7.00305032730103,-7.23195028305054,-22.3800010681152,-25.3410015106201,-30.0900020599365,-21.1950016021729,23.7990016937256,17.9170513153076,17.1199512481689,1.05599999427795,-13.9309511184692,-19.348051071167,-21.1110000610352,FAN
-3.12482500076294,5.21042490005493,16.6314506530762,7.40918731689453,-15.6158752441406,-15.1698246002197,-3.53402495384216,-4.24902486801147,-4.42763757705688,-1.03317499160767,13.2075624465942,13.7625122070313,6.03583765029907,8.62565040588379,19.8606376647949,22.3933868408203,20.1730365753174,8.85568714141846,5.05766248703003,-13.4638624191284,-31.5365867614746,-19.4508876800537,-2.79647493362427,17.6701240539551,25.9894256591797,14.1510877609253,9.29073715209961,8.76081275939941,13.7318496704102,8.25838756561279,15.0371370315552,5.80016231536865,2.91059994697571,1.8240749835968,-2.49177503585815,-10.0442371368408,-15.3976621627808,-7.95767498016357,13.5676746368408,13.8033494949341,1.12901246547699,1.67571246623993,-0.5293750166893,-1.3886125087738,-14.328462600708,34.9540519714355,13.417950630188,10.1509504318237,-1.34205007553101,-11.8009510040283,-15.4200010299683,-13.4890508651733,33.5029525756836,68.6370010375977,12.1819505691528,5.20995044708252,-0.34305000305176,-1.87800014019012,-6.29505014419556,-16.8010501861572,7.7590503692627,1.96995007991791,-0.20895001292229,-0.70395004749298,-2.01405000686646,-2.42204999923706,0.57105004787445,-3.40095019340515,18.502950668335,7.56495046615601,5.50695037841797,-0.23505000770092,0.43500003218651,-2.3929500579834,-0.10305000841618,17.9170513153076,17.1199512481689,1.05599999427795,-13.9309511184692,-19.348051071167,-21.1110000610352,-22.3060512542725,-1.07205009460449,12.211950302124,17.4120006561279,8.05005073547363,0.69195002317429,-4.18800020217896,-9.49005031585693,-27.0240020751953,FAN
-1.03317499160767,13.2075624465942,13.7625122070313,6.03583765029907,8.62565040588379,19.8606376647949,8.50231266021729,-2.84116244316101,-2.37902498245239,2.19752502441406,16.2052001953125,14.4277372360229,-0.00439999997616,-15.4878625869751,-14.0112495422363,25.9894256591797,14.1510877609253,9.29073715209961,8.76081275939941,13.7318496704102,8.25838756561279,-1.04211246967316,1.9375125169754,17.9979248046875,24.2453746795654,13.1001749038696,7.43531227111816,3.05964994430542,-26.3355121612549,-33.0264015197754,13.8033494949341,1.12901246547699,1.67571246623993,-0.5293750166893,-1.3886125087738,-14.328462600708,-16.3802375793457,-1.04403746128082,16.4135131835938,14.4546871185303,1.7994624376297,2.86481237411499,-2.04517507553101,-6.9235372543335,-15.6887502670288,12.1819505691528,5.20995044708252,-0.34305000305176,-1.87800014019012,-6.29505014419556,-16.8010501861572,-14.9670009613037,50.8830032348633,63.9550514221191,12.5269508361816,9.03000068664551,4.69800043106079,-3.5310001373291,-15.7500009536743,-17.8579502105713,7.56495046615601,5.50695037841797,-0.23505000770092,0.43500003218651,-2.3929500579834,-0.10305000841618,1.3330500125885,-2.35905003547668,9.25095081329346,3.22500014305115,1.5529500246048,0.19005000591278,-1.15005004405975,-3.56595015525818,-1.44405007362366,17.4120006561279,8.05005073547363,0.69195002317429,-4.18800020217896,-9.49005031585693,-27.0240020751953,-28.5040512084961,-6.26895046234131,17.0380516052246,22.6500015258789,8.61495018005371,-1.78305006027222,-13.7509508132935,-17.9190006256104,-29.4550514221191,FAN
-2.63821244239807,6.94031238555908,18.0966491699219,6.6719126701355,-13.5942125320435,-9.66102504730225,1.47730004787445,-3.31347489356995,-4.58081245422363,0.97638750076294,15.0572128295898,14.0621252059937,3.37273740768433,-3.24293756484985,-8.15031242370605,22.7763252258301,22.4856491088867,11.1716003417969,7.01827478408813,-9.82643699645996,-31.8227252960205,-20.0000629425049,-0.82279998064041,15.7650623321533,24.7860240936279,12.2952499389648,4.70731258392334,5.28824996948242,11.1879625320435,7.43930006027222,13.2426252365112,4.17449998855591,2.29075002670288,1.10756254196167,-6.19630002975464,-10.6485500335693,-11.7800378799438,-7.67896223068237,14.4061498641968,16.0347003936768,5.86547517776489,7.15316247940063,1.17425000667572,2.01492500305176,-0.78003752231598,34.1490020751953,11.9569501876831,4.91100025177002,-0.19395001232624,-6.03105020523071,-12.562050819397,-4.99395036697388,23.6950511932373,66.0169525146484,17.1570014953613,5.80395030975342,0.61905002593994,-6.97500038146973,1.08405005931854,-14.3590507507324,8.76705074310303,5.22495031356812,1.5940500497818,-0.37095001339912,-0.34500002861023,-2.19195008277893,3.66795015335083,-0.10995000600815,-9.50400066375732,-0.21300001442432,-1.12395000457764,-0.33105000853539,-0.12000000476837,-3.17805004119873,-3.54705023765564,15.9319505691528,17.4739513397217,1.03005003929138,-7.3560004234314,-15.8010005950928,-25.3860015869141,-27.0910511016846,2.52000021934509,33.8749504089355,24.2539520263672,9.68295001983643,-1.58700013160706,-8.07000064849854,-9.47399997711182,-21.6640510559082,FAN
0.97638750076294,15.0572128295898,14.0621252059937,3.37273740768433,-3.24293756484985,-8.15031242370605,-6.49838733673096,-0.81166249513626,0.08758749812841,4.54657506942749,16.425199508667,14.2411499023438,2.93782496452332,-1.93861246109009,-0.3827999830246,24.7860240936279,12.2952499389648,4.70731258392334,5.28824996948242,11.1879625320435,7.43930006027222,-0.74442499876022,2.23217487335205,20.1759243011475,28.7432746887207,14.8604497909546,7.34579992294312,9.49478721618652,16.2801380157471,21.5840625762939,16.0347003936768,5.86547517776489,7.15316247940063,1.17425000667572,2.01492500305176,-0.78003752231598,-6.4542498588562,-2.16617488861084,16.1316375732422,15.6732120513916,4.57737493515015,7.21008729934692,3.32708740234375,1.45323753356934,1.85459995269775,17.1570014953613,5.80395030975342,0.61905002593994,-6.97500038146973,1.08405005931854,-14.3590507507324,-8.95305061340332,20.0880012512207,57.5680541992188,16.6300506591797,2.93700003623962,0.13305000960827,-3.85200023651123,-4.4719500541687,-4.79805040359497,-0.21300001442432,-1.12395000457764,-0.33105000853539,-0.12000000476837,-3.17805004119873,-3.54705023765564,-2.87700009346008,0.49005001783371,4.21605014801025,2.10195016860962,-0.44295001029968,-0.66795003414154,-0.08205000311136,0.55695003271103,-0.12495000660419,24.2539520263672,9.68295001983643,-1.58700013160706,-8.07000064849854,-9.47399997711182,-21.6640510559082,-17.5139999389648,-2.41995000839233,29.9260520935059,25.0470008850098,13.44105052948,2.82900023460388,-1.89600014686584,0.16305001080036,4.93905019760132,FAN
-0.03189999982715,-4.25906229019165,-2.45134997367859,12.7104997634888,16.6322746276855,3.18175005912781,-17.3501625061035,-21.4927616119385,-3.89894986152649,-1.20821249485016,7.50516223907471,20.4242496490479,12.0755252838135,-2.40954995155334,-10.9350996017456,-10.6358995437622,12.3948001861572,25.1163005828857,20.2434368133545,13.7135620117188,5.62333726882935,-24.2555503845215,-35.6510009765625,-7.62671232223511,22.0019245147705,27.0286502838135,13.8247995376587,8.96981239318848,-0.49266248941422,-31.6788997650146,-14.4072494506836,9.65002536773682,12.2733879089355,1.07222497463226,4.02421236038208,1.44883751869202,2.59971237182617,-6.86688756942749,-9.09397506713867,8.46216201782227,5.96777486801147,-1.09436249732971,-0.11522500216961,-3.57871246337891,-0.54312497377396,52.5289535522461,52.7130012512207,7.5930004119873,20.7180004119873,-0.10305000841618,-1.90005004405975,-23.5339508056641,-15.4840507507324,73.0249557495117,61.6060523986816,4.15200042724609,10.1419506072998,0.85395002365112,-7.16400051116943,-11.7169504165649,0.64800000190735,9.8299503326416,12.5680503845215,5.85900020599365,-1.47300004959106,-4.72305011749268,4.39095020294189,-5.94195032119751,1.11000001430511,18.4279518127441,8.4790506362915,3.29700016975403,-2.56500005722046,-1.6429500579834,-4.014000415802,-6.28605031967163,9.28800010681152,26.791051864624,17.9629516601563,-4.10400009155273,-16.2919502258301,-25.6159515380859,-21.517951965332,5.25195026397705,4.66605043411255,15.5010004043579,5.37195014953613,-5.57895040512085,-10.2330007553101,-19.7869510650635,FAN
-0.42748749256134,-0.60321247577667,0.03121249936521,1.11650002002716,1.08294999599457,-0.21683749556541,4.23169994354248,6.41244983673096,5.7444748878479,17.4953632354736,19.8401508331299,7.23689985275269,-1.92032504081726,-18.0313377380371,-21.6548748016357,-0.20047499239445,-1.97821247577667,-3.69036245346069,-2.13867497444153,0.51094996929169,3.89331245422363,30.0799121856689,31.0961742401123,21.0135746002197,22.1585369110107,7.77411222457886,4.05184984207153,3.36682486534119,-5.43991231918335,-22.7492370605469,0.25176250934601,-0.21394999325275,-0.57406252622604,0.04455000162125,0.21628749370575,-0.47107499837875,7.15522480010986,12.072774887085,6.32940006256104,-1.39383745193481,-1.75903749465942,1.21329998970032,0.66398751735687,0.82967501878738,1.17521250247955,4.09905004501343,10.3309507369995,7.66695022583008,3.26295018196106,-1.24605000019073,-7.86105060577393,-3.81300020217896,24.9360008239746,56.6770515441895,20.695951461792,8.67300033569336,7.06905031204224,0.8850000500679,-6.71595048904419,-16.2220516204834,-0.5100000500679,-1.45200002193451,1.24695003032684,0.01995000056922,0.07995000481606,-1.42800009250641,0.01995000056922,-7.12305021286011,1.64205002784729,1.55805003643036,-3.52605009078979,-2.8050000667572,0.76005005836487,-1.75305008888245,-1.30605006217957,10.8139505386353,17.1079502105713,17.1030006408691,12.4710006713867,-1.09800004959106,-12.973051071167,-18.2779502868652,3.5110502243042,15.7540512084961,13.2160511016846,10.8379507064819,2.9239501953125,-10.5060005187988,-12.5970001220703,-14.0310010910034,FAN
-0.340725004673,0.34856250882149,10.1967248916626,16.3079128265381,3.26920008659363,-16.393575668335,-14.2821245193481,-2.04517507553101,-1.49352502822876,1.91716253757477,12.1081123352051,14.1935749053955,1.74886250495911,-15.5560626983643,-12.5283126831055,2.67808747291565,22.5768127441406,25.3253002166748,8.6765251159668,2.70132493972778,-15.4915752410889,-29.018274307251,-15.9992246627808,8.63169956207275,25.4256744384766,20.3456001281738,8.97861289978027,5.33857488632202,-18.9582252502441,-32.9910621643066,-0.60885000228882,9.66556262969971,6.44187498092651,3.69269990921021,1.48389995098114,0.45663750171661,-4.53571224212646,-11.3771619796753,4.31846237182617,7.39392518997192,-1.78461253643036,1.81362497806549,0.39765000343323,-2.02606248855591,-8.80439949035645,61.2390022277832,49.6980018615723,13.747950553894,7.18800020217896,4.21905040740967,-14.4379510879517,-21.9679508209229,18.2940006256104,77.2669525146484,27.5320510864258,8.65694999694824,2.83395004272461,3.23700022697449,-11.6070003509521,-22.5019512176514,5.41605043411255,8.90295028686523,0.89205002784729,-1.31295001506805,-0.3120000064373,-5.75805044174194,-5.75595045089722,-1.04700005054474,14.4720010757446,5.70795011520386,0.9709500670433,1.13895010948181,-0.33300000429153,-4.57005023956299,-3.86805009841919,12.7990503311157,21.0589504241943,18.7669506072998,0.97695004940033,-18.0190505981445,-21.693000793457,-26.5189514160156,-8.07495021820068,14.5570507049561,18.316951751709,15.6490507125854,-3.04500007629395,-14.5099506378174,-15.0730504989624,-28.0810508728027,FAN
-1.49352502822876,1.91716253757477,12.1081123352051,14.1935749053955,1.74886250495911,-15.5560626983643,-12.5283126831055,-1.05861246585846,-1.60998749732971,-0.46529999375343,10.0735244750977,17.8007507324219,6.10266256332397,-2.6611750125885,-4.95343732833862,8.63169956207275,25.4256744384766,20.3456001281738,8.97861289978027,5.33857488632202,-18.9582252502441,-32.9910621643066,-13.5682249069214,7.7642126083374,23.3771991729736,20.7612628936768,12.1345129013062,9.66927528381348,6.19836235046387,22.6879119873047,4.31846237182617,7.39392518997192,-1.78461253643036,1.81362497806549,0.39765000343323,-2.02606248855591,-8.80439949035645,-12.3898496627808,5.06976270675659,9.37722492218018,-1.62167501449585,0.23925000429153,0.91107499599457,-0.08415000140667,-1.44402503967285,77.2669525146484,27.5320510864258,8.65694999694824,2.83395004272461,3.23700022697449,-11.6070003509521,-22.5019512176514,12.7810506820679,78.7180557250977,32.0299530029297,13.3939504623413,6.96105051040649,-3.81600022315979,-0.4909500181675,-5.95005035400391,14.4720010757446,5.70795011520386,0.9709500670433,1.13895010948181,-0.33300000429153,-4.57005023956299,-3.86805009841919,-2.23200011253357,14.848051071167,10.0290002822876,4.7310004234314,0.97800004482269,-0.77100002765656,-0.30195000767708,-4.44105005264282,14.5570507049561,18.316951751709,15.6490507125854,-3.04500007629395,-14.5099506378174,-15.0730504989624,-28.0810508728027,-22.3879508972168,17.5410003662109,11.4649505615234,20.2789516448975,9.42705059051514,0.33300000429153,-1.3090500831604,-5.14800024032593,FAN
10.0735244750977,17.8007507324219,6.10266256332397,-2.6611750125885,-4.95343732833862,-1.59252500534058,-0.17806249856949,-0.11563749611378,-1.84703743457794,8.33758735656738,18.4841251373291,8.77813720703125,-0.84411251544952,-17.82151222229,-17.6750755310059,20.7612628936768,12.1345129013062,9.66927528381348,6.19836235046387,22.6879119873047,31.6603374481201,17.0259380340576,15.9220876693726,25.1944007873535,22.6201248168945,10.003399848938,5.4625997543335,2.76223754882813,-22.1377754211426,-28.1652240753174,-1.62167501449585,0.23925000429153,0.91107499599457,-0.08415000140667,-1.44402503967285,-6.46250009536743,1.03908753395081,16.827938079834,14.470362663269,5.34765005111694,5.59996223449707,4.65740013122559,-0.22329999506474,-2.40212488174438,-8.10204982757568,13.3939504623413,6.96105051040649,-3.81600022315979,-0.4909500181675,-5.95005035400391,-3.65295028686523,-3.6889500617981,34.6470031738281,53.9110527038574,22.8880519866943,11.0950508117676,1.77300012111664,-1.74600005149841,-25.1550006866455,-4.17705011367798,4.7310004234314,0.97800004482269,-0.77100002765656,-0.30195000767708,-4.44105005264282,-3.98805022239685,5.51895046234131,3.51495027542114,-1.35105001926422,1.09800004959106,-0.78600001335144,-0.7590000629425,0.8029500246048,2.03700017929077,-3.19995021820068,20.2789516448975,9.42705059051514,0.33300000429153,-1.3090500831604,-5.14800024032593,-17.3200511932373,-15.961950302124,11.8270502090454,15.9319505691528,23.4229507446289,15.9460506439209,0.65100002288818,-23.275951385498,-31.3570518493652,-14.8219509124756,FAN
-5.48831224441528,-12.3580875396729,12.1737003326416,13.4073495864868,0.9842249751091,-14.945837020874,-4.99056243896484,6.74520015716553,14.2663125991821,10.8227624893188,2.65993738174438,-0.37345001101494,-7.63083744049072,-15.2641496658325,-7.39351224899292,-7.39337491989136,-12.7781496047974,5.6611499786377,7.63922500610352,1.78392493724823,-13.3278751373291,-7.10930013656616,2.71589994430542,9.63984966278076,8.50629997253418,4.4438624382019,-0.27087500691414,-9.44734954833984,-13.8628873825073,-8.10645008087158,-2.12657499313354,-1.87247502803802,-4.40481233596802,-4.20612478256226,-1.1446875333786,1.08185005187988,3.32144999504089,-1.36303746700287,-2.48366260528564,-0.40947499871254,0.15702499449253,-1.39012503623962,-2.35248756408691,1.48761248588562,4.24572515487671,17.8530006408691,6.48000049591064,6.45105028152466,23.953950881958,20.7370510101318,14.4550504684448,14.6320505142212,28.9590015411377,28.9930515289307,21.8509502410889,18.9360008239746,12.0310506820679,24.1860008239746,17.6329517364502,12.7570505142212,-5.62605047225952,-3.3510000705719,-1.05900001525879,3.30105018615723,2.30295014381409,-3.6889500617981,1.56000006198883,-0.76905006170273,0.25500002503395,0.71205002069473,0.40605002641678,4.54005002975464,1.58700013160706,-7.37505054473877,2.86305022239685,-13.3969507217407,-15.3250503540039,7.65000057220459,18.0370502471924,-9.58095073699951,-15.0040502548218,1.48995006084442,12.9400510787964,22.1610012054443,14.8920011520386,12.5239505767822,-18.8380508422852,-7.64595031738281,-10.8580503463745,-6.8100004196167,FAN
9.0532751083374,1.86381244659424,-2.29239988327026,-9.56120014190674,-13.0336246490479,-6.76046228408813,0.61737501621246,7.04907512664795,14.6793622970581,11.7416753768921,1.95359992980957,-1.75628745555878,-8.88511276245117,-15.5616998672485,-7.67112493515015,7.2022500038147,4.47287511825562,-1.78282499313354,-8.34501266479492,-8.09930038452148,-7.78978729248047,-4.80149984359741,4.96086263656616,10.1541004180908,9.51898765563965,3.46981239318848,-4.03342485427856,-10.0414876937866,-12.4444370269775,-5.80428743362427,-1.28892505168915,-0.15771250426769,-1.26335000991821,-1.50273752212524,1.07717502117157,5.70074987411499,4.21368741989136,-3.28556251525879,-5.37954998016357,-1.16063749790192,0.52786248922348,-1.65495002269745,-2.66241240501404,1.72782504558563,4.50986242294312,22.5640506744385,18.3949508666992,16.431001663208,10.3620004653931,-0.4120500087738,5.73900032043457,25.9530010223389,20.9479503631592,29.6230506896973,18.6289501190186,20.4660015106201,18.4639511108398,9.2790002822876,10.1920509338379,21.3240013122559,-1.74405002593994,-2.99595022201538,0.39900001883507,1.04505002498627,-8.74200057983398,-4.7590503692627,-1.84200012683868,0.04695000126958,-8.98605060577393,-1.13595008850098,0.27195000648499,-2.29905009269714,2.67600011825562,-4.92900037765503,-4.50300025939941,15.6709508895874,3.13500022888184,-21.8730010986328,6.70395040512085,-4.98105001449585,-25.2450008392334,13.4190006256104,20.4540004730225,25.1689510345459,19.6489505767822,-2.97405004501343,-15.5860509872437,-3.98895025253296,-11.1259508132935,-2.18295001983643,FAN
15.3375749588013,10.7960872650146,1.83782494068146,-0.63607501983643,-5.14195013046265,-13.7685623168945,-11.17613697052,-1.83039999008179,8.22511291503906,15.9050378799438,10.6181621551514,2.32966256141663,-0.71280002593994,-5.75684976577759,-13.3461627960205,9.15268707275391,8.30087471008301,3.92067503929138,-1.19473743438721,-8.83135032653809,-12.1162252426147,-7.18519973754883,-0.38334998488426,5.49450016021729,7.84025001525879,6.22599983215332,3.88726258277893,-0.81977498531342,-8.74005031585693,-10.9481620788574,-0.81124997138977,0.84163749217987,-0.09803749620914,-1.35905003547668,-2.18611240386963,-0.66659998893738,2.50469994544983,2.43374991416931,0.29370000958443,1.2335125207901,1.58386254310608,0.28998750448227,-1.54013752937317,-2.10319995880127,-0.33371248841286,24.4489517211914,18.3439502716064,16.9669513702393,17.8510513305664,16.1220016479492,12.4290008544922,16.9170017242432,20.8810501098633,26.0130004882813,24.7060508728027,19.3840503692627,14.3970003128052,16.5289516448975,13.3390502929688,8.33295059204102,-0.98205006122589,-3.24795007705688,2.01300001144409,-3.1279501914978,3.19605016708374,3.4830002784729,-3.41100025177002,-2.2540500164032,-4.19895029067993,-0.48600003123283,-2.79495024681091,1.61100006103516,1.22505009174347,-0.36195001006126,-0.45495003461838,18.2760009765625,15.7570505142212,8.63400077819824,-13.5190505981445,-1.69005012512207,-8.6380500793457,-7.32105016708374,-0.65295004844666,20.7769508361816,16.935001373291,15.4600505828857,6.39705038070679,-14.0239505767822,-1.53405010700226,3.13305020332336,FAN
4.1267876625061,-0.11550000309944,-2.49576258659363,-8.44524955749512,-12.374587059021,-8.63582515716553,-2.51487493515015,1.74267494678497,9.15461254119873,13.8091249465942,7.45813751220703,0.21477499604225,-4.74347496032715,-1.73428750038147,-2.70311260223389,4.98946237564087,1.24561250209808,-3.83418750762939,-8.39093780517578,-8.17506217956543,-5.3828501701355,-6.27096223831177,1.42257499694824,11.3822498321533,10.3505878448486,6.93852519989014,2.24784994125366,-4.0772876739502,-1.08432495594025,-1.06342494487762,0.26124998927116,-0.75061249732971,-1.26912498474121,-1.07167494297028,1.43811249732971,2.59806251525879,1.59761250019073,-1.29057502746582,-3.35238742828369,0.72778749465942,3.33739995956421,1.32288753986359,-1.29648745059967,-2.84473752975464,-5.09286260604858,16.8190517425537,16.4719505310059,20.3080501556396,10.0410003662109,-0.72405004501343,2.79795002937317,21.5800514221191,36.1710014343262,24.4540519714355,25.0980014801025,19.2160511016846,12.6610507965088,17.1400508880615,14.3110504150391,-0.45495003461838,-2.35199999809265,-0.81195002794266,-2.85000014305115,-0.84600001573563,0.03705000132322,-1.41600000858307,-3.7630500793457,5.77995014190674,-15.4669504165649,-7.06800031661987,-3.98295021057129,-6.48600053787231,-3.59505009651184,1.23705005645752,1.52700006961823,17.1799507141113,-3.97695016860962,-12.3859510421753,-5.58705043792725,-1.125,-12.1800003051758,-14.002950668335,14.4319505691528,27.4330520629883,21.6289501190186,9.99900054931641,-4.33605003356934,-22.7610015869141,8.68005084991455,9.94695091247559,FAN
11.0888252258301,5.41956233978271,-1.0896874666214,-5.70006227493286,-4.73274993896484,-0.99591249227524,0.13763749599457,1.72136247158051,-2.84542489051819,2.34918737411499,13.0407752990723,4.75543737411499,7.13143730163574,21.2187252044678,10.7992496490479,4.19636249542236,4.00839996337891,8.1983003616333,18.6714000701904,22.8834381103516,12.4029121398926,5.769362449646,22.0057754516602,35.7682876586914,22.7603740692139,10.6983251571655,7.19234991073608,11.4565000534058,19.0783996582031,9.98731231689453,6.14473724365234,3.30398750305176,1.38558745384216,1.74322497844696,2.01932501792908,1.10220003128052,-1.99278748035431,4.84412479400635,0.50104999542236,-6.08231258392334,2.77502489089966,2.86439990997314,4.69479990005493,-10.7959499359131,-19.0302753448486,5.71095037460327,-0.69000005722046,-15.7620010375977,-9.29100036621094,-8.28495025634766,-17.0310001373291,11.4780006408691,39.1000518798828,39.0810012817383,9.43994998931885,6.43200016021729,-4.87200021743774,-13.068000793457,-10.3279504776001,-10.2940502166748,-2.09400010108948,-5.93805027008057,-1.08000004291534,-4.07400035858154,-5.67405033111572,-10.4310007095337,-4.91700029373169,18.5290508270264,13.0560007095337,2.0179500579834,1.90995013713837,1.46400010585785,0.24105000495911,-2.82600021362305,1.55100011825562,15.5989503860474,7.24500036239624,-0.86400002241135,-5.45505046844482,-5.10000038146973,-10.2469501495361,-9.77505016326904,14.7030010223389,21.3300018310547,16.6260013580322,8.28000068664551,-9.42600059509277,-13.0810508728027,-19.4130001068115,-25.2589511871338,FAN
-2.84542489051819,2.34918737411499,13.0407752990723,4.75543737411499,7.13143730163574,21.2187252044678,10.7992496490479,-0.83407497406006,0.21023750305176,1.90272498130798,13.6487998962402,15.4357500076294,3.3159499168396,-14.1702003479004,-13.865912437439,35.7682876586914,22.7603740692139,10.6983251571655,7.19234991073608,11.4565000534058,19.0783996582031,9.98731231689453,2.96944999694824,18.6027870178223,26.1450748443604,14.6337127685547,7.07561254501343,4.64502477645874,-16.657299041748,-33.734935760498,0.50104999542236,-6.08231258392334,2.77502489089966,2.86439990997314,4.69479990005493,-10.7959499359131,-19.0302753448486,-3.50638747215271,16.5834617614746,14.0846748352051,0.12581250071526,3.1438000202179,-0.3799124956131,-6.64042472839355,-17.9873371124268,39.0810012817383,9.43994998931885,6.43200016021729,-4.87200021743774,-13.068000793457,-10.3279504776001,-10.2940502166748,23.9920520782471,62.2380027770996,16.7689514160156,14.4930009841919,4.30200004577637,-6.26805019378662,-12.0450010299683,-13.326000213623,13.0560007095337,2.0179500579834,1.90995013713837,1.46400010585785,0.24105000495911,-2.82600021362305,1.55100011825562,-7.50900030136108,5.39205026626587,6.13005018234253,0.49905002117157,1.50300002098084,0.44700002670288,-1.6429500579834,-3.88695025444031,21.3300018310547,16.6260013580322,8.28000068664551,-9.42600059509277,-13.0810508728027,-19.4130001068115,-25.2589511871338,-4.18095016479492,22.0030517578125,14.473051071167,22.326000213623,-1.92900013923645,-12.2140502929688,-12.7740001678467,-14.6299505233765,FAN
1.90272498130798,13.6487998962402,15.4357500076294,3.3159499168396,-14.1702003479004,-13.865912437439,-2.49177503585815,-1.41556251049042,-0.24598750472069,-0.05376249924302,10.2792253494263,14.0953998565674,1.8660124540329,-7.07726240158081,-8.75957489013672,26.1450748443604,14.6337127685547,7.07561254501343,4.64502477645874,-16.657299041748,-33.734935760498,-16.1031742095947,0.58520001173019,17.7181129455566,27.3539752960205,16.6456127166748,9.07582473754883,6.56645011901855,-5.88623762130737,-10.4707622528076,14.0846748352051,0.12581250071526,3.1438000202179,-0.3799124956131,-6.64042472839355,-17.9873371124268,-17.228199005127,-4.39147520065308,14.6749620437622,12.2533121109009,-1.48211252689362,2.1157124042511,0.862124979496,-5.51704978942871,-11.7621622085571,16.7689514160156,14.4930009841919,4.30200004577637,-6.26805019378662,-12.0450010299683,-13.326000213623,-10.1149501800537,16.3420505523682,72.5509567260742,21.6180019378662,10.3360500335693,1.01400005817413,-10.8949508666992,-13.360050201416,-10.7850008010864,6.13005018234253,0.49905002117157,1.50300002098084,0.44700002670288,-1.6429500579834,-3.88695025444031,-2.5729501247406,-4.18200016021729,13.1620502471924,7.47795057296753,1.42395007610321,-1.91595005989075,1.59105002880096,-1.11195003986359,-7.87500047683716,14.473051071167,22.326000213623,-1.92900013923645,-12.2140502929688,-12.7740001678467,-14.6299505233765,-19.8030014038086,-13.81605052948,24.1990509033203,14.0440502166748,15.2520008087158,-1.29495000839233,-14.69700050354,-11.5309505462646,-17.7960014343262,FAN
-0.05376249924302,10.2792253494263,14.0953998565674,1.8660124540329,-7.07726240158081,-8.75957489013672,-5.62058734893799,0.85112500190735,-0.30332499742508,4.05418729782104,15.3185997009277,9.60973739624023,-2.89135003089905,-10.7354497909546,-10.7645998001099,27.3539752960205,16.6456127166748,9.07582473754883,6.56645011901855,-5.88623762130737,-10.4707622528076,-1.62016248703003,5.84100008010864,25.4882373809814,25.6481494903564,10.4916620254517,7.12731266021729,3.7146999835968,-16.3087368011475,-19.7356491088867,12.2533121109009,-1.48211252689362,2.1157124042511,0.862124979496,-5.51704978942871,-11.7621622085571,-9.61936283111572,0.57158750295639,13.8972625732422,8.58921241760254,0.58038747310638,2.77530002593994,-0.93651247024536,-8.08912467956543,-13.8720998764038,21.6180019378662,10.3360500335693,1.01400005817413,-10.8949508666992,-13.360050201416,-10.7850008010864,-5.07300043106079,48.2989540100098,49.185001373291,15.9829511642456,13.8540010452271,-2.26605010032654,-14.7150011062622,-13.4359502792358,-10.771050453186,7.47795057296753,1.42395007610321,-1.91595005989075,1.59105002880096,-1.11195003986359,-7.87500047683716,-0.69000005722046,-0.10605000704527,14.5099506378174,-1.74900007247925,-1.33200001716614,1.89300012588501,0.27705001831055,-1.70100009441376,-4.34700012207031,14.0440502166748,15.2520008087158,-1.29495000839233,-14.69700050354,-11.5309505462646,-17.7960014343262,-18.4530010223389,1.19805002212524,10.2720003128052,17.2590007781982,13.3879508972168,-7.18605041503906,-13.4899501800537,-8.41005039215088,-15.2980508804321,FAN
1.58468747138977,12.8236627578735,9.03677463531494,-3.23674988746643,-11.5209875106812,-11.4900503158569,-3.38373756408691,0.11852499842644,-3.83459997177124,1.82531249523163,12.331000328064,10.1600122451782,-4.34266233444214,-8.16241264343262,-5.44224977493286,25.8706245422363,10.7551126480103,5.2586874961853,2.28745007514954,-25.2950496673584,-30.0081367492676,-4.87203741073608,5.35906267166138,22.175724029541,23.9861869812012,10.2231245040894,7.47546243667603,1.66567504405975,-27.269962310791,-27.5305252075195,10.8107995986938,1.85927498340607,3.21172499656677,-1.79244995117188,-8.65191268920898,-14.1081876754761,-11.062424659729,3.3127875328064,14.0273370742798,9.62032508850098,3.46004986763,4.23843765258789,-4.13696241378784,-14.9594497680664,-16.0704498291016,14.2320003509521,9.50895023345947,0.22605000436306,-5.14305019378662,-12.9360008239746,-19.0410003662109,3.1360502243042,55.8940544128418,54.3559532165527,11.2620000839233,6.82395029067993,1.24395000934601,-6.1840500831604,-9.95595073699951,-8.49795055389404,-1.53105008602142,-0.89100003242493,0.79605001211166,0.37005001306534,-2.86995005607605,-3.82305026054382,0.82995003461838,6.59895038604736,0.00795000046492,-3.34095025062561,0.03195000067353,1.13205003738403,-1.3819500207901,-4.75200033187866,-1.13100004196167,18.492000579834,10.2750005722046,-6.49905014038086,-13.252950668335,-20.776050567627,-25.0080013275146,-25.7140502929688,10.8709506988525,28.9650020599365,23.3800506591797,7.26195049285889,-1.6750500202179,-15.3559503555298,-24.0040512084961,-23.5800018310547,FAN
-0.06806249916553,0.12704999744892,0.12677499651909,-0.4298250079155,-2.76760005950928,-5.30791234970093,-2.65911245346069,3.09017491340637,3.1081874370575,7.32338762283325,13.8997373580933,9.13646221160889,2.07776260375977,3.7542998790741,23.8339748382568,-1.28645002841949,-1.75573754310608,-1.99677503108978,-0.69272500276566,5.13438749313354,15.9114999771118,17.8953495025635,12.4286251068115,30.0420989990234,28.1206741333008,6.08904981613159,4.00839996337891,6.01053762435913,8.39987468719482,21.5846118927002,-1.32632493972778,-1.19624996185303,-1.57630002498627,-1.27160000801086,1.15128743648529,2.00873756408691,1.20697498321533,1.91826248168945,9.70667457580566,7.73726224899292,2.24950003623962,3.47434997558594,1.10027503967285,0.92647498846054,-1.42669999599457,-4.8600001335144,-5.94195032119751,-3.72900009155273,-6.87600040435791,-6.77805042266846,-5.88705015182495,-4.35705041885376,21.8719501495361,45.3319511413574,20.1169509887695,6.53505039215088,3.61500024795532,-2.23695015907288,-2.53005003929138,-15.6660003662109,0.58995002508163,0.64800000190735,-0.49800002574921,-1.40895009040833,-0.87000006437302,1.77600014209747,-2.91000008583069,-1.62195003032684,11.9980506896973,-0.83100003004074,1.43295001983643,2.45100021362305,1.22295010089874,0.19305001199245,0.32205000519753,10.5190505981445,10.2940502166748,7.13205051422119,0.69000005722046,-6.54495048522949,-9.925950050354,-7.71105051040649,13.7670001983643,8.31300067901611,14.4829511642456,10.7970008850098,6.34695053100586,1.01805007457733,-6.94005012512207,-14.649001121521,FAN
7.32338762283325,13.8997373580933,9.13646221160889,2.07776260375977,3.7542998790741,23.8339748382568,19.601037979126,1.65302503108978,9.17771244049072,16.8085498809814,15.9550876617432,7.6319375038147,-3.7725875377655,-4.82473754882813,-0.72503751516342,28.1206741333008,6.08904981613159,4.00839996337891,6.01053762435913,8.39987468719482,21.5846118927002,17.2159614562988,1.02740001678467,25.7104377746582,31.1097869873047,8.71117496490479,6.05604982376099,14.4377746582031,33.2479133605957,24.4552001953125,7.73726224899292,2.24950003623962,3.47434997558594,1.10027503967285,0.92647498846054,-1.42669999599457,-7.73134994506836,-6.60508728027344,8.5340747833252,7.41812515258789,-0.11068750172853,2.05301237106323,1.85776245594025,6.67479991912842,5.77417516708374,20.1169509887695,6.53505039215088,3.61500024795532,-2.23695015907288,-2.53005003929138,-15.6660003662109,-17.2300510406494,28.0080013275146,52.3200035095215,13.7200508117676,1.52205002307892,-6.68505048751831,-11.6350507736206,-15.8410511016846,-11.4940509796143,-0.83100003004074,1.43295001983643,2.45100021362305,1.22295010089874,0.19305001199245,0.32205000519753,-6.35205030441284,-6.8860502243042,8.82194995880127,3.19095015525818,-1.35105001926422,-3.01605010032654,-0.84300005435944,-2.65905022621155,-3.27705025672913,14.4829511642456,10.7970008850098,6.34695053100586,1.01805007457733,-6.94005012512207,-14.649001121521,-14.5369510650635,6.32805013656616,28.1820011138916,18.0079517364502,8.31105041503906,-4.62600040435791,-10.1590509414673,-12.5680503845215,-13.2720003128052,FAN
9.17771244049072,16.8085498809814,15.9550876617432,7.6319375038147,-3.7725875377655,-4.82473754882813,-0.72503751516342,1.12419998645782,6.37037515640259,11.7529497146606,14.3295621871948,7.72475004196167,-6.99311256408691,-15.6186246871948,-10.3137378692627,25.7104377746582,31.1097869873047,8.71117496490479,6.05604982376099,14.4377746582031,33.2479133605957,24.4552001953125,4.60624980926514,26.2121753692627,30.6255130767822,10.221887588501,5.10949993133545,1.48018753528595,-16.8235378265381,-17.2786617279053,8.5340747833252,7.41812515258789,-0.11068750172853,2.05301237106323,1.85776245594025,6.67479991912842,5.77417516708374,2.00997495651245,12.472074508667,7.83034992218018,-2.03279995918274,0.79433751106262,-3.50776243209839,-9.41833782196045,-10.9070501327515,52.3200035095215,13.7200508117676,1.52205002307892,-6.68505048751831,-11.6350507736206,-15.8410511016846,-11.4940509796143,29.1960010528564,62.6020545959473,16.3570499420166,5.72295045852661,-3.1189501285553,-11.0770502090454,-20.086950302124,-5.7940502166748,8.82194995880127,3.19095015525818,-1.35105001926422,-3.01605010032654,-0.84300005435944,-2.65905022621155,-3.27705025672913,-5.13495016098022,14.3110504150391,-0.19695000350475,-1.58805012702942,1.74705004692078,-2.90805006027222,-6.49995040893555,-3.1690502166748,28.1820011138916,18.0079517364502,8.31105041503906,-4.62600040435791,-10.1590509414673,-12.5680503845215,-13.2720003128052,-6.18300008773804,22.3099517822266,15.7450504302979,8.63595008850098,-9.38295078277588,-16.4620513916016,-21.8029518127441,-22.3210506439209,FAN
1.01076245307922,4.68531227111816,10.7503004074097,14.1871128082275,-0.13695000112057,-7.64568758010864,-7.29492473602295,-2.47664999961853,-0.75185000896454,1.32302498817444,12.2512502670288,11.9509496688843,-8.45968723297119,-15.5699501037598,-12.9625377655029,17.8330631256104,30.4400253295898,35.5342636108398,9.99281215667725,3.71414995193481,-24.3533115386963,-28.8690872192383,-1.46492505073547,14.6185874938965,26.1801376342773,17.1106376647949,6.52423763275146,-3.04218745231628,-15.8872995376587,-29.1622371673584,7.69628763198853,1.40263748168945,7.22521257400513,4.87712478637695,-0.71170002222061,-8.97641277313232,-13.1736001968384,-5.51856231689453,13.4996128082275,11.5666370391846,-1.13011252880096,1.42614996433258,-1.66333746910095,1.24176251888275,-6.36666250228882,57.0340538024902,21.5250015258789,16.6680011749268,-4.74495029449463,-9.05595016479492,-9.16095066070557,-12.7900505065918,15.564001083374,74.4529571533203,36.6880531311035,14.6320505142212,6.96795034408569,-8.27805042266846,-23.110050201416,-18.748950958252,30.8989505767822,9.29100036621094,5.45700025558472,-0.7590000629425,-2.49300003051758,-7.52505016326904,-6.28695011138916,-0.05805000290275,9.61500072479248,4.81305027008057,1.57200002670288,-0.18900001049042,-5.13795042037964,-9.96105003356934,-6.52395009994507,18.9640502929688,28.3690509796143,23.767951965332,-8.61900043487549,-18.6709499359131,-18.738000869751,-23.7889518737793,-21.4099502563477,24.0820503234863,22.4170513153076,12.3970508575439,-12.1819505691528,-29.5800018310547,-27.3070507049561,-29.3910007476807,FAN
-0.75185000896454,1.32302498817444,12.2512502670288,11.9509496688843,-8.45968723297119,-15.5699501037598,-12.9625377655029,-2.52243757247925,0.04606249928474,6.73846244812012,14.8406496047974,7.14917516708374,-15.3482999801636,-14.7828998565674,-1.17342495918274,14.6185874938965,26.1801376342773,17.1106376647949,6.52423763275146,-3.04218745231628,-15.8872995376587,-29.1622371673584,-5.94756269454956,18.1669120788574,26.2866992950439,12.5673627853394,4.42791271209717,-12.9273376464844,-23.7005996704102,-18.0615882873535,13.4996128082275,11.5666370391846,-1.13011252880096,1.42614996433258,-1.66333746910095,1.24176251888275,-6.36666250228882,-9.63723754882813,10.6358995437622,7.21916246414185,-1.95538747310638,0.2043250054121,-1.87206244468689,-2.96106243133545,-15.3885869979858,74.4529571533203,36.6880531311035,14.6320505142212,6.96795034408569,-8.27805042266846,-23.110050201416,-18.748950958252,38.8219528198242,77.017951965332,14.1870002746582,13.8970508575439,2.95905017852783,-17.5489501953125,-17.3950500488281,-7.18095016479492,9.61500072479248,4.81305027008057,1.57200002670288,-0.18900001049042,-5.13795042037964,-9.96105003356934,-6.52395009994507,0.30300000309944,2.49195003509521,1.04100000858307,0.99495005607605,0.27705001831055,-1.98105013370514,-6.58200025558472,-1.78500008583069,24.0820503234863,22.4170513153076,12.3970508575439,-12.1819505691528,-29.5800018310547,-27.3070507049561,-29.3910007476807,-11.1670503616333,26.2060508728027,17.3520011901855,2.41695022583008,-17.5090503692627,-22.9219512939453,-22.1719512939453,-19.8870010375977,FAN
-3.53003740310669,0.49321249127388,4.67706251144409,13.9255876541138,-0.21092499792576,-12.7139377593994,-11.9853248596191,-4.6036376953125,1.64037501811981,3.91517496109009,11.325325012207,14.6004371643066,1.56722497940063,-17.400899887085,-15.2222127914429,-12.405387878418,24.2589874267578,27.0300254821777,8.67721271514893,2.42591238021851,-24.63450050354,-30.9603252410889,-7.06626224517822,7.38471269607544,25.8134250640869,22.109037399292,6.72760009765625,3.46953749656677,-12.577262878418,-26.9291000366211,-14.3389120101929,11.9392623901367,10.686637878418,1.89997494220734,-1.15857493877411,-4.31969976425171,-12.0561370849609,-11.6322250366211,8.48622512817383,12.4565372467041,3.2716748714447,2.2207624912262,0.15578749775887,-2.0373375415802,-8.44992542266846,3.04305005073547,37.6219520568848,17.7979507446289,4.56105041503906,-11.1559505462646,-13.2859506607056,-13.1299505233765,4.8270001411438,77.0100021362305,43.9180526733398,13.4080505371094,11.3650503158569,-1.33395004272461,-11.9160003662109,-12.6079502105713,-2.07405018806458,6.05295038223267,2.29995012283325,1.04505002498627,-1.83195006847382,-7.49700021743774,-0.81900006532669,-3.01995015144348,-4.15799999237061,0.25500002503395,-1.90200006961823,-1.08000004291534,-1.73205006122589,-1.84395003318787,-2.27295017242432,-16.3789501190186,24.9180011749268,24.0100517272949,-6.26205015182495,-17.1619510650635,-20.8999519348145,-24.5650520324707,-22.3300514221191,12.8880004882813,28.9099521636963,16.2379512786865,1.40805006027222,-16.2709503173828,-24.3370513916016,-22.3230018615723,FAN
3.91517496109009,11.325325012207,14.6004371643066,1.56722497940063,-17.400899887085,-15.2222127914429,-2.67891240119934,-1.34736251831055,-2.91774988174438,4.42199993133545,15.793662071228,7.5242748260498,-3.36407494544983,-17.5437622070313,-14.0392999649048,25.8134250640869,22.109037399292,6.72760009765625,3.46953749656677,-12.577262878418,-26.9291000366211,-16.0256252288818,-2.48531246185303,18.1757125854492,28.4230365753174,14.4684371948242,6.44613742828369,2.75329995155334,-14.3152627944946,-27.4598503112793,12.4565372467041,3.2716748714447,2.2207624912262,0.15578749775887,-2.0373375415802,-8.44992542266846,-14.310037612915,-6.82000017166138,10.3819370269775,10.5344247817993,2.69280004501343,4.20461225509644,0.33233749866486,-3.61501240730286,-9.57563781738281,43.9180526733398,13.4080505371094,11.3650503158569,-1.33395004272461,-11.9160003662109,-12.6079502105713,-5.81295013427734,33.412052154541,59.3950538635254,23.8390502929688,15.4609508514404,3.54600024223328,1.11705005168915,-4.44795036315918,-20.0610008239746,0.25500002503395,-1.90200006961823,-1.08000004291534,-1.73205006122589,-1.84395003318787,-2.27295017242432,-3.90900015830994,1.86405003070831,14.1559505462646,0.55695003271103,-3.55200028419495,0.4420500099659,0.29100000858307,0.08295000344515,-4.92405033111572,28.9099521636963,16.2379512786865,1.40805006027222,-16.2709503173828,-24.3370513916016,-22.3230018615723,-19.3720512390137,-8.97300052642822,20.473051071167,25.1650505065918,12.5809507369995,-1.58205008506775,-8.56800079345703,-20.5000514984131,-22.2610511779785,FAN
8.65878772735596,16.1719245910645,7.8425874710083,-1.40621244907379,-16.0649490356445,-16.7497005462646,-4.12225008010864,-1.11938750743866,0.46832498908043,9.11226272583008,18.2837867736816,10.6121120452881,-2.01368737220764,-19.0038757324219,-20.2115383148193,25.8952369689941,11.9054374694824,6.28003740310669,2.35716247558594,-9.20397472381592,-23.6516494750977,-21.1348495483398,-6.27426242828369,14.2377128601074,25.4776496887207,13.694037437439,5.41172504425049,2.25486254692078,-13.1751127243042,-27.89723777771,8.63266277313232,1.71091246604919,4.13957500457764,-0.60500001907349,-6.12521266937256,-6.9730372428894,-12.7994623184204,-11.1611499786377,11.188099861145,11.5994997024536,0.7873250246048,3.23221254348755,-0.01938750036061,-0.20996250212193,-6.79401254653931,21.0649509429932,15.6360006332397,6.44100046157837,5.58900022506714,-0.72105002403259,-18.5280017852783,-17.8720512390137,38.1270027160645,62.7510032653809,25.3309516906738,14.6779508590698,7.26495027542114,-1.78200006484985,-15.738000869751,-24.8610019683838,-4.32600021362305,-4.29495000839233,0.67395001649857,-0.33600002527237,0.59700000286102,-0.72600001096725,-2.04299998283386,3.12705016136169,-6.96300029754639,-1.53795003890991,-3.04200005531311,-1.5090000629425,-0.96795004606247,-1.14705002307892,-6.0600004196167,22.4610004425049,13.3309507369995,1.43700003623962,-7.71300029754639,-16.7160015106201,-20.5699501037598,-23.2309513092041,-14.8939504623413,30.0310516357422,22.5679512023926,10.0930500030518,0.32805001735687,-11.028000831604,-21.7429504394531,-25.3600521087646,FAN
0.46832498908043,9.11226272583008,18.2837867736816,10.6121120452881,-2.01368737220764,-19.0038757324219,-20.2115383148193,-6.27316236495972,0.77398747205734,8.95468711853027,16.4140625,12.7630252838135,-0.3255999982357,-17.7847995758057,-17.2859497070313,14.2377128601074,25.4776496887207,13.694037437439,5.41172504425049,2.25486254692078,-13.1751127243042,-27.89723777771,-16.2667999267578,8.81938743591309,24.4461250305176,17.6714992523193,6.19561243057251,2.75701236724854,-8.84702491760254,-23.6835498809814,11.188099861145,11.5994997024536,0.7873250246048,3.23221254348755,-0.01938750036061,-0.20996250212193,-6.79401254653931,-11.5494499206543,6.33902502059937,8.03247451782227,-1.9325624704361,1.27063751220703,-0.06338749825954,-1.63913750648499,-4.44757509231567,62.7510032653809,25.3309516906738,14.6779508590698,7.26495027542114,-1.78200006484985,-15.738000869751,-24.8610019683838,12.3829507827759,72.565055847168,27.9510021209717,21.8080501556396,9.76500034332275,2.20695018768311,-6.22005033493042,-23.6299514770508,-6.96300029754639,-1.53795003890991,-3.04200005531311,-1.5090000629425,-0.96795004606247,-1.14705002307892,-6.0600004196167,0.94500005245209,-10.9600505828857,-1.44900012016296,-1.65000009536743,-3.39600014686584,-0.59205001592636,0.48495003581047,-4.8600001335144,30.0310516357422,22.5679512023926,10.0930500030518,0.32805001735687,-11.028000831604,-21.7429504394531,-25.3600521087646,-23.836950302124,20.1850509643555,20.9899501800537,14.0130004882813,1.54500007629395,-14.331000328064,-24.4260005950928,-24.7780513763428,FAN
8.95468711853027,16.4140625,12.7630252838135,-0.3255999982357,-17.7847995758057,-17.2859497070313,-5.10097503662109,-1.21220004558563,1.04170000553131,10.2046995162964,17.6257133483887,6.80404996871948,-6.80322504043579,-20.1947631835938,-16.3274383544922,24.4461250305176,17.6714992523193,6.19561243057251,2.75701236724854,-8.84702491760254,-23.6835498809814,-19.4361743927002,-1.57079994678497,19.2369365692139,24.1403255462646,10.6947498321533,4.93954992294312,0.33811250329018,-19.456111907959,-26.6113376617432,8.03247451782227,-1.9325624704361,1.27063751220703,-0.06338749825954,-1.63913750648499,-4.44757509231567,-13.210862159729,-5.13796234130859,11.8128995895386,6.94539976119995,1.04651248455048,3.01784992218018,-1.48912501335144,-1.00801253318787,-7.79693746566772,27.9510021209717,21.8080501556396,9.76500034332275,2.20695018768311,-6.22005033493042,-23.6299514770508,-5.60700035095215,57.1320037841797,52.9090538024902,20.3299503326416,16.4809513092041,4.75800037384033,-1.73400008678436,-20.3839511871338,-20.8009510040283,-1.44900012016296,-1.65000009536743,-3.39600014686584,-0.59205001592636,0.48495003581047,-4.8600001335144,-3.34605026245117,6.24495029449463,-6.12195014953613,-3.68400025367737,-5.22600030899048,-0.2250000089407,-1.5859500169754,-4.33305025100708,-7.65195035934448,20.9899501800537,14.0130004882813,1.54500007629395,-14.331000328064,-24.4260005950928,-24.7780513763428,-22.0740013122559,-3.66105008125305,29.7559509277344,18.0970516204834,10.3920001983643,-3.99105024337769,-20.4330005645752,-22.8760509490967,-24.0900020599365,FAN
1.04170000553131,10.2046995162964,17.6257133483887,6.80404996871948,-6.80322504043579,-20.1947631835938,-16.3274383544922,-2.80445003509521,1.58496248722076,11.4280376434326,16.756986618042,6.03088760375977,-16.189525604248,-17.6196632385254,-4.68173742294312,19.2369365692139,24.1403255462646,10.6947498321533,4.93954992294312,0.33811250329018,-19.456111907959,-26.6113376617432,-8.46917533874512,16.8467750549316,25.7720375061035,12.0920248031616,3.92919993400574,-7.56043767929077,-25.526050567627,-19.2083377838135,11.8128995895386,6.94539976119995,1.04651248455048,3.01784992218018,-1.48912501335144,-1.00801253318787,-7.79693746566772,-9.34161281585693,6.98087501525879,3.81988739967346,-2.34767508506775,1.14193749427795,-0.35213750600815,-3.50377488136292,-8.81003761291504,52.9090538024902,20.3299503326416,16.4809513092041,4.75800037384033,-1.73400008678436,-20.3839511871338,-20.8009510040283,46.3140029907227,67.0500030517578,28.9860019683838,13.5109510421753,2.29095005989075,-18.0040512084961,-20.5620002746582,10.3639507293701,-6.12195014953613,-3.68400025367737,-5.22600030899048,-0.2250000089407,-1.5859500169754,-4.33305025100708,-7.65195035934448,3.83295011520386,-3.57600021362305,-3.96195030212402,-0.45105001330376,-1.15500009059906,-1.18800008296967,-2.74005007743835,-2.07705020904541,29.7559509277344,18.0970516204834,10.3920001983643,-3.99105024337769,-20.4330005645752,-22.8760509490967,-24.0900020599365,-13.4590501785278,24.7960510253906,22.3960514068604,1.53495001792908,-14.9700002670288,-28.8540019989014,-27.0630016326904,-16.8720016479492,FAN
0.39187499880791,8.47783756256104,18.7313499450684,15.0227003097534,1.0896874666214,-13.5607995986938,-18.9019870758057,-9.36223697662354,-1.2199000120163,2.90289998054504,10.9029245376587,18.3299865722656,11.2639999389648,-0.05637500062585,-2.62418746948242,9.097412109375,22.9539756774902,17.2196750640869,5.97767496109009,2.31137490272522,-4.90613746643066,-21.9480247497559,-24.3770999908447,-5.50247478485107,18.5971508026123,22.6263122558594,9.98291206359863,5.31904983520508,9.73114967346191,10.7386121749878,6.00050020217896,7.98338747024536,-0.6876375079155,1.75271248817444,-0.3814249932766,-3.340012550354,-1.5332624912262,-10.2199621200562,-8.7059497833252,10.0999250411987,3.33850002288818,-4.39326238632202,-1.01323747634888,1.32467496395111,2.2508749961853,66.694953918457,30.7789516448975,21.2860507965088,16.9360504150391,6.93195009231567,-1.59300005435944,-25.9980010986328,-9.85095024108887,71.109001159668,44.626953125,12.400050163269,7.07805013656616,3.58200025558472,-1.20495009422302,0.90900003910065,-3.80595016479492,1.44300007820129,-1.90905010700226,-1.92300009727478,-0.71895003318787,-2.0460000038147,-1.30800008773804,-2.83395004272461,-2.95800018310547,13.5900011062622,4.4389500617981,-1.48305010795593,-1.41795003414154,0.99300003051758,2.15895009040833,23.4540004730225,20.3959503173828,18.0870018005371,7.19700050354004,-9.51000022888184,-24.9240016937256,-31.0909519195557,-28.981050491333,-3.39705014228821,-0.90900003910065,7.81005048751831,9.75,7.04400014877319,3.84405016899109,11.6040000915527,FAN
-14.2260246276855,-2.08229994773865,10.4692497253418,3.19577503204346,-2.31701254844666,-13.3281497955322,-15.7420997619629,-5.60711240768433,3.67633748054504,12.6414747238159,13.0168495178223,4.58906269073486,-1.34433746337891,-6.42798757553101,-10.1875123977661,-19.2829990386963,-7.31389999389648,6.55270004272461,4.63141250610352,-2.20357489585876,-8.65603733062744,-8.85788726806641,-6.7520751953125,-0.74057501554489,6.48697519302368,8.92952537536621,7.80312490463257,2.06745004653931,-5.57961225509644,-6.23562479019165,-7.16416263580322,-2.42728757858276,-0.31404998898506,0.12677499651909,-1.2196249961853,1.83452498912811,3.25613737106323,2.23451256752014,-1.55072498321533,-5.07485008239746,-2.77103757858276,-0.76532500982285,-0.48289999365807,-0.84603750705719,-0.346774995327,13.03005027771,21.5200519561768,20.3160018920898,24.8370018005371,15.6400508880615,7.69905042648315,8.32395076751709,12.8410501480103,35.1979522705078,21.7140007019043,24.5910015106201,25.2520503997803,20.8330516815186,14.4499502182007,-4.75200033187866,5.58195018768311,-8.19405078887939,-2.85000014305115,-1.10205006599426,-11.4559507369995,7.14795017242432,0.22905001044273,-9.4680004119873,-6.71100044250488,-10.6440000534058,-6.26295042037964,-10.1770505905151,-5.86305046081543,-4.60095024108887,-5.72205018997192,-13.3009510040283,-3.12195014953613,13.9129505157471,8.24100017547607,-32.9040031433105,-4.95705032348633,-11.4780006408691,-17.5020008087158,16.2979507446289,29.4319515228271,17.3590507507324,5.94405031204224,-7.27995014190674,-18.4650001525879,-5.25405025482178,FAN
-6.56837511062622,1.67791247367859,7.1875376701355,13.6475620269775,-0.58451247215271,-12.8072996139526,-14.546537399292,-5.12847518920898,7.14546251296997,12.3495626449585,5.63818740844727,0.3119874894619,-5.37377500534058,-10.8183622360229,-0.56045001745224,-8.06519985198975,-0.27692499756813,5.39123725891113,11.4684619903564,-2.70792508125305,-7.74454975128174,-6.28883743286133,-4.48291254043579,4.49253749847412,8.01927471160889,5.90906238555908,0.23539999127388,-6.84997510910034,-9.54965019226074,0.2231625020504,1.98605000972748,-3.14572501182556,-6.55682516098022,-4.53873729705811,-0.16830000281334,2.40033745765686,5.07622480392456,2.5086874961853,-3.87351250648499,-5.57287502288818,-0.55879998207092,-0.80299997329712,-0.32780000567436,1.23873746395111,-0.27114999294281,23.7379512786865,25.4359512329102,29.8090515136719,27.7159519195557,20.8470001220703,8.26395034790039,13.6570510864258,32.9350509643555,31.5510005950928,32.5879516601563,20.5000514984131,16.1290512084961,18.3130512237549,16.4140510559082,31.7689514160156,-5.78700017929077,-6.75405025482178,-2.62005019187927,-4.87395000457764,-4.45005035400391,0.93795001506805,-5.58795022964478,-2.27595019340515,-2.10795021057129,1.25895011425018,-2.21595001220703,-1.16895008087158,-0.66600000858307,5.60100030899048,-7.29795026779175,-12.187050819397,14.8350009918213,26.6250019073486,7.85295057296753,-24.3199520111084,-17.3959503173828,-17.0059509277344,-6.08700037002563,24.961051940918,16.1809501647949,7.48395013809204,-14.1490507125854,-24.318000793457,-18.7690505981445,12.5209503173828,FAN
12.6894626617432,4.81236267089844,0.43353748321533,-4.65918731689453,-13.7890501022339,-13.5276622772217,-2.76278758049011,7.27608728408813,11.5116376876831,8.08018779754639,3.24926257133484,1.56296253204346,0.27335000038147,-6.47212505340576,-12.3140878677368,7.51135015487671,4.07536268234253,-1.9325624704361,-6.62667512893677,-9.59640026092529,-6.09235000610352,3.11258745193481,7.23442506790161,8.36398792266846,5.494225025177,1.63088750839233,-0.19332499802113,-2.55034995079041,-9.59406280517578,-10.5874996185303,0.92675000429153,-0.54491251707077,-0.04606249928474,1.86697494983673,1.70637500286102,1.74487495422363,0.80698752403259,1.27888751029968,4.18591260910034,2.20302510261536,-0.24805000424385,0.29012501239777,1.01062500476837,0.68268752098083,1.81362497806549,23.1270008087158,19.0200004577637,9.375,15.1969509124756,18.9220504760742,17.2309513092041,13.9060506820679,16.9000511169434,24.4039516448975,19.3669509887695,20.4780006408691,12.937050819397,15.6619510650635,21.1350002288818,14.776050567627,2.59305024147034,0.55905002355576,3.12405014038086,3.77595019340515,5.50200033187866,2.5639500617981,-2.78595018386841,2.51100015640259,1.68495011329651,5.34405040740967,-0.22800001502037,1.68495011329651,4.32405042648315,2.07795000076294,1.74495005607605,10.0350008010864,8.93595027923584,-15.5190010070801,-7.86705017089844,-9.11895084381104,5.74305009841919,1.01295006275177,12.892050743103,12.7030506134033,9.86805057525635,11.2690505981445,1.87800014019012,-17.3410511016846,-11.2870502471924,7.76505041122437,FAN
0.30360001325607,-1.34942495822906,-2.97481250762939,-7.60155010223389,-12.1405620574951,-5.39989995956421,0.80822497606277,6.71398735046387,11.9729499816895,6.27893733978271,1.38297498226166,-0.15551249682903,-3.08439993858337,-9.625,-12.2722873687744,2.88584995269775,2.51845002174377,-3.80256247520447,-9.57948780059814,-12.848687171936,-3.52302503585815,3.86457490921021,5.80579996109009,8.99346256256104,7.40574979782104,5.00953769683838,-1.12461245059967,-7.16897487640381,-9.32552528381348,-6.48449993133545,0.78649997711182,-0.07768750190735,-0.64020001888275,-0.32436248660088,2.69926238059998,1.01007497310638,-2.89533758163452,-3.27579998970032,-2.916100025177,-0.34430000185966,0.89402496814728,0.69863748550415,1.15981245040894,2.47499990463257,4.32973766326904,16.3489513397217,11.6650505065918,6.3550500869751,8.63700008392334,22.9260005950928,5.57400035858154,22.5019512176514,22.9860019683838,24.715051651001,21.0100517272949,16.1700000762939,18.6030006408691,13.7869510650635,8.82705020904541,10.8049507141113,3.5269501209259,-5.46600008010864,-1.92300009727478,3.06405019760132,-3.97095012664795,3.57000017166138,0.00795000046492,2.75505018234253,4.09395027160645,0.25995001196861,1.47405004501343,-4.51995038986206,1.42395007610321,1.71795010566711,0.74805003404617,18.0390014648438,-10.3000507354736,7.12995052337646,-18.6559505462646,2.41200017929077,-9.65805053710938,-1.55595004558563,12.081000328064,17.1799507141113,13.243950843811,2.02905011177063,-5.84295034408569,-11.1090002059937,-9.54105091094971,-10.5349502563477,FAN
6.45122480392456,1.40951251983643,-0.15111249685287,-3.8006374835968,-11.3067626953125,-13.018087387085,-6.91556262969971,3.83583736419678,13.0795497894287,10.4905624389648,3.67344999313354,0.50682497024536,-1.798912525177,-8.42325019836426,-13.4836626052856,7.3429126739502,3.0329749584198,-1.32068753242493,-5.44197511672974,-7.89208745956421,-4.75103759765625,-0.36368748545647,5.17838764190674,9.20163726806641,6.9507622718811,4.18027496337891,0.56966251134872,-5.33211231231689,-8.82915019989014,-7.73891258239746,-2.29872488975525,-0.45100000500679,1.39658749103546,3.08275008201599,4.64144992828369,4.93349981307983,1.03317499160767,-2.52917504310608,-2.82906246185303,-1.02987504005432,-0.45649999380112,0.56196248531342,2.12533760070801,3.62133741378784,5.20038747787476,20.8399505615234,17.0149517059326,15.5730009078979,18.3299999237061,14.6470508575439,16.3450508117676,23.086950302124,29.5150508880615,30.2500514984131,25.8070507049561,18.6820507049561,18.3640518188477,23.6779518127441,12.0889501571655,14.649001121521,-1.61700010299683,0.50400000810623,-4.78800010681152,-0.06300000101328,0.82995003461838,7.02795028686523,-1.50195002555847,3.77100014686584,7.55295038223267,2.41995000839233,0.39900001883507,2.35995006561279,-2.71395015716553,5.5290002822876,4.37895011901855,5.84100008010864,1.85895013809204,-9.21705055236816,-21.199951171875,-7.59405040740967,-2.57805013656616,-7.85505056381226,7.63095045089722,13.5559511184692,7.72395038604736,3.13305020332336,-12.9940509796143,-16.4239501953125,-11.7630004882813,-8.56800079345703,FAN
-0.4824874997139,2.30628752708435,4.10465002059937,3.29037499427795,-2.26118755340576,-3.53443741798401,-1.75312495231628,-2.84693741798401,-12.914137840271,-12.261287689209,-7.26082515716553,-28.358549118042,-24.3328247070313,-2.95377492904663,-1.47399997711182,-3.16071248054504,3.14517498016357,4.48057508468628,0.94696247577667,-3.92370009422302,-5.03442478179932,-2.81242489814758,0.95314997434616,10.4009122848511,5.79314994812012,-6.83498764038086,-10.2388000488281,-11.0759000778198,-6.16068744659424,0.61187499761581,-1.63020002841949,-2.25761246681213,-3.16786241531372,-3.63412499427795,-1.47344994544983,-0.89237499237061,-1.37637495994568,-0.36629998683929,3.46197509765625,3.95106244087219,-0.21037499606609,-1.33608746528625,0.95122498273849,0.35832500457764,-1.73414993286133,-5.05395030975342,-7.51605033874512,-8.21505069732666,-1.357950091362,-2.30895018577576,-5.08500003814697,-1.21200001239777,-7.21200037002563,-59.1910514831543,-46.6909523010254,-22.441951751709,-18.6340503692627,-16.6600513458252,-21.3690013885498,-25.3540515899658,2.85600018501282,4.5799503326416,3.67500019073486,-0.96300005912781,-0.86505001783371,0.26700001955032,-3.94695019721985,2.49195003509521,-10.2730503082275,0.0679500028491,10.0890007019043,-1.66005003452301,-3.25305008888245,-2.47200012207031,0.88695001602173,5.14695024490356,7.36695051193237,10.0930500030518,11.7960004806519,16.3050003051758,21.949951171875,10.8139505386353,-51.8389511108398,-26.6290512084961,27.832950592041,14.1400508880615,31.7560520172119,17.3520011901855,8.45400047302246,6.80205011367798,FAN
24.0556240081787,8.20338726043701,-7.85221242904663,-22.817024230957,-17.4574127197266,-2.64879989624023,-0.27046251296997,2.58197498321533,14.9203996658325,22.5770874023438,9.81433773040771,-8.92622470855713,-24.2819499969482,-18.1615505218506,-2.55736255645752,11.8581371307373,2.78355002403259,-6.94457483291626,-12.0286378860474,-10.5389623641968,-4.48153734207153,1.69111251831055,7.56291246414185,9.86617469787598,10.1378746032715,3.76021242141724,-5.27353763580322,-9.11047458648682,-8.44483757019043,-3.07876253128052,8.22305011749268,4.56568765640259,-4.34018754959106,-4.20144987106323,-0.07686249911785,0.27816250920296,-0.29576250910759,0.61916249990463,3.47407507896423,9.90811252593994,7.48481225967407,-3.57692503929138,-5.23764991760254,-1.37128746509552,-0.69849997758865,-52.8300018310547,-38.6440505981445,-39.3070526123047,-23.5870513916016,-21.3210010528564,-26.5350017547607,-31.5739517211914,-22.7790012359619,-6.51195049285889,-47.2450523376465,-37.1350517272949,-29.3110523223877,-27.984001159668,-24.4890003204346,-23.5360507965088,-1.45200002193451,4.17795038223267,1.35705006122589,-2.67300009727478,-4.27095031738281,2.34300017356873,3.10695004463196,2.7940502166748,-5.91600036621094,5.59095048904419,10.0290002822876,8.68095016479492,-1.93305003643036,1.15305006504059,4.4650502204895,-24.6270008087158,3.21900010108948,14.0800504684448,26.2279510498047,15.6829509735107,4.28205013275146,-4.80600023269653,-11.4760503768921,-62.0970039367676,-28.1119518280029,7.43895053863525,21.5340003967285,28.5510005950928,7.17795038223267,2.74500012397766,FAN
22.5770874023438,9.81433773040771,-8.92622470855713,-24.2819499969482,-18.1615505218506,-2.55736255645752,0.42460000514984,3.71621251106262,16.2039623260498,21.2397632598877,7.99053764343262,-9.88253784179688,-24.4726619720459,-17.2647743225098,-2.72717499732971,10.1378746032715,3.76021242141724,-5.27353763580322,-9.11047458648682,-8.44483757019043,-3.07876253128052,2.88791251182556,6.49508762359619,8.10768699645996,7.83296251296997,2.59283757209778,-5.12655019760132,-8.8057746887207,-7.75444984436035,-3.83872509002686,9.90811252593994,7.48481225967407,-3.57692503929138,-5.23764991760254,-1.37128746509552,-0.69849997758865,-0.85566252470016,0.62809997797012,4.13737487792969,9.42108726501465,6.33311223983765,-4.70442485809326,-6.58281230926514,-1.87934994697571,-0.776462495327,-47.2450523376465,-37.1350517272949,-29.3110523223877,-27.984001159668,-24.4890003204346,-23.5360507965088,-29.7490520477295,-24.1300506591797,-9.55695056915283,-45.5389518737793,-40.2100524902344,-32.8980026245117,-29.4349517822266,-22.19700050354,-19.8460502624512,5.59095048904419,10.0290002822876,8.68095016479492,-1.93305003643036,1.15305006504059,4.4650502204895,5.30100011825562,3.4740002155304,-0.73995006084442,7.01100015640259,11.1670503616333,4.14900016784668,-1.06605005264282,-1.35105001926422,2.05605006217957,-28.1119518280029,7.43895053863525,21.5340003967285,28.5510005950928,7.17795038223267,2.74500012397766,0.10305000841618,-18.4669513702393,-57.2610015869141,-24.8809509277344,2.9719500541687,24.7650012969971,30.9799518585205,7.50405025482178,1.71705007553101,FAN
21.1435127258301,15.3082876205444,-3.11877489089966,-20.7993507385254,-21.9583377838135,-5.31492519378662,-0.59386247396469,1.24863743782043,8.44236278533936,21.5931377410889,13.6027374267578,-11.8317375183105,-22.8090496063232,-13.4285249710083,-2.22488737106323,8.26539993286133,5.00802516937256,-2.9074375629425,-7.44768762588501,-9.92722511291504,-6.63712501525879,-0.09047500044107,6.5063624382019,11.2488746643066,10.8564500808716,3.13582491874695,-5.34228754043579,-10.1909503936768,-9.66968727111816,-3.58654999732971,10.2095127105713,9.93781280517578,-1.53202497959137,-7.94378757476807,-5.42052507400513,-0.2231625020504,-0.3103374838829,0.31267499923706,2.08051252365112,13.3020248413086,11.2912244796753,-6.96258735656738,-8.30802536010742,-2.394700050354,-2.23946237564087,-26.2999515533447,-39.7909507751465,-34.6560020446777,-27.5929508209229,-23.0550003051758,-23.0310020446777,-22.1419506072998,-20.6479511260986,-14.7610502243042,-41.1799507141113,-41.7169532775879,-27.1810512542725,-19.8049507141113,-14.7469511032104,-17.4910507202148,4.42995023727417,8.60595035552979,3.58395028114319,0.47295001149178,1.24905002117157,2.52300000190735,2.07300019264221,0.90195006132126,-2.04299998283386,5.76405048370361,5.34705018997192,5.97900009155273,-5.36295032501221,-2.48400020599365,-0.5869500041008,-33.2779502868652,0.80205005407333,11.7379503250122,30.7110023498535,16.4419498443604,4.8880500793457,-2.86605024337769,-9.52395057678223,-68.8560028076172,-24.1740016937256,10.1670007705688,22.0630512237549,10.7200508117676,10.9189500808716,12.7249507904053,FAN
16.3648376464844,-0.54312497377396,-20.0094127655029,-24.9957122802734,-8.49296283721924,-1.09037494659424,0.3617624938488,2.39882493019104,16.2713375091553,22.3258743286133,7.91944980621338,-8.89515018463135,-24.4743118286133,-19.0793628692627,-4.09777498245239,4.74911260604858,-3.12069988250732,-9.00927448272705,-9.07225036621094,-5.65675020217896,-0.85868752002716,2.90949988365173,4.52072477340698,8.66607475280762,9.86094951629639,2.90152502059937,-4.73508739471436,-7.68886232376099,-6.82921266555786,-5.10675001144409,8.14797496795654,-0.35420000553131,-4.27748727798462,-1.22691249847412,2.22557497024536,0.10807500034571,-0.9842249751091,-0.54367500543594,2.19023752212524,7.43984985351563,5.68039989471436,-2.99117493629456,-4.38721227645874,-0.55110001564026,0.19731250405312,-36.7950019836426,-27.4450511932373,-31.1790008544922,-24.2160015106201,-24.9210014343262,-19.359001159668,-22.4970016479492,-27.8689517974854,-12.3300008773804,-37.1779518127441,-35.2669525146484,-35.3200531005859,-18.1590003967285,-18.9090003967285,-22.0440006256104,4.20405006408691,6.23805046081543,7.34205055236816,2.46600008010864,2.55900001525879,1.95300006866455,5.44695043563843,-2.24895000457764,-3.82305026054382,9.17205047607422,9.06105041503906,2.25195002555847,3.05505013465881,0.50894999504089,1.91700005531311,1.62600004673004,8.28705024719238,25.969051361084,22.3170013427734,7.54395055770874,0.67995005846024,8.97405052185059,-11.1880502700806,-54.2959518432617,-12.2059507369995,-3.12000012397766,16.6840515136719,26.7670516967773,15.4549503326416,4.18905019760132,FAN
-4.09777498245239,-0.42088750004768,1.18992495536804,2.56533741950989,6.88765001296997,19.7581996917725,18.0613117218018,1.04005002975464,-18.5086002349854,-21.2924251556396,-7.86252498626709,-2.28978753089905,2.1513249874115,2.3095874786377,0.66123747825623,-5.10675001144409,-0.09281250089407,4.74760007858276,4.19306230545044,3.34771251678467,5.11362504959106,3.08591246604919,0.28737500309944,-4.80823755264282,-6.2396125793457,-3.449049949646,-2.96972489356995,-1.70761251449585,-0.80079996585846,0.97886252403259,0.19731250405312,-0.12072499841452,0.11591249704361,0.41799998283386,1.39534997940063,6.01218748092651,6.4809250831604,0.95301246643066,-5.236412525177,-5.39412498474121,-1.8738499879837,-0.81014996767044,2.65347504615784,2.41463756561279,0.01484999991953,-22.0440006256104,-15.5200510025024,-19.6540508270264,-22.0009517669678,-9.98805046081543,-16.5790500640869,-10.2180004119873,-21.3540000915527,-26.4289512634277,-8.13600063323975,-18.844051361084,-15.256950378418,-14.4259510040283,-15.0790510177612,-16.2070503234863,1.91700005531311,2.69805002212524,3.3469500541687,6.73095035552979,2.46105003356934,-2.01705002784729,5.8690505027771,9.16005039215088,-7.25505018234253,-1.9039500951767,5.57205009460449,4.20705032348633,5.59095048904419,4.28805017471313,2.79105019569397,4.18905019760132,-0.42495003342628,10.3699502944946,-6.95205020904541,-22.9720516204834,-9.36795043945313,-0.04905000329018,-0.53505003452301,15.6079511642456,4.74495029449463,6.22905015945435,12.5020503997803,11.5630502700806,1.08000004291534,5.43195009231567,FAN
-0.31102499365807,-13.4091377258301,-21.5969867706299,-11.8817873001099,-3.75306248664856,-0.12773749232292,1.90781247615814,4.39106225967407,22.1740741729736,22.7613372802734,0.39765000343323,-19.166675567627,-22.571174621582,-16.1902122497559,-1.15238749980927,-0.57956248521805,-1.40415000915527,-2.26049995422363,-4.5992374420166,-6.30616235733032,-0.96593749523163,4.76423740386963,6.27687501907349,7.05113744735718,4.89335012435913,-0.95081251859665,-5.15501260757446,-6.81917476654053,-7.55452489852905,-2.33048748970032,1.47592496871948,-4.67417478561401,-6.51529979705811,-2.08284997940063,-0.24653749167919,1.1475750207901,1.40635001659393,0.18136249482632,7.42238759994507,10.4869871139526,0.78539997339249,-7.31692504882813,-6.60082483291626,-2.51349997520447,-1.94741249084473,-25.2150020599365,-29.287052154541,-22.056001663208,-19.7640018463135,-21.2920513153076,-20.3700008392334,-19.1170501708984,-22.1350517272949,-27.0780010223389,-38.5960502624512,-27.6720008850098,-26.2350006103516,-24.2670021057129,-19.0819511413574,-21.9100513458252,10.5010509490967,1.27800011634827,1.00905001163483,4.42694997787476,6.01005029678345,5.05005025863647,7.88595056533813,1.01400005817413,-0.41895002126694,10.44105052948,7.26000022888184,3.3229501247406,-2.15295004844666,-0.05805000290275,1.71405005455017,-13.488000869751,11.8840503692627,23.3130016326904,20.0340003967285,2.81895017623901,1.3819500207901,5.57595014572144,-38.2639503479004,-42.2929534912109,5.5009503364563,2.4019501209259,14.1349506378174,15.831000328064,17.131950378418,2.19900012016296,FAN
22.7613372802734,0.39765000343323,-19.166675567627,-22.571174621582,-16.1902122497559,-1.15238749980927,-0.25038748979568,0.84122496843338,8.63761234283447,19.412525177002,12.7635746002197,-16.1654624938965,-24.4095497131348,-10.4172744750977,-1.96350002288818,4.89335012435913,-0.95081251859665,-5.15501260757446,-6.81917476654053,-7.55452489852905,-2.33048748970032,1.28645002841949,4.96457481384277,11.1314496994019,12.6739253997803,2.40157508850098,-5.71656227111816,-9.42246246337891,-7.77823734283447,-3.38634991645813,10.4869871139526,0.78539997339249,-7.31692504882813,-6.60082483291626,-2.51349997520447,-1.94741249084473,-0.48276248574257,1.36386251449585,1.87660002708435,9.30888748168945,10.6510248184204,-5.83123731613159,-5.75368738174438,-1.43673753738403,-2.97838759422302,-38.5960502624512,-27.6720008850098,-26.2350006103516,-24.2670021057129,-19.0819511413574,-21.9100513458252,-24.65505027771,-30.0289516448975,-18.1450500488281,-37.9540519714355,-31.1760005950928,-23.0479507446289,-21.5560512542725,-16.6720504760742,-26.3310012817383,10.44105052948,7.26000022888184,3.3229501247406,-2.15295004844666,-0.05805000290275,1.71405005455017,6.9060001373291,-3.84195017814636,-6.40200042724609,1.19895005226135,7.9480504989624,3.66795015335083,-8.18205070495605,-2.03595018386841,-0.08400000631809,5.5009503364563,2.4019501209259,14.1349506378174,15.831000328064,17.131950378418,2.19900012016296,3.7630500793457,-14.7640504837036,-68.1280517578125,-32.506950378418,14.6959505081177,14.1450004577637,11.9800510406494,19.6219501495361,10.4059505462646,FAN
-10.4172744750977,-1.96350002288818,-0.55082499980927,-0.25327500700951,0.51067501306534,21.5371742248535,21.4073753356934,5.5877251625061,-21.7086372375488,-20.2009506225586,-4.29398727416992,-0.7265499830246,0.02584999985993,2.98897504806519,12.7085752487183,-7.77823734283447,-3.38634991645813,-0.09006249904633,2.27452492713928,5.17659997940063,10.7487878799438,8.66195011138916,-0.08057499676943,-8.484299659729,-10.2998495101929,-6.21169996261597,-0.42446249723434,4.94780015945435,8.22043704986572,6.60921239852905,-1.43673753738403,-2.97838759422302,-0.73136252164841,1.14345002174377,2.41532492637634,12.1437253952026,13.2644872665405,5.64327478408813,-7.63619995117188,-4.30512475967407,-0.59262502193451,-0.82719999551773,-0.03451250120997,0.96112501621246,3.47146248817444,-16.6720504760742,-26.3310012817383,-30.9630012512207,-29.976001739502,-20.4130516052246,-30.1030521392822,-37.2360000610352,-28.1749515533447,-30.1579513549805,-23.9290504455566,-26.9059505462646,-26.7220516204834,-24.5350513458252,-23.2819519042969,-6.20595026016235,-2.03595018386841,-0.08400000631809,3.72105026245117,5.33505010604858,4.875,4.66395044326782,6.83895015716553,3.92700028419495,-1.13295006752014,-0.21795001626015,-0.88395005464554,-0.79305005073547,3.63000011444092,-0.61095005273819,-2.33505010604858,19.6219501495361,10.4059505462646,0.01695000007749,-12.7930507659912,-18.0100517272949,-23.6449508666992,-9.9529504776001,7.24305057525635,27.8680515289307,22.4749507904053,3.81795024871826,1.64805006980896,-7.09095048904419,-16.9099502563477,-7.57200050354004,FAN
-16.4275379180908,-22.2015743255615,-4.48414993286133,0.52415001392365,2.29528737068176,20.0212383270264,16.7238502502441,-1.88443744182587,-0.74236249923706,-18.4519500732422,-28.8645496368408,-12.7382745742798,0.76340001821518,15.8779497146606,12.2123374938965,-21.5140743255615,-9.17523765563965,-3.9502375125885,-0.71156251430511,3.93965005874634,23.2223739624023,25.1086006164551,3.63921236991882,-15.0111503601074,-20.2819366455078,-10.0886497497559,-4.70786237716675,-0.84672498703003,11.9998998641968,22.3518619537354,-0.50132501125336,8.99731254577637,3.30797505378723,0.46502500772476,-2.04297494888306,-7.77163743972778,-7.2899751663208,-1.04610002040863,1.43233752250671,3.25008749961853,6.81628751754761,5.0436372756958,0.22439999878407,-4.30704975128174,-5.02411270141602,-20.5639514923096,-17.1439514160156,-12.8380508422852,-9.48495006561279,-5.52105045318604,7.69095039367676,-9.2790002822876,-57.9910545349121,-62.8699531555176,-24.564001083374,-9.43200016021729,-12.1099510192871,-7.52295017242432,13.9950008392334,-0.80505001544952,-7.25505018234253,-3.25305008888245,-2.68305015563965,0.11100000888109,-0.1219500079751,6.19905042648315,4.42005014419556,5.7199501991272,-8.14305019378662,0.28095000982285,-0.52500003576279,-0.45300000905991,-0.10605000704527,1.99605011940002,0.71205002069473,25.4449520111084,28.7689514160156,14.0350503921509,-1.69500005245209,-20.170051574707,-52.711051940918,-28.3579521179199,-0.31005001068115,74.8300552368164,2.49600005149841,22.8049507141113,3.66000008583069,-14.8270511627197,-55.0459518432617,-32.6910018920898,FAN
-0.74236249923706,-18.4519500732422,-28.8645496368408,-12.7382745742798,0.76340001821518,15.8779497146606,12.2123374938965,-1.34296250343323,0.59014999866486,-25.7208881378174,-29.9627628326416,-4.2389874458313,-3.09966254234314,-22.9365119934082,-23.1904754638672,-15.0111503601074,-20.2819366455078,-10.0886497497559,-4.70786237716675,-0.84672498703003,11.9998998641968,22.3518619537354,10.7761497497559,-9.92351245880127,-20.3072376251221,-9.3894624710083,-4.37937498092651,-0.60857498645782,7.05058765411377,16.7105121612549,1.43233752250671,3.25008749961853,6.81628751754761,5.0436372756958,0.22439999878407,-4.30704975128174,-5.02411270141602,-1.84291243553162,0.37152498960495,3.44245004653931,5.08529996871948,0.62521249055862,-0.33178749680519,2.03032493591309,0.76711249351501,-62.8699531555176,-24.564001083374,-9.43200016021729,-12.1099510192871,-7.52295017242432,13.9950008392334,-0.80505001544952,-48.5160026550293,-71.4029998779297,-11.4870004653931,-11.4750003814697,-14.0860509872437,-5.63100004196167,13.9759502410889,-0.82395005226135,-8.14305019378662,0.28095000982285,-0.52500003576279,-0.45300000905991,-0.10605000704527,1.99605011940002,0.71205002069473,3.23400020599365,-12.1860008239746,-4.24200010299683,-6.99900054931641,0.11805000901222,-2.24205017089844,-0.01500000059605,3.44805026054382,74.8300552368164,2.49600005149841,22.8049507141113,3.66000008583069,-14.8270511627197,-55.0459518432617,-32.6910018920898,-25.5949516296387,78.8320541381836,16.5379505157471,20.0580005645752,1.46805012226105,-22.3300514221191,-47.7919540405273,-34.4869499206543,FAN
0.59014999866486,-25.7208881378174,-29.9627628326416,-4.2389874458313,-3.09966254234314,-22.9365119934082,-23.1904754638672,-3.71071243286133,1.19336247444153,-1.94988751411438,-27.7833881378174,-25.0098743438721,-0.04262499883771,20.8334503173828,23.4585990905762,-9.92351245880127,-20.3072376251221,-9.3894624710083,-4.37937498092651,-0.60857498645782,7.05058765411377,16.7105121612549,9.07582473754883,-8.55071258544922,-20.1458129882813,-19.3074741363525,-12.4387998580933,-4.24847507476807,9.34793758392334,24.7955131530762,0.37152498960495,3.44245004653931,5.08529996871948,0.62521249055862,-0.33178749680519,2.03032493591309,0.76711249351501,-2.02702498435974,0.84122496843338,0.22329999506474,0.84658747911453,2.68537497520447,0.62150001525879,-3.10887503623962,-0.44206249713898,-71.4029998779297,-11.4870004653931,-11.4750003814697,-14.0860509872437,-5.63100004196167,13.9759502410889,-0.82395005226135,-42.3349533081055,-77.9920501708984,-22.5690002441406,-8.93400001525879,-11.9920501708984,-1.58400011062622,2.0749499797821,9.12600040435791,-12.1860008239746,-4.24200010299683,-6.99900054931641,0.11805000901222,-2.24205017089844,-0.01500000059605,3.44805026054382,-0.81705003976822,-9.85605049133301,-3.43200016021729,-3.25005006790161,-1.02300000190735,0.49200001358986,1.98405003547668,0.53505003452301,78.8320541381836,16.5379505157471,20.0580005645752,1.46805012226105,-22.3300514221191,-47.7919540405273,-34.4869499206543,-27.094051361084,78.8320541381836,1.03694999217987,18.0919513702393,5.45805025100708,-12.1560001373291,-14.9080505371094,-21.3670501708984,FAN
-2.33034992218018,-27.0280990600586,-16.0932750701904,-0.16156250238419,5.06384992599487,-4.20626258850098,-4.71748733520508,-1.44924998283386,-5.33981227874756,-19.6978378295898,-21.015775680542,-1.37252497673035,16.8238124847412,23.8589992523193,6.86702489852905,-21.6763248443604,-14.5079002380371,-4.19801235198975,-1.46561253070831,6.10389995574951,21.2511749267578,19.4880123138428,-4.21203756332397,-20.8337249755859,-23.6996364593506,-6.89108753204346,-1.4221625328064,7.13404989242554,22.160737991333,21.5228748321533,4.15112495422363,6.89012479782104,6.02360010147095,-0.7294374704361,-4.8437123298645,-6.67961263656616,-11.8857746124268,3.31608748435974,10.8796873092651,2.61043739318848,6.74258756637573,1.12777495384216,-5.90122509002686,-6.65678739547729,-5.51856231689453,-61.0590019226074,-13.6930503845215,-10.9549503326416,-4.22504997253418,8.80695056915283,15.808051109314,5.32305002212524,-42.5770530700684,-51.9649505615234,-32.9580001831055,-25.5960006713867,-15.223051071167,-2.3929500579834,11.4990005493164,-1.22205007076263,2.61195015907288,-2.97495007514954,-4.64700031280518,1.35405004024506,-1.04895007610321,-5.04705047607422,2.63100004196167,7.77795028686523,-20.1970500946045,3.81900024414063,-4.39005041122437,-3.91605019569397,-3.51600027084351,4.56405019760132,-0.93195003271103,42.8950538635254,18.6859512329102,5.07705020904541,-10.9630508422852,-24.3229503631592,-24.9310512542725,-21.4870510101318,-3.87900018692017,57.703052520752,19.2660007476807,15.6349506378174,-9.27195072174072,-39.411003112793,-45.1240539550781,-25.5900020599365,FAN
-5.33981227874756,-19.6978378295898,-21.015775680542,-1.37252497673035,16.8238124847412,23.8589992523193,6.86702489852905,-2.48723745346069,0.66123747825623,-5.37762498855591,-25.8699378967285,-21.1462631225586,-0.75556248426437,14.1769371032715,11.0254373550415,-20.8337249755859,-23.6996364593506,-6.89108753204346,-1.4221625328064,7.13404989242554,22.160737991333,21.5228748321533,5.30557489395142,-9.96930027008057,-23.1764507293701,-15.4153995513916,-5.25841236114502,-2.43374991416931,5.31217479705811,22.2345752716064,10.8796873092651,2.61043739318848,6.74258756637573,1.12777495384216,-5.90122509002686,-6.65678739547729,-5.51856231689453,-7.36862516403198,5.40746259689331,9.05478763580322,7.56043767929077,8.02394962310791,0.03176249936223,-9.67449951171875,-11.8479623794556,-51.9649505615234,-32.9580001831055,-25.5960006713867,-15.223051071167,-2.3929500579834,11.4990005493164,-1.22205007076263,-28.9969520568848,-78.0210037231445,-38.9839515686035,-11.2590007781982,-10.735050201416,-7.31700038909912,-2.06295013427734,3.82605028152466,-20.1970500946045,3.81900024414063,-4.39005041122437,-3.91605019569397,-3.51600027084351,4.56405019760132,-0.93195003271103,6.24300050735474,-6.57195043563843,1.16505002975464,3.26100015640259,-4.14795017242432,-1.80105006694794,-4.23705005645752,1.95300006866455,57.703052520752,19.2660007476807,15.6349506378174,-9.27195072174072,-39.411003112793,-45.1240539550781,-25.5900020599365,-21.3220500946045,74.22705078125,7.60200023651123,16.6069507598877,9.62100028991699,-6.28305006027222,-23.9590511322021,-37.3129501342773,FAN
-5.37762498855591,-25.8699378967285,-21.1462631225586,-0.75556248426437,14.1769371032715,11.0254373550415,-4.81676244735718,-3.47517490386963,0.69547498226166,2.77502489089966,-27.402099609375,-23.3077621459961,-0.30456250905991,2.81874990463257,-3.69861245155334,-23.1764507293701,-15.4153995513916,-5.25841236114502,-2.43374991416931,5.31217479705811,22.2345752716064,21.0659618377686,4.12197494506836,-7.01098728179932,-19.9704990386963,-14.8071002960205,-8.531325340271,-1.1143000125885,5.02810001373291,22.046199798584,9.05478763580322,7.56043767929077,8.02394962310791,0.03176249936223,-9.67449951171875,-11.8479623794556,-9.50056266784668,-12.9600620269775,7.73698759078979,12.6981248855591,3.91833758354187,4.34788751602173,-1.58070003986359,-3.03668737411499,0.43340000510216,-38.9839515686035,-11.2590007781982,-10.735050201416,-7.31700038909912,-2.06295013427734,3.82605028152466,2.99205017089844,-21.7590007781982,-78.097053527832,-57.5689544677734,-10.9600505828857,-8.45700073242188,-4.22504997253418,10.0669507980347,5.83305025100708,1.16505002975464,3.26100015640259,-4.14795017242432,-1.80105006694794,-4.23705005645752,1.95300006866455,4.63800001144409,2.61195015907288,-16.0159511566162,-8.95005035400391,-9.21900081634521,-6.57705020904541,3.57900023460388,5.02305030822754,9.83700084686279,7.60200023651123,16.6069507598877,9.62100028991699,-6.28305006027222,-23.9590511322021,-37.3129501342773,-32.6530532836914,-32.5570526123047,29.5950012207031,34.2510032653809,21.4399509429932,-0.30105000734329,-6.40305042266846,-22.5270004272461,-29.8669509887695,FAN
-3.15218758583069,-3.85261249542236,-19.2737865447998,-16.9503116607666,-0.42803749442101,19.628812789917,18.0188255310059,0.97473746538162,-1.20106244087219,-9.57233715057373,-28.0214004516602,-5.50343751907349,-1.19295001029968,25.621337890625,26.0420875549316,5.87564992904663,-24.3274631500244,-25.1325244903564,-8.496262550354,-3.42636251449585,13.9127998352051,22.377986907959,6.17705011367798,-13.1755247116089,-23.8250370025635,-5.43166255950928,-6.1727876663208,-3.79953742027283,15.4187002182007,17.509937286377,-2.1041624546051,-3.65199995040894,-0.18576249480247,5.88953733444214,2.10430002212524,-3.79926252365112,-10.2272500991821,-6.7783374786377,9.42658710479736,11.3320627212524,7.22493743896484,2.43333745002747,0.6210874915123,-4.58232498168945,-7.48164987564087,-27.2389507293701,-52.7080535888672,-10.1839504241943,-9.80295085906982,-2.24700021743774,24.9739513397217,7.52100038528442,-35.9860534667969,-45.1590003967285,-22.8900012969971,-15.7360506057739,-5.5570502281189,-0.56295001506805,14.5909509658813,-9.29295063018799,-2.58705019950867,-8.62695026397705,2.96895003318787,1.37595009803772,-1.5330001115799,-4.95600032806396,-3.56205010414124,4.57305002212524,1.00200009346008,6.78405046463013,-2.90805006027222,3.43995022773743,2.08200001716614,-0.84300005435944,-3.25995016098022,-8.79795074462891,33.4870529174805,17.8020000457764,13.0099506378174,-2.32200002670288,-34.2739524841309,-20.3280010223389,-21.4129505157471,62.920051574707,-14.1250505447388,25.4380512237549,10.3750505447388,-4.80795001983643,-57.2400016784668,-27.6690006256104,FAN
2.69472503662109,2.03128743171692,-21.8245506286621,-26.9146614074707,-2.62831258773804,10.9340000152588,23.7085742950439,13.9735746383667,0.66096252202988,3.21021246910095,-2.16700005531311,-26.5067005157471,0.6239749789238,22.8267879486084,23.2773742675781,-0.52057498693466,-19.2801132202148,-22.7070255279541,-10.1032247543335,-3.27043747901917,4.7711124420166,21.401050567627,21.9676876068115,3.20388746261597,-15.78005027771,-20.4371757507324,-10.8403625488281,-0.43064999580383,12.6972999572754,21.2293128967285,-2.68427491188049,3.14063739776611,8.58687496185303,9.02618789672852,1.92431247234344,-6.38989973068237,-6.45301246643066,-5.26322507858276,-2.39978742599487,6.6719126701355,8.36178779602051,10.6386499404907,-0.68983751535416,-7.18946266174316,-6.40887498855591,-55.8360023498535,-59.5810546875,-19.47705078125,-23.3640003204346,-13.8820505142212,-8.50305080413818,19.1110515594482,-13.6330509185791,-78.235954284668,-58.6330528259277,-34.8930015563965,-19.7710514068604,-6.18195009231567,1.60995006561279,11.3290500640869,-11.6980504989624,12.1180505752563,-1.04895007610321,1.05300009250641,-3.5350501537323,-0.22095000743866,-11.086950302124,-7.0489501953125,-8.18595027923584,7.81800031661987,1.06905007362366,-1.59300005435944,0.14505000412464,0.02700000070035,-0.06300000101328,25.4110507965088,35.6569519042969,28.4820022583008,15.3550510406494,-8.60205078125,-37.933952331543,-57.9990043640137,-42.0559501647949,24.5010013580322,46.851001739502,21.8640003204346,13.6800003051758,-21.7290000915527,-34.6879501342773,-49.279052734375,FAN
0.66096252202988,3.21021246910095,-2.16700005531311,-26.5067005157471,0.6239749789238,22.8267879486084,23.2773742675781,-0.86776250600815,-0.61242496967316,-5.39907503128052,-22.5772247314453,-21.2905006408691,-1.89254999160767,4.89830017089844,26.9664993286133,3.20388746261597,-15.78005027771,-20.4371757507324,-10.8403625488281,-0.43064999580383,12.6972999572754,21.2293128967285,15.3514623641968,-3.64883756637573,-22.2666130065918,-19.7598495483398,-6.0263500213623,-2.57688736915588,-1.3171124458313,17.0412006378174,-2.39978742599487,6.6719126701355,8.36178779602051,10.6386499404907,-0.68983751535416,-7.18946266174316,-6.40887498855591,-5.03359985351563,1.14867496490479,4.22881269454956,5.55953741073608,8.62248706817627,2.28236246109009,-0.26578751206398,-5.7056999206543,-78.235954284668,-58.6330528259277,-34.8930015563965,-19.7710514068604,-6.18195009231567,1.60995006561279,11.3290500640869,-18.6979503631592,-77.2690505981445,-53.9700012207031,-8.73000049591064,-9.86295032501221,-6.02595043182373,2.14005017280579,13.0590009689331,-8.18595027923584,7.81800031661987,1.06905007362366,-1.59300005435944,0.14505000412464,0.02700000070035,-0.06300000101328,3.507000207901,-1.50000011920929,-3.28605008125305,5.7610502243042,1.42095005512238,2.16405010223389,-0.95100003480911,-3.56595015525818,24.5010013580322,46.851001739502,21.8640003204346,13.6800003051758,-21.7290000915527,-34.6879501342773,-49.279052734375,-15.6100511550903,30.7519512176514,43.4580001831055,19.1820011138916,10.9189500808716,-5.85705041885376,-17.1040515899658,-28.1569519042969,FAN
-5.39907503128052,-22.5772247314453,-21.2905006408691,-1.89254999160767,4.89830017089844,26.9664993286133,23.5520992279053,-0.4086500108242,-3.21626257896423,-20.4344253540039,-17.9883003234863,0.20913749933243,24.3940124511719,23.8754997253418,1.42958748340607,-22.2666130065918,-19.7598495483398,-6.0263500213623,-2.57688736915588,-1.3171124458313,17.0412006378174,19.4381008148193,0.44371250271797,-18.6345500946045,-22.6857128143311,-4.24132490158081,-0.53281247615814,10.1616621017456,22.6877746582031,14.3885498046875,4.22881269454956,5.55953741073608,8.62248706817627,2.28236246109009,-0.26578751206398,-5.7056999206543,-7.71581268310547,-2.00048756599426,5.82133769989014,5.6006498336792,7.01552486419678,0.21092499792576,-4.72532510757446,-4.81153726577759,-3.57981252670288,-53.9700012207031,-8.73000049591064,-9.86295032501221,-6.02595043182373,2.14005017280579,13.0590009689331,5.52600049972534,-39.492000579834,-56.4919509887695,-32.3140525817871,-11.1900005340576,-12.76305103302,12.0580501556396,6.69300031661987,-31.651050567627,-3.28605008125305,5.7610502243042,1.42095005512238,2.16405010223389,-0.95100003480911,-3.56595015525818,2.21895003318787,2.71905016899109,-2.59200000762939,4.36995029449463,-1.74405002593994,-0.31905001401901,0.15000000596046,0.70800000429153,2.84595012664795,43.4580001831055,19.1820011138916,10.9189500808716,-5.85705041885376,-17.1040515899658,-28.1569519042969,-27.7290019989014,-0.55500000715256,57.868953704834,22.5990009307861,6.11700010299683,-17.0680503845215,-63.3690032958984,-37.1190032958984,-22.3060512542725,FAN
-0.4086500108242,-3.21626257896423,-20.4344253540039,-17.9883003234863,0.20913749933243,24.3940124511719,23.8754997253418,1.42958748340607,0.61008751392365,-6.16797494888306,-24.0798244476318,-18.6001739501953,5.29759979248047,24.2008247375488,9.32841205596924,0.44371250271797,-18.6345500946045,-22.6857128143311,-4.24132490158081,-0.53281247615814,10.1616621017456,22.6877746582031,14.3885498046875,-6.25899982452393,-22.2876491546631,-19.5443878173828,-6.83113765716553,-0.08249999582767,20.4930000305176,21.0562000274658,-2.00048756599426,5.82133769989014,5.6006498336792,7.01552486419678,0.21092499792576,-4.72532510757446,-4.81153726577759,-3.57981252670288,1.21976244449615,3.49992489814758,5.04501247406006,6.52355003356934,-1.34736251831055,-4.36768770217896,-5.41103744506836,-39.492000579834,-56.4919509887695,-32.3140525817871,-11.1900005340576,-12.76305103302,12.0580501556396,6.69300031661987,-31.651050567627,-78.0679550170898,-34.6230010986328,-14.4829511642456,-13.0579509735107,-5.53305006027222,12.9600009918213,-5.58105039596558,2.71905016899109,-2.59200000762939,4.36995029449463,-1.74405002593994,-0.31905001401901,0.15000000596046,0.70800000429153,2.84595012664795,-6.27795028686523,-3.05400013923645,3.19095015525818,1.66095006465912,-2.09805011749268,-0.60600000619888,-0.27300000190735,-0.55500000715256,57.868953704834,22.5990009307861,6.11700010299683,-17.0680503845215,-63.3690032958984,-37.1190032958984,-22.3060512542725,78.8320541381836,1.0110000371933,21.3210010528564,0.06900000572205,-20.1030006408691,-48.6990013122559,-21.0559501647949,FAN
12.7181997299194,25.822774887085,27.1561126708984,10.0661001205444,2.30312490463257,19.4871883392334,18.7160873413086,-0.59028750658035,1.42133748531342,-20.5979118347168,-21.5813121795654,-1.63652503490448,3.07340002059937,14.9682502746582,11.2160120010376,-17.9693241119385,-6.67246246337891,3.26906251907349,-2.66048741340637,-1.60682499408722,16.8555755615234,25.0850868225098,8.47687530517578,-11.1146745681763,-23.8321876525879,-6.6599497795105,-3.04754996299744,6.13415002822876,24.8212242126465,19.6442127227783,-3.93813753128052,-7.03560018539429,-5.02603769302368,-1.9933375120163,-0.84369999170303,-4.59813737869263,-4.24462509155273,-0.74360001087189,1.34433746337891,8.15512466430664,8.98314952850342,0.79763752222061,-3.43420004844666,-1.27503752708435,1.14647495746613,-11.3119506835938,-27.4260005950928,-30.8910007476807,-18.1260013580322,-6.23205041885376,10.1560506820679,-6.42900037765503,-32.5510520935059,-53.1150016784668,-34.3399505615234,-10.993950843811,-10.7760009765625,-8.99400043487549,0.74805003404617,-27.44700050354,-6.66600036621094,-4.08900022506714,0.22605000436306,-1.42500007152557,-0.47205001115799,-2.50305008888245,-2.29695010185242,-2.37600016593933,2.49900007247925,5.02800035476685,-2.74695014953613,-0.23700001835823,2.79600024223328,0.6769500374794,-3.64500021934509,1.66695010662079,13.9530010223389,29.9860515594482,18.199951171875,-0.21705001592636,-58.0830039978027,-13.8420009613037,2.14095020294189,39.3310508728027,32.590950012207,13.6110010147095,-9.99105072021484,-35.5939521789551,-33.3259506225586,-33.7090530395508,FAN
-0.59028750658035,1.42133748531342,-20.5979118347168,-21.5813121795654,-1.63652503490448,3.07340002059937,14.9682502746582,11.2160120010376,1.81774997711182,-26.8500366210938,-23.6445007324219,-1.78585004806519,1.23983752727509,22.1332378387451,19.4853992462158,8.47687530517578,-11.1146745681763,-23.8321876525879,-6.6599497795105,-3.04754996299744,6.13415002822876,24.8212242126465,19.6442127227783,-11.7875995635986,-17.1400623321533,-7.86582517623901,-4.47590017318726,3.13115000724792,23.1473007202148,23.4099254608154,-0.74360001087189,1.34433746337891,8.15512466430664,8.98314952850342,0.79763752222061,-3.43420004844666,-1.27503752708435,1.14647495746613,0.96841251850128,4.22936248779297,5.21977519989014,0.88302499055862,-2.48393750190735,0.48523750901222,1.78076243400574,-32.5510520935059,-53.1150016784668,-34.3399505615234,-10.993950843811,-10.7760009765625,-8.99400043487549,0.74805003404617,-27.44700050354,-69.2020568847656,-16.7629508972168,-16.2550506591797,-7.72005033493042,-1.5090000629425,12.2730007171631,-9.4680004119873,-2.37600016593933,2.49900007247925,5.02800035476685,-2.74695014953613,-0.23700001835823,2.79600024223328,0.6769500374794,-3.64500021934509,19.8010501861572,-1.06800007820129,1.2109500169754,-1.91100013256073,-0.06300000101328,-0.59205001592636,10.3810501098633,2.14095020294189,39.3310508728027,32.590950012207,13.6110010147095,-9.99105072021484,-35.5939521789551,-33.3259506225586,-33.7090530395508,47.544002532959,21.0570011138916,14.2500009536743,-6.68100023269653,-27.3330020904541,-52.0759506225586,-23.401050567627,FAN
1.81774997711182,-26.8500366210938,-23.6445007324219,-1.78585004806519,1.23983752727509,22.1332378387451,19.4853992462158,-1.91881251335144,-1.47290003299713,-25.3556880950928,-26.0841617584229,-2.76209998130798,1.111687541008,16.5776882171631,15.0768747329712,-11.7875995635986,-17.1400623321533,-7.86582517623901,-4.47590017318726,3.13115000724792,23.1473007202148,23.4099254608154,0.80341249704361,-8.30115032196045,-21.3489379882813,-10.2393503189087,-5.74144983291626,0.54106247425079,16.5853881835938,16.4891376495361,0.96841251850128,4.22936248779297,5.21977519989014,0.88302499055862,-2.48393750190735,0.48523750901222,1.78076243400574,0.72820001840591,0.52992498874664,-0.72861248254776,2.5694625377655,0.46103748679161,-0.06118749827147,6.26161241531372,7.24033737182617,-69.2020568847656,-16.7629508972168,-16.2550506591797,-7.72005033493042,-1.5090000629425,12.2730007171631,-9.4680004119873,-78.235954284668,-77.60595703125,-17.2660503387451,-7.29105043411255,-0.87000006437302,11.8489503860474,15.3169507980347,-28.3099517822266,19.8010501861572,-1.06800007820129,1.2109500169754,-1.91100013256073,-0.06300000101328,-0.59205001592636,10.3810501098633,-4.1050500869751,-19.6729507446289,-0.96795004606247,-3.52305006980896,1.55805003643036,4.97595024108887,3.47205018997192,-2.30400013923645,47.544002532959,21.0570011138916,14.2500009536743,-6.68100023269653,-27.3330020904541,-52.0759506225586,-23.401050567627,6.43800020217896,52.6879539489746,8.94795036315918,16.1950511932373,-3.59895014762878,-33.5890502929688,-38.251953125,-2.5570502281189,FAN
1.52006244659424,-19.6187744140625,-23.4243621826172,-3.66808748245239,-3.3735625743866,-3.37782502174377,10.6316375732422,10.827712059021,-1.90973746776581,-27.9166240692139,-15.8901872634888,1.08611249923706,24.6375255584717,25.446849822998,2.93328738212585,-11.45787525177,-23.7417125701904,-8.71296215057373,-8.50368785858154,-8.34528732299805,1.06232500076294,22.91575050354,22.6616497039795,-12.3129873275757,-16.0338745117188,-5.77087497711182,0.33192500472069,11.1410751342773,21.2158374786377,14.9026622772217,-0.57461249828339,-2.43691253662109,2.98223757743835,1.95965003967285,0.58079999685287,1.16806244850159,3.61707496643066,3.29133749008179,-3.69709992408752,-0.6571124792099,3.31911253929138,-0.47850000858307,-0.98078751564026,2.27081251144409,2.12258744239807,-51.7230033874512,-22.9710006713867,-4.90500020980835,-4.79295015335083,-8.64405059814453,-9.58005046844482,13.7560510635376,-22.4440517425537,-60.295051574707,-19.5319499969482,-18.715051651001,-13.993950843811,9.58095073699951,8.09400081634521,-26.275951385498,-1.0110000371933,7.12605047225952,-5.5620002746582,-4.86195039749146,1.82100009918213,3.04305005073547,9.03495025634766,7.67700052261353,-5.41800022125244,-1.13595008850098,-1.26495003700256,2.21700000762939,2.32005000114441,-0.81900006532669,4.27905035018921,24.82200050354,9.98205089569092,29.0230522155762,13.5870008468628,-3.23205018043518,-17.1379508972168,-43.3540534973145,-21.256950378418,55.9309539794922,20.2909507751465,4.6080002784729,-16.9339504241943,-55.0249519348145,-31.1410522460938,-20.2440013885498,FAN
-1.90973746776581,-27.9166240692139,-15.8901872634888,1.08611249923706,24.6375255584717,25.446849822998,2.93328738212585,0.45141249895096,-0.57351249456406,-26.3371620178223,-9.96242523193359,0.04702499881387,22.450174331665,22.0650367736816,0.75707501173019,-12.3129873275757,-16.0338745117188,-5.77087497711182,0.33192500472069,11.1410751342773,21.2158374786377,14.9026622772217,-3.85577487945557,-15.7728996276855,-18.2012882232666,-4.52251243591309,-0.1409374922514,15.210524559021,22.6534004211426,9.32923698425293,-3.69709992408752,-0.6571124792099,3.31911253929138,-0.47850000858307,-0.98078751564026,2.27081251144409,2.12258744239807,0.15592500567436,-0.63910001516342,2.57441258430481,3.21694993972778,-0.18892499804497,2.7916624546051,4.96086263656616,1.48004996776581,-60.295051574707,-19.5319499969482,-18.715051651001,-13.993950843811,9.58095073699951,8.09400081634521,-26.275951385498,-78.235954284668,-74.0809555053711,-10.7640008926392,-6.3139500617981,-3.81105017662048,9.64305019378662,8.25195026397705,-43.0840530395508,-5.41800022125244,-1.13595008850098,-1.26495003700256,2.21700000762939,2.32005000114441,-0.81900006532669,4.27905035018921,-10.7080507278442,1.9410001039505,-1.39395010471344,-1.44705009460449,1.84800004959106,3.57195019721985,-1.6030501127243,0.51600003242493,55.9309539794922,20.2909507751465,4.6080002784729,-16.9339504241943,-55.0249519348145,-31.1410522460938,-20.2440013885498,46.2739524841309,63.2209548950195,9.99195003509521,2.32605004310608,-12.5989503860474,-43.9549522399902,-36.3310508728027,-7.4239501953125,FAN
1.19817495346069,-2.65127491950989,-26.4929504394531,-3.4875500202179,3.26053738594055,23.0308380126953,19.9095878601074,1.47606253623962,1.61246252059937,-27.0715503692627,-14.5202751159668,3.26177501678467,24.1536617279053,22.6565628051758,0.75913751125336,-10.4823122024536,-19.984525680542,-16.5506000518799,-3.80489993095398,2.7497251033783,20.7766628265381,23.043212890625,-3.38373756408691,-14.7351875305176,-19.5483741760254,-6.05467510223389,3.56138753890991,18.0789127349854,22.9332122802734,7.94213724136353,-0.44893750548363,-1.73016250133514,2.1117250919342,1.31257498264313,-1.99086248874664,1.26513743400574,3.40986251831055,1.1064624786377,1.4968249797821,4.64103746414185,4.37868738174438,-2.65347504615784,1.16448748111725,3.17143750190735,0.03712499886751,-65.2669525146484,-67.4320526123047,-17.1130504608154,-13.5510005950928,-10.8349504470825,18.9479999542236,-1.93800008296967,-78.0370559692383,-77.920051574707,-13.5679502487183,-11.2140007019043,-5.96205043792725,15.0610504150391,-3.55200028419495,-34.6519508361816,-6.01905012130737,1.93605005741119,-3.74595022201538,-0.98505002260208,-0.19695000350475,4.08000040054321,-3.27195024490356,-3.84405016899109,15.0559511184692,-3.65505027770996,-0.74295002222061,1.52400004863739,-3.61395025253296,0.67200005054474,0.60195004940033,50.0389518737793,42.4060516357422,7.94895029067993,-2.60205006599426,-27.8530521392822,-61.1629524230957,-20.5819511413574,56.1780014038086,56.1970520019531,7.72395038604736,2.18204998970032,-11.1139507293701,-46.242000579834,-32.2240524291992,-8.21595001220703,FAN
0.70537501573563,-0.36643749475479,-0.50091248750687,-0.13461250066757,0.02749999985099,0.19580000638962,-0.07342500239611,-2.79248738288879,-3.24981236457825,-3.47971248626709,-27.0349750518799,-28.1983623504639,-5.22224998474121,11.6432247161865,12.751612663269,-1.56557500362396,0.47052499651909,0.21573749184608,0.51796251535416,2.26806259155273,1.98426246643066,-19.9405250549316,-31.7458629608154,-21.3006744384766,-22.7765998840332,-16.2920989990234,-6.07062482833862,-2.28194999694824,4.52897500991821,23.101375579834,1.62937498092651,1.77512502670288,4.47397518157959,6.05728769302368,1.29703748226166,-1.7355250120163,-1.74831247329712,4.36273765563965,29.6337242126465,23.2260875701904,6.45438766479492,9.80484962463379,1.71448743343353,-6.26958751678467,-5.57287502288818,5.56695032119751,5.14605045318604,5.88795042037964,1.6030501127243,2.92500019073486,6.48195028305054,9.14805030822754,-30.4320011138916,-56.5300521850586,-41.3740501403809,-23.0070018768311,-17.8339500427246,-13.3330507278442,-1.92600011825562,13.9279508590698,-1.57605004310608,-3.06300020217896,-3.37995004653931,-0.15795001387596,-2.4580500125885,0.81795001029968,3.81900024414063,4.17600011825562,11.1019506454468,-12.1890001296997,-1.357950091362,-0.22800001502037,-0.85800004005432,1.37100005149841,5.06895017623901,8.42100048065186,10.3780508041382,13.5439510345459,13.326000213623,10.78005027771,-13.6120510101318,-36.2239532470703,-28.0609512329102,35.1660003662109,33.1969528198242,21.8350505828857,17.6320514678955,-5.97000026702881,-43.9789505004883,-44.0050506591797,FAN
-3.47971248626709,-27.0349750518799,-28.1983623504639,-5.22224998474121,11.6432247161865,12.751612663269,-0.41043749451637,0.05788749828935,0.48688748478889,-11.4472875595093,-28.0900115966797,-17.4532871246338,17.8250865936279,16.4440364837646,-4.70208740234375,-22.7765998840332,-16.2920989990234,-6.07062482833862,-2.28194999694824,4.52897500991821,23.101375579834,22.5125999450684,0.59317499399185,-17.890811920166,-20.4888744354248,-9.73582458496094,-4.0052375793457,6.50705003738403,20.5394744873047,19.9018878936768,23.2260875701904,6.45438766479492,9.80484962463379,1.71448743343353,-6.26958751678467,-5.57287502288818,-4.1357250213623,0.21656249463558,3.83996248245239,1.02918744087219,7.59247493743896,5.20616245269775,-7.90432500839233,-6.60398769378662,-7.78043746948242,-41.3740501403809,-23.0070018768311,-17.8339500427246,-13.3330507278442,-1.92600011825562,13.9279508590698,-21.2899513244629,-78.235954284668,-60.870002746582,-21.1750507354736,-16.2460498809814,-21.8980503082275,-16.2169513702393,19.8340511322021,-10.7250003814697,-12.1890001296997,-1.357950091362,-0.22800001502037,-0.85800004005432,1.37100005149841,5.06895017623901,-0.70005005598068,-2.27100014686584,-15.6850509643555,-1.83000004291534,-4.35705041885376,-3.59805011749268,2.15400004386902,3.65100026130676,0.47100001573563,33.1969528198242,21.8350505828857,17.6320514678955,-5.97000026702881,-43.9789505004883,-44.0050506591797,-27.0049514770508,10.2199506759644,49.0140037536621,6.16695022583008,18.9330005645752,-2.65305018424988,-44.7949523925781,-49.4539527893066,-30.5500507354736,FAN
0.48688748478889,-11.4472875595093,-28.0900115966797,-17.4532871246338,17.8250865936279,16.4440364837646,-4.70208740234375,-4.22592496871948,-0.25850000977516,0.014024999924,-26.1530494689941,-27.0853004455566,20.9191131591797,21.6484127044678,-3.74082493782043,-17.890811920166,-20.4888744354248,-9.73582458496094,-4.0052375793457,6.50705003738403,20.5394744873047,19.9018878936768,6.88847494125366,-9.56779956817627,-20.7327995300293,-13.5702877044678,-5.93422508239746,3.15053749084473,21.6833381652832,23.1862125396729,3.83996248245239,1.02918744087219,7.59247493743896,5.20616245269775,-7.90432500839233,-6.60398769378662,-7.78043746948242,-22.2968616485596,-4.0689001083374,9.15653705596924,7.62478733062744,8.38942527770996,-11.8765621185303,-11.9880752563477,-6.99462509155273,-60.870002746582,-21.1750507354736,-16.2460498809814,-21.8980503082275,-16.2169513702393,19.8340511322021,-10.7250003814697,-47.2330513000488,-77.0149536132813,-39.1470031738281,-10.8210000991821,-13.4560508728027,-11.0820007324219,13.9300508499146,-1.43700003623962,-15.6850509643555,-1.83000004291534,-4.35705041885376,-3.59805011749268,2.15400004386902,3.65100026130676,0.47100001573563,1.46400010585785,-9.50400066375732,0.63795000314713,-4.16505002975464,-4.39499998092651,3.42405009269714,4.20195007324219,-1.93095004558563,49.0140037536621,6.16695022583008,18.9330005645752,-2.65305018424988,-44.7949523925781,-49.4539527893066,-30.5500507354736,-16.9990501403809,76.2049560546875,5.89695024490356,18.4939517974854,0.27795001864433,-26.1960010528564,-57.1680030822754,-37.8810005187988,FAN
1.98027503490448,1.47358751296997,-25.2190132141113,-27.3883495330811,-8.11566257476807,-27.8866500854492,-24.7424373626709,-2.32842493057251,2.08835005760193,1.66416251659393,-23.8706874847412,-24.4547882080078,-10.3993997573853,-32.2016754150391,-25.1436614990234,-9.24192523956299,-20.556661605835,-15.3628749847412,-7.36037492752075,-3.00396251678467,8.26443767547607,17.9488372802734,10.5513372421265,-7.49608755111694,-19.7916126251221,-18.9463996887207,-10.2856874465942,-3.0164749622345,3.64388751983643,13.0134124755859,4.52099990844727,5.76812505722046,7.14903736114502,7.49388742446899,2.71810007095337,12.0638370513916,12.3220624923706,-0.38582500815392,-3.54076242446899,-2.75,2.76223754882813,4.8685998916626,3.58118748664856,6.5223126411438,4.81208753585815,-77.4820556640625,-46.618953704834,-5.21400022506714,-12.2370004653931,-12.5790004730225,11.7289505004883,-5.65005016326904,-48.2620506286621,-78.1570510864258,-40.7040023803711,-11.9350509643555,-16.3180503845215,-22.9780502319336,7.10700035095215,3.32805013656616,-5.62095022201538,0.76995003223419,-7.57800054550171,-3.97605013847351,2.29095005989075,13.8370504379272,8.5420503616333,-8.12700080871582,-8.46405029296875,-12.3559503555298,-8.27700042724609,-5.94195032119751,-0.52995002269745,11.2720508575439,-4.39005041122437,55.6960525512695,9.49200057983398,19.3540515899658,5.52300024032593,-19.525951385498,-55.9230041503906,-37.8349533081055,-12.2809505462646,57.9379539489746,9.75705051422119,13.4860506057739,6.31095027923584,-22.4400005340576,-63.9049530029297,-32.6980514526367,FAN
2.08835005760193,1.66416251659393,-23.8706874847412,-24.4547882080078,-10.3993997573853,-32.2016754150391,-25.1436614990234,-10.525899887085,0.72668749094009,1.80647504329681,-3.19893741607666,-4.39587497711182,5.0721001625061,6.28003740310669,1.32123744487762,-7.49608755111694,-19.7916126251221,-18.9463996887207,-10.2856874465942,-3.0164749622345,3.64388751983643,13.0134124755859,15.8361501693726,-5.29182481765747,-19.4356250762939,-15.057074546814,-5.29347515106201,0.44096249341965,18.3215999603271,20.9530754089355,-3.54076242446899,-2.75,2.76223754882813,4.8685998916626,3.58118748664856,6.5223126411438,4.81208753585815,2.34946250915527,-0.92895001173019,-1.81499993801117,1.05682504177094,0.98559999465942,-2.0520498752594,-1.71888744831085,0.63222497701645,-78.1570510864258,-40.7040023803711,-11.9350509643555,-16.3180503845215,-22.9780502319336,7.10700035095215,3.32805013656616,-16.8880500793457,-78.1549530029297,-45.1699523925781,-9.33600044250488,-21.4549503326416,-21.4860019683838,16.3420505523682,-11.5969505310059,-8.46405029296875,-12.3559503555298,-8.27700042724609,-5.94195032119751,-0.52995002269745,11.2720508575439,-4.39005041122437,-2.20395016670227,-0.18000000715256,0.60705000162125,-5.84700012207031,0.7870500087738,0.3649500310421,1.01700007915497,-0.76395004987717,57.9379539489746,9.75705051422119,13.4860506057739,6.31095027923584,-22.4400005340576,-63.9049530029297,-32.6980514526367,-29.5729522705078,70.3489532470703,6.13395023345947,21.1099510192871,1.89405012130737,-20.3250007629395,-75.4369506835938,-27.8509521484375,FAN
0.07631249725819,2.90262508392334,-13.9695873260498,-17.7434120178223,2.13358759880066,9.01106262207031,3.25888752937317,-3.0696873664856,1.01873743534088,-13.6421995162964,-28.4162998199463,-13.378475189209,1.29153752326965,15.4500503540039,13.4574003219604,0.08483749628067,-20.109375,-20.4252128601074,-7.42073726654053,-1.16297495365143,14.6876125335693,23.0990371704102,9.89642524719238,-9.5684871673584,-21.3376617431641,-18.1325378417969,-7.93704986572266,0.09748750180006,12.4509000778198,23.4906368255615,0.72036248445511,0.6485875248909,4.98451232910156,4.80466270446777,-2.06621241569519,-5.43936252593994,-2.80238747596741,0.47217500209808,-0.54683750867844,0.50325000286102,5.4096622467041,5.05889987945557,-0.06558749824762,-4.98891258239746,-4.7590126991272,-78.235954284668,-64.9530029296875,-11.6260509490967,-21.189001083374,-11.5279502868652,10.090950012207,-18.5449504852295,-55.7329521179199,-68.0050506591797,-18.1429500579834,-23.377950668335,-22.6639518737793,-10.0810508728027,6.74505043029785,13.2979507446289,-25.3470020294189,6.93000030517578,-5.83005046844482,-4.33500003814697,-4.26300001144409,13.7389507293701,1.61505007743835,-5.86800050735474,-11.238000869751,-4.66605043411255,0.26895001530647,-2.41200017929077,-3.19005012512207,4.11105012893677,-4.07895040512085,31.8300018310547,25.4380512237549,23.1190509796143,7.18305015563965,-18.2320499420166,-72.7759552001953,-38.1280517578125,-9.2989501953125,73.0860061645508,22.9519519805908,21.6169509887695,2.00505018234253,-19.5570011138916,-40.9660530090332,-30.79905128479,FAN
0.16348749399185,-10.9023752212524,-28.9117126464844,-17.4884872436523,1.75931251049042,26.545337677002,23.3994750976563,-1.09395003318787,-0.15262499451637,-1.45846247673035,-14.2148876190186,-28.9891242980957,-16.9041118621826,3.62174987792969,25.8014621734619,-19.6387119293213,-21.3883991241455,-8.21150016784668,-4.21492481231689,1.6464250087738,13.7982625961304,23.8854007720947,14.3426246643066,-2.87938737869263,-18.7229633331299,-18.3195381164551,-7.30248737335205,-4.16226243972778,0.73081248998642,12.2964878082275,3.99492502212524,2.88433742523193,8.07977485656738,5.60793733596802,-1.17108750343323,-7.13721227645874,-6.37669992446899,-2.18281245231628,1.66209995746613,2.9829249382019,1.31889998912811,6.81491231918335,5.12173748016357,-2.52381253242493,-7.42431259155273,-56.5540542602539,-14.3389511108398,-18.2430000305176,-13.4629507064819,-7.51605033874512,6.26895046234131,8.09595012664795,-13.2540006637573,-78.235954284668,-60.5800514221191,-14.0569505691528,-20.181001663208,-14.5260009765625,-8.84505081176758,5.24100017547607,-4.11300039291382,-2.27805018424988,0.18795001506805,-1.17900002002716,-2.14095020294189,2.03895020484924,0.61395001411438,-2.01705002784729,9.29100036621094,-1.01805007457733,-2.35695004463196,0.38895002007484,0.3120000064373,-2.62305021286011,0.94500005245209,42.7249526977539,12.576000213623,15.0310506820679,-0.41100001335144,-13.9570503234863,-33.3379516601563,-42.2400016784668,-22.4500503540039,-11.0880002975464,27.8970012664795,16.3459510803223,16.582950592041,0.52200001478195,-12.2400007247925,-41.0209503173828,FAN
-1.45846247673035,-14.2148876190186,-28.9891242980957,-16.9041118621826,3.62174987792969,25.8014621734619,20.1686382293701,-1.15678751468658,1.70389997959137,4.22028732299805,-10.7221126556396,-21.4879493713379,-7.90501260757446,6.99723768234253,21.6235256195068,-18.7229633331299,-18.3195381164551,-7.30248737335205,-4.16226243972778,0.73081248998642,12.2964878082275,24.1452751159668,15.2768001556396,-3.34509992599487,-19.5673503875732,-21.8616752624512,-12.8529500961304,-4.12486267089844,4.87533760070801,16.8969631195068,2.9829249382019,1.31889998912811,6.81491231918335,5.12173748016357,-2.52381253242493,-7.42431259155273,-7.30688762664795,-8.34721279144287,-1.42078745365143,6.05550003051758,4.90380001068115,8.27708721160889,4.6437873840332,-2.90001249313354,-3.05717492103577,-60.5800514221191,-14.0569505691528,-20.181001663208,-14.5260009765625,-8.84505081176758,5.24100017547607,8.16300010681152,-19.5390014648438,-78.1519546508789,-53.3209533691406,-10.1820001602173,-15.9460506439209,-2.54205012321472,-6.87405014038086,6.36705017089844,-1.01805007457733,-2.35695004463196,0.38895002007484,0.3120000064373,-2.62305021286011,0.94500005245209,2.2020001411438,-3.03195023536682,-22.2259502410889,-8.65305042266846,-5.41095018386841,1.56705009937286,-2.44995021820068,-0.72405004501343,1.86900007724762,27.8970012664795,16.3459510803223,16.582950592041,0.52200001478195,-12.2400007247925,-41.0209503173828,-44.2639503479004,-26.9929504394531,25.3800010681152,43.0360527038574,18.3430500030518,3.27195024490356,-1.24395000934601,-6.86805009841919,-23.401050567627,FAN
-0.49169999361038,-13.5760622024536,-22.4430255889893,-10.1968622207642,1.29662501811981,22.377025604248,19.846061706543,-0.15496249496937,2.03967499732971,2.56107497215271,-17.9246368408203,-24.7618255615234,-6.1710000038147,-0.27527499198914,18.9274253845215,-15.2046127319336,-21.4868507385254,-12.6465625762939,-4.76189994812012,0.32078748941422,14.8970251083374,27.8906364440918,14.4198999404907,-6.70340013504028,-19.3136615753174,-20.2624130249023,-12.333475112915,-6.57868766784668,-0.690249979496,11.6429500579834,0.57502502202988,1.82173752784729,5.53478765487671,4.94463729858398,-1.16627502441406,-6.30299997329712,-8.56858730316162,-7.51148748397827,3.10914993286133,7.89167499542236,4.92153739929199,6.48326253890991,2.98787498474121,-0.26234999299049,-7.30908727645874,-43.2040519714355,-15.5659503936768,-15.8200511932373,-15.3550510406494,-6.47400045394897,14.2849502563477,13.1209506988525,-42.6289520263672,-76.8490524291992,-43.0339508056641,-16.0159511566162,-6.30405044555664,-6.26295042037964,-3.83205008506775,7.36800050735474,-1.67205011844635,-2.07195019721985,0.5020500421524,0.14699999988079,-1.20300006866455,-3.0949501991272,1.09305000305176,-5.34405040740967,-13.2210006713867,-0.66795003414154,-9.95400047302246,0.16200000047684,0.32700002193451,-1.13100004196167,-7.40295028686523,34.1959533691406,25.2889518737793,18.0700511932373,3.83895015716553,-11.6629505157471,-37.7830505371094,-49.2810020446777,-25.8439521789551,29.9260520935059,40.0519523620605,11.0359506607056,7.91595029830933,5.43705034255981,-6.5590500831604,-14.484001159668,FAN
-17.9246368408203,-24.7618255615234,-6.1710000038147,-0.27527499198914,18.9274253845215,18.3908996582031,-0.45828750729561,-0.84081250429153,-2.94910001754761,-19.3476257324219,-23.8118381500244,-7.4071249961853,1.35959994792938,17.7971744537354,14.0013494491577,-20.2624130249023,-12.333475112915,-6.57868766784668,-0.690249979496,11.6429500579834,29.630012512207,20.533561706543,-2.15022492408752,-23.5937614440918,-25.0643253326416,-7.51739978790283,-4.04813766479492,0.88343751430511,24.6147003173828,23.6446380615234,4.92153739929199,6.48326253890991,2.98787498474121,-0.26234999299049,-7.30908727645874,-13.5932502746582,-10.3375253677368,1.00333750247955,9.60630035400391,12.1837377548218,11.3573627471924,4.57723760604858,-2.64439988136292,-6.49797487258911,-5.90713739395142,-16.0159511566162,-6.30405044555664,-6.26295042037964,-3.83205008506775,7.36800050735474,15.3199510574341,-4.89300012588501,-51.2800521850586,-48.1140022277832,-12.7279510498047,-12.7300510406494,-10.3060503005981,12.738000869751,1.34700012207031,-30.412052154541,-9.95400047302246,0.16200000047684,0.32700002193451,-1.13100004196167,-7.40295028686523,-0.27795001864433,-5.48700046539307,0.55395001173019,-1.86405003070831,-1.29795002937317,-0.43605002760887,-1.73205006122589,-1.16895008087158,10.9990501403809,2.50395011901855,11.0359506607056,7.91595029830933,5.43705034255981,-6.5590500831604,-14.484001159668,-21.3889503479004,-15.2530508041382,12.4800004959106,41.836051940918,17.484001159668,23.6839504241943,1.87095010280609,-54.5839538574219,-43.6000518798828,-16.4700012207031,FAN
-0.84081250429153,-2.94910001754761,-19.3476257324219,-23.8118381500244,-7.4071249961853,1.35959994792938,17.7971744537354,14.0013494491577,-1.16366255283356,-5.24699974060059,-16.9662628173828,-17.0758495330811,-2.83937501907349,24.0506744384766,27.4771747589111,-2.15022492408752,-23.5937614440918,-25.0643253326416,-7.51739978790283,-4.04813766479492,0.88343751430511,24.6147003173828,23.6446380615234,-6.07296228408813,-23.4309616088867,-19.8076992034912,-7.99892473220825,-4.98286247253418,7.25628757476807,11.8938875198364,1.00333750247955,9.60630035400391,12.1837377548218,11.3573627471924,4.57723760604858,-2.64439988136292,-6.49797487258911,-5.90713739395142,-0.38238748908043,0.36121249198914,3.44079995155334,9.33941268920898,4.82487487792969,3.34894990921021,1.0399124622345,-51.2800521850586,-48.1140022277832,-12.7279510498047,-12.7300510406494,-10.3060503005981,12.738000869751,1.34700012207031,-30.412052154541,-60.4699516296387,-28.6950016021729,-7.74300050735474,-3.77700018882751,3.61695027351379,26.8110008239746,18.1699504852295,0.55395001173019,-1.86405003070831,-1.29795002937317,-0.43605002760887,-1.73205006122589,-1.16895008087158,10.9990501403809,2.50395011901855,-14.8900508880615,-0.8770500421524,3.77595019340515,-0.66795003414154,4.00605010986328,4.14900016784668,5.15295028686523,12.4800004959106,41.836051940918,17.484001159668,23.6839504241943,1.87095010280609,-54.5839538574219,-43.6000518798828,-16.4700012207031,66.3300018310547,13.2370510101318,19.8310508728027,6.7300500869751,-15.0090007781982,-52.4359512329102,-28.969051361084,FAN
-2.83937501907349,24.0506744384766,27.4771747589111,26.0105991363525,4.85209989547729,22.5530242919922,16.1394748687744,-1.34969997406006,0.31294998526573,-8.5555248260498,-21.8598880767822,-14.3361625671387,-0.47437500953674,20.3772239685059,18.0486621856689,-4.98286247253418,7.25628757476807,11.8938875198364,13.1103496551514,1.87604999542236,21.0625247955322,22.8239002227783,2.91623759269714,-16.8154239654541,-21.4475250244141,-10.1473627090454,-5.44843769073486,-0.67223751544952,21.217212677002,24.331449508667,4.82487487792969,3.34894990921021,1.0399124622345,-0.28366249799728,-3.37617492675781,-7.30399990081787,-6.62488746643066,-3.81878757476807,2.82039999961853,4.0969500541687,7.02061223983765,7.41496229171753,0.11206249892712,-3.04603743553162,-3.40793752670288,3.61695027351379,26.8110008239746,18.1699504852295,-6.75705051422119,-5.24100017547607,13.5330009460449,-9.26400089263916,-74.0470504760742,-55.4500541687012,-10.0000505447388,-14.671950340271,-13.582950592041,-2.4100501537323,8.49105072021484,-24.2239513397217,4.00605010986328,4.14900016784668,5.15295028686523,4.59195041656494,-5.51100015640259,4.20900011062622,3.24195003509521,-7.30695056915283,5.07600021362305,0.19800001382828,0.1540500074625,-1.17900002002716,1.46400010585785,8.05305004119873,6.57105016708374,-15.0090007781982,-52.4359512329102,-28.969051361084,-29.9250011444092,-32.0400009155273,-47.0110511779785,-26.8620014190674,-10.6830005645752,57.235954284668,25.3849506378174,15.8740510940552,4.12200021743774,-27.693000793457,-62.3220024108887,-11.6320505142212,FAN
-1.34969997406006,0.31294998526573,-8.5555248260498,-21.8598880767822,-14.3361625671387,-0.47437500953674,20.3772239685059,18.0486621856689,-1.08624994754791,-4.67321252822876,-16.4558620452881,-15.7771625518799,-1.92843747138977,14.6832122802734,16.3087368011475,2.91623759269714,-16.8154239654541,-21.4475250244141,-10.1473627090454,-5.44843769073486,-0.67223751544952,21.217212677002,24.331449508667,-0.69134998321533,-21.3237743377686,-21.4134254455566,-7.82828760147095,-1.58977496623993,8.79339981079102,26.4540367126465,-3.81878757476807,2.82039999961853,4.0969500541687,7.02061223983765,7.41496229171753,0.11206249892712,-3.04603743553162,-3.40793752670288,-1.54715001583099,-1.33567500114441,3.42017507553101,8.53600025177002,2.81462502479553,-7.68968725204468,-7.82677507400513,-74.0470504760742,-55.4500541687012,-10.0000505447388,-14.671950340271,-13.582950592041,-2.4100501537323,8.49105072021484,-24.2239513397217,-71.3940048217773,-31.7460021972656,-17.3280010223389,-13.1830501556396,-0.73095005750656,9.8230504989624,4.10595035552979,-7.30695056915283,5.07600021362305,0.19800001382828,0.1540500074625,-1.17900002002716,1.46400010585785,8.05305004119873,6.57105016708374,-6.00495052337646,-1.85595011711121,5.44305038452148,0.20895001292229,-3.96195030212402,-1.81995010375977,6.1279501914978,-10.6830005645752,57.235954284668,25.3849506378174,15.8740510940552,4.12200021743774,-27.693000793457,-62.3220024108887,-11.6320505142212,57.9450035095215,13.0890007019043,29.1280517578125,1.91805005073547,-6.02700042724609,-45.586051940918,-35.8050003051758,FAN
-1.08624994754791,-4.67321252822876,-16.4558620452881,-15.7771625518799,-1.92843747138977,14.6832122802734,16.3087368011475,2.46221256256104,-0.56430000066757,-7.3295750617981,-21.4226379394531,-15.6924619674683,-2.34932494163513,-2.05754995346069,-21.5895614624023,-0.69134998321533,-21.3237743377686,-21.4134254455566,-7.82828760147095,-1.58977496623993,8.79339981079102,26.4540367126465,18.9519004821777,-9.73486232757568,-23.2330989837646,-16.9229507446289,-5.90906238555908,-4.3903751373291,-3.63715004920959,-15.2010374069214,-1.54715001583099,-1.33567500114441,3.42017507553101,8.53600025177002,2.81462502479553,-7.68968725204468,-7.82677507400513,-1.1559624671936,3.1217999458313,3.40903759002686,5.57919979095459,7.70825004577637,2.63450002670288,0.84974998235703,-1.25262498855591,-71.3940048217773,-31.7460021972656,-17.3280010223389,-13.1830501556396,-0.73095005750656,9.8230504989624,4.10595035552979,-31.2700519561768,-60.2830543518066,-28.4580020904541,-7.90605020523071,-1.96695005893707,-0.30000001192093,2.07000017166138,2.49405002593994,-6.00495052337646,-1.85595011711121,5.44305038452148,0.20895001292229,-3.96195030212402,-1.81995010375977,6.1279501914978,1.27995002269745,-4.78995037078857,5.63700008392334,0.85395002365112,-1.91100013256073,-0.8359500169754,-0.16095000505447,-0.01905000023544,57.9450035095215,13.0890007019043,29.1280517578125,1.91805005073547,-6.02700042724609,-45.586051940918,-35.8050003051758,-10.3309507369995,72.4900512695313,23.1259517669678,13.0620002746582,3.74295020103455,0.49800002574921,-3.49605011940002,-0.67200005054474,FAN
