gyro_x_0,gyro_y_0,gyro_z_0,acc_x_0,acc_y_0,acc_z_0,gyro_x_1,gyro_y_1,gyro_z_1,acc_x_1,acc_y_1,acc_z_1,gyro_x_2,gyro_y_2,gyro_z_2,acc_x_2,acc_y_2,acc_z_2,gyro_x_3,gyro_y_3,gyro_z_3,acc_x_3,acc_y_3,acc_z_3,gyro_x_4,gyro_y_4,gyro_z_4,acc_x_4,acc_y_4,acc_z_4,gyro_x_5,gyro_y_5,gyro_z_5,acc_x_5,acc_y_5,acc_z_5,gyro_x_6,gyro_y_6,gyro_z_6,acc_x_6,acc_y_6,acc_z_6,gyro_x_7,gyro_y_7,gyro_z_7,acc_x_7,acc_y_7,acc_z_7,gyro_x_8,gyro_y_8,gyro_z_8,acc_x_8,acc_y_8,acc_z_8,gyro_x_9,gyro_y_9,gyro_z_9,acc_x_9,acc_y_9,acc_z_9,gyro_x_10,gyro_y_10,gyro_z_10,acc_x_10,acc_y_10,acc_z_10,gyro_x_11,gyro_y_11,gyro_z_11,acc_x_11,acc_y_11,acc_z_11,gyro_x_12,gyro_y_12,gyro_z_12,acc_x_12,acc_y_12,acc_z_12,gyro_x_13,gyro_y_13,gyro_z_13,acc_x_13,acc_y_13,acc_z_13,gyro_x_14,gyro_y_14,gyro_z_14,acc_x_14,acc_y_14,acc_z_14,motion_type
-1.92774999141693,-1.34694993495941,0.80877500772476,2.68289995193481,2.56272506713867,1.29346251487732,0.45292499661446,2.02303743362427,5.39921236038208,4.85223770141602,2.14183759689331,0.32945001125336,-1.816237449646,-6.78658723831177,0.00439999997616,-2.05053758621216,-0.0671000033617,2.29556250572205,1.57836246490479,-1.8437374830246,-2.63752508163452,-1.369225025177,-0.06379999965429,2.31220006942749,2.07074999809265,-1.66553747653961,-3.91105008125305,-1.93448746204376,8.88593769073486,0.00494999997318,4.70222520828247,10.2027750015259,9.15433788299561,4.51206254959106,1.47152495384216,0.11797499656677,-0.4476999938488,0.36437499523163,2.39346241950989,2.31756258010864,1.19858753681183,0.4131875038147,-2.00502490997314,-13.5055246353149,0.00316249998286,-3.13500022888184,-1.87095010280609,-1.11195003986359,-0.25905001163483,0.45405003428459,-0.45795002579689,0.42495003342628,0.21900001168251,-4.4170503616333,12.1410007476807,7.34400033950806,-10.2030000686646,-4.51005029678345,-3.25995016098022,0.53700000047684,0.06599999964237,1.76895010471344,3.65595006942749,4.25505018234253,4.6279501914978,5.35200023651123,7.05000019073486,17.731050491333,32.8080024719238,22.8829517364502,11.7610502243042,0.82995003461838,-4.72605037689209,-5.13000011444092,0.00795000046492,11.6059503555298,6.66105031967163,5.84400033950806,12.6150007247925,11.2879505157471,9.69495010375977,12.8250007629395,9.78795051574707,20.1040515899658,16.2100505828857,3.05100011825562,2.60595011711121,6.54600048065186,-5.98695039749146,0.47205001115799,LIFT
-0.14657500386238,-0.43766251206398,-0.53460001945496,-0.40617498755455,-0.27362498641014,-0.29589998722076,-0.83572500944138,-2.27301239967346,-0.80299997329712,6.03900003433228,7.49292516708374,1.80427503585815,-20.0411758422852,-28.4395370483398,-9.42823791503906,0.13337500393391,-0.6015625,-0.80066251754761,-0.34828749299049,0.08497499674559,0.04564999789,-0.95149999856949,-3.13582491874695,-1.07456254959106,8.14082527160645,8.52431201934814,-0.49128749966621,-16.3083248138428,-14.8240127563477,-4.89926242828369,0.2426874935627,-0.21532499790192,-0.22508749365807,0.22027499973774,0.7068874835968,1.05833745002747,0.7294374704361,0.32821249961853,-0.43559998273849,-1.78090000152588,-2.30848741531372,-0.89993751049042,1.6990875005722,1.20876252651215,1.35753750801086,-0.51794999837875,-0.48900002241135,-0.29505002498627,0.79095005989075,0.48000001907349,0.74295002222061,-0.6690000295639,0.86595004796982,6.57495021820068,12.2230501174927,-14.4330005645752,7.48305034637451,-0.03900000080466,1.87905013561249,0.58995002508163,8.824049949646,9.37305068969727,9.35595035552979,9.87105083465576,9.59295082092285,8.75295066833496,11.0230503082275,20.4259510040283,30.4780521392822,21.6379508972168,3.42600011825562,-2.80695009231567,-4.79700040817261,-1.10895001888275,2.43900012969971,-2.94705009460449,-2.83005023002625,-2.9760000705719,-3.02895021438599,-2.45595002174377,-2.48295021057129,0.65400004386902,-2.02305006980896,-28.7610015869141,-30.3730506896973,1.5660001039505,31.3170013427734,3.80805015563965,12.2980508804321,2.40495014190674,LIFT
0.22151249647141,0.40026250481606,0.46956250071526,0.4129124879837,0.4101625084877,0.74676251411438,0.25451248884201,-1.48073744773865,-0.24969999492168,3.64704990386963,4.61408758163452,3.27497506141663,-8.0634126663208,-31.7347240447998,-24.1480255126953,0.4448125064373,0.7264124751091,0.76601248979568,0.6710000038147,0.62163752317429,0.89306247234344,0.2035000026226,-1.69688749313354,0.25891250371933,5.87138748168945,7.28928756713867,5.63282489776611,-7.85358762741089,-11.7643623352051,0.3103374838829,-0.43669998645782,-0.42281249165535,-0.27073749899864,-0.33921250700951,-0.31075000762939,0.27156248688698,0.23457500338554,-0.66522496938705,-0.43174999952316,0.14781250059605,-0.44549998641014,-0.61668747663498,5.61549997329712,6.20441246032715,1.0144749879837,-0.85095006227493,-1.12604999542236,-1.04895007610321,-1.399050116539,-0.45795002579689,-0.50805002450943,-3.96900010108948,-4.65900039672852,0.89400005340576,3.17700004577637,2.47995018959045,3.58605027198792,-1.95195007324219,0.1710000038147,-0.3979500234127,8.29305076599121,8.64495086669922,8.9970006942749,9.06405067443848,9.28395080566406,9.17205047607422,12.9990005493164,28.6120510101318,29.1960010528564,24.3030014038086,9.64605045318604,-6.39300012588501,-3.86805009841919,-3.62895011901855,0.78000003099442,-0.49695003032684,-0.60000002384186,-0.75105005502701,-0.98595005273819,-1.71600008010864,-1.68300008773804,2.11695003509521,-1.34505009651184,-21.1639518737793,-18.8980503082275,-4.09395027160645,7.37205028533936,16.7050514221191,5.05395030975342,6.76395034790039,LIFT
0.3632749915123,0.59482496976852,0.35158750414848,0.3091000020504,0.59358751773834,0.67347496747971,0.48839998245239,-0.57213747501373,-2.00158739089966,0.86954998970032,5.6394248008728,6.37161254882813,6.28154993057251,0.97473746538162,-8.25632476806641,0.31294998526573,0.70248746871948,0.63222497701645,0.79117500782013,1.23103749752045,1.47386252880096,1.40112495422363,0.23842500150204,-1.68506252765656,1.88471245765686,7.14807510375977,2.68977499008179,-6.27605009078979,-17.7896118164063,-30.3148994445801,0.46901249885559,0.05541250109673,-0.59125000238419,-0.75459998846054,-0.43243750929832,-0.0757625028491,-0.00728749996051,0.52538752555847,1.96624994277954,1.74927496910095,-2.00364995002747,-6.67259979248047,-10.8312873840332,-14.7153873443604,-4.47012519836426,0.28800001740456,-0.06705000251532,0.10200000554323,0.05400000140071,0.53505003452301,0.24495001137257,0.26895001530647,4.18005037307739,11.8350009918213,4.62600040435791,-14.8930511474609,-8.27505016326904,2.38394999504089,-0.65700000524521,1.16505002975464,9.24795055389404,9.25800037384033,9.60495090484619,9.62400054931641,9.63195037841797,8.77605056762695,9.30795001983643,20.8740005493164,32.109001159668,21.0730514526367,2.97105002403259,-2.55105018615723,-4.764000415802,-2.78595018386841,1.00499999523163,-2.00595021247864,-1.84095013141632,-2.06595015525818,-2.85405015945435,-3.09795022010803,-2.26500010490417,-2.87505006790161,-1.13205003738403,-8.6980504989624,-20.2369518280029,-7.80000019073486,2.56695008277893,5.83005046844482,8.32005023956299,6.34695053100586,LIFT
1.07799994945526,0.56416249275208,0.33412501215935,0.75858747959137,1.2557874917984,1.19900000095367,-1.45585000514984,-2.1175000667572,-0.45966249704361,1.23433744907379,0.61407500505447,-1.20216250419617,-3.79527497291565,-11.299750328064,-18.2120132446289,1.33746254444122,0.68131250143051,0.59455001354218,1.25977504253387,1.47056245803833,0.2231625020504,-4.56472492218018,-3.78633737564087,0.73039996623993,3.73339986801147,2.73432493209839,-1.28562498092651,-6.11407518386841,-9.72399997711182,-9.08765029907227,-0.37482500076294,0.33880001306534,0.95754998922348,0.51878750324249,-1.24863743782043,-3.20292496681213,-5.18402481079102,-1.87220001220703,4.75667476654053,3.76021242141724,0.32903748750687,-1.35794997215271,-2.00406241416931,-5.54619979858398,-5.52213764190674,0.82995003461838,1.22505009174347,1.06005001068115,-0.52305001020432,-0.59700000286102,-1.98105013370514,-3.74100017547607,2.83200001716614,-0.01500000059605,1.77795004844666,-9.33105087280273,0.49005001783371,0.05805000290275,-3.93495011329651,1.91895008087158,8.23995018005371,6.67605018615723,5.07405042648315,3.69405007362366,2.71905016899109,3.1429500579834,5.20095014572144,20.1360015869141,43.4130020141602,33.9940528869629,20.026050567627,6.40095043182373,-2.86695003509521,-4.49100017547607,-1.34400010108948,-2.65005016326904,-2.58300018310547,-2.1780002117157,-1.84800004959106,-1.76595008373261,-0.06599999964237,-1.31895005702972,-5.06895017623901,-14.896050453186,-7.77105045318604,0.78300005197525,4.9699501991272,7.48695039749146,8.25104999542236,8.6050500869751,LIFT
0.73163747787476,0.3785375058651,-0.24144999682903,-0.59152501821518,-0.28751251101494,0.42047500610352,1.06809997558594,1.63405001163483,3.79390001296997,3.59163737297058,1.84387493133545,-1.33663749694824,-23.9909992218018,-29.4922370910645,-6.53372478485107,0.92344999313354,0.50448751449585,-0.19841249287128,-0.57475000619888,-0.18878750503063,0.73218750953674,1.56200003623962,2.12011241912842,4.42268753051758,4.77290010452271,3.27236247062683,1.78859996795654,-12.5892248153687,-14.2821245193481,-1.77044999599457,-0.08030000329018,-0.2771999835968,-0.08896250277758,0.29919999837875,0.57021248340607,0.68557500839233,0.7625749707222,-0.64006251096725,-3.11368751525879,-2.23396253585815,-0.73645001649857,0.81001251935959,-4.82762479782104,-7.15219974517822,-1.04073750972748,-0.17295001447201,-0.36900001764297,0.34095001220703,0.16395001113415,0.89205002784729,1.75695013999939,0.70305001735687,-2.34000015258789,5.14605045318604,6.72600030899048,1.38495004177094,-8.45205020904541,-1.399050116539,0.1489500105381,0.06105000153184,8.77200031280518,9.02595043182373,9.27000045776367,9.60795021057129,9.66000080108643,9.35400009155273,9.86100006103516,24.6460514068604,27.0700511932373,18.5359516143799,-0.16605000197887,-3.45900011062622,-4.1100001335144,-0.19695000350475,3.51900005340576,-2.54505014419556,-1.75695013999939,-2.02995014190674,-2.22900009155273,-2.78700017929077,-3.32100009918213,-3.59595012664795,-16.242000579834,-24.937952041626,-15.1240510940552,2.63505005836487,14.4589509963989,6.19095039367676,8.15700054168701,4.65405035018921,LIFT
0.81358748674393,1.60379993915558,0.91932499408722,-0.2066625058651,-0.78388750553131,-0.69932502508163,-0.88426250219345,-0.86171251535416,2.15173745155334,4.6316876411438,2.92902493476868,0.42776250839233,-13.6269378662109,-18.878475189209,-5.81047487258911,1.07758748531342,1.93476247787476,0.99233746528625,-0.35117501020432,-0.95287501811981,-0.81798750162125,-1.19570004940033,-0.67760002613068,3.84051251411438,6.65348768234253,2.9412624835968,-3.62697505950928,-19.9621124267578,-24.0593376159668,-12.8055124282837,-1.62304997444153,-1.0702999830246,-0.05115000158548,0.53748750686646,0.31267499923706,0.56031250953674,1.34956252574921,-1.99759995937347,-4.16734981536865,-3.27153754234314,-2.59778738021851,-1.76123750209808,-2.76567506790161,2.43993759155273,5.37473726272583,-0.97500002384186,-2.04105019569397,-1.58100008964539,-1.47795009613037,-1.40100002288818,0.68805003166199,-5.60205030441284,-11.9230508804321,-5.60700035095215,-7.01505041122437,-13.4100008010864,6.21405029296875,3.5310001373291,0.34800001978874,0.64800000190735,8.33805084228516,9.2359504699707,9.86100006103516,9.1429500579834,8.2470006942749,6.88695049285889,9.73200035095215,33.6730499267578,19.5439510345459,12.6709508895874,0.58605003356934,-4.13895034790039,-3.29295015335083,-1.1380500793457,3.56295013427734,-4.61400032043457,-3.03300023078918,-3.56505012512207,-3.132000207901,-2.02005004882813,-0.78000003099442,-1.92900013923645,-12.867000579834,-45.1120529174805,-15.7870512008667,15.6300010681152,11.0460004806519,4.50705003738403,3.72705006599426,3.99300026893616,LIFT
-1.10825002193451,-0.74676251411438,0.37950000166893,0.70193749666214,0.19634999334812,-1.24973750114441,-9.79329967498779,-7.44397497177124,10.5727872848511,13.0101127624512,3.79032492637634,1.16187500953674,-13.5749626159668,-32.267261505127,-21.0032615661621,-1.04912495613098,-0.61668747663498,0.74057501554489,1.07167494297028,0.39214998483658,-1.24877500534058,-7.12167501449585,-6.19836235046387,7.31829977035522,13.4356746673584,6.46525001525879,2.86549997329712,-12.7873620986938,-12.5916996002197,1.11897504329681,-0.11769999563694,-0.12031249701977,-0.11082500219345,0.08524999767542,0.56608748435974,-0.40768748521805,-4.22963762283325,-2.3069748878479,4.13173770904541,2.66420006752014,-0.38032498955727,0.12759999930859,5.59157514572144,8.15223789215088,4.57242488861084,-1.28895008563995,-1.52100002765656,-1.40400004386902,-0.49905002117157,-0.89100003242493,-5.38695049285889,-0.64905005693436,-0.53205001354218,4.36005020141602,8.77905082702637,0.36000001430511,0.89205002784729,3.8449501991272,1.22205007076263,0.68595004081726,8.68095016479492,9.12600040435791,9.57405090332031,8.87700080871582,5.96205043792725,1.6470000743866,6.43695020675659,30.7339515686035,36.1180534362793,26.9740505218506,7.03500032424927,0.73605000972748,-3.86100029945374,-3.92295026779175,-0.19695000350475,-1.35705006122589,-2.65500020980835,-2.41605019569397,-1.4479501247406,-1.89300012588501,10.5739507675171,10.4500503540039,-20.428050994873,-32.1640510559082,-7.70895051956177,-3.07395005226135,0.16305001080036,11.2950000762939,2.74200010299683,4.29704999923706,LIFT
-0.6209499835968,-0.86982500553131,-2.08243751525879,-2.81008744239807,-1.99608743190765,1.24574995040894,3.19742488861084,2.25843739509583,2.16479992866516,2.38590002059937,1.638587474823,0.90612500905991,-13.8679752349854,-27.8042869567871,-12.75119972229,-0.66715002059937,-0.83943748474121,-2.35647487640381,-3.06487488746643,-1.78928744792938,1.83920001983643,4.09103727340698,3.12592506408691,3.13321256637573,3.95504999160767,3.09031248092651,0.97927498817444,-13.6504497528076,-15.1294002532959,-4.11138725280762,0.07342500239611,-0.05156249925494,-0.05733750015497,-0.06311249732971,-0.2939749956131,-0.63896250724792,-0.93981248140335,-0.74524998664856,-1.13877499103546,-0.97336250543594,-0.31432500481606,-1.06067502498627,-0.84782499074936,0.73246252536774,0.48606249690056,-0.03600000217557,-0.01005000062287,0.34605002403259,-0.48900002241135,-0.75000005960464,-1.06605005264282,-1.357950091362,-5.38905048370361,-2.70405006408691,2.15205001831055,-7.27395057678223,2.5900502204895,1.93605005741119,0.03195000067353,0.82005006074905,6.71205043792725,6.16095018386841,5.73705005645752,7.29600048065186,7.47105026245117,8.59905052185059,12.5340003967285,29.8410015106201,36.8269500732422,29.0719509124756,5.11695003509521,-8.51895046234131,-5.82000017166138,-2.72595024108887,2.10195016860962,-0.82995003461838,1.10699999332428,1.20495009422302,1.42500007152557,-1.09305000305176,-1.68300008773804,-2.26695013046265,-7.90005016326904,-25.0720520019531,-12.6109504699707,-5.40495014190674,19.2730503082275,17.0479507446289,5.53005027770996,4.64400005340576,LIFT
-0.35694998502731,-0.64886248111725,-0.63690000772476,-1.4218875169754,-3.59507489204407,-4.9576997756958,-1.15513753890991,5.97354984283447,9.7861499786377,6.68318748474121,0.97267496585846,-4.02627515792847,-15.315299987793,-20.5772876739502,-8.1123628616333,-0.35516250133514,-0.67141246795654,-0.48056250810623,-1.12117505073547,-2.91389989852905,-2.92379999160767,-0.08758749812841,4.11399984359741,9.05877494812012,7.66507482528687,-0.0922624990344,-8.10067462921143,-11.4461870193481,-12.0646619796753,-10.1901245117188,0.24997499585152,0.11921250075102,-0.12704999744892,-0.06008749827743,-0.23388749361038,-1.51964998245239,-1.04128754138947,2.07501244544983,2.92930006980896,0.8927875161171,-1.20229995250702,-3.73449993133545,-16.3803749084473,-14.6770248413086,-0.42088750004768,1.72500002384186,1.32300007343292,1.56495010852814,1.59795010089874,-0.36705002188683,0.90900003910065,3.60600018501282,18.8929500579834,26.052001953125,-4.28295040130615,-15.8749504089355,4.2810001373291,-4.53194999694824,-0.93405002355576,0.38895002007484,8.63505077362061,8.2470006942749,7.78305053710938,6.9060001373291,7.02300024032593,8.23995018005371,17.6280002593994,35.5339508056641,34.9210510253906,17.1520500183105,-1.24305009841919,-4.5799503326416,-5.02005004882813,-1.59105002880096,2.29605007171631,-0.8850000500679,-0.38505002856255,0.48405003547668,2.45295000076294,4.51005029678345,0.91500002145767,-2.10900020599365,-16.078950881958,-17.7150001525879,-2.53500008583069,1.33905005455017,11.1270008087158,3.94695019721985,5.37405014038086,4.00695037841797,LIFT
0.54078751802444,0.13117499649525,-0.07424999773502,-0.57282501459122,-1.47784996032715,-3.22836256027222,-11.7063369750977,-9.02632522583008,10.296275138855,13.9383745193481,4.86915016174316,0.18232500553131,-8.90876197814941,-28.6889629364014,-23.3682632446289,0.52263748645782,-0.03588749840856,-0.22591249644756,-0.6738874912262,-1.71338748931885,-3.73807501792908,-5.8909125328064,-1.72644996643066,9.73472499847412,14.6676750183105,7.39557504653931,0.37661248445511,-10.0527620315552,-12.1811246871948,-7.04577493667603,-0.63126248121262,-0.93073749542236,-0.67237502336502,0.15138749778271,0.78567498922348,1.44361245632172,-2.1646625995636,-3.63288736343384,2.49425005912781,3.26356244087219,-0.06751249730587,-0.17655000090599,2.92654991149902,-7.50516223907471,-9.37199974060059,0.83895003795624,1.00005006790161,0.71700000762939,1.14795005321503,1.21995007991791,-0.33300000429153,-3.7630500793457,1.24200010299683,17.3940010070801,11.4319505691528,-9.48000049591064,10.9249505996704,-5.91795015335083,-4.59195041656494,2.47305011749268,8.69505023956299,8.42400074005127,7.87605047225952,6.87495040893555,4.72200012207031,1.4479501247406,5.28495025634766,28.3290004730225,35.2890014648438,27.4050006866455,8.57805061340332,-0.19395001232624,-4.55100011825562,-2.30895018577576,0.58995002508163,-2.94705009460449,-2.54700016975403,-1.84995007514954,-1.16100001335144,-0.04905000329018,5.28105020523071,9.74805068969727,-14.3929510116577,-31.2520523071289,-9.13094997406006,-4.79595041275024,4.58400011062622,9.20400047302246,6.2440505027771,5.17095041275024,LIFT
-0.48317500948906,-0.9784500002861,-0.92083752155304,0.26193749904633,0.54119998216629,-0.17792500555515,-0.67966252565384,0.61861246824265,2.65814995765686,2.12987494468689,0.25189998745918,-3.48149991035461,-18.894287109375,-25.9430866241455,-11.0086622238159,-1.16476249694824,-1.72026252746582,-1.70211243629456,-0.04812499880791,0.33398750424385,-0.98532497882843,-1.70953750610352,0.97212499380112,5.63199996948242,5.82381248474121,1.49242496490479,-5.25029993057251,-13.7733745574951,-13.0847749710083,-7.44837474822998,-0.39531248807907,0.4147000014782,1.08556246757507,0.38334998488426,0.00041249999776,-1.00347495079041,-3.63838744163513,-3.24596238136292,0.26853749155998,1.92499995231628,1.06260001659393,2.10374999046326,-2.37806248664856,-2.45781254768372,2.48531246185303,-0.59205001592636,1.12200009822845,-0.85305005311966,0.03705000132322,-0.39300000667572,-2.15400004386902,-5.66895008087158,-4.79805040359497,6.71400022506714,-1.53600001335144,-5.77005004882813,1.87200009822845,1.81605005264282,0.76305001974106,0.33600002527237,7.97895050048828,7.73700046539307,6.28095006942749,5.12400007247925,4.40805006027222,3.65805006027222,8.42205047607422,40.5750007629395,36.3430519104004,23.6230506896973,1.6560001373291,-2.52900004386902,-4.35900020599365,-0.99405002593994,1.64895009994507,-2.51100015640259,-0.36300000548363,-3.09795022010803,-1.51005005836487,-0.06405000388622,-1.01205003261566,-4.10400009155273,-16.9890003204346,-36.4630508422852,-8.91300010681152,8.02305030822754,13.1490001678467,3.77700018882751,4.63200044631958,3.15900015830994,LIFT
0.36203750967979,0.63992500305176,0.67608749866486,1.09848749637604,2.37338757514954,3.4925000667572,-0.18424999713898,-4.56568765640259,1.85721254348755,5.05243730545044,0.87408751249313,-3.17666244506836,-21.604549407959,-29.1858882904053,-9.76951217651367,0.24956250190735,0.20845000445843,0.05499999970198,0.66096252202988,2.45217490196228,2.67423748970032,-6.18475008010864,-11.5405120849609,2.70778751373291,9.77913761138916,3.30852508544922,-2.02248740196228,-12.8578996658325,-12.3943872451782,-2.8495500087738,0.01622499898076,-0.85181248188019,-1.21494996547699,-1.23543751239777,-1.7331874370575,-2.80706238746643,-1.93008744716644,2.08862495422363,4.00963735580444,2.23574995994568,0.40534999966621,2.45024991035461,-1.22292494773865,-1.94644999504089,1.37857496738434,-0.33300000429153,-2.04105019569397,-1.14495003223419,-0.2490000128746,-1.40595006942749,-3.86400008201599,-2.92995023727417,-7.588050365448,5.99295043945313,-0.97800004482269,2.84100008010864,-4.87200021743774,1.84005010128021,1.91505014896393,-0.50805002450943,8.10599994659424,8.03400039672852,6.7020001411438,4.80105018615723,3.00705003738403,2.60895013809204,5.92200040817261,36.5160026550293,33.1980018615723,24.2220020294189,0.84195005893707,-5.05605030059814,-4.18005037307739,-0.81195002794266,2.54700016975403,-4.46805000305176,-3.18900012969971,-4.34595012664795,-5.95095014572144,-4.52100038528442,-0.37305000424385,6.54105043411255,-22.9339504241943,-39.1140022277832,-4.40100002288818,1.65495002269745,14.1019506454468,4.67805004119873,5.68095016479492,4.59600019454956,LIFT
0.13832500576973,-0.04358749836683,-0.346774995327,-0.59716248512268,-1.08913743495941,-4.33647489547729,-5.56008768081665,-11.5066871643066,-21.6495132446289,-10.4636125564575,3.03888750076294,4.61422491073608,3.27978754043579,-19.6135501861572,-20.5660133361816,0.22742499411106,-0.14286249876022,-0.80011248588562,-1.27820003032684,-1.83369994163513,-6.60687494277954,-17.1217746734619,-37.6373252868652,-47.6525497436523,-19.2369365692139,3.71250009536743,4.28986263275146,4.29646253585815,-6.09881258010864,-8.30266284942627,-0.08387500047684,-0.15344999730587,-0.85291248559952,-1.88045001029968,-2.83717489242554,-4.12637519836426,-2.49837493896484,-6.01328754425049,-9.95582485198975,-6.96148729324341,-4.75268745422363,-3.93208742141724,-1.32921254634857,4.55716228485107,4.04387474060059,-0.65400004386902,-1.59105002880096,-2.50995016098022,-1.59105002880096,-2.12700009346008,4.41300010681152,8.66100025177002,4.37400007247925,-5.79900026321411,-9.175950050354,-2.54205012321472,1.51500010490417,3.79500007629395,2.46495008468628,3.06195020675659,9.31305027008057,8.84400081634521,6.93705034255981,4.14000034332275,1.5289500951767,0.71700000762939,8.45595073699951,36.7429504394531,39.3900032043457,27.9079513549805,11.988000869751,-6.10305023193359,-6.46395015716553,-3.10695004463196,2.54505014419556,0.64905005693436,0.98400002717972,1.14195001125336,1.08300006389618,3.45795011520386,4.03305006027222,-4.73205041885376,4.59105014801025,5.29800033569336,-19.3050003051758,-11.9209508895874,10.3800001144409,10.3990507125854,5.24295043945313,3.05805015563965,LIFT
-0.16637499630451,-0.25354999303818,-0.21587499976158,-0.2088624984026,-0.02942499890924,-0.26056250929832,-1.75353753566742,-0.92042499780655,-0.69231247901917,-0.49321249127388,2.51638746261597,4.24765014648438,6.06031227111816,9.34078788757324,9.76538753509521,-0.36561250686646,-0.75349998474121,-0.59729999303818,-0.4989874958992,0.02584999985993,-0.22110000252724,-3.84793758392334,-9.17152500152588,-4.94326257705688,4.61958742141724,7.85290002822876,7.49539995193481,7.38677501678467,20.2955493927002,27.7216491699219,-0.03024999983609,-0.14272500574589,-0.01539999991655,0.08057499676943,-0.18369999527931,-1.22663748264313,-0.46598750352859,4.00867509841919,1.59541249275208,-2.35234999656677,-2.08724999427795,-3.41385006904602,-3.08591246604919,2.60369992256165,15.7851371765137,0.01500000059605,0.28095000982285,-0.04395000264049,-0.01995000056922,-0.96795004606247,-0.19395001232624,5.90505027770996,9.66300010681152,5.02305030822754,-11.1900005340576,-8.19600009918213,5.76300048828125,2.29500007629395,1.28700006008148,1.78500008583069,8.16600036621094,7.91400051116943,7.1100001335144,5.70600032806396,3.51195025444031,1.7610000371933,4.19204998016357,30.3700523376465,37.6410026550293,28.605001449585,16.7209510803223,-3.1519501209259,-1.81605005264282,-0.99405002593994,2.22405004501343,1.37205004692078,1.12095010280609,1.28100001811981,0.87900006771088,0.41895002126694,1.49205005168915,1.26705002784729,3.54000020027161,23.9860515594482,-2.99805021286011,-8.27400016784668,-2.28900003433228,4.72800016403198,6.45900011062622,4.7039999961853,LIFT
-0.17806249856949,-0.42748749256134,-0.33811250329018,-1.23475003242493,-5.22720003128052,-14.1527376174927,-5.7947998046875,17.4677257537842,14.6327495574951,2.1840500831604,0.96937501430511,-1.09807503223419,-20.0248126983643,-0.00164999999106,-0.92441248893738,-0.05348749831319,-0.83544999361038,-1.00705003738403,-2.35894989967346,-10.8058500289917,-24.5493869781494,-14.7167625427246,20.8747005462646,23.1369876861572,4.37071228027344,1.35231244564056,-1.93696248531342,-18.5909614562988,0.00013749999925,-2.1010000705719,-0.27307498455048,-0.96016252040863,-1.86793744564056,-2.81874990463257,-1.73689997196198,0.00054999999702,-3.43818759918213,-3.56097507476807,-4.59566259384155,-6.71797513961792,-3.52838754653931,-0.58698749542236,1.03633749485016,-0.00123749999329,0.77412497997284,-1.08495008945465,-1.67895007133484,-2.06700015068054,0.40800002217293,9.42795085906982,8.43600082397461,-2.38305020332336,-19.2850513458252,-24.4339504241943,-12.4159507751465,9.0400505065918,14.1120004653931,15.9690008163452,-4.02600002288818,-5.99295043945313,7.96200037002563,5.91405010223389,3.83100008964539,1.55100011825562,-1.58100008964539,6.93705034255981,37.1380500793457,37.4160003662109,38.0389518737793,17.6449508666992,-7.92300033569336,-23.2080001831055,-17.9029502868652,4.44600009918213,11.6770505905151,0.59895002841949,0.19395001232624,0.82395005226135,4.01595020294189,2.24205017089844,3.08505010604858,10.6480503082275,-3.34200024604797,-1.72800004482269,-2.12805008888245,3.21705007553101,11.131950378418,9.59700012207031,-2.65005016326904,-7.51500034332275,LIFT
0.38115000724792,0.19263750314713,-0.76092499494553,-2.22213745117188,-6.81188726425171,-12.6198873519897,-6.06430006027222,-1.0922999382019,-3.79747486114502,-1.61232495307922,0.34278750419617,1.9490624666214,13.9358997344971,24.1836376190186,13.2563753128052,0.33976250886917,0.11123749613762,-1.26843750476837,-2.92283749580383,-5.58634996414185,-9.194899559021,-25.9333248138428,-23.2608757019043,-2.73047494888306,1.75298750400543,3.33121252059937,4.0149998664856,17.364049911499,24.7211246490479,11.2282495498657,-0.07315000146627,-0.64184999465942,-1.70816254615784,-3.11918759346008,-6.42180013656616,-6.90827512741089,-12.2088994979858,-14.3296995162964,-7.69601249694824,-5.66733741760254,-4.0925498008728,-2.15847492218018,2.27754998207092,10.377124786377,7.03986263275146,-0.72600001096725,-1.60500001907349,-2.31900000572205,-1.65495002269745,1.0480500459671,5.3730001449585,2.91105008125305,-3.59505009651184,-20.9160003662109,-19.9369506835938,-3.92595028877258,17.2000503540039,4.47495031356812,6.54195022583008,5.30100011825562,8.296950340271,7.53795051574707,4.52295017242432,-0.24705001711845,-3.23100018501282,5.46195030212402,25.1389503479004,36.8800506591797,40.0270500183105,33.1579513549805,4.71195030212402,-16.1790008544922,-12.7510509490967,-7.65705013275146,1.3090500831604,0.11295000463724,1.79895007610321,2.63700008392334,3.24300026893616,3.52995014190674,-4.74795007705688,2.62005019187927,15.3109502792358,7.10595035552979,-1.70400011539459,-3.7110002040863,-8.03400039672852,12.4519510269165,5.72895050048828,2.22495007514954,LIFT
-0.32780000567436,-0.19304999709129,-0.66371250152588,-1.07992494106293,-0.66357499361038,1.53793752193451,3.21942496299744,4.30801248550415,5.41172504425049,6.12686252593994,7.84409999847412,15.6238498687744,1.29497504234314,-4.6139497756958,-14.1024122238159,-0.15784999728203,-0.13612499833107,-0.04303750023246,-0.32106250524521,-1.01007497310638,-1.59637498855591,-2.23712491989136,-1.84882497787476,2.66213750839233,7.58216238021851,8.83396244049072,24.3035373687744,-2.86453747749329,-19.6842250823975,-29.9216499328613,-0.3060750067234,-0.17146250605583,-0.84589999914169,-1.33210003376007,-1.29538750648499,-0.28984999656677,0.7099124789238,1.55471253395081,1.36757504940033,-0.59193748235703,-1.19542503356934,13.0422878265381,-1.97422504425049,-18.591100692749,-19.2176876068115,0.89895004034042,0.98100006580353,0.45795002579689,1.26300001144409,2.58795022964478,3.22005009651184,7.78200054168701,10.6110000610352,-10.3849506378174,-3.94005012512207,10.1440505981445,3.48600006103516,2.00100016593933,2.65500020980835,0.87495005130768,5.56695032119751,5.50005006790161,3.72105026245117,3.51000022888184,5.75895023345947,7.5930004119873,8.64705085754395,26.0710506439209,35.3590507507324,30.8370018005371,9.17400074005127,-3.11595010757446,5.54295015335083,7.80195045471191,9.06900024414063,8.77500057220459,9.02400016784668,9.25005054473877,9.12705039978027,6.16995048522949,6.68895053863525,11.7330007553101,12.1330509185791,14.6599502563477,-20.15505027771,-13.2360010147095,-0.71505004167557,-1.95600008964539,-3.09795022010803,-1.5529500246048,LIFT
0.13282500207424,-0.26647499203682,-0.68722498416901,-1.92183744907379,-2.22983741760254,-0.51700001955032,-5.81226253509521,-4.17326259613037,10.535249710083,11.7653245925903,4.92538738250732,4.29302501678467,17.1870880126953,16.2567615509033,2.45533752441406,0.18039999902248,-0.79887497425079,-1.75422501564026,-3.88396239280701,-4.08402490615845,-2.83978748321533,-16.973274230957,-16.1676616668701,17.8092746734619,23.0700244903564,6.17567491531372,4.46105003356934,22.8421878814697,25.4038124084473,7.0170373916626,-0.44220000505447,-0.79543751478195,-0.52126252651215,-0.75473749637604,-1.28438746929169,0.66962498426437,-0.03272499889135,-2.52188754081726,-1.72150003910065,-3.63604998588562,-4.54093742370605,-1.81403744220734,9.80704975128174,14.0236253738403,3.7514123916626,-0.76695001125336,-0.16995000839233,0.56400001049042,-1.5090000629425,1.15500009059906,5.67495012283325,8.3569507598877,3.3469500541687,-19.3810501098633,-10.2850503921509,12.1249504089355,3.54795026779175,5.28000020980835,2.63295006752014,-2.0789999961853,8.14200019836426,6.11100006103516,5.56695032119751,5.63700008392334,4.56795024871826,2.39595007896423,14.0380506515503,42.1300506591797,48.2080535888672,28.6960506439209,-7.56900024414063,-13.627950668335,-13.0339508056641,-2.64195013046265,5.59305047988892,1.62900006771088,1.74600005149841,2.27100014686584,3.76005029678345,0.08400000631809,2.757000207901,5.17605018615723,4.24905014038086,-7.87605047225952,-23.5279502868652,-0.37695002555847,15.3570003509521,7.57095050811768,2.81700015068054,2.33505010604858,LIFT
-0.1885125041008,0.44357499480247,0.28352499008179,-0.56498748064041,-1.31505000591278,-3.02912497520447,-7.92288732528687,-16.9835872650146,-26.5934619903564,-14.4733877182007,0.51590001583099,0.46750000119209,5.72275018692017,11.4295501708984,6.84186267852783,-0.35708749294281,0.76779997348785,0.17737500369549,-1.46286249160767,-1.621262550354,-2.97371244430542,-14.9309873580933,-33.0750732421875,-39.0979881286621,-13.7007751464844,5.45778751373291,2.06346249580383,13.9254503250122,17.169075012207,5.43661260604858,-0.58396250009537,-0.41194999217987,0.28228750824928,0.55398750305176,-1.042799949646,-2.69156241416931,-2.83827495574951,-6.87348747253418,-12.0447244644165,-9.89147472381592,-5.46727514266968,-2.78189992904663,4.39161252975464,12.2853498458862,8.01900005340576,-0.02400000020862,0.46305000782013,0.40800002217293,-0.53895002603531,-0.87000006437302,2.30295014381409,8.49600028991699,6.01500034332275,-18.3700504302979,-32.0220031738281,1.25595009326935,20.2720508575439,-4.13895034790039,4.01295042037964,3.90495014190674,8.11500072479248,7.6080002784729,5.15295028686523,2.98305010795593,1.50300002098084,0.21900001168251,4.588050365448,28.5619506835938,53.5920028686523,48.1819534301758,2.89395022392273,-22.2330017089844,-7.26900053024292,-5.50605010986328,0.47295001149178,2.28000020980835,1.25505006313324,2.08605003356934,1.56900012493134,-0.10200000554323,2.92905020713806,-0.82005006074905,0.04605000093579,27.3010520935059,0.12495000660419,4.38300037384033,-6.77700042724609,20.6620502471924,0.99900007247925,1.21695005893707,LIFT
-0.32312500476837,-0.20460000634193,-0.73631250858307,-0.95493751764297,-0.67938750982285,-1.67777502536774,-3.4210000038147,1.43990004062653,8.02463722229004,5.28109979629517,1.2529000043869,0.8952624797821,6.26945018768311,7.58615016937256,4.03603744506836,-0.63249999284744,-0.38596248626709,-0.76683747768402,-0.45801249146461,-0.26675000786781,-4.50064992904663,-10.8273000717163,-5.33101224899292,11.6788377761841,11.9763870239258,2.4594624042511,1.22718751430511,7.16677474975586,8.45790004730225,4.71143770217896,-0.42336249351501,-0.65284997224808,-1.39658749103546,-1.84525001049042,-1.208899974823,0.78086251020432,1.72755002975464,1.76192498207092,-2.02702498435974,-7.23662519454956,-6.02855014801025,-2.76182508468628,4.68888759613037,5.70721244812012,0.73177498579025,-0.89100003242493,-1.22700011730194,-0.80805003643036,-2.05995011329651,0.97800004482269,5.58105039596558,4.7310004234314,-2.81700015068054,-35.25,-31.912052154541,4.29795026779175,25.3120517730713,-3.66195011138916,3.02400016784668,2.49705004692078,7.45905017852783,5.23905038833618,4.39604997634888,5.74905014038086,5.11905002593994,3.79695010185242,13.068000793457,31.1479511260986,47.3580017089844,40.6369514465332,-7.25205039978027,-20.6620502471924,-5.23605012893677,-2.87400007247925,1.70205008983612,1.96200013160706,1.75995004177094,1.89705014228821,1.14705002307892,3.81105017662048,5.37705039978027,3.25695013999939,2.45505023002625,0.21600000560284,1.49505007266998,-5.22705030441284,0.63705003261566,12.5599508285522,1.47105002403259,5.98305034637451,LIFT
0.75872498750687,0.88013750314713,0.39063748717308,-0.75047498941422,-2.61249995231628,-12.9398498535156,-19.5607490539551,11.4078245162964,19.5504379272461,-1.83644998073578,-2.00392508506775,3.21035003662109,22.7797622680664,19.429162979126,9.48626232147217,0.92317497730255,0.84933751821518,0.16142499446869,-0.86019998788834,-2.1872124671936,-8.35436248779297,-15.8204746246338,1.03331243991852,8.43988704681396,-2.5925624370575,-1.43371248245239,5.47112512588501,20.6632251739502,14.8449125289917,9.79096221923828,0.01883750036359,0.1175625026226,0.12746250629425,-0.96896249055862,-2.63642501831055,-5.0824122428894,-2.73982501029968,-10.5242500305176,-17.1058254241943,-7.7962498664856,-1.55113744735718,5.15845012664795,11.5843753814697,5.98276233673096,-2.50043749809265,-0.32100000977516,-0.70200002193451,-1.57605004310608,-2.37405014038086,0.92295002937317,8.2900505065918,-0.65205001831055,-20.3629512786865,-36.6030006408691,-19.0819511413574,19.4800510406494,3.57000017166138,3.3469500541687,4.87200021743774,1.29000008106232,9.00600051879883,8.2900505065918,7.26300048828125,4.61400032043457,-3.84195017814636,-7.07295036315918,10.8120002746582,47.2020034790039,48.0790519714355,26.2650012969971,-13.360050201416,-8.14095020294189,-1.05405008792877,0.84195005893707,2.86095023155212,1.23600006103516,1.37700009346008,2.22705006599426,2.48805022239685,5.79600048065186,4.23705005645752,-3.51000022888184,-7.60095024108887,25.3470020294189,5.47305011749268,-8.82495021820068,-5.08095026016235,2.91495013237,2.09100008010864,1.95405006408691,LIFT
0.27706250548363,0.28159999847412,0.30140000581741,0.16046249866486,0.06806249916553,-0.20322500169277,-1.05008745193481,-0.81124997138977,1.16558754444122,3.54447507858276,4.26841259002686,4.31103754043579,4.44509983062744,-9.09053707122803,-9.68632507324219,0.52676248550415,0.43793749809265,0.23883749544621,-0.11673749983311,-0.32642498612404,-0.57021248340607,-1.33815002441406,-0.66109997034073,1.69757497310638,4.79902505874634,5.5636625289917,3.4375,-4.67665004730225,-27.0687999725342,-22.0382251739502,-0.31831249594688,-0.18122500181198,0.174212500453,0.53198748826981,0.66068750619888,0.43381249904633,-0.12759999930859,-0.56003749370575,-0.16609999537468,-1.05462503433228,-2.91554999351501,-4.61532497406006,-14.4672002792358,-19.1610374450684,-9.77624988555908,-0.30900001525879,0.11595000326633,0.35805001854897,0.67200005054474,0.70305001735687,0.62100005149841,-0.03900000080466,1.81200003623962,-4.2199501991272,-11.1640501022339,-7.30995035171509,-2.88600015640259,10.4190006256104,9.41805076599121,-1.78905010223389,9.87105083465576,9.63195037841797,9.56400012969971,9.37005043029785,9.52395057678223,9.78194999694824,10.2730503082275,26.9359512329102,37.6390533447266,26.3749504089355,6.04395008087158,-13.4119510650635,-19.9699516296387,-7.22805023193359,4.63500022888184,1.77705013751984,1.41300010681152,1.42005002498627,1.24800002574921,1.65705013275146,2.69700002670288,3.43200016021729,0.40695002675056,-2.56605005264282,-16.5990009307861,-9.95505046844482,11.2849502563477,13.4959506988525,5.10405015945435,4.12395000457764,LIFT
1.07483744621277,1.00251245498657,0.23842500150204,-0.82156246900558,-2.22736239433289,-10.3784999847412,-11.8801374435425,-13.1778621673584,-10.1974124908447,-0.51603752374649,-0.07273750007153,-1.08652496337891,-22.5251121520996,-19.2852001190186,2.63216257095337,1.71613752841949,1.07965004444122,-1.29250001907349,-3.76928758621216,-5.93807506561279,-19.658374786377,-36.0766983032227,-40.4454879760742,-26.2418746948242,-8.14508724212646,-2.68358755111694,-2.54979991912842,-20.6423244476318,-16.2801380157471,2.83057498931885,0.03492499887943,-0.49500000476837,-1.21357500553131,-1.72864997386932,-2.41532492637634,-1.77512502670288,-5.40017509460449,-5.01228761672974,-3.67895007133484,-6.08451223373413,-4.26456260681152,-1.32550001144409,3.06075000762939,2.58362507820129,-0.34608748555183,-1.0969500541687,-1.50705003738403,-0.81000006198883,-1.59795010089874,2.36700010299683,10.5030002593994,11.6410503387451,-16.2289505004883,-26.2330513000488,-7.67895030975342,11.7100505828857,1.0480500459671,7.13100051879883,2.77395009994507,0.67200005054474,6.9060001373291,6.02505016326904,2.83005023002625,1.62000012397766,-0.33300000429153,8.24505043029785,34.3189506530762,47.0629539489746,41.7750015258789,13.8750009536743,-11.8720502853394,-8.296950340271,-11.4870004653931,-1.69395005702972,3.67695021629334,-1.43400001525879,-0.0730499997735,0.36600002646446,0.83805006742477,3.56595015525818,0.02400000020862,-14.8669509887695,-6.13305044174194,-9.20805072784424,-7.1100001335144,1.20195007324219,9.31905078887939,0.69195002317429,8.3899507522583,2.14095020294189,LIFT
-0.1876875013113,-0.26798748970032,-1.05283749103546,-3.28748750686646,-10.9876251220703,-13.3834247589111,4.01114988327026,14.8608627319336,6.9565372467041,1.78983747959137,1.61878752708435,4.52003765106201,21.653636932373,20.1273880004883,5.33486270904541,-0.40012499690056,-0.64583748579025,-2.15971255302429,-5.43839979171753,-9.92406272888184,-10.8055753707886,-2.45203757286072,14.0965003967285,15.2807874679565,4.86254978179932,2.22543740272522,4.89142513275146,24.9793491363525,23.4242248535156,5.91401243209839,0.53088748455048,1.18126249313354,0.58286249637604,-2.02633738517761,-6.12493753433228,-5.20616245269775,-1.6220874786377,0.14437499642372,-2.49040007591248,-5.36208724975586,-3.86636257171631,-4.80741262435913,-8.63004970550537,-7.4524998664856,-3.2878999710083,0.6360000371933,0.13800001144409,-0.79800003767014,0.09000000357628,3.40200018882751,4.55895042419434,-8.70900058746338,-34.3860015869141,-42.5070037841797,-11.5969505310059,15.6190509796143,5.92905044555664,6.31695032119751,7.31100034713745,-3.70995020866394,6.91605043411255,5.25600004196167,1.732950091362,-0.70695000886917,0.08505000174046,5.99100017547607,38.628002166748,42.036003112793,38.5630531311035,6.23295021057129,-13.3170003890991,-10.4470500946045,-7.64505052566528,-2.70900011062622,6.6589503288269,1.11900007724762,1.07100009918213,1.87500011920929,1.92105007171631,7.03695011138916,5.9520001411438,8.39700031280518,5.26695013046265,-3.72795009613037,-6.92100048065186,-2.83695006370544,5.7049503326416,9.36495018005371,2.68500018119812,2.01195001602173,LIFT
-0.52126252651215,-0.52126252651215,-0.66549998521805,-0.58025002479553,-0.68117499351501,-3.17074990272522,-17.2049617767334,-8.12514972686768,20.4451503753662,14.0068502426147,-0.22013749182224,-0.62851250171661,-8.08664989471436,-11.7191247940063,-3.7676374912262,-1.03881251811981,-0.80726248025894,-0.94050002098083,-0.81042498350143,-0.48730000853539,-5.03662490844727,-23.4709739685059,-14.827449798584,24.4455757141113,20.755350112915,0.06875000149012,-1.07799994945526,-5.52034997940063,-22.0653114318848,-17.4604377746582,-0.01484999991953,-0.12966249883175,-0.40974998474121,-0.77096247673035,-1.83081245422363,-3.35610008239746,0.32436248660088,-1.41817498207092,-6.84351253509521,-6.29241228103638,-4.48181247711182,-3.69187498092651,-14.6430625915527,-19.4258632659912,-9.24481201171875,-1.65300011634827,-1.48095011711121,-2.2300500869751,-2.13705015182495,-2.29500007629395,9.17895030975342,8.78805065155029,-23.7520503997803,-53.953052520752,-46.0950012207031,-7.03200054168701,24.9930019378662,1.10699999332428,4.50600004196167,5.86395025253296,6.421950340271,5.85000038146973,5.25795030593872,3.70395016670227,2.46600008010864,-4.69905042648315,-9.61905002593994,48.6319541931152,43.4350509643555,32.0130004882813,-5.96100044250488,-16.3300514221191,-3.3600001335144,-3.05895018577576,-1.49205005168915,1.20705008506775,1.37205004692078,1.31700003147125,0.79005002975464,2.9389500617981,6.02100038528442,2.59605002403259,0.99195003509521,-4.24095010757446,5.7940502166748,9.0799503326416,-11.1190509796143,11.6299505233765,1.1539500951767,0.50805002450943,LIFT
0.518374979496,0.40645000338554,0.80245000123978,2.24702501296997,0.39778751134872,-13.8923120498657,-14.2778625488281,7.17763757705688,8.3430871963501,-0.21697500348091,0.00178749999031,3.71414995193481,20.2593879699707,18.5619506835938,3.58929991722107,0.68543750047684,0.39531248807907,1.17204999923706,3.88863754272461,2.65155005455017,-20.0054244995117,-20.648099899292,15.5132999420166,19.0522747039795,4.63512516021729,2.34946250915527,5.60188770294189,24.8643989562988,22.2637252807617,4.1267876625061,0.13076250255108,0.2095499932766,-0.36863750219345,-0.20198750495911,2.46399998664856,4.85182476043701,3.27291250228882,-0.40218749642372,-7.19743728637695,-8.66415023803711,-5.23833751678467,-5.81349992752075,-5.03126239776611,-3.66409993171692,-2.07130002975464,0.69795000553131,-1.03005003929138,0.31005001068115,2.1780002117157,4.00305032730103,7.23405027389526,7.08300018310547,-31.8370513916016,-41.9110527038574,-17.7379512786865,17.752950668335,15.1950006484985,3.79905009269714,8.22795009613037,-0.74295002222061,7.11705017089844,6.19905042648315,4.54395008087158,3.90300011634827,4.81305027008057,7.82805013656616,22.5480003356934,42.8959503173828,41.7130508422852,10.0480508804321,-20.5999507904053,-17.203950881958,-5.37495040893555,-4.171950340271,3.79695010185242,-0.23805001378059,-0.00900000054389,-3.25605010986328,0.8890500664711,3.33195018768311,1.63605010509491,4.83105039596558,3.77895021438599,13.3980007171631,-4.90200042724609,-2.13300013542175,-8.07299995422363,10.0540504455566,-0.92100006341934,0.36900001764297,LIFT
0.29521250724792,0.19304999709129,-0.17806249856949,-0.27417498826981,0.45429998636246,-2.85958743095398,2.49906253814697,6.51585006713867,0.16596250236034,-1.56612503528595,-1.37995004653931,-3.42526245117188,-24.940299987793,-24.0092868804932,-0.60623747110367,0.96607500314713,0.5516499876976,-0.79364997148514,-1.05283749103546,1.29524993896484,-1.24492502212524,7.59591245651245,11.3350877761841,-4.07508754730225,-8.58013725280762,-6.39732503890991,-9.37364959716797,-21.5737495422363,-17.6734256744385,-2.70778751373291,0.09597499668598,0.06984999775887,-0.11687500029802,-0.17228749394417,0.01086249947548,2.49919986724854,1.30886244773865,-1.56818747520447,-1.33608746528625,-1.97848749160767,-3.10117506980896,-2.4033625125885,-1.66801249980927,-0.73768746852875,-1.12076246738434,1.4479501247406,0.66000002622604,0.42495003342628,1.58400011062622,1.40205001831055,4.29300022125244,11.635950088501,8.39805030822754,-17.7070503234863,-4.87695026397705,3.01200008392334,6.24000024795532,3.36105012893677,3.69900012016296,0.90195006132126,7.60095024108887,6.6540002822876,5.17695045471191,3.8860502243042,4.11105012893677,8.65200042724609,26.416051864624,38.6089515686035,38.5180511474609,18.3160514831543,-8.33295059204102,-14.3179502487183,-6.06900024414063,-1.08795011043549,1.55505001544952,-2.59995007514954,-2.94000005722046,-1.40700006484985,-2.64795017242432,0.47700002789497,-2.78895020484924,-11.2000503540039,-16.9270515441895,-15.2050504684448,-0.51105004549026,6.16995048522949,8.44500064849854,5.09895038604736,3.5179500579834,3.46800017356873,LIFT
0.60678750276566,0.60004997253418,-0.03726249933243,-1.44952499866486,-2.69335007667542,-2.55227494239807,-7.69945001602173,-20.8514633178711,-18.1303367614746,-4.26153755187988,-1.27118754386902,0.42074999213219,12.0826749801636,10.7875623703003,1.16393744945526,0.73521250486374,0.70331251621246,-0.62411248683929,-3.42512488365173,-5.67586231231689,-9.80457496643066,-20.3088874816895,-33.1612892150879,-24.2023372650146,-3.30948758125305,1.34213745594025,2.72057509422302,15.3960123062134,12.0971126556396,0.61902499198914,-0.76436251401901,-0.54188752174377,-0.09996250271797,0.84205001592636,1.23667502403259,4.36479997634888,8.79532527923584,1.67117500305176,-9.57082462310791,-8.59553718566895,-4.15442514419556,-3.23716259002686,-10.5953378677368,-10.3494873046875,-2.01011252403259,-0.78795003890991,-0.12300000339746,0.3120000064373,0.51600003242493,0.68400001525879,5.66295003890991,4.49895000457764,-22.1140518188477,-48.1710014343262,-13.8750009536743,22.1880016326904,4.34295034408569,6.01695013046265,5.62500047683716,-3.8730001449585,9.13094997406006,6.72405052185059,4.75800037384033,3.09105014801025,2.24295020103455,-1.20705008506775,23.4600009918213,42.4740028381348,56.286003112793,9.03299999237061,-20.67405128479,-11.0650501251221,-6.92400026321411,-1.58805012702942,6.06300020217896,-1.17000007629395,-0.77700001001358,0.86205005645752,0.85005003213882,-0.68595004081726,-2.69805002212524,0.00195000006352,0.73500001430511,13.8049507141113,0.22995001077652,-7.48305034637451,3.18795013427734,-1.56495010852814,-1.44300007820129,2.61300015449524,LIFT
0.10023749619722,0.4281750023365,0.12196250259876,-0.25698751211166,-0.52689999341965,-1.05421245098114,-8.23982524871826,0.09707500040531,11.3075876235962,3.63687491416931,0.27816250920296,1.1808500289917,19.9163246154785,21.0597743988037,5.7323751449585,0.28215000033379,0.84933751821518,-0.05513750016689,-0.78883749246597,-1.11292505264282,-2.22956252098084,-14.1706123352051,-8.5122127532959,13.7823123931885,9.50716209411621,0.52373749017715,2.15311241149902,22.6869506835938,24.4171123504639,8.50863742828369,-0.08978749811649,-0.02653750032187,0.03492499887943,0.01759999990463,-0.80849999189377,-1.77567493915558,-2.53220009803772,-0.1363999992609,-2.50552487373352,-5.3975625038147,-2.71383738517761,-1.20353746414185,1.07497501373291,0.97377496957779,-0.80643749237061,-2.5770001411438,-2.13000011444092,-1.8469500541687,-2.31195020675659,-3.37005019187927,2.94405007362366,3.37995004653931,-21.2200508117676,-40.4710502624512,-16.8210010528564,8.13000011444092,12.1369504928589,0.23295001685619,6.26895046234131,1.23000001907349,9.51405048370361,9.26505088806152,8.44095039367676,6.67605018615723,3.91500020027161,-1.67400002479553,1.50795006752014,45.0469512939453,48.3810005187988,20.3590507507324,-8.90505027770996,-15.7789506912231,-3.25995016098022,-3.81105017662048,3.20100021362305,-1.16505002975464,-0.04200000315905,0.56295001506805,-0.55200004577637,1.21200001239777,6.16695022583008,2.71605014801025,-8.74305057525635,5.02200031280518,-1.3900500535965,-9.10500049591064,1.1539500951767,4.300950050354,1.5859500169754,2.50500011444092,LIFT
0.40947499871254,0.29356250166893,0.20171250402927,0.02914999984205,-0.06201250106096,-0.15716250240803,-0.83448749780655,7.93278741836548,-0.26551249623299,-10.0946998596191,-1.78639996051788,-0.62645000219345,0.99989998340607,-10.1512126922607,-10.3916997909546,0.6318125128746,0.47753748297691,0.39297500252724,-0.11687500029802,-0.5352874994278,-0.68667501211166,-2.31797504425049,10.3996753692627,-1.63185000419617,-12.7586250305176,1.33718752861023,0.518649995327,-0.54216247797012,-10.9663124084473,-9.63613700866699,-0.33893749117851,-0.34553748369217,-0.14836250245571,-0.2253624945879,-0.94352501630783,-0.57090002298355,2.82136249542236,9.15145015716553,1.64161252975464,-8.97366237640381,-5.05477476119995,-1.60902500152588,4.8614501953125,19.2794246673584,14.1689624786377,-2.09400010108948,-1.87095010280609,-1.79895007610321,-2.42700004577637,-1.28895008563995,1.13895010948181,4.76895046234131,3.75600028038025,-24.3220520019531,-16.9399509429932,-1.78905010223389,8.00505065917969,5.7180004119873,4.35000038146973,4.21395015716553,9.13800048828125,8.98995018005371,8.0149507522583,6.33405017852783,5.11395025253296,2.050950050354,1.87605011463165,23.4910507202148,53.4049530029297,35.4330024719238,9.16005039215088,-9.97095012664795,-7.76505041122437,-4.8550500869751,1.34205007553101,-0.5500500202179,-0.38205000758171,-0.14699999988079,-0.15705001354218,-0.41295000910759,1.23600006103516,-0.73905003070831,-2.19495010375977,20.9640007019043,7.9200005531311,1.77705013751984,-7.27995014190674,7.22805023193359,-0.01305000018328,2.47905015945435,LIFT
0.39077499508858,-0.434087485075,-1.14289999008179,-1.3611124753952,-1.38269996643066,-2.11805009841919,-2.76869988441467,10.3949995040894,13.3160495758057,2.05809998512268,0.81963747739792,0.59097498655319,0.93266248703003,0.68323749303818,1.28342497348785,0.84149998426437,-0.90062499046326,-2.76058745384216,-2.88584995269775,-2.32375001907349,-4.64626264572144,-11.6331872940063,8.41403770446777,12.0527000427246,-4.77386236190796,-1.02272498607636,0.59042501449585,9.59378719329834,8.30788707733154,0.66893750429153,-0.04743750020862,-0.02007500082254,-0.9092875123024,-1.78131246566772,-1.99072504043579,-0.76807498931885,0.78292500972748,1.5020500421524,-4.24434995651245,-6.57305002212524,-2.44805002212524,0.34979999065399,10.4557752609253,9.42658710479736,-1.12901246547699,-0.98505002260208,-1.81095004081726,-1.76595008373261,-2.92995023727417,-1.30995011329651,3.91200017929077,4.90605020523071,-26.1160507202148,-36.7879524230957,-7.86795043945313,14.0569505691528,6.86505031585693,6.47700023651123,4.02705001831055,-0.44100001454353,8.62095069885254,9.46395015716553,7.57695055007935,7.45005035400391,6.06300020217896,3.04800009727478,14.5579509735107,43.7490005493164,45.2740516662598,16.4449501037598,-16.4280014038086,-11.7360010147095,-7.7509503364563,-1.12095010280609,4.55895042419434,-0.32895001769066,0.93405002355576,0.45000001788139,1.80105006694794,2.22000002861023,6.62700033187866,-9.67995071411133,-13.0639505386353,-16.7659511566162,-7.13895034790039,4.34700012207031,12.8059501647949,4.29704999923706,0.73305004835129,-1.40205001831055,LIFT
-0.47327500581741,-0.22948749363422,-0.16486249864101,-0.2268749922514,-0.32642498612404,-0.76573747396469,-2.8194375038147,-0.83654999732971,9.52558708190918,9.01367473602295,1.24382495880127,1.5272125005722,15.5025749206543,18.5009002685547,7.2748498916626,-0.83833748102188,-0.23773749172688,-0.20927499234676,-0.41071251034737,-0.57144999504089,-1.39507496356964,-5.08351230621338,-7.57184982299805,8.05708789825439,11.8721628189087,0.46777498722076,2.29625010490417,22.0396003723145,25.3629741668701,9.83056259155273,0.21628749370575,0.13914999365807,0.19236250221729,0.35268750786781,0.41868749260902,0.31569999456406,-0.33041250705719,1.03345000743866,-2.45134997367859,-6.96836233139038,-3.83322501182556,-0.93912500143051,5.66981267929077,11.6281003952026,5.90796232223511,-1.69605004787445,-1.00394999980927,-1.02495002746582,-0.91995006799698,-0.76005005836487,0.98295003175735,4.04400014877319,0.37200000882149,-38.4400520324707,-15.1939506530762,9.47294998168945,11.0830507278442,3.39195013046265,3.28500008583069,4.27605009078979,8.96295070648193,8.56095027923584,8.89395046234131,8.85300064086914,8.61795043945313,6.22305011749268,4.63095045089722,23.6689510345459,53.2999534606934,24.0060005187988,-2.09595012664795,-12.0379505157471,-6.89100027084351,-3.48705005645752,-1.82805013656616,1.88505005836487,2.33805012702942,2.26095008850098,2.29200005531311,3.5350501537323,4.27500009536743,5.16405010223389,-14.6590509414673,-5.95500040054321,-6.78900051116943,-10.2859506607056,6.99600028991699,2.85495018959045,2.49600005149841,0.78795003890991,LIFT
-0.23842500150204,0.08635000139475,0.23636250197887,-0.19318750500679,-0.60128748416901,-1.05503749847412,-1.64326250553131,3.84793758392334,7.56360006332397,2.95624995231628,0.90351247787476,-0.6514750123024,-13.2362995147705,-11.0116872787476,1.66416251659393,-0.10889999568462,0.86693751811981,1.39053750038147,0.48826250433922,-0.45003750920296,-1.40071249008179,-2.7114999294281,10.4061374664307,8.11896228790283,-7.25917482376099,-3.75952506065369,-3.24252510070801,-13.9928245544434,-9.80319976806641,-0.17091250419617,0.00096249999478,-0.19057500362396,-0.35131248831749,-0.37180000543594,-0.27073749899864,0.11935000121593,0.96043747663498,3.20567488670349,0.31171250343323,-4.20749998092651,-3.28652501106262,0.15743750333786,10.0347499847412,9.29403781890869,-1.26610004901886,-0.45300000905991,0.03495000302792,-0.73800003528595,-0.550950050354,-0.17805001139641,0.32895001769066,4.25205039978027,10.1530504226685,-27.6460514068604,-10.8019504547119,16.7130012512207,6.26895046234131,2.0269501209259,2.25195002555847,1.13100004196167,10.6489505767822,10.7550001144409,10.9969501495361,10.9420509338379,9.56205081939697,8.30505084991455,7.62405014038086,28.1500511169434,42.5389518737793,15.8830509185791,-12.7560005187988,-11.2470006942749,-3.28605008125305,1.38795006275177,4.47495031356812,-1.08405005931854,-1.71405005455017,-0.94305002689362,-0.92100006341934,0.22800001502037,1.64505004882813,-1.14405000209808,-16.4190006256104,-12.4510507583618,-11.3940010070801,3.83400011062622,13.278000831604,2.06700015068054,-3.05505013465881,-1.8139500617981,LIFT
-0.61682498455048,-0.36588749289513,-0.04468749836087,0.17806249856949,-0.39297500252724,-2.38947486877441,-4.76203727722168,6.89232492446899,11.7031745910645,2.14582490921021,-0.70730000734329,-5.76441240310669,-22.7996997833252,-19.7747001647949,-1.78145003318787,-1.20560002326965,-0.53102499246597,0.1199000030756,0.42913749814034,-0.98326247930527,-4.61889982223511,-9.19421291351318,4.94037485122681,7.77878761291504,-3.42691254615784,-2.32746243476868,-10.9258871078491,-22.589599609375,-15.0500621795654,-3.93470001220703,-0.14011250436306,0.42198750376701,0.39737498760223,-0.10752499848604,-0.81963747739792,-1.67419993877411,-1.09367501735687,4.37937498092651,-1.05558753013611,-7.39694976806641,-2.7363874912262,-1.025475025177,0.34842500090599,1.95002496242523,-1.38269996643066,-0.46995002031326,-0.30705001950264,-0.86700004339218,-1.02495002746582,-1.69095003604889,-0.35505002737045,7.49505043029785,-8.67300033569336,-35.7409515380859,-3.10005021095276,15.0349502563477,4.55205011367798,7.73895025253296,2.08905005455017,-0.02700000070035,9.28395080566406,8.23995018005371,7.73700046539307,6.23805046081543,6.10095024108887,4.83705043792725,8.93205070495605,40.161003112793,53.4240036010742,11.9670009613037,-17.2780513763428,-6.63705015182495,-8.50005054473877,1.87395012378693,6.30195045471191,-0.49695003032684,-0.58605003356934,-0.30300000309944,-0.45900002121925,2.73000001907349,3.9060001373291,1.20495009422302,-14.0700006484985,-5.75205039978027,3.03000020980835,8.38695049285889,15.2350511550903,-2.66700005531311,0.28500002622604,-0.54704999923706,LIFT
-0.0961124971509,-0.42776250839233,-0.42019999027252,-0.30291250348091,-0.26303750276566,-1.02808749675751,-14.2286376953125,-12.0617752075195,8.78404998779297,7.2080249786377,-0.97982501983643,-1.50906252861023,-18.5499877929688,-19.4981880187988,-0.1891999989748,-0.25327500700951,-0.93871247768402,-0.81963747739792,-0.52841252088547,-0.49390000104904,-2.24853754043579,-23.1144371032715,-21.6680755615234,18.1256618499756,19.8505992889404,0.90653747320175,-1.55416250228882,-18.9727993011475,-21.1580867767334,-1.63954997062683,0.15344999730587,0.1545500010252,0.00371249997988,-0.21449999511242,-0.30222499370575,1.26472496986389,2.94249987602234,-0.25189998745918,-6.58459997177124,-7.10311269760132,-3.27016258239746,-1.89241254329681,-2.19862508773804,-1.90849995613098,-2.25871253013611,-0.14205001294613,-0.68505001068115,-0.56805002689362,-0.69300001859665,0.21405000984669,5.79000043869019,8.11500072479248,-14.1409502029419,-40.4880027770996,-17.0359516143799,4.94205045700073,15.2760009765625,4.22595024108887,5.50995016098022,1.00200009346008,8.77905082702637,8.50605010986328,8.44395065307617,7.60995054244995,5.31300020217896,-1.21695005893707,-1.33005011081696,43.6930503845215,53.4460525512695,21.4870510101318,-8.53605079650879,-18.2740516662598,-3.68595027923584,-1.41105008125305,2.94900012016296,0.01395000051707,0.29205000400543,-0.04005000367761,0.60105001926422,0.40995001792908,4.34205007553101,1.91400003433228,3.01800012588501,18.3960018157959,14.4640502929688,0.16305001080036,-5.58405017852783,8.64795017242432,-2.62395024299622,3.10200023651123,LIFT
-0.20157499611378,-0.12925000488758,-0.00962499994785,0.04523750022054,0.32738751173019,0.55302500724792,8.54755020141602,7.15137481689453,-10.948712348938,-9.80154991149902,-0.61242496967316,2.22873759269714,20.6446628570557,20.5191249847412,5.59858751296997,-0.51658749580383,-0.40755000710487,-0.13461250066757,-0.06283749639988,0.38857498764992,0.99659997224808,16.0286502838135,10.3049373626709,-18.8696746826172,-12.25661277771,1.02272498607636,4.23843765258789,22.2468128204346,20.7625007629395,6.73584985733032,-0.80753749608994,-0.77962499856949,-0.39063748717308,-0.21601249277592,-0.15867500007153,0.6210874915123,3.88822507858276,4.15731239318848,-3.17611241340637,-5.80910015106201,-2.83057498931885,-0.84700000286102,7.4614372253418,8.82021236419678,0.11715000122786,-1.46895003318787,-1.16700005531311,-1.36095011234283,-1.24305009841919,-0.21105000376701,3.01200008392334,7.29900026321411,-16.4569511413574,-32.8720512390137,-11.0850009918213,4.21605014801025,9.1690502166748,2.55195021629334,5.79195022583008,3.29205012321472,9.58395004272461,9.20805072784424,8.56095027923584,6.75000047683716,4.4650502204895,-1.05405008792877,8.04104995727539,35.4810028076172,45.9469528198242,19.8030014038086,-5.39400005340576,-11.695050239563,-5.37195014953613,-3.0130500793457,1.69005012512207,-0.12600000202656,0.37605002522469,0.16995000839233,-0.2029500156641,-1.18005001544952,-0.24300001561642,-13.2600002288818,24.9799518585205,3.36495018005371,1.91100013256073,-6.37695026397705,0.27795001864433,3.89895009994507,2.30205011367798,2.47200012207031,LIFT
-0.348149985075,-0.64418751001358,-0.62768751382828,-1.38434994220734,-5.40292501449585,-22.766975402832,-13.1565494537354,24.6558132171631,15.9372119903564,-4.99083757400513,-2.83428740501404,-1.27820003032684,-1.23296248912811,-14.6796369552612,-13.8978128433228,-0.53707498311996,-1.09986245632172,-1.0723625421524,-1.6189249753952,-2.75756239891052,-14.4816370010376,-18.7046756744385,9.39729976654053,12.3873748779297,-2.52353739738464,-0.09790000319481,-0.21587499976158,-6.74176263809204,-16.0162754058838,-9.96421241760254,0.51947498321533,0.1229249984026,-0.63786250352859,-2.59820008277893,-9.34945011138916,-13.5371503829956,-17.0704879760742,-19.8915748596191,-13.2943248748779,-5.47634983062744,-1.54330003261566,-0.74263751506805,1.35300004482269,8.89116287231445,4.89610004425049,0.27600002288818,-0.66105002164841,-1.12395000457764,-3.65505027770996,2.46495008468628,6.78405046463013,-2.46495008468628,-9.97305011749268,-14.7900009155273,-6.24195051193237,-2.92995023727417,2.7940502166748,6.16605043411255,3.19095015525818,6.47205018997192,8.61600017547607,7.40700054168701,3.56700015068054,-1.36800003051758,-5.66895008087158,-3.0130500793457,21.4390506744385,46.1599540710449,41.3389511108398,26.5330505371094,6.64305019378662,-10.3399505615234,-13.9750509262085,-5.671950340271,-5.72895050048828,0.78600001335144,0.75000005960464,1.37700009346008,1.23105001449585,1.89195013046265,0.66105002164841,-2.63295006752014,16.0420513153076,42.3700523376465,11.5249509811401,3.86805009841919,-3.50805020332336,-1.81200003623962,-3.65595006942749,-0.5020500421524,LIFT
0.00879999995232,0.53322499990463,0.69231247901917,0.86858749389648,0.85511249303818,-0.00371249997988,-1.56694996356964,10.1411752700806,7.19894981384277,-7.81247472763062,-5.24548768997192,-2.79949998855591,-2.17030000686646,-14.070237159729,-11.1806745529175,-0.10972499847412,0.78567498922348,0.92344999313354,1.11759996414185,1.04114997386932,-0.52263748645782,-3.5755500793457,11.2810497283936,1.23956251144409,-19.185375213623,-7.7954249382019,-2.30010008811951,-6.90016269683838,-27.6420364379883,-20.808012008667,-0.7262749671936,-1.63927495479584,-1.72796249389648,-1.49242496490479,-0.97473746538162,-0.22632500529289,1.54082500934601,4.79228734970093,4.43190002441406,-0.82142502069473,-2.37984991073608,-0.65614998340607,3.58765006065369,16.4322128295898,15.3909244537354,-1.33695006370544,-1.36305010318756,-1.86600005626678,-2.007000207901,-0.67605000734329,-0.34500002861023,3.46905016899109,1.18395006656647,-28.2810020446777,-15.1660509109497,-0.04800000041723,7.1650505065918,9.84495067596436,2.23095011711121,1.62195003032684,9.31500053405762,8.81505012512207,8.7480001449585,7.58895015716553,5.65305042266846,2.71200013160706,-0.81900006532669,13.2340507507324,53.2399520874023,37.3180503845215,13.5259504318237,-4.90500020980835,-10.3680000305176,-3.92595028877258,1.62300002574921,-0.40395000576973,-1.1290500164032,-0.46800002455711,-1.84305012226105,0.06705000251532,0.99900007247925,-1.20105004310608,-16.5010509490967,6.19395017623901,16.7029514312744,3.01095008850098,-0.86100006103516,-4.61205005645752,0.60105001926422,1.70100009441376,LIFT
0.15853749215603,0.15001249313354,-0.07081250101328,-0.41937500238419,-0.41126251220703,-0.66275000572205,-1.67530000209808,-0.68887501955032,4.85897493362427,5.85612487792969,2.12753748893738,1.22815001010895,6.93522500991821,10.3093376159668,4.91026258468628,0.14492499828339,0.20267499983311,0.04619999974966,-0.37674999237061,-0.49706250429153,-1.00581252574921,-2.56863737106323,-3.61019992828369,4.41237497329712,7.72983741760254,2.26008749008179,1.03303754329681,3.90238738059998,8.50272464752197,4.6018500328064,0.00756249995902,-0.04317500069737,-0.16403749585152,-0.23636250197887,-0.07741250097752,0.25093749165535,0.78374999761581,2.71741247177124,-1.55223751068115,-6.85162496566772,-4.46806240081787,-2.72167491912842,-0.8068500161171,0.53294998407364,-1.98687493801117,0.69300001859665,0.85395002365112,0.65505003929138,0.88695001602173,1.06695008277893,1.66605007648468,4.09905004501343,6.95100021362305,-20.4750003814697,-6.14805030822754,-5.1589503288269,5.80200004577637,4.02705001831055,4.05795001983643,1.74705004692078,9.74895000457764,9.62205028533936,9.84000015258789,9.71295070648193,9.56700038909912,9.26505088806152,5.56695032119751,21.8629512786865,48.7039527893066,23.9749507904053,4.08494997024536,-16.0590000152588,-12.0300006866455,-1.87305009365082,3.97695016860962,0.39300000667572,0.34695002436638,0.58200001716614,0.69900006055832,0.91005003452301,1.8469500541687,3.4699501991272,-7.13895034790039,-14.8050003051758,-11.0400009155273,-3.5440502166748,9.07500076293945,2.88105010986328,1.96395003795624,3.8779501914978,LIFT
-0.7902125120163,0.01869999989867,0.06902500241995,-0.14176249504089,-0.25409999489784,0.7627124786377,3.10956239700317,13.2367124557495,11.2083120346069,0.36368748545647,0.27678748965263,2.0816125869751,9.06991291046143,7.72502517700195,5.69250011444092,-1.16572499275208,0.07782500237226,-0.07906249910593,-0.45649999380112,-0.49816250801086,4.48401260375977,13.4220628738403,27.2439746856689,26.9953746795654,10.3901872634888,2.57358741760254,3.07312488555908,10.6125249862671,8.70526218414307,6.1500997543335,-0.39146250486374,-0.68543750047684,-0.90461248159409,-1.31161248683929,-0.9344499707222,4.75667476654053,11.9110746383667,4.13091230392456,-6.83209991455078,-4.99922513961792,-1.82971251010895,0.99000000953674,19.3990497589111,20.3449115753174,1.88979995250702,-1.55505001544952,-1.56405007839203,-2.08395004272461,-0.95400005578995,1.62000012397766,4.79595041275024,5.33700037002563,-16.0110015869141,-30.7960510253906,-6.17505025863647,9.69795036315918,5.75400018692017,4.17600011825562,1.94595015048981,-0.34305000305176,8.82000064849854,8.06295013427734,6.06300020217896,2.83005023002625,0.39900001883507,-0.36405003070831,12.538950920105,48.550952911377,50.7520523071289,17.4610500335693,-9.75300025939941,-9.43200016021729,-7.55400037765503,-1.37295007705688,3.507000207901,-0.8400000333786,1.23105001449585,-0.19095000624657,0.32295000553131,-1.08600008487701,2.425950050354,2.206050157547,24.693000793457,10.0950002670288,3.40305018424988,-6.48000049591064,3.70005011558533,4.31595039367676,1.88700008392334,3.45405006408691,LIFT
0.78457498550415,0.27706250548363,-0.2745875120163,-0.68612498044968,-0.71981251239777,-3.94611239433289,-12.4397621154785,4.89032506942749,13.4457120895386,0.15193749964237,-0.28627499938011,0.39063748717308,-14.2950496673584,-14.5736246109009,7.3550124168396,0.99659997224808,0.11151249706745,-0.86680001020432,-1.40263748168945,-1.12749993801117,-7.57652473449707,-17.6462001800537,3.87378740310669,15.3385372161865,1.93599998950958,0.29479998350143,0.432712495327,-12.9489250183105,-13.2032995223999,5.45091247558594,-0.25121250748634,-0.48372501134872,-0.43188750743866,-0.63373750448227,-1.03620004653931,-0.81674998998642,-1.38476252555847,-1.34969997406006,-4.22399997711182,-5.32509994506836,-2.18143749237061,1.11952495574951,12.7063751220703,10.5799369812012,-3.07229995727539,-1.03005003929138,-0.38595002889633,-1.5859500169754,-1.53795003890991,-0.28305000066757,7.01100015640259,-2.67795014381409,-23.3899517059326,-32.1340522766113,-7.06305027008057,19.5160503387451,2.16405010223389,7.97895050048828,0.28395000100136,-0.92700004577637,7.96200037002563,7.51395034790039,8.20604991912842,6.25695037841797,3.18900012969971,-2.28000020980835,20.2510509490967,43.4950523376465,48.6540031433105,9.98100090026855,-20.1259517669678,-2.81205010414124,-6.35895013809204,0.86100006103516,5.69595050811768,0.05505000427365,-0.24300001561642,0.77100002765656,0.63000005483627,0.68295001983643,13.1059503555298,-5.06400012969971,1.41795003414154,5.83005046844482,-1.18395006656647,-5.51895046234131,11.3740501403809,3.19005012512207,1.25505006313324,2.95095014572144,LIFT
-0.38238748908043,-0.37482500076294,-0.23154999315739,0.40314999222755,1.05132496356964,1.3556125164032,0.4657124876976,-1.02987504005432,-2.06634998321533,-0.5791500210762,0.96593749523163,1.66443753242493,-20.9258499145508,-24.1658992767334,0.69121247529984,-0.75900000333786,-0.5545374751091,-0.33027499914169,0.79461246728897,2.0150625705719,3.50075006484985,2.90867495536804,-1.37609994411469,-3.39748740196228,0.4492124915123,2.28854990005493,1.86587500572205,-15.5436878204346,-19.1175880432129,-1.78351247310638,-0.44852501153946,-0.31006249785423,-0.3647874891758,-0.2208250015974,0.3605250120163,3.14847493171692,4.30691242218018,-0.11123749613762,-4.16267490386963,-3.51944994926453,-1.86752498149872,-1.77388751506805,-1.39053750038147,0.34443750977516,-1.27709996700287,-1.50000011920929,-2.2129499912262,-1.70805013179779,-0.49605002999306,1.01595008373261,1.1290500164032,0.1710000038147,-7.89900016784668,-18.6670513153076,-4.58205032348633,-3.46095013618469,9.57405090332031,4.70700025558472,3.04005002975464,-0.17805001139641,8.68095016479492,8.37705039978027,6.55200052261353,4.12095022201538,2.20500016212463,4.01505041122437,22.3279514312744,43.3129539489746,45.058952331543,19.4299507141113,-3.96900010108948,-17.4600009918213,-10.3800001144409,-1.24605000019073,5.40000009536743,0.61800003051758,0.86895006895065,-0.01605000160635,-0.98100006580353,0.52905005216599,-0.41805002093315,-3.99600028991699,10.617000579834,-13.6219511032104,-0.74595004320145,-4.82505035400391,15.6490507125854,4.89105033874512,1.4800500869751,2.1889500617981,LIFT
0.09528750181198,-0.37248748540878,-0.77811247110367,-0.62177497148514,-0.29741248488426,-1.19597494602203,-12.0213499069214,-4.85416269302368,7.85716247558594,2.65127491950989,1.08597505092621,1.97876250743866,-8.07386207580566,-10.6270999908447,3.13170003890991,0.26606249809265,-0.604312479496,-1.25111246109009,-0.71885001659393,-0.01429999992251,-2.19518756866455,-16.3209743499756,-8.27818775177002,15.189624786377,12.1504621505737,2.92751240730286,2.20467495918274,-11.8908624649048,-15.9444999694824,2.08546257019043,0.37180000543594,-0.37207499146461,-0.94393748044968,-1.214674949646,-1.17507493495941,1.04018747806549,1.10577499866486,0.32463750243187,-1.14400005340576,-2.97247505187988,-2.16191244125366,-2.03005003929138,-7.58890008926392,-7.25339984893799,-2.69554996490479,-1.60995006561279,-1.8880500793457,-2.2540500164032,-1.95195007324219,-0.43200001120567,5.03805017471313,2.10405015945435,-19.5169506072998,-43.9470024108887,-11.695050239563,8.81205081939697,7.90005016326904,3.76395010948181,5.28000020980835,-0.26595002412796,8.78400039672852,7.93305015563965,6.91305017471313,5.43795013427734,3.22995018959045,-1.16400003433228,8.4529504776001,41.2890014648438,52.6480522155762,16.1680507659912,-12.0570001602173,-15.5509510040283,-6.04095029830933,-2.3860502243042,4.95600032806396,0.09600000083447,0.4120500087738,0.13905000686646,0.4570500254631,-0.2029500156641,6.93105030059814,7.81995058059692,18.0510005950928,-3.09105014801025,4.34700012207031,-6.7150502204895,4.34700012207031,2.77095007896423,0.02205000072718,-0.13995000720024,LIFT
0.09597499668598,0.23539999127388,0.29370000958443,0.12897500395775,-0.07823749631643,-0.7209125161171,-3.70933747291565,-16.1199493408203,-25.6242256164551,-12.8662872314453,-0.28476250171661,0.77508747577667,2.30972504615784,10.3548498153687,11.1687126159668,0.04317500069737,0.45649999380112,0.64721250534058,0.24873749911785,-0.16843749582767,-1.30982494354248,-8.60928726196289,-27.4660377502441,-39.5763511657715,-17.2048244476318,3.2106249332428,2.28016257286072,3.81878757476807,10.5683870315552,10.2158374786377,-0.10683749616146,-0.22371250391006,-0.16857500374317,-0.07479999959469,-0.29053750634193,-0.67842501401901,1.22168743610382,1.67791247367859,-9.28358745574951,-12.7415752410889,-4.51604986190796,-2.13069987297058,1.47578752040863,12.0575122833252,8.34872531890869,-1.90005004405975,-1.3819500207901,-1.13595008850098,-1.52805006504059,-1.3819500207901,0.64995002746582,6.85305023193359,4.50795030593872,-26.3500518798828,-15.4320011138916,0.40095001459122,2.73105001449585,6.95400047302246,4.05795001983643,1.43595004081726,9.92100048065186,9.175950050354,8.24205017089844,6.97500038146973,4.53495025634766,-0.18195000290871,-3.46605014801025,28.4470520019531,59.719051361084,29.4930019378662,3.26100015640259,-6.12900018692017,-10.243950843811,-3.70800018310547,1.56000006198883,0.52695000171661,-0.22200001776218,0.0,0.29895001649857,0.34005001187325,1.47495007514954,1.49205005168915,-7.78305053710938,19.5310516357422,0.70395004749298,-8.4820499420166,5.1060004234314,3.36495018005371,0.93900007009506,0.63705003261566,LIFT
0.07177499681711,0.08263749629259,0.06764999777079,0.04592499881983,-0.0331375002861,0.02337500080466,0.30291250348091,1.4470499753952,0.81647497415543,-0.41222500801086,0.26853749155998,0.95177501440048,1.96088743209839,3.84037494659424,6.03679990768433,0.23141250014305,0.28338751196861,0.16664999723434,0.06091250106692,-0.1055999994278,-0.0930875018239,0.45374998450279,2.21938753128052,1.71256244182587,0.30030000209808,1.1336874961853,1.87549996376038,3.40505003929138,5.6113748550415,4.76244974136353,0.08291249722242,0.00659999996424,-0.10821250081062,-0.1214125007391,-0.07768750190735,0.05073750019073,0.00096249999478,0.51397502422333,-1.43879997730255,-2.97385001182556,-1.81871247291565,-0.82472497224808,6.70697498321533,6.2975001335144,-3.84367489814758,-1.12395000457764,-1.29795002937317,-1.23105001449585,-1.28895008563995,-1.12800002098084,-1.26705002784729,-0.20895001292229,-11.56605052948,-17.2350006103516,-3.7390501499176,-0.09900000691414,7.70100021362305,2.9520001411438,2.07705020904541,-0.02205000072718,9.46605014801025,9.70305061340332,9.55995082855225,9.61200046539307,9.52395057678223,9.61005020141602,15.1210508346558,33.1339530944824,34.8799514770508,10.3500003814697,-8.63700008392334,-11.401050567627,-6.41700029373169,3.37605023384094,7.74195051193237,1.04205000400543,1.17599999904633,1.1620500087738,1.14705002307892,1.10699999332428,0.94395005702972,-1.59195005893707,0.49305000901222,2.01900005340576,-2.13300013542175,-5.60295009613037,7.34595012664795,2.68500018119812,4.83105039596558,-1.84995007514954,LIFT
0.1363999992609,0.2939749956131,0.21078750491142,-0.17159999907017,-0.39971250295639,-0.56471252441406,0.20377500355244,1.92334997653961,-1.7352499961853,-2.24578738212585,1.48816251754761,3.57252502441406,17.8839378356934,22.9325256347656,11.2884750366211,0.28256249427795,0.44288748502731,0.14602500200272,-0.45925000309944,-0.7068874835968,-1.01846253871918,0.16307500004768,3.47462487220764,-1.68355000019073,-1.72259998321533,3.92136240005493,5.69318723678589,18.2674255371094,23.7517490386963,14.3478498458862,-0.34278750419617,-0.35131248831749,-0.12196250259876,-0.26785001158714,-0.43669998645782,-0.12099999934435,0.35997501015663,0.32174998521805,-0.57695001363754,-2.32498741149902,-2.18624997138977,-1.43715000152588,-1.78076243400574,3.87722492218018,3.87997508049011,-1.28205001354218,-1.02495002746582,-1.78200006484985,-1.67895007133484,-1.14000010490417,0.4420500099659,-3.36495018005371,4.27605009078979,-22.1659507751465,-14.5140008926392,2.97105002403259,9.60300064086914,3.23205018043518,4.74300003051758,1.39305007457733,9.50700092315674,9.46905040740967,9.45705032348633,10.0510501861572,7.42095041275024,4.89705038070679,5.48805046081543,30.6840019226074,45.1950035095215,31.5169506072998,0.5500500202179,-19.3570518493652,-4.23900032043457,-5.71500015258789,3.61995005607605,-0.13995000720024,-0.55695003271103,0.54105001688004,0.29205000400543,0.0,0.7950000166893,-3.12900018692017,4.78500032424927,5.11800003051758,-11.4739503860474,-12.6349506378174,5.0029501914978,17.2009506225586,-2.98995018005371,5.5090503692627,LIFT
-0.48317500948906,-0.47767499089241,-0.38554999232292,-0.30992498993874,-0.43532499670982,-0.43436250090599,-2.23231244087219,-0.79502499103546,1.88814997673035,0.0449624992907,-0.88687497377396,-1.47372496128082,-6.42922496795654,-20.625,-16.8959999084473,-0.74043750762939,-0.63222497701645,-0.42886251211166,-0.33082500100136,-0.62823748588562,-0.60774999856949,-5.92047500610352,-9.53205013275146,2.78162503242493,7.24597501754761,0.99756246805191,-1.53628754615784,-3.77781248092651,-18.9327869415283,-20.7161617279053,0.54037499427795,-0.01209999993443,-0.74923747777939,-0.88907498121262,-0.47203749418259,0.07521250098944,1.84428751468658,4.23417520523071,-1.3417249917984,-6.38577508926392,-4.89128732681274,-4.03507518768311,-7.310462474823,-9.26529979705811,-4.41044998168945,-2.81700015068054,-2.62500023841858,-2.49105000495911,-2.16105008125305,-1.80900013446808,0.37695002555847,5.8279504776001,-9.51300048828125,-28.1560516357422,-19.6369514465332,-3.96195030212402,10.8259506225586,-3.70095014572144,4.59900045394897,0.30300000309944,9.67005062103271,9.99300003051758,8.85795021057129,7.44705057144165,6.48900032043457,5.86695051193237,6.42705011367798,42.2130012512207,34.6380004882813,24.0109519958496,3.00195002555847,-14.9190006256104,-1.37505006790161,-2.26800012588501,-0.56505000591278,-0.52095001935959,0.08895000070333,0.2080500125885,-0.0709500014782,0.3979500234127,2.32995009422302,5.31495046615601,7.66605043411255,10.135950088501,6.37605047225952,3.37695026397705,-1.24200010299683,1.49505007266998,2.60805010795593,-1.4719500541687,LIFT
0.32931250333786,0.50819998979568,0.03891250118613,-0.71747499704361,-0.67594999074936,-0.7343875169754,-1.25633752346039,5.38821268081665,6.63492488861084,0.63978749513626,-0.37633749842644,-3.40450000762939,-15.1940250396729,-14.0537376403809,-13.7737874984741,0.46832498908043,0.97817498445511,0.20528750121593,-1.33003747463226,-1.2890625,-1.23048746585846,-2.54815006256104,7.7904748916626,3.50418758392334,-6.2352123260498,-2.16356253623962,-6.70230007171631,-17.8781623840332,-16.8202381134033,-10.2726249694824,0.13626250624657,0.16623750329018,0.19621250033379,-0.21147499978542,-0.72531247138977,-1.00265002250671,0.69685000181198,1.4001624584198,-3.47668743133545,-4.7564001083374,-2.0297749042511,-3.99519991874695,-6.63341236114502,-4.86502504348755,-6.97193765640259,-0.4909500181675,-0.19395001232624,-0.91095006465912,-1.15694999694824,-1.75095009803772,-0.09105000644922,4.57500028610229,-26.6449508666992,-31.3540515899658,-12.6769504547119,17.4199504852295,4.68795013427734,6.4680004119873,1.08405005931854,0.39600002765656,7.75605058670044,8.33100032806396,8.81505012512207,9.57600021362305,8.59695053100586,6.04605007171631,5.09805011749268,42.1390533447266,49.2480010986328,14.5440006256104,-25.8280506134033,-15.6330003738403,-4.11495018005371,-0.88605004549026,5.98095035552979,-1.19205009937286,-1.41705012321472,0.0430500023067,-1.30695009231567,0.12705001235008,0.43095001578331,2.34705018997192,-30.1140022277832,-17.5710010528564,0.20100000500679,15.1609506607056,-0.02505000121891,2.30895018577576,-7.82595014572144,-3.06495022773743,LIFT
0.5489000082016,0.8398500084877,0.90461248159409,0.96662497520447,1.12749993801117,0.681725025177,-0.19896249473095,-8.10260009765625,0.54188752174377,8.69728755950928,0.45677500963211,0.15262499451637,-5.425612449646,-19.2601757049561,-12.5037002563477,0.41978749632835,0.85346251726151,1.23406255245209,1.57134997844696,1.84387493133545,1.03248751163483,-0.09803749620914,-16.8124008178711,-3.04232501983643,14.121524810791,1.03303754329681,0.57791250944138,-11.7878751754761,-17.8648242950439,-3.92933750152588,0.74868750572205,0.64611250162125,0.18961249291897,-0.21876250207424,-0.43395000696182,-0.40479999780655,1.07194995880127,3.51917505264282,-2.56272506713867,-8.66676235198975,-4.74539995193481,-1.48692500591278,2.14280009269714,8.15402507781982,6.52973747253418,-0.28800001740456,-0.47700002789497,-0.42705002427101,-0.70905005931854,-0.62100005149841,0.30795001983643,4.74105024337769,4.22595024108887,-37.2139511108398,-19.9600505828857,-1.32195007801056,8.16300010681152,6.58500051498413,1.84005010128021,-0.18495000898838,9.15195083618164,9.54300022125244,8.94195079803467,7.67505025863647,5.83500051498413,4.73594999313354,4.68795013427734,20.5909519195557,58.7850036621094,30.7680015563965,10.1629505157471,-15.6450004577637,-14.6430006027222,-7.47795057296753,0.00795000046492,0.49800002574921,0.27495002746582,-0.02505000121891,-0.95895004272461,-0.12105000764132,-0.27195000648499,4.04295015335083,-6.2310004234314,1.18800008296967,-1.3900500535965,-3.93900012969971,5.32200002670288,7.20195055007935,7.05795049667358,2.0550000667572,LIFT
-0.3272500038147,0.00879999995232,0.37001249194145,0.63291251659393,0.63800001144409,-4.61436223983765,-13.0789995193481,0.51053750514984,9.57233715057373,0.31831249594688,-1.20229995250702,-12.7085752487183,-19.0973739624023,-7.68817472457886,0.39132499694824,-0.63923752307892,0.05939999967813,0.70056247711182,1.12076246738434,1.13960003852844,-10.655837059021,-25.9254875183105,3.16140007972717,25.0215625762939,7.58174991607666,0.20638750493526,-10.3379373550415,-21.0278739929199,-14.3012371063232,-4.46448755264282,-0.0662750005722,-0.76450002193451,-1.10288751125336,-0.9978374838829,-0.3269749879837,0.78471249341965,0.06008749827743,-4.13283729553223,-6.85863733291626,-4.46311235427856,-2.29487490653992,-8.66676235198975,-7.79817485809326,-1.98371243476868,-5.50481224060059,-1.41105008125305,-1.90005004405975,-1.78005003929138,-1.13295006752014,1.54305005073547,4.40505027770996,1.09995007514954,-36.117000579834,-41.4079513549805,-15.2020511627197,2.26905012130737,4.88400030136108,5.59095048904419,4.3840503692627,1.732950091362,8.4529504776001,8.43900012969971,6.33795022964478,3.67005014419556,0.86805003881454,-0.550950050354,13.3099508285522,49.5280532836914,51.1639518737793,12.4819507598877,-11.9869508743286,-11.5470008850098,-3.99000024795532,0.05100000277162,4.97805023193359,0.58005005121231,0.32805001735687,0.19905000925064,-0.47595003247261,2.23200011253357,4.12395000457764,1.15005004405975,12.7870502471924,7.35795021057129,9.40799999237061,5.32695007324219,14.9950504302979,0.02400000020862,-0.22200001776218,-2.24805021286011,LIFT
0.72874999046326,0.10862500220537,-0.11618749797344,-0.08910000324249,-0.47588750720024,-1.43426251411438,-12.0073251724243,-27.6408004760742,-30.0316505432129,-13.7054500579834,-1.81733751296997,-2.52917504310608,-14.9385499954224,-24.233549118042,-10.4820375442505,1.01007497310638,-0.14822499454021,-0.52786248922348,-0.56663751602173,-1.4111624956131,-3.05346250534058,-12.4716625213623,-35.5946235656738,-46.4173889160156,-19.8490867614746,0.77467501163483,-2.15091252326965,-14.7273502349854,-17.4304618835449,-4.77523756027222,-0.2788499891758,0.28173750638962,0.74428749084473,0.49651250243187,-0.31597501039505,-0.95260000228882,-4.49528741836548,-8.85898780822754,-7.99026250839233,-3.78633737564087,-1.85528743267059,-0.70853751897812,0.45113748311996,6.15724992752075,5.95306253433228,-0.99195003509521,-0.1489500105381,-0.76695001125336,-1.15995001792908,-0.69495004415512,0.51105004549026,3.7110002040863,-5.6980504989624,-24.0180015563965,-8.46000003814697,-0.47505003213882,12.4410009384155,-0.48195001482964,4.12005043029785,4.22294998168945,9.16005039215088,8.21100044250488,8.54699993133545,6.3550500869751,3.20100021362305,-1.59300005435944,-3.19305014610291,53.6689529418945,53.1709518432617,30.6859512329102,2.23605012893677,-17.1870002746582,-7.44405031204224,-4.52700042724609,2.68800020217896,-0.11895000934601,-1.24695003032684,0.49305000901222,0.20400001108646,0.07905000448227,4.3090500831604,-2.23095011711121,-0.87795001268387,23.6940002441406,8.08305072784424,4.12200021743774,3.11100006103516,2.425950050354,3.68100023269653,-4.11794996261597,LIFT
-0.27898749709129,-1.13932502269745,-1.34351253509521,-0.74208748340607,-0.46681249141693,-0.28380000591278,0.96057498455048,2.26943755149841,2.66186237335205,2.48489999771118,1.78804993629456,-1.5856499671936,-14.2136497497559,-22.3053874969482,-9.85709953308105,-0.62947499752045,-1.90657496452332,-2.24083757400513,-1.39796245098114,-0.61407500505447,-1.51868748664856,-2.91238737106323,-0.78058749437332,3.31512498855591,2.39538741111755,-0.48826250433922,-6.07736253738403,-5.34806251525879,-9.19820022583008,-4.00069999694824,-1.03716254234314,-0.29053750634193,0.52085000276566,0.73383748531342,-0.27018749713898,0.29644998908043,2.83800005912781,1.88333749771118,-2.63202500343323,-1.19721245765686,0.90873748064041,2.03843760490417,-13.2093496322632,-12.6530246734619,0.96978747844696,-1.47105002403259,0.3199500143528,-0.67800003290176,-3.65805006027222,-0.29505002498627,2.72205018997192,6.17505025863647,-15.0120010375977,12.400050163269,4.44405031204224,-6.7350001335144,-3.36105012893677,0.13500000536442,-1.93095004558563,-2.86200022697449,11.7580509185791,10.0960502624512,10.5610504150391,10.8360004425049,9.63600063323975,11.6430006027222,11.4610509872437,35.308952331543,43.819953918457,21.5419502258301,0.04395000264049,-8.45895004272461,-5.66400003433228,-4.46895027160645,1.22700011730194,4.73295021057129,2.06700015068054,2.03805017471313,2.44305014610291,2.02095007896423,-1.11495006084442,3.68805027008057,-0.77700001001358,-1.1869500875473,-11.1330003738403,13.0860004425049,0.50295001268387,11.6830501556396,4.70895004272461,-4.07505035400391,LIFT
-0.44220000505447,-0.93967497348785,-0.77811247110367,-0.67732501029968,-0.71087497472763,-0.75528746843338,-0.91176247596741,0.10188750177622,2.54704999923706,3.56083750724792,2.9808623790741,-1.46685004234314,-16.8863754272461,-20.057674407959,-5.82394981384277,-0.14107500016689,-0.52717500925064,-0.41277500987053,-0.39022499322891,-0.53102499246597,-0.63662499189377,-0.7541875243187,0.65848749876022,3.33877491950989,4.01692485809326,2.85931253433228,-3.34894990921021,-9.7630500793457,-11.6865377426147,-14.8658123016357,0.44742500782013,-0.09831249713898,-0.02268750034273,0.21615000069141,0.53350001573563,0.55398750305176,0.25354999303818,-0.7041375041008,-0.96951252222061,1.14743745326996,-0.27857500314713,-3.19549989700317,-12.1488122940063,-9.41709995269775,2.84185004234314,0.21705001592636,0.5059500336647,0.57795000076294,1.06005001068115,0.9709500670433,0.88995003700256,0.4870500266552,-2.30400013923645,12.1050004959106,5.35395002365112,-22.7320518493652,7.53795051574707,-1.50705003738403,1.65405011177063,2.15895009040833,10.6849508285522,10.44105052948,10.2210006713867,9.68895053863525,9.29100036621094,8.64705085754395,9.24795055389404,30.6070518493652,43.1520004272461,17.4180011749268,-1.69095003604889,-3.56205010414124,-2.87895011901855,0.10395000129938,2.60700011253357,-0.95205003023148,-1.11705005168915,-0.21000000834465,-0.13095000386238,-0.02100000157952,0.43395000696182,0.98895007371902,-7.24200057983398,-9.58095073699951,-16.0819511413574,9.78405094146729,15.2370004653931,2.41695022583008,3.94905018806458,1.41795003414154,LIFT
-0.04647500067949,0.61311250925064,0.74854999780655,0.28709998726845,-0.4281750023365,-0.98463749885559,-0.71623748540878,1.45612502098084,3.42608737945557,0.30978751182556,-1.23076248168945,-3.25049996376038,-24.5139122009277,-27.601749420166,-6.04408740997314,-0.00412499997765,0.8153749704361,1.03331243991852,0.52827501296997,-0.2759625017643,-0.93252497911453,-0.85030001401901,1.59651243686676,4.24228763580322,1.22608745098114,-0.43573749065399,-4.15387487411499,-10.8340377807617,-2.22612500190735,0.98601251840591,0.42391249537468,-0.09569999575615,-0.5018749833107,-0.37661248445511,-0.03781250119209,0.28036248683929,0.56993746757507,-0.11728750169277,-1.9322874546051,1.18745005130768,3.17418742179871,1.37733745574951,6.28746223449707,7.9534125328064,1.9765625,-0.01200000010431,-0.10800000280142,-0.02895000204444,-0.11100000888109,-0.03600000217557,0.6360000371933,0.5950500369072,-3.48000025749207,5.35095024108887,21.7360515594482,-13.4029502868652,14.1559505462646,-2.11304998397827,0.04695000126958,0.33195000886917,9.28905010223389,9.63900089263916,9.71100044250488,9.57600021362305,9.796950340271,9.05205059051514,9.70605087280273,21.6589508056641,49.5469512939453,35.6290512084961,-0.14205001294613,-14.6940002441406,-14.6530504226685,-6.96705055236816,-0.30705001950264,-1.8550500869751,-2.01300001144409,-1.71900010108948,-1.28505003452301,-0.66000002622604,-0.70095002651215,-2.51895022392273,-13.6770009994507,-8.27895069122314,-7.44000053405762,-2.31495022773743,25.6990509033203,19.1310005187988,10.4400005340576,1.37205004692078,LIFT
0.52305001020432,0.8065750002861,0.05953750014305,-1.05421245098114,-1.48156249523163,-0.97927498817444,-0.28586250543594,0.05073750019073,0.29562500119209,1.30198752880096,5.05367517471313,4.66908740997314,-7.72585010528564,-17.0341873168945,-10.135950088501,1.1834625005722,1.2335125207901,0.1575749963522,-0.95163750648499,-1.02300000190735,-0.29933750629425,0.50957500934601,0.8595125079155,1.04981243610382,1.20697498321533,4.49776268005371,1.89048743247986,-11.5541248321533,-16.837287902832,-16.8181743621826,-0.40590000152588,0.05472499877214,0.69080001115799,0.73273748159409,0.1142624989152,-0.32642498612404,-0.68035000562668,-0.56182497739792,0.06806249916553,2.27713751792908,1.67433750629425,-3.70700001716614,-14.8594875335693,-13.9070253372192,1.2170125246048,0.83700001239777,1.09800004959106,0.86100006103516,0.52305001020432,0.966000020504,-0.53205001354218,0.31005001068115,-0.60600000619888,9.86400032043457,16.6080017089844,-22.771951675415,-4.09305000305176,7.08105039596558,-2.82405018806458,2.82495021820068,9.30795001983643,9.50700092315674,9.62895011901855,9.83505058288574,9.27705001831055,8.70900058746338,9.84705066680908,23.9269504547119,49.305004119873,24.8020515441895,1.6560001373291,-7.60695028305054,-8.75594997406006,-1.86105012893677,0.13800001144409,-1.70205008983612,-0.57405000925064,-0.15000000596046,0.58200001716614,-0.19305001199245,0.18900001049042,1.06305003166199,-4.05600023269653,0.50805002450943,-23.1109504699707,-7.47405052185059,31.9210510253906,5.7529501914978,2.63895010948181,2.58195018768311,LIFT
0.12952500581741,0.00687499996275,0.05816249921918,0.38170000910759,0.43312498927116,-0.57695001363754,-1.47014999389648,1.60586249828339,0.34636250138283,-1.88443744182587,-0.35681250691414,-2.79798746109009,-4.53186225891113,-15.5241622924805,-0.31102499365807,0.35818749666214,0.31473749876022,0.45883750915527,0.91602498292923,1.07992494106293,-0.51933747529984,-1.78474998474121,4.03562498092651,2.70228743553162,-1.57011246681213,-1.31436252593994,-5.84814977645874,-6.91363763809204,-16.9107131958008,-2.50332498550415,0.18452499806881,-0.0930875018239,-0.46529999375343,-0.31404998898506,0.00632499996573,-0.35502499341965,-0.41854998469353,2.22007489204407,3.04301238059998,1.62139999866486,-1.02740001678467,-3.88258743286133,-6.26491260528564,0.91025000810623,1.32385003566742,-0.18495000898838,-0.14400000870228,0.27195000648499,0.5059500336647,-0.64695000648499,-1.98600006103516,5.6650505065918,9.27705001831055,14.5870504379272,4.14405012130737,-21.4930515289307,7.07595014572144,0.51405000686646,0.33900001645088,-2.62995004653931,9.33195018768311,8.84400081634521,8.30700016021729,7.10205030441284,6.75300025939941,6.79095029830933,10.1560506820679,32.5230026245117,44.0550003051758,19.6590003967285,5.296950340271,-5.14695024490356,-2.64900016784668,-0.5100000500679,3.61500024795532,-2.46600008010864,-2.65305018424988,-2.74605011940002,-2.59800004959106,-1.22295010089874,-0.19305001199245,-4.3840503692627,-8.24505043029785,-1.82595014572144,-13.9639511108398,8.19105052947998,7.41300058364868,0.53700000047684,4.44300031661987,4.06905031204224,LIFT
-0.52428752183914,-0.59262502193451,-0.67484998703003,-0.61668747663498,-1.00539994239807,-2.78836250305176,-4.03108739852905,0.55316251516342,7.79638767242432,7.93292474746704,3.6229875087738,-1.3778874874115,-15.8383502960205,-20.9877243041992,-7.56043767929077,-0.48468750715256,-0.55041247606277,-0.74827498197556,-0.82073748111725,-1.32976245880127,-2.68496251106262,-3.48823738098145,-0.13447499275208,8.80343723297119,11.1957998275757,3.70851254463196,-5.64396238327026,-14.7221250534058,-14.9885997772217,-10.409574508667,-0.29370000958443,0.36877501010895,1.17631244659424,1.5135999917984,1.05751252174377,-0.3980624973774,-0.76298749446869,1.37115001678467,1.87825000286102,0.13199999928474,-1.57891249656677,-1.80771243572235,-10.2693252563477,-10.2624502182007,0.40947499871254,-1.2960000038147,-0.12300000339746,0.03000000119209,-0.2710500061512,-0.78795003890991,-0.42195001244545,2.35500001907349,-0.50100004673004,18.6990013122559,-1.83300006389618,-17.659049987793,10.077000617981,-4.14900016784668,-2.0789999961853,-0.09600000083447,8.62604999542236,8.62305068969727,7.75605058670044,6.92295026779175,5.76600027084351,6.13695049285889,14.2870502471924,40.0549507141113,37.6800003051758,16.0930500030518,-0.97500002384186,-0.95805007219315,-2.29500007629395,0.18600000441074,2.39595007896423,-1.19595003128052,-0.63405001163483,-0.80100005865097,0.12705001235008,1.98300004005432,3.54000020027161,0.87195003032684,-16.0360507965088,-23.4079513549805,-8.55900001525879,4.92405033111572,11.1990003585815,1.21200001239777,3.94500017166138,2.86005020141602,LIFT
0.82445001602173,0.28971248865128,-0.20033749938011,-0.34498751163483,-0.36602500081062,-0.70963752269745,-1.08858752250671,1.05558753013611,4.17161226272583,2.36362504959106,2.96271252632141,1.82971251010895,-7.31596231460571,-21.0515251159668,-17.5494003295898,0.85566252470016,0.31982499361038,-0.1214125007391,-0.27321249246597,-0.40796250104904,-0.70317500829697,-0.75143748521805,2.21732497215271,7.38897514343262,5.85392475128174,4.77441263198853,-0.28971248865128,-14.3149871826172,-15.7771625518799,-13.5401744842529,0.33811250329018,0.15771250426769,-0.01237499993294,-0.11178749799728,-0.26001250743866,-0.93101251125336,-1.64766252040863,-0.3286249935627,3.11849999427795,5.25772476196289,3.04754996299744,0.05651250109076,-6.48188734054565,-15.0743999481201,-6.63588762283325,-0.8029500246048,-0.53205001354218,-0.86505001783371,-0.77400004863739,-1.5330001115799,-1.90200006961823,-1.20300006866455,2.60895013809204,14.3950510025024,25.1490020751953,-8.64900016784668,-19.0309505462646,9.83505058288574,-0.83100003004074,-2.17005014419556,9.83295059204102,9.45405006408691,9.16695022583008,8.51294994354248,7.36605024337769,6.5590500831604,5.4810004234314,21.0529518127441,44.8650016784668,30.0229511260986,6.81495046615601,-6.46905040740967,-6.25395011901855,-3.36795020103455,0.36795002222061,0.4650000333786,0.54105001688004,0.6319500207901,0.65400004386902,1.38705003261566,1.21005010604858,-0.43695002794266,-6.62100028991699,-1.17000007629395,-17.590051651001,-9.71100044250488,17.4430503845215,13.9270505905151,1.37205004692078,1.28400003910065,LIFT
-0.9451749920845,-1.13423752784729,-1.06438744068146,-0.46832498908043,0.07411249727011,0.27500000596046,-0.39407500624657,-2.30106258392334,-1.40690004825592,3.06611251831055,5.82271242141724,3.79582500457764,-4.19773769378662,-15.2877998352051,-14.614049911499,-0.64556246995926,-0.80203747749329,-0.74758750200272,-0.15097500383854,0.40837499499321,0.6767749786377,0.10848750174046,-1.87481248378754,-1.94218754768372,2.13812494277954,5.41433763504028,1.64601254463196,-8.15979957580566,-10.4024248123169,-12.3773374557495,-0.40961250662804,-0.47217500209808,-0.15771250426769,0.12333749979734,0.31597501039505,0.61792498826981,0.38664999604225,-0.431062489748,1.33251249790192,3.75663757324219,1.90932500362396,-3.5040500164032,-12.1237878799438,-18.8788871765137,-8.35766220092773,0.18105000257492,0.31005001068115,0.09000000357628,0.42705002427101,1.27995002269745,0.6400500535965,-0.966000020504,4.91100025177002,15.8749504089355,22.2150001525879,-19.2919502258301,-9.34800052642822,5.51700019836426,-10.5979509353638,2.62095022201538,7.9980001449585,8.80005073547363,9.28695011138916,9.67200088500977,9.51405048370361,8.0440502166748,8.6089506149292,21.1920013427734,51.4270515441895,31.195951461792,9.52095031738281,-8.56995010375977,-10.5019502639771,-3.95895028114319,-0.73800003528595,0.28005000948906,0.60105001926422,0.2710500061512,0.27795001864433,0.04605000093579,0.57000005245209,2.41695022583008,3.56895017623901,0.23205001652241,-16.4580001831055,-2.92305016517639,16.0129508972168,8.24595069885254,1.5090000629425,5.19195032119751,LIFT
-0.08799999952316,0.03657500073314,-0.59455001354218,-1.45887494087219,-1.20133745670319,-0.44165000319481,-0.45333749055862,-1.29222500324249,-1.17809998989105,3.44396257400513,6.55146265029907,3.70933747291565,-3.54983758926392,-14.4885120391846,-14.012487411499,-0.12375000119209,0.21312500536442,-0.52456247806549,-1.52913749217987,-1.09078752994537,-0.02914999984205,0.24695000052452,-0.58437502384186,-1.20807504653931,3.44671249389648,6.50966262817383,0.83751249313354,-11.533637046814,-19.27392578125,-14.5375995635986,0.11068750172853,-0.24543750286102,-0.1380500048399,-0.00027499999851,-0.09790000319481,-0.33646249771118,-0.75501251220703,-0.92454999685287,0.64679998159409,2.40157508850098,0.17682500183582,-3.22066259384155,-11.492112159729,-12.6241502761841,-0.82788747549057,0.40305000543594,0.1489500105381,0.17595000565052,0.06300000101328,0.07500000298023,-0.86505001783371,-1.30305004119873,0.46995002031326,9.19500064849854,5.99295043945313,-17.8789501190186,0.34800001978874,-1.65795004367828,-1.8229501247406,-2.07000017166138,8.79600048065186,8.85795021057129,8.84595012664795,8.98995018005371,9.15000057220459,8.71905040740967,9.71295070648193,24.79905128479,39.3150024414063,18.6389999389648,4.56795024871826,-2.90100002288818,-4.41405010223389,-2.20800018310547,1.70595002174377,-2.08995008468628,-1.26600003242493,-0.44400003552437,-0.86595004796982,-0.96705007553101,-0.17400000989437,1.16895008087158,3.21900010108948,-10.2330007553101,-26.9929504394531,4.96005010604858,12.1909503936768,6.04995012283325,4.66800022125244,4.03605031967163,LIFT
0.47327500581741,0.0496375001967,-0.38596248626709,-0.74414998292923,-2.06415009498596,-3.91352486610413,-3.86003756523132,5.55004978179932,7.35171222686768,-0.69753748178482,-2.21759986877441,-3.28528738021851,-8.3800745010376,-21.2254619598389,-16.9984378814697,0.52497500181198,0.05444999784231,-0.42886251211166,-0.89622497558594,-2.50690007209778,-2.71493744850159,0.04551250115037,8.72327518463135,9.30916213989258,1.21261250972748,-1.78282499313354,-4.73247480392456,-5.48198747634888,-8.06011199951172,-10.0172872543335,-0.02983750030398,-0.18314999341965,-0.25093749165535,-0.05651250109076,0.02488750033081,-2.0711624622345,-4.5208625793457,0.3920125067234,5.35727500915527,4.89060020446777,1.5576000213623,-1.02712500095367,-6.40351247787476,-12.588812828064,-5.27120018005371,0.01800000108778,-0.13905000686646,0.28605002164841,0.95895004272461,-2.05800008773804,-2.61600017547607,0.37200000882149,0.79395002126694,20.9620513916016,3.51000022888184,-16.9519500732422,12.4960508346558,-3.41595005989075,-1.98105013370514,0.85395002365112,9.47595024108887,9.25995063781738,8.47005081176758,6.81705045700073,3.58200025558472,2.050950050354,6.6540002822876,32.5710029602051,49.5280532836914,27.42405128479,5.31300020217896,-3.51900005340576,-4.43805027008057,-1.69800007343292,-1.69095003604889,0.43800002336502,0.54795002937317,0.81705003976822,1.96395003795624,3.99705028533936,1.11600005626678,-3.39300012588501,-11.5309505462646,-0.69795000553131,-0.75600004196167,-1.52505004405975,10.5760507583618,1.91100013256073,5.83395004272461,4.58895015716553,LIFT
0.62026250362396,0.13034999370575,-0.37180000543594,-0.63332498073578,-0.66536247730255,-0.46502500772476,0.74098747968674,0.64803749322891,-2.45712494850159,-3.35926246643066,-1.12378752231598,0.81111252307892,1.11594998836517,-6.02552509307861,-16.1537742614746,0.83462500572205,0.25464999675751,-0.43656250834465,-0.91960000991821,-0.6679750084877,0.47217500209808,1.95882499217987,4.19223737716675,1.08858752250671,-3.15534996986389,-1.14922499656677,1.00402498245239,0.28682500123978,-5.30488729476929,-20.6465873718262,0.02158750034869,0.00068749999627,0.16472500562668,0.54133749008179,-0.81551247835159,-6.54637479782104,-9.80966281890869,1.7688000202179,10.8112125396729,6.80872488021851,1.62552499771118,-2.41463756561279,-4.94216251373291,-18.894287109375,-16.7561626434326,-0.01200000010431,0.49005001783371,0.31500002741814,-0.42900002002716,-3.01800012588501,-4.86900043487549,0.28800001740456,5.53605031967163,11.7919502258301,12.5250005722046,-12.6889505386353,-1.74900007247925,3.40695023536682,-8.43600082397461,0.51600003242493,8.5420503616333,7.48800039291382,6.09405040740967,3.8689501285553,1.99095010757446,1.86195003986359,6.9060001373291,25.5850505828857,51.6379508972168,36.0630035400391,13.7959508895874,-0.55395001173019,-3.86295008659363,-7.23105049133301,-2.67600011825562,-1.28700006008148,-0.60000002384186,-0.51900005340576,-0.23595000803471,-0.54495000839233,-0.84705001115799,-3.46200013160706,-1.19400000572205,1.399050116539,-5.46705007553101,-2.89500021934509,1.53795003890991,7.09200048446655,4.80405044555664,6.53400039672852,LIFT
-1.10838747024536,-0.89388751983643,0.13433749973774,0.7899374961853,0.21367499232292,-0.84507501125336,-1.82091248035431,-0.57818752527237,2.10828757286072,2.27974987030029,0.7734375,-2.25142502784729,-19.7697505950928,0.00137499999255,-2.44241237640381,-1.03496253490448,-0.78347498178482,0.60046249628067,1.40635001659393,0.61902499198914,-0.48908749222755,-1.68616247177124,-1.13918745517731,3.8032500743866,5.27133750915527,1.35176253318787,-8.06464958190918,-23.7952003479004,-0.00164999999106,-2.15187501907349,0.46956250071526,0.21436250209808,-0.16211250424385,-0.19194999337196,-0.15358750522137,-0.45457500219345,-0.52085000276566,0.54931247234344,-1.71490001678467,-4.62467479705811,-2.56038737297058,3.68898749351501,13.5053873062134,-0.00206249998882,8.29207515716553,1.27305006980896,0.93495005369186,1.05000007152557,0.6810000538826,0.61695003509521,0.52995002269745,3.35595011711121,-3.68400025367737,-26.2399520874023,-0.02400000020862,21.5610008239746,0.7219500541687,-0.44805002212524,1.01400005817413,0.13800001144409,9.8730001449585,9.80205059051514,9.5310001373291,9.64305019378662,8.97300052642822,9.08805084228516,13.06605052948,39.3030014038086,42.6469535827637,9.94305038452148,-15.8580007553101,-2.31900000572205,-1.69395005702972,0.13005000352859,3.13905024528503,2.73300004005432,2.02605009078979,2.2150502204895,2.35695004463196,2.94405007362366,2.83800005912781,7.27605056762695,4.58400011062622,-0.43500003218651,7.83900022506714,-3.24900007247925,1.78905010223389,-2.10900020599365,-0.11595000326633,0.90300005674362,LIFT
-0.19786250591278,-0.40039998292923,-0.06215000152588,0.3287625014782,1.34942495822906,14.7976121902466,23.3193130493164,13.3288373947144,17.9871997833252,14.9837875366211,0.98834997415543,1.11443746089935,3.6984748840332,22.2705993652344,21.4673252105713,-0.62713748216629,-1.0095249414444,-0.60829997062683,-0.10161250084639,1.29566252231598,13.274112701416,24.7662258148193,17.4560375213623,23.6138381958008,24.0613994598389,6.90662479400635,3.21626257896423,6.34975004196167,26.0141754150391,24.4171123504639,-0.05953750014305,0.10106249898672,-0.26331248879433,-1.08171248435974,-2.61923742294312,-6.61553764343262,-3.29326248168945,-5.72811269760132,-12.4321994781494,-7.91477489471436,-4.31227493286133,-2.85023736953735,0.20157499611378,2.97467494010925,2.13386249542236,-0.56595003604889,-0.4240500330925,-1.1050500869751,-1.29105007648468,1.00905001163483,5.40900039672852,7.014000415802,-6.16305017471313,-33.5830497741699,-36.1390533447266,-9.58995056152344,19.4340000152588,6.46500015258789,4.08704996109009,3.37800025939941,8.76705074310303,7.71105051040649,5.0590500831604,0.83700001239777,-3.07500004768372,-2.85495018959045,-1.55505001544952,36.1990509033203,54.1020011901855,40.2019500732422,10.7910003662109,-13.3309507369995,-10.2580509185791,-3.175950050354,-1.01295006275177,-1.82895004749298,-1.27095007896423,-1.28295004367828,-1.20795011520386,-0.5950500369072,-0.04905000329018,3.58800005912781,18.4660511016846,-8.82495021820068,19.1389503479004,-11.1499509811401,-3.10305023193359,1.49505007266998,5.25195026397705,0.07695000618696,LIFT
-0.09790000319481,-0.36574998497963,-1.0173624753952,-0.98628747463226,-0.1515250056982,0.26771250367165,-0.50929999351501,2.37861251831055,2.9053750038147,-1.26087498664856,-1.2644499540329,0.73122501373291,13.1836376190186,17.154224395752,9.78161239624023,-0.27224999666214,-0.74332499504089,-2.0789999961853,-2.05865001678467,-0.27197501063347,0.43133750557899,-1.1978999376297,4.99798727035522,3.08247494697571,-6.62598752975464,-3.62766242027283,1.46368753910065,24.7770881652832,30.0130882263184,16.2839870452881,0.07933750003576,0.45017498731613,0.32353749871254,-0.19580000638962,-0.71101248264313,-0.94269996881485,-0.03822499886155,5.68232488632202,4.50834989547729,-5.6736626625061,-5.96626234054565,-1.2696750164032,0.75528746843338,10.5501003265381,9.73087501525879,-0.7620000243187,-1.64100003242493,-2.02905011177063,-1.60005009174347,-2.42895007133484,-1.75395011901855,4.24500036239624,7.42800045013428,-24.9450016021729,-21.726001739502,12.9220504760742,10.0270500183105,-0.85305005311966,2.4300000667572,-1.56405007839203,8.85795021057129,9.39900016784668,9.67500019073486,8.41695022583008,7.67505025863647,5.89800024032593,1.22700011730194,20.650951385498,55.8270034790039,32.0580024719238,-1.7940000295639,-12.5119504928589,1.46700012683868,-0.45300000905991,3.44505023956299,-2.04704999923706,0.27495002746582,-1.33500003814697,-1.5940500497818,-0.95700001716614,0.14595000445843,1.93305003643036,-10.6810503005981,7.68600034713745,-4.90905046463013,-5.76900005340576,-5.94300031661987,13.993950843811,-1.1869500875473,-1.83405005931854,LIFT
-0.05321250110865,-0.09872499853373,0.02062499895692,0.3799124956131,0.44838750362396,-0.15647499263287,-1.07483744621277,2.16424989700317,1.6637499332428,-2.84941244125366,-1.30982494354248,1.28480005264282,18.0783615112305,25.3892364501953,11.9165744781494,-0.1055999994278,-0.18163749575615,0.08208750188351,0.71678751707077,0.81001251935959,-0.25148749351501,-1.96955001354218,3.06473755836487,0.59592497348785,-5.65633726119995,-1.01048743724823,1.95387494564056,22.4921131134033,27.3552131652832,11.6421251296997,-0.01649999991059,-0.13969999551773,-0.36808750033379,-0.58396250009537,-0.595787525177,-0.01154999993742,1.8935124874115,3.96247506141663,-0.45017498731613,-4.90297508239746,-3.03421258926392,0.11935000121593,2.89464998245239,9.56683731079102,8.31888771057129,-1.22895002365112,-1.26495003700256,-1.23900008201599,-1.32000005245209,-0.79305005073547,0.51794999837875,3.23205018043518,1.44495010375977,-23.5510501861572,-9.25695037841797,8.55600070953369,7.45395040512085,4.69005012512207,3.16200017929077,-0.18495000898838,9.2959508895874,8.98200035095215,7.87095022201538,6.8580002784729,5.12400007247925,3.81900024414063,6.08700037002563,39.6480026245117,45.3390007019043,23.8699512481689,0.17595000565052,-10.6009502410889,-4.52205038070679,-2.15100002288818,1.66605007648468,-0.8320500254631,-0.86100006103516,-1.38795006275177,-1.17000007629395,0.06900000572205,-0.20700001716614,0.28305000066757,-15.6220502853394,18.1570510864258,-6.30495023727417,-8.15595054626465,2.09805011749268,2.93400025367737,1.57800006866455,0.78600001335144,LIFT
0.42006251215935,-1.63267493247986,-1.94095003604889,-0.80506247282028,0.02639999985695,0.26427498459816,0.68956249952316,-4.82184982299805,-4.15648746490479,1.01392495632172,0.30442500114441,2.40074992179871,16.9529247283936,18.0019130706787,6.82316255569458,0.84823751449585,-4.40137481689453,-4.69163751602173,-1.45873749256134,0.38252499699593,0.49018749594688,1.66471254825592,-4.27996253967285,1.3914999961853,6.79703760147095,0.59839999675751,4.58039999008179,24.3341999053955,25.81081199646,12.3956251144409,-0.46200001239777,-0.5711749792099,-0.84053748846054,-0.89705002307892,-0.56993746757507,-0.21298749744892,2.78795003890991,2.35111260414124,-5.9742374420166,-6.96451234817505,-2.20000004768372,-1.1200749874115,-3.6539249420166,-3.26947498321533,1.74790000915527,-4.67805004119873,-3.6910502910614,-3.19800019264221,-3.8730001449585,-2.48205018043518,1.00005006790161,4.83405017852783,-28.1539516448975,-46.5690040588379,-24.3310508728027,16.0050010681152,11.3010005950928,3.13800024986267,5.27205038070679,0.16395001113415,12.6900005340576,11.4520502090454,9.96195030212402,9.31095027923584,7.09995031356812,2.43900012969971,-4.10100030899048,40.7670021057129,43.5550537109375,13.9900503158569,-7.48200035095215,-9.93495082855225,-2.61795020103455,-5.78700017929077,0.61695003509521,0.85500001907349,-0.56894999742508,-1.32105004787445,-0.24105000495911,-0.36300000548363,-0.99795007705688,-2.19000005722046,3.86295008659363,0.45000001788139,-2.84205007553101,-12.8890504837036,-3.32595014572144,6.26505041122437,1.74600005149841,3.76695013046265,LIFT
0.07975000143051,0.16568750143051,-0.11316250264645,-0.82266247272491,-0.853600025177,-0.28916248679161,-1.73896253108978,8.07551288604736,9.05753707885742,0.61063748598099,1.94727504253387,1.48747503757477,11.9596128463745,11.1146745681763,1.34598743915558,0.6542249917984,0.62562501430511,-0.35928750038147,-2.59765005111694,-2.67423748970032,-0.98188751935959,-6.27357482910156,3.88148736953735,1.83686244487762,-7.35432481765747,0.87064999341965,2.31907486915588,26.2787246704102,29.6768989562988,7.2080249786377,0.29507499933243,0.10463749617338,-0.15716250240803,-0.96126252412796,-2.21113753318787,-2.31178760528564,4.4598126411438,6.54692506790161,-0.8896250128746,-4.8552622795105,-3.82937502861023,-0.79818749427795,7.71649980545044,13.9644994735718,5.91414976119995,-1.61700010299683,-1.86105012893677,-3.6889500617981,-2.48595023155212,-1.94295012950897,0.57105004787445,6.08895015716553,2.34300017356873,-27.234001159668,-7.98495054244995,13.7200508117676,4.55895042419434,4.71900033950806,4.95405006408691,-2.91495013237,7.50000047683716,7.60995054244995,6.59700012207031,4.10895013809204,2.99295020103455,1.40895009040833,5.02605009078979,44.6749534606934,47.2069511413574,23.2420501708984,-6.42900037765503,-4.6230001449585,-6.20595026016235,-1.59105002880096,4.06305027008057,-2.14500021934509,-2.06295013427734,-0.52305001020432,-0.84195005893707,-1.05795001983643,0.87405002117157,0.65100002288818,-21.1519508361816,-15.8520011901855,-20.1790504455566,-1.99605011940002,14.1790504455566,2.425950050354,4.03305006027222,2.75205016136169,LIFT
0.19634999334812,0.71596246957779,1.00553750991821,0.51356250047684,-0.28668749332428,-0.08291249722242,-0.75556248426437,-7.66342496871948,5.28233766555786,9.88803768157959,-1.0781375169754,0.33701249957085,1.73909997940063,17.090425491333,15.366587638855,0.16926249861717,1.50534999370575,2.23066258430481,0.67650002241135,-1.49985003471375,-1.18525004386902,-2.36995005607605,-17.8952121734619,-8.45982456207275,2.92352509498596,-2.34368753433228,-0.03561250120401,4.07921266555786,28.6019248962402,24.6185493469238,0.05775000154972,0.66563749313354,0.60486251115799,-0.41497498750687,-1.25839996337891,-2.1628749370575,-2.12836241722107,0.13543750345707,1.38833749294281,-4.71982479095459,-7.08949995040894,-3.52769994735718,1.7433625459671,15.0338373184204,15.0991497039795,0.17295001447201,-0.31905001401901,-0.89400005340576,-1.54005002975464,-2.44605016708374,-2.01495003700256,2.7940502166748,11.5309505462646,-16.5190505981445,-25.5310516357422,-6.62295007705688,13.8010501861572,5.90700006484985,2.61600017547607,2.97300004959106,8.53500080108643,8.46000003814697,8.92695045471191,8.13705062866211,6.09195041656494,2.91300010681152,-0.26399999856949,22.981050491333,46.7610015869141,41.2309532165527,16.1940002441406,-7.26195049285889,-7.86105060577393,-2.15295004844666,-2.06505012512207,-2.31495022773743,-2.42805004119873,-1.69005012512207,-1.08600008487701,-1.96500015258789,-0.5380499958992,8.30805015563965,-7.66800022125244,9.25005054473877,-8.24295043945313,-2.35304999351501,-2.39895009994507,2.32095003128052,6.94095039367676,-1.53405010700226,LIFT
-0.38362500071526,-0.66659998893738,-0.42074999213219,-0.54862499237061,-1.93613743782043,-15.4442749023438,-17.0750255584717,3.89688754081726,6.82880020141602,0.08579999953508,0.24832500517368,1.22210001945496,10.1723871231079,20.2245998382568,12.1589870452881,-0.80643749237061,-1.28149998188019,-0.75927501916885,-1.22650003433228,-4.40783739089966,-18.953275680542,-21.689525604248,-0.88824999332428,9.04516220092773,5.15542507171631,1.5879875421524,2.15173745155334,17.8859996795654,24.8510627746582,9.53507518768311,0.55494999885559,0.94352501630783,0.70523750782013,0.23498749732971,0.28476250171661,1.53903746604919,0.83050000667572,-11.8256874084473,-16.7930126190186,-8.20297527313232,-4.21904993057251,-1.78406250476837,1.12337493896484,9.31301212310791,8.33139991760254,-1.13595008850098,-0.49905002117157,-0.65205001831055,-0.30000001192093,2.16795015335083,6.56595039367676,3.18600010871887,-15.1369504928589,-33.0679512023926,-18.79905128479,2.60700011253357,7.5120005607605,11.8830003738403,7.01100015640259,3.85905027389526,8.06505012512207,7.26495027542114,4.31505012512207,1.63500010967255,-0.65400004386902,-1.32000005245209,16.2199516296387,45.1470031738281,48.1360511779785,28.1860504150391,0.78405004739761,-9.18795013427734,-11.2830009460449,-6.42900037765503,-1.6030501127243,-0.85395002365112,-0.18600000441074,-0.42300000786781,0.44100001454353,3.60705018043518,3.92295026779175,-9.52395057678223,13.957950592041,-1.56495010852814,-3.55305027961731,-2.9760000705719,-2.72205018997192,7.45095014572144,2.10795021057129,-0.15495000779629,LIFT
-0.8399875164032,-0.75831252336502,-0.3587374985218,-0.0527999997139,0.1104125007987,-0.37152498960495,-1.72342503070831,3.35321259498596,5.43344974517822,0.55783748626709,-0.19194999337196,3.13596248626709,20.3715877532959,19.2145252227783,6.71000003814697,-1.60105001926422,-1.41391253471375,-0.4839999973774,0.05843750014901,0.21381250023842,-1.11553752422333,-4.55826234817505,3.84601259231567,7.2632999420166,-0.97404998540878,-1.07414996623993,3.40876245498657,22.7683506011963,21.8194618225098,10.1733503341675,1.15499997138977,0.67457497119904,0.23361249268055,0.0417999997735,0.09666249901056,0.79433751106262,1.68451249599457,0.03189999982715,-7.74743747711182,-8.74912452697754,-3.58957505226135,-5.76152515411377,-15.4050874710083,-14.2679624557495,-3.69105005264282,-1.27905011177063,-1.23405003547668,-1.20000004768372,-1.13295006752014,-0.02895000204444,1.49100005626678,0.0730499997735,-19.3330516815186,-54.5040016174316,-31.4299507141113,29.8380012512207,7.21200037002563,1.74000012874603,7.97400045394897,-2.42700004577637,9.31800079345703,9.23400020599365,8.96295070648193,8.52000045776367,6.33105039596558,3.10500025749207,2.68605017662048,38.9970016479492,46.9170036315918,13.2100505828857,-22.10205078125,-16.1449508666992,-6.01395034790039,-6.44295024871826,3.10500025749207,0.8359500169754,0.42900002002716,0.19605000317097,0.55605000257492,0.52695000171661,2.04495000839233,-0.84900003671646,-1.41000008583069,-10.9660501480103,-4.05105018615723,-8.33595085144043,8.70795059204102,13.2949504852295,4.57200002670288,2.88105010986328,LIFT
-0.48372501134872,-0.17531250417233,0.17242500185966,0.19442500174046,-0.22013749182224,-1.52088749408722,-0.6678375005722,6.47088766098022,4.52883768081665,-1.89310002326965,-1.26637494564056,0.86583751440048,12.8218746185303,12.7489995956421,4.75351238250732,-0.28283751010895,0.17393749952316,0.60114997625351,0.53102499246597,-0.1348875015974,-2.62858748435974,-4.25658750534058,6.59821224212646,4.91672515869141,-4.13943767547607,-1.3833874464035,2.22035002708435,19.1691493988037,18.3612003326416,6.32334995269775,-1.10164999961853,-1.10426247119904,-0.72971248626709,-0.54614996910095,-0.48510000109673,0.24736249446869,3.53828740119934,4.48758745193481,-2.16933751106262,-5.19530010223389,-3.05126237869263,2.35331249237061,15.8422002792358,14.4072494506836,0.98312497138977,-3.76995015144348,-4.07895040512085,-3.5590500831604,-3.48795008659363,-1.92795014381409,0.63300001621246,3.85005021095276,-16.5880508422852,-28.8120021820068,-7.8270001411438,14.3880004882813,9.06599998474121,4.16100025177002,3.31095004081726,-3.36795020103455,9.23895072937012,9.14505004882813,7.78995037078857,6.68100023269653,5.41605043411255,3.55305027961731,17.5570507049561,39.2719535827637,40.3309516906738,14.7499504089355,-7.9830002784729,-10.2100505828857,-3.01800012588501,-0.24705001711845,5.01900005340576,0.14595000445843,-0.02805000171065,-0.21900001168251,0.04995000362396,2.74200010299683,1.96605014801025,-10.0410003662109,-2.69805002212524,1.96200013160706,-1.70400011539459,-6.63600015640259,5.96400022506714,4.54095029830933,-0.43500003218651,2.3970000743866,LIFT
1.09917497634888,0.65931248664856,0.16335000097752,-0.75019997358322,-1.8243499994278,-2.33227491378784,-1.76838743686676,1.00209999084473,3.6643750667572,2.32870006561279,0.80987501144409,0.88824999332428,0.4144249856472,-0.67842501401901,0.64638751745224,3.17501258850098,1.70706248283386,0.4492124915123,-2.31811237335205,-5.75863742828369,-6.55682516098022,-5.71628761291504,-1.36716246604919,6.90112495422363,5.39426231384277,0.84603750705719,1.76824998855591,9.47416210174561,11.0610504150391,5.62402486801147,-0.23608750104904,-0.39599999785423,-0.24213749170303,-0.09666249901056,-0.56086248159409,-1.01131248474121,0.99013751745224,4.33647489547729,-0.42074999213219,-5.6139874458313,-3.13389992713928,0.3980624973774,14.6271123886108,20.0755500793457,7.36999988555908,-2.58900022506714,-1.20495009422302,-2.15805006027222,-3.28905010223389,-3.76800012588501,-3.05205011367798,0.67605000734329,-5.94705009460449,-51.6559524536133,-14.5720510482788,14.0839509963989,7.2529501914978,12.8359508514404,3.27000021934509,0.74595004320145,6.78600025177002,5.75895023345947,4.32405042648315,5.89305019378662,5.78505039215088,10.0699501037598,13.0639505386353,30.8659515380859,52.4880027770996,22.3990516662598,-1.78200006484985,-7.69305038452148,-11.4649505615234,-4.20795011520386,1.1340000629425,-2.2260000705719,-3.5029501914978,-1.3860000371933,0.85695004463196,0.95295006036758,2.93400025367737,2.33505010604858,-10.7740507125854,-12.8839502334595,-6.37200021743774,-11.7679510116577,15.3760509490967,9.550950050354,0.48600003123283,1.62405002117157,LIFT
-1.13671255111694,-1.20504999160767,-0.54312497377396,0.15743750333786,0.64116251468658,0.04812499880791,-1.61067497730255,-2.17951250076294,3.57293748855591,4.79586267471313,0.29892501235008,2.1038875579834,15.6490125656128,20.3150749206543,13.78244972229,-1.67007493972778,-1.94809997081757,-1.08858752250671,0.13186250627041,1.06892502307892,0.12182500213385,-2.61415004730225,-6.19341230392456,3.01441240310669,7.92054986953735,0.77811247110367,3.00671243667603,20.7670364379883,23.800012588501,17.5159873962402,0.81771248579025,0.86253750324249,0.95672500133514,0.63593751192093,0.27898749709129,0.14300000667572,0.29081249237061,1.86230003833771,-2.33378744125366,-8.52376270294189,-5.5770001411438,-1.37115001678467,-1.01351249217987,0.67814999818802,2.57276248931885,-0.34500002861023,-0.05295000225306,-0.27600002288818,-0.32595002651215,0.07500000298023,0.58095002174377,2.71905016899109,9.68400001525879,-48.3100509643555,-16.3660507202148,15.5490007400513,-0.48900002241135,7.48995018005371,4.92000007629395,-0.88395005464554,9.83295059204102,9.80400085449219,9.8929500579834,9.71805000305176,8.89095020294189,8.23995018005371,6.94905042648315,18.5460014343262,60.376953125,14.6869506835938,-6.62700033187866,3.51495027542114,-5.85105037689209,-5.99505043029785,2.38695001602173,2.2110002040863,1.94700014591217,0.96000003814697,1.05900001525879,1.51800012588501,3.19305014610291,4.14600038528442,-7.66500043869019,-6.66900014877319,11.2350006103516,-20.8999519348145,-4.83195018768311,9.79995059967041,4.53105020523071,0.93900007009506,LIFT
-0.1922249943018,-0.27829998731613,-0.33811250329018,-0.28118750452995,-0.25726249814034,-1.73566246032715,-7.91394996643066,0.64968746900558,6.38770008087158,-1.14138746261597,-0.94792497158051,-0.39256250858307,-15.2420120239258,-18.4805507659912,-2.66089987754822,-0.4101625084877,-0.53253751993179,-0.67306250333786,-0.52153748273849,-0.40878748893738,-5.3860125541687,-18.4273376464844,-0.23512500524521,16.272575378418,3.57829999923706,0.2773374915123,-1.41597497463226,-18.0014991760254,-17.7801246643066,0.32807499170303,-0.43243750929832,-0.29892501235008,-0.07672499865294,0.14451250433922,0.53872501850128,3.26658749580383,5.40168762207031,-0.30951249599457,-7.88205003738403,-5.86987495422363,-1.03977501392365,1.91702497005463,9.79329967498779,11.5515127182007,4.67692518234253,-4.68495035171509,-4.46700000762939,-3.307950258255,-2.81505012512207,0.01995000056922,5.42295026779175,0.38895002007484,-40.2730522155762,-42.610050201416,-10.9789505004883,11.9710502624512,5.38995027542114,6.55605030059814,7.52100038528442,0.74595004320145,8.20200061798096,7.6080002784729,6.01500034332275,5.06895017623901,3.99105024337769,0.0730499997735,8.61795043945313,45.1450538635254,40.7640037536621,18.2869510650635,-4.03605031967163,-9.41295051574707,-8.59605026245117,-7.58505058288574,2.0269501209259,-0.70500004291534,-0.14505000412464,-0.77295005321503,0.09795000404119,0.98895007371902,5.58495044708252,1.17405009269714,1.29795002937317,20.3269500732422,2.65605020523071,-2.49495005607605,6.49500036239624,13.8340511322021,-2.21399998664856,1.72905004024506,LIFT
0.37812501192093,-0.13777500391006,-0.03327500075102,0.21862499415874,-0.00989999994636,1.15321254730225,8.01927471160889,4.41044998168945,-19.8459243774414,-18.4053382873535,-0.00508749997243,2.53659987449646,-7.37096261978149,-15.1380624771118,-4.87588739395142,0.44192498922348,-0.81482499837875,-0.55137497186661,-0.00247499998659,-0.1363999992609,1.86408746242523,10.3281745910645,18.4937496185303,-6.44077491760254,-14.850549697876,3.69435000419617,3.71593737602234,-12.690975189209,-9.58966255187988,7.00273752212524,-0.21477499604225,0.16967499256134,0.1104125007987,-0.18645000457764,0.11591249704361,-0.71046251058578,-4.39161252975464,-7.26302480697632,-5.10895013809204,-2.90661239624023,-2.00186252593994,0.11412499845028,8.02945041656494,21.9327621459961,14.0386123657227,-2.41500020027161,-2.77605009078979,-1.91595005989075,-1.12395000457764,-1.9450501203537,0.9709500670433,6.28095006942749,0.95700001716614,-24.9180011749268,-4.24395036697388,7.0620002746582,-0.05505000427365,4.71705007553101,0.11805000901222,0.94500005245209,7.91205024719238,7.62000036239624,6.18705034255981,6.34095048904419,4.36500024795532,0.22395001351833,-1.91100013256073,41.2240524291992,54.5310020446777,22.4689502716064,-1.30800008773804,-2.07705020904541,-7.53705024719238,-2.61300015449524,1.24695003032684,-1.25895011425018,-3.99405026435852,-3.08400011062622,-0.24600000679493,-3.08895015716553,-10.1280002593994,-3.25905013084412,15.7260007858276,9.22995090484619,0.53205001354218,-7.61805057525635,7.04100036621094,6.04305028915405,0.90105003118515,3.03495025634766,LIFT
0.03217500075698,-0.21216249465942,-0.13241249322891,-0.0015124999918,0.02021249942482,0.23732499778271,0.05142499879003,3.06061244010925,3.7563624382019,-0.07383749634027,-0.88770002126694,-0.99893748760223,-9.97480010986328,-8.41692543029785,0.49114999175072,0.11577499657869,-0.58712500333786,-0.50531250238419,-0.09844999760389,0.05087500065565,0.51397502422333,-0.31487500667572,4.68655014038086,2.57331252098084,-4.81689977645874,-2.7308874130249,-2.49562501907349,-12.0883121490479,-9.636549949646,0.20047499239445,-0.22178749740124,-0.26991251111031,-0.28998750448227,-0.30442500114441,-0.3768875002861,-0.64982497692108,0.71046251058578,1.4386625289917,-3.70947504043579,-5.076087474823,-1.14702498912811,-0.78842496871948,3.48356246948242,3.4713249206543,-1.22924995422363,-2.22105002403259,-2.93700003623962,-2.31900000572205,-2.84595012664795,-3.17895007133484,-1.7940000295639,5.67705011367798,-18.0610504150391,-41.0410537719727,-14.8060503005981,-4.96500015258789,23.2210502624512,-1.46100008487701,7.25805044174194,0.73605000972748,9.11895084381104,9.55995082855225,8.98200035095215,8.94900035858154,8.45595073699951,6.4150505065918,-2.26605010032654,32.8800010681152,44.7019538879395,23.5249519348145,-0.52695000171661,-24.0850505828857,-3.07305026054382,-5.53500032424927,1.65105009078979,-0.6240000128746,-0.41595003008842,-0.69600003957748,-0.24795001745224,-1.04100000858307,-0.73395001888275,0.77805006504059,-13.2580509185791,-7.54995012283325,6.01395034790039,-0.89895004034042,0.36600002646446,8.75400066375732,-1.77600014209747,-1.21605002880096,LIFT
0.07273750007153,-0.0042624999769,-0.07548750191927,-0.22852499783039,-0.15977500379086,0.00109999999404,-3.36682486534119,-1.53766250610352,1.67694997787476,-0.25134998559952,-0.37784999608994,0.25533750653267,0.28600001335144,1.8298499584198,4.04538726806641,0.33316248655319,0.06077500060201,-0.19483749568462,-0.55797499418259,-0.36781248450279,0.10738749802113,-8.62427520751953,-7.34717512130737,5.73925018310547,5.38889980316162,1.06149995326996,0.41621249914169,-3.77341246604919,-2.51831245422363,4.06601238250732,0.10628750175238,0.06599999964237,0.030387500301,-0.27252501249313,-0.4641999900341,-0.31226250529289,2.3724250793457,3.04562497138977,-3.30852508544922,-4.91988754272461,-1.38407504558563,0.51507496833801,11.9054374694824,23.3701877593994,11.9274377822876,-3.06795024871826,-2.51295018196106,-2.90595006942749,-2.32095003128052,-1.07805001735687,0.73395001888275,2.77905011177063,-15.6829509735107,-33.0400505065918,-12.6700506210327,1.27005004882813,14.9749507904053,2.90895009040833,5.47800016403198,0.55695003271103,8.62995052337646,7.91400051116943,7.21695041656494,5.713050365448,3.07200002670288,1.5940500497818,1.69695007801056,40.6489524841309,40.7670021057129,24.7249507904053,2.34795022010803,-12.9289503097534,-1.93095004558563,-2.9320502281189,2.74305009841919,-0.61695003509521,-0.89505004882813,-0.41595003008842,-0.22200001776218,-0.78000003099442,2.60805010795593,1.16595005989075,5.36700010299683,1.95705008506775,7.85295057296753,-2.78400015830994,-5.02605009078979,8.30100059509277,1.55895006656647,0.34695002436638,LIFT
0.32628750801086,0.78883749246597,0.51603752374649,0.45512500405312,1.11292505264282,1.96391248703003,4.03562498092651,4.10904979705811,-3.27593755722046,-7.37041234970093,-4.93418741226196,-6.7859001159668,-24.7707614898682,-27.1375503540039,-6.97028732299805,0.13997499644756,0.7625749707222,0.54078751802444,0.86790001392365,2.24826240539551,3.91036248207092,5.73594999313354,5.62168741226196,-1.36358749866486,-5.64052486419678,-3.96618747711182,-7.85221242904663,-9.55363750457764,1.49558746814728,8.3212251663208,-0.74153751134872,-1.0228625535965,-0.34430000185966,0.1568875014782,-0.06338749825954,-0.57612502574921,-2.22213745117188,-2.55763745307922,1.81898748874664,4.35599994659424,2.89354991912842,4.38666248321533,0.78828752040863,-3.98461246490479,-2.69609999656677,-1.64805006980896,-1.399050116539,-0.97995007038116,-0.5059500336647,0.53505003452301,1.1290500164032,4.85100030899048,1.94295012950897,4.30695009231567,8.79300022125244,7.1569504737854,-8.27505016326904,-9.78900051116943,-3.6979501247406,0.52799999713898,8.33295059204102,8.59695053100586,7.77795028686523,7.03995037078857,6.2590503692627,6.22605037689209,4.79400014877319,26.2939510345459,33.5820007324219,21.1729507446289,6.46005010604858,-7.6210503578186,-6.96495056152344,-2.33505010604858,2.60700011253357,-4.49400043487549,-3.61305022239685,-4.50405025482178,-5.56995010375977,-4.875,-7.9549503326416,-16.8340511322021,-13.7989501953125,-4.54200029373169,-13.1359510421753,7.67100048065186,13.0579509735107,11.9320507049561,5.99505043029785,-0.04905000329018,LIFT
-0.00247499998659,0.14382499456406,0.25822499394417,0.34058749675751,0.512600004673,0.49376249313354,-0.35681250691414,-0.4268000125885,0.86185002326965,1.17246246337891,0.01979999989271,-1.36812496185303,-4.56293725967407,-19.62619972229,-21.2931118011475,0.17957499623299,0.20996250212193,0.33151251077652,0.55096250772476,1.07071244716644,1.283287525177,-0.1104125007987,-0.48042500019073,1.27558743953705,2.8726499080658,1.815962433815,-0.0299750007689,-6.19918727874756,-14.9848871231079,-10.3162126541138,0.17641249299049,0.06489999592304,-0.14630000293255,-0.15248750150204,-0.03437500074506,0.15015000104904,0.31322500109673,-0.16802500188351,-1.39851248264313,-0.30868750810623,0.90997499227524,1.19652497768402,-0.70509999990463,-11.5263500213623,-9.66487503051758,-1.01595008373261,-1.01595008373261,-0.89595001935959,-0.40500003099442,-0.2569500207901,-0.12300000339746,-1.0969500541687,-3.23100018501282,2.25495004653931,4.0339503288269,-2.22495007514954,-0.99195003509521,-2.04795002937317,1.12695002555847,-1.85700011253357,9.6340503692627,9.51900005340576,8.77905082702637,8.44799995422363,7.07805013656616,6.12000036239624,5.63205003738403,22.7370014190674,34.5559501647949,27.1300506591797,7.89495038986206,-2.71095013618469,-1.8469500541687,-2.60805010795593,0.45900002121925,-2.800950050354,-3.08595013618469,-3.34200024604797,-3.26100015640259,-3.19395017623901,-1.3620001077652,-2.28900003433228,-8.36505031585693,-19.7530517578125,-10.2469501495361,0.04605000093579,2.22300004959106,3.59700012207031,4.38105010986328,3.48000025749207,LIFT
0.59166252613068,0.94118750095367,1.10660004615784,0.9424250125885,0.52401250600815,0.22522500157356,0.0937749966979,-0.18369999527931,-0.35626250505447,-0.27500000596046,0.46035000681877,-1.88979995250702,-19.6961879730225,-22.5649871826172,-5.06288766860962,1.48183751106262,1.96363747119904,1.90616250038147,1.39562499523163,0.78567498922348,0.5487625002861,0.41497498750687,0.98216247558594,2.59214997291565,3.38470005989075,1.75670003890991,-3.50501251220703,-16.6518001556396,-15.6270122528076,-1.13148748874664,0.43587499856949,-0.01347499992698,-0.77288746833801,-0.97721248865128,-0.56594997644424,-0.12870000302792,-0.00989999994636,0.36011248826981,0.74923747777939,0.61778748035431,-0.45828750729561,0.49362498521805,-10.3030128479004,-14.4483623504639,-3.72941255569458,-0.44295001029968,-0.83895003795624,-0.32400000095367,-0.56295001506805,-0.35205000638962,-0.2490000128746,0.11805000901222,2.25705003738403,9.21495056152344,5.33895015716553,-8.73495006561279,-0.48900002241135,-11.7409505844116,-2.9850001335144,-1.25505006313324,9.02595043182373,8.30505084991455,8.19195079803467,7.83795022964478,7.39200019836426,6.48195028305054,7.27695035934448,22.4569511413574,37.078052520752,21.8890514373779,0.44895002245903,-10.9240503311157,-6.22995042800903,-1.18605005741119,2.08004999160767,-5.01195001602173,-5.44305038452148,-5.46195030212402,-5.06400012969971,-4.9830002784729,-4.41495037078857,-4.82295036315918,-13.7989501953125,-17.8009510040283,-15.7219505310059,-0.98295003175735,21.7009506225586,6.82800054550171,4.22205018997192,0.97695004940033,LIFT
-0.04042499884963,-0.1515250056982,-0.1733874976635,-0.13021250069141,-0.08043749630451,-0.40961250662804,0.00481249997392,1.18676245212555,0.55220001935959,-0.56361252069473,-0.0614624992013,1.07854998111725,2.09206247329712,-22.3933868408203,-22.71706199646,-0.19415000081062,-0.42652499675751,-0.50709998607635,-0.45993748307228,-0.23581250011921,-0.58574998378754,-0.0369874984026,1.02767503261566,-0.31569999456406,-0.57859998941422,1.47510004043579,3.77671241760254,5.81061267852783,-8.26292514801025,-10.3971996307373,-0.54051250219345,-0.72531247138977,-0.62727499008179,-0.44426250457764,0.30360001325607,1.92238748073578,2.00351238250732,-1.4832124710083,-2.85408759117126,0.5157625079155,1.84552502632141,1.16104996204376,0.65944999456406,-2.07157492637634,-2.87938737869263,-0.72105002403259,-1.23900008201599,-1.25805008411407,-0.33600002527237,1.05000007152557,0.23295001685619,-1.64595007896423,-5.9040002822876,-0.8359500169754,6.68805027008057,-0.37395000457764,1.32795011997223,-3.59100008010864,-3.5350501537323,-0.52995002269745,8.56305027008057,8.296950340271,7.42800045013428,5.49300003051758,4.75500011444092,4.13700008392334,8.68800067901611,27.223051071167,39.7230033874512,28.7560520172119,9.13800048828125,-4.18395042419434,-6.25605010986328,-4.38105010986328,-2.13900017738342,-2.94195008277893,-2.68095016479492,-2.45895004272461,-1.94895005226135,-0.88995003700256,-1.71600008010864,-4.04700040817261,-9.8569507598877,-11.3299503326416,-12.6060009002686,-5.96295022964478,1.02495002746582,8.51700019836426,5.09700012207031,4.55505037307739,LIFT
-0.25451248884201,-0.1900250017643,-0.51480001211166,-0.63167500495911,-0.48551249504089,-0.48661249876022,-0.74524998664856,1.50438749790192,3.89028739929199,1.92816245555878,-0.3619000017643,-1.97175002098084,-7.76187515258789,-17.4814758300781,-11.7924127578735,-0.25313749909401,-0.04441250115633,-0.7595499753952,-0.93059998750687,-0.47189998626709,-0.40314999222755,-0.94655001163483,3.82249999046326,11.7291622161865,8.69811248779297,0.35914999246597,-4.19168758392334,-15.796275138855,-22.2579498291016,-9.87098789215088,0.0489500015974,0.38211250305176,0.88921248912811,1.07703745365143,0.64542502164841,-0.0299750007689,-0.92427498102188,-1.50342500209808,-0.85868752002716,-0.1119249984622,0.12416250258684,0.86418747901917,-5.97451257705688,-12.3945245742798,-5.59074974060059,-1.85400009155273,-2.47905015945435,-1.95000004768372,-1.46595001220703,-2.08200001716614,-2.05305004119873,-2.007000207901,3.88305020332336,14.6820011138916,-1.36800003051758,-6.28695011138916,-0.89595001935959,-4.71900033950806,1.45005011558533,-1.04505002498627,8.30895042419434,8.67795085906982,8.31900024414063,7.86195039749146,6.91605043411255,5.50005006790161,4.41795015335083,21.7530002593994,35.4709510803223,23.1559505462646,2.36505007743835,-4.05000019073486,-2.94405007362366,-0.56505000591278,1.49100005626678,-3.82395029067993,-2.70300006866455,-2.49900007247925,-3.13905024528503,-1.63500010967255,-0.74895006418228,-4.80795001983643,-20.0020503997803,-25.9489517211914,-14.8669509887695,-1.53705012798309,11.5030508041382,4.95105028152466,1.51395010948181,1.22595000267029,LIFT
-0.0196624994278,0.15619999170303,0.18645000457764,0.25382500886917,0.42143750190735,0.72682499885559,0.96167498826981,-0.70798748731613,-2.06607508659363,-0.25822499394417,2.23863744735718,4.29151248931885,6.60879993438721,2.54993748664856,-4.70690011978149,-0.00206249998882,0.2435124963522,0.37922498583794,0.67223751544952,1.02629995346069,1.53188753128052,1.83424997329712,-0.8731250166893,-3.1304624080658,-0.64418751001358,2.82699990272522,4.78774976730347,1.3029500246048,-23.9652881622314,-37.0490989685059,0.10738749802113,0.13887499272823,0.07452499866486,-0.02117500081658,0.15042500197887,0.42061248421669,0.3588750064373,0.72105002403259,1.01997494697571,1.627312541008,0.3740000128746,-3.83844995498657,-8.01432514190674,-17.7487754821777,-7.95671224594116,-0.79095005989075,-1.32495009899139,-0.66105002164841,-0.550950050354,0.09900000691414,0.51600003242493,-0.12300000339746,-2.83800005912781,7.22895050048828,6.81195020675659,-12.2410507202148,2.83005023002625,-3.61200022697449,-4.15095043182373,-0.1489500105381,8.60205078125,8.84805011749268,8.68800067901611,8.75699996948242,8.27805042266846,7.83000040054321,10.498950958252,29.5290012359619,32.6719512939453,21.3790512084961,3.46695017814636,-3.75105023384094,-4.65900039672852,-3.18795013427734,1.13595008850098,-2.97105002403259,-2.61900019645691,-3.19200015068054,-3.44505023956299,-3.46005010604858,-4.45395040512085,-3.49305009841919,-3.92205023765564,-12.328950881958,-15.6139507293701,-7.34895038604736,2.09595012664795,7.37700033187866,5.1589503288269,3.24795007705688,LIFT
-0.38458749651909,-1.4774374961853,-2.87649989128113,-4.22949981689453,-5.88128757476807,-4.40591239929199,-2.31384992599487,-2.42604994773865,5.30956268310547,6.85176229476929,3.74673748016357,-0.71252501010895,-14.1061248779297,-16.8441619873047,-17.8547878265381,-0.35846251249313,-0.52263748645782,0.59894996881485,2.58926248550415,0.87367498874664,-1.7077499628067,-2.38260006904602,-2.46303749084473,1.83576250076294,1.08831250667572,-0.82073748111725,-3.08178758621216,-1.88677501678467,-1.00732505321503,-22.4287242889404,0.52964997291565,-0.42006251215935,-2.27053737640381,-4.24751234054565,-4.38212490081787,-1.40346252918243,0.66728746891022,0.66371250152588,2.91926240921021,2.85614991188049,0.51177501678467,-3.17322492599487,-7.24006223678589,-4.22083759307861,7.00645017623901,-1.68900012969971,-2.77395009994507,-6.0600004196167,-5.5090503692627,-6.63495016098022,-4.76205015182495,1.07400000095367,-14.4379510879517,-13.9390506744385,0.36300000548363,-6.62295007705688,-1.67700004577637,-4.35000038146973,-0.16095000505447,-1.46100008487701,5.66295003890991,3.85500025749207,2.93700003623962,0.35100001096725,0.92100006341934,1.64400005340576,-5.13795042037964,8.58195018768311,35.2080001831055,8.80005073547363,-2.10300016403198,-11.917950630188,-8.91195011138916,-5.30805015563965,-0.74805003404617,4.79505014419556,5.80800008773804,5.75805044174194,13.2229509353638,19.9510517120361,13.5340509414673,13.2160511016846,22.7479515075684,36.3559532165527,8.19105052947998,5.76000022888184,11.2230005264282,6.56205034255981,-9.63705062866211,-5.67795038223267,LIFT
-1.03180003166199,-0.56484997272491,-0.24639999866486,-0.34869998693466,-0.91327500343323,-1.69083750247955,-1.4161125421524,-0.00343749998137,0.33192500472069,2.3918125629425,4.83518743515015,1.26224994659424,-13.1445875167847,-18.1594867706299,-7.97967481613159,-0.88824999332428,-0.17517499625683,0.2050125002861,-0.04303750023246,-0.87023746967316,-1.70183753967285,-1.05338752269745,0.63621246814728,0.42088750004768,2.74683737754822,5.08021259307861,-2.5616250038147,-12.307487487793,-12.1154003143311,-5.89503765106201,-0.3785375058651,-0.15138749778271,0.30593749880791,0.56608748435974,0.2268749922514,-0.60224997997284,-0.85456252098083,0.73809999227524,2.53742504119873,2.9305374622345,-0.1522125005722,-3.18807506561279,-13.4862747192383,-13.9999752044678,-1.76728749275208,-0.51495003700256,-0.14595000445843,-0.16305001080036,-0.34995001554489,-1.37295007705688,-1.44195008277893,0.12300000339746,3.40200018882751,12.5599508285522,3.35400009155273,-17.6920509338379,-0.11295000463724,-9.12105083465576,0.14699999988079,-3.1519501209259,9.03000068664551,8.95605087280273,8.8840503692627,9.046950340271,8.80995082855225,9.96705055236816,13.4419507980347,28.7770519256592,39.3469505310059,21.1039505004883,1.11495006084442,-3.43005013465881,-9.02700042724609,-2.32095003128052,-0.73605000972748,-1.94895005226135,-1.47000002861023,-1.43595004081726,-0.66705000400543,0.47205001115799,0.50505000352859,-1.04595005512238,-0.30600002408028,-3.4980001449585,-24.5599517822266,1.90605008602142,30.7350006103516,0.17700000107288,8.45700073242188,0.7590000629425,LIFT
0.38005000352859,-0.21546250581741,-0.25203749537468,0.4673624932766,0.99494999647141,0.40342500805855,-4.04126262664795,-4.89252519607544,5.7204122543335,8.92828750610352,3.7262499332428,-0.16197499632835,-8.69962501525879,-13.6416501998901,-7.29080009460449,0.6873624920845,-0.34168750047684,-0.36437499523163,0.98009997606277,1.97972500324249,0.93678748607635,-6.14061260223389,-6.4956374168396,10.1122999191284,13.8577995300293,1.48348748683929,-10.5384120941162,-19.2252502441406,-21.4182376861572,-10.6573495864868,0.11522500216961,-0.06641250103712,-0.342375010252,-0.13021250069141,0.03891250118613,0.4493499994278,-0.36258751153946,-1.66828751564026,2.94662499427795,3.24486255645752,-2.07102489471436,-3.48933744430542,-12.8257246017456,-8.1346378326416,2.85284996032715,-2.27100014686584,-2.91000008583069,-1.4760000705719,-1.89195013046265,-0.90600001811981,-1.56000006198883,-6.6060004234314,1.34895002841949,21.7140007019043,-14.506950378418,-21.8449516296387,8.73300075531006,-7.17105054855347,-1.5859500169754,-0.99195003509521,9.71505069732666,9.34605026245117,8.51294994354248,7.84695053100586,7.00395011901855,5.09505033493042,6.24705028533936,40.3879508972168,31.7539520263672,11.4730501174927,-0.2569500207901,-6.09600019454956,-4.59900045394897,-1.90005004405975,1.13595008850098,-2.09895014762878,-2.09700012207031,-3.22305011749268,-3.43095016479492,-2.04404997825623,1.93995010852814,8.31599998474121,-22.1290512084961,-31.3810520172119,-10.0600500106812,8.87805080413818,14.2260007858276,10.5499505996704,2.65905022621155,1.16895008087158,LIFT
0.47643750905991,0.46502500772476,0.3962749838829,0.38060000538826,0.23759999871254,0.32023748755455,0.53542500734329,1.45420002937317,2.86934995651245,-0.08978749811649,-2.70930004119873,-1.22182500362396,0.39297500252724,-2.37709999084473,-15.3575124740601,0.62328749895096,0.59619998931885,0.426662504673,0.30016249418259,0.07713750004768,0.14368750154972,0.26991251111031,1.14138746261597,4.10533761978149,2.68592500686646,-0.86308747529984,-0.99330002069473,-0.62411248683929,-9.56958770751953,-25.3873119354248,-0.68502497673035,-1.0066374540329,-0.90117502212524,-0.50050002336502,-0.17215000092983,-0.27898749709129,-0.46516248583794,-2.1984875202179,-3.51243758201599,1.1640750169754,3.99822497367859,1.14633750915527,-2.52092504501343,-10.5205373764038,-8.18537521362305,-1.7370001077652,-1.7610000371933,-1.9450501203537,-1.40400004386902,-1.8229501247406,-1.6429500579834,-2.68305015563965,-7.50600051879883,-0.83100003004074,1.40205001831055,-4.88100004196167,-7.70505046844482,2.80305004119873,-1.17900002002716,-0.45300000905991,8.65904998779297,8.47005081176758,7.83000040054321,7.51695013046265,6.80505037307739,6.12495040893555,6.32595014572144,11.8849506378174,30.1900520324707,33.4669532775879,16.6470012664795,0.14205001294613,-4.26600027084351,-3.54495024681091,-2.38800001144409,-2.98095011711121,-3.17700004577637,-3.3139500617981,-2.62395024299622,-3.00495004653931,-3.1840500831604,-3.86505007743835,-14.4769506454468,-21.7410011291504,-7.43295049667358,-15.7150506973267,-6.52095031738281,14.8830003738403,8.79195022583008,4.02405023574829,LIFT
-0.57791250944138,-0.06833750009537,0.30855000019073,0.48675000667572,0.17792500555515,-0.43422499299049,-0.48496249318123,-0.23594999313354,-0.60788750648499,0.56512498855591,2.69348740577698,4.64832496643066,-7.3523998260498,-18.3594131469727,-6.55888748168945,-0.70069998502731,0.16073749959469,0.85208749771118,1.23337495326996,0.80808746814728,-0.16816249489784,-0.22192500531673,0.40287500619888,0.15798750519753,2.07831239700317,4.37373733520508,5.06618738174438,-10.0724248886108,-19.427375793457,-8.53874969482422,-0.27252501249313,-0.11247500032187,0.01759999990463,0.03478749841452,0.0283249989152,0.17627499997616,0.22481249272823,0.86129999160767,2.49425005912781,2.74532508850098,-0.2065249979496,-3.49676251411438,-11.0200748443604,-8.76672458648682,-0.37619999051094,-1.64805006980896,-1.15995001792908,-1.09500002861023,-1.16700005531311,-1.18395006656647,-0.91305005550385,-0.79800003767014,0.6240000128746,15.2239503860474,3.35205006599426,-10.8280506134033,7.65105056762695,-8.27805042266846,-1.2960000038147,-0.33105000853539,8.56605052947998,8.62305068969727,8.2900505065918,8.46495056152344,8.65200042724609,8.43405055999756,11.2480506896973,31.9990520477295,35.0550003051758,21.1230010986328,2.77500009536743,-11.0700006484985,-7.16400051116943,-4.15605020523071,-0.52995002269745,-2.6140501499176,-2.84400010108948,-2.96595025062561,-2.86305022239685,-2.06805014610291,-2.40795016288757,-3.95100021362305,-5.32095003128052,-10.5270004272461,-14.1300010681152,-8.55405044555664,16.9260005950928,13.9099502563477,5.5639500617981,6.06705045700073,LIFT
-0.99412500858307,-0.12732499837875,0.94503748416901,1.71806252002716,1.99003744125366,1.99814999103546,3.84257507324219,2.75976252555847,-1.55347502231598,-0.72049999237061,1.369500041008,1.25633752346039,-6.17072486877441,-12.1206245422363,-6.59614992141724,-2.11337494850159,-0.92771250009537,0.51521247625351,1.50342500209808,1.90684998035431,1.69496250152588,2.01492500305176,4.62522506713867,6.89617490768433,4.07013750076294,-1.07346248626709,-5.45036268234253,-23.6345996856689,-30.5974617004395,-10.0762748718262,0.25176250934601,-0.46777498722076,-1.04114997386932,-1.19597494602203,-1.17425000667572,-2.0818874835968,-6.13002490997314,-4.99688768386841,0.88357502222061,0.77797502279282,-0.72503751516342,-0.87683749198914,-6.33462476730347,-1.35808753967285,4.49927520751953,-1.29105007648468,-1.78200006484985,-1.24095010757446,-1.63395011425018,-1.63905012607574,-4.29000043869019,-5.18595027923584,2.70705008506775,4.09605026245117,-14.3820009231567,-1.86105012893677,-3.35595011711121,-2.956050157547,2.08500003814697,0.00600000005215,7.08300018310547,7.15995025634766,6.55395030975342,5.9719500541687,5.18400001525879,1.1910001039505,3.72495007514954,35.0089530944824,22.5480003356934,8.35995006561279,1.36905002593994,-2.45505023002625,-4.0570502281189,-1.23600006103516,1.96695005893707,-2.12595009803772,-2.6050500869751,-3.16995024681091,-4.10895013809204,-3.87900018692017,-3.56505012512207,-17.5660514831543,-23.7409515380859,-42.9109535217285,-27.1180515289307,14.4919509887695,13.3669509887695,5.2020001411438,5.53995037078857,3.15405011177063,LIFT
0.19951249659061,0.04015000164509,0.03492499887943,0.05169999971986,-0.17641249299049,-0.51314997673035,-0.89759999513626,0.42129999399185,0.67746251821518,0.31473749876022,1.41322493553162,11.2650995254517,21.4687004089355,12.1323127746582,15.2277126312256,0.21876250207424,-0.05623750016093,-0.03987500071526,0.16335000097752,0.06833750009537,-0.38376250863075,-1.54467499256134,-0.90007501840591,2.62308740615845,4.15112495422363,3.265625,13.7190628051758,24.3581256866455,15.7548875808716,22.7431869506836,0.22659999132156,0.15344999730587,0.09707500040531,-0.09982500225306,-0.3299999833107,-0.41401249170303,0.03327500075102,1.34804999828339,-2.84377503395081,-6.81298732757568,-6.10403728485107,-7.96042490005493,-5.17481231689453,-2.92902493476868,-5.36992502212524,1.20300006866455,1.50000011920929,1.15305006504059,0.79395002126694,1.17000007629395,1.1580001115799,10.9099502563477,-6.51000022888184,-30.42405128479,-14.1769504547119,24.5400009155273,5.38005018234253,-1.60695004463196,0.54704999923706,-1.87800014019012,9.40395069122314,9.33195018768311,9.30600070953369,9.50205039978027,9.28905010223389,9.27705001831055,16.5319499969482,33.0330009460449,40.1869506835938,1.09800004959106,-19.8790512084961,-6.1360502243042,0.58605003356934,-0.15600000321865,2.63595008850098,2.92695021629334,2.56005001068115,2.69895005226135,3.29295015335083,3.07995009422302,3.8970000743866,2.37405014038086,6.34695053100586,2.62995004653931,2.18400001525879,-26.2630519866943,4.34205007553101,5.37000036239624,-2.31000018119812,-0.69795000553131,LIFT
0.00467499997467,-0.00371249997988,0.02736249938607,-0.01883750036359,-0.14726249873638,-0.53171247243881,-2.63010001182556,-5.22981262207031,3.49428749084473,7.80175018310547,1.82544994354248,4.36590003967285,21.3769874572754,18.5136871337891,5.60161256790161,0.14162500202656,0.06242499873042,0.04702499881387,0.14258749783039,0.2939749956131,-0.25396248698235,-5.17563724517822,-12.7417125701904,5.99692487716675,16.4311122894287,3.08646249771118,7.7268123626709,29.3845748901367,24.0873870849609,9.71794986724854,-0.05156249925494,-0.01773750036955,-0.01457499992102,-0.29466250538826,-0.75515002012253,-0.7294374704361,1.31491243839264,2.67423748970032,-2.80953741073608,-8.13188743591309,-5.92267513275146,-1.28218746185303,3.12262487411499,3.68018746376038,1.61438751220703,0.01995000056922,-0.00795000046492,-0.45495003461838,-0.99900007247925,-0.95595002174377,1.77600014209747,11.4109506607056,-6.27105045318604,-39.72705078125,-20.4589500427246,28.642951965332,5.63205003738403,1.45995008945465,6.43395042419434,-2.46495008468628,9.57195091247559,9.58395004272461,9.2629508972168,9.24105072021484,8.6089506149292,6.59895038604736,4.54200029373169,27.562952041626,47.0440521240234,13.6360502243042,-13.1800508499146,-10.5220508575439,-3.96405029296875,-5.07495021820068,3.47205018997192,1.79595005512238,1.77495002746582,1.65495002269745,2.10000014305115,1.93500006198883,3.38895010948181,5.53995037078857,6.6870002746582,-10.6860008239746,1.57095003128052,-14.0119504928589,5.5009503364563,13.8150005340576,-1.32105004787445,-1.50495004653931,LIFT
7.59673738479614,4.5711874961853,0.99481248855591,0.1891999989748,0.71609997749329,1.11553752422333,-3.03778743743896,0.55481249094009,12.9559373855591,9.74930000305176,1.80015003681183,3.14613747596741,20.1135005950928,23.7909374237061,9.48997497558594,5.65262508392334,0.2593249976635,-0.4989874958992,-0.41181248426437,-1.19968748092651,-1.31917500495911,6.97207498550415,16.7580871582031,30.2246990203857,24.6009502410889,5.12462520599365,4.43863725662231,18.9668865203857,26.789400100708,18.1044864654541,-3.48974990844727,-1.49311244487762,-0.30951249599457,-0.10271249711514,-0.0961124971509,-0.28063750267029,-2.1628749370575,-2.02221250534058,-6.29640007019043,-9.66143703460693,-5.47827482223511,-3.72432494163513,-4.82886266708374,-8.16818714141846,-5.83591270446777,0.37005001306534,0.50894999504089,0.1950000077486,-1.07805001735687,-0.79605001211166,1.0069500207901,8.59695053100586,-12.9570007324219,-56.1799545288086,-33.0679512023926,7.69095039367676,17.1880512237549,-6.36405038833618,3.65595006942749,1.84500002861023,5.3730001449585,4.57605028152466,3.95295023918152,3.3640501499176,2.41500020027161,-0.3829500079155,1.51500010490417,31.6320018768311,47.779052734375,24.5719509124756,-12.2959508895874,-21.1549510955811,2.92995023727417,-4.44300031661987,0.3120000064373,-8.28299999237061,-6.0130500793457,-7.08795022964478,-6.17595052719116,-4.16205024719238,-1.70400011539459,19.0740013122559,-1.69905006885529,-34.3080024719238,-13.8400506973267,-16.4790000915527,10.417950630188,21.6439514160156,2.2129499912262,-1.52505004405975,LIFT
0.26922500133514,0.259187489748,-0.11838749796152,-0.74236249923706,-0.8457624912262,-0.24158750474453,-0.60500001907349,-14.1073627471924,-3.11176252365112,12.3854503631592,2.25073742866516,1.42065000534058,12.300199508667,13.5782623291016,3.7705249786377,0.50063747167587,0.57365000247955,-0.38733750581741,-2.09247493743896,-2.44447493553162,-0.68722498416901,-1.22595000267029,-20.2078247070313,-4.43602514266968,21.8127250671387,7.80614995956421,1.92774999141693,8.949462890625,12.8664245605469,7.73973751068115,-0.25038748979568,-0.22013749182224,-0.16348749399185,-0.14079999923706,-0.57062500715256,-1.42821252346039,0.76106250286102,8.28231239318848,5.36401224136353,-5.02864980697632,-5.74543762207031,-3.59424996376038,-8.82901287078857,-16.6845245361328,-9.54841232299805,-3.05205011367798,-2.58705019950867,-2.87205004692078,-2.76900005340576,-3.07800006866455,-2.03595018386841,9.05700016021729,-0.38595002889633,-49.4479522705078,-48.318000793457,-1.18800008296967,32.0460014343262,-4.80195045471191,5.70105028152466,2.67405009269714,7.97205018997192,7.87395048141479,7.24095010757446,5.96205043792725,5.07600021362305,3.79005026817322,-2.97495007514954,16.9200000762939,53.1319541931152,34.420051574707,-5.46600008010864,-21.4840507507324,-1.60695004463196,-5.03505039215088,-0.87000006437302,-2.54700016975403,-1.83405005931854,-0.56894999742508,-0.4279500246048,-1.09800004959106,-1.40205001831055,7.48200035095215,18.0870018005371,-20.0670013427734,4.20105028152466,-2.98605012893677,-11.4400501251221,19.1989517211914,1.94205009937286,-3.7300500869751,LIFT
-0.32670000195503,-0.73191249370575,-0.6347000002861,-0.38046249747276,-0.19676250219345,0.00371249997988,-1.07194995880127,-11.6529874801636,-0.37331250309944,11.3625869750977,1.67241251468658,2.03747487068176,18.4399871826172,20.0033626556396,4.17945003509521,-0.65903747081757,-1.88058745861053,-1.60366249084473,-0.9229000210762,-0.4643374979496,0.06984999775887,-3.09361243247986,-20.7484741210938,0.82981246709824,22.2539615631104,4.58108758926392,2.6399998664856,19.9337882995605,23.2394256591797,7.05746269226074,0.05499999970198,-0.49871250987053,-1.0480250120163,-1.0592999458313,-0.56870001554489,0.19291250407696,2.4507999420166,6.01782512664795,-0.69795000553131,-8.70801258087158,-5.75478744506836,-3.46376252174377,-11.0741128921509,-14.5611124038696,-5.63131237030029,-3.90900015830994,-3.97905015945435,-4.89600038528442,-3.88305020332336,-1.49505007266998,-0.99405002593994,7.13100051879883,-3.26505017280579,-56.3980522155762,-39.6160507202148,9.35100078582764,20.2510509490967,3.4830002784729,8.3929500579834,-3.18300008773804,8.58000087738037,8.51100063323975,8.51294994354248,7.3609504699707,4.61895036697388,2.7529501914978,-2.09100008010864,24.8899517059326,52.1929512023926,23.9230518341064,-10.0879507064819,-18.5740509033203,-2.80200004577637,-4.36395025253296,3.37095022201538,-0.47295001149178,-0.83700001239777,-0.47100001573563,-0.11400000751019,-0.66495001316071,0.12000000476837,6.7900505065918,6.88305044174194,-17.2690505981445,-5.78505039215088,-9.02100086212158,2.93400025367737,17.0569515228271,-2.49900007247925,-3.80205011367798,LIFT
0.09899999946356,-0.14891250431538,-0.53074997663498,-0.68145000934601,-0.40534999966621,-0.61022502183914,-2.67698740959167,8.98273754119873,18.627124786377,7.77452516555786,0.19085000455379,-0.43078750371933,-11.9942626953125,-12.9865999221802,-0.97638750076294,0.14575000107288,-1.036749958992,-1.73621249198914,-1.60545003414154,-0.97941249608994,-1.46038746833801,-1.4499374628067,17.8050117492676,30.4722003936768,14.3903369903564,1.87261247634888,-1.28342497348785,-15.8765745162964,-25.2058124542236,-9.94441223144531,-0.03684999793768,-0.09996250271797,0.12897500395775,0.23553749918938,-0.15633749961853,0.17448750138283,15.3478870391846,15.8761625289917,1.28260004520416,-1.0396374464035,-2.16301250457764,-2.53123760223389,-9.08036231994629,-12.4038753509521,-5.58992481231689,-2.28795003890991,-2.3689501285553,-2.30895018577576,-2.17005014419556,-1.04700005054474,4.69995021820068,0.12300000339746,-25.2769508361816,-50.3560523986816,-37.5139503479004,-0.93405002355576,24.5140514373779,-1.15995001792908,7.73895025253296,-1.61700010299683,7.80900049209595,7.48605012893677,6.84795045852661,5.30400037765503,3.39195013046265,-3.71700024604797,-5.43000030517578,40.3639526367188,41.6119537353516,24.9810009002686,-5.06595039367676,-18.8899517059326,2.39595007896423,-5.12805032730103,3.4830002784729,-3.69900012016296,-3.19905018806458,-2.70300006866455,-2.70300006866455,-0.60300004482269,3.59295010566711,5.65500020980835,2.27805018424988,-16.4839515686035,5.9800500869751,11.5800008773804,-10.9969501495361,12.1879501342773,3.25500011444092,3.1279501914978,LIFT
0.04138749837875,0.1703625023365,0.1868624985218,0.11976250261068,-0.40191251039505,-1.75504994392395,-8.14261245727539,-11.5011873245239,6.1256251335144,10.5664625167847,-0.50916248559952,-0.92276251316071,-12.8781127929688,-17.4114875793457,-3.94459986686707,0.31226250529289,0.67264997959137,0.86294996738434,0.76147496700287,-0.67925000190735,-4.24641227722168,-17.8447494506836,-20.3130130767822,13.0388498306274,20.1949005126953,1.73800003528595,-0.3980624973774,-9.94138717651367,-23.9557991027832,-13.3121995925903,-0.27623748779297,-0.12870000302792,0.11467500030994,-0.1868624985218,-0.58464998006821,-0.57736247777939,0.73163747787476,1.87426245212555,-2.08628749847412,-6.25047492980957,-4.5057373046875,-2.69665002822876,-6.89232492446899,-9.04062461853027,-4.07742500305176,-2.76705002784729,-2.5489501953125,-2.67795014381409,-2.23995018005371,-2.13405013084412,2.0029501914978,9.70605087280273,-16.5400505065918,-54.4129524230957,-38.3209533691406,-4.28295040130615,21.4990501403809,6.37905025482178,11.1040506362915,-0.66105002164841,7.88100051879883,7.78995037078857,6.65205049514771,5.45505046844482,3.69405007362366,0.92295002937317,-3.99300026893616,35.4930000305176,47.194953918457,28.7610015869141,-0.24000000953674,-19.2349510192871,-5.64795017242432,-7.90395021438599,1.79295003414154,-1.57200002670288,-1.73100006580353,-1.41195011138916,-0.37695002555847,1.07805001735687,4.44495010375977,3.38700008392334,9.77700042724609,-0.42300000786781,18.6450004577637,-1.55100011825562,-12.8149509429932,13.9150505065918,0.62295001745224,1.32900011539459,LIFT
0.14258749783039,0.01883750036359,-0.13378749787807,-0.23485000431538,-0.10903749614954,-0.52359998226166,-9.3079252243042,-5.39192485809326,7.98586225509644,3.81411242485046,-0.85538750886917,-0.81083750724792,-14.8150749206543,-13.5151500701904,3.38607501983643,-0.11976250261068,-0.08456250280142,-0.29576250910759,-0.53624999523163,-0.26413750648499,-1.28713750839233,-20.1870632171631,-21.2030506134033,13.7737874984741,15.9596252441406,0.51631247997284,-0.96525001525879,-17.5198383331299,-15.0083999633789,5.34201240539551,-0.16733749210835,0.02694999985397,-0.09404999762774,-0.51438748836517,-1.26362502574921,-0.56045001745224,4.19883728027344,0.52222502231598,-10.5987749099731,-9.48117542266846,-3.52522492408752,-0.78223747014999,7.37604999542236,8.22538757324219,1.26912498474121,-2.30700016021729,-2.050950050354,-2.34795022010803,-2.67600011825562,-1.3900500535965,3.80205011367798,7.5450005531311,-19.4260501861572,-41.4060020446777,-17.6560516357422,18.0570011138916,3.38505005836487,7.11195039749146,3.10995006561279,-4.42605018615723,8.89095020294189,8.07000064849854,7.19595050811768,5.24100017547607,3.42795014381409,-0.02205000072718,0.53295004367828,53.5420532226563,47.2000503540039,21.517951965332,-11.5510501861572,-11.0700006484985,-8.18895053863525,-1.78500008583069,7.56705045700073,-0.925950050354,-0.82500004768372,-0.75300002098083,-0.32505002617836,-0.27000001072884,3.57105016708374,2.0500500202179,2.2150502204895,16.159049987793,-0.5950500369072,-6.34800052642822,7.69005060195923,8.90505027770996,-2.70495009422302,1.47300004959106,LIFT
-0.01031249947846,-0.00591249996796,-0.4130499958992,-0.60967499017715,-1.0008624792099,-1.15403747558594,-2.07308745384216,-4.39505004882813,1.06328749656677,2.90179991722107,-1.41776251792908,-1.97161245346069,-19.9464378356934,-18.8927745819092,0.37716248631477,0.02254999987781,0.24461250007153,-0.56113749742508,-1.14496254920959,-2.02482509613037,-2.68276238441467,-7.63812494277954,-13.7660875320435,8.35669994354248,15.3789625167847,-0.14959999918938,-1.23199999332428,-21.2169380187988,-23.5329875946045,-2.5335750579834,0.09899999946356,-0.05417500063777,-0.40768748521805,-0.56471252441406,-0.63992500305176,0.23759999871254,3.64333748817444,4.56032514572144,-5.23696231842041,-9.5995626449585,-4.3681001663208,-4.45348739624023,-9.28345012664795,-11.7283372879028,-3.9455623626709,-1.94805014133453,-1.9980001449585,-2.05800008773804,-1.39395010471344,-0.83100003004074,1.14795005321503,4.42005014419556,-15.4099502563477,-63.1279525756836,-46.9279518127441,7.93305015563965,29.0430011749268,-4.66800022125244,9.79395008087158,-4.51695013046265,8.74305057525635,7.24095010757446,6.27105045318604,5.00400018692017,3.95505023002625,2.93505024909973,-0.31395000219345,38.5150527954102,50.2750511169434,31.2540016174316,-19.5150012969971,-30.0240020751953,-2.00999999046326,-9.43395042419434,2.82495021820068,-0.69600003957748,-0.36105000972748,0.05295000225306,0.56295001506805,0.99195003509521,0.66105002164841,1.31700003147125,13.3240509033203,3.81300020217896,13.711950302124,-1.68300008773804,-1.29495000839233,12.997950553894,-0.73695003986359,0.550950050354,LIFT
