gyro_x_0,gyro_y_0,gyro_z_0,acc_x_0,acc_y_0,acc_z_0,gyro_x_1,gyro_y_1,gyro_z_1,acc_x_1,acc_y_1,acc_z_1,gyro_x_2,gyro_y_2,gyro_z_2,acc_x_2,acc_y_2,acc_z_2,gyro_x_3,gyro_y_3,gyro_z_3,acc_x_3,acc_y_3,acc_z_3,gyro_x_4,gyro_y_4,gyro_z_4,acc_x_4,acc_y_4,acc_z_4,gyro_x_5,gyro_y_5,gyro_z_5,acc_x_5,acc_y_5,acc_z_5,gyro_x_6,gyro_y_6,gyro_z_6,acc_x_6,acc_y_6,acc_z_6,gyro_x_7,gyro_y_7,gyro_z_7,acc_x_7,acc_y_7,acc_z_7,gyro_x_8,gyro_y_8,gyro_z_8,acc_x_8,acc_y_8,acc_z_8,gyro_x_9,gyro_y_9,gyro_z_9,acc_x_9,acc_y_9,acc_z_9,gyro_x_10,gyro_y_10,gyro_z_10,acc_x_10,acc_y_10,acc_z_10,gyro_x_11,gyro_y_11,gyro_z_11,acc_x_11,acc_y_11,acc_z_11,gyro_x_12,gyro_y_12,gyro_z_12,acc_x_12,acc_y_12,acc_z_12,gyro_x_13,gyro_y_13,gyro_z_13,acc_x_13,acc_y_13,acc_z_13,gyro_x_14,gyro_y_14,gyro_z_14,acc_x_14,acc_y_14,acc_z_14,motion_type
0.1883749961853,0.15276250243187,2.16947507858276,2.44392490386963,2.49878740310669,1.19102501869202,-2.11516237258911,-0.20047499239445,7.98572492599487,26.3146114349365,22.6287879943848,-0.39998748898506,-6.05550003051758,-3.94102501869202,0.01154999993742,-3.10777497291565,-3.50212502479553,1.04376244544983,0.56704998016357,-2.841712474823,-4.42530012130737,-0.97817498445511,6.5165376663208,8.7668628692627,14.6708374023438,12.8188495635986,0.2441999912262,7.51437473297119,8.05928707122803,0.12168750166893,-1.13574993610382,-10.2657499313354,-6.05068731307983,-1.51167500019073,1.99842500686646,-2.57675004005432,-9.52820014953613,-13.5026378631592,-13.9867753982544,-12.8667001724243,-13.4282503128052,-11.8142747879028,-6.64826250076294,-1.38586246967316,1.15238749980927,-5.39895009994507,-9.08505058288574,-4.93695020675659,-2.3449501991272,-4.49100017547607,-19.4580001831055,-19.666051864624,-17.625,-20.0560512542725,4.34100008010864,7.56405019760132,4.85805034637451,7.09695053100586,1.46895003318787,-1.2720000743866,7.40700054168701,12.2440509796143,15.9400510787964,20.2729511260986,14.3809509277344,-3.23100018501282,-7.53705024719238,-6.55305051803589,-20.0779514312744,-23.5980014801025,-20.8320007324219,-23.4040508270264,-19.3399505615234,-16.1950511932373,-13.7089509963989,11.4720001220703,6.75900030136108,11.8099508285522,13.7140502929688,7.48695039749146,19.6750507354736,-20.3110504150391,19.1909999847412,10.2649507522583,-1.29195010662079,-7.25100040435791,0.18195000290871,-6.32205009460449,-1.11705005168915,0.1410000026226,POUR
2.67794990539551,3.04892492294312,1.90024995803833,0.68846249580383,0.05142499879003,-0.78072500228882,-1.4999874830246,-0.78388750553131,5.7323751449585,10.7413625717163,11.1319999694824,11.2682628631592,7.7241997718811,14.9428119659424,35.2903366088867,4.1504373550415,5.50151252746582,3.72542500495911,0.63222497701645,-0.82293748855591,-0.22013749182224,0.68777501583099,2.84597492218018,10.3430252075195,9.0278377532959,-1.95469999313354,-3.49263739585876,3.67056250572205,12.3494253158569,19.7972507476807,-3.70383739471436,-4.51275014877319,-3.73230004310608,-1.91509997844696,-0.51452499628067,0.5154874920845,1.01983749866486,-0.38513749837875,-9.47484970092773,-12.8211870193481,-12.6267623901367,-16.9615879058838,-13.8540878295898,-9.47553730010986,-9.75741291046143,5.7610502243042,5.46195030212402,5.10705041885376,8.41200065612793,5.71095037460327,9.70605087280273,6.4150505065918,-18.2359504699707,-27.3420009613037,-13.3099508285522,-13.6330509185791,-28.9080009460449,-31.7059516906738,-11.2570505142212,7.04505014419556,-0.16800001263618,0.19305001199245,0.1950000077486,0.36795002222061,-1.62900006771088,-3.5110502243042,-1.84905004501343,11.506950378418,22.1860504150391,7.11405038833618,-15.0000009536743,0.44400003552437,-18.5209503173828,-28.6759510040283,-28.5559520721436,10.1650505065918,10.0399503707886,9.14700031280518,8.36595058441162,13.8859510421753,15.2299509048462,14.8759508132935,12.0730504989624,21.1069507598877,30.8260517120361,-0.55200004577637,-9.92400074005127,13.7140502929688,2.2150502204895,-6.36495018005371,POUR
1.32371246814728,4.06944990158081,11.0250253677368,9.12477493286133,1.27668750286102,-0.81496250629425,-2.00241255760193,3.80765008926392,10.6385126113892,20.309024810791,33.7096366882324,15.821849822998,-9.84252452850342,-13.9375495910645,-6.22709989547729,4.1045126914978,11.2096872329712,12.7412996292114,2.76141238212585,-3.15411257743835,-2.62487506866455,-0.51933747529984,6.05948734283447,10.9741497039795,13.3427248001099,18.8832874298096,11.7811374664307,13.531512260437,26.3936748504639,12.7243871688843,2.27067494392395,-4.42749977111816,-14.7087869644165,-10.551474571228,-2.20137500762939,-0.7041375041008,-4.0422248840332,-20.1165256500244,-20.7949504852295,-11.2848997116089,-14.5840749740601,-16.666374206543,-11.7738494873047,-2.13551259040833,2.42976260185242,-0.05805000290275,-9.21900081634521,-6.16995048522949,-2.08905005455017,-2.05800008773804,-12.2410507202148,-25.6729507446289,-46.4490013122559,-48.058952331543,0.86595004796982,16.4020500183105,19.8340511322021,13.0350008010864,-0.11295000463724,0.13005000352859,2.38695001602173,8.67300033569336,13.3150510787964,11.1450004577637,14.2420511245728,4.40805006027222,-15.1080007553101,-2.86005020141602,-31.6549510955811,-43.678050994873,-38.2369499206543,-24.621000289917,-18.2410507202148,-16.3129501342773,-12.1770009994507,7.65195035934448,10.4569501876831,23.428050994873,28.7209510803223,25.2169513702393,34.7899513244629,7.23795032501221,-8.56800079345703,25.10205078125,5.27595043182373,-14.248950958252,-5.68005037307739,-3.3139500617981,-3.95805025100708,-4.85595035552979,POUR
0.54642498493195,-1.25303745269775,-0.82692497968674,-0.65009999275208,0.03107500076294,1.35396254062653,2.03362488746643,7.75967502593994,14.0912752151489,13.0582370758057,15.2424249649048,6.21513748168945,-6.89617490768433,-9.21126270294189,-5.79094982147217,0.7870500087738,0.1214125007391,0.08483749628067,0.21793749928474,0.20542499423027,-0.70001250505447,-4.06505012512207,-4.16473770141602,-1.47647500038147,-2.77928757667542,-2.38012504577637,-0.35158750414848,6.45039987564087,28.6092128753662,23.835075378418,-1.95401251316071,-1.11870002746582,-1.40428745746613,-1.24973750114441,-1.17383754253387,-2.74504995346069,-10.7769746780396,-21.4717254638672,-20.4747123718262,-14.2649374008179,-15.3086996078491,-17.1362133026123,-13.6339502334595,-4.89513731002808,0.88330000638962,3.20595026016235,2.382000207901,4.18695020675659,2.4060001373291,2.0419499874115,2.38394999504089,-17.170051574707,-22.3290004730225,-26.002950668335,-9.89895057678223,0.75105005502701,7.47105026245117,10.6680002212524,3.8689501285553,-0.32400000095367,4.22805023193359,3.69900012016296,6.46500015258789,6.66195011138916,14.9389505386353,8.51805019378662,3.25605010986328,8.82000064849854,-5.81505012512207,-21.4380016326904,-25.6960506439209,-23.8500003814697,-20.4919509887695,-18.4990501403809,-15.586950302124,13.1580009460449,14.3580007553101,16.7580013275146,24.2590503692627,18.5160007476807,8.48099994659424,-5.02605009078979,-0.35595002770424,24.9300003051758,3.43395018577576,-1.46205008029938,-3.03105020523071,-4.73895025253296,1.45605003833771,-2.14305019378662,POUR
1.51923751831055,1.89103746414185,2.1099374294281,1.87192499637604,1.30528748035431,0.45031249523163,-0.28929999470711,-0.33852499723434,0.0283249989152,0.06462500244379,1.02437496185303,0.26510000228882,-2.55942487716675,-4.30512475967407,-2.65663743019104,2.09866237640381,2.21402502059937,1.58757495880127,1.76192498207092,2.32113742828369,2.03885006904602,0.95067501068115,0.37125000357628,0.74841248989105,0.13502499461174,-4.88413763046265,-7.54544973373413,-6.25913763046265,-3.8535749912262,-0.63607501983643,-1.64271247386932,-2.42783737182617,-3.29449987411499,-3.55767488479614,-3.35747504234314,-2.47348737716675,-1.00265002250671,-0.30621248483658,-0.5741999745369,-0.97446250915527,-1.35863745212555,-4.53846263885498,-19.136287689209,-25.2986240386963,-13.5049753189087,5.81100034713745,5.85900020599365,5.25105047225952,4.74300003051758,6.23505020141602,7.1980504989624,6.45795011520386,11.8470001220703,14.4310503005981,14.0070009231567,16.7059516906738,-19.3930511474609,-22.0060501098633,-9.76200008392334,-13.7530508041382,-2.19195008277893,-0.81195002794266,0.00105000007898,0.61200004816055,1.19895005226135,0.60900002717972,1.18395006656647,0.93300002813339,5.41095018386841,7.27995014190674,5.73195028305054,11.4880504608154,11.6100006103516,2.65500020980835,-7.66395044326782,4.33695030212402,5.08695030212402,6.59595012664795,6.83505010604858,9.16605091094971,10.0710000991821,12.5239505767822,17.5960502624512,28.8070507049561,-0.19095000624657,-6.56895017623901,17.5579509735107,8.94300079345703,7.95600032806396,15.6510009765625,POUR
1.27586245536804,2.57193756103516,3.54117488861084,4.34513759613037,5.25057506561279,4.17821264266968,2.1290500164032,-1.02863752841949,-4.47782516479492,-13.1338624954224,-27.7866878509521,-21.6528129577637,-8.06423759460449,-4.5858998298645,-0.80245000123978,1.83768749237061,3.17899990081787,2.67093753814697,2.04393744468689,1.76371252536774,-1.93201243877411,-6.90208768844604,-10.684024810791,-8.07400035858154,2.77681255340576,9.72867488861084,3.11808753013611,1.97683751583099,28.1616497039795,24.2761745452881,-1.58509993553162,-1.58949995040894,-2.56066250801086,-4.82569980621338,-7.35666227340698,-5.53616237640381,-2.68234992027283,-4.50683736801147,-19.7150249481201,-18.8482246398926,-0.00838750042021,-5.61632490158081,-15.8232250213623,-10.0974502563477,-1.89364993572235,6.77700042724609,6.14895009994507,10.3950004577637,3.14805006980896,6.71700048446655,16.0720500946045,5.1340503692627,-23.4670505523682,-30.2610015869141,-9.98295021057129,-5.18595027923584,0.966000020504,7.50195026397705,-1.12395000457764,-5.02800035476685,-4.24395036697388,-0.52500003576279,1.21995007991791,10.6780500411987,12.9529504776001,5.10705041885376,9.13304996490479,16.3930511474609,2.42700004577637,-8.19405078887939,-18.0420017242432,-25.7520008087158,-24.8170509338379,-19.8090000152588,-17.3449516296387,9.26205062866211,8.27505016326904,9.37395000457764,16.4080505371094,7.59900045394897,-0.71505004167557,3.37500023841858,-2.51400017738342,17.4000015258789,10.5640506744385,3.79905009269714,-2.07300019264221,-7.76595020294189,0.07395000010729,2.66595005989075,POUR
0.96662497520447,2.20783758163452,3.42636251449585,3.00616240501404,-2.91678738594055,-9.03044986724854,-7.92233753204346,-5.45407485961914,-3.82208752632141,-6.77558755874634,-27.0653629302979,-28.3461742401123,-11.6692123413086,-7.69931268692017,-4.41897487640381,0.41332501173019,-0.59592497348785,-4.11372518539429,-6.78315019607544,-2.99323749542236,-0.55096250772476,-5.4051251411438,-9.46123790740967,-5.25827503204346,1.88966250419617,1.17218744754791,-2.40790009498596,-0.17366249859333,20.567663192749,28.7127494812012,-1.36826252937317,0.61435002088547,0.07755000144243,-6.61911249160767,-14.8534374237061,-13.7664995193481,-6.32609987258911,-6.20949983596802,-14.1638746261597,-16.5789241790771,2.91541242599487,6.1857123374939,-10.1732120513916,-9.0675745010376,-2.50277495384216,15.8340005874634,8.8840503692627,12.2280006408691,5.93805027008057,6.04395008087158,11.9980506896973,-1.0969500541687,-11.8990507125854,-53.3230514526367,-26.401050567627,-3.05205011367798,1.91505014896393,6.9940505027771,6.45300006866455,0.40605002641678,-7.80795049667358,-4.89795017242432,6.94695043563843,18.5719509124756,21.5950508117676,16.651050567627,9.9859504699707,16.3810501098633,6.88395023345947,-30.1200008392334,-32.7430534362793,-29.8540515899658,-26.8170013427734,-22.1329517364502,-17.2369499206543,3.82500028610229,1.33605003356934,-7.57200050354004,4.25594997406006,18.3460502624512,0.13395000994205,8.33205032348633,4.76895046234131,39.8220024108887,19.207950592041,6.33705043792725,-2.581050157547,-5.72505044937134,2.88795018196106,0.38100001215935,POUR
0.26716250181198,0.89567500352859,1.57038748264313,3.89908742904663,8.17011260986328,10.0032625198364,9.43181228637695,-11.4926624298096,-12.4741373062134,-0.23113749921322,25.7035617828369,28.3105621337891,1.98577499389648,-7.46198749542236,-0.86129999160767,1.28686249256134,2.04366254806519,1.37843751907349,3.01001238822937,6.37477493286133,4.55358743667603,1.82902503013611,-7.68734979629517,-2.11832499504089,3.42265009880066,-8.22153759002686,-12.5694246292114,-4.4705376625061,1.33141243457794,29.2821369171143,-1.60201251506805,-0.86762499809265,0.64707499742508,2.03802490234375,-7.78593730926514,-13.5071744918823,-15.1210126876831,-2.98333740234375,-20.7032375335693,-25.8058624267578,-19.267599105835,-18.7120990753174,-16.2877006530762,-12.2992372512817,-6.92986249923706,11.8300504684448,9.91395092010498,1.37100005149841,0.90900003910065,12.5200510025024,16.678050994873,21.4270515441895,-21.6870002746582,-36.2200508117676,-17.7829513549805,-11.6790008544922,-9.89895057678223,-2.70405006408691,3.82800006866455,3.60600018501282,-8.44500064849854,-8.95005035400391,-3.22605013847351,5.56695032119751,18.7420501708984,18.1579513549805,12.9150009155273,12.7669506072998,15.492000579834,2.72895002365112,-10.1100006103516,-25.6080017089844,-28.5060005187988,-28.1610012054443,-19.4530506134033,2.59395003318787,3.10200023651123,6.42600011825562,8.06400012969971,8.58600044250488,14.5309505462646,14.5710010528564,9.25005054473877,10.9639501571655,8.4330005645752,11.6419506072998,6.72495031356812,-6.6259503364563,-1.67295002937317,0.56505000591278,POUR
-2.87388753890991,-5.83549976348877,-2.79633736610413,-4.18591260910034,-15.0049619674683,-10.7577247619629,-0.26812499761581,12.946174621582,13.8087120056152,-0.85071247816086,-1.45089995861053,1.13863754272461,4.81318759918213,2.00516247749329,-4.36026239395142,-3.76708745956421,-4.90572500228882,-2.31206250190735,5.13246250152588,12.5837249755859,9.3409252166748,5.23132514953613,27.024112701416,28.0324001312256,4.39230012893677,0.49939998984337,0.93981248140335,1.92032504081726,0.598537504673,-2.03472495079041,-9.40293788909912,-12.3708753585815,-14.9051370620728,-12.85817527771,-4.46531248092651,-5.54344987869263,-11.5493125915527,-4.07096242904663,0.42748749256134,-1.64587497711182,0.38046249747276,2.01382493972778,2.40666246414185,2.15338754653931,0.13598750531673,-2.74005007743835,-7.21695041656494,-10.0830001831055,-13.2469511032104,-10.9770002365112,-8.8210506439209,-2.0310001373291,-1.54995012283325,-4.83600044250488,-4.04295015335083,-3.13305020332336,-4.58400011062622,-3.175950050354,-2.94105005264282,-2.45100021362305,8.13899993896484,6.43395042419434,5.22705030441284,-0.51300001144409,-6.43305015563965,-11.8200006484985,-16.94700050354,-19.873950958252,-17.9920501708984,-15.574951171875,-10.1890506744385,-7.60200023651123,-6.98205041885376,-7.33095026016235,-8.16000080108643,5.00100040435791,3.0130500793457,2.55105018615723,4.15799999237061,-0.89700001478195,-5.57205009460449,-3.54105019569397,-6.93000030517578,-12.0550508499146,-4.87995004653931,-0.27000001072884,-0.89700001478195,-3.39495015144348,-3.92700028419495,-3.98895025253296,POUR
0.42473748326302,-0.6015625,-2.8021125793457,-5.97354984283447,-15.9788751602173,-21.7166118621826,-13.3020248413086,-2.69280004501343,11.6377248764038,19.0572242736816,9.42507457733154,0.98931246995926,-0.27486249804497,-0.69368749856949,-0.23828749358654,-0.23526249825954,-0.78567498922348,0.55989998579025,3.78798747062683,8.08555030822754,6.47294998168945,3.20374989509583,4.56018733978271,15.0242128372192,25.4944248199463,14.5429620742798,1.42986249923706,-0.17544999718666,-0.81097501516342,-0.96978747844696,-12.1765871047974,-10.340274810791,-7.64458751678467,-5.91401243209839,-3.84738755226135,0.98051249980927,-1.01598751544952,-6.40557479858398,-3.70919990539551,0.01072499994189,0.08992499858141,0.16981250047684,1.89268743991852,2.53288745880127,2.14733743667603,-6.10305023193359,-5.72205018997192,-5.25300025939941,-9.07005023956299,-10.3180503845215,-15.5800504684448,-7.2330002784729,-10.9960508346558,-4.92900037765503,-7.36695051193237,-8.40000057220459,-7.25700044631958,-6.8449501991272,-6.58005046844482,-6.19395017623901,6.62805032730103,3.10995006561279,-0.48195001482964,-1.53105008602142,-0.38805001974106,-4.56494998931885,-13.1779508590698,-18.5620517730713,-23.2579517364502,-20.4199504852295,-16.0230007171631,-11.5369501113892,-9.33105087280273,-7.25205039978027,-6.25800037384033,6.78000020980835,5.59995031356812,-0.05895000323653,2.15595006942749,2.1889500617981,-6.41805028915405,-1.25400006771088,-6.32895040512085,-0.19995000958443,-0.98595005273819,-5.46195030212402,-0.15000000596046,-1.43400001525879,-1.00005006790161,-1.31400001049042,POUR
0.9285374879837,-3.48026251792908,-0.34031251072884,2.07487487792969,-0.70578747987747,-3.62051248550415,0.73259997367859,5.21138763427734,0.39765000343323,-27.0521621704102,-28.3342132568359,-4.75516223907471,-2.50882506370544,-1.29332494735718,-0.60321247577667,-2.60631251335144,2.59861254692078,6.09124994277954,5.71890020370483,3.06198740005493,-4.46531248092651,-4.59084987640381,2.92751240730286,2.39772510528564,-6.72636222839355,-7.01827478408813,3.69118738174438,15.6294870376587,16.9460506439209,2.76320004463196,-6.27852487564087,-10.1331996917725,-3.6481499671936,0.25231251120567,-3.24609994888306,-15.9517869949341,-22.7511615753174,-14.4035377502441,-10.1898498535156,-3.49305009841919,-4.24242496490479,-9.4678373336792,-2.90949988365173,3.09416246414185,3.83294987678528,9.46605014801025,12.0600004196167,10.0480508804321,3.31800007820129,-5.03205013275146,-36.5890502929688,-40.9600524902344,-51.5839538574219,-24.7669506072998,-8.32500076293945,0.51600003242493,1.10295009613037,-3.24300026893616,-7.60695028305054,-4.35195016860962,8.23500061035156,11.0880002975464,14.9029502868652,18.0910511016846,14.4120006561279,20.7520503997803,8.92305088043213,-14.2939510345459,-48.2310028076172,-43.3720512390137,-31.1910018920898,-22.4920501708984,-14.1979503631592,-9.8700008392334,-10.0110006332397,9.79095077514648,4.71600008010864,11.5729503631592,17.1340503692627,23.2390518188477,1.41795003414154,13.4380502700806,11.6590509414673,8.45400047302246,-7.74000024795532,-8.07299995422363,-6.42000007629395,-6.38895034790039,-1.82205009460449,-2.24805021286011,POUR
1.01584994792938,0.85414999723434,0.03946249932051,1.52116250991821,1.04334998130798,-2.21622490882874,-0.40094998478889,3.97979998588562,-6.14515018463135,-21.182975769043,-13.9251747131348,1.16503751277924,7.54710006713867,3.94514989852905,-2.98512506484985,1.69729995727539,5.07058763504028,4.75089979171753,-2.41477489471436,-5.02988767623901,-0.35144999623299,3.93772506713867,5.94797515869141,11.6179246902466,13.9024877548218,6.0410623550415,8.20132541656494,22.0688877105713,14.0107002258301,-2.99530005455017,-0.48523750901222,-2.89464998245239,-11.9754247665405,-13.4629001617432,-5.8940749168396,-5.26363754272461,-11.8383378982544,-14.2062253952026,-7.89744997024536,-4.27707481384277,-9.48007488250732,-13.4868249893188,-8.05296230316162,-0.34842500090599,2.71686244010925,3.44295024871826,5.5620002746582,17.8510513305664,18.9139499664307,7.64100027084351,-7.88205051422119,-24.4150505065918,-26.1370506286621,-35.9520034790039,-10.2010507583618,-8.95995044708252,-5.56905031204224,-12.1099510192871,-9.52305030822754,-7.75305032730103,-4.921950340271,6.27105045318604,6.98295021057129,6.46005010604858,15.2980508804321,22.1340007781982,15.8850011825562,13.4440507888794,-11.7409505844116,-25.8349514007568,-25.4280014038086,-24.3460502624512,-14.5309505462646,-11.5830001831055,-11.3839502334595,10.0570507049561,6.18195009231567,2.40495014190674,15.5509510040283,9.59400081634521,13.7280006408691,1.69305002689362,6.22905015945435,15.1219511032104,-7.22700023651123,2.53905010223389,-5.73495006561279,-3.19905018806458,-4.51095008850098,-2.03700017929077,POUR
0.85332500934601,0.73273748159409,-0.77783751487732,-1.74666249752045,-1.72961246967316,-3.0329749584198,-5.71999979019165,-9.76896286010742,-4.32698726654053,3.82415008544922,-5.74172496795654,-22.7639503479004,-18.6249256134033,-6.23548746109009,-4.29274988174438,0.69753748178482,-0.1095874980092,-0.15289999544621,-1.39837503433228,-1.38874995708466,0.55797499418259,2.07652497291565,3.5425500869751,10.5892877578735,11.8344869613647,4.46049976348877,-1.56213748455048,-2.69733738899231,8.35614967346191,18.1105365753174,-0.21092499792576,-1.51868748664856,-7.48274993896484,-9.93423748016357,-5.07705020904541,-1.80620002746582,-3.85109996795654,-10.3483877182007,-17.3042373657227,-15.6004753112793,-6.83196258544922,-1.14166247844696,-5.93559980392456,-8.99909973144531,-1.26059997081757,4.08494997024536,8.19705009460449,17.8009510040283,20.9449501037598,22.1479511260986,11.4300003051758,2.17095017433167,-12.5100002288818,-56.7580528259277,-38.6560516357422,-25.0260009765625,-1.6030501127243,3.62895011901855,0.43905001878738,-10.4400005340576,-1.63800013065338,2.09895014762878,1.90500009059906,4.31505012512207,3.91200017929077,4.16805028915405,5.03505039215088,10.5130500793457,25.7860507965088,-24.0100517272949,-58.7119522094727,-42.4639511108398,-25.617000579834,-20.146951675415,-10.6890001296997,0.7620000243187,4.2199501991272,6.05205011367798,5.92800045013428,12.3820505142212,13.4479503631592,12.5670003890991,12.9859504699707,27.0469512939453,28.9560012817383,-2.26005005836487,-4.51395034790039,-6.89700031280518,-16.7430000305176,-2.08695006370544,POUR
-3.11066246032715,-2.30037498474121,1.91881251335144,0.38197499513626,-1.85088753700256,-3.06501245498657,-7.02941226959229,-1.24409997463226,4.40219974517822,-11.5753002166748,-22.1732501983643,-10.7666625976563,-0.25946250557899,-0.7566624879837,-1.63556253910065,7.72062492370605,7.00782489776611,-1.37802493572235,0.2606999874115,2.30628752708435,2.61126255989075,2.22653746604919,9.20479965209961,10.3884000778198,4.91617488861084,0.9648374915123,1.05338752269745,13.6860628128052,14.797887802124,3.68967509269714,-14.9939622879028,-15.845362663269,1.5916999578476,3.78798747062683,-1.36592495441437,-4.00317478179932,-15.4180126190186,-24.0692367553711,-15.429425239563,-6.03487491607666,-7.97211265563965,-12.0828123092651,-7.96358728408813,-0.36739999055862,3.32543754577637,16.1340007781982,19.2070503234863,18.3559513092041,12.8839502334595,11.8470001220703,1.72500002384186,-36.7570533752441,-50.7169532775879,-56.3029518127441,-5.44905042648315,-0.51105004549026,3.37605023384094,-7.71000051498413,-2.40705013275146,-0.75495004653931,-0.07695000618696,1.77105009555817,3.1189501285553,4.41795015335083,2.05800008773804,4.52100038528442,24.6649513244629,12.9580507278442,-40.2460517883301,-46.1880035400391,-29.1330013275146,-21.5890502929688,-14.6290502548218,-14.6530504226685,-15.3000011444092,9.90795040130615,5.889000415802,16.348051071167,17.2470016479492,11.0340003967285,9.65205001831055,29.0760021209717,6.64605045318604,8.03295040130615,-8.10599994659424,4.05194997787476,-7.66995048522949,-8.39100074768066,0.11295000463724,-0.24300001561642,POUR
-2.19862508773804,-0.41909998655319,1.41295003890991,1.78653752803802,1.5251499414444,3.48053741455078,5.47030019760132,3.79348754882813,-8.24078750610352,-25.6266994476318,-22.2927379608154,-7.04769992828369,-3.78014993667603,-1.86326253414154,0.23787499964237,2.34960007667542,5.41158723831177,3.7291374206543,-1.8990124464035,-5.9386248588562,-7.2766375541687,-5.11403751373291,-2.92159986495972,-1.43618750572205,-4.51701259613037,-5.2555251121521,3.68018746376038,16.975887298584,15.3642501831055,2.3975875377655,-6.02951240539551,-1.01392495632172,0.21285000443459,-5.18512487411499,-11.6715497970581,-11.3162498474121,-9.12174987792969,-8.81814956665039,-7.24074983596802,-1.52556252479553,-4.36383724212646,-10.0776500701904,-4.21891260147095,1.99979996681213,2.57193756103516,8.57505035400391,5.1670503616333,-1.29405009746552,-14.7030010223389,-15.7090511322021,-9.73905086517334,-27.2800521850586,-37.159049987793,-20.871000289917,-4.63005018234253,-0.18495000898838,1.32795011997223,-4.5799503326416,-2.86695003509521,-3.3030002117157,12.0100507736206,14.8429508209229,17.8219509124756,25.606050491333,13.9350004196167,4.12995004653931,12.5010004043579,-6.10500049591064,-30.7330513000488,-34.816951751709,-25.9260005950928,-25.0399513244629,-18.877950668335,-14.26305103302,-11.9629507064819,6.37305021286011,6.08295011520386,9.10605049133301,3.36495018005371,12.7699508666992,-2.25705003738403,3.64305019378662,11.3790006637573,17.3950500488281,-9.19305038452148,-6.82500028610229,-8.75505065917969,-5.38800048828125,-4.56105041503906,0.91305005550385,POUR
-1.25881254673004,-0.80437499284744,-0.28132501244545,-0.63414996862411,-1.558149933815,-3.49676251411438,-3.54076242446899,2.10636258125305,5.94591236114502,2.91183757781982,-20.6483745574951,-24.9470367431641,-4.56733751296997,-0.23292499780655,-0.42707499861717,-0.33371248841286,-0.38651248812675,-0.98862498998642,-1.69675004482269,-1.30927503108978,-0.41662499308586,-1.47399997711182,1.66058754920959,6.93041229248047,5.73801231384277,-4.59662485122681,-9.03870010375977,-2.20591259002686,9.07940006256104,18.0108489990234,-0.25863748788834,0.70647501945496,-0.25946250557899,-2.87938737869263,-4.04786252975464,-6.73584985733032,-15.5458869934082,-19.0899505615234,-13.127537727356,-8.12941265106201,-6.82976245880127,-8.20998764038086,-9.68756198883057,-7.85881233215332,-3.47283744812012,7.23600053787231,8.92695045471191,11.3170509338379,12.9630002975464,5.15505027770996,-24.2860507965088,-23.8519515991211,-33.4230003356934,-42.7080001831055,-22.9230003356934,-16.3579502105713,-4.30395030975342,4.85595035552979,-0.77595001459122,-5.02305030822754,5.36400032043457,7.31595039367676,13.582950592041,20.1960010528564,16.7089500427246,16.1440505981445,4.31895017623901,7.18395042419434,-3.50895023345947,-25.4260520935059,-33.9690017700195,-34.957950592041,-25.945951461792,-20.5950012207031,-15.4459505081177,6.639000415802,6.61305046081543,10.0540504455566,15.1099510192871,25.9000511169434,22.2640514373779,1.38900005817413,-3.5269501209259,5.23095035552979,7.05105018615723,3.48000025749207,-0.28605002164841,-3.81195020675659,-3.48900008201599,-4.40595006942749,POUR
0.85841250419617,1.77814996242523,-0.51534998416901,-2.28250002861023,0.06379999965429,-0.6766374707222,-3.84147500991821,-2.82906246185303,4.80892515182495,8.15416240692139,-2.92641258239746,-20.8118629455566,-16.0940990447998,-1.29868745803833,-1.42229998111725,-0.54133749008179,-0.63346248865128,-0.57158750295639,0.5157625079155,1.97436249256134,4.77743768692017,4.74416255950928,0.17888750135899,3.97622489929199,7.20994997024536,3.01812505722046,-6.19121265411377,-8.67143726348877,1.10164999961853,12.8386497497559,-0.54106247425079,0.38609999418259,-6.94828748703003,-14.5135374069214,-8.39025020599365,-1.87000000476837,-6.92917490005493,-19.3249378204346,-21.5270004272461,-12.89488697052,-9.86260032653809,-13.0156126022339,-13.785062789917,-8.28684997558594,-3.73106241226196,2.83395004272461,3.59400010108948,14.9560508728027,19.5870018005371,7.09995031356812,3.78795027732849,-8.97705078125,-36.2920532226563,-48.7699508666992,-23.3520011901855,-12.1720504760742,-6.53400039672852,4.56599998474121,0.54495000839233,1.08795011043549,-6.76395034790039,7.34400033950806,4.125,7.78500032424927,11.7970504760742,10.4670009613037,10.6780500411987,19.3339500427246,7.59795045852661,-27.6960010528564,-30.295051574707,-29.4330005645752,-25.1650505065918,-19.7280006408691,-18.8280010223389,4.40700006484985,-2.42295002937317,4.43805027008057,10.2220506668091,14.2500009536743,18.1660499572754,12.4609508514404,8.02095031738281,-16.2730503082275,10.4449501037598,5.81295013427734,1.95900011062622,-7.84305047988892,-0.16200000047684,-4.77195024490356,POUR
-2.86494994163513,-1.28301250934601,1.2557874917984,-0.29205000400543,-1.14716243743896,-0.45622500777245,1.85088753700256,1.29552495479584,-1.55320000648499,-1.56722497940063,1.73071253299713,7.34992504119873,18.8090381622314,37.6567115783691,29.2459754943848,2.67135000228882,1.13574993610382,0.65009999275208,1.61301243305206,1.95002496242523,1.26829993724823,-0.29067498445511,-1.58317494392395,-1.81582498550415,-0.99948751926422,0.81400001049042,3.89826250076294,4.70153760910034,-1.41776251792908,-5.91566228866577,-8.58467483520508,-11.6170997619629,1.25812494754791,5.94591236114502,-0.02351249940693,-4.41416263580322,-2.26283740997314,-0.52662497758865,-7.25285005569458,-8.25481224060059,-9.72771263122559,-12.66100025177,-8.31091213226318,8.13876247406006,7.19633722305298,2.956050157547,11.3580007553101,4.68105030059814,2.89200019836426,5.43300008773804,9.38205051422119,7.30605030059814,6.99900054931641,-1.27500009536743,-17.4360008239746,-10.0830001831055,-17.484001159668,-8.76600074768066,-17.4889507293701,-5.57100009918213,5.7679500579834,2.61900019645691,4.36995029449463,7.12905025482178,4.57305002212524,5.67300033569336,14.4259510040283,22.3060512542725,22.7970008850098,11.1690006256104,-0.66405004262924,4.26405000686646,-5.65500020980835,-4.44795036315918,-18.6910514831543,3.82005023956299,4.68705034255981,9.29295063018799,9.41700077056885,5.42505025863647,6.30900049209595,11.2090501785278,16.3560009002686,21.3250503540039,1.07504999637604,-9.80895042419434,-8.04900074005127,-0.47295001149178,1.92600011825562,9.71700000762939,POUR
0.05101250112057,0.76133751869202,1.41267502307892,1.4025000333786,1.46918749809265,0.5543999671936,-2.85147500038147,-4.22949981689453,-0.69987499713898,2.88859987258911,-1.46286249160767,-25.9287872314453,-23.6037998199463,0.32284998893738,3.46747493743896,-0.30689999461174,0.89608746767044,1.66594994068146,1.32591247558594,1.12516248226166,0.79543751478195,0.73108750581741,1.20477497577667,3.03104996681213,6.97949981689453,9.45697498321533,3.76557493209839,-0.01333750039339,3.02128744125366,-1.71077501773834,-0.73617500066757,0.31693750619888,0.45539999008179,-5.78380012512207,-15.0314998626709,-14.0001125335693,-7.6070499420166,-6.84557485580444,-11.2033624649048,-15.1740875244141,-12.1149873733521,-9.70873737335205,-8.92691230773926,-7.22438764572144,-11.2117500305176,7.96695041656494,6.74505043029785,4.68300008773804,11.2980003356934,12.5580005645752,8.78400039672852,0.18495000898838,-14.157000541687,-37.4680519104004,-24.8749504089355,-23.7730503082275,-22.0729503631592,3.1840500831604,4.70205020904541,7.06605052947998,-9.13005065917969,-7.05600023269653,1.44300007820129,10.7260503768921,11.6340007781982,17.3239517211914,16.3110008239746,7.99995040893555,9.2629508972168,-14.2960510253906,-12.6340503692627,-15.4650011062622,-17.7469501495361,-17.1750011444092,-19.8090000152588,6.16200017929077,3.94695019721985,3.55200028419495,8.23905086517334,13.4269504547119,20.0820007324219,26.1460514068604,13.7040004730225,-3.50805020332336,9.46995067596436,-17.7630004882813,-12.6420001983643,2.8090500831604,0.6280500292778,-7.26300048828125,POUR
1.31931245326996,2.31412506103516,3.93827486038208,2.94112491607666,-1.92816245555878,-4.76643753051758,-6.48766231536865,-5.35493755340576,1.63803744316101,4.94353723526001,-13.2980375289917,-21.7332496643066,-6.38398742675781,1.72122502326965,-1.2175624370575,-0.51919996738434,-2.3590874671936,-2.73033738136292,-5.79232501983643,-7.11177492141724,-2.42192506790161,-0.70028752088547,-1.99457502365112,2.22062492370605,7.43792486190796,1.23860001564026,-5.55994987487793,-3.27084994316101,0.26482498645782,23.4818382263184,-1.05668747425079,0.96689999103546,1.91496253013611,-14.8014621734619,-23.2167377471924,-9.20658779144287,-1.11705005168915,-8.09737491607666,-15.9806623458862,-13.9495124816895,-9.93079948425293,-8.48801231384277,-10.1545124053955,-10.2539253234863,-12.0241003036499,12.1290006637573,8.81205081939697,-4.29195022583008,4.55205011367798,4.26405000686646,-2.14200019836426,-5.21895027160645,-28.2859516143799,-39.0610504150391,-24.8700008392334,-14.2819509506226,-10.0260000228882,12.9720010757446,4.68105030059814,7.86900043487549,-8.33700084686279,-6.32295036315918,13.8060007095337,23.568000793457,22.5960006713867,17.3460006713867,7.44705057144165,9.4350004196167,0.09195000678301,-23.2080001831055,-23.0880012512207,-23.0190010070801,-25.2649517059326,-22.8130512237549,-24.178050994873,7.75005054473877,5.06100034713745,-3.96795010566711,0.87405002117157,21.832950592041,21.6889514923096,13.7830505371094,0.20595000684261,-2.36295008659363,4.68195009231567,3.34305024147034,2.68200016021729,-0.25500002503395,8.08995056152344,-15.0349502563477,POUR
-0.08538749814034,-0.63305002450943,-0.69423747062683,0.28270000219345,0.38664999604225,-0.16032500565052,-0.77261251211166,0.08304999768734,4.96333742141724,7.18451261520386,3.88451242446899,-2.05658745765686,0.690249979496,4.21506261825562,-2.68248748779297,0.30043751001358,0.68351250886917,-0.11384999752045,-1.18731248378754,-1.31491243839264,-0.5906999707222,-0.37303748726845,0.05004999786615,2.86247491836548,5.97781229019165,5.22417497634888,1.6524749994278,-0.1342000067234,2.245924949646,27.5958366394043,-3.08990001678467,-4.16790008544922,-3.54708743095398,-1.78323745727539,-1.51992499828339,-2.47816252708435,-3.54213738441467,-6.11352491378784,-13.3458871841431,-17.5649375915527,-14.4057378768921,-10.6481370925903,-9.55185031890869,-10.439962387085,-11.9550752639771,5.08305025100708,5.03295040130615,4.94895029067993,8.57295036315918,12.0409507751465,7.97895050048828,0.51794999837875,-20.7049503326416,-30.2260513305664,-18.3970508575439,-19.090950012207,4.25205039978027,7.00395011901855,13.8919506072998,12.6060009002686,3.87405014038086,4.51605033874512,5.2219500541687,7.21695041656494,17.0970001220703,17.0460014343262,13.1980504989624,18.1650009155273,-7.75305032730103,-12.9450006484985,-19.3300514221191,-26.8600521087646,-23.9670009613037,-21.0139503479004,-18.9400501251221,8.20499992370605,5.18805027008057,6.45195007324219,9.10605049133301,15.631950378418,21.4759502410889,6.75195026397705,-2.59995007514954,-6.00795030593872,-2.7199501991272,-14.9130010604858,9.60195064544678,1.45395004749298,-3.53895020484924,-2.05605006217957,POUR
0.25561249256134,-1.05462503433228,-3.38800001144409,-3.87282490730286,-1.45626246929169,2.02908754348755,10.4614124298096,12.409649848938,12.2538623809814,-27.0755367279053,-3.73972487449646,1.14743745326996,-5.64987516403198,-6.36638736724854,-0.64226251840591,-0.83957499265671,-0.56306248903275,-0.78031247854233,-0.64707499742508,-1.07153749465942,-1.43770003318787,1.34763753414154,2.04861259460449,1.95208752155304,-10.6965370178223,-3.16552495956421,0.79653751850128,26.1566257476807,23.1714992523193,-3.97265005111694,-2.24180006980896,-1.71434998512268,-0.3272500038147,-0.84947496652603,-2.10471248626709,-4.87836265563965,-12.6637496948242,-15.5249872207642,-16.528600692749,-13.634087562561,-9.52462482452393,-8.03921222686768,-9.40816211700439,-6.97661256790161,-2.28676247596741,3.50505018234253,6.86505031585693,10.6680002212524,11.7649507522583,5.55300045013428,-14.1139507293701,-27.4740009307861,-34.5960006713867,-32.8889999389648,-4.35495042800903,7.27005052566528,14.6200504302979,11.9230508804321,8.37900066375732,4.63995027542114,4.6690502166748,2.6050500869751,3.67005014419556,6.95100021362305,8.39805030822754,21.2860507965088,16.2469501495361,3.22695016860962,-14.4060010910034,-21.5389518737793,-21.0409507751465,-18.8159999847412,-17.2369499206543,-14.8660507202148,-13.6930503845215,9.14205074310303,13.6470003128052,28.9530010223389,20.1180000305176,2.11005020141602,-2.42805004119873,2.80695009231567,1.24995005130768,-3.76395010948181,-0.06105000153184,1.97400009632111,3.3030002117157,-6.01800012588501,-5.50500011444092,-1.82895004749298,POUR
-0.2714250087738,-0.71142500638962,-0.54381251335144,0.58671247959137,-2.43196249008179,-3.69352507591248,-0.14630000293255,4.38803768157959,7.73368740081787,3.47503757476807,-16.2394371032715,-25.4196243286133,-9.01023769378662,0.66247498989105,-5.22582483291626,0.99027496576309,0.51672500371933,-1.12722504138947,-3.98860001564026,-1.86078751087189,1.2138500213623,0.50104999542236,2.88557505607605,4.86227512359619,2.94937491416931,-3.73601245880127,-10.5466623306274,-6.43678760528564,5.32523727416992,25.1237239837646,-1.08377504348755,-1.31106245517731,-2.09701251983643,-4.04827499389648,-10.70973777771,-13.2081127166748,-10.2779874801636,-11.0965251922607,-12.6663627624512,-13.599437713623,-13.596137046814,-12.5863370895386,-10.6529502868652,-10.1675748825073,-7.76696252822876,5.68695020675659,7.55700016021729,11.4990005493164,10.3090505599976,5.40405035018921,-3.175950050354,-9.62805080413818,-24.7390518188477,-37.068000793457,-18.7630500793457,-12.7800006866455,-1.41795003414154,9.26700019836426,10.1340007781982,7.08795022964478,-1.95900011062622,-1.26705002784729,1.13205003738403,16.3399505615234,15.4200010299683,10.9489507675171,12.7159509658813,12.9460506439209,-9.03705024719238,-24.6859512329102,-21.4549503326416,-21.892951965332,-23.5429515838623,-20.695951461792,-19.242000579834,7.46100044250488,3.83205008506775,7.16595029830933,14.1450004577637,21.2059516906738,7.81695032119751,2.3929500579834,-2.77995014190674,3.50400018692017,-8.77695083618164,4.83795022964478,0.2710500061512,0.23505000770092,-4.56105041503906,-5.17005014419556,POUR
0.80891251564026,0.93871247768402,0.78595000505447,-0.01154999993742,0.17627499997616,3.13761258125305,8.54617500305176,3.6614875793457,-5.10344982147217,-5.46576261520386,-2.56905007362366,3.01592493057251,15.2466878890991,26.8351879119873,29.1445007324219,0.15895000100136,0.43491250276566,1.32274997234344,0.7374125123024,-0.7068874835968,1.54027497768402,5.52942514419556,1.60462498664856,-2.5590124130249,-1.68602502346039,0.67347496747971,3.06143736839294,7.89098739624023,5.55843734741211,-0.34251248836517,-1.56282496452332,-1.48362493515015,-0.521399974823,1.1255749464035,1.99265003204346,-7.3434624671936,-19.1023254394531,-11.5652627944946,-0.85992497205734,-0.23608750104904,-2.46180009841919,-6.62158727645874,-11.7712373733521,-9.77542495727539,-3.41371250152588,7.70100021362305,7.72695016860962,4.91295003890991,0.89205002784729,1.60800004005432,-1.97895014286041,-0.13695000112057,4.56795024871826,5.08605003356934,-9.33600044250488,-3.61905026435852,-17.4150009155273,-27.9960021972656,-25.2130508422852,-9.65700054168701,-5.29305028915405,-6.67800045013428,-7.83705043792725,-0.78795003890991,3.06900024414063,5.7180004119873,6.36495018005371,4.42694997787476,-2.47905015945435,4.94700002670288,9.31305027008057,11.4250507354736,0.67200005054474,-14.0850009918213,-25.2769508361816,10.9429502487183,11.1730508804321,7.47195053100586,0.43605002760887,0.807000041008,7.36005020141602,11.2999505996704,19.594051361084,35.4700508117676,29.8009510040283,-2.6380500793457,1.63605010509491,-17.473051071167,-4.70295000076294,4.32795000076294,POUR
-0.53130000829697,0.89375001192093,5.0498251914978,11.2969999313354,12.6145248413086,10.3152503967285,31.7200126647949,34.6192016601563,7.97018766403198,6.5107626914978,12.1358871459961,6.21266269683838,0.87051248550415,1.50425004959106,1.57066249847412,0.31130000948906,-0.52978748083115,0.76945000886917,5.3637375831604,4.76684999465942,2.20783758163452,6.96863746643066,7.98132514953613,1.6768125295639,-19.1793251037598,-33.794750213623,-17.1892871856689,-4.19842481613159,-1.89145004749298,-1.07497501373291,-3.01496243476868,-3.34482502937317,-7.24405002593994,-13.4879245758057,-13.5212001800537,-10.4208498001099,-3.86870002746582,-4.37566232681274,-12.9549751281738,-12.1875877380371,-6.87995004653931,-3.48933744430542,-0.47107499837875,1.96033751964569,3.20278739929199,5.16495037078857,-0.68505001068115,-18.0250511169434,-22.0249519348145,-19.9720516204834,-20.8540515899658,-6.16995048522949,7.75395059585571,18.5410499572754,13.8970508575439,13.3170003890991,6.74100017547607,2.84400010108948,2.59200000762939,2.70495009422302,4.50900030136108,10.9969501495361,9.26505088806152,7.78695058822632,-8.86395072937012,-10.1410503387451,-20.7270011901855,-25.5619506835938,-21.1390514373779,-17.5750503540039,-16.8880500793457,-12.1429510116577,-10.5409507751465,-9.63495063781738,-8.2369499206543,5.59995031356812,5.88195037841797,10.5139503479004,-10.0150508880615,2.8090500831604,-8.67600059509277,4.51200008392334,1.31295001506805,1.1539500951767,-7.63395023345947,-4.6210503578186,-2.29305005073547,-2.67195010185242,-0.72495001554489,-1.71600008010864,POUR
0.13392500579357,-0.52978748083115,0.17641249299049,0.40163749456406,0.00673749996349,1.09518754482269,2.45148754119873,1.38916254043579,0.03011249937117,0.07479999959469,2.05727505683899,0.44123750925064,-11.4237747192383,-18.3090877532959,-11.1432752609253,0.66921252012253,0.75239998102188,0.25808748602867,-0.19855000078678,-0.03478749841452,0.68255001306534,1.56818747520447,1.22870004177094,0.41951251029968,0.25080001354218,1.46808743476868,3.99629998207092,4.02311229705811,-5.68741226196289,-8.03728771209717,-2.78258752822876,-3.54653739929199,-4.35104990005493,-4.37882518768311,-6.11723756790161,-7.31032514572144,-5.72618770599365,-4.20296239852905,-2.08353757858276,-3.69146251678467,-7.91353750228882,-11.8743619918823,-11.1799879074097,-8.66786289215088,-7.66947507858276,3.00195002555847,2.67600011825562,2.26200008392334,-0.19905000925064,-2.27595019340515,-5.97105026245117,-11.6550006866455,-10.5739507675171,-22.0180511474609,-20.8350009918213,-28.2109508514404,-15.9580507278442,-21.0499515533447,-5.40405035018921,6.93900012969971,4.0969500541687,3.07200002670288,4.64700031280518,4.06305027008057,7.15305042266846,12.7999505996704,17.3460006713867,17.0509510040283,14.0719509124756,0.6810000538826,-10.3110008239746,-26.439001083374,-11.2660503387451,-18.5620517730713,-25.324951171875,7.88895034790039,4.61805009841919,6.00405025482178,5.99505043029785,7.82205057144165,11.3359508514404,18.8110504150391,19.359001159668,26.0820007324219,4.0090503692627,5.43000030517578,-14.6400003433228,-3.25095009803772,9.98205089569092,-7.01595020294189,POUR
0.71073746681213,0.99137496948242,0.98312497138977,-0.14987500011921,-0.88494998216629,-1.05379998683929,-0.63291251659393,-1.40277504920959,-1.65027499198914,-0.64748752117157,3.9667375087738,6.97784996032715,10.7346248626709,10.1036376953125,12.0294628143311,1.68588745594025,1.17383754253387,0.6650875210762,0.47286251187325,0.58327502012253,0.18713749945164,-0.10848750174046,0.78512501716614,0.684475004673,-0.2381500005722,-0.6516125202179,-0.97996246814728,2.80334997177124,2.73515009880066,4.64131259918213,-3.46816253662109,-4.45871257781982,-4.94642496109009,-4.31612491607666,-3.23853754997253,-1.79863750934601,-0.82871252298355,-1.26912498474121,-1.2392874956131,-1.31064999103546,-2.7251124382019,-6.31290006637573,-8.85568714141846,-13.4208250045776,-12.8804502487183,4.64505004882813,2.93505024909973,2.62605023384094,2.7529501914978,1.95795011520386,2.46105003356934,2.57805013656616,1.80900013446808,6.05100011825562,0.2569500207901,-2.32605004310608,-11.2519502639771,-11.8219509124756,-17.053050994873,-9.01995086669922,3.06405019760132,3.83295011520386,3.71295022964478,3.29400014877319,3.36600017547607,3.507000207901,2.38905000686646,6.02700042724609,1.3660501241684,20.1670513153076,14.776050567627,1.8550500869751,1.30395007133484,-5.31195020675659,-10.135950088501,8.11200046539307,8.56500053405762,8.92905044555664,10.1239500045776,8.30100059509277,8.08800029754639,13.6249504089355,21.775951385498,32.8240509033203,1.8229501247406,15.223051071167,-8.64000034332275,-4.06305027008057,-2.80605006217957,-6.76500034332275,POUR
-0.06998749822378,-0.06544999778271,-0.21051250398159,-0.3616249859333,-0.94379997253418,-1.14674997329712,-1.90575003623962,-3.79527497291565,5.22101259231567,19.730562210083,15.4999628067017,3.36586236953735,-0.92785000801086,17.4710254669189,21.4117755889893,1.65426254272461,1.74803745746613,1.40401244163513,1.77856254577637,1.84126245975494,3.01633739471436,4.85209989547729,6.32967519760132,10.1791248321533,9.61578750610352,0.61792498826981,-4.02269983291626,2.52752494812012,21.1529998779297,19.3594493865967,-2.29611253738403,-1.75656247138977,-1.47551250457764,-1.66278743743896,-1.63886249065399,-2.44131255149841,-3.60249996185303,-4.89568758010864,-6.370924949646,-6.32665014266968,-4.12458753585815,-7.41303730010986,-14.541862487793,-8.16213703155518,-1.42807495594025,6.80505037307739,6.38400030136108,5.75400018692017,6.04395008087158,7.01805019378662,6.68505048751831,3.20595026016235,-13.5709505081177,-18.1789512634277,-20.4780006408691,-16.9980010986328,-10.0450506210327,-13.7550010681152,-4.6279501914978,2.47005009651184,-1.9980001449585,-2.53395009040833,-1.67205011844635,-2.72295022010803,-0.82395005226135,-2.95800018310547,-20.6530513763428,18.469051361084,29.5459518432617,12.4980001449585,-7.03005027770996,-14.2099504470825,-14.8930511474609,-14.2720508575439,-16.0950012207031,8.22495079040527,5.37195014953613,7.91100025177002,7.75995016098022,13.5199508666992,24.0390014648438,20.53005027771,-2.56605005264282,4.71600008010864,14.1760511398315,-3.1600501537323,-0.58605003356934,-7.82805013656616,0.03600000217557,6.72000026702881,POUR
0.08291249722242,0.27678748965263,0.80272501707077,0.16871249675751,-0.5350124835968,-1.38682496547699,-1.34035003185272,-0.15565000474453,2.94140005111694,4.59786224365234,2.59380006790161,0.75886249542236,1.66732501983643,11.3847246170044,32.1113357543945,0.23223750293255,1.3330625295639,3.87942504882813,3.83570003509521,3.51463747024536,3.23070001602173,3.59590005874634,3.66176247596741,4.03878736495972,2.4149124622345,0.91299998760223,1.77086246013641,11.7162370681763,17.7603244781494,16.0837879180908,-1.94947493076324,-2.37325000762939,-3.74783754348755,-3.29491257667542,-2.42976260185242,-2.1293249130249,-2.48517489433289,-3.74962496757507,-4.28752517700195,-3.65310001373291,-3.87695002555847,-8.52458763122559,-13.8466625213623,-10.0199003219604,2.21402502059937,7.34400033950806,5.52195024490356,6.6540002822876,4.875,5.33700037002563,3.62895011901855,4.47000026702881,-0.47895002365112,9.21495056152344,-6.46005010604858,-5.72205018997192,-18.7939510345459,-16.2600002288818,-13.6399507522583,-9.74295043945313,-3.42795014381409,-1.06800007820129,-2.67300009727478,-2.39805006980896,-2.70705008506775,-4.35195016860962,-1.12800002098084,4.28595018386841,14.098051071167,4.47495031356812,3.67005014419556,-3.84705018997192,-4.9699501991272,-8.40405082702637,-11.1469507217407,4.74195003509521,5.63295030593872,7.20900011062622,7.55205059051514,9.62595081329346,10.1140508651733,19.8360004425049,22.9849510192871,32.4619522094727,16.4350509643555,11.002950668335,-6.46095037460327,-7.2940502166748,-6.83895015716553,-2.38394999504089,POUR
0.17861250042915,2.34313750267029,6.67287492752075,12.6937246322632,12.0698871612549,6.86317491531372,1.66773748397827,-2.74903750419617,1.60957503318787,4.46462488174438,-10.3668127059937,-12.9262371063232,-0.48262500762939,0.79530000686646,0.8068500161171,4.14204978942871,4.21904993057251,4.43231248855591,4.95027494430542,2.68207502365112,1.68478751182556,1.89832496643066,-0.05238749831915,0.66096252202988,1.61039996147156,19.3408870697021,18.0625495910645,-4.73838758468628,-7.74881267547607,-3.79211258888245,-5.07746267318726,-5.5827751159668,-6.5815749168396,-7.11782503128052,-7.92880010604858,-10.1985120773315,-12.3393878936768,-9.91416263580322,-8.96046257019043,-12.9628124237061,-15.3582000732422,-9.0488748550415,1.23516249656677,3.9751250743866,2.00612497329712,-6.65100049972534,-6.77100038528442,-15.8700008392334,-19.9219512939453,-17.7040500640869,-12.8620510101318,-13.0939502716064,-0.72795003652573,18.6130504608154,18.35205078125,11.7679510116577,2.99700021743774,2.6140501499176,5.26500034332275,5.94300031661987,7.57200050354004,13.5859508514404,15.44700050354,4.65705013275146,-8.43105030059814,-12.2410507202148,-17.6059513092041,-22.2550506591797,-18.5740509033203,-14.7750005722046,-15.7260007858276,-13.5109510421753,-11.1180009841919,-8.88105010986328,-10.4740505218506,18.5899505615234,9.0169506072998,-3.79500007629395,5.82000017166138,-4.57800006866455,-3.550950050354,-4.32705020904541,3.882000207901,4.00005006790161,5.82495021820068,-4.10400009155273,-2.34600019454956,-3.22995018959045,-0.43695002794266,1.38900005817413,POUR
-1.00127494335175,-1.00567495822906,-0.53927499055862,-0.62727499008179,-0.65202498435974,-0.21353749930859,-0.03602499887347,-1.30886244773865,-1.24327504634857,-0.9952250123024,0.80836248397827,5.61027479171753,10.3658494949341,10.6966753005981,-4.66757488250732,-0.30676248669624,-0.78649997711182,0.81620001792908,1.41886246204376,1.03345000743866,0.03244999796152,0.8153749704361,5.98028755187988,12.9052000045776,10.9362001419067,7.550950050354,8.66428756713867,9.35288715362549,9.22817516326904,1.31312501430511,-2.05865001678467,-1.89791250228882,-1.80413746833801,-2.24221253395081,-2.19807505607605,-1.58111250400543,-0.92771250009537,-2.78478741645813,-8.7553129196167,-8.57752513885498,-6.2213249206543,-10.3459119796753,-11.892237663269,-10.1036376953125,-10.2564001083374,7.7509503364563,7.74600028991699,9.25500011444092,8.62305068969727,9.39900016784668,5.43795013427734,7.39005041122437,2.17305016517639,5.19795036315918,-15.2539510726929,-26.8840503692627,-24.480001449585,-16.7370014190674,-22.4179515838623,-8.40000057220459,-7.00995016098022,-6.25605010986328,-5.39100027084351,-4.47405004501343,-5.31195020675659,-2.58705019950867,-3.53805017471313,2.53305006027222,-2.32305002212524,-1.0639500617981,13.8439502716064,-1.53105008602142,-11.9320507049561,-17.4769515991211,-21.7849502563477,0.92205005884171,2.97900009155273,2.206050157547,1.80105006694794,2.09595012664795,1.53495001792908,6.11205005645752,20.0940017700195,32.9790000915527,29.0920505523682,11.5420503616333,3.86295008659363,-4.73400020599365,-4.0489501953125,2.57205009460449,POUR
0.29713749885559,0.37138751149178,0.26730000972748,0.16472500562668,0.23649999499321,0.07191249728203,-0.89485001564026,-2.39937496185303,-2.47197508811951,-2.1956000328064,-0.68860000371933,1.76027500629425,23.4199619293213,31.5228366851807,26.6112003326416,1.67887496948242,1.91427493095398,1.75023746490479,1.52143752574921,0.84507501125336,1.37183749675751,2.25362491607666,3.8509624004364,6.52121257781982,6.56493759155273,7.1136999130249,13.2477121353149,23.5806999206543,16.1129379272461,7.94364976882935,-1.56694996356964,-1.6990875005722,-1.74253749847412,-1.83548748493195,-2.47994995117188,-4.19154977798462,-4.86749982833862,-6.00269985198975,-8.21328735351563,-8.51138782501221,-9.50688743591309,-9.87758731842041,0.51974999904633,6.14226245880127,2.9383749961853,6.77700042724609,7.45695018768311,5.2819504737854,6.28995037078857,3.89295029640198,8.72805023193359,3.49305009841919,1.42800009250641,-1.54500007629395,-24.1950016021729,-6.07905006408691,-21.6199512481689,-21.646951675415,-2.46495008468628,5.8690505027771,-4.68495035171509,-4.57695007324219,-2.38800001144409,-1.82805013656616,-0.05505000427365,-1.32495009899139,-0.10305000841618,2.65695023536682,-5.34795045852661,-4.48605012893677,-2.32800006866455,0.96900004148483,-11.5470008850098,-16.969051361084,-15.6520509719849,7.09605026245117,6.31800031661987,7.30005025863647,4.31100034713745,7.12800025939941,9.22995090484619,10.7230501174927,29.064001083374,50.1709518432617,9.88395023345947,-11.428050994873,-19.7440509796143,7.81695032119751,-9.16005039215088,12.6510009765625,POUR
-1.70114994049072,-2.51955008506775,-0.66852498054504,1.34158754348755,1.52666246891022,0.07438749819994,0.00481249997392,3.04383754730225,9.49781227111816,12.6251125335693,13.2981748580933,25.4009246826172,19.6575508117676,4.26841259002686,-12.1793375015259,3.31924986839294,6.42234992980957,8.48773765563965,6.19973754882813,1.37101244926453,0.29273748397827,-0.17063750326633,1.82159996032715,9.02907466888428,12.9398498535156,9.44418716430664,15.0330123901367,11.7324628829956,0.38527500629425,18.4911365509033,-2.97495007514954,-7.07616233825684,-10.7107000350952,-7.7464747428894,-3.20058751106262,-2.48613739013672,-3.74343752861023,-8.73606204986572,-11.1326875686646,-11.0257120132446,-8.96665000915527,-5.6420373916626,-9.15626239776611,-12.5351877212524,-14.4684371948242,2.30700016021729,-0.6810000538826,-2.50605010986328,-1.40895009040833,-4.47000026702881,-1.28700006008148,-5.55195045471191,-21.3330001831055,-37.3789520263672,-14.8609504699707,-19.47705078125,9.80400085449219,17.191951751709,20.8780517578125,15.6600008010864,-0.89100003242493,-0.30705001950264,1.31595003604889,1.01205003261566,-0.33105000853539,-0.24000000953674,4.11794996261597,8.81505012512207,-4.42605018615723,-25.3320007324219,-20.0730018615723,-34.2730522155762,-18.0040512084961,-15.2040004730225,-14.988000869751,12.913950920105,8.49000072479248,17.7139511108398,23.1979503631592,24.8989505767822,18.65505027771,12.9690008163452,-0.89505004882813,-9.07605075836182,-8.0580005645752,11.3190002441406,-5.25405025482178,10.7490005493164,2.23695015907288,-2.14500021934509,POUR
-1.40291249752045,-2.5066249370575,-2.22708749771118,-0.58025002479553,2.23038744926453,6.48243761062622,12.1741123199463,11.5758495330811,4.69383764266968,-0.44151249527931,-18.0639247894287,-19.6989364624023,-0.37468749284744,0.66921252012253,-10.7709245681763,0.37743750214577,4.03053760528564,5.52021265029907,6.38646268844604,7.67140007019043,7.13693761825562,4.55070018768311,-0.62823748588562,-1.03166246414185,3.65956258773804,-9.04584980010986,-13.7575626373291,-1.68176245689392,4.17889976501465,22.4912872314453,-1.01859998703003,-3.1959125995636,-5.27807474136353,-6.06086254119873,-5.06797504425049,-3.67441248893738,-4.69026231765747,-6.38989973068237,-10.2605247497559,-12.7979497909546,-9.23518753051758,-7.05814981460571,-8.80426216125488,-10.6888370513916,-9.29582500457764,3.77805018424988,3.88800024986267,-1.23105001449585,-9.54705047607422,-14.5720510482788,-13.4700002670288,-16.3780498504639,-20.6290512084961,-20.1570014953613,-17.7040500640869,-3.78705024719238,2.01495003700256,13.6770009994507,16.1050510406494,10.0170001983643,-1.91895008087158,-2.36400008201599,-1.94295012950897,-0.18195000290871,14.2249507904053,14.0670003890991,7.69605016708374,-7.06605052947998,-16.734001159668,-16.9189510345459,-21.7140007019043,-21.105001449585,-19.8330001831055,-19.0380001068115,-17.5339508056641,12.7540502548218,10.5259504318237,24.3979511260986,20.2330513000488,7.51305055618286,7.14195013046265,10.4659509658813,7.91805028915405,-8.02905082702637,1.08300006389618,-0.15495000779629,3.97605013847351,0.64695000648499,-2.33895015716553,1.89405012130737,POUR
2.27589988708496,3.31072497367859,1.558149933815,0.08332499861717,0.43766251206398,0.94379997253418,2.14568758010864,3.37796258926392,4.52622509002686,1.57272493839264,-14.690637588501,-24.3320007324219,-8.16708755493164,5.36387491226196,2.10045003890991,5.45352506637573,3.45606255531311,1.05435001850128,-0.99591249227524,-0.85469996929169,1.04348754882813,2.60741257667542,2.12024998664856,3.35004997253418,7.1417498588562,-0.05486249923706,-10.3255624771118,-2.28800010681152,6.41849994659424,9.37145042419434,-7.24116230010986,-4.58920001983643,-2.92998743057251,-1.3639999628067,0.15056249499321,0.5157625079155,-0.44893750548363,-5.34668731689453,-12.2256746292114,-13.0230369567871,-10.4383125305176,-11.8229370117188,-11.0895128250122,-7.08949995040894,-6.62708759307861,-3.57900023460388,-4.10805034637451,-1.82100009918213,-3.86400008201599,-8.49105072021484,-10.6990509033203,-16.17405128479,-27.8710517883301,-29.428050994873,-9.50895023345947,-5.14005041122437,4.39800024032593,2.16105008125305,11.0680503845215,14.6749505996704,4.33905029296875,2.14200019836426,3.33705019950867,6.94200038909912,9.00900077819824,10.1179504394531,9.46395015716553,-6.93405055999756,-18.7050018310547,-19.2180004119873,-13.1869506835938,-11.6110506057739,-12.1600503921509,-16.6240501403809,-17.8380012512207,12.247950553894,12.1950006484985,10.9639501571655,17.7229499816895,24.5940017700195,16.0369510650635,14.1949510574341,13.2229509353638,-8.01300048828125,-12.6259508132935,-6.7150502204895,-0.5020500421524,1.24500000476837,-0.00105000007898,3.20895004272461,POUR
-0.00522499997169,0.20047499239445,0.607337474823,1.3474999666214,1.75587499141693,1.73566246032715,1.05393743515015,0.75748747587204,2.00076246261597,2.14101243019104,2.4953498840332,6.628737449646,7.01772499084473,3.65186238288879,-11.4496250152588,-0.96057498455048,0.20336249470711,1.4030499458313,2.26022505760193,2.12561249732971,1.77856254577637,1.25688743591309,0.59647500514984,0.74552500247955,1.69716250896454,2.3645875453949,2.43966245651245,7.64486265182495,13.0173997879028,0.01787500083447,-0.1104125007987,-0.48138749599457,-1.23695003986359,-2.39868760108948,-2.93163752555847,-3.14421248435974,-3.1440749168396,-2.51501250267029,-1.60049998760223,-1.48637497425079,-5.44115018844604,-13.8763628005981,-15.301549911499,-8.30238723754883,-10.5217752456665,2.80305004119873,1.77300012111664,1.10699999332428,-0.05505000427365,-0.52305001020432,-1.16700005531311,-0.24195000529289,-2.85495018959045,-5.02800035476685,-19.8019504547119,-19.1269512176514,-22.9519519805908,-13.2160511016846,-14.1810007095337,-5.53995037078857,-1.2190500497818,-0.00705000013113,0.75600004196167,1.87605011463165,1.27005004882813,3.41895008087158,2.04900002479553,9.69600009918213,12.2059507369995,4.14900016784668,2.55405020713806,-6.52695035934448,-11.0580005645752,-9.73605060577393,-17.3070011138916,9.00495052337646,9.68100070953369,10.8090009689331,9.64005088806152,8.31599998474121,12.9379510879517,14.7820510864258,20.215950012207,25.8760509490967,19.2340507507324,7.60395050048828,-0.93795001506805,-19.0489501953125,-0.21705001592636,2.2300500869751,POUR
0.90571248531342,4.3356499671936,8.8101749420166,9.86919975280762,13.3557872772217,32.0033988952637,31.7642879486084,13.039400100708,3.4482250213623,-10.6668376922607,-12.358775138855,-1.60861253738403,1.30638754367828,1.3917750120163,1.06273746490479,2.74807500839233,3.89881253242493,6.11957502365112,8.19775009155273,11.0822248458862,18.3221492767334,16.025074005127,4.57352495193481,0.42019999027252,22.8899002075195,22.4863376617432,-2.11117506027222,-5.37542486190796,-3.55176258087158,1.68932497501373,-3.38882493972778,-7.19977474212646,-10.9203872680664,-11.5053119659424,-8.51991271972656,1.23860001564026,3.82084989547729,-5.68988752365112,-10.9099378585815,-9.00968742370605,-3.7592499256134,1.03221249580383,2.7992250919342,1.34997498989105,-1.36386251449585,-11.3650503158569,-19.1800518035889,-20.0010013580322,-14.1649503707886,-15.2299509048462,-8.54100036621094,-1.97595012187958,12.5580005645752,16.5769500732422,8.44305038452148,1.37805008888245,1.09800004959106,3.8689501285553,4.24995040893555,2.7529501914978,11.9400005340576,6.20400047302246,-4.921950340271,-6.90300035476685,-9.45600032806396,-18.2190017700195,-20.5039501190186,-21.8500518798828,-21.2700004577637,-18.4870510101318,-14.8180503845215,-12.7590007781982,-11.5129508972168,-8.74005031585693,-8.59605026245117,16.7440509796143,8.31795024871826,-0.17895001173019,-17.4229507446289,3.75105023384094,-2.4250500202179,6.08595037460327,-0.03000000119209,-7.23195028305054,-7.88100051879883,-1.93905007839203,-3.82905006408691,-4.92795038223267,2.25104999542236,-0.53505003452301,POUR
0.33618751168251,0.08786249905825,-0.26317501068115,-0.509850025177,-0.82472497224808,-1.25936245918274,-2.56808757781982,0.15565000474453,3.38951253890991,2.54484987258911,14.8968877792358,0.25946250557899,-23.3892993927002,-10.9385375976563,3.9780125617981,0.92743748426437,1.40662503242493,1.45268750190735,1.3034999370575,3.83267498016357,5.43015003204346,6.02029991149902,10.0299377441406,8.02243709564209,5.35906267166138,14.3673753738403,3.96192502975464,-6.99723768234253,-2.41601252555847,4.35104990005493,-0.80437499284744,-0.90639996528625,-1.21907496452332,-1.44773745536804,-1.84483754634857,-2.14527487754822,-3.03187489509583,-7.56786251068115,-7.89414978027344,-5.8023624420166,-7.2111873626709,-6.84942483901978,-11.6579370498657,-10.354024887085,-8.398362159729,8.10105037689209,8.6850004196167,7.46895027160645,8.95605087280273,5.02305030822754,4.29300022125244,-0.33600002527237,-0.14400000870228,5.5620002746582,-26.1660003662109,-13.5439510345459,-6.52905035018921,-1.11195003986359,3.00000023841858,8.66100025177002,-6.46005010604858,-5.62395048141479,-6.14595031738281,-4.69695043563843,-5.01495027542114,-3.6910502910614,-0.19695000350475,6.84405040740967,-18.2790012359619,-12.7470006942749,-8.64900016784668,-12.5239505767822,-16.9380016326904,-16.4350509643555,-12.4740009307861,4.213050365448,3.175950050354,5.21205043792725,6.73695039749146,9.98700046539307,3.175950050354,7.66200017929077,40.5190505981445,49.9549522399902,17.9359512329102,-6.77895021438599,-3.27795004844666,-0.13800001144409,-3.14805006980896,1.23600006103516,POUR
-0.02859999984503,-0.05664999783039,-0.37056249380112,-1.05132496356964,-1.77553749084473,-1.2447874546051,-0.34856250882149,0.70441251993179,2.66144990921021,2.18102502822876,0.23526249825954,-0.30126249790192,-2.12561249732971,-11.8208751678467,-20.3058624267578,0.83050000667572,1.48953747749329,1.86037504673004,2.02784991264343,4.39271259307861,6.72388744354248,3.60800004005432,-0.31528750061989,2.84556245803833,5.66527509689331,3.35101246833801,2.12409996986389,6.9475998878479,9.24192523956299,1.08350002765656,-1.51002502441406,-2.19339990615845,-2.78822493553162,-3.14228749275208,-4.64103746414185,-6.42221260070801,-5.35672473907471,-3.48727488517761,-2.67753744125366,-1.50150001049042,-2.78244996070862,-8.48732471466064,-9.84829998016357,-2.412024974823,0.67911249399185,7.65300035476685,7.11405038833618,6.63495016098022,2.02500009536743,0.8320500254631,2.89200019836426,6.84795045852661,-4.04595041275024,-6.48600053787231,-12.0210008621216,-5.67405033111572,-9.74100017547607,-11.2690505981445,-11.2690505981445,-7.03905010223389,-3.33900022506714,-3.21000003814697,-2.25600004196167,-0.48405003547668,-1.32195007801056,-1.93095004558563,1.49100005626678,6.43695020675659,7.43805027008057,3.3469500541687,-4.76895046234131,-6.5029501914978,-3.65505027770996,-6.73695039749146,-12.4780502319336,6.91200017929077,7.66395044326782,7.42905044555664,7.93695020675659,9.69000053405762,5.83695030212402,12.2580003738403,23.4420013427734,38.4349517822266,24.2539520263672,11.9440507888794,-2.35605001449585,0.2080500125885,1.05900001525879,-6.25500011444092,POUR
0.23512500524521,0.02516249939799,-0.79860001802444,-1.85019993782043,-1.90299999713898,-2.11186242103577,-3.30220007896423,-0.86157500743866,2.76429986953735,2.39910006523132,0.54257500171661,3.22698760032654,4.85003757476807,-2.3703625202179,-21.7256870269775,0.19126249849796,-0.11329999566078,0.60417497158051,1.96171247959137,2.05369997024536,1.52116250991821,5.2907247543335,8.89184951782227,6.62736225128174,3.97595000267029,3.34042501449585,4.86612510681152,10.3071374893188,7.34800004959106,-10.7683124542236,-0.62645000219345,-0.19978749752045,-0.518649995327,-1.65357494354248,-2.77213740348816,-2.52711248397827,-4.60638761520386,-6.09922504425049,-2.72497487068176,-0.39118748903275,-3.35431241989136,-13.534125328064,-14.4243001937866,-5.97561264038086,-3.80902504920959,8.56305027008057,7.06905031204224,6.97995042800903,6.82005023956299,1.76895010471344,0.77505004405975,3.20595026016235,-11.6640005111694,-14.5000505447388,-17.1889514923096,-23.69700050354,-24.7429504394531,-25.1190013885498,-7.40805053710938,1.17195010185242,-0.76395004987717,-0.56805002689362,-0.60405004024506,0.08295000344515,-0.62100005149841,-1.85595011711121,-0.02400000020862,11.0010004043579,9.19995021820068,-0.09600000083447,-14.8900508880615,-7.81305027008057,-15.4050006866455,-26.0800514221191,-27.6720008850098,5.96400022506714,6.76605033874512,8.88105010986328,8.61705017089844,1.6840500831604,10.6960506439209,23.5429515838623,29.4970512390137,30.646951675415,30.2710514068604,10.3030500411987,-4.25505018234253,1.60500001907349,2.96700024604797,-6.80295038223267,POUR
0.348149985075,0.07287500053644,0.58451247215271,1.42890000343323,0.8259624838829,-0.58258748054504,-1.79272496700287,-3.13623738288879,-2.53233742713928,-0.62906247377396,1.46354997158051,4.40467500686646,7.50612497329712,8.82708740234375,14.9571123123169,5.06811237335205,8.10026264190674,6.73062515258789,2.45822501182556,-0.11522500216961,-1.05228745937347,-1.3058375120163,2.64715003967285,5.37693738937378,5.47153759002686,6.09276247024536,7.57844972610474,10.2279376983643,12.4430627822876,15.3124122619629,-0.42913749814034,-2.04765009880066,-3.21860003471375,-2.32567501068115,-1.54811251163483,-1.53986251354218,-2.21663737297058,-4.65671253204346,-6.33916234970093,-5.33238744735718,-5.93615007400513,-12.4961376190186,-14.9945125579834,-9.77267456054688,-3.97952508926392,4.93200016021729,4.11300039291382,5.49000024795532,5.60100030899048,8.69295024871826,6.92295026779175,0.7870500087738,7.5450005531311,2.22405004501343,-20.5690517425537,-19.5730514526367,-15.6370506286621,-20.8440017700195,-24.4750518798828,-19.7779502868652,-1.23405003547668,-0.7620000243187,-1.03005003929138,-0.82200002670288,-0.81900006532669,-0.97995007038116,-2.04105019569397,2.27400016784668,-4.54095029830933,10.2400503158569,-4.58400011062622,-10.8619508743286,-3.95205020904541,-11.7240009307861,-22.8780002593994,6.64095020294189,9.79095077514648,8.59605026245117,9.97500038146973,12.0180006027222,7.07295036315918,9.7140007019043,24.8940010070801,38.7559509277344,24.6520519256592,16.9279499053955,-0.18300001323223,-3.2989501953125,-11.578950881958,4.55805015563965,POUR
-2.30862498283386,-1.24327504634857,-0.55206251144409,-0.43023750185966,-0.06324999779463,0.05898749828339,-0.1387374997139,0.24777500331402,0.169537499547,-0.39833748340607,0.30153748393059,9.22611236572266,15.7667121887207,12.0216245651245,11.3119878768921,5.52750015258789,2.82933759689331,1.552374958992,1.06865000724792,0.10463749617338,-0.13158750534058,-0.90268748998642,0.57351249456406,1.65426254272461,3.14916253089905,4.4349250793457,5.82477474212646,9.58347511291504,10.2722120285034,7.67566251754761,-7.00754976272583,-4.95825004577637,-3.50281238555908,-2.87595009803772,-1.94232499599457,-1.70609998703003,-1.03331243991852,-0.89966249465942,0.59963750839233,2.96119999885559,2.14884996414185,-14.6814250946045,-20.8544864654541,-9.58017539978027,-7.72172498703003,5.43300008773804,1.21305000782013,2.03895020484924,4.08494997024536,1.182000041008,3.45900011062622,3.31800007820129,2.09895014762878,-2.13705015182495,-8.33700084686279,-16.2600002288818,-28.2139511108398,-24.9760513305664,-19.534049987793,3.60300016403198,-0.39495003223419,1.4719500541687,0.2119500041008,0.41805002093315,1.40205001831055,0.31005001068115,1.05705010890961,4.66200017929077,-2.40705013275146,3.35700011253357,8.25195026397705,0.37500002980232,-12.201000213623,-19.5679512023926,-26.7450008392334,12.4830007553101,9.5779504776001,12.5599508285522,9.15900039672852,10.0999507904053,10.9669504165649,11.8870506286621,28.8529510498047,33.1849517822266,17.3380508422852,10.4569501876831,-3.26100015640259,-11.2459506988525,-0.4200000166893,3.90405011177063,POUR
-1.95910000801086,-0.20322500169277,0.83613747358322,0.46337500214577,-0.49829998612404,-0.0844250023365,-13.9438753128052,-17.7469882965088,-3.5902624130249,3.91792488098145,15.101487159729,13.768424987793,3.53608751296997,8.62056255340576,13.3028497695923,3.10034990310669,2.72965002059937,2.10017490386963,1.70568752288818,4.05666255950928,6.59133768081665,13.1282253265381,13.5378370285034,7.13418769836426,9.19311237335205,19.7602615356445,20.0461254119873,5.77554988861084,-15.983962059021,-24.2500495910645,-4.14438724517822,-4.18825006484985,-0.02502499893308,9.2171745300293,13.7631998062134,10.5797996520996,21.5455627441406,16.0033493041992,-6.09441232681274,-9.32030010223389,-7.44782495498657,-7.3536376953125,-9.57934951782227,-7.82292509078979,-5.10468769073486,0.7579500079155,-1.38495004177094,-2.11800003051758,-12.2890510559082,-23.8159503936768,-14.4690008163452,-25.6320018768311,-27.0739517211914,-33.4420509338379,4.18305015563965,3.46905016899109,0.23295001685619,27.0930004119873,12.9199504852295,10.3159503936768,-0.41895002126694,-1.0639500617981,-0.19395001232624,1.32600009441376,18.1819515228271,6.52305030822754,-11.017050743103,-11.896050453186,-25.6819515228271,-28.7569522857666,-17.848051071167,-18.7050018310547,-17.0839500427246,-11.5830001831055,-15.5610008239746,11.4670505523682,16.6669502258301,24.2260513305664,28.465051651001,4.82805013656616,25.0470008850098,8.26995086669922,-5.76600027084351,4.24200010299683,-8.72205066680908,0.24705001711845,1.20495009422302,2.49795007705688,-0.93495005369186,-1.53705012798309,POUR
1.35080003738403,0.81674998998642,-0.09762500226498,-0.85497498512268,-2.06016254425049,-2.07253742218018,1.61150002479553,5.17192506790161,4.08911228179932,9.32071208953857,7.28639984130859,0.43821248412132,8.51276206970215,24.0686874389648,21.6301250457764,-0.64336252212524,-0.62370002269745,0.3782624900341,1.25537502765656,1.5361499786377,1.23282504081726,-0.60183751583099,-2.1099374294281,-2.52821254730225,-15.1871500015259,-10.7948503494263,7.74688768386841,8.28712463378906,8.81567478179932,7.61007499694824,-0.83847498893738,1.17260003089905,1.63377499580383,1.69111251831055,2.36073756217957,2.28593754768372,-0.21353749930859,-3.43983745574951,-7.50571250915527,-23.3395252227783,-21.3100242614746,-7.15921258926392,-8.83423709869385,-6.41822481155396,-3.77726244926453,-0.82200002670288,-1.14300000667572,-1.69095003604889,-0.46695002913475,-2.31900000572205,-0.96105003356934,0.48495003581047,-14.3250007629395,-14.7390003204346,-20.0179500579834,-23.3950519561768,-17.5489501953125,-18.9550514221191,-12.775050163269,0.24105000495911,4.87005043029785,5.08605003356934,3.83100008964539,3.46395015716553,2.51100015640259,6.40095043182373,19.5060005187988,19.2569999694824,14.3740510940552,8.16300010681152,-5.96100044250488,-6.07200050354004,-8.47095012664795,-10.3489503860474,-9.56595039367676,7.88895034790039,8.72294998168945,8.33205032348633,9.66600036621094,9.97500038146973,7.86795043945313,20.719051361084,16.8030014038086,24.3409519195557,13.711950302124,-13.7610006332397,2.13900017738342,5.43000030517578,-6.3270001411438,-10.0480508804321,POUR
2.18803739547729,1.74570000171661,1.02341246604919,0.43202498555183,-0.21807499229908,-1.10164999961853,-1.66636252403259,-0.52428752183914,2.77846240997314,3.68871259689331,6.04312515258789,12.3901252746582,8.40468788146973,4.78211259841919,15.3225870132446,1.55320000648499,0.52332502603531,1.82833743095398,2.71012496948242,2.22626256942749,1.15651249885559,1.1614625453949,2.05686259269714,2.6137375831604,2.14967489242554,-1.27421247959137,-3.52687501907349,5.60271263122559,10.6104621887207,10.335599899292,-0.66096252202988,0.42405000329018,0.49994999170303,-0.50022500753403,-1.79272496700287,-2.68070006370544,-4.06573724746704,-6.38385009765625,-7.9667501449585,-6.06636238098145,-13.3803997039795,-23.3520374298096,-15.9080619812012,-7.23676252365112,-6.1278247833252,4.59705018997192,3.01905012130737,2.45595002174377,2.19000005722046,0.74805003404617,1.25805008411407,-1.44495010375977,-5.49195003509521,-12.76305103302,-10.2730503082275,-7.39395046234131,-23.7640514373779,-8.02605056762695,-3.06600022315979,-7.51095056533813,-0.25905001163483,1.4190000295639,0.80805003643036,1.1050500869751,0.29805001616478,-0.3790500164032,1.44105005264282,8.95905017852783,13.4590501785278,-0.24495001137257,11.0230503082275,1.72305011749268,-10.4640007019043,-5.34105014801025,-1.7370001077652,7.20705032348633,10.4260501861572,10.5880508422852,10.335000038147,9.79800033569336,8.25600051879883,19.5769500732422,27.9210014343262,28.2400512695313,22.8889503479004,3.00105023384094,-2.06805014610291,-0.61395001411438,-5.9650502204895,-0.83700001239777,POUR
0.28104999661446,0.67979997396469,1.53065001964569,2.46111249923706,2.57427501678467,3.31388759613037,4.22537517547607,3.7705249786377,4.41581249237061,3.64347505569458,7.55865001678467,13.3159122467041,12.1204872131348,7.64816236495972,7.65682506561279,1.25399994850159,0.80066251754761,0.97542500495911,1.49902498722076,1.62717497348785,1.77705001831055,3.12661242485046,4.05281257629395,4.43300008773804,3.58902502059937,-3.62738752365112,-2.8639874458313,9.88858699798584,3.69778752326965,-7.56401252746582,-1.09835004806519,-1.18277502059937,-0.8397125005722,-0.58038747310638,-0.53460001945496,-1.09862494468689,-1.11333751678467,-1.11966252326965,-3.92204999923706,-6.28732490539551,-21.6048240661621,-26.2223491668701,-10.3740997314453,-4.39766263961792,-7.65324974060059,7.26705026626587,7.00605010986328,5.8690505027771,5.1340503692627,3.5310001373291,2.9800500869751,2.23800015449524,3.41595005989075,-13.9320011138916,-10.3399505615234,-11.5399503707886,-13.5300006866455,-17.9269504547119,-17.613000869751,-11.2159509658813,-6.54300022125244,-6.52905035018921,-4.38105010986328,-3.45900011062622,-1.300950050354,-0.1540500074625,0.08295000344515,7.27005052566528,20.3970012664795,-1.87305009365082,15.0229511260986,2.15205001831055,1.11705005168915,-7.2330002784729,-10.4190006256104,4.22205018997192,6.42600011825562,7.2810001373291,6.1429500579834,4.82805013656616,9.88905048370361,12.4969501495361,24.9510021209717,36.7470016479492,15.1939506530762,-6.34305047988892,-10.2259502410889,10.2000007629395,8.9839506149292,-1.86705005168915,POUR
13.3159122467041,12.1204872131348,7.64816236495972,7.65682506561279,17.5426616668701,10.8283996582031,-8.01418781280518,-6.8202748298645,1.48623752593994,3.53388738632202,3.23936247825623,1.37541246414185,-0.39146250486374,-0.38719999790192,0.33316248655319,-2.8639874458313,9.88858699798584,3.69778752326965,-7.56401252746582,0.88357502222061,8.10974979400635,-9.19462490081787,-20.1262874603271,-7.21132516860962,-0.68639999628067,-1.49228751659393,-2.55928754806519,-2.61112499237061,-0.81344997882843,1.128737449646,-26.2223491668701,-10.3740997314453,-4.39766263961792,-7.65324974060059,-13.1074628829956,-13.6780872344971,-16.3464126586914,-16.533275604248,-7.79886245727539,-1.65715003013611,-0.06943749636412,0.10161250084639,-0.33756250143051,-0.89608746767044,-1.17301249504089,-13.5300006866455,-17.9269504547119,-17.613000869751,-11.2159509658813,-3.46605014801025,2.99205017089844,5.92095041275024,5.43105030059814,7.02105045318604,3.3880500793457,3.30405020713806,3.80895018577576,2.94195008277893,3.7590000629425,3.81900024414063,2.15205001831055,1.11705005168915,-7.2330002784729,-10.4190006256104,-14.8300504684448,-13.6489505767822,-16.3609504699707,-19.8430500030518,-20.1330013275146,-14.8350009918213,-11.3599500656128,-8.50005054473877,-7.47000026702881,-8.38005065917969,-8.74200057983398,-10.2259502410889,10.2000007629395,8.9839506149292,-1.86705005168915,-4.06800031661987,-6.62100028991699,-6.68100023269653,-1.54605007171631,2.36595010757446,0.0430500023067,-2.91795015335083,0.02895000204444,-0.8400000333786,0.29895001649857,-0.66195005178452,POUR
0.58712500333786,0.64611250162125,0.9179499745369,3.29670000076294,5.15075016021729,2.19986248016357,-2.19628739356995,-3.16511249542236,1.36757504940033,3.87956237792969,1.92830002307892,2.45959997177124,4.23334980010986,-20.4008750915527,-20.8064994812012,0.85442501306534,1.24066245555878,0.0472999997437,1.58578753471375,5.10221242904663,3.94721245765686,0.42184999585152,0.49843749403954,3.66506242752075,4.31034994125366,3.38593745231628,3.72212505340576,8.09338760375977,7.43228769302368,3.93896245956421,-3.23097491264343,-2.25431251525879,-1.1143000125885,-0.62328749895096,-0.62521249055862,-1.53862500190735,-2.59613752365112,-5.40127515792847,-8.80811214447021,-7.33741235733032,-4.44221258163452,-9.03292465209961,-13.3614253997803,-6.68731260299683,-1.47977495193481,7.70805025100708,4.46295022964478,3.42600011825562,3.03495025634766,3.16200017929077,3.97695016860962,2.47995018959045,-3.52800011634827,-10.0669507980347,-11.2590007781982,-21.2920513153076,-16.9279499053955,-10.2870006561279,-10.8330001831055,-7.07295036315918,-4.46700000762939,-0.83100003004074,0.81300002336502,1.31595003604889,0.77700001001358,-1.41105008125305,-2.07000017166138,8.6089506149292,16.7590503692627,4.01505041122437,-1.27695000171661,-3.62400007247925,-4.19895029067993,-3.21195006370544,-4.01700019836426,5.49900007247925,3.25500011444092,9.48000049591064,10.3579502105713,9.6709508895874,10.1620502471924,14.0130004882813,23.8500003814697,32.3970031738281,23.4070510864258,10.9189500808716,0.0409500002861,-8.24295043945313,-0.29595002532005,1.21200001239777,POUR
1.40181243419647,1.71490001678467,2.08546257019043,2.61304998397827,2.65127491950989,2.86494994163513,5.01503753662109,8.40826225280762,7.91917514801025,6.15999984741211,5.81624984741211,3.13142490386963,0.23581250011921,0.52579998970032,-9.21181201934814,-1.50383746623993,-0.7262749671936,0.37867498397827,0.99563747644424,0.21477499604225,-1.04981243610382,-0.39820000529289,5.52461242675781,0.18095000088215,-11.0191125869751,-9.17344951629639,-1.44677495956421,5.88582515716553,7.21490001678467,0.37372499704361,-0.28984999656677,0.16981250047684,0.49541249871254,0.69272500276566,1.38173747062683,1.99374997615814,0.56223750114441,-7.63207483291626,-25.5028114318848,-28.7812252044678,-17.9756507873535,-12.4077253341675,-10.1781625747681,-8.40248775482178,-5.31547498703003,7.83000040054321,8.32800006866455,7.94295024871826,6.72105026245117,4.6429500579834,6.70005035400391,1.9410001039505,-7.02495050430298,-9.42000007629395,-16.9950008392334,-26.1709518432617,-27.2220020294189,-23.2900505065918,-11.7649507522583,-8.53095054626465,-6.46005010604858,-7.33605051040649,-6.77805042266846,-5.83695030212402,-5.28600025177002,-3.63795018196106,11.521050453186,17.6260509490967,26.7540016174316,13.4080505371094,0.3529500067234,-1.399050116539,-10.5169506072998,-7.32705020904541,-11.3170509338379,3.96600008010864,5.16105031967163,7.6210503578186,6.22005033493042,2.91495013237,9.36705017089844,17.6629505157471,21.8280010223389,18.5659503936768,22.1370010375977,5.03400039672852,2.2110002040863,-0.20505000650883,-1.28700006008148,-10.4509506225586,POUR
2.8495500087738,0.95644998550415,2.47747492790222,4.7158374786377,7.09197473526001,8.83739948272705,8.10919952392578,7.49801254272461,5.12311267852783,4.87327480316162,19.0698757171631,28.2790756225586,11.0239248275757,-5.39055013656616,-3.8509624004364,-0.25011250376701,-2.17167496681213,0.66275000572205,5.8691873550415,3.80655002593994,-1.74734997749329,-1.39933753013611,0.58891248703003,2.30133748054504,3.2045750617981,5.54729986190796,11.6124248504639,3.2375750541687,-28.2467632293701,-25.5367755889893,0.00632499996573,2.48517489433289,0.87711250782013,-15.3296003341675,-28.4884872436523,-20.5052375793457,-8.38062477111816,-5.97561264038086,-9.04516220092773,-11.0220003128052,-9.59282493591309,-8.89487457275391,-11.1889247894287,-14.2060871124268,-9.12051200866699,4.08900022506714,-1.78695011138916,-0.96795004606247,-4.88400030136108,-10.3249502182007,-10.1580009460449,-12.5140504837036,-23.9460010528564,-30.9319515228271,-22.5520515441895,-9.16605091094971,0.16605000197887,7.22895050048828,6.99900054931641,5.91405010223389,-2.17305016517639,-0.93195003271103,1.84305012226105,9.43305015563965,18.1650009155273,11.0539503097534,14.90505027771,4.99005031585693,-9.30495071411133,-12.6120004653931,-18.598051071167,-14.7370510101318,-23.0620517730713,-20.7600002288818,-18.5430011749268,5.76195049285889,7.7310004234314,15.4360504150391,20.451000213623,12.118950843811,19.5240001678467,-0.16200000047684,5.7940502166748,-4.4370002746582,-0.45900002121925,-3.53595018386841,3.83205008506775,-6.44595050811768,-7.15800046920776,6.09795045852661,POUR
-0.15578749775887,-0.42886251211166,-0.67540001869202,-0.95301246643066,-0.70069998502731,-1.03908753395081,-1.30515003204346,-1.2112375497818,0.21023750305176,2.72909998893738,4.36933755874634,7.83543729782104,7.92549991607666,4.17367506027222,-8.35491275787354,1.01433753967285,1.37142503261566,1.43673753738403,0.59496247768402,-0.02076249942183,0.11632499843836,0.85318750143051,1.37087500095367,1.34378755092621,0.54381251335144,-2.32251238822937,-1.89653754234314,1.94947493076324,4.23651266098022,0.87395000457764,-2.00475001335144,-2.64797496795654,-2.86577486991882,-2.28098750114441,-2.4389750957489,-3.07614994049072,-5.13369989395142,-7.79680013656616,-9.26186275482178,-9.75823783874512,-12.4723501205444,-11.4918375015259,-10.1618003845215,-12.7851619720459,-9.48461246490479,3.52905011177063,3.02400016784668,4.44105005264282,3.12405014038086,3.22905015945435,1.82805013656616,3.1189501285553,1.45995008945465,-1.75095009803772,-5.57400035858154,-3.48495006561279,-16.9930515289307,-15.7759504318237,-7.22400045394897,-7.31505012512207,-0.44295001029968,0.72000002861023,-1.24800002574921,1.06500005722046,-0.22995001077652,0.67200005054474,1.77105009555817,4.05600023269653,14.5530004501343,13.1329507827759,15.3480005264282,6.53700017929077,-8.25405025482178,-3.50895023345947,-3.61695027351379,9.16305065155029,10.7490005493164,8.33505058288574,10.0999507904053,8.97705078125,10.021050453186,13.9099502563477,22.0890007019043,26.8000507354736,18.7600517272949,-7.52400016784668,8.55705070495605,0.83400005102158,0.64905005693436,-1.6519501209259,POUR
7.83543729782104,7.92549991607666,4.17367506027222,-8.35491275787354,-29.8443756103516,-19.293586730957,6.15656232833862,7.44562482833862,4.25273752212524,4.02173757553101,2.63092494010925,0.72792500257492,-0.8122124671936,-1.02355003356934,-0.36863750219345,-1.89653754234314,1.94947493076324,4.23651266098022,0.87395000457764,-5.52199983596802,1.57932496070862,16.4469242095947,20.3541240692139,13.761962890625,5.49023723602295,0.85401248931885,-1.45722496509552,-2.09233736991882,-1.34928750991821,-0.38733750581741,-11.4918375015259,-10.1618003845215,-12.7851619720459,-9.48461246490479,-5.6611499786377,-4.87148761749268,-2.71287488937378,-1.29057502746582,-1.09821248054504,-0.7039999961853,0.38582500815392,1.37321245670319,0.96222501993179,-0.22110000252724,-1.00526249408722,-16.9930515289307,-15.7759504318237,-7.22400045394897,-7.31505012512207,-2.65605020523071,-1.97100007534027,4.28805017471313,5.08995008468628,3.99795007705688,2.14200019836426,1.24200010299683,1.13895010948181,2.12505006790161,1.7370001077652,2.10900020599365,6.53700017929077,-8.25405025482178,-3.50895023345947,-3.61695027351379,-8.0910005569458,-11.4679508209229,-17.3590507507324,-20.2860012054443,-20.7820510864258,-15.8599510192871,-11.9370002746582,-9.1830005645752,-8.63400077819824,-8.12895011901855,-8.14095020294189,8.55705070495605,0.83400005102158,0.64905005693436,-1.6519501209259,-3.61995005607605,-6.27405023574829,-3.31095004081726,1.09200000762939,4.89105033874512,2.42400002479553,0.34995001554489,0.36405003070831,-0.06599999964237,0.39495003223419,-0.23595000803471,POUR
1.93242502212524,0.94146251678467,-0.47506248950958,0.34196248650551,6.00572490692139,12.4546127319336,11.2072124481201,7.09334993362427,4.46641254425049,-2.9363124370575,-14.379337310791,-7.96509981155396,5.96915006637573,5.31712484359741,1.08074998855591,1.12048745155334,0.53350001573563,0.49568748474121,3.37631249427795,5.34380006790161,0.48001250624657,-5.36456251144409,-6.46511268615723,-1.08570003509521,5.79727506637573,0.87642496824265,-1.32632493972778,12.0383996963501,16.571361541748,7.71498727798462,-2.4728000164032,-1.6472499370575,1.00732505321503,1.9904500246048,-8.80811214447021,-18.3515758514404,-12.6146621704102,-11.0314874649048,-14.1785869598389,-14.2198371887207,-13.067174911499,-10.6162376403809,-7.37962484359741,-5.29443740844727,-4.3726372718811,3.8950502872467,3.65295028686523,1.27800011634827,-2.09805011749268,-9.4819507598877,-14.4450006484985,-21.5820007324219,-34.855052947998,-28.3260021209717,0.49905002117157,-5.45100021362305,0.27405002713203,2.62605023384094,5.94795036315918,2.88195013999939,-1.09500002861023,-3.37005019187927,-4.59600019454956,10.9339504241943,24.8110504150391,25.9180507659912,15.3679504394531,-4.921950340271,-20.7409515380859,-9.97095012664795,-7.07505035400391,-10.1550006866455,-13.2730503082275,-17.9839515686035,-17.0700016021729,7.08495044708252,8.87400054931641,8.58105087280273,24.0169506072998,12.1210508346558,9.48705005645752,24.3019504547119,-4.42305040359497,-12.4669504165649,1.30995011329651,6.49500036239624,-5.43795013427734,1.75305008888245,2.84505009651184,4.08599996566772,POUR
0.45759999752045,0.06641250103712,-0.24860000610352,-0.45677500963211,1.12571251392365,3.81699991226196,4.61092519760132,5.08268737792969,5.94357490539551,5.70405006408691,7.62739992141724,7.1435375213623,7.20472478866577,-18.2712745666504,-34.8106002807617,-0.90530002117157,-1.06053745746613,-0.9120374917984,-0.67278748750687,2.55241250991821,7.55741262435913,7.72708749771118,3.81480002403259,0.16114999353886,-1.26348745822906,1.26788747310638,4.6068000793457,5.02081251144409,-4.68173742294312,-8.38309955596924,-0.69643747806549,-0.81276249885559,-0.66068750619888,0.26578751206398,0.45608749985695,-5.45888757705688,-13.5320625305176,-15.7111625671387,-13.8282375335693,-12.7892875671387,-10.8222122192383,-9.82024955749512,-8.49199962615967,-3.25916242599487,-2.17827486991882,8.05305004119873,5.63895034790039,5.88300037384033,1.36905002593994,3.67500019073486,-0.550950050354,-2.16495013237,-13.9590005874634,-13.4130010604858,-14.8950004577637,-20.7960014343262,-13.7089509963989,-7.11600017547607,-4.6560001373291,-1.6189501285553,-7.20000028610229,-6.52005052566528,-6.35400009155273,-5.90205049514771,2.12100005149841,0.69105005264282,8.99895000457764,19.828950881958,11.1240005493164,9.33495044708252,1.12395000457764,-4.40505027770996,-4.61505031585693,-2.60400009155273,-8.05995082855225,5.23605012893677,6.46200037002563,4.03305006027222,4.83600044250488,13.8840007781982,10.5910501480103,32.5990524291992,12.3390007019043,31.2649517059326,-13.9549503326416,7.24005031585693,-1.53705012798309,3.05595016479492,-2.6290500164032,-5.85495042800903,POUR
1.2751749753952,1.45928752422333,1.67571246623993,1.0089750289917,-0.75171250104904,0.27046251296997,3.78083753585815,8.00002479553223,11.9272994995117,10.3556747436523,7.18781232833862,6.99613761901855,5.9991250038147,2.89299988746643,-16.221700668335,1.71819996833801,0.50214999914169,-0.13268749415874,-1.0506374835968,-2.3174250125885,0.43078750371933,5.85378742218018,10.0523500442505,5.65840005874634,-1.79877495765686,-4.84880018234253,-4.07756233215332,2.4672999382019,6.40268754959106,-1.34364998340607,-0.2954874932766,-0.58066248893738,-0.68804997205734,-0.14451250433922,1.41349995136261,2.77254986763,1.56062495708466,-10.0355749130249,-19.6415996551514,-14.5890245437622,-10.2228498458862,-12.3067998886108,-12.9035501480103,-10.9637002944946,-11.7701377868652,6.03600025177002,5.25600004196167,6.71895027160645,8.95095062255859,3.94995021820068,-1.13100004196167,-2.4340500831604,-2.99205017089844,-8.33505058288574,-10.6990509033203,-18.3439502716064,-29.4420013427734,-21.6010513305664,-9.3120002746582,-8.80005073547363,-5.96595048904419,-4.41900014877319,-5.58795022964478,-10.2559509277344,-8.6220006942749,-4.38105010986328,1.52400004863739,16.4549999237061,18.9030017852783,20.6440505981445,13.5210008621216,-4.75695037841797,-6.22695016860962,-10.0549507141113,-3.1189501285553,5.89395046234131,5.36205005645752,7.03695011138916,1.88505005836487,9.46995067596436,16.2769508361816,12.5929508209229,19.4380512237549,25.5289516448975,8.83800029754639,13.077000617981,-7.54095029830933,-2.15700006484985,-8.50395011901855,4.51005029678345,POUR
1.02038753032684,0.63414996862411,0.42473748326302,0.85428750514984,1.77058744430542,2.21539998054504,1.53257501125336,0.44288748502731,1.40071249008179,5.31465005874634,8.28891277313232,11.4945878982544,13.7753000259399,11.6928625106812,-17.8554744720459,0.05568749830127,-1.0118625164032,-1.52212500572205,-0.18438750505447,2.90551257133484,5.31519985198975,3.6431999206543,0.45993748307228,2.5231249332428,6.45218753814697,1.57410001754761,-3.11547493934631,1.80069994926453,3.87529993057251,-5.88444995880127,-1.03317499160767,-0.68832498788834,-0.43807500600815,-0.45388749241829,-0.80519998073578,-1.71201252937317,-1.73868751525879,0.25299999117851,0.47574999928474,-13.2562370300293,-25.3015117645264,-18.9798126220703,-13.6631002426147,-11.5803871154785,-9.49217510223389,8.27100086212158,7.75605058670044,7.66695022583008,6.78405046463013,6.51795053482056,7.87605047225952,8.31900024414063,7.75605058670044,-5.78205013275146,-14.6989507675171,-12.0070505142212,-26.1799507141113,-24.7339515686035,-6.72300052642822,-4.74705028533936,-5.84400033950806,-5.63295030593872,-4.7039999961853,-4.22700023651123,-3.86595010757446,-2.43795013427734,-6.24600028991699,-7.9350004196167,21.5680503845215,24.2320518493652,10.9060506820679,7.99995040893555,-10.8229503631592,-6.90495014190674,-9.09705066680908,1.69605004787445,2.98695015907288,3.7150502204895,6.67305040359497,10.6960506439209,11.0820007324219,7.58295059204102,16.9060516357422,34.972053527832,20.4319515228271,-7.75200033187866,-11.7180004119873,-2.86800003051758,9.34995079040527,2.23695015907288,POUR
0.30057498812675,0.21573749184608,0.30648750066757,0.35777500271797,-0.14368750154972,-0.98463749885559,-1.65824997425079,-3.39996242523193,0.70963752269745,7.13143730163574,6.93481254577637,6.90428733825684,5.55128765106201,6.07447481155396,-20.4868125915527,0.78773748874664,0.2910875082016,0.22577500343323,0.93884998559952,1.39865005016327,0.7013875246048,0.25836250185966,5.63103723526001,11.5293750762939,8.19156265258789,1.04376244544983,-0.05348749831319,4.20475006103516,7.92192506790161,-2.51171255111694,-1.51579999923706,-1.83480000495911,-2.27122497558594,-2.82053756713867,-3.06006240844727,-2.20756244659424,-0.44302499294281,-4.78458738327026,-13.2845621109009,-12.8094997406006,-10.5318126678467,-10.8160247802734,-9.92488765716553,-10.0671997070313,-10.419337272644,6.6109504699707,6.94395017623901,5.95305013656616,6.50595045089722,6.82200050354004,6.36900043487549,4.10400009155273,-0.88200002908707,-9.54705047607422,-10.8229503631592,-15.4909505844116,-19.2799510955811,-16.0159511566162,-9.19200038909912,-8.60595035552979,-5.35095024108887,-4.86705017089844,-3.10200023651123,-3.23595023155212,-4.03095006942749,-4.3759503364563,-4.06695032119751,6.70695018768311,20.6890506744385,13.2379503250122,14.7540006637573,1.81695008277893,-8.54295063018799,-5.18100023269653,-9.83400058746338,6.94605016708374,5.88000011444092,7.47000026702881,7.74300050735474,5.28795003890991,5.85105037689209,8.08305072784424,24.5490016937256,22.5229511260986,26.0509510040283,-1.73505008220673,4.68495035171509,-8.68305015563965,4.02104997634888,-4.41795015335083,POUR
2.23849987983704,1.74171245098114,1.49613749980927,1.15871250629425,0.50998747348785,-0.2756874859333,2.20549988746643,8.24436283111572,12.6487627029419,12.1243371963501,7.26096248626709,4.49391269683838,-5.41282510757446,-9.24096202850342,4.57737493515015,1.46698749065399,0.37592500448227,0.52346247434616,1.39796245098114,2.90221238136292,6.43912506103516,8.69288730621338,4.74870014190674,-0.44288748502731,-0.09047500044107,0.81702500581741,0.2880625128746,-4.37827491760254,-2.83731245994568,17.449161529541,-0.55233746767044,0.00962499994785,0.0677874982357,0.81757497787476,1.54866254329681,-2.13551259040833,-18.9095497131348,-23.2951126098633,-12.8562498092651,-9.00033760070801,-9.12807464599609,-11.1277370452881,-8.09462451934814,-6.57593727111816,-9.33748722076416,7.53600025177002,7.13595056533813,5.94495010375977,4.41000032424927,1.41405010223389,-2.73105001449585,-9.74805068969727,-19.1320514678955,-24.8269519805908,-36.6060028076172,-29.5909519195557,-16.2580509185791,-5.13495016098022,2.92305016517639,7.93995046615601,-1.45200002193451,-1.93305003643036,-1.7610000371933,-2.87205004692078,-3.40800023078918,7.7989501953125,20.4310512542725,22.2030010223389,25.242000579834,-8.70900058746338,-12.6649503707886,-14.1790504455566,-14.707950592041,-15.8980503082275,-23.6370010375977,5.71695041656494,6.72300052642822,7.23495054244995,6.639000415802,12.4609508514404,23.3200511932373,13.6039505004883,23.7250518798828,-16.9369506835938,7.33095026016235,0.74205005168915,4.71105003356934,-1.63695013523102,-5.74005031585693,5.02695035934448,POUR
1.93984997272491,2.15503740310669,-0.86666250228882,-5.93449974060059,-1.39012503623962,8.31105041503906,9.88418769836426,4.18728733062744,-2.99296259880066,-7.01153755187988,-13.5284872055054,-10.7215623855591,-3.59631252288818,-6.30822515487671,-7.61268758773804,5.44981241226196,-0.77783751487732,-3.37534999847412,2.17882490158081,12.7870874404907,13.2926750183105,3.19206237792969,-0.73782497644424,3.91984987258911,4.72642517089844,-7.92591238021851,-14.3125123977661,-3.25077509880066,11.7026252746582,14.8901500701904,-11.1102752685547,-7.93979978561401,-3.65337491035461,-8.83465003967285,-13.6295499801636,-10.4464244842529,-8.70498752593994,-8.62262535095215,-8.06918716430664,-5.80098724365234,-4.46792507171631,-6.37642478942871,-9.69842529296875,-8.26636219024658,-3.09416246414185,6.09600019454956,10.2799501419067,3.56505012512207,-22.0870513916016,-30.6349506378174,-30.7050018310547,-10.8810005187988,-23.3809509277344,-32.2919998168945,-6.7020001411438,-4.66605043411255,12.421950340271,11.5690507888794,14.0020503997803,2.26695013046265,1.30395007133484,-1.7940000295639,-4.88895034790039,7.19100046157837,11.8969507217407,2.88495016098022,-16.9759502410889,-14.1739511489868,-21.0979518890381,-24.8250007629395,-23.1960010528564,-27.0180015563965,-21.5890502929688,-16.9399509429932,-14.4540004730225,10.3630504608154,12.7920007705688,17.2080001831055,12.4950008392334,22.0369510650635,23.5360507965088,23.5380020141602,-18.0550518035889,12.2290506362915,-1.24200010299683,5.27400016784668,-3.91200017929077,-7.62705039978027,-3.7590000629425,0.65595000982285,POUR
-0.24887499213219,0.11536250263453,0.39668750762939,-0.09129999577999,-0.49114999175072,-0.02722499892116,0.19428749382496,-2.15352487564087,2.41683745384216,7.3862247467041,6.14817476272583,5.1180248260498,0.92482501268387,-4.28436231613159,-14.5881996154785,0.60720002651215,1.74226248264313,2.90840005874634,3.03146243095398,2.73308753967285,1.5251499414444,-0.49183750152588,4.88358736038208,13.2947378158569,8.3836498260498,-0.83324998617172,-0.93417501449585,5.86066246032715,6.25088739395142,-8.38062477111816,-0.42253750562668,-0.61696249246597,-1.60201251506805,-2.31550002098084,-3.78097486495972,-5.77651262283325,-6.8215126991272,-10.391562461853,-11.854287147522,-8.54493713378906,-8.66744995117188,-10.2748250961304,-9.55322456359863,-7.15495014190674,-4.06505012512207,5.95500040054321,6.12000036239624,4.71705007553101,4.11600017547607,4.44405031204224,9.19800090789795,2.85300016403198,-23.0400009155273,-25.78005027771,-9.15405082702637,-15.3910503387451,-26.1799507141113,-21.4330501556396,-6.48105049133301,-1.6750500202179,-6.4549503326416,-4.963050365448,-6.03300046920776,-2.93700003623962,0.72705000638962,-1.5859500169754,-0.52005004882813,12.201000213623,18.4570503234863,2.65200018882751,-7.33095026016235,-1.36305010318756,-15.2250003814697,-18.4369506835938,-16.6410007476807,8.71605014801025,9.24195003509521,9.58305072784424,6.66105031967163,8.11905002593994,10.2289505004883,16.8990001678467,15.0049505233765,27.6840019226074,29.3850021362305,-1.29705011844635,2.95500016212463,7.44105052947998,-1.08405005931854,6.12900018692017,POUR
1.0456874370575,-0.78966248035431,0.43821248412132,2.28277492523193,-1.27943754196167,-3.31704998016357,-1.77911245822906,-0.02103750035167,0.93279999494553,1.41019999980927,7.24473762512207,8.7362003326416,-4.51178741455078,-15.9847869873047,-16.2875633239746,-2.36500000953674,8.34872531890869,25.4517993927002,15.5538625717163,-0.60967499017715,-2.84886240959167,-3.82249999046326,-2.88763737678528,-1.3113374710083,0.35199999809265,5.11472511291504,9.58154964447021,3.64306259155273,-11.1339244842529,-12.4432001113892,0.86831247806549,0.28077501058578,-8.41252517700195,-3.99079990386963,6.47790002822876,7.0544376373291,7.13322496414185,4.68627500534058,0.51383751630783,-10.3762998580933,-24.4529991149902,-19.409912109375,-5.07773733139038,1.18483746051788,-3.78565001487732,-2.78805017471313,-9.39795017242432,-5.96895027160645,-6.74505043029785,-3.49995017051697,-1.18395006656647,-1.63095009326935,-3.45405006408691,-13.9350004196167,-30.457950592041,-28.5870018005371,-14.8039503097534,-1.14795005321503,-2.11995005607605,7.50195026397705,-2.07705020904541,1.69200003147125,0.06599999964237,0.83895003795624,1.98405003547668,3.62700009346008,4.54905033111572,10.4650506973267,5.93100023269653,-12.3010501861572,2.24505019187927,-10.006950378418,-17.6830501556396,-22.3669509887695,-17.9560508728027,3.62400007247925,8.61705017089844,10.0830001831055,11.7070503234863,12.1600503921509,14.6479511260986,25.6440010070801,33.9690017700195,45.7740020751953,-14.7090005874634,15.3550510406494,18.693000793457,7.72395038604736,2.07195019721985,-14.0479507446289,POUR
-1.6935875415802,-2.24386239051819,-2.37132501602173,-1.73827493190765,-1.21687495708466,-1.85294997692108,-5.44981241226196,-7.19578742980957,3.72514986991882,11.7833375930786,7.92000007629395,3.36723756790161,1.58138751983643,3.52481245994568,-13.1560001373291,2.55392503738403,2.53041243553162,3.77643752098084,3.45248746871948,1.52240002155304,0.26688748598099,2.90647506713867,18.0731372833252,25.2955989837646,8.9267749786377,-3.96137499809265,-2.0905499458313,10.4553623199463,10.3859252929688,-8.1939001083374,-3.72239995002747,-2.73391246795654,-2.67960000038147,-2.3975875377655,-1.12035000324249,0.16568750143051,-1.64532494544983,-13.1143369674683,-7.70440006256104,2.85683751106262,-4.50339984893799,-7.49388742446899,-6.37381267547607,-0.08167500048876,3.16112494468689,6.08895015716553,5.85405015945435,5.64795017242432,6.80505037307739,6.92295026779175,10.9510507583618,-12.8089504241943,-32.6419525146484,-36.1440010070801,-3.03000020980835,-7.05600023269653,-14.4709510803223,-22.8679504394531,-18.9400501251221,2.79600024223328,-1.95495009422302,-2.32095003128052,-2.29695010185242,-3.08700013160706,-4.98195028305054,-14.3680505752563,-0.33300000429153,10.2349500656128,17.2309513092041,-6.64200019836426,-6.62205028533936,3.75405025482178,-1.77495002746582,-14.0209503173828,-17.4240016937256,5.30295038223267,11.1870002746582,9.94200038909912,8.81595039367676,14.623950958252,12.9480009078979,5.20905017852783,9.09405040740967,25.8810005187988,30.9919509887695,-27.2880020141602,3.63795018196106,8.70600032806396,9.05595016479492,1.57095003128052,POUR
-1.88168752193451,-1.78970003128052,0.19662499427795,0.68585002422333,-0.15482500195503,1.20807504653931,6.03130006790161,9.76222515106201,7.26041269302368,1.65769994258881,-9.12752532958984,-17.9613494873047,-11.8747749328613,-7.41647481918335,-9.93245029449463,2.97495007514954,3.77121257781982,2.78038740158081,-0.14231249690056,2.09481239318848,6.55434989929199,8.22043704986572,8.69219970703125,6.3834376335144,3.07037496566772,-5.60903739929199,-17.1418495178223,-9.24646282196045,10.2938003540039,16.4243755340576,-3.25036239624023,-4.64200019836426,-6.01081228256226,-5.94274997711182,-6.23053741455078,-6.76431226730347,-9.03993701934814,-10.5547752380371,-7.66576242446899,-6.59766244888306,-5.8882999420166,-6.28347492218018,-10.9526996612549,-8.98865032196045,-3.0657000541687,-0.38595002889633,1.27500009536743,7.96005058288574,-6.84795045852661,-17.0410499572754,-19.7620506286621,-16.8900012969971,-27.1789512634277,-31.8660011291504,-15.4870510101318,4.389000415802,20.5240516662598,17.6260509490967,10.113000869751,9.82095050811768,-1.96395003795624,0.57795000076294,1.10805010795593,-1.34595000743866,2.08995008468628,6.48705053329468,-2.85000014305115,-3.56400012969971,-17.2440013885498,-27.7510509490967,-34.7419509887695,-26.812952041626,-20.086950302124,-15.6300010681152,-11.9250001907349,10.9020004272461,12.363000869751,23.6820011138916,31.1419506072998,19.0429515838623,10.9930505752563,10.6390504837036,-8.02695083618164,12.5160007476807,7.69800043106079,-5.06895017623901,-2.55900001525879,-6.42000007629395,1.74600005149841,0.87900006771088,POUR
-0.94407498836517,-1.94493746757507,-1.34351253509521,-0.60554999113083,-0.95466250181198,-1.77100002765656,-1.70334994792938,-0.82829999923706,-0.78031247854233,-2.33089995384216,-0.74841248989105,3.6431999206543,14.4798498153687,12.2614250183105,2.4091374874115,3.71098756790161,5.3134126663208,4.22716236114502,1.85858750343323,1.85679996013641,2.34987497329712,2.23327493667603,1.55938744544983,2.48091244697571,4.08691263198853,9.31645011901855,17.6416625976563,21.6232490539551,10.8384370803833,0.73067498207092,-3.21035003662109,-4.77977514266968,-5.48404979705811,-4.12582492828369,-4.04346227645874,-5.05656242370605,-6.05357503890991,-5.25662517547607,-1.40566253662109,0.04949999973178,-8.12817478179932,-12.8680753707886,-5.7502498626709,-3.78620004653931,-10.265887260437,3.82800006866455,4.04400014877319,5.09505033493042,0.72900003194809,3.95805025100708,3.43095016479492,3.36600017547607,-0.83100003004074,-10.1940002441406,-23.3590507507324,-18.5209503173828,-29.0830516815186,-14.6170511245728,16.0090503692627,12.7450504302979,-1.99500012397766,-0.27600002288818,-0.37605002522469,-0.52500003576279,-0.91305005550385,-0.91005003452301,0.4870500266552,-3.86295008659363,-11.1010503768921,-12.9570007324219,-8.78505039215088,-11.6860504150391,-22.5210018157959,-18.8590507507324,-19.0480518341064,7.67100048065186,8.97405052185059,7.1370005607605,12.5520009994507,9.99405002593994,12.2509508132935,21.6630001068115,38.6940002441406,42.6190528869629,3.94005012512207,-2.20695018768311,-7.80195045471191,16.2019500732422,-3.33795022964478,-0.3870000243187,POUR
-1.62016248703003,-1.06177496910095,-0.11783749610186,1.22099995613098,1.82531249523163,1.52831244468689,1.37335002422333,2.14747500419617,2.78891253471375,1.56942498683929,0.87573748826981,4.92676258087158,7.86334991455078,-13.3392877578735,-23.4594249725342,3.87983751296997,4.92593765258789,4.4362998008728,2.22186255455017,0.93568748235703,0.62755000591278,1.08088743686676,2.02509999275208,1.23213744163513,1.07194995880127,2.10842490196228,7.68459987640381,11.2780246734619,3.97938752174377,-2.87718749046326,-2.7132875919342,-3.57967495918274,-3.8981249332428,-3.27360010147095,-2.59517502784729,-1.73497498035431,0.05156249925494,2.55626249313354,4.04786252975464,2.67231249809265,-6.9742751121521,-19.2512378692627,-15.2252378463745,-4.50711250305176,-6.75606250762939,3.02400016784668,3.76095008850098,2.25,3.76395010948181,3.16500020027161,3.18900012969971,0.79095005989075,4.9350004196167,6.42900037765503,-9.88695049285889,-22.8030014038086,-22.9090518951416,-16.1620502471924,-11.7700510025024,3.92895007133484,-2.44095015525818,-2.42204999923706,-0.70395004749298,0.00600000005215,0.95205003023148,-0.79095005989075,3.43995022773743,8.91795063018799,3.24600005149841,4.88505029678345,0.01995000056922,1.24905002117157,-7.35495042800903,-20.238000869751,-22.3939514160156,8.06595039367676,8.86905002593994,9.5080509185791,9.82905006408691,13.4839506149292,14.4540004730225,17.6869506835938,25.7610015869141,28.8310508728027,14.3130006790161,4.04505014419556,2.94600009918213,1.43505001068115,2.9320502281189,-10.9990501403809,POUR
-1.75477504730225,-2.32443737983704,-2.93479990959167,-2.73501253128052,-1.22952497005463,1.58537495136261,2.2178750038147,1.45213747024536,10.0007877349854,9.57508754730225,1.07057499885559,1.25688743591309,-10.1374626159668,-15.5852127075195,-5.26171255111694,0.76642501354218,0.38981249928474,1.38765001296997,1.87055003643036,1.61975002288818,2.23451256752014,3.95491242408752,3.19316244125366,2.31701254844666,6.96189975738525,11.420337677002,9.69801235198975,-8.04017448425293,-19.4357624053955,-5.93697500228882,-3.02197504043579,-3.19068741798401,-5.89077520370483,-8.09819984436035,-5.7164249420166,13.7032499313354,25.2833614349365,6.16536235809326,-31.4956130981445,-33.4162139892578,-8.34679985046387,-5.35892486572266,-5.14428758621216,-6.05233764648438,-9.68439960479736,3.44505023956299,1.86900007724762,3.42600011825562,1.74495005607605,1.68495011329651,-7.51095056533813,-6.14400005340576,-17.1580505371094,-30.7429523468018,-31.1929512023926,-22.3870506286621,-13.582950592041,-0.67800003290176,10.873950958252,25.6230010986328,-0.75495004653931,0.41505002975464,-0.33600002527237,0.68805003166199,0.26895001530647,0.86100006103516,5.7679500579834,-0.77100002765656,-17.0140514373779,-12.445050239563,-18.949951171875,-24.0100517272949,-28.078950881958,-27.0300006866455,-23.0040016174316,10.5330009460449,11.3359508514404,8.40405082702637,14.9140510559082,22.1350517272949,22.9780502319336,26.685001373291,30.8430023193359,12.3540010452271,-9.7300500869751,9.49605083465576,2.67000007629395,-0.97905004024506,8.3899507522583,-9.17700004577637,POUR
0.06888750195503,-0.07397499680519,-0.56526249647141,-1.1944625377655,-1.95676243305206,-1.70073747634888,-0.24076250195503,0.94943749904633,2.50359988212585,3.40931248664856,6.28319978713989,9.31521224975586,8.98562526702881,5.51773738861084,-14.9870872497559,1.66044998168945,1.48444998264313,1.06356251239777,2.31976246833801,3.63701248168945,4.4389123916626,2.50497508049011,2.31756258010864,7.12690019607544,7.79872512817383,4.17642498016357,6.50264978408813,9.20163726806641,4.54960012435913,-10.6767377853394,-3.15645003318787,-3.62779998779297,-3.49731254577637,-2.76636242866516,-2.79936242103577,-4.71570014953613,-4.83683729171753,-2.48902487754822,-1.32921254634857,-4.10533761978149,-13.4949378967285,-16.3289489746094,-10.0238876342773,-6.78411245346069,-4.30086231231689,7.90500020980835,6.86805009841919,7.11900043487549,4.80105018615723,7.79700040817261,9.50895023345947,5.96700048446655,-10.7419500350952,-7.94205045700073,-11.3380508422852,-22.3339519500732,-24.9109516143799,-16.3900508880615,-1.74405002593994,-1.6270500421524,-4.76595020294189,-2.48205018043518,-5.22105026245117,-3.78405022621155,-2.74005007743835,0.3199500143528,-1.11195003986359,3.3229501247406,7.26495027542114,2.2020001411438,-1.04895007610321,0.62895005941391,-11.4270009994507,-12.4860010147095,-17.4100513458252,6.75405025482178,6.57900047302246,8.5620002746582,8.1739501953125,12.2100009918213,11.66100025177,16.420051574707,25.252950668335,28.3069515228271,13.0720510482788,0.41700002551079,2.425950050354,5.98800039291382,2.84805011749268,-0.59295004606247,POUR
0.36492499709129,-0.04606249928474,0.69437497854233,1.89117503166199,1.76536250114441,0.97803747653961,-1.49737501144409,-2.11708760261536,-0.70303750038147,-1.56186246871948,-3.36380004882813,-4.38363742828369,-1.81321251392365,3.5561625957489,5.47249984741211,0.58300000429153,0.50888746976852,2.72428750991821,4.98575019836426,6.74671268463135,4.20268726348877,1.25950002670288,1.8492374420166,2.2681999206543,3.44217491149902,4.67059993743896,6.18021249771118,8.8057746887207,9.69416236877441,4.20378732681274,-2.07570004463196,-1.02932500839233,0.55384999513626,-0.79227501153946,-9.27960014343262,-15.4943246841431,-16.1580371856689,-14.2961502075195,-5.42891263961792,11.0735626220703,25.8840999603271,24.0704746246338,12.2139873504639,-0.0969374999404,-7.09678745269775,7.34895038604736,2.03400015830994,2.24505019187927,3.3400502204895,1.63395011425018,1.07205009460449,-0.32400000095367,-2.97000002861023,-6.19395017623901,-8.05500030517578,-7.07505035400391,-10.3680000305176,-17.8069515228271,-19.2799510955811,-15.4789505004883,-5.23095035552979,-5.38695049285889,0.51105004549026,-0.91305005550385,1.35705006122589,0.76005005836487,2.56905007362366,0.42705002427101,2.89905023574829,7.87095022201538,4.06800031661987,6.22305011749268,1.54095005989075,-0.9700500369072,-6.00900030136108,4.11195039749146,8.20995044708252,6.10695028305054,7.26195049285889,8.01600074768066,12.6960010528564,15.6799507141113,20.4559516906738,28.7620506286621,21.3280506134033,14.4160509109497,4.00500011444092,0.20100000500679,8.78700065612793,16.909049987793,POUR
-1.56186246871948,-3.36380004882813,-4.38363742828369,-1.81321251392365,3.5561625957489,5.47249984741211,0.69162499904633,-23.4722118377686,-22.3137741088867,-13.1236877441406,-10.1638622283936,-2.15599989891052,1.24932503700256,0.82458752393723,-0.19786250591278,3.44217491149902,4.67059993743896,6.18021249771118,8.8057746887207,9.69416236877441,4.20378732681274,-2.77763748168945,-15.1511249542236,-9.87442493438721,21.4164505004883,25.5591869354248,6.05481243133545,0.55041247606277,-1.17686247825623,-1.31394994258881,11.0735626220703,25.8840999603271,24.0704746246338,12.2139873504639,-0.0969374999404,-7.09678745269775,-6.56933736801147,5.49284982681274,-1.27118754386902,-9.21249961853027,-3.47943758964539,-1.80674993991852,0.78278750181198,3.03723740577698,2.58541250228882,-8.05500030517578,-7.07505035400391,-10.3680000305176,-17.8069515228271,-19.2799510955811,-15.4789505004883,-4.64895009994507,7.0900502204895,15.4420509338379,13.9230003356934,9.73695087432861,4.39604997634888,1.01205003261566,4.09395027160645,4.36199998855591,7.87095022201538,4.06800031661987,6.22305011749268,1.54095005989075,-0.9700500369072,-6.00900030136108,-13.3330507278442,-24.517951965332,-23.6490020751953,-20.8920001983643,-14.4250507354736,-13.3930501937866,-11.0080509185791,-9.70005035400391,-8.89800071716309,21.3280506134033,14.4160509109497,4.00500011444092,0.20100000500679,8.78700065612793,16.909049987793,4.32300043106079,-4.60500001907349,-5.37600040435791,-1.61595010757446,2.77095007896423,-2.67195010185242,0.34305000305176,-0.69405001401901,-0.04695000126958,POUR
0.14712500572205,0.31528750061989,-0.02873750030994,-0.69382500648499,-1.31381249427795,-0.95424997806549,0.27128750085831,0.12416250258684,0.13131250441074,-2.79180002212524,-10.0148124694824,-23.5797367095947,-14.7182750701904,4.94449996948242,6.19231224060059,2.48132491111755,1.99897503852844,1.23956251144409,2.89877510070801,5.05078744888306,5.99389982223511,3.65488743782043,1.82888746261597,3.23936247825623,2.29501247406006,2.13963747024536,2.71026253700256,9.18114948272705,7.53156232833862,0.87931251525879,-1.57423746585846,-1.0781375169754,-0.79736250638962,-1.28713750839233,-3.7367000579834,-9.09644985198975,-13.2093496322632,-14.5474996566772,-7.23318767547607,13.6226749420166,27.6401119232178,29.4625377655029,16.1924133300781,0.7763249874115,-4.51247501373291,4.92000007629395,4.37895011901855,1.33005011081696,0.23295001685619,-0.36900001764297,0.82500004768372,1.99605011940002,-7.05105018615723,-15.0100507736206,-22.5810012817383,-18.0090007781982,-26.0890502929688,-23.2180519104004,-4.0620002746582,-0.03405000269413,-1.00905001163483,-1.49505007266998,-2.28795003890991,-1.22895002365112,-2.45505023002625,0.0709500014782,-2.41695022583008,-3.78195023536682,-0.76905006170273,-14.3029508590698,-3.175950050354,1.2679500579834,-11.3410501480103,-15.3619508743286,-15.3670511245728,7.63800048828125,8.08605003356934,8.52405071258545,8.53800010681152,9.38400077819824,10.3440008163452,16.6069507598877,39.6259536743164,45.1390533447266,14.0110502243042,-13.653000831604,-3.5029501914978,2.93400025367737,-1.99200010299683,2.97495007514954,POUR
0.71816247701645,0.31377500295639,0.51108747720718,1.30336248874664,1.62236249446869,1.39823746681213,2.38163757324219,4.06284999847412,1.16489994525909,-1.10467493534088,-1.19047498703003,-3.42113757133484,-14.3658628463745,-16.2610244750977,-7.15261268615723,-0.99632501602173,-0.58891248703003,-0.0189750008285,-0.86652499437332,-2.0711624622345,-1.33375000953674,2.70723748207092,4.12073755264282,7.80779981613159,9.8931245803833,2.81751251220703,0.14423750340939,-17.6991367340088,-4.28999996185303,19.45143699646,-7.68322515487671,-3.82786250114441,-0.73823750019073,2.49974989891052,4.10121250152588,3.96192502975464,3.66382503509521,-5.11719989776611,-8.69426250457764,-5.50536251068115,-8.20682525634766,-10.2536497116089,-5.42671251296997,-5.23710012435913,-8.03783702850342,0.11805000901222,0.41505002975464,3.52395009994507,7.67505025863647,10.3690500259399,2.050950050354,-20.9070014953613,-23.0140514373779,-31.6909523010254,-22.3320007324219,-10.3560009002686,7.69905042648315,13.8250503540039,16.8430500030518,7.83495044708252,2.23605012893677,2.35095000267029,3.68505024909973,5.29905033111572,5.95500040054321,7.52595043182373,16.230001449585,2.00805020332336,-6.26595020294189,-13.7380504608154,-29.1720008850098,-26.7720012664795,-22.4560508728027,-18.3199501037598,-14.4229507446289,10.9069509506226,11.5369501113892,13.6879510879517,20.1130504608154,23.695951461792,22.9560012817383,17.4379501342773,14.4880504608154,2.34000015258789,18.7429504394531,8.29905033111572,-6.53505039215088,-3.76905012130737,-2.82495021820068,0.01200000010431,POUR
0.90859997272491,1.12323749065399,1.63762497901917,1.66814994812012,0.94476246833801,-0.19497500360012,-3.13183736801147,-5.20739984512329,-2.37778759002686,-0.43807500600815,-6.87967491149902,-27.9046630859375,-23.0473365783691,1.6854749917984,10.3735504150391,0.2065249979496,0.56911247968674,1.77498745918274,2.0182249546051,2.14431238174438,2.67533755302429,2.72140002250671,2.09769988059998,4.72518730163574,7.26811265945435,6.06993722915649,1.78612494468689,3.44643759727478,7.37247514724731,10.3563623428345,-1.18263745307922,-0.76683747768402,-0.85208749771118,-1.46011245250702,-1.72246253490448,-2.86824989318848,-13.4468126296997,-21.8337631225586,-10.1297626495361,3.14531254768372,10.4603128433228,26.3998622894287,16.8218879699707,-4.63842487335205,-9.00405025482178,5.62695026397705,3.77100014686584,4.78605031967163,4.13505029678345,1.3950001001358,2.53500008583069,4.79100036621094,-9.15195083618164,-25.7370014190674,-19.7880001068115,-27.0310516357422,-29.0740509033203,-20.0710506439209,-1.51200008392334,6.59700012207031,-2.58900022506714,-1.13295006752014,-0.61605000495911,-0.92205005884171,-0.30195000767708,0.89700001478195,0.28095000982285,-0.63495004177094,7.13805055618286,-10.006950378418,-14.3130006790161,-10.5960006713867,-21.8569507598877,-25.5889511108398,-20.8470001220703,7.50795030593872,8.11395072937012,7.72395038604736,9.03404998779297,10.3230009078979,12.3700504302979,19.1269512176514,29.8350009918213,32.5819511413574,28.1869506835938,0.49605002999306,0.5460000038147,10.5910501480103,4.21005010604858,-1.63695013523102,POUR
0.07177499681711,-0.49224999547005,-1.06315004825592,-1.9432874917984,-3.33478736877441,-2.24936246871948,0.73686248064041,-1.04637503623962,-12.03551197052,-26.8270740509033,-19.7146129608154,-2.80431246757507,-5.53657484054565,-7.74372482299805,-3.66904997825623,3.36971259117126,1.69757497310638,-0.61558747291565,-0.35392498970032,3.25173759460449,6.23273754119873,8.92430019378662,9.61881256103516,8.22923755645752,8.27447509765625,6.23796224594116,7.17502498626709,-3.32585000991821,-11.666600227356,3.947350025177,-2.51212501525879,-2.2681999206543,-1.65123748779297,-2.32773756980896,-7.44974994659424,-11.6105003356934,-3.14544987678528,8.9036750793457,14.5824251174927,17.3571758270264,6.87761259078979,-5.3770751953125,-6.51117515563965,-9.32992458343506,-10.7636375427246,3.61695027351379,5.12895011901855,3.93795013427734,0.05400000140071,-2.16795015335083,-16.0139999389648,-23.3299503326416,-24.5350513458252,-39.3460502624512,-32.6730003356934,-24.5089511871338,-6.33495044708252,7.9480504989624,15.0730504989624,12.9529504776001,0.49005001783371,-0.26895001530647,-0.45105001330376,-1.27395009994507,-0.50100004673004,3.3880500793457,17.1060009002686,7.27500057220459,-27.0040512084961,-10.7200508117676,-25.6609516143799,-32.3230514526367,-26.8530006408691,-21.3040504455566,-17.6920509338379,10.7320508956909,10.2600002288818,9.84405040740967,14.0010004043579,17.6440505981445,19.5030002593994,10.381950378418,39.5970001220703,11.0599508285522,-15.9430503845215,8.03505039215088,-2.82495021820068,1.9039500951767,-3.27795004844666,-0.97605001926422,POUR
0.18933749198914,-0.13268749415874,-0.95081251859665,-1.541100025177,-2.05122494697571,-1.29855000972748,0.74648749828339,1.76989996433258,2.15091252326965,0.63566249608994,-0.34581249952316,7.46047496795654,9.5537748336792,5.35136270523071,4.10354995727539,1.0202499628067,-0.04069999977946,-0.19249999523163,2.67808747291565,8.46133708953857,9.91498756408691,4.1504373550415,0.0582999996841,0.10037499666214,2.05136251449585,4.22014999389648,7.23140001296997,12.7532625198364,11.0248870849609,2.29597496986389,-1.37431252002716,-1.42614996433258,-0.41868749260902,0.20487499237061,-2.54416251182556,-10.4862995147705,-13.6868877410889,-9.85806274414063,-5.30282497406006,-1.11705005168915,-4.1944375038147,-22.2017116546631,-20.901237487793,-5.33829975128174,-6.1518874168396,9.58305072784424,8.47695064544678,2.28600001335144,1.24605000019073,0.74805003404617,0.15195000171661,2.76195001602173,-1.11600005626678,-5.16195011138916,-14.4949502944946,-26.238000869751,-28.2280521392822,-27.4639511108398,-6.52695035934448,-3.12405014038086,-0.46005001664162,-2.3860502243042,-1.24605000019073,-1.85205006599426,-0.52005004882813,1.26105010509491,3.85500025749207,6.76695013046265,8.09400081634521,-0.94395005702972,-6.23205041885376,-6.49305009841919,-12.7800006866455,-21.5200519561768,-20.6089515686035,5.5900502204895,3.89205026626587,6.10695028305054,12.0300006866455,12.7369508743286,13.3330507278442,13.5730504989624,23.9140510559082,35.6070022583008,22.1680507659912,8.03505039215088,-11.1810007095337,5.52795028686523,2.73495006561279,6.67995023727417,POUR
0.30841249227524,0.94503748416901,0.97831249237061,-1.52693748474121,-4.09543752670288,-2.87278747558594,-5.77926254272461,-13.8818626403809,-9.93904972076416,-0.27857500314713,-9.42507457733154,-21.3938999176025,-14.2803373336792,-7.75266265869141,-7.13336229324341,1.17754995822906,2.54099988937378,5.62979984283447,8.91563701629639,7.24459981918335,2.2479875087738,5.66279983520508,16.3781757354736,15.8251495361328,6.84461259841919,-5.94742488861084,-18.3662872314453,-9.91485023498535,14.4968996047974,18.9081745147705,-8.2869873046875,-6.59711265563965,1.23543751239777,8.19857501983643,7.9400749206543,3.63824987411499,9.8262996673584,19.9332370758057,6.69748735427856,-8.56308746337891,-2.85587501525879,4.51343727111816,-2.88942503929138,-11.5115003585815,-7.9712872505188,-3.23805022239685,-4.32795000076294,-7.47795057296753,-10.4329500198364,-17.5819511413574,-5.79600048065186,-17.9100017547607,-22.0920009613037,-36.2749519348145,-10.6650009155273,-3.32895016670227,0.97605001926422,10.1010007858276,13.7200508117676,11.9500503540039,4.03005027770996,3.90705013275146,8.03894996643066,12.0889501571655,16.5079517364502,14.7829504013062,5.88105010986328,-10.6800003051758,-2.26605010032654,-21.6199512481689,-25.0399513244629,-26.9370021820068,-26.8560009002686,-22.068000793457,-16.5810012817383,8.51895046234131,4.23705005645752,8.64600086212158,16.420051574707,23.0950508117676,19.4239501953125,11.953950881958,-1.4190000295639,8.9170503616333,22.1280002593994,10.8880500793457,2.10300016403198,-3.43305015563965,-2.91600012779236,4.07400035858154,POUR
0.00783750042319,-1.06397497653961,-1.29428744316101,0.21298749744892,1.23227500915527,0.84108752012253,1.89942502975464,3.11753749847412,0.66027498245239,0.85855001211166,0.90227496623993,-3.31361246109009,-9.72303771972656,-18.8207244873047,-12.3578128814697,-1.74790000915527,-1.74583745002747,-0.50709998607635,0.13089999556541,-0.17366249859333,-0.12484999746084,0.18658749759197,2.65925002098084,5.07512474060059,-0.35983750224113,-0.13323749601841,6.68236255645752,2.50951242446899,-14.2899627685547,-4.95275020599365,-1.33773744106293,-2.42811250686646,-5.13851261138916,-5.30117511749268,-3.18422508239746,-1.11581254005432,1.02107501029968,1.8269624710083,1.64505004882813,-14.7204751968384,-21.8138256072998,-10.2855501174927,-6.98486232757568,-5.63461256027222,-7.88342475891113,1.58205008506775,1.40895009040833,0.55200004577637,1.0639500617981,1.71105003356934,0.76695001125336,2.23995018005371,-5.72205018997192,-18.1570510864258,-26.5180511474609,-29.3590507507324,-5.20995044708252,-3.76995015144348,10.4269504547119,14.3230504989624,2.29995012283325,2.25705003738403,3.45705008506775,4.71000003814697,4.20405006408691,10.7790002822876,10.8550500869751,12.4720506668091,5.09295034408569,-11.7139501571655,-17.7139511108398,-29.2410011291504,-26.2900505065918,-24.8250007629395,-18.610050201416,11.4529504776001,9.32595062255859,9.59400081634521,11.0410509109497,16.4490013122559,14.8440008163452,12.8850002288818,21.6529502868652,39.550952911377,11.2830009460449,9.40500068664551,-5.85195016860962,2.07405018806458,2.06700015068054,-0.34905001521111,POUR
-0.18590000271797,-0.78086251020432,-1.43426251411438,-1.6935875415802,-2.96821236610413,-5.54702520370483,-4.55633735656738,-3.6258749961853,-17.5980739593506,-26.1109752655029,-13.9435997009277,-9.25223731994629,-7.95492506027222,-5.42176246643066,-5.76001262664795,-0.86900001764297,-2.89932489395142,-2.49576258659363,3.17212510108948,9.16918754577637,9.93588733673096,4.81195020675659,-1.77196252346039,-2.57991242408752,2.00901246070862,5.60106229782104,-2.65814995765686,-9.26598739624023,5.47497510910034,12.8243503570557,-3.68898749351501,-0.70468747615814,-4.70634984970093,-4.16281270980835,6.06897497177124,12.7063751220703,7.99424982070923,0.91712498664856,10.1736249923706,15.4171876907349,1.53092503547668,-5.58896255493164,-10.6176128387451,-12.7048625946045,-7.38539981842041,1.69695007801056,-0.30900001525879,-5.83200025558472,-11.998950958252,-14.8830003738403,-22.7269515991211,-28.5510005950928,-10.1050500869751,-38.6110534667969,-31.207950592041,-7.78905057907104,8.48400020599365,20.4640502929688,14.9719505310059,9.40904998779297,2.14695000648499,-0.7620000243187,-0.42900002002716,3.55995011329651,7.23600053787231,13.5619506835938,7.29195022583008,-20.4109516143799,-9.42000007629395,-24.7650012969971,-30.0889511108398,-31.0230007171631,-23.1220512390137,-18.1740016937256,-13.5060005187988,12.0709505081177,10.3540506362915,7.86495018005371,7.97295045852661,9.48900032043457,14.2579507827759,34.7830505371094,22.8319511413574,-23.3190002441406,13.1340007781982,-4.34100008010864,2.36595010757446,-9.4980001449585,-4.29795026779175,1.1620500087738,POUR
0.1142624989152,0.61049997806549,0.75858747959137,0.04276249930263,-0.93500000238419,-1.61163747310638,-2.49356245994568,-0.97240000963211,1.38668751716614,-1.73071253299713,-21.2295875549316,-20.2281742095947,0.55989998579025,8.37705039978027,20.74338722229,-0.20267499983311,0.27417498826981,0.91891247034073,0.69739997386932,-0.56773751974106,-1.60971248149872,-0.81331247091293,2.44103741645813,6.63478755950928,9.13274955749512,13.8473501205444,14.1260623931885,9.33033752441406,8.40180015563965,19.1716251373291,-1.26651251316071,-1.6689749956131,-3.12881255149841,-4.86736249923706,-6.95983743667603,-9.92213726043701,-8.97338771820068,-2.49576258659363,4.30663728713989,9.74008750915527,26.3339996337891,17.7079372406006,-6.46373748779297,-6.80404996871948,-11.9982500076294,1.97895014286041,0.95205003023148,1.80000007152557,1.20105004310608,1.51200008392334,3.17400026321411,-1.9980001449585,-17.2090511322021,-19.1700000762939,-17.5249500274658,-16.324951171875,-26.2210521697998,-13.6069507598877,0.32205000519753,10.711950302124,1.23900008201599,2.17605018615723,1.04100000858307,1.33005011081696,2.46600008010864,0.51794999837875,1.74705004692078,11.5260009765625,11.8639507293701,-5.21700048446655,-9.75,-7.28595018386841,-21.8500518798828,-21.8479518890381,-18.0799503326416,9.15105056762695,10.0500001907349,8.71995067596436,8.48099994659424,11.6899509429932,14.9670009613037,21.7110004425049,21.949951171875,22.6860008239746,20.8489513397217,-25.3450508117676,11.8390502929688,2.97000002861023,1.90905010700226,-2.34600019454956,POUR
-2.51762509346008,-5.41296243667603,-5.25002479553223,-0.57777500152588,-4.82954978942871,-27.9511375427246,-26.6514873504639,-3.49208736419678,4.15236234664917,6.39278745651245,15.4617376327515,10.0126123428345,1.03358745574951,12.1614627838135,10.0064249038696,1.86793744564056,-0.22838750481606,4.26800012588501,13.1962871551514,14.4781999588013,12.8569374084473,8.84606266021729,7.87654972076416,6.0627875328064,-0.40369999408722,13.3671998977661,15.60817527771,-10.0428628921509,-27.652624130249,-16.7723865509033,-5.39742517471313,-7.13762474060059,-8.60296249389648,-0.67512500286102,12.2390127182007,23.857349395752,15.756537437439,-2.75261259078979,-4.9296498298645,-6.11132478713989,-17.8564376831055,-21.4421615600586,-11.408374786377,-5.77513742446899,-1.97752499580383,11.7049503326416,-4.53900003433228,-22.9930515289307,-26.0220012664795,-13.9420509338379,-10.5379505157471,-13.7689504623413,-32.3830528259277,-21.3349514007568,-2.29500007629395,18.2940006256104,18.6510009765625,17.9680500030518,11.0320501327515,4.06095027923584,-3.78900027275085,-4.71105003356934,7.48800039291382,10.2450008392334,2.87805008888245,-7.28595018386841,-2.15595006942749,-6.14805030822754,-29.287052154541,-33.9780006408691,-29.5140018463135,-24.0439510345459,-18.9690017700195,-14.4660005569458,-13.1490001678467,16.6120510101318,13.7449502944946,15.0340509414673,12.4570503234863,20.8560009002686,2.25104999542236,-15.8440504074097,18.4729499816895,14.8159503936768,11.2470006942749,-0.30105000734329,-2.75100016593933,-2.22405004501343,1.00800001621246,1.56405007839203,POUR
0.08084999769926,-0.38170000910759,-1.89378750324249,-2.34107494354248,-1.02300000190735,0.05211250111461,-2.20467495918274,-15.8393125534058,-14.5993375778198,0.06201250106096,11.6282377243042,9.58938789367676,-4.3623251914978,-15.6766500473022,-13.0715751647949,0.10862500220537,-1.42903745174408,-2.16658759117126,-0.96717500686646,1.44388747215271,4.41650009155273,6.59271240234375,11.4567747116089,10.6141748428345,5.80910015106201,16.4012756347656,20.0664749145508,11.9971494674683,25.8270378112793,25.2658996582031,-5.08873748779297,-6.26807498931885,-7.32421255111694,-7.53940010070801,-4.17546224594116,1.67323744297028,7.75046253204346,23.3011627197266,15.2902746200562,-7.96372509002686,-14.3174619674683,-17.6031627655029,-12.2692623138428,-1.53092503547668,2.2922625541687,1.42095005512238,1.46700012683868,1.3090500831604,0.70800000429153,-14.356050491333,-17.191951751709,-25.0000514984131,-42.9240036010742,-31.9740009307861,-1.14000010490417,17.1109504699707,19.0750503540039,12.78600025177,9.10200023651123,6.03600025177002,2.16105008125305,1.06695008277893,2.7240002155304,2.52795004844666,7.1650505065918,6.03900051116943,-7.94205045700073,-6.25800037384033,-39.3859519958496,-41.7120018005371,-38.0239524841309,-23.3610019683838,-17.7569999694824,-12.0760507583618,-12.1240501403809,8.93805027008057,12.3420009613037,17.22705078125,27.1210517883301,29.3340015411377,22.2040519714355,11.0460004806519,8.30805015563965,12.9480009078979,10.3110008239746,-8.98695087432861,-12.0100507736206,2.27100014686584,3.8730001449585,-0.1000500023365,POUR
0.99893748760223,4.57929992675781,10.9498128890991,8.7433500289917,2.46399998664856,2.18020009994507,0.4687374830246,-8.91329956054688,-10.8094253540039,3.83597493171692,19.1195125579834,13.7659502029419,-0.88921248912811,3.68018746376038,7.03133726119995,2.03513741493225,1.01846253871918,-5.43991231918335,-6.3371000289917,-2.15091252326965,-0.72132498025894,0.44343748688698,10.3465995788574,14.8636121749878,9.11707496643066,11.4199247360229,10.7355871200562,-3.73642492294312,-26.6743125915527,-22.836275100708,-4.44936227798462,-11.085524559021,-25.0091876983643,-17.4557628631592,-1.40937495231628,-0.67856252193451,-1.01983749866486,7.26714992523193,4.70552492141724,-8.68436241149902,-14.4244375228882,-16.5950126647949,-12.9947128295898,-9.06963729858398,-6.07323741912842,-5.13795042037964,-4.3759503364563,-2.0460000038147,-7.10205030441284,-7.07505035400391,-3.19995021820068,-26.3820018768311,-27.4450511932373,-30.8119506835938,-8.06700038909912,4.08704996109009,12.9439506530762,17.4990005493164,10.4740505218506,7.97205018997192,2.78895020484924,4.79805040359497,5.46405029296875,12.1750507354736,15.1620006561279,9.96000003814697,-4.79700040817261,-0.43905001878738,-16.6699504852295,-27.8850021362305,-28.7479515075684,-25.8349514007568,-24.1350002288818,-14.1600008010864,-15.622950553894,9.32400035858154,11.6779508590698,14.6220006942749,21.1699504852295,23.1790504455566,22.1659507751465,7.84095048904419,2.63205003738403,8.86905002593994,11.8510503768921,-1.29900002479553,-1.69200003147125,-4.39905023574829,-2.63295006752014,-1.2109500169754,POUR
-0.93953746557236,-0.3631374835968,2.60342502593994,3.78688740730286,1.21329998970032,0.10449999570847,-0.57406252622604,2.50126242637634,11.2437877655029,12.5479745864868,2.35798740386963,-3.82139992713928,-0.75515002012253,1.48816251754761,1.28507494926453,-1.62360000610352,0.07218749821186,-0.54931247234344,-5.79452514648438,-16.5468883514404,-9.1495246887207,13.1374378204346,9.89697456359863,-0.4989874958992,2.32856249809265,-1.89034998416901,-17.078462600708,-15.8725872039795,-3.64801239967346,-0.75473749637604,-2.16136240959167,-0.45058751106262,-1.50136244297028,-5.0320873260498,-12.9083623886108,-13.7058620452881,-10.5956125259399,-13.1868000030518,-14.5182123184204,-14.8486251831055,-12.0313873291016,-10.5256252288818,-9.24329948425293,-2.14582490921021,3.35376238822937,0.14205001294613,-2.32395005226135,12.9049501419067,2.88000011444092,-7.86795043945313,-26.4820518493652,-10.7970008850098,-16.6549510955811,-11.3140506744385,8.16105079650879,14.9119510650635,12.2110509872437,5.60805034637451,3.62505006790161,0.71505004167557,5.10705041885376,13.85205078125,14.9560508728027,14.8410005569458,13.417950630188,2.51595020294189,-2.28795003890991,-10.7830505371094,-23.4310512542725,-16.0830001831055,-14.6599502563477,-18.5380516052246,-14.8110008239746,-13.0440006256104,-12.8160009384155,25.3390502929688,9.73095035552979,11.9299507141113,5.47305011749268,4.67505025863647,2.38800001144409,-4.5949501991272,10.0039501190186,6.46905040740967,-1.68495011329651,-5.00700044631958,-1.39800012111664,1.42500007152557,-1.42200005054474,-0.56205004453659,POUR
0.84672498703003,0.45319998264313,-1.67365002632141,-1.4195499420166,0.74744999408722,2.78574991226196,9.41957473754883,5.80910015106201,0.52236247062683,13.0327997207642,21.2361869812012,14.4423122406006,6.9871997833252,6.99380016326904,4.13957500457764,8.18344974517822,6.15834999084473,2.29996252059937,1.16737496852875,3.04988741874695,3.60909986495972,0.84039998054504,2.45918750762939,9.16368770599365,13.6054878234863,15.8661251068115,10.3068628311157,-14.3691625595093,-26.5736618041992,-12.9788999557495,-0.22439999878407,-7.66699981689453,-17.4013118743896,-14.9468002319336,-4.30636262893677,-2.65595006942749,-15.5236120223999,-17.2460746765137,-8.03096199035645,-7.96344995498657,-5.81542491912842,-8.89404964447021,-11.5645751953125,-7.22713756561279,-1.67887496948242,2.12805008888245,2.27100014686584,-1.61205005645752,-5.58105039596558,-12.8830509185791,-17.6370010375977,-17.9299507141113,-26.0680503845215,-25.4089508056641,-17.6610012054443,2.21895003318787,18.8520011901855,17.2429504394531,4.48395013809204,-2.50305008888245,2.78895020484924,0.49695003032684,4.93695020675659,5.95500040054321,13.746000289917,5.97900009155273,-11.403000831604,-5.69100046157837,-17.8360500335693,-23.1910514831543,-27.4860019683838,-20.5759506225586,-20.1109504699707,-18.5110511779785,-16.2100505828857,10.3230009078979,14.9089508056641,25.3920021057129,28.173002243042,18.4249515533447,14.4589509963989,6.08595037460327,-3.97200012207031,-3.82905006408691,0.10095000267029,3.66405010223389,5.77005004882813,-2.27205014228821,-1.17495000362396,-11.0449504852295,POUR
0.32229998707771,0.26289999485016,0.16417500376701,0.00247499998659,-0.3797749876976,-2.37737488746643,-6.70711231231689,-5.27697515487671,1.36936247348785,4.51123762130737,-1.15802502632141,-17.3293991088867,-17.4524631500244,-3.5294873714447,2.98883748054504,1.25991249084473,0.84686249494553,0.20858749747276,-0.0945999994874,0.07548750191927,1.94287502765656,7.70660018920898,10.0890626907349,6.87541246414185,5.79809999465942,11.3379745483398,18.8611507415771,15.8001251220703,8.84991264343262,4.97804975509644,-0.8926500082016,-0.89347499608994,-0.93720000982285,-0.93967497348785,-1.41418755054474,-2.6417875289917,-7.68790006637573,-9.14141273498535,-2.05617499351501,4.22977495193481,17.1595878601074,30.0671253204346,13.670524597168,-6.65637493133545,-7.13831233978271,8.11305046081543,8.46000003814697,8.05995082855225,7.56405019760132,8.87895011901855,1.38105010986328,6.00495052337646,4.13505029678345,-12.3280506134033,-15.5700006484985,-17.6110515594482,-24.9850521087646,-16.0090503692627,-6.48405027389526,4.56405019760132,-3.70305013656616,-3.12105011940002,-3.37995004653931,-1.30305004119873,-2.59605002403259,-1.55895006656647,-1.71495008468628,1.09605002403259,13.9519510269165,12.8580007553101,-12.2920503616333,-1.61505007743835,-9.81495094299316,-16.8679504394531,-17.4100513458252,5.63595008850098,5.15205001831055,4.78305006027222,4.58205032348633,4.92705011367798,12.3540010452271,16.303050994873,30.3259506225586,26.803050994873,22.2930011749268,7.73805046081543,-12.6139507293701,11.7979507446289,-3.14595007896423,-8.28795051574707,POUR
-6.10362482070923,-6.22998762130737,-6.28154993057251,-2.18611240386963,-0.06476250290871,0.77233749628067,0.57873749732971,0.09886249899864,-0.81454998254776,-5.96268749237061,-12.6992244720459,-8.605299949646,-1.037024974823,-0.35131248831749,2.66557502746582,-3.85041236877441,-7.2677001953125,-9.32909965515137,-3.52522492408752,0.18424999713898,-0.07287500053644,-0.57392501831055,-0.0527999997139,2.19518756866455,6.51805019378662,9.18678760528564,15.2987995147705,23.9402618408203,7.87338733673096,-9.4972620010376,-15.0027627944946,-21.9265747070313,-26.4822254180908,-13.3163251876831,-3.4817750453949,-1.62744998931885,-1.08844995498657,-0.4478375017643,1.25014996528625,9.31053733825684,13.3935995101929,-0.76436251401901,-5.73361253738403,7.44466257095337,4.93349981307983,1.14795005321503,-0.6730500459671,-0.61605000495911,-1.49505007266998,-0.25905001163483,-1.44900012016296,-2.34300017356873,-6.87195014953613,-14.6359510421753,-14.0659503936768,-1.2960000038147,-1.51200008392334,-9.84405040740967,-13.3909502029419,-2.92995023727417,3.84300017356873,3.98205018043518,3.93105030059814,4.26405000686646,5.74695014953613,8.23500061035156,10.6230001449585,11.3320503234863,0.70305001735687,-17.002950668335,-0.33795002102852,-1.12604999542236,-2.24895000457764,-1.54005002975464,-9.19695091247559,8.27700042724609,11.3260507583618,9.64695072174072,9.01005077362061,11.4670505523682,18.1830005645752,23.7490520477295,25.6650009155273,29.976001739502,-2.73195004463196,-10.7359504699707,3.99495029449463,-1.90095007419586,0.58005005121231,-0.54704999923706,POUR
-5.96268749237061,-12.6992244720459,-8.605299949646,-1.037024974823,-0.35131248831749,2.66557502746582,-4.16734981536865,-8.68188762664795,-2.20811247825623,-2.13069987297058,-1.20669996738434,0.19511249661446,1.39122498035431,1.73786246776581,1.4719375371933,6.51805019378662,9.18678760528564,15.2987995147705,23.9402618408203,7.87338733673096,-9.4972620010376,-7.84767484664917,-8.5639123916626,-6.05935001373291,-2.62638759613037,-2.78368759155273,-3.24183750152588,-2.84088754653931,-1.43879997730255,-0.52841252088547,9.31053733825684,13.3935995101929,-0.76436251401901,-5.73361253738403,7.44466257095337,4.93349981307983,-7.23194980621338,-17.6600875854492,-18.0813865661621,-5.69786262512207,1.35189998149872,3.24279999732971,2.85326242446899,0.33756250143051,-3.04782509803772,-14.0659503936768,-1.2960000038147,-1.51200008392334,-9.84405040740967,-13.3909502029419,-2.92995023727417,10.3549509048462,15.4300508499146,13.8319501876831,5.75100040435791,0.95205003023148,2.12295007705688,3.61005020141602,3.85005021095276,5.10000038146973,-17.002950668335,-0.33795002102852,-1.12604999542236,-2.24895000457764,-1.54005002975464,-9.19695091247559,-9.51300048828125,-18.271951675415,-19.195951461792,-14.9140510559082,-14.4660005569458,-9.78600025177002,-8.20095062255859,-7.89405059814453,-6.80895042419434,-2.73195004463196,-10.7359504699707,3.99495029449463,-1.90095007419586,0.58005005121231,-0.54704999923706,2.84805011749268,-1.96800005435944,-7.04295015335083,-3.32100009918213,-5.27295017242432,-0.07605000585318,0.03405000269413,-2.02305006980896,0.37395000457764,POUR
0.05939999967813,0.15180000662804,0.83751249313354,1.30638754367828,0.0582999996841,-1.02904999256134,-9.26392459869385,-5.92226266860962,1.67983746528625,-0.3979249894619,-5.77073764801025,-26.8391742706299,-26.096399307251,-3.25751256942749,0.07136250287294,0.04564999789,-0.09735000133514,0.56443750858307,1.49036252498627,1.8631249666214,1.87453746795654,3.05387496948242,6.17141246795654,6.48931264877319,5.34558725357056,5.79328727722168,8.34459972381592,11.824725151062,8.67556285858154,1.45529997348785,-0.38486251235008,-0.29878750443459,-0.66233748197556,-1.23708748817444,-1.14647495746613,-1.67461252212524,-22.806713104248,-17.6947364807129,3.68321251869202,5.46479988098145,8.55593776702881,25.7039756774902,18.4731254577637,-2.52656245231628,-3.89977502822876,5.68200016021729,4.50104999542236,2.84595012664795,3.89295029640198,1.91700005531311,2.46105003356934,-7.09905052185059,-10.2799501419067,-21.2320518493652,-14.7970504760742,-8.625,-18.0610504150391,-21.151050567627,-14.6910009384155,-3.61395025253296,-0.06300000101328,1.11705005168915,0.93495005369186,0.06105000153184,0.24495001137257,0.40305000543594,0.82695001363754,9.48795032501221,8.43600082397461,-3.13500022888184,-5.81295013427734,0.61200004816055,-13.3210506439209,-17.1970500946045,-21.1909503936768,7.40295028686523,6.2029504776001,7.20900011062622,6.55005025863647,7.31205034255981,8.93100070953369,22.5400505065918,30.4099521636963,36.4069519042969,9.43200016021729,0.0,-5.58195018768311,-0.68205004930496,-4.0009503364563,-0.28905001282692,POUR
2.39387488365173,2.07033753395081,1.05627501010895,-0.36643749475479,-1.38545000553131,-0.60816252231598,0.85140001773834,2.80637502670288,0.8981499671936,-2.61827492713928,-3.23234987258911,-9.42136287689209,-19.1151123046875,-12.1855249404907,0.96222501993179,1.83424997329712,0.77494996786118,1.31023752689362,3.29972505569458,4.50601243972778,3.86856245994568,4.74842500686646,16.0840625762939,22.4835872650146,12.4772996902466,6.0691123008728,7.14656257629395,11.6176500320435,16.6442375183105,6.71013736724854,-2.69032502174377,-2.28373742103577,-1.49146246910095,-0.9590625166893,0.25877499580383,1.39383745193481,5.58346223831177,31.7373371124268,46.3782005310059,24.3746242523193,8.18798732757568,14.5579500198364,21.2115745544434,12.0734624862671,4.55592489242554,4.57305002212524,2.94900012016296,3.55995011329651,0.45795002579689,1.10699999332428,0.51794999837875,1.35195004940033,-3.3030002117157,-6.49995040893555,-15.1990509033203,-12.4429502487183,-4.57005023956299,-4.35000038146973,-14.2339506149292,-12.5239505767822,3.64200019836426,4.30695009231567,3.16695022583008,3.15795016288757,3.22995018959045,4.35300016403198,5.63700008392334,8.70705032348633,9.76995086669922,3.19800019264221,-3.74100017547607,-1.85595011711121,4.57800006866455,1.61805009841919,-6.47895050048828,4.92705011367798,7.16400051116943,6.76395034790039,9.87195014953613,8.00895023345947,6.76095008850098,12.1140003204346,26.5420513153076,39.1319999694824,23.4760513305664,9.63000011444092,-6.45405054092407,-8.48895072937012,6.60300016403198,0.4650000333786,POUR
-1.08638751506805,-0.76064997911453,0.86061251163483,3.77244997024536,6.29351234436035,-2.49259996414185,-11.1681623458862,-6.40983724594116,-1.4392124414444,1.44044995307922,2.5917375087738,1.01007497310638,-0.56773751974106,-1.03881251811981,-2.16686248779297,-0.20019999146461,0.36492499709129,2.68784999847412,7.61749982833862,10.9506378173828,17.7109622955322,20.1925621032715,11.3060750961304,6.40035009384155,5.45572519302368,0.13461250066757,-6.31303739547729,-4.28188753128052,-0.42625001072884,-0.67512500286102,-3.73862504959106,-1.72755002975464,3.93195009231567,9.38423728942871,8.28987503051758,13.6778125762939,14.4827375411987,-1.4913250207901,-11.6106376647949,-10.3179998397827,-8.33084964752197,-11.6912126541138,-11.5115003585815,-6.95791244506836,-2.22420001029968,4.41495037078857,6.37200021743774,-9.07500076293945,-14.9239511489868,-12.1500005722046,-14.8759508132935,-11.3820009231567,-25.195951461792,-18.5160007476807,-0.61800003051758,0.51105004549026,15.1930503845215,11.9160003662109,7.2529501914978,3.63900017738342,-0.32400000095367,-1.88295006752014,6.29295015335083,18.5149517059326,19.9969501495361,1.53900003433228,-6.74505043029785,-5.54700040817261,-23.8909511566162,-23.0599517822266,-25.8690013885498,-9.35805034637451,-15.1009502410889,-14.2360506057739,-13.9180507659912,9.59400081634521,11.5579509735107,27.8449516296387,13.276050567627,9.41700077056885,9.97500038146973,-3.80505013465881,0.99195003509521,-1.67295002937317,5.71500015258789,10.1479501724243,-7.44000053405762,3.76695013046265,0.02895000204444,-3.27300024032593,POUR
0.2072124928236,2.07459998130798,-4.51219987869263,-8.18963718414307,-2.98539996147156,1.11443746089935,4.29316234588623,7.21572494506836,17.594087600708,11.8931999206543,-1.62909996509552,-10.5491371154785,-17.8259124755859,-11.1484994888306,-7.60099983215332,-0.48702499270439,-0.71829998493195,3.04122495651245,5.30832481384277,2.82878756523132,2.87856245040894,6.18048763275146,8.15017509460449,-0.85277497768402,-2.92985010147095,2.24207496643066,-10.0959377288818,-25.3365745544434,-16.627462387085,1.84043753147125,-1.03633749485016,2.06703758239746,-7.26563739776611,-13.6621370315552,-4.65904998779297,3.17487502098084,3.34977507591248,-1.89034998416901,-15.1164751052856,-18.0048007965088,-10.3576002120972,-6.99256229400635,-3.27483749389648,-6.65513753890991,-7.56277513504028,6.34995031356812,3.48600006103516,3.11505007743835,8.48400020599365,3.20805025100708,-13.195050239563,-15.9940509796143,-23.613000869751,-27.2170505523682,-17.4940509796143,-10.0260000228882,3.89805006980896,8.42205047607422,5.99295043945313,4.67805004119873,0.43200001120567,-0.32595002651215,0.7990500330925,-2.19195008277893,0.43500003218651,9.84900093078613,12.35205078125,10.1200504302979,-9.8700008392334,-19.7329502105713,-21.541051864624,-18.8539505004883,-12.5020503997803,-11.4480009078979,-14.1979503631592,5.18505001068115,8.68905067443848,19.0690517425537,19.8499507904053,23.5570507049561,15.31605052948,12.2269506454468,5.76000022888184,9.40005016326904,5.3430004119873,8.37795066833496,3.46800017356873,-8.43405055999756,-5.9170503616333,2.92905020713806,POUR
0.34416249394417,0.66481250524521,0.36423748731613,-0.5489000082016,-2.13056254386902,-2.19147491455078,1.60393750667572,4.71088743209839,4.37992477416992,2.59902501106262,1.88443744182587,2.00034999847412,-1.61424994468689,-13.1027870178223,-24.2192497253418,-0.09253749996424,1.75724995136261,3.78592491149902,4.37057495117188,6.21390008926392,8.97792530059814,7.1105375289917,4.58383750915527,3.72597503662109,2.30326247215271,-0.09129999577999,0.94297498464584,9.0337495803833,10.0795745849609,-1.22168743610382,-1.39287495613098,-1.9432874917984,-2.07074999809265,-1.8156875371933,-3.87681245803833,-9.53397464752197,-9.66033744812012,-3.75553750991821,0.17696249485016,-0.47038748860359,-7.78511238098145,-15.3146123886108,-11.6456995010376,-5.25964975357056,-9.12642478942871,6.74805021286011,6.90105009078979,5.40900039672852,-0.47505003213882,0.73605000972748,1.94805014133453,-4.06005001068115,-4.80495023727417,-11.6329507827759,-7.95900058746338,-13.7089509963989,-16.4779510498047,-11.1469507217407,-3.66195011138916,-0.13500000536442,-4.10805034637451,-4.89105033874512,-6.23700046539307,-2.206050157547,-0.94395005702972,0.21900001168251,1.08105003833771,11.4040508270264,11.9380502700806,1.82100009918213,-4.32105016708374,-6.82095050811768,-6.49995040893555,-6.95100021362305,-7.14195013046265,6.62700033187866,10.0420503616333,8.5290002822876,5.11800003051758,9.15405082702637,9.68805027008057,17.8549499511719,23.4139518737793,28.7809505462646,22.9900512695313,11.7330007553101,-6.99195051193237,-8.23500061035156,-3.00705003738403,3.6499502658844,POUR
0.12155000120401,-0.17366249859333,-0.83146250247955,-2.16837501525879,-2.29776239395142,0.11948750168085,1.29208743572235,1.89172494411469,2.55433750152588,2.73748755455017,4.04112482070923,8.67913722991943,11.9737749099731,9.78367519378662,0.87395000457764,0.72008746862411,0.2576749920845,1.01543748378754,4.82776260375977,8.08087539672852,4.25576257705688,-1.54866254329681,-1.56062495708466,1.82242500782013,4.65423727035522,2.20109987258911,-0.66687500476837,3.58984994888306,5.52736234664917,-0.40851250290871,-0.51782500743866,-0.90956246852875,-1.69166254997253,-7.31486225128174,-14.6401748657227,-11.2282495498657,-2.49851250648499,0.04207500070333,1.12915003299713,0.52882498502731,-7.12882518768311,-15.3030624389648,-11.7240753173828,-8.24312496185303,-8.95922470092773,6.52500009536743,4.4650502204895,-0.06705000251532,1.27995002269745,1.63200008869171,3.66795015335083,3.40905022621155,1.17495000362396,-7.39605045318604,-7.16205024719238,-7.95195055007935,-10.2130508422852,-18.961950302124,-12.9340505599976,-8.824049949646,-2.44095015525818,-3.85605025291443,0.01800000108778,-1.97895014286041,-0.59205001592636,0.70995002985001,1.20300006866455,5.63700008392334,9.2790002822876,10.4550008773804,4.51605033874512,5.9170503616333,3.33000016212463,-8.3230504989624,-8.3730001449585,9.41205024719238,7.19700050354004,10.4970006942749,9.99705028533936,11.0479507446289,7.16595029830933,12.01305103302,25.3470020294189,28.2330017089844,17.5240516662598,0.6730500459671,-4.69605016708374,2.61795020103455,1.04895007610321,3.11400008201599,POUR
-0.02227500081062,0.31721249222755,-0.01209999993443,-0.25231251120567,-0.25148749351501,0.00109999999404,0.8123499751091,1.2227874994278,3.17514991760254,5.49230003356934,7.26275014877319,7.09046268463135,3.49401259422302,2.63367509841919,28.8721122741699,-0.20446249842644,0.96222501993179,2.55048751831055,3.09306240081787,2.17511248588562,1.71503746509552,2.12465000152588,3.30371236801147,5.73746252059937,5.51608753204346,1.9909999370575,1.30198752880096,6.267662525177,12.0436248779297,27.3545246124268,-1.90795004367828,-2.56286239624023,-2.88131237030029,-3.66245007514954,-4.16184997558594,-4.32726240158081,-4.50285005569458,-3.48548746109009,-3.2905125617981,-6.56012487411499,-11.9249620437622,-13.4052877426147,-11.2124376296997,-9.35137462615967,2.62652492523193,5.07405042648315,3.22905015945435,3.19800019264221,5.45895004272461,2.94405007362366,4.30695009231567,2.09700012207031,-5.41800022125244,-12.4330501556396,-18.1470012664795,-17.7400512695313,-17.5870513916016,-20.4970512390137,-1.22895002365112,-9.528000831604,-5.1259503364563,-4.53900003433228,-4.44495010375977,-2.67600011825562,-2.19705009460449,-1.09200000762939,-0.43905001878738,3.80895018577576,11.2510509490967,12.201000213623,-7.20705032348633,-8.01195049285889,-6.46005010604858,-15.2590503692627,-9.24705028533936,9.16605091094971,9.16095066070557,7.1850004196167,11.4630002975464,9.96795082092285,9.68100070953369,6.65295028686523,24.3889503479004,25.2360019683838,18.8250007629395,14.5399503707886,-1.76895010471344,-10.5780000686646,-6.13695049285889,5.68305015563965,POUR
0.2774749994278,0.06063750013709,-0.09803749620914,-0.53006249666214,-0.94778752326965,-0.7957124710083,0.70661246776581,0.58712500333786,0.0867625027895,1.75587499141693,1.06273746490479,-6.20262479782104,-6.54692506790161,-1.68451249599457,3.61446237564087,0.92908751964569,0.66453748941422,1.70156252384186,3.10612487792969,3.53897500038147,2.03197503089905,0.46200001239777,-0.15661250054836,1.02520000934601,4.91521263122559,8.05062484741211,8.65823745727539,7.31926250457764,6.65362501144409,11.206524848938,-1.76673746109009,-1.9542875289917,-2.80403757095337,-4.84563732147217,-8.02257537841797,-8.78322505950928,-7.33878755569458,-4.78101253509521,-1.36454999446869,1.68739998340607,7.72695016860962,17.5568256378174,10.7889375686646,-4.8596625328064,-7.80986261367798,4.51800012588501,2.46300005912781,1.07595002651215,1.52700006961823,2.9280002117157,2.91300010681152,4.96095037460327,2.62095022201538,-12.5220003128052,-14.2699508666992,-13.4320507049561,-8.44995021820068,-18.7390518188477,-21.8310012817383,-15.1150503158569,-3.52800011634827,-1.40100002288818,-2.32800006866455,-1.97895014286041,-1.35105001926422,2.67900013923645,-2.81205010414124,1.15995001792908,5.98095035552979,8.403000831604,5.04300022125244,-1.40895009040833,-5.53500032424927,-11.050950050354,-12.8230504989624,10.150050163269,10.5240001678467,9.75495052337646,10.5520505905151,10.1430006027222,14.3100004196167,12.748950958252,22.1539516448975,28.3740005493164,17.4430503845215,20.60205078125,9.08895015716553,1.08495008945465,-0.39705002307892,-5.35695028305054,POUR
1.74776244163513,1.1863499879837,1.14289999008179,-0.05169999971986,-1.68299996852875,-2.28401255607605,0.14643749594688,5.1059250831604,5.00775003433228,0.18150000274181,-8.16241264343262,-9.57632541656494,1.61411249637604,9.60506248474121,11.6278247833252,0.73356246948242,0.35254999995232,-0.30153748393059,-0.97102499008179,-1.56708753108978,0.82115000486374,3.79609990119934,6.09111261367798,8.52334976196289,12.7568378448486,17.4334869384766,15.52223777771,13.3824625015259,11.6429500579834,6.29062509536743,-1.34543752670288,-1.83397495746613,-2.83758759498596,-2.92861247062683,-1.9042375087738,-3.58613753318787,-4.09571266174316,3.23702502250671,9.4352502822876,11.6609621047974,15.1454877853394,6.90469980239868,-7.00094985961914,-7.23772478103638,-3.13527488708496,5.56500005722046,4.34595012664795,5.6650505065918,5.65800046920776,3.24600005149841,1.15305006504059,1.33995008468628,-2.20395016670227,-15.2659511566162,-23.8570518493652,-13.4530506134033,-14.907000541687,-6.83100032806396,-12.7680006027222,-0.94395005702972,-0.06300000101328,0.41505002975464,0.86595004796982,-1.93995010852814,2.7720000743866,3.70095014572144,8.75505065917969,10.8390007019043,17.5090503692627,7.79505014419556,-10.0230007171631,-1.71000003814697,-4.80495023727417,-8.82600021362305,-19.7110500335693,10.4419507980347,7.68105030059814,9.91095066070557,4.81605005264282,9.56100082397461,14.5999507904053,11.9850006103516,18.5830516815186,25.5760517120361,15.0600004196167,7.09395027160645,-28.0369510650635,8.65799999237061,-0.55695003271103,-0.84195005893707,POUR
6.49604988098145,-0.82788747549057,-4.89431238174438,-4.84192514419556,-1.34777498245239,4.10904979705811,9.95664978027344,14.7543001174927,13.004337310791,4.91466236114502,13.5487003326416,13.8698997497559,2.50566244125366,2.16603755950928,0.90076249837875,2.97880005836487,6.16068744659424,10.3445377349854,11.5763998031616,11.2165622711182,7.9667501449585,8.15581226348877,13.2165002822876,15.6600122451782,3.78633737564087,-25.801736831665,-24.5297241210938,-4.19058752059937,-2.49136257171631,-0.35172501206398,19.7320747375488,21.2558498382568,16.0712757110596,6.15339994430542,-4.93253755569458,-8.7874870300293,-7.87902498245239,-6.85327482223511,-10.0040874481201,-13.2114124298096,-7.72777509689331,-1.66168749332428,2.07941246032715,3.01702499389648,0.942287504673,-14.9359502792358,-17.3809509277344,-24.3670520782471,-11.6809501647949,-20.8540515899658,-12.7680006027222,-4.50104999542236,-2.47200012207031,72.2200546264648,22.195951461792,7.80405044555664,5.31300020217896,5.58600044250488,3.36105012893677,2.0029501914978,13.5349502563477,10.3879508972168,0.07500000298023,-9.60900020599365,-9.46305084228516,-18.8850002288818,-21.0289516448975,-20.0610008239746,-27.3540019989014,-17.0620498657227,-16.488000869751,-13.0560007095337,-10.2130508422852,-7.87005043029785,-7.9350004196167,30.3709506988525,18.8370018005371,2.20800018310547,-1.91505014896393,-1.49595010280609,2.45505023002625,0.40005001425743,7.66200017929077,-14.0650510787964,-2.27895021438599,2.53395009040833,-2.62605023384094,1.31505000591278,2.14394998550415,0.37800002098083,POUR
3.0240375995636,3.69943737983704,0.93843752145767,-0.96511250734329,-1.79698753356934,-0.05183750018477,5.07072496414185,6.16041231155396,1.21797502040863,-1.95648753643036,-2.34739995002747,-2.20714998245239,4.46283769607544,16.0593128204346,9.38465023040771,4.67775011062622,2.06401252746582,-0.09666249901056,-1.0700249671936,-1.97395002841949,-1.31766247749329,3.72460007667542,12.6869878768921,17.8179378509521,10.1099624633789,1.48280000686646,1.34640002250671,8.07468700408936,24.3335132598877,18.9237117767334,-2.02166247367859,-0.76628750562668,-0.80588752031326,-0.63827496767044,-0.2759625017643,1.7491375207901,23.8418121337891,34.6003608703613,17.1488628387451,1.78186249732971,-6.7329626083374,-9.60849952697754,-13.4550628662109,-18.367525100708,-15.8731374740601,0.86100006103516,1.39305007457733,0.21405000984669,8.31900024414063,3.42600011825562,-3.08295011520386,-14.3350505828857,-18.2650508880615,-26.4199504852295,-12.6649503707886,-23.742000579834,-5.9040002822876,4.94400024414063,6.6540002822876,3.37800025939941,3.35205006599426,-1.88505005836487,2.90895009040833,-1.08495008945465,0.65295004844666,4.75305032730103,10.16100025177,20.1340503692627,6.24300050735474,-15.7999505996704,-11.5080003738403,-21.939001083374,-22.6360511779785,-17.2080001831055,-11.60205078125,7.54395055770874,11.5579509735107,19.756950378418,12.247950553894,20.5279502868652,15.6060009002686,8.95305061340332,8.074049949646,11.5200004577637,11.2540502548218,7.37205028533936,1.78005003929138,7.37400054931641,-3.82605028152466,-1.53705012798309,POUR
3.16098737716675,5.18375015258789,5.9782247543335,4.31323766708374,1.68451249599457,1.59926247596741,1.97862493991852,-1.0592999458313,-3.73339986801147,-4.27955007553101,-4.30168724060059,-1.60366249084473,5.73883724212646,10.2983369827271,13.8404750823975,3.72432494163513,4.42942476272583,2.17112493515015,0.01457499992102,-0.0244750007987,-0.12182500213385,-0.13062499463558,3.9918999671936,9.70323753356934,9.95816230773926,10.4220876693726,11.8218374252319,13.3834247589111,8.18111228942871,7.51148748397827,0.3134999871254,-1.23777496814728,-3.44643759727478,-6.07695007324219,-10.6660127639771,-13.0640125274658,-6.59133768081665,18.0809745788574,30.5040988922119,16.9793243408203,6.90854978561401,-0.90488749742508,-5.64162492752075,-3.90156245231628,-4.74196243286133,-1.5040500164032,-0.71700000762939,0.13500000536442,-8.69400024414063,-1.78695011138916,-3.30600023269653,-3.1519501209259,-9.14700031280518,-15.421950340271,-24.1969509124756,-18.7890014648438,-17.3950500488281,-20.5540504455566,-5.46105003356934,21.9940509796143,0.33195000886917,2.80995011329651,1.75905013084412,-0.31905001401901,0.99705004692078,4.26195001602173,4.25895023345947,11.3100004196167,12.3910503387451,-0.86505001783371,3.49995017051697,-9.02895069122314,-10.1310005187988,-22.7269515991211,-20.4709510803223,8.49300003051758,9.61800003051758,11.5579509735107,12.9259510040283,17.5150508880615,11.3740501403809,16.9399509429932,20.0320510864258,28.4290504455566,0.22005000710487,-7.48800039291382,-9.2959508895874,-11.7660007476807,0.85695004463196,1.84200012683868,POUR
-0.4989874958992,-0.49376249313354,0.70179998874664,0.83916246891022,0.94297498464584,1.22361254692078,1.29414999485016,2.59641242027283,5.73581266403198,-1.52680003643036,-8.32301235198975,-4.11798763275146,0.16994999349117,7.14518737792969,12.9744997024536,1.08088743686676,0.91423749923706,2.02647495269775,2.70393753051758,2.88062500953674,2.09384989738464,1.40098750591278,1.78887498378754,5.09740018844604,18.3144493103027,19.2549495697021,10.9575128555298,13.5382499694824,12.3096876144409,7.03711223602295,-1.83548748493195,-1.44815003871918,-1.06851243972778,-0.69492501020432,-0.54532498121262,-0.93389999866486,-1.26142501831055,-1.77457499504089,0.00398749997839,25.6995754241943,28.6666870117188,4.53873729705811,-4.02930021286011,-4.78018760681152,-2.26764988899231,6.93495035171509,4.09905004501343,4.25895023345947,3.706050157547,2.35500001907349,3.4740002155304,3.03795003890991,-4.67805004119873,-17.5270500183105,-21.7450504302979,-19.7500514984131,-19.6420516967773,-8.43795013427734,-13.7959508895874,-2.54595017433167,-5.02005004882813,-2.74305009841919,-3.97395014762878,-3.49500012397766,-0.79095005989075,-2.37900018692017,-0.43095001578331,10.9440002441406,21.3360004425049,0.73905003070831,6.89205026626587,-5.19000005722046,-7.69305038452148,-7.87005043029785,-11.0940008163452,5.97600030899048,8.53800010681152,9.9060001373291,10.1550006866455,10.6579504013062,10.4610004425049,11.0839509963989,19.7730007171631,32.6149520874023,28.5150012969971,-13.150050163269,-1.41705012321472,-8.58300018310547,-3.72795009613037,-0.07995000481606,POUR
6.50209999084473,4.54698753356934,3.57981252670288,5.1932373046875,5.01984977722168,2.02427506446838,2.64453744888306,4.67706251144409,2.75055003166199,-1.46918749809265,-25.0508499145508,-22.8881130218506,2.33571243286133,3.15686249732971,1.77691245079041,5.38133764266968,4.9875373840332,1.49338746070862,-1.92018747329712,-2.38768744468689,-0.50806248188019,-1.75615000724792,-1.62373745441437,6.5045747756958,9.28922462463379,0.91162496805191,2.52216243743896,16.7923240661621,32.2074508666992,21.4706249237061,0.96909999847412,-2.66502499580383,-10.1121625900269,-16.4619121551514,-12.8138999938965,-5.36304998397827,-9.50345039367676,-13.6192378997803,-8.86256217956543,-5.94659996032715,-4.66826248168945,-7.63014984130859,-5.14882516860962,6.72966241836548,5.49312496185303,0.1950000077486,-2.19405007362366,-3.04905009269714,-5.82705020904541,-10.5240001678467,-10.0399503707886,-8.36100006103516,-35.5540504455566,-39.6360015869141,-12.046950340271,-2.76405024528503,2.48700022697449,5.42805004119873,6.89595031738281,7.80600023269653,1.78095006942749,3.36105012893677,6.73605012893677,11.1670503616333,11.5140008926392,2.47305011749268,8.91795063018799,4.22100019454956,-14.5189504623413,-16.6219501495361,-16.090051651001,-11.6350507736206,-15.8940010070801,-17.8720512390137,-21.8860511779785,10.3249502182007,14.15505027771,15.5130004882813,22.5589504241943,27.1090507507324,17.3059501647949,14.3850002288818,11.0430002212524,-2.59800004959106,-8.66205024719238,-12.6829509735107,-2.29605007171631,-5.72505044937134,-5.44800043106079,-4.31505012512207,POUR
0.06393750011921,0.72984999418259,3.4568874835968,6.72911262512207,7.85111236572266,7.93223762512207,6.4702000617981,3.57417488098145,0.1568875014782,-2.70462489128113,-1.66471254825592,-10.5434999465942,-10.8376121520996,6.78480005264282,15.4658622741699,1.85074996948242,3.5986499786377,5.05504989624023,4.13118743896484,0.85593748092651,-2.0433874130249,-3.71676254272461,-2.88969993591309,0.21697500348091,4.55564975738525,9.38052463531494,9.55487537384033,3.70053744316101,2.68152499198914,19.5986995697021,-1.4412750005722,-3.86168742179871,-8.94396209716797,-11.2079000473022,-8.46738719940186,-6.07337474822998,-4.33523750305176,-2.65017509460449,-5.07622480392456,-8.35367488861084,-7.18478727340698,-7.40107488632202,-7.02666234970093,-9.63792514801025,-13.0597496032715,-1.49700009822845,-0.98205006122589,-2.85000014305115,-2.06505012512207,-4.40700006484985,-4.1050500869751,-2.38305020332336,-13.5540008544922,-28.0510520935059,-9.11595058441162,-16.0660514831543,-11.2789506912231,-3.85200023651123,8.84805011749268,-1.26705002784729,-2.80695009231567,0.00795000046492,4.08900022506714,5.82300043106079,13.3770008087158,20.9070014953613,15.178050994873,12.2830505371094,-3.7150502204895,1.11000001430511,3.55305027961731,-8.33700084686279,-15.9649505615234,-24.4030513763428,-12.7110004425049,10.5259504318237,11.331000328064,8.27205085754395,14.5519504547119,16.7820014953613,9.48705005645752,14.401050567627,16.9540500640869,4.764000415802,-9.84495067596436,-5.61495018005371,0.08895000070333,1.60500001907349,-3.37095022201538,8.82299995422363,POUR
2.88653755187988,4.43726253509521,4.33221244812012,3.73903751373291,3.17790007591248,5.98716259002686,8.32287502288818,4.93941259384155,0.30882498621941,-3.48562502861023,-16.570125579834,-23.5668125152588,-6.63808727264404,4.81236267089844,2.58211255073547,4.24545001983643,2.8967125415802,0.71981251239777,-0.92922496795654,-3.38318753242493,-4.15387487411499,-2.07583737373352,-2.13743758201599,-1.96226251125336,2.47101259231567,3.69957494735718,-0.69753748178482,1.9904500246048,11.6738872528076,11.9780378341675,-6.44764995574951,-6.26601266860962,-5.02754974365234,-4.67032480239868,-5.24149990081787,-2.83263754844666,-0.28641250729561,-3.96481251716614,-10.8857374191284,-13.7207126617432,-10.623387336731,-8.73826217651367,-11.2340250015259,-8.62083721160889,-4.42901229858398,-0.84600001573563,-1.9980001449585,-0.28095000982285,1.32300007343292,3.60105013847351,1.13100004196167,-0.47895002365112,-20.3580017089844,-31.3510513305664,-20.9350509643555,-4.71405029296875,-10.0380001068115,2.12505006790161,3.77805018424988,-0.78105002641678,4.20405006408691,4.65900039672852,3.70095014572144,7.10700035095215,11.8279504776001,18.5050506591797,18.5599517822266,9.0730504989624,2.38905000686646,-19.1560516357422,-10.4470500946045,-10.9980001449585,-22.8799514770508,-16.9830017089844,-12.0690002441406,8.86905002593994,18.0580501556396,11.767050743103,10.6150503158569,7.37205028533936,4.7920503616333,4.09800004959106,9.5440502166748,11.1030006408691,-11.3059501647949,-11.5549507141113,12.6390008926392,-2.83005023002625,-4.48200035095215,9.82905006408691,POUR
