gyro_x_0,gyro_y_0,gyro_z_0,acc_x_0,acc_y_0,acc_z_0,gyro_x_1,gyro_y_1,gyro_z_1,acc_x_1,acc_y_1,acc_z_1,gyro_x_2,gyro_y_2,gyro_z_2,acc_x_2,acc_y_2,acc_z_2,gyro_x_3,gyro_y_3,gyro_z_3,acc_x_3,acc_y_3,acc_z_3,gyro_x_4,gyro_y_4,gyro_z_4,acc_x_4,acc_y_4,acc_z_4,gyro_x_5,gyro_y_5,gyro_z_5,acc_x_5,acc_y_5,acc_z_5,gyro_x_6,gyro_y_6,gyro_z_6,acc_x_6,acc_y_6,acc_z_6,gyro_x_7,gyro_y_7,gyro_z_7,acc_x_7,acc_y_7,acc_z_7,gyro_x_8,gyro_y_8,gyro_z_8,acc_x_8,acc_y_8,acc_z_8,gyro_x_9,gyro_y_9,gyro_z_9,acc_x_9,acc_y_9,acc_z_9,gyro_x_10,gyro_y_10,gyro_z_10,acc_x_10,acc_y_10,acc_z_10,gyro_x_11,gyro_y_11,gyro_z_11,acc_x_11,acc_y_11,acc_z_11,gyro_x_12,gyro_y_12,gyro_z_12,acc_x_12,acc_y_12,acc_z_12,gyro_x_13,gyro_y_13,gyro_z_13,acc_x_13,acc_y_13,acc_z_13,gyro_x_14,gyro_y_14,gyro_z_14,acc_x_14,acc_y_14,acc_z_14,gyro_x_15,gyro_y_15,gyro_z_15,acc_x_15,acc_y_15,acc_z_15,gyro_x_16,gyro_y_16,gyro_z_16,acc_x_16,acc_y_16,acc_z_16,gyro_x_17,gyro_y_17,gyro_z_17,acc_x_17,acc_y_17,acc_z_17,gyro_x_18,gyro_y_18,gyro_z_18,acc_x_18,acc_y_18,acc_z_18,gyro_x_19,gyro_y_19,gyro_z_19,acc_x_19,acc_y_19,acc_z_19,gyro_x_20,gyro_y_20,gyro_z_20,acc_x_20,acc_y_20,acc_z_20,gyro_x_21,gyro_y_21,gyro_z_21,acc_x_21,acc_y_21,acc_z_21,gyro_x_22,gyro_y_22,gyro_z_22,acc_x_22,acc_y_22,acc_z_22,gyro_x_23,gyro_y_23,gyro_z_23,acc_x_23,acc_y_23,acc_z_23,gyro_x_24,gyro_y_24,gyro_z_24,acc_x_24,acc_y_24,acc_z_24,gyro_x_25,gyro_y_25,gyro_z_25,acc_x_25,acc_y_25,acc_z_25,gyro_x_26,gyro_y_26,gyro_z_26,acc_x_26,acc_y_26,acc_z_26,gyro_x_27,gyro_y_27,gyro_z_27,acc_x_27,acc_y_27,acc_z_27,gyro_x_28,gyro_y_28,gyro_z_28,acc_x_28,acc_y_28,acc_z_28,gyro_x_29,gyro_y_29,gyro_z_29,acc_x_29,acc_y_29,acc_z_29,motion_type
0.00137499999255,0.0027499999851,0.00316249998286,0.14643749594688,0.17049999535084,0.18053749203682,-0.14396250247955,-0.14904999732971,-0.15578749775887,0.94200003147125,1.17195010185242,1.21005010604858,2.15400004386902,2.19300007820129,2.11605000495911,9.5440502166748,9.58200073242188,9.69705009460449,0.00206249998882,0.00137499999255,0.00096249999478,0.15798750519753,0.00659999996424,0.00481249997392,-0.16912500560284,-0.14836250245571,-0.00439999997616,1.28700006008148,1.1340000629425,0.94200003147125,1.96305012702942,2.15400004386902,2.07795000076294,9.73500061035156,9.73500061035156,9.19905090332031,0.00082499999553,0.00013749999925,-0.00013749999925,0.00261249998584,-0.00137499999255,-0.00261249998584,-0.00027499999851,0.00687499996275,0.18369999527931,1.1340000629425,0.78900003433228,0.90405005216599,1.84800004959106,2.19300007820129,2.07795000076294,9.19905090332031,9.65895080566406,9.42900085449219,-0.00013749999925,0.00013749999925,0.00041249999776,-0.00302499998361,-0.00261249998584,0.00082499999553,0.21889999508858,0.22577500343323,0.00646249996498,1.05705010890961,0.55905002355576,0.36795002222061,2.07795000076294,2.26905012130737,2.53695011138916,9.27600002288818,9.42900085449219,8.96895027160645,0.00123749999329,0.00316249998286,0.00577499996871,0.00316249998286,0.00646249996498,0.20322500169277,0.00371249997988,0.00137499999255,-0.00027499999851,-0.05295000225306,1.59300005435944,11.4000005722046,3.22695016860962,3.34200024604797,-4.39499998092651,8.81595039367676,8.47095012664795,8.31795024871826,0.21683749556541,0.24337500333786,-0.0042624999769,0.33825001120567,0.30442500114441,-0.23168750107288,-0.00068749999627,0.14190000295639,0.92303746938705,45.6469535827637,25.5739517211914,-2.35095000267029,-33.9300003051758,-50.862003326416,-47.0689506530762,17.9710502624512,9.42900085449219,-6.3139500617981,-1.15376245975494,-4.95921230316162,-6.00132513046265,-1.22704994678497,-2.87003755569458,-3.64966249465942,2.19834995269775,3.71662497520447,5.05601263046265,-18.9379501342773,-32.881950378418,-31.6939506530762,-33.6619529724121,5.14200019836426,7.05795049667358,-6.3139500617981,4.98495006561279,-31.1760005950928,-6.71220016479492,-7.41221237182617,-5.70844984054565,-4.16363763809204,-4.13943767547607,1.5020500421524,6.56136226654053,8.12446212768555,10.2346754074097,-26.2549514770508,-16.0270500183105,-4.26705026626587,1.92495012283325,-2.47995018959045,-3.1690502166748,-31.1760005950928,3.07005023956299,13.03005027771,-0.684750020504,2.85738754272461,4.7755126953125,6.02703762054443,7.58010005950928,8.52995014190674,10.9826745986938,12.2913999557495,12.3813247680664,-0.05295000225306,-0.09105000644922,0.32895001769066,-1.48395001888275,0.00900000054389,0.16200000047684,9.27600002288818,6.82395029067993,6.82395029067993,5.75052499771118,5.58098745346069,4.49625015258789,8.1386251449585,6.00586223602295,1.49765002727509,9.95926284790039,8.27598762512207,6.65472507476807,3.31695008277893,4.46700000762939,4.15995025634766,-1.21605002880096,-1.36905002593994,-0.94695001840591,15.0220508575439,12.3780002593994,10.7310009002686,SWING_RIGHT
0.22274999320507,0.28187498450279,0.32381248474121,-0.29919999837875,-0.27169999480247,-0.25836250185966,0.75308752059937,0.78622502088547,0.80753749608994,1.63200008869171,1.32495009899139,1.78500008583069,3.7630500793457,3.84000015258789,3.72495007514954,7.81995058059692,7.81995058059692,8.28000068664551,0.42157500982285,0.45993748307228,0.48441249132156,-0.21477499604225,-0.19016249477863,-0.16114999353886,0.82059997320175,0.8153749704361,0.82940000295639,2.35995006561279,2.01495003700256,1.24905002117157,3.53295016288757,3.6870002746582,3.8779501914978,8.28000068664551,8.47095012664795,8.70105075836182,0.50696247816086,0.53817498683929,0.50448751449585,-0.00494999997318,0.00494999997318,0.20198750495911,0.8320124745369,0.77536249160767,0.71885001659393,1.01895010471344,2.01495003700256,1.74705004692078,3.99300026893616,3.26505017280579,3.45705008506775,8.70105075836182,9.88905048370361,9.27600002288818,0.44536250829697,0.36519998311996,0.17655000090599,0.30731248855591,0.40796250104904,0.51150000095367,0.67636251449585,0.6122875213623,0.40741249918938,0.86595004796982,-0.51195001602173,-0.97200006246567,4.03095006942749,4.91295003890991,5.37195014953613,8.96895027160645,8.73900032043457,8.62395000457764,0.00563749996945,0.14533749222755,0.25753748416901,0.56732499599457,0.71761250495911,0.92083752155304,0.30167499184608,0.18411250412464,0.00343749998137,-2.35095000267029,-4.72605037689209,8.94795036315918,9.04995059967041,11.6160001754761,-0.44895002245903,8.35605049133301,6.36405038833618,5.36805009841919,0.61187499761581,0.89567500352859,0.90997499227524,1.35451245307922,1.5879875421524,1.30116248130798,-0.00687499996275,-0.15042500197887,0.14011250436306,49.2480010986328,26.6460018157959,-2.96400022506714,-31.0189514160156,-36.7650032043457,-30.4060516357422,0.9250500202179,-19.875,-19.875,-0.43546250462532,-12.7861251831055,-14.5854501724243,-0.32394999265671,-2.41477489471436,-3.11905002593994,0.68983751535416,-5.53891229629517,-4.22977495193481,-14.0350503921509,-16.6399517059326,-19.5510005950928,-18.4159507751465,1.57995009422302,4.68300008773804,-13.5930004119873,30.4600505828857,10.3480501174927,-15.1507120132446,-15.1806869506836,-13.6368370056152,-4.0937876701355,-4.984375,-4.12967491149902,-2.69623756408691,-1.43385004997253,1.19515001773834,-7.98195028305054,-4.07505035400391,-2.00595021247864,1.00499999523163,-0.52605003118515,-1.02404999732971,10.3480501174927,14.7150011062622,7.47495031356812,-8.88428783416748,2.21429991722107,8.52926254272461,-0.00632499996573,2.28511238098145,2.3957998752594,2.56629991531372,7.50323724746704,7.06887483596802,1.86195003986359,1.32495009899139,1.78500008583069,-0.87105005979538,-0.7180500626564,0.08595000207424,4.44900035858154,4.44900035858154,6.47895050048828,10.9701623916626,10.6684875488281,10.0922250747681,2.3365375995636,1.83424997329712,0.88921248912811,4.01156234741211,2.7086124420166,1.09147500991821,-1.31700003147125,-0.74205005168915,1.05705010890961,3.72495007514954,4.52895021438599,3.72495007514954,10.8460502624512,9.16095066070557,7.39905023574829,SWING_RIGHT
0.16211250424385,0.00453749997541,0.00412499997765,0.61764997243881,0.46213749051094,0.31459999084473,0.28036248683929,0.40149998664856,0.52786248922348,1.8229501247406,2.43600010871887,3.12600016593933,3.61005020141602,4.10805034637451,4.14600038528442,8.54805088043213,8.54805088043213,8.8540506362915,0.00632499996573,0.35351249575615,0.49266248941422,0.17833749949932,-0.00343749998137,-0.14011250436306,0.64611250162125,0.84700000286102,0.92124998569489,2.85795021057129,0.78900003433228,2.206050157547,3.8779501914978,3.72495007514954,3.57195019721985,8.8540506362915,8.58600044250488,8.58600044250488,0.60486251115799,0.67044997215271,0.67636251449585,-0.16994999349117,-0.17929999530315,-0.0042624999769,0.97418749332428,1.01034998893738,1.01076245307922,2.89605021476746,1.66995012760162,1.70805013179779,3.34200024604797,3.37995004653931,4.45305013656616,8.58600044250488,9.42900085449219,8.81595039367676,0.60417497158051,0.37014999985695,0.21463750302792,0.00123749999329,0.26826250553131,0.56003749370575,0.98106247186661,0.88893747329712,0.72984999418259,0.82695001363754,0.483000010252,2.55105018615723,4.22294998168945,3.91695022583008,2.88195013999939,8.28000068664551,7.81995058059692,6.36405038833618,0.21285000443459,0.24598750472069,0.28916248679161,0.68337500095367,0.75336247682571,0.81592500209808,0.66398751735687,0.64432501792908,0.65188747644424,0.67395001649857,-0.12900000810623,4.35195016860962,3.22695016860962,3.22695016860962,1.84800004959106,7.78200054168701,10.2720003128052,11.9569501876831,0.36822500824928,0.30689999461174,0.00288749998435,0.81784999370575,0.69451248645782,0.34966251254082,0.83063751459122,1.04073750972748,1.39741253852844,37.4869499206543,34.5379524230957,17.7210006713867,-15.5430011749268,-23.1270008087158,-26.613000869751,12.7230005264282,0.38805001974106,-8.26800060272217,-0.80327498912811,-7.12139987945557,-11.854700088501,-0.84163749217987,-2.96147489547729,-2.07459998130798,1.98577499389648,-0.0027499999851,-2.04283738136292,-2.04495000839233,-11.5830001831055,-16.8310508728027,-22.0930519104004,-9.14505004882812,1.08195006847382,-16.6189498901367,14.5999507904053,19.0440006256104,-13.8844747543335,-14.6766128540039,-14.0427370071411,-1.74528753757477,-1.83988749980927,-1.17768752574921,-1.85611248016357,-1.08735001087189,0.95741248130798,-18.9000015258789,-19.9339504241943,-7.21605014801025,7.21095037460327,7.32600021362305,1.31205010414124,19.0440006256104,11.7270002365112,10.3870506286621,-11.8046503067017,-6.59546232223511,1.90588748455048,1.12364995479584,4.8775372505188,6.49673748016357,2.43759989738464,4.77276229858398,7.36298751831055,-5.10900020599365,-3.61500024795532,-2.23605012893677,1.08195006847382,1.54095005989075,2.07795000076294,8.16495037078857,8.16495037078857,10.7700004577637,10.2598371505737,11.3055248260498,11.4042501449585,5.64286231994629,5.40058755874634,4.87877511978149,7.51877498626709,6.52836227416992,5.19598770141602,-0.01395000051707,0.98100006580353,2.7810001373291,2.65200018882751,2.53695011138916,2.15400004386902,10.2330007553101,10.2330007553101,10.2330007553101,SWING_RIGHT
-0.2230249941349,-0.31886249780655,-0.36492499709129,0.55068749189377,0.47574999928474,0.29947498440742,0.37716248631477,0.4476999938488,0.55962496995926,2.05305004119873,2.206050157547,2.39805006980896,3.30405020713806,3.22695016860962,3.07395005226135,8.8540506362915,8.8540506362915,9.08400058746338,-0.31336250901222,-0.23759999871254,-0.15702499449253,0.22563749551773,0.17352500557899,0.00687499996275,0.60087502002716,0.64707499742508,0.68598747253418,2.62800002098084,2.05305004119873,1.78500008583069,2.99700021743774,3.45705008506775,3.80205011367798,9.19905090332031,9.23700046539307,9.23700046539307,-0.0015124999918,0.00109999999404,0.00343749998137,0.00384999997914,0.00302499998361,0.00302499998361,0.73191249370575,0.75583750009537,0.78938752412796,2.58900022506714,2.58900022506714,2.58900022506714,3.41895008087158,3.57195019721985,3.53295016288757,8.96895027160645,8.66295051574707,8.5090503692627,0.00536249997094,0.1898874938488,0.25272500514984,0.00371249997988,0.0042624999769,0.00398749997839,0.8153749704361,0.83490002155304,0.85016250610352,2.93400025367737,1.21005010604858,1.44000005722046,3.30405020713806,4.45305013656616,4.2610502243042,8.20305061340332,8.16495037078857,8.54805088043213,0.32615000009537,0.4116750061512,0.55618751049042,0.00398749997839,0.00536249997094,0.23333749175072,0.87999999523163,0.90213751792908,0.90543746948242,2.01495003700256,5.19405031204224,34.1550025939941,3.80205011367798,2.49900007247925,-21.1740016937256,8.93100070953369,9.04605007171631,9.61995029449463,0.58286249637604,0.47932499647141,-0.18796250224113,0.30841249227524,0.1861750036478,-0.62204998731613,0.89938747882843,0.96717500686646,1.20669996738434,39.9769515991211,16.4569511413574,-0.66600000858307,-33.9300003051758,-39.5230522155762,-35.8069534301758,8.73900032043457,-20.9089508056641,-23.0929508209229,-6.53578758239746,-9.56945037841797,-11.2256374359131,-2.23052501678467,-1.6768125295639,-1.03977501392365,-0.55687499046326,-1.30432498455048,-0.9590625166893,-39.3559532165527,-41.8840522766113,-34.4910011291504,12.153000831604,15.8680505752563,10.3900508880615,16.47705078125,9.04605007171631,-2.32995009422302,-12.0111751556396,-12.3939752578735,-9.19187450408936,-0.47753748297691,2.25623750686646,6.863450050354,-0.00343749998137,3.05346250534058,4.71886253356934,-14.2260007858276,1.01895010471344,2.74305009841919,1.1580001115799,-2.28795003890991,-0.56400001049042,-2.32995009422302,5.06205034255981,8.58600044250488,-0.84205001592636,5.55046224594116,9.39867496490478,11.5993623733521,12.3488750457764,10.1307249069214,6.36941242218018,8.64847469329834,9.34587478637695,1.97700011730194,3.01095008850098,3.16395020484924,2.53695011138916,2.38394999504089,1.61805009841919,8.66295051574707,9.04605007171631,11.4970502853394,9.25718784332275,8.94341278076172,8.09916210174561,7.86390018463135,4.24751234054565,-1.01048743724823,8.78886222839355,7.9195876121521,6.37834978103638,2.13000011444092,1.8229501247406,1.47900009155273,2.26905012130737,2.23095011711121,1.92495012283325,11.8039503097534,11.8039503097534,11.6509504318237,SWING_RIGHT
0.00233749998733,0.00109999999404,0.0,0.25519999861717,-0.00027499999851,-0.25231251120567,0.95438748598099,1.09147500991821,1.2277375459671,2.70405006408691,2.47500014305115,2.24505019187927,3.07395005226135,3.34200024604797,3.6870002746582,8.8540506362915,8.8540506362915,8.8540506362915,-0.00082499999553,0.00054999999702,0.00398749997839,-0.46474999189377,-0.71458750963211,-0.69588750600815,1.33718752861023,1.40896248817444,1.37032496929169,1.47900009155273,1.1340000629425,1.05705010890961,4.22294998168945,4.22294998168945,4.10805034637451,8.8540506362915,8.70105075836182,9.23700046539307,0.19016249477863,0.32243749499321,0.58437502384186,-0.55893748998642,-0.3573625087738,0.14822499454021,1.283287525177,1.15458750724792,0.78320002555847,0.90405005216599,0.67395001649857,-3.49995017051697,4.10805034637451,4.3759503364563,6.90405035018921,9.23700046539307,8.93100070953369,9.61995029449463,0.68681252002716,0.74786251783371,0.79392498731613,0.42611250281334,0.70867496728897,0.99481248855591,0.58423751592636,0.41043749451637,0.26289999485016,-6.2590503692627,-7.82895040512085,-7.14000034332275,7.59405040740967,6.86595010757446,5.25705003738403,9.73500061035156,9.73500061035156,8.0110502243042,0.88577497005463,0.90433746576309,0.87532502412796,1.90093743801117,2.39731240272522,2.85780000686646,-0.16046249866486,-0.37441250681877,-0.54711252450943,3.47100019454956,12.1660509109497,44.4210014343262,1.81005012989044,-1.52205002307892,-20.7139511108398,6.24900007247925,8.58600044250488,8.58600044250488,0.73039996623993,-0.17627499997616,-2.74009990692139,3.10681247711182,1.39851248264313,-1.90093743801117,-0.64074999094009,-0.14973749220371,-0.66426247358322,49.5160522460938,9.10200023651123,-8.09700012207031,-26.5750503540039,-45.5370025634766,-33.0870018005371,-4.39905023574829,-29.6050510406494,-29.6050510406494,-10.1656503677368,-14.2499494552612,-15.8357372283936,-3.89166259765625,-4.82707500457764,-7.23387479782104,-5.76496267318726,-6.29103755950928,-4.30856227874756,-30.2010021209717,-28.2090015411377,-27.5959510803223,-11.9029502868652,-8.83905029296875,6.02295017242432,4.94700002670288,16.9750499725342,12.4170007705688,-15.6362247467041,-15.0757751464844,-13.2266750335693,-7.88672494888306,-7.6203875541687,-5.14992475509644,-2.82287502288818,-1.122687458992,0.87628751993179,-24.6079521179199,-14.2650003433228,-6.8710503578186,5.18100023269653,4.03095006942749,1.50300002098084,9.08400058746338,9.08400058746338,9.04605007171631,3.74219989776611,8.72519969940186,10.821249961853,2.1481626033783,3.46541237831116,3.94432497024536,11.0727376937866,11.3473253250122,10.7910003662109,3.01095008850098,4.35195016860962,4.62000036239624,-1.1010000705719,-0.75600004196167,-0.64095002412796,5.98095035552979,4.94700002670288,4.90905046463013,11.6399250030518,11.3335752487183,9.82726287841797,4.15923738479614,3.08316254615784,0.25368750095367,9.70131206512451,6.50911235809326,4.39642477035522,4.12200021743774,1.97700011730194,0.98100006580353,-0.52605003118515,0.50700002908707,0.77505004405975,7.70505046844482,11.4210004806519,11.6509504318237,SWING_RIGHT
0.17352500557899,0.20377500355244,0.3077250123024,-0.63868749141693,-0.62232500314713,-0.44742500782013,0.88027501106262,0.89196246862411,0.86680001020432,0.44400003552437,0.6360000371933,0.40605002641678,3.41895008087158,3.34200024604797,3.57195019721985,8.778000831604,8.778000831604,8.89305019378662,0.36863750219345,0.42734998464584,0.47533750534058,-0.31803750991821,-0.17476250231266,-0.00192499998957,0.84768748283386,0.83916246891022,0.83434998989105,0.29100000858307,-0.05295000225306,-0.09105000644922,3.80205011367798,3.95505023002625,3.99300026893616,8.93100070953369,9.08400058746338,9.16095066070557,0.53171247243881,0.52195000648499,0.48949998617172,0.17008750140667,0.26427498459816,0.35846251249313,0.8204625248909,0.80905002355576,0.80877500772476,-0.47400003671646,-1.20195007324219,-2.77305006980896,3.99300026893616,4.41495037078857,5.21895027160645,9.46695041656494,10.1569509506226,10.3870506286621,0.45031249523163,0.3452624976635,0.33192500472069,0.45663750171661,0.72462499141693,0.97528749704361,0.81386250257492,0.76326251029968,0.70193749666214,-3.69195008277893,-6.71805047988892,-5.98995018005371,5.52495002746582,5.86995029449463,5.7940502166748,10.5010509490967,9.19905090332031,8.12595081329346,0.34443750977516,0.36643749475479,0.50325000286102,1.28713750839233,1.60971248149872,2.18913745880127,0.6210874915123,0.5154874920845,0.26303750276566,-3.99795007705688,10.1740503311157,56.4880523681641,5.44905042648315,-2.40300011634827,-27.9540004730225,6.09600019454956,6.09600019454956,7.59000015258789,0.6239749789238,0.49114999175072,-1.04678750038147,2.33516240119934,1.49393749237061,-1.48747503757477,0.00439999997616,-0.18067499995232,-1.59018754959106,38.0620536804199,17.6440505981445,-11.5830001831055,-42.8940010070801,-54.4630508422851,-31.324951171875,-33.0529518127441,-33.0529518127441,-13.746000289917,-9.96943759918213,-11.2788496017456,-11.8908624649048,-6.21334981918335,-7.34525012969971,-8.05846214294434,-7.41523742675781,-6.82426261901855,-5.69854974746704,-31.2349510192871,-29.2810516357422,-29.0509510040283,-6.08100032806396,-1.48395001888275,3.53295016288757,17.2049999237061,13.6429510116577,9.04605007171631,-12.2520751953125,-11.2598752975464,-6.24992513656616,-8.25481224060059,-4.36562490463257,1.39947497844696,-4.26057481765747,0.47932499647141,6.3874249458313,-20.4700508117676,-4.80300045013428,0.55905002355576,3.30405020713806,0.58395004272461,-0.14295001327991,7.85805034637451,5.90505027770996,5.06205034255981,1.46698749065399,5.42245006561279,8.21163749694824,4.7283501625061,6.15917491912842,6.32719993591309,10.9693374633789,11.5510997772217,10.0355749130249,3.66195011138916,4.00695037841797,1.40205001831055,-0.44895002245903,-0.25800001621246,0.54495000839233,2.76300024986267,2.76300024986267,6.97695016860962,8.60021209716797,8.26127529144287,6.85423755645752,5.27092504501343,3.03696250915527,-1.26651251316071,8.63307476043701,6.77985000610352,4.83917474746704,0.71205002069473,0.02295000106096,-0.28305000066757,0.16200000047684,-0.25800001621246,-0.10500000417233,10.5400505065918,11.3830509185791,11.4970502853394,SWING_RIGHT
0.18383750319481,0.18067499995232,0.17531250417233,-0.1913999915123,-0.00522499997169,-0.00082499999553,0.5460125207901,0.49334999918938,0.43243750929832,1.90005004405975,1.8229501247406,1.63200008869171,2.88195013999939,2.80605006217957,2.76705002784729,8.81595039367676,9.12195014953613,9.12195014953613,0.16211250424385,0.15881249308586,0.15922500193119,0.14464999735355,0.21628749370575,0.28723749518394,0.30456250905991,0.24942499399185,0.19717499613762,1.1340000629425,0.82695001363754,0.67395001649857,2.99700021743774,3.07395005226135,2.99700021743774,9.08400058746338,9.31395053863525,9.42900085449219,0.16142499446869,0.171187505126,0.17874999344349,0.36134999990463,0.53143751621246,0.63249999284744,0.14753749966621,0.00316249998286,0.00137499999255,0.25304999947548,-7.67595052719116,-11.6220006942749,3.45705008506775,8.28404998779297,8.32200050354004,9.77400016784668,12.5700006484985,15.1750507354736,0.21642500162125,0.33137500286102,0.48881250619888,0.78058749437332,1.13464999198914,2.42096257209778,-0.00041249999776,-0.00453749997541,-0.5490375161171,-12.5410509109497,-8.671950340271,11.7070503234863,5.14200019836426,-0.64095002412796,-8.91495037078857,15.1750507354736,12.9910507202148,7.16895055770874,0.51039999723434,0.434087485075,0.45911249518394,2.95528745651245,3.09388756752014,2.53976249694824,-0.83407497406006,-1.73607504367828,-3.54461240768433,40.0159530639649,47.4469528198242,27.0679512023926,-16.1550006866455,-19.6800003051758,-23.0890502929688,5.29200029373169,-7.5400505065918,-15.8149509429932,-1.31436252593994,-4.16693735122681,-6.36748743057251,-0.88357502222061,-3.67166256904602,-7.19290018081665,-8.92732524871826,-10.1554746627808,-9.85984992980957,4.19805002212524,-14.6479511260986,-30.469051361084,-49.9810523986816,-28.3750514984131,-13.1290502548218,-33.7420501708984,-28.8010520935059,6.97695016860962,-7.38649988174438,-8.37182521820068,-8.61148738861084,-9.99514961242676,-12.5148372650146,-11.9715747833252,-9.52572536468506,-6.41300010681152,-2.49397492408752,-27.4039516448975,-26.3700008392334,-24.5689506530762,-9.64305019378662,0.27705001831055,5.02695035934448,22.5300006866455,15.481050491333,14.907000541687,-7.50873756408691,-3.62779998779297,8.00745010375977,-9.98607540130615,-6.94127511978149,1.69798743724823,2.69871258735657,7.77507495880127,11.3257369995117,-17.5969505310059,-10.4340009689331,3.62400007247925,5.21895027160645,3.18900012969971,-2.9389500617981,12.9150009155273,9.73500061035156,5.67495012283325,10.9763498306274,12.7792501449585,13.8122873306274,3.26095008850098,4.04951238632202,4.2893123626709,11.6025247573853,11.1764125823975,9.93121242523193,7.6080002784729,6.03705024719238,3.96900010108948,-3.51405024528503,-1.98195004463196,-1.06200003623962,3.26100015640259,3.26100015640259,6.01905012130737,13.2144374847412,10.2726249694824,5.5324501991272,2.34533739089966,-0.66934996843338,-5.12366247177124,5.70102500915527,3.20127487182617,1.80729997158051,2.62800002098084,1.86195003986359,1.59300005435944,-0.33495002985001,0.12405000627041,0.27705001831055,11.9569501876831,11.9569501876831,11.5360507965088,SWING_RIGHT
0.00123749999329,-0.00082499999553,-0.00247499998659,0.17833749949932,0.00261249998584,-0.00563749996945,0.68667501211166,0.77165001630783,0.8729875087738,2.81895017623901,2.93400025367737,2.70405006408691,1.88595008850098,1.88595008850098,2.03895020484924,9.04605007171631,9.08400058746338,9.23700046539307,-0.00371249997988,-0.00481249997392,-0.00467499997467,-0.30126249790192,-0.70235002040863,-0.87793749570847,0.97542500495911,1.12419998645782,1.16489994525909,2.13000011444092,-0.93405002355576,-3.07905006408691,2.38394999504089,4.7590503692627,6.10005044937134,9.23700046539307,8.81595039367676,9.65895080566406,-0.00261249998584,0.00453749997541,0.63043749332428,-0.95260000228882,-0.82115000486374,0.23801249265671,1.18016254901886,1.14441251754761,0.77962499856949,-3.99795007705688,-3.7300500869751,-2.50395011901855,6.10005044937134,4.22294998168945,2.30805015563965,11.4210004806519,11.4210004806519,10.2720003128052,0.86844998598099,1.04170000553131,1.09615004062653,0.98628747463226,1.73277497291565,2.41642498970032,0.47905001044273,0.18975000083447,-0.0042624999769,-0.550950050354,3.47100019454956,10.3660507202148,0.92895007133484,-1.1010000705719,-3.01605010032654,10.2330007553101,10.0420503616333,8.8540506362915,0.65477502346039,-0.00027499999851,-0.9147874712944,3.02623748779297,2.43044996261597,0.87546247243881,-0.46846249699593,-0.47863748669624,-0.43340000510216,41.8930511474609,40.6669502258301,19.9429512023926,-16.8070507049561,-25.8850517272949,-39.8680534362793,3.14595007896423,-18.8029518127441,-43.0890007019043,-2.2710874080658,-12.3091373443604,-15.4539003372192,-1.65343749523163,-4.44991254806519,-5.53286266326904,-0.60018748044968,-5.82106256484985,-5.69373750686646,11.5920009613037,-28.5150012969971,-19.7430000305176,-50.8230018615723,-19.1430015563965,-18.7219505310059,-43.0890007019043,11.076000213623,20.6149501800537,-16.3508129119873,-16.3744621276855,-13.9588623046875,-6.85492515563965,-7.97032499313354,-8.15952491760254,-4.99056243896484,-4.03301239013672,-1.449387550354,-30.4300518035889,-29.3580017089844,-12.1200008392334,-2.40300011634827,3.72495007514954,2.19300007820129,22.185001373291,22.185001373291,15.5200510025024,-11.2146377563477,-3.75196242332459,7.08358764648438,-7.04673767089844,-5.96640014648438,-3.03806257247925,1.28754997253418,7.22699975967407,9.26708698272705,-5.07105016708374,0.90405005216599,6.26700019836426,0.58395004272461,-1.52205002307892,-3.20805025100708,8.47095012664795,4.87005043029785,3.87405014038086,15.7555751800537,16.7210998535156,16.484188079834,-0.29067498445511,0.59042501449585,1.20532500743866,7.09678745269775,6.09014987945557,5.07044982910156,8.18205070495605,5.80695009231567,4.8880500793457,-1.13895010948181,-0.7180500626564,-0.87105005979538,1.92105007171631,2.72505021095276,5.3299503326416,15.5208625793457,9.67477512359619,3.03778743743896,1.39741253852844,-4.40948724746704,-9.73032474517822,3.83418750762939,0.35310000181198,0.58836251497269,4.08300018310547,2.32095003128052,1.44000005722046,-0.06599999964237,0.66000002622604,0.66000002622604,12.7999505996704,11.9569501876831,11.9569501876831,SWING_RIGHT
0.20638750493526,0.24571250379086,0.27994999289513,-0.00646249996498,0.18259999155998,0.4448125064373,0.21161249279976,0.00467499997467,-0.00068749999627,1.8229501247406,1.86195003986359,1.86195003986359,2.84400010108948,2.72895002365112,2.72895002365112,8.12595081329346,8.12595081329346,8.5090503692627,0.2729375064373,0.23333749175072,0.18809999525547,0.65793746709824,0.59235000610352,0.45883750915527,-0.00646249996498,-0.00646249996498,-0.00453749997541,1.24905002117157,1.1340000629425,1.32495009899139,3.18900012969971,3.30405020713806,3.03495025634766,9.27600002288818,10.0800008773804,10.5010509490967,0.00673749996349,0.00082499999553,-0.00041249999776,0.32147499918938,0.15977500379086,0.15661250054836,-0.00178749999031,0.00302499998361,0.00481249997392,1.47900009155273,0.06105000153184,-3.76905012130737,2.95905017852783,4.03095006942749,6.67500019073486,9.92700004577637,9.92700004577637,10.2330007553101,-0.00027499999851,0.00082499999553,0.26097500324249,0.21986250579357,0.33041250705719,0.96579998731613,0.00604999996722,0.00659999996424,0.00096249999478,-6.60300016403198,-8.671950340271,-1.54695010185242,7.67100048065186,6.63600015640259,-1.36905002593994,11.2680006027222,11.4210004806519,10.6549501419067,0.4298250079155,0.58547496795654,0.58410000801086,1.48458755016327,1.99993753433228,2.46193742752075,-0.00632499996573,-0.24969999492168,-0.38431251049042,11.5530004501343,38.6749534606934,42.7740020751953,-6.76995038986206,-16.6150512695313,-33.8920516967773,9.35205078125,6.82395029067993,-17.7679500579834,-0.6540874838829,-2.6727249622345,-6.73048734664917,1.76934993267059,-0.00467499997467,-1.90753746032715,-0.50050002336502,-1.05104994773865,-3.14627504348755,2.70405006408691,-27.0979518890381,-32.3839530944824,-39.7140007019043,-15.8110504150391,-11.9800510406494,-53.2020034790039,-12.5970001220703,16.4010009765625,-11.2376003265381,-14.615837097168,-14.4352998733521,-2.38163757324219,-4.20681238174438,-5.26157474517822,-4.51577520370483,-2.9635374546051,-1.32921254634857,-29.0899505615234,-25.0290012359619,-19.090950012207,-8.99205017089844,4.83600044250488,6.25305032730103,19.8100509643555,14.3700008392334,14.2560005187988,-13.7073745727539,-11.4263877868652,5.32908725738525,-5.56820011138916,-4.05625009536743,3.07518744468689,0.71912497282028,3.33863759040833,9.42892456054688,-11.0850009918213,-2.69595003128052,8.33595085144043,3.6870002746582,-0.52605003118515,-3.62895011901855,10.6930503845215,8.8540506362915,2.07405018806458,11.0226879119873,13.4116125106812,14.0915498733521,2.86343741416931,2.830162525177,2.92462491989136,10.1184873580933,9.56436252593994,8.5460376739502,9.10200023651123,6.95595026016235,4.35195016860962,-2.67105007171631,-1.13895010948181,-0.02805000171065,1.49895012378693,1.49895012378693,8.96895027160645,13.085599899292,10.5909376144409,4.74485015869141,1.41831254959106,-2.28538751602173,-8.36618709564209,5.28151226043701,3.13403749465942,1.79588747024536,2.97300004959106,1.86195003986359,0.36795002222061,-0.33495002985001,-0.33495002985001,0.27705001831055,11.076000213623,11.1529502868652,11.9190006256104,SWING_RIGHT
0.00577499996871,0.18975000083447,0.25217500329018,0.22123749554157,0.32243749499321,0.42625001072884,0.34251248836517,0.36849999427795,0.40177500247955,-0.58905005455017,-0.62700003385544,-0.58905005455017,2.49900007247925,2.38394999504089,2.53695011138916,9.81195068359375,9.69705009460449,9.5440502166748,0.2953499853611,0.31281250715256,0.30744999647141,0.51122498512268,0.57571250200272,0.56911247968674,0.43340000510216,0.49513748288155,0.53556251525879,-1.04895007610321,-2.00595021247864,-2.38905000686646,2.76705002784729,3.30405020713806,3.41895008087158,9.39105033874512,10.7700004577637,11.5740003585815,0.30483749508858,0.31817498803139,0.34856250882149,0.57034999132156,0.59950000047684,0.76504999399185,0.5823125243187,0.62493747472763,0.6484500169754,-3.38505005836487,-5.07105016708374,-4.72605037689209,3.80205011367798,3.80205011367798,2.49900007247925,11.5740003585815,10.8850507736206,9.31395053863525,0.3740000128746,0.39875000715256,0.41745001077652,0.94751250743866,1.18002498149872,1.40635001659393,0.61586248874664,0.55261248350143,0.45938751101494,-1.54695010185242,1.66995012760162,3.50895023345947,0.66000002622604,-0.44895002245903,0.27705001831055,9.00705051422119,9.00705051422119,8.8540506362915,0.25327500700951,0.00302499998361,-0.23292499780655,1.5830374956131,1.24574995040894,0.56113749742508,0.16211250424385,0.00384999997914,0.00412499997765,14.9239511489868,51.3160514831543,34.6140022277832,-1.21605002880096,-25.3870506286621,-45.6139526367188,5.94300031661987,0.58005005121231,-18.457950592041,-0.62672501802444,-6.73062515258789,-13.3846626281738,-0.61751252412796,-4.34857511520386,-4.40893745422363,0.18603749573231,-5.05202484130859,-7.83048725128174,11.1700506210327,-33.8400001525879,-36.5209503173828,-69.0580520629883,-23.7019519805908,-11.9800510406494,-46.8820533752441,-23.0929508209229,28.0840511322021,-15.9020128250122,-17.2013874053955,-17.6533508300781,-5.32771253585815,-5.62443733215332,-1.77265000343323,-6.9800500869751,-5.67641258239746,-1.34351253509521,-38.0920524597168,-37.8240013122559,-16.4479503631592,-3.55200028419495,2.6140501499176,-0.25800001621246,28.0840511322021,15.3280506134033,7.70505046844482,-16.1089496612549,-10.9401874542236,-0.25616249442101,2.96257495880127,8.39877510070801,9.45106220245361,1.46547496318817,6.04601240158081,14.5468120574951,-5.7610502243042,0.06105000153184,3.7390501499176,-3.51405024528503,-3.36105012893677,-4.16505002975464,7.70505046844482,5.94300031661987,3.52995014190674,8.97325038909912,10.6675252914429,11.4054870605469,9.97796249389648,9.63627529144287,7.80436229705811,15.3074626922607,13.9552869796753,11.6287870407104,13.3540506362915,9.6379508972168,4.65795040130615,-6.31095027923584,-3.39900016784668,0.04800000041723,1.03995001316071,1.03995001316071,1.88205003738403,11.0430374145508,4.64268732070923,0.82073748111725,4.13778734207153,-7.25243759155273,-9.13770008087158,8.15608787536621,-2.43856239318848,-7.67140007019043,1.24905002117157,-0.28305000066757,-0.20595000684261,1.81005012989044,1.6560001373291,0.73695003986359,9.50505065917969,14.4090003967285,12.4549503326416,SWING_RIGHT
0.21972499787807,0.14863750338554,0.00536249997094,-0.68117499351501,-1.07277500629425,-1.22856247425079,-1.96459996700287,-2.44433736801147,-2.62487506866455,0.94200003147125,0.71205002069473,0.55905002355576,2.65200018882751,2.76705002784729,2.92095017433167,9.16095066070557,9.27600002288818,9.27600002288818,0.00357499998063,0.00247499998659,0.00371249997988,-1.3527250289917,-1.4137749671936,-1.27407503128052,-2.76608753204346,-2.81874990463257,-2.59627509117126,0.6360000371933,0.86595004796982,0.94200003147125,2.95905017852783,2.88195013999939,2.80605006217957,9.16095066070557,9.00705051422119,9.81195068359375,0.0054999999702,0.14863750338554,0.18053749203682,-1.12227499485016,-0.96648746728897,-0.81166249513626,-2.42357492446899,-2.24441242218018,-2.04476237297058,1.17195010185242,1.44000005722046,1.17195010185242,2.76705002784729,2.84400010108948,3.34200024604797,9.81195068359375,9.19905090332031,9.19905090332031,0.19470000267029,0.16046249866486,0.00646249996498,-0.57213747501373,-0.52195000648499,-0.51163750886917,-1.6409250497818,-1.52817499637604,-1.46781253814697,-2.81100010871887,-5.91405010223389,-8.36505031585693,5.71695041656494,7.13400030136108,8.78205013275146,10.2330007553101,11.4589509963989,11.4589509963989,0.14602500200272,0.42638748884201,0.60101246833801,-0.44412499666214,0.15950000286102,0.51754999160767,-1.42793750762939,-1.42009997367859,-1.46176254749298,-6.52695035934448,40.7820014953613,64.9150543212891,7.63200044631958,-18.3010501861572,-39.5610008239746,10.8460502624512,7.36005020141602,-17.8450508117676,0.77398747205734,0.52112501859665,-5.1874623298645,0.80822497606277,0.52112501859665,-2.58224987983704,-1.5879875421524,-1.58578753471375,-1.17108750343323,13.6600503921509,-14.9160003662109,-45.5620536804199,-66.4150543212891,-46.6099510192871,-5.35305023193359,-47.0350532531738,-47.0350532531738,14.907000541687,-9.51582527160644,-11.71568775177,-12.653712272644,-5.09382486343384,-6.56191253662109,-7.14862489700317,-0.18383750319481,1.3113374710083,3.2153000831604,-40.0840530395508,-46.5190505981445,-27.1740016937256,-0.06599999964237,5.94705009460449,0.04800000041723,14.907000541687,8.08800029754639,8.08800029754639,-12.941499710083,-11.0731496810913,-6.67754983901978,-7.17956256866455,-6.30684995651245,-4.77248764038086,7.80628728866577,10.2459497451782,12.1386375427246,-3.00195002555847,1.70805013179779,8.91000080108643,-3.55200028419495,-4.31895017623901,-7.19205045700073,8.73900032043457,4.44900035858154,1.92105007171631,-0.23154999315739,5.88321256637573,6.4693751335144,-2.46166253089905,-0.77549999952316,-1.30735003948212,12.7267246246338,10.7871503829956,8.68120002746582,16.840051651001,8.91000080108643,1.1340000629425,-9.45195007324219,-2.02005004882813,2.84400010108948,0.12000000476837,-1.41105008125305,8.28000068664551,6.53523731231689,5.67049980163574,-0.00398749997839,-2.48819994926453,-4.95109987258911,-6.91597509384155,5.60601234436035,0.61407500505447,-11.940224647522,-2.65800023078919,-2.27505016326904,-2.12100005149841,4.56795024871826,3.37995004653931,2.03895020484924,15.903000831604,15.903000831604,13.03005027771,SWING_RIGHT
0.23430000245571,0.30167499184608,0.31116250157356,-0.71101248264313,-1.20229995250702,-1.3556125164032,-2.49658751487732,-3.22258758544922,-3.54186248779297,0.40605002641678,1.32495009899139,1.70805013179779,2.30805015563965,1.57995009422302,1.57995009422302,9.8500509262085,10.5400505065918,10.5400505065918,0.28833749890327,0.22632500529289,-0.00054999999702,-1.45846247673035,-1.52432501316071,-1.58372497558594,-3.88602495193481,-4.1267876625061,-4.09007501602173,1.74705004692078,1.70805013179779,0.44400003552437,1.77105009555817,2.00100016593933,2.99700021743774,10.3870506286621,10.2720003128052,9.65895080566406,-0.172562494874,-0.31239998340607,-0.38101249933243,-1.56420004367828,-1.51511251926422,-1.42711246013641,-3.88024997711182,-3.5543749332428,-3.12372493743896,-0.01395000051707,-0.01395000051707,-0.20595000684261,3.26505017280579,3.26505017280579,3.30405020713806,9.12195014953613,9.12195014953613,9.73500061035156,-0.22742499411106,-0.00219999998808,0.18906250596046,-1.01282501220703,-0.6767749786377,-0.29809999465942,-2.04586243629456,-1.55869996547699,-1.15018749237061,-0.43605002760887,-2.42805004119873,-2.16000008583069,3.45705008506775,4.45305013656616,4.3759503364563,10.3099508285522,10.3099508285522,10.1569509506226,0.44013750553131,0.79736250638962,0.81606251001358,0.00412499997765,0.71555000543594,0.87202501296997,-0.8397125005722,-0.44192498922348,-0.35007500648499,0.86595004796982,35.4570007324219,47.6389541625977,3.18900012969971,-18.5689506530762,-32.8570518493652,10.1179504394531,10.0420503616333,-34.5090026855469,0.70922499895096,0.00536249997094,-5.30516242980957,0.81290000677109,0.00508749997243,-3.48053741455078,-0.29644998908043,-0.15001249313354,1.35547494888306,23.2750511169434,-4.61100006103516,-69.1969528198242,-55.3440017700195,-56.2249526977539,3.57195019721985,-50.9809532165527,-50.9809532165527,6.13395023345947,-8.42723751068115,-10.1113376617432,-11.1427249908447,-6.6987247467041,-8.88923740386963,-10.168399810791,2.78134989738464,3.8035249710083,4.93693733215332,-65.7499542236328,-25.795051574707,-19.1680507659912,7.74705028533936,-0.56400001049042,-1.02404999732971,6.13395023345947,1.19295001029968,1.19295001029968,-11.9131374359131,-10.5665998458862,-6.41093730926514,-9.54703712463379,-8.1107120513916,-6.1505126953125,8.10809993743896,10.2126750946045,12.3025369644165,-0.39705002307892,8.18205070495605,13.9669504165649,-3.39900016784668,-4.54800033569336,-6.50205039978027,9.65895080566406,3.37605023384094,2.03595018386841,-0.64501249790192,6.8139500617981,8.19252490997314,-3.27497506141663,-0.3948999941349,-1.08446252346039,13.0516376495361,12.5100250244141,10.6024875640869,15.421950340271,7.6080002784729,3.77700018882751,-6.15705013275146,-1.75200009346008,-0.10500000417233,2.03595018386841,2.99295020103455,8.0110502243042,8.82199954986572,8.45514965057373,0.50943750143051,-3.76749992370605,-6.71453762054443,-5.52584981918335,6.70669984817505,-1.07140004634857,-13.8830995559692,0.36795002222061,-2.00595021247864,-0.66600000858307,1.57995009422302,2.38394999504089,1.23495006561279,10.5780000686646,10.7310009002686,9.96495056152344,SWING_RIGHT
-0.00604999996722,-0.37454998493195,-0.64955002069473,-1.17741250991821,-1.43494999408722,-1.65330004692078,-4.14177513122559,-4.46036243438721,-4.3489875793457,0.59700000286102,1.21005010604858,2.24505019187927,2.6140501499176,2.19300007820129,2.07795000076294,9.96495056152344,9.96495056152344,8.35605049133301,-0.61435002088547,-0.47561249136925,-0.26702499389648,-1.54096245765686,-1.30047500133514,-1.03441250324249,-3.96288752555847,-3.41467499732971,-2.78726243972778,2.28299999237061,2.206050157547,2.16795015335083,2.38394999504089,2.65200018882751,2.84400010108948,8.16495037078857,8.16495037078857,9.23700046539307,0.15633749961853,0.32106250524521,0.428312510252,-0.71183747053146,-0.67897498607635,-0.72146248817444,-1.65756249427795,-1.28727495670319,-1.01804995536804,1.86195003986359,1.93800008296967,1.93800008296967,3.34200024604797,3.37995004653931,3.49500012397766,8.89305019378662,8.89305019378662,8.89305019378662,0.49211248755455,0.59097498655319,0.6434999704361,-0.82788747549057,-0.92056250572205,-0.82637500762939,-0.8232125043869,-0.55935001373291,-0.4658499956131,1.01895010471344,-4.15200042724609,-3.76905012130737,4.1850004196167,7.17300033569336,5.83200025558472,9.08400058746338,9.46695041656494,11.5740003585815,0.73108750581741,0.82389998435974,0.87532502412796,-0.56938749551773,-0.16376249492168,0.71087497472763,-0.37922498583794,-0.2939749956131,-0.17462499439716,8.48895072937012,29.7109508514404,30.0559520721436,-2.59500002861023,-15.3130502700806,-51.0529518127441,11.5740003585815,9.73500061035156,-32.0190010070801,0.4160749912262,-1.1035749912262,-3.52673745155334,0.49829998612404,-0.80217498540878,-2.45355010032654,-0.00371249997988,0.00481249997392,0.71238750219345,12.01305103302,-18.0570011138916,-37.594051361084,-54.846004486084,-29.5249519348145,-4.4719500541687,-45.8860511779785,-45.8860511779785,-2.71395015716553,-7.6969747543335,-9.39427471160889,-10.7419128417969,-4.81923770904541,-4.55963754653931,-2.92531251907349,2.2152624130249,3.40009999275208,4.9002251625061,-32.191951751709,-29.5489521026611,-20.6620502471924,4.72095012664795,4.41495037078857,0.54495000839233,25.9780521392822,12.9910507202148,11.3440504074097,-10.8062620162964,-7.34854984283447,-5.34737491607666,-0.5546749830246,2.22062492370605,3.43598747253418,7.20733737945557,12.8622999191284,14.0469999313354,-10.6260004043579,3.43200016021729,8.52705001831055,-2.25,-5.54400014877319,-5.92695045471191,10.6930503845215,2.99295020103455,-0.91305005550385,-3.66451239585876,-2.13949990272522,-0.26840001344681,4.09406232833862,3.58586239814758,-1.28067493438721,14.4727001190186,13.980037689209,10.5375871658325,8.18205070495605,6.42000007629395,0.67395001649857,-2.78595018386841,-0.79395002126694,4.06995010375977,-1.75605010986328,2.11199998855591,12.7999505996704,-1.08666253089905,-2.43773746490479,-0.00027499999851,-4.3356499671936,-7.55548763275146,-14.2602624893188,6.92449998855591,1.94191253185272,3.47930002212524,-0.01395000051707,2.16795015335083,2.97300004959106,3.95505023002625,1.92495012283325,0.8520000576973,14.4850511550903,15.7500009536743,15.7500009536743,SWING_RIGHT
0.604587495327,0.52745002508163,0.47203749418259,0.59839999675751,0.94943749904633,1.06328749656677,1.02162504196167,0.63511252403259,0.52703750133514,-0.28305000066757,-0.74205005168915,-0.32100000977516,3.41895008087158,2.84400010108948,2.23095011711121,9.35205078125,8.54805088043213,8.54805088043213,0.42638748884201,0.38692501187325,0.25602498650551,1.17218744754791,1.27654993534088,1.55223751068115,0.52607500553131,0.6154500246048,1.16820001602173,-0.43605002760887,-0.66600000858307,-1.66200006008148,2.15400004386902,2.00100016593933,2.57595014572144,9.00705051422119,10.1179504394531,10.9230003356934,0.16073749959469,0.00054999999702,-0.21078750491142,1.75958752632141,2.05548739433289,2.39126253128052,1.7491375207901,2.72277498245239,4.02008724212646,-3.11700010299683,-4.68795013427734,-4.42005014419556,3.03495025634766,3.53295016288757,3.18900012969971,12.6469507217407,13.03005027771,13.03005027771,-0.78196251392365,-1.12447500228882,-1.41776251792908,3.14544987678528,3.54433751106262,3.81081247329712,6.98156261444092,8.55373764038086,9.70543766021728,-2.38905000686646,0.94200003147125,4.46700000762939,1.54095005989075,0.46905001997948,-0.7180500626564,10.3870506286621,9.00705051422119,8.47095012664795,-1.63198745250702,-1.89516246318817,-2.06084990501404,3.9143500328064,3.38236236572266,2.51281237602234,10.2110252380371,9.60575008392334,8.93474960327148,8.14395046234131,45.9150009155273,35.6490020751953,-0.79395002126694,-25.0429515838623,-42.7789535522461,8.47095012664795,4.2960000038147,-27.574951171875,-2.20618748664856,-2.5972375869751,-3.60236239433289,1.09119999408722,-1.025750041008,-6.59381246566772,8.324387550354,8.06753730773926,9.83743762969971,11.7829504013062,-15.3370504379272,-33.0739517211914,-56.0329513549805,-37.0710029602051,-8.95395088195801,-47.7250518798828,-47.7250518798828,19.5420017242432,-3.87708759307861,-4.02159976959229,-3.72900009155273,-8.36343765258789,-8.97833728790283,-8.74170017242432,10.1769247055054,11.0987253189087,12.3737621307373,-29.8170013427734,-32.7289505004883,-22.5010509490967,-4.20405006408691,6.7900505065918,5.21895027160645,19.5420017242432,18.201000213623,8.47095012664795,-1.65164995193481,0.73232501745224,1.88471245765686,-3.8226375579834,-0.37083750963211,2.40487504005432,13.5045623779297,12.9584121704102,11.9708871841431,-3.00195002555847,1.55505001544952,5.19405031204224,0.16200000047684,-0.44895002245903,-1.1010000705719,8.31795024871826,7.70505046844482,5.75100040435791,2.75756239891052,4.45582485198975,4.88056230545044,4.43959999084473,4.92758750915527,4.09708738327026,11.3825244903564,9.0246753692627,7.02418756484985,7.56900024414063,5.5770001411438,5.04105043411255,-1.25400006771088,-0.64095002412796,-0.87105005979538,4.10400009155273,0.88605004549026,9.77400016784668,4.63457489013672,2.70957493782043,2.11791253089905,1.2586749792099,-4.16790008544922,-11.2198619842529,5.31121253967285,4.39986228942871,5.78875017166138,4.00695037841797,2.24505019187927,-1.24005007743835,-0.37305000424385,0.77505004405975,1.96305012702942,9.77400016784668,8.89305019378662,10.9609508514404,SWING_RIGHT
0.00467499997467,0.14121249318123,0.20473749935627,0.3240875005722,0.43353748321533,0.54683750867844,-0.67691248655319,-0.79199999570847,-0.92839998006821,-1.39305007457733,-1.50795006752014,-1.50795006752014,2.42295002937317,2.6140501499176,2.6140501499176,10.5780000686646,10.4250001907349,9.61995029449463,0.27871251106262,0.44192498922348,0.52277499437332,0.64363747835159,0.73837500810623,0.73122501373291,-1.06631255149841,-1.33704996109009,-1.49847495555878,-1.35495007038116,-0.93405002355576,-1.24005007743835,2.49900007247925,2.15400004386902,2.53695011138916,9.50505065917969,9.77400016784668,10.3480501174927,0.59427499771118,0.65257501602173,0.72957497835159,0.65890002250671,0.51246249675751,0.0015124999918,-1.77086246013641,-2.11846256256104,-2.99254989624023,-1.77705013751984,-2.69595003128052,-5.45400047302246,3.03495025634766,3.6870002746582,4.95105028152466,10.6549501419067,10.6549501419067,10.9990501403809,0.79035001993179,0.90420001745224,1.0396374464035,-0.23058749735355,-0.42748749256134,-0.49321249127388,-3.51780009269714,-4.07439994812012,-4.53695011138916,-6.8710503578186,-6.2590503692627,-3.00195002555847,4.22294998168945,1.96305012702942,-1.29195010662079,10.195050239563,10.1569509506226,10.1569509506226,1.31725001335144,1.37981247901917,1.36551249027252,-0.26001250743866,-0.00219999998808,0.00123749999329,-4.96595001220703,-5.02851247787476,-5.35865020751953,13.7370004653931,37.1040000915527,47.1409530639649,-5.92695045471191,-17.4580516815186,-26.7670516967773,9.73500061035156,7.55205059051514,-12.9420003890991,1.12199997901917,-1.96253752708435,-5.23105001449585,-0.28847500681877,-3.05882501602173,-5.02933740615845,-5.70130014419556,-5.65083742141724,-5.28302478790283,26.6080513000488,-37.4020500183105,-52.3420524597168,-47.4139518737793,-16.5390014648438,4.10805034637451,-47.4559516906738,-25.3909511566162,10.7310009002686,-7.94172477722168,-9.72826290130615,-11.4270753860474,-6.93536233901978,-7.99246263504028,-5.90040016174316,-4.57572507858276,-3.46335005760193,1.93476247787476,-41.998950958252,-32.7670516967773,-14.4559507369995,7.01895046234131,4.64400005340576,-0.7180500626564,15.481050491333,11.8810501098633,10.3480501174927,-10.9174995422363,-9.24192523956299,-6.27605009078979,-4.13751268386841,-3.14201259613037,-2.28222489356995,5.59638738632202,9.0990629196167,11.8522253036499,-0.51195001602173,6.68805027008057,10.8640508651733,-1.75200009346008,-1.82895004749298,-1.78995013237,8.20305061340332,2.11199998855591,-0.14699999988079,-0.33715000748634,1.23915004730225,2.08010005950928,-0.52469998598099,-0.67196249961853,-2.58802509307861,13.7988128662109,13.0572748184204,11.1493253707886,11.4000005722046,9.3319501876831,4.73505020141602,-2.09700012207031,-1.17705011367798,1.50300002098084,0.73305004835129,2.80200004577637,4.90905046463013,1.99897503852844,4.32162475585938,5.35865020751953,-5.77500009536743,-18.4724369049072,-19.9590873718262,8.17327499389648,10.1827001571655,8.49461269378662,-0.74205005168915,-2.50395011901855,-2.16000008583069,4.2610502243042,4.45305013656616,3.57195019721985,9.65895080566406,14.2939510345459,14.2939510345459,SWING_RIGHT
-0.3770250082016,-0.62603747844696,-0.87436246871948,-1.78474998474121,-2.42838740348816,-2.89121246337891,-1.04073750972748,-1.12804996967316,-1.44856250286102,-0.16800001263618,-0.12900000810623,0.40605002641678,4.60605001449585,4.33800029754639,3.72495007514954,9.96495056152344,9.96495056152344,9.8500509262085,-0.92757499217987,-0.73273748159409,-0.42556250095367,-2.77653741836548,-2.23877501487732,-1.48926246166229,-2.3038125038147,-2.62542510032654,-2.78629994392395,0.44400003552437,-0.01395000051707,-0.16800001263618,3.91695022583008,4.06995010375977,3.95505023002625,9.61995029449463,9.35205078125,8.93100070953369,-0.00288749998435,0.70482498407364,0.94338750839233,-0.61476248502731,1.01626253128052,1.4777125120163,-2.79207491874695,-2.16589999198914,-1.59802496433258,-0.62700003385544,-1.96800005435944,-1.62300002574921,4.45305013656616,4.91295003890991,4.41495037078857,9.23700046539307,9.96495056152344,9.96495056152344,1.03014993667603,1.01103746891022,0.81468749046326,1.60985004901886,1.52556252479553,0.82761251926422,-1.18071246147156,-1.03152501583099,-1.76756250858307,-1.47000002861023,-1.39305007457733,-4.99395036697388,4.03095006942749,4.03095006942749,4.95105028152466,9.16095066070557,8.96895027160645,9.39105033874512,0.75556248426437,0.90488749742508,1.24368751049042,0.00687499996275,-1.00883746147156,-2.33076238632202,-2.91403746604919,-5.10661268234253,-7.82828760147095,-1.77705013751984,11.4000005722046,42.4669532775879,2.84400010108948,-4.51005029678345,-21.7870502471924,11.3830509185791,12.07200050354,12.07200050354,1.54439997673035,0.96415001153946,-1.16655004024506,-3.90458750724792,-4.99372482299805,-6.87087488174438,-10.7203245162964,-10.9397745132446,-10.6207752227783,27.0679512023926,6.99495029449463,-31.8480014801025,-54.6540031433105,-48.7549514770508,-19.6410007476807,-43.5490531921387,-43.5490531921387,-31.0230007171631,-4.26469993591309,-8.59402465820313,-11.1108245849609,-8.79724979400635,-8.73523712158203,-4.80988740921021,-9.09796237945557,-3.4964873790741,-0.50118750333786,-43.9909515380859,-26.2549514770508,-19.3980007171631,3.61005020141602,1.61805009841919,0.58395004272461,21.8790016174316,16.2859516143799,12.6850509643555,-12.0599870681763,-11.7818250656128,-11.6778745651245,-1.67254996299744,-1.01928746700287,-3.50597500801086,2.15957498550415,5.45008754730225,13.8811750411987,-10.1659507751465,-2.69595003128052,8.83395004272461,-0.98595005273819,-0.14295001327991,-3.39900016784668,10.7310009002686,9.19905090332031,-0.79800003767014,-9.69113731384277,-7.9655122756958,-5.96873760223389,-2.03775000572205,-1.57753753662109,-3.59411239624023,15.164324760437,15.631275177002,15.447850227356,9.29295063018799,5.15595006942749,0.09900000691414,-2.51805019378662,0.96705007553101,3.84000015258789,-3.59505009651184,-2.71395015716553,4.52595043182373,-4.7858247756958,-5.14456224441528,-1.99787497520447,-9.94344997406006,-10.7764253616333,-11.5227746963501,13.3145370483398,10.6698627471924,8.57078742980957,-1.24005007743835,-0.05295000225306,1.32495009899139,3.95505023002625,2.57595014572144,0.66000002622604,16.0939502716064,16.0939502716064,15.0220508575439,SWING_RIGHT
0.60843747854233,0.61352497339249,0.51974999904633,0.00013749999925,0.52868747711182,0.75363749265671,-0.00109999999404,-0.2043250054121,-0.24474999308586,-1.08705008029938,-0.74205005168915,-0.97200006246567,2.57595014572144,2.6140501499176,2.80605006217957,10.195050239563,9.42900085449219,9.12195014953613,0.38609999418259,0.24612499773502,0.00041249999776,0.89622497558594,0.95438748598099,0.9094250202179,-0.22838750481606,-0.16348749399185,0.00522499997169,-1.04895007610321,-1.00995004177094,-2.00595021247864,2.88195013999939,2.95905017852783,3.45705008506775,9.12195014953613,9.35205078125,9.77400016784668,-0.00288749998435,-0.00329999998212,-0.00054999999702,0.83407497406006,0.74084997177124,0.69080001115799,0.29713749885559,0.4989874958992,0.67704999446869,-2.38905000686646,-3.80700016021729,-7.25400018692017,3.72495007514954,4.64400005340576,6.02295017242432,10.5400505065918,10.5780000686646,11.076000213623,0.15702499449253,0.22990000247955,0.22866250574589,0.78182500600815,0.97638750076294,1.41542494297028,0.95493751764297,1.0784125328064,1.26266252994537,-11.6220006942749,-7.48395013809204,1.28700006008148,3.30405020713806,-0.67905002832413,-4.39499998092651,12.6469507217407,11.6509504318237,11.6509504318237,0.00453749997541,-1.06246244907379,-1.99223744869232,2.0017249584198,3.15026259422302,2.98567509651184,1.59967494010925,2.76760005950928,3.13472509384155,13.3150510787964,40.5900001525879,21.3220500946045,-7.57500028610229,-28.8730506896973,-54.8070030212402,11.2680006027222,-11.7540006637573,-46.498950958252,-2.29762506484985,-3.65351247787476,-8.98631286621094,1.45777499675751,-0.40369999408722,-5.07416248321533,0.29136249423027,-5.67105007171631,-8.12281227111816,13.4689502716064,-26.4079513549805,-53.1850509643555,-57.7570533752441,-38.7180023193359,7.09605026245117,-46.498950958252,-42.4380035400391,13.3360509872437,-7.32187509536743,-2.90496253967285,-0.93032497167587,-10.1921873092651,-18.3243503570557,-23.5581493377686,-7.85661268234253,-7.4391622543335,-7.17007493972778,-34.6440010070801,-23.2669506072998,-14.2260007858276,3.30405020713806,1.19700002670288,0.16200000047684,11.6890506744385,6.86205053329468,6.86205053329468,-0.64789998531342,1.71778750419617,5.01531267166138,-35.0752868652344,-34.7293357849121,-33.5549507141113,1.47317504882813,7.4071249961853,9.90742492675781,3.20205020904541,9.75300025939941,12.3580503463745,-2.17305016517639,-2.59500002861023,-2.05800008773804,8.4330005645752,5.8279504776001,0.88605004549026,6.88861227035522,1.94562494754791,0.9813374876976,-32.217212677002,-21.2008495330811,-14.5782995223999,10.8399496078491,8.7282247543335,7.79006242752075,12.1660509109497,5.5770001411438,2.01495003700256,-1.78995013237,2.34600019454956,3.57195019721985,2.14995002746582,6.47895050048828,8.05005073547363,1.31449997425079,1.85817503929138,2.80348753929138,-11.2587747573853,-14.9879121780396,-16.520486831665,6.32403755187988,5.31327486038208,1.95002496242523,-0.09105000644922,-0.74205005168915,-0.550950050354,4.03095006942749,3.7630500793457,2.92095017433167,10.9609508514404,11.7270002365112,11.0380506515503,SWING_RIGHT
0.16582499444485,0.19387499988079,0.2261874973774,0.65917497873306,0.63607501983643,0.60211247205734,0.00632499996573,0.2411749958992,0.3948999941349,0.17595000565052,0.71205002069473,0.90405005216599,3.18900012969971,3.03495025634766,3.30405020713806,9.23700046539307,9.23700046539307,9.08400058746338,0.25836250185966,0.27362498641014,0.25093749165535,0.55687499046326,0.35681250691414,0.22797499597073,0.59014999866486,1.03427493572235,1.2641749382019,1.17195010185242,1.55505001544952,1.66995012760162,3.26505017280579,3.37995004653931,3.34200024604797,9.31395053863525,9.31395053863525,9.81195068359375,0.22110000252724,0.19511249661446,0.14767499268055,0.0054999999702,-0.00041249999776,-0.20184999704361,1.54701244831085,1.84786248207092,2.31275010108948,1.44000005722046,-0.01395000051707,-2.96400022506714,3.53295016288757,4.64400005340576,5.44905042648315,9.8500509262085,10.195050239563,10.9230003356934,0.16183750331402,0.26441249251366,0.39063748717308,-0.18383750319481,0.00316249998286,0.55027496814728,2.48819994926453,2.70434999465942,2.92627501487732,-3.04095005989075,-2.73405003547669,-0.70395004749298,4.22294998168945,3.61005020141602,2.34600019454956,10.7310009002686,9.50505065917969,7.74300050735474,0.53074997663498,0.48276248574257,0.27939999103546,1.88856244087219,2.67547488212585,3.52412509918213,3.37878751754761,3.77904987335205,4.60900020599365,20.0580005645752,47.1409530639649,37.7170524597168,-7.53600025177002,-26.3830509185791,-45.1159515380859,6.51705026626587,4.75500011444092,-60.2509536743164,-0.21078750491142,-5.46837520599365,-12.8126621246338,3.87763738632202,-0.48523750901222,-0.88192498683929,5.72233724594116,5.27312517166138,2.22543740272522,17.5290012359619,-56.134952545166,-39.7009506225586,-59.9020538330078,2.92095017433167,6.55995035171509,-60.2509536743164,5.2150502204895,20.15505027771,-15.6157369613647,-16.0326366424561,-15.0555620193481,-2.08284997940063,-4.42543745040894,-11.4399995803833,2.13949990272522,2.55131244659424,1.98440003395081,-33.6859512329102,-27.2890510559082,-3.38505005836487,7.63200044631958,5.33400011062622,-2.82495021820068,20.15505027771,12.7230005264282,14.907000541687,-17.0053119659424,-16.5162258148193,-9.88459968566894,-21.7669372558594,-24.1111755371094,-24.1009998321533,-0.52208751440048,1.01227498054504,6.01218748092651,5.42400026321411,8.68005084991455,10.7490005493164,-3.20805025100708,-2.51805019378662,-2.17305016517639,3.49095010757446,-0.03195000067353,-3.21195006370544,-1.99292504787445,-1.79547500610352,-2.34368753433228,-25.3368492126465,-24.3069744110107,-23.1211757659912,7.1831374168396,6.05756235122681,4.91232490539551,8.71905040740967,5.15595006942749,1.90005004405975,0.81405001878738,2.92095017433167,4.52895021438599,-3.28800010681152,1.88205003738403,9.46695041656494,-2.68564987182617,2.09660005569458,1.724524974823,-19.2223625183105,-18.0820751190186,-17.3064365386963,4.94752502441406,5.39330005645752,2.96312499046326,-0.47400003671646,-0.05295000225306,0.40605002641678,5.25705003738403,3.45705008506775,2.95905017852783,15.2899503707886,12.7620010375977,11.7660007476807,SWING_RIGHT
0.00219999998808,0.00219999998808,0.00536249997094,-0.00591249996796,-0.00577499996871,0.00219999998808,-0.00192499998957,-0.00288749998435,-0.00467499997467,-0.28305000066757,-0.62700003385544,-0.85695004463196,4.45305013656616,4.41495037078857,4.79805040359497,9.19905090332031,9.19905090332031,9.42900085449219,0.17022499442101,0.24103750288486,0.31982499361038,0.19648750126362,0.38238748908043,0.59386247396469,-0.00467499997467,-0.00439999997616,-0.00398749997839,-0.85695004463196,-1.04895007610321,-0.16800001263618,4.95105028152466,4.64400005340576,3.95505023002625,9.08400058746338,9.04605007171631,8.81595039367676,0.46076250076294,0.49348750710487,0.45210000872612,0.99343746900558,1.111412525177,1.09340000152588,-0.00206249998882,-0.00027499999851,0.00247499998659,3.24105024337769,4.12200021743774,4.00695037841797,1.57995009422302,0.8520000576973,1.31205010414124,8.58600044250488,8.73900032043457,9.39105033874512,0.2924624979496,-0.34966251254082,-0.7596874833107,0.8398500084877,-0.31501248478889,-1.00677502155304,0.00604999996722,0.31185001134872,0.43766251206398,3.77700018882751,2.39805006980896,1.51695013046265,2.11605000495911,3.95505023002625,5.25705003738403,12.1489505767822,9.96495056152344,8.66295051574707,-1.15719997882843,-1.43852496147156,-1.44375002384186,-1.67832493782043,-2.22983741760254,-2.58774995803833,0.56374996900558,0.66178750991821,0.6678375005722,2.62800002098084,20.1720008850098,18.7549514770508,4.3759503364563,-8.68605041503906,-52.5859527587891,8.47095012664795,8.47095012664795,-4.51395034790039,-1.28053748607636,-1.98178744316101,-4.16597509384155,-2.44681239128113,-2.44626259803772,-2.54402494430542,0.59056252241135,0.72930002212524,1.59060001373291,9.56100082397461,-5.68395042419434,-34.298999786377,-57.9100532531738,-46.1500511169434,-27.4180507659912,-40.9060516357422,-40.9060516357422,3.22305011749268,-8.09476280212402,-9.5836124420166,-12.0375747680664,-3.20058751106262,-1.44691252708435,9.82327461242676,3.70191240310669,4.17862510681152,4.52883768081665,-39.202953338623,-39.0109519958496,-21.4279518127441,-3.28395009040833,6.25305032730103,3.61005020141602,14.5240507125854,7.55205059051514,7.55205059051514,-12.2806749343872,-6.96574974060059,0.7206375002861,13.0508127212524,19.0612125396729,23.5250129699707,5.93064975738525,8.7803373336792,8.61107540130615,-10.9320001602173,4.8880500793457,8.56500053405762,-0.7180500626564,-6.19605016708374,-6.15705013275146,16.0180511474609,11.3059501647949,3.682950258255,5.31767511367798,7.8590874671936,12.0345497131348,25.0672130584717,24.8743000030518,8.41458702087402,8.42379951477051,8.37801265716553,7.06708765029907,12.3199510574341,13.9669504165649,3.50895023345947,-5.85105037689209,-5.12295007705688,0.92895007133484,1.34595000743866,-1.90905010700226,3.64395022392273,11.2051496505737,8.82227516174316,3.79073739051819,4.44496250152588,-1.5714875459671,-9.84073734283447,5.07402515411377,2.88777494430542,0.83517497777939,1.44000005722046,0.32895001769066,-0.05295000225306,1.77105009555817,2.46105003356934,1.96305012702942,9.50505065917969,11.8039503097534,11.8039503097534,SWING_RIGHT
0.51507496833801,0.45058751106262,0.39283749461174,1.00347495079041,0.88563752174377,0.76284998655319,1.05916249752045,1.16503751277924,1.24341249465942,2.16795015335083,3.16395020484924,3.20205020904541,1.61805009841919,1.61805009841919,1.88595008850098,9.00705051422119,8.4330005645752,8.4330005645752,0.29851248860359,0.18246249854565,-0.00494999997318,0.56663751602173,0.29452499747276,-0.33907499909401,1.37912499904633,1.54123747348785,1.81472504138947,2.89605021476746,2.35995006561279,1.36395001411438,2.07795000076294,2.57595014572144,3.45705008506775,8.73900032043457,8.93100070953369,9.27600002288818,-0.22206249833107,-0.2745875120163,-0.21931250393391,-0.65092498064041,-0.88742500543594,-0.96511250734329,1.92733752727509,2.00007510185242,1.96679997444153,1.40205001831055,1.44000005722046,0.78900003433228,3.18900012969971,3.11205005645752,3.45705008506775,9.27600002288818,9.12195014953613,9.12195014953613,0.00673749996349,0.37290000915527,0.6209499835968,-0.59496247768402,-0.22852499783039,0.21394999325275,1.53766250610352,1.2277375459671,0.90034997463226,-0.81900006532669,-3.99795007705688,-5.98995018005371,4.49100017547607,6.2920503616333,7.47900056838989,9.16095066070557,8.89305019378662,8.89305019378662,0.86817497014999,1.15706253051758,1.1614625453949,0.71403747797012,1.64518749713898,1.93338751792908,0.56003749370575,0.0,-0.00577499996871,-3.00195002555847,42.7350006103516,41.8540534973145,4.49100017547607,-30.0990009307861,-46.0729522705078,9.19905090332031,9.61995029449463,-38.2630500793457,1.05077505111694,-0.18507499992847,-8.27337455749512,2.04489994049072,1.13794994354248,-2.06497502326965,-0.00632499996573,0.25313749909401,-0.00577499996871,31.7029514312744,-24.8380508422852,-46.9789505004883,-52.5469512939453,-34.3510513305664,-2.28795003890991,-46.8820533752441,-46.8820533752441,13.4890508651733,-13.0150623321533,-15.7591495513916,-16.659912109375,-0.39531248807907,1.0896874666214,1.01213753223419,-0.98669999837875,0.00219999998808,1.66938745975494,-39.586051940918,-32.881950378418,-17.9809513092041,2.15400004386902,1.61805009841919,-0.90900003910065,5.2150502204895,3.91305017471313,3.91305017471313,-16.5017871856689,-7.05278730392456,-0.57832497358322,2.19326257705688,12.012412071228,14.7389001846313,6.01424980163574,9.722487449646,11.9314250946045,5.5009503364563,9.71505069732666,10.5960006713867,-4.4719500541687,-4.01205015182495,-2.17305016517639,10.7700004577637,5.90505027770996,3.33795022964478,5.22101259231567,11.6330499649048,12.2068376541138,13.7300624847412,9.32401275634766,7.94378757476807,14.3646249771118,13.2822246551514,11.0109996795654,11.0940008163452,5.11800003051758,2.05305004119873,-1.6750500202179,1.19700002670288,2.49900007247925,0.19695000350475,8.05005073547363,13.7190008163452,11.494312286377,8.37705039978027,2.33282494544983,3.71016240119934,-8.1449499130249,-15.7231245040894,7.78415012359619,3.75086259841919,-2.6831750869751,0.78900003433228,0.09900000691414,1.09500002861023,2.72895002365112,2.11605000495911,0.69900006055832,14.8680009841919,14.8680009841919,9.5440502166748,SWING_RIGHT
-0.18026250600815,-0.34443750977516,-0.31281250715256,0.53377497196198,0.00137499999255,-0.14643749594688,2.90070009231567,3.47462487220764,3.68321251869202,1.21005010604858,1.36395001411438,0.67395001649857,1.88595008850098,1.92495012283325,2.84400010108948,9.08400058746338,9.88905048370361,9.77400016784668,-0.20253749191761,-0.00137499999255,0.40768748521805,-0.21573749184608,-0.17723749577999,0.00563749996945,3.85976243019104,3.93318748474121,3.73903751373291,0.44400003552437,0.6360000371933,-0.05295000225306,3.03495025634766,2.72895002365112,3.41895008087158,9.61995029449463,9.5440502166748,9.27600002288818,0.61641252040863,0.79062497615814,0.92949998378754,0.31968748569489,0.54546248912811,0.77673751115799,3.57706236839294,3.42237496376038,3.25187492370605,-0.20595000684261,0.21405000984669,-0.58905005455017,3.07395005226135,2.49900007247925,3.26505017280579,9.96495056152344,9.96495056152344,9.81195068359375,1.0095249414444,0.98216247558594,0.91066247224808,1.11732494831085,1.24547493457794,1.38503754138947,2.83043742179871,2.70352506637573,2.65237498283386,-7.06305027008057,-10.4719505310059,-9.36105060577393,6.2920503616333,6.44505023956299,3.84000015258789,10.6159505844116,12.1099510192871,12.4170007705688,0.84149998426437,0.57983750104904,0.31446251273155,1.644087433815,2.48489999771118,2.88103747367859,2.59861254692078,2.46070003509521,2.51968741416931,-1.47000002861023,56.6410522460938,50.1670532226563,0.00900000054389,-26.6899509429932,-44.1199531555176,12.1099510192871,9.96495056152344,-1.83195006847382,-0.25011250376701,-1.47661244869232,-5.69002485275269,2.88667488098145,1.54054999351501,-4.28601264953613,2.70118737220764,2.95514988899231,4.15456247329712,28.5229511260986,-0.35895001888275,-34.6440010070801,-58.561954498291,-43.3540534973145,-12.7080001831055,-35.8879508972168,-37.8799514770508,12.5700006484985,-6.22957515716553,-8.03728771209717,-15.2674503326416,-7.14738750457764,-7.31142473220825,1.00925004482269,4.84275007247925,4.81373739242554,3.45702505111694,-23.344051361084,-23.6119518280029,-23.803050994873,-15.9259510040283,-9.49005031585693,2.42295002937317,12.5700006484985,9.81195068359375,9.81195068359375,-15.3206624984741,-12.9540128707886,-6.46153736114502,2.73624992370605,6.51241254806519,15.9359750747681,5.29718732833862,6.72773742675781,6.67535018920898,-5.9520001411438,2.43600010871887,7.72305059432983,1.42695009708405,-0.90900003910065,-1.6750500202179,19.2349510192871,10.4629507064819,4.71705007553101,-1.59211254119873,6.71673727035522,10.7907247543335,21.5330505371094,16.3689632415771,10.983362197876,6.3269248008728,7.53623723983765,7.57377481460571,9.56100082397461,3.89205026626587,3.31695008277893,-1.02404999732971,1.35000002384186,0.66000002622604,-0.26205000281334,2.57205009460449,7.66695022583008,11.7628498077393,11.9785871505737,5.25524997711182,9.17771244049072,6.29268741607666,-9.09108734130859,6.3562126159668,4.3076000213623,1.38709998130798,2.85795021057129,1.51695013046265,0.71205002069473,0.54495000839233,0.73695003986359,0.58395004272461,10.7700004577637,11.8039503097534,11.2680006027222,SWING_RIGHT
0.48262500762939,0.55659997463226,0.67594999074936,0.3799124956131,0.31130000948906,0.3827999830246,6.85354995727539,6.08038759231567,4.12211227416992,0.21405000984669,0.06105000153184,0.32895001769066,2.69100022315979,2.95905017852783,2.88195013999939,10.1179504394531,9.69705009460449,7.81995058059692,0.70606249570847,0.72311252355576,0.73892498016357,0.50325000286102,0.64418751001358,0.76835000514984,3.36352491378784,2.81503748893738,2.41903758049011,0.36795002222061,0.29100000858307,0.17595000565052,3.03495025634766,3.18900012969971,3.30405020713806,7.81995058059692,7.9350004196167,8.35605049133301,0.77096247673035,0.80739998817444,0.84534996747971,0.88082498311996,0.86322498321533,0.83270001411438,1.90299999713898,1.79877495765686,1.77663743495941,0.25304999947548,0.06105000153184,-0.09105000644922,2.99700021743774,2.99700021743774,2.99700021743774,8.35605049133301,8.54805088043213,8.778000831604,0.86803752183914,0.76986247301102,0.65119999647141,0.80148750543594,0.79763752222061,0.83723747730255,1.78516244888306,1.80097496509552,1.8463499546051,-0.66600000858307,-2.92605018615723,-5.03295040130615,3.07395005226135,4.06995010375977,4.83600044250488,9.88905048370361,11.2680006027222,11.3059501647949,0.49183750152588,0.29947498440742,-0.00439999997616,0.93211251497269,1.10783743858337,1.61933743953705,1.93833744525909,2.03005003929138,2.1379873752594,-5.68395042419434,-2.61900019645691,39.786003112793,4.91295003890991,1.96305012702942,-21.0589504241943,11.6509504318237,11.6890506744385,13.4509506225586,-0.26936250925064,-0.5986750125885,-1.57162499427795,1.85693752765656,1.93476247787476,0.99907499551773,2.22777509689331,2.37668752670288,2.62102508544922,39.1729507446289,22.0500011444092,-5.2630500793457,-43.85205078125,-50.4019508361816,-29.601001739502,-38.683952331543,-38.683952331543,-26.8849506378174,-5.92693758010864,-8.31063747406006,-10.7354497909546,-3.00231242179871,-4.00234985351563,-3.39377498626709,2.14403748512268,1.32838749885559,0.82307499647141,-30.6990013122559,-28.0170021057129,-26.2930507659912,-5.00805044174194,-6.19605016708374,-3.28395009040833,22.2229518890381,22.2229518890381,19.3500003814697,-11.8934745788574,-11.3572244644165,-12.1323127746582,-3.14957499504089,-3.51257491111755,-7.7864875793457,1.28768754005432,4.42255020141602,8.44566249847412,-18.8230514526367,-5.18595027923584,1.36395001411438,2.84400010108948,2.92095017433167,1.12005007266998,11.0380506515503,4.14195013046265,6.78600025177002,-15.09681224823,-12.6777753829956,-8.27818775177002,-12.6966123580933,-11.5985374450684,-13.8238372802734,13.4220628738403,15.7782621383667,17.4931621551514,4.62000036239624,5.46300029754639,5.19405031204224,0.92895007133484,1.35000002384186,1.08195006847382,6.97695016860962,6.97695016860962,7.16895055770874,-7.51368761062622,-7.03381252288818,-6.62956237792969,-14.846287727356,-16.2204627990723,-17.6625633239746,16.7865505218506,15.1751871109009,12.2314500808716,4.12200021743774,3.50895023345947,3.20205020904541,1.27305006980896,0.81405001878738,0.27705001831055,9.00705051422119,10.0800008773804,10.6549501419067,SWING_RIGHT
1.69455003738403,1.59101247787476,1.05448746681213,1.99278748035431,1.8741250038147,1.34447503089905,10.6173372268677,9.17867469787598,4.8850998878479,-1.24005007743835,-1.89105010032654,0.06105000153184,3.61005020141602,3.41895008087158,0.3160500228405,10.0800008773804,10.6930503845215,9.42900085449219,0.86157500743866,0.73094999790192,0.59276247024536,1.24011254310608,1.23323750495911,1.28466248512268,3.55423736572266,2.8223249912262,2.44571256637573,2.16795015335083,4.31295013427734,5.80695009231567,-0.75600004196167,-1.29195010662079,-1.13895010948181,9.5440502166748,9.77400016784668,10.3480501174927,-0.00027499999851,-0.36684998869896,-0.71128749847412,1.25358748435974,0.94875001907349,0.36519998311996,2.37737488746643,2.59627509117126,2.96449995040894,6.57300043106079,6.15195035934448,5.65395021438599,0.69900006055832,1.57995009422302,2.65200018882751,10.3870506286621,9.31395053863525,8.93100070953369,-0.97968751192093,-0.88494998216629,-0.32945001125336,-0.41126251220703,-2.09701251983643,-2.78478741645813,3.39019989967346,4.17628765106201,4.46916246414185,4.81095027923584,3.93000030517578,3.24105024337769,3.18900012969971,3.84000015258789,4.06995010375977,8.16495037078857,6.63195037841797,6.63195037841797,0.48152500391006,1.36413753032684,2.95322489738464,-3.15809988975525,-3.12840008735657,-2.06593751907349,4.52732515335083,4.27418756484985,3.11533737182617,2.70405006408691,5.3860502243042,35.9170532226563,4.49100017547607,1.81005012989044,-42.9709510803223,6.86205053329468,7.09200048446655,7.59000015258789,3.46403741836548,3.37314987182617,1.4719375371933,-1.36083745956421,-0.93940001726151,-1.2364000082016,2.43828749656677,2.01602506637573,2.24523758888245,16.2649517059326,1.47900009155273,-34.1080513000488,-73.5780029296875,-57.1819534301758,-30.9040508270264,-47.5710029602051,-47.5710029602051,-10.8349504470825,-9.05698776245117,-13.3258123397827,-14.9753999710083,0.00054999999702,1.99402499198914,1.94493746757507,1.09807503223419,1.52954995632172,3.46926259994507,-38.628002166748,-42.1909523010254,-38.9730033874512,-12.4399509429932,-2.86305022239685,5.67900037765503,16.3240509033203,16.3240509033203,9.77400016784668,-15.5487747192383,-21.496337890625,-21.7331123352051,1.2725625038147,-8.84413719177246,-11.7111501693726,5.48734998703003,8.01707458496094,8.91013717651367,-23.6500511169434,2.62800002098084,7.76100015640259,2.84400010108948,-4.93095016479492,-5.39100027084351,2.30400013923645,2.38005018234253,-0.52995002269745,-17.169075012207,-11.9695119857788,-8.94519996643066,-12.272424697876,-15.3224496841431,-16.1569366455078,10.5177869796753,11.7602376937866,8.59759998321533,10.9399509429932,13.3540506362915,6.88005018234253,-5.35305023193359,-4.81695032119751,-0.06599999964237,-0.56805002689362,-1.14300000667572,-0.18495000898838,-8.31847476959229,-7.03628730773926,0.31941249966621,-15.5183877944946,-13.5783996582031,-4.73687505722046,6.03253746032715,1.82132494449615,-6.50264978408813,2.28299999237061,0.71205002069473,0.40605002641678,1.77105009555817,1.88595008850098,1.35000002384186,9.12195014953613,11.8039503097534,14.5240507125854,SWING_RIGHT
0.46516248583794,0.40796250104904,0.21779999136925,0.81331247091293,0.87725001573563,0.88357502222061,0.96607500314713,1.06878745555878,1.60201251506805,0.44400003552437,0.82695001363754,0.21405000984669,2.49900007247925,2.34600019454956,2.84400010108948,9.8500509262085,9.96495056152344,9.8500509262085,0.00673749996349,0.00384999997914,0.00178749999031,0.8595125079155,0.85745000839233,0.87271249294281,2.02138757705688,2.52697491645813,3.04603743553162,-0.12900000810623,-0.20595000684261,0.09900000691414,3.15000009536743,3.11205005645752,2.92095017433167,9.8500509262085,9.46695041656494,9.31395053863525,0.00164999999106,0.00522499997169,0.20143750309944,0.95741248130798,1.05462503433228,1.19350004196167,3.87392497062683,4.12554979324341,4.29357481002808,-0.66600000858307,-1.89105010032654,-3.88305020332336,3.26505017280579,3.99300026893616,4.64400005340576,8.66295051574707,9.92700004577637,9.96495056152344,0.28545001149178,0.44659999012947,0.51039999723434,1.33141243457794,1.65206253528595,2.00282502174377,4.36163759231567,4.10657501220703,3.85494995117188,-7.02495050430298,-8.25,-1.27905011177063,5.44905042648315,1.31205010414124,-2.36505007743835,10.3099508285522,10.6930503845215,10.3099508285522,0.49376249313354,0.34636250138283,-0.85703748464584,2.49493741989136,3.00121259689331,3.71689987182617,3.65158748626709,3.53815007209778,3.62779998779297,5.27100038528442,24.8080520629883,36.8359527587891,-4.51005029678345,-15.7720508575439,-36.9180030822754,10.3099508285522,12.7620010375977,-39.6799507141113,-1.93338751792908,-3.65543746948242,-6.14377498626709,3.34716248512268,1.47688746452332,-1.40566253662109,3.98639988899231,4.22510004043579,3.59081244468689,22.8919506072998,8.6419506072998,-34.7209510803223,-55.995002746582,-45.844051361084,-25.9999504089355,-42.4759521484375,-42.4759521484375,-23.0160007476807,-13.2961120605469,-15.1683120727539,-15.3214874267578,-4.14067506790161,-4.87368726730347,-6.62970018386841,0.75844997167587,0.76587498188019,1.28301250934601,-35.7930030822754,-33.5719528198242,-26.1019515991211,-5.85105037689209,1.61805009841919,4.79805040359497,20.193000793457,10.0420503616333,9.39105033874512,-14.4607372283936,-14.1805124282837,-14.9485874176025,-8.47728729248047,-15.4332752227783,-18.6924381256104,1.69826245307922,1.57217502593994,3.11382508277893,-13.957950592041,7.7989501953125,13.2769508361816,3.34200024604797,-2.32695007324219,-2.9389500617981,8.73900032043457,4.83195018768311,2.95500016212463,-11.5491752624512,-8.13587474822998,-4.7118501663208,-19.745138168335,-21.1993370056152,-20.8738746643066,5.82188749313354,6.81257486343384,4.58039999008179,12.7030506134033,9.67605018615723,4.00695037841797,-1.56000006198883,0.23895001411438,1.35000002384186,1.11600005626678,0.00495000043884,5.94300031661987,-3.80311250686646,-3.02472496032715,3.2407374382019,-20.9746627807617,-21.8853244781494,-18.8743495941162,2.42233753204346,1.99526250362396,5.12256240844727,1.86195003986359,0.36795002222061,-1.04895007610321,2.07795000076294,2.03895020484924,1.81005012989044,8.12595081329346,9.81195068359375,10.4629507064819,SWING_RIGHT
0.64968746900558,0.75157499313354,0.8428750038147,-0.00384999997914,-0.00343749998137,0.00054999999702,2.60053753852844,2.07501244544983,1.70527493953705,1.09500002861023,1.17195010185242,2.35995006561279,3.03495025634766,2.99700021743774,2.26905012130737,9.88905048370361,9.96495056152344,9.96495056152344,0.87807500362396,0.77990001440048,0.68873751163483,0.00687499996275,0.3962749838829,0.4644750058651,1.44292497634888,1.12749993801117,1.08404994010925,2.93400025367737,1.55505001544952,1.97700011730194,2.19300007820129,3.37995004653931,3.03495025634766,9.96495056152344,8.778000831604,8.5090503692627,0.57392501831055,0.44288748502731,0.27087500691414,0.49926251173019,0.46598750352859,0.23292499780655,1.09573745727539,1.1281875371933,1.15610003471375,2.24505019187927,1.8229501247406,-2.23605012893677,2.6140501499176,3.07395005226135,5.02695035934448,8.5090503692627,7.97295045852661,9.50505065917969,0.27967500686646,0.34581249952316,0.47574999928474,0.00453749997541,0.00041249999776,0.0027499999851,1.17067503929138,1.20546245574951,1.214674949646,-5.33895015716553,-7.48395013809204,-6.10500049591064,6.21495008468628,5.9089503288269,2.95905017852783,10.6549501419067,12.1489505767822,13.8720006942749,0.776187479496,0.79791247844696,0.59042501449585,1.02203750610352,1.73483753204346,2.44090008735657,0.98037499189377,0.88302499055862,0.95438748598099,6.49695014953613,30.1710014343262,49.2480010986328,-4.70205020904541,-16.0020008087158,-34.465950012207,12.9529504776001,9.12195014953613,-6.81195020675659,0.00096249999478,-2.73171257972717,-5.58758735656738,2.8969874382019,0.83737498521805,-1.59596252441406,1.23475003242493,2.16534996032715,2.08271241188049,31.8940505981445,-22.3860015869141,-38.2069511413574,-55.2289543151855,-33.1639518737793,-17.6880016326904,-45.1579513549805,-31.2520523071289,2.30400013923645,-8.81842517852783,-11.6304378509521,-13.0536994934082,-3.10750007629395,-3.2239625453949,-4.27872514724731,1.41267502307892,1.08955001831055,2.82686257362366,-36.5209503173828,-32.4990005493164,-21.4279518127441,-13.7419509887695,-10.5630006790161,4.41495037078857,16.3240509033203,10.7700004577637,9.73500061035156,-12.4233999252319,-11.3584623336792,-14.9382753372192,-5.2047872543335,-6.5388126373291,-16.0930004119873,4.16459989547729,5.80854988098145,8.59759998321533,-12.1960506439209,-1.69995009899139,6.26700019836426,4.83600044250488,2.38394999504089,-0.06599999964237,9.73500061035156,9.31395053863525,6.74700021743774,-10.2541999816895,-8.14852523803711,-7.19729995727539,-16.7197246551514,-18.0757503509521,-18.739875793457,13.5184497833252,14.1319751739502,13.4891624450684,10.9789505004883,8.6419506072998,4.65795040130615,-0.7180500626564,0.69900006055832,1.57995009422302,4.94700002670288,3.52995014190674,4.02795028686523,-6.3963623046875,-2.11777496337891,2.34794998168945,-19.186336517334,-15.8793249130249,-12.5547122955322,12.2055997848511,6.35772514343262,3.00506258010864,2.24505019187927,-0.81900006532669,-0.97200006246567,1.77105009555817,1.27305006980896,0.73695003986359,7.16895055770874,10.7700004577637,11.6119508743286,SWING_RIGHT
0.42253750562668,0.30813750624657,0.21436250209808,0.37771248817444,0.31817498803139,0.30703750252724,1.19487500190735,1.88856244087219,2.29886245727539,0.82695001363754,1.28700006008148,1.51695013046265,1.6560001373291,1.81005012989044,1.92495012283325,10.4629507064819,9.92700004577637,9.46695041656494,0.00618749996647,0.00233749998733,0.00027499999851,0.31377500295639,0.30841249227524,0.24956250190735,2.83552503585815,3.43158745765686,4.52278757095337,1.90005004405975,1.8229501247406,1.05705010890961,1.77105009555817,2.11605000495911,2.88195013999939,9.5440502166748,9.5440502166748,8.66295051574707,0.00343749998137,0.20019999146461,0.38486251235008,0.21848750114441,0.20693749189377,0.2066625058651,4.96911239624023,5.32509994506836,5.47882509231567,0.78900003433228,0.32895001769066,-1.69995009899139,2.76705002784729,2.95905017852783,3.7630500793457,8.31795024871826,7.81995058059692,7.81995058059692,0.81949996948242,1.03083753585815,1.25042498111725,0.32188749313354,0.48606249690056,0.82499998807907,5.04721260070801,4.59098768234253,4.03493738174438,-10.2040500640869,-14.0730009078979,-14.953950881958,7.01895046234131,6.13800048828125,1.96305012702942,13.2979507446289,13.7190008163452,13.7190008163452,1.43962502479553,1.25950002670288,0.690249979496,1.48197495937347,3.49428749084473,4.35627508163452,3.34427499771118,1.84593749046326,1.47647500038147,-9.97395038604736,48.4050025939941,43.2330017089844,-4.12695026397705,-24.8899517059326,-38.029052734375,13.3360509872437,9.88905048370361,-4.39905023574829,-0.57667499780655,-2.80376243591309,-8.57656288146973,4.96636247634888,4.43217515945435,-0.90887498855591,1.63666248321533,2.43801259994507,2.47953748703003,28.2169513702393,8.10599994659424,-31.1580009460449,-50.4400520324707,-35.1559524536133,-10.9840507507324,-43.7790031433105,-40.3699531555176,20.2309513092041,-10.8910999298096,-12.4381122589111,-13.0659370422363,-3.5205500125885,-4.99881267547607,-6.04642486572266,1.57093751430511,1.23021245002747,1.627312541008,-30.5449523925781,-28.8210010528564,-24.9139518737793,-9.68205070495606,-4.27995014190674,0.3160500228405,20.2309513092041,15.0220508575439,10.8850507736206,-10.9330377578735,-8.39849948883057,-11.5053119659424,-7.53486251831055,-8.08816242218018,-17.5104866027832,3.34949994087219,5.03525018692017,9.55350017547607,-8.05905055999756,-0.47400003671646,4.69605016708374,3.22695016860962,2.65200018882751,1.54095005989075,7.51305055618286,7.4370002746582,7.12995052337646,-8.92498779296875,-5.89063739776611,-5.19062519073486,-15.6050119400024,-15.4280500411987,-15.8787746429443,12.6310253143311,15.24049949646,14.9899749755859,6.76500034332275,4.39005041122437,2.62800002098084,1.19700002670288,1.84800004959106,1.88595008850098,7.12995052337646,6.01905012130737,7.74300050735474,-4.50766229629517,-3.99396252632141,2.54320001602173,-16.836462020874,-18.424861907959,-10.6317749023438,13.9391994476318,11.6705875396729,3.18766260147095,1.86195003986359,2.206050157547,0.25304999947548,1.35000002384186,0.50700002908707,0.69900006055832,10.0420503616333,10.0420503616333,8.24100017547607,SWING_RIGHT
-0.00164999999106,-0.00123749999329,0.00343749998137,0.00357499998063,0.00041249999776,-0.00164999999106,-0.00164999999106,0.00027499999851,0.00247499998659,0.02295000106096,-1.77705013751984,-3.69195008277893,2.23095011711121,3.18900012969971,3.34200024604797,9.31395053863525,9.65895080566406,9.19905090332031,0.17531250417233,0.32972499728203,0.49486249685287,0.0027499999851,0.28902500867844,0.61778748035431,0.00164999999106,-0.00054999999702,-0.00371249997988,-3.53895020484924,-2.00595021247864,-0.81900006532669,2.69100022315979,1.42695009708405,0.58395004272461,9.19905090332031,11.2680006027222,11.2680006027222,0.75638747215271,0.70152497291565,0.46832498908043,1.3532749414444,1.66058754920959,1.82256245613098,-0.18108749389648,-0.19016249477863,-0.00109999999404,0.59700000286102,1.09500002861023,2.66595005989075,-0.18105000257492,0.35400000214577,-0.14295001327991,10.8460502624512,10.9990501403809,10.0030508041382,0.00412499997765,-0.9149249792099,-1.38998746871948,1.75628745555878,1.0477499961853,0.5545374751091,0.37606251239777,2.07542490959167,3.43337488174438,1.44000005722046,-5.07105016708374,-10.7020502090454,0.8520000576973,3.53295016288757,3.84000015258789,8.66295051574707,10.9609508514404,12.3400506973267,-1.67585003376007,-1.60696244239807,-0.85703748464584,0.00192499998957,-0.24571250379086,0.36465001106262,5.0098123550415,6.23933744430542,7.49388742446899,-14.5710010528564,-0.47400003671646,54.0739517211914,3.99300026893616,-7.69005060195923,-30.9799518585205,13.9489507675171,15.5580005645752,-11.4859504699707,-0.48138749599457,-0.78333747386932,-2.07528758049011,1.04252505302429,1.49586248397827,0.38719999790192,7.80257511138916,8.24257469177246,8.64916229248047,43.1569519042969,27.5659503936768,-0.85695004463196,-45.0010528564453,-45.5370025634766,-40.3270530700684,-57.2629508972168,-57.2629508972168,-33.5130004882813,-6.99641227722168,-9.03622531890869,-10.1888875961304,-3.78207492828369,-4.86681270599365,-5.86135005950928,6.01809978485107,4.8373875617981,4.65286254882813,-47.745002746582,-44.7570037841797,-27.9400520324707,-8.37900066375732,2.07795000076294,-9.56700038909912,9.69705009460449,11.9569501876831,11.9569501876831,-10.7173004150391,-9.60354995727539,-10.9221754074097,-6.87857484817505,-10.4537124633789,-19.1630992889404,4.91081237792969,5.52089977264404,5.49092483520508,-18.4789505004883,3.77700018882751,9.75300025939941,0.8520000576973,-1.71405005455017,-1.94295012950897,4.02795028686523,8.73900032043457,2.91705012321472,-9.7149248123169,-7.72392511367798,-5.70322513580322,-19.9736633300781,-19.6704750061035,-20.070463180542,7.71333742141724,9.78147506713867,10.0674753189087,12.8940010070801,13.123950958252,6.72705030441284,-1.59900009632111,-2.09700012207031,-0.29595002532005,2.72505021095276,2.72505021095276,5.86605024337769,-4.92442512512207,-4.14273738861084,-2.99254989624023,-21.1059741973877,-23.5701122283936,-22.7154121398926,8.63678741455078,5.34875011444092,2.11447501182556,2.51295018196106,0.13800001144409,-0.70395004749298,0.58395004272461,0.92895007133484,0.92895007133484,10.4629507064819,12.6469507217407,12.6469507217407,SWING_RIGHT
0.00508749997243,0.00659999996424,0.17311249673367,0.47630000114441,0.42047500610352,0.36932501196861,0.55192500352859,0.54505002498627,0.53363752365112,2.7810001373291,2.16795015335083,1.28700006008148,2.53695011138916,2.76705002784729,3.30405020713806,8.73900032043457,8.778000831604,9.77400016784668,0.23801249265671,0.34457498788834,0.36726251244545,0.35254999995232,0.47451248764992,0.54395002126694,0.53707498311996,0.58822500705719,0.64968746900558,1.47900009155273,1.97700011730194,1.40205001831055,2.69100022315979,2.15400004386902,2.95905017852783,9.77400016784668,8.16495037078857,8.16495037078857,0.38431251049042,0.40645000338554,0.43518748879433,0.61105000972748,0.68296247720718,0.84823751449585,0.77852499485016,0.9589250087738,1.38201248645782,-0.05295000225306,-1.27905011177063,-2.16000008583069,3.18900012969971,3.41895008087158,3.26505017280579,8.58600044250488,9.69705009460449,12.4930505752563,0.45732501149178,0.48592498898506,0.49816250801086,0.98175001144409,1.27998745441437,1.72796249389648,1.59788751602173,1.86106252670288,2.13867497444153,-2.1979501247406,-3.3469500541687,-1.08705008029938,2.88195013999939,3.37995004653931,3.80205011367798,11.8420505523682,9.69705009460449,9.19905090332031,0.41772499680519,0.29150000214577,0.0042624999769,2.7025625705719,3.13596248626709,3.49923753738403,2.70875000953674,3.06597495079041,3.67400002479553,30.7069511413574,51.1249542236328,32.661003112793,-13.4359502792358,-30.7510509490967,-45.3070526123047,8.24100017547607,7.28400039672852,1.69095003604889,-0.26757499575615,-4.08443737030029,-7.20926237106323,3.29243755340576,-0.54807502031326,-2.16232490539551,4.47919988632202,5.93449974060059,5.46589994430542,5.27100038528442,-29.1660022735596,-37.326000213623,-53.0070037841797,-13.243950843811,-0.29595002532005,-29.7970504760742,21.5340003967285,21.5340003967285,-13.0878000259399,-15.1056127548218,-15.7418251037598,2.60823750495911,3.75113749504089,2.48407506942749,1.68217504024506,1.14358747005463,2.53618741035461,-32.6520004272461,-29.1660022735596,-8.86305046081543,5.10405015945435,9.04995059967041,3.34200024604797,9.27600002288818,-1.7940000295639,1.92105007171631,-15.3444499969482,-6.96066236495972,0.59771251678467,3.3764500617981,12.8984622955322,18.0493507385254,3.62821245193481,4.30870008468628,5.58786249160767,-1.81500005722046,3.12600016593933,7.41600036621094,1.57995009422302,-0.02805000171065,-1.63695013523102,13.9870510101318,13.9870510101318,13.7959508895874,10.5136623382568,11.3409996032715,11.434362411499,11.1918125152588,10.2166624069214,9.07183742523193,12.1339626312256,11.7741250991821,10.6218748092651,6.34395027160645,4.15995025634766,1.93800008296967,-1.13895010948181,-0.33495002985001,0.39195001125336,6.86205053329468,6.86205053329468,8.12595081329346,11.0908870697021,-0.41635000705719,-1.98866248130798,6.72292518615723,-10.6695871353149,-12.1049499511719,9.15722465515137,6.28539991378784,4.55372476577759,0.02295000106096,-1.43205010890961,-1.93005013465881,0.62205004692078,0.73695003986359,1.08195006847382,10.3870506286621,10.2330007553101,9.39105033874512,SWING_RIGHT
-0.15619999170303,0.00288749998435,0.15028749406338,0.00467499997467,-0.1733874976635,-0.35502499341965,1.21770000457764,1.38091254234314,1.47551250457764,2.66595005989075,2.28299999237061,1.93800008296967,2.30805015563965,2.72895002365112,3.18900012969971,8.24100017547607,9.04605007171631,9.39105033874512,0.22852499783039,0.30579999089241,0.41786250472069,-0.52689999341965,-0.69093751907349,-0.9646999835968,1.57354998588562,1.65577495098114,1.6632000207901,2.24505019187927,2.58900022506714,2.70405006408691,3.18900012969971,2.88195013999939,2.65200018882751,9.39105033874512,9.27600002288818,8.89305019378662,0.43958750367165,0.46309998631477,0.47932499647141,-0.97391247749329,-0.86487501859665,-0.69574999809265,1.57410001754761,1.46162497997284,1.33581244945526,2.81895017623901,3.01095008850098,2.89605021476746,2.72895002365112,2.6140501499176,2.92095017433167,9.08400058746338,9.08400058746338,9.19905090332031,0.46309998631477,0.41566249728203,0.38403749465942,-0.33398750424385,-0.16142499446869,-0.00041249999776,1.08281254768372,0.99426251649857,0.95754998922348,2.35995006561279,1.36395001411438,-1.24005007743835,3.37995004653931,4.06995010375977,5.9850001335144,9.31395053863525,9.31395053863525,9.31395053863525,0.37564998865128,0.4658499956131,0.64102500677109,0.00453749997541,0.28297498822212,0.60692501068115,0.94655001163483,0.85896247625351,0.70894998311996,-5.45400047302246,-0.85695004463196,25.8040504455566,8.62800025939941,1.12005007266998,-15.8490009307861,11.1529502868652,9.12195014953613,6.36405038833618,0.87064999341965,1.10632503032684,-0.00632499996573,1.03908753395081,1.53065001964569,1.61370003223419,0.59207499027252,0.52854996919632,1.11663746833801,56.7559509277344,34.9969520568848,-3.88305020332336,-32.5890007019043,-41.170051574707,-21.2500514984131,5.98095035552979,-14.4360008239746,-30.984001159668,-3.08673739433289,-6.43403768539429,-8.88318729400635,0.72022497653961,0.00316249998286,0.00618749996647,1.6218124628067,1.29153752326965,0.93582499027252,-30.8899517059326,-35.4490509033203,-20.3940010070801,-1.13895010948181,6.06195020675659,2.69100022315979,22.6830005645752,22.6830005645752,16.4010009765625,-10.7720251083374,-10.6650495529175,-8.94011211395264,0.7012500166893,1.28548753261566,3.33410000801086,1.80606245994568,2.61304998397827,3.00093746185303,-12.2340002059937,-5.53095006942749,1.05705010890961,3.99300026893616,2.49900007247925,0.58395004272461,10.6159505844116,13.4890508651733,13.4890508651733,-3.55712509155273,8.55648708343506,10.9286375045776,7.46570014953613,10.879412651062,9.87360000610352,1.74831247329712,1.54508745670319,1.9181250333786,5.0029501914978,7.26300048828125,6.72705030441284,-0.18105000257492,-0.06599999964237,0.3160500228405,9.81195068359375,5.36805009841919,5.36805009841919,11.5753002166748,11.3232622146606,7.82760000228882,8.32205009460449,6.25666236877441,-2.30202507972717,1.65756249427795,1.2997875213623,1.14221251010895,5.30895042419434,3.31695008277893,0.6360000371933,0.69900006055832,1.23495006561279,1.61805009841919,7.55205059051514,9.04605007171631,11.6119508743286,SWING_RIGHT
0.21051250398159,0.24516250193119,0.27252501249313,0.33632498979568,0.45127499103546,0.54752498865128,0.22274999320507,0.21559999883175,0.21532499790192,0.21405000984669,-0.24405001103878,-0.66600000858307,2.46105003356934,2.88195013999939,2.95905017852783,10.5400505065918,10.3480501174927,10.0800008773804,0.29438748955727,0.33357501029968,0.36602500081062,0.62851250171661,0.82307499647141,0.94201248884201,0.21848750114441,0.23237499594688,0.25850000977516,-1.04895007610321,-1.39305007457733,-1.24005007743835,3.22695016860962,2.76705002784729,2.49900007247925,9.65895080566406,9.50505065917969,9.50505065917969,0.39710000157356,0.42693749070168,0.41648748517036,1.06053745746613,1.18126249313354,1.42161250114441,0.31762498617172,0.39531248807907,0.56870001554489,-1.16400003433228,-1.08705008029938,0.02295000106096,2.46105003356934,2.15400004386902,1.6560001373291,9.8500509262085,10.0800008773804,10.6159505844116,0.34787499904633,0.20899999141693,0.00096249999478,1.48472499847412,1.46808743476868,1.37059998512268,0.68351250886917,0.86391252279282,1.08955001831055,-0.12900000810623,-1.85295009613037,-5.68395042419434,2.11605000495911,3.57195019721985,6.2920503616333,11.076000213623,11.6890506744385,12.7620010375977,-0.39737498760223,-0.50902497768402,-0.55206251144409,1.04211246967316,0.90736252069473,0.87188750505447,1.59885001182556,1.90107500553131,2.27356243133545,-7.3690505027771,7.83795022964478,49.4010009765625,4.60605001449585,-5.77395009994507,-28.1070022583008,11.8420505523682,7.09200048446655,5.67495012283325,-0.54436248540878,-1.17466247081757,-3.48892498016357,0.91176247596741,0.42748749256134,-1.01887500286102,2.67506241798401,3.32021236419678,3.30068755149841,55.6069526672363,-2.84895014762878,-41.9230537414551,-37.7220001220703,-34.5810012817383,-12.2860507965088,-4.62900018692017,-17.9599514007568,20.4229507446289,-7.03326225280762,-9.87167453765869,-12.1699876785278,-2.31577491760254,-2.45849990844727,-2.39868760108948,2.40198755264282,1.47812497615814,1.87591254711151,-39.3940505981445,-35.4100532531738,-19.0150508880615,-4.70205020904541,-1.13895010948181,3.34200024604797,21.3040504455566,21.3040504455566,4.06605005264282,-12.4260120391846,-12.1138877868652,-8.09462451934814,-2.62473750114441,-2.67190003395081,1.34708750247955,2.69568753242493,4.11303758621216,5.88637495040894,-5.64600038528442,-0.24405001103878,4.42799997329712,2.57595014572144,2.19300007820129,1.27305006980896,7.28400039672852,10.2720003128052,12.2640008926392,7.27099990844727,10.0335121154785,11.4273500442505,10.7289876937866,10.0068378448486,8.94025039672852,9.4785623550415,10.7271995544434,10.6008377075195,7.7989501953125,6.99495029449463,5.30895042419434,0.54495000839233,0.43095001578331,1.04295003414154,2.76300024986267,2.76300024986267,4.63995027542114,11.9780378341675,11.625075340271,2.85766243934631,7.53802490234375,1.8298499584198,-10.4920749664307,10.0064249038696,7.5193247795105,6.9048376083374,1.74705004692078,-0.47400003671646,-1.27905011177063,2.07795000076294,2.15400004386902,2.00100016593933,6.21105051040649,10.5010509490967,10.0420503616333,SWING_RIGHT
0.15950000286102,0.25299999117851,0.32628750801086,0.23622499406338,0.37221249938011,0.49733749032021,0.17668749392033,0.19813749194145,0.19786250591278,-0.85695004463196,0.36795002222061,0.21405000984669,3.6870002746582,2.88195013999939,2.6140501499176,10.8850507736206,8.93100070953369,8.4330005645752,0.39861249923706,0.43821248412132,0.45429998636246,0.6349750161171,0.77742499113083,1.01502501964569,0.20941250026226,0.24213749170303,0.36368748545647,-0.09105000644922,-0.62700003385544,-1.39305007457733,2.49900007247925,2.30805015563965,2.72895002365112,8.4330005645752,8.89305019378662,10.3480501174927,0.38912498950958,0.26551249623299,0.00508749997243,1.0477499961853,1.03454995155334,1.01915001869202,0.45581248402596,0.5820375084877,0.72228747606277,-1.89105010032654,-1.96800005435944,-2.65800023078919,2.69100022315979,2.80605006217957,3.26505017280579,10.6159505844116,10.8460502624512,10.8850507736206,-0.19910000264645,-0.30579999089241,-0.37056249380112,1.07346248626709,1.13918745517731,1.26348745822906,0.95947498083115,1.04376244544983,1.13217496871948,-6.06705045700073,-9.93600082397461,-13.8430509567261,5.41095018386841,7.09605026245117,7.09605026245117,11.3440504074097,11.3440504074097,11.5360507965088,-0.35392498970032,-0.00673749996349,-0.00096249999478,1.46079993247986,2.2045373916626,2.57290005683899,1.20560002326965,1.22993743419647,1.2227874994278,-13.7280006408691,34.078052520752,63.4600524902344,3.72495007514954,-24.6600017547607,-33.6619529724121,11.6509504318237,2.76300024986267,-19.6450500488281,-0.0042624999769,-0.75267499685287,-6.37188768386841,2.90179991722107,2.81792497634888,-0.66467499732971,1.29868745803833,1.34241247177124,1.50177502632141,20.5939502716064,7.22505044937134,-36.1000518798828,-52.279052734375,-33.4699516296387,-6.57900047302246,-61.3999519348145,-61.3999519348145,27.3570003509521,-8.92924976348877,-10.3992624282837,-11.159912109375,-2.98801255226135,-4.22399997711182,-4.71748733520508,0.91258752346039,0.45732501149178,0.81840002536774,-32.6520004272461,-33.9550514221191,-26.4850521087646,-4.20405006408691,1.50300002098084,3.95505023002625,18.7369518280029,7.70505046844482,7.70505046844482,-10.8981122970581,-6.6426248550415,2.75976252555847,-4.18371248245239,1.65041244029999,10.0146751403809,3.02073740959167,3.68211245536804,2.97288751602173,-1.81500005722046,4.92600011825562,9.60000038146973,1.19700002670288,0.20100000500679,-0.29595002532005,10.6549501419067,10.7700004577637,10.7700004577637,7.54036235809326,11.5442247390747,12.2777872085571,12.999662399292,13.9709625244141,12.7092628479004,4.44551229476929,6.26408767700195,5.90259981155396,9.9060001373291,5.80695009231567,2.93400025367737,0.69900006055832,2.34600019454956,2.80605006217957,5.86605024337769,3.52995014190674,7.78200054168701,12.4239501953125,11.606650352478,2.38631248474121,10.2815628051758,5.03607511520386,-11.195387840271,5.08901262283325,4.18989992141724,4.69727516174316,0.29100000858307,-0.62700003385544,0.09900000691414,2.95905017852783,2.76705002784729,1.732950091362,9.92700004577637,10.3099508285522,10.1569509506226,SWING_RIGHT
0.44714999198914,0.49073749780655,0.39957499504089,0.25519999861717,0.50448751449585,0.85030001401901,-0.00192499998957,-0.00604999996722,-0.1891999989748,0.67395001649857,0.82695001363754,0.52095001935959,2.76705002784729,2.6140501499176,3.30405020713806,10.1179504394531,10.1179504394531,9.39105033874512,0.2954874932766,0.17806249856949,0.00316249998286,0.90158748626709,0.8984249830246,0.85236251354218,-0.16761249303818,-0.00563749996945,-0.00192499998957,0.25304999947548,-0.12900000810623,-0.39705002307892,3.53295016288757,3.8779501914978,4.33800029754639,8.5090503692627,8.5090503692627,8.5090503692627,0.00041249999776,0.00439999997616,0.20817500352859,0.65202498435974,0.56966251134872,0.55797499418259,0.00618749996647,0.18878750503063,0.2404875010252,-0.62700003385544,-1.27905011177063,-2.35095000267029,3.49500012397766,3.91695022583008,4.56795024871826,9.42900085449219,10.5400505065918,10.8460502624512,0.33797499537468,0.56155002117157,0.57034999132156,0.595787525177,0.80739998817444,1.04403746128082,0.27610000967979,0.36245000362396,0.40356248617172,-3.1560001373291,-6.9859504699707,-13.3069505691528,4.56795024871826,5.14200019836426,5.94705009460449,11.3059501647949,10.6930503845215,11.9569501876831,0.49802500009537,0.35832500457764,-0.00247499998659,1.34818744659424,1.69193744659424,2.75893759727478,0.46543750166893,0.53556251525879,0.54711252450943,-13.4599504470825,-9.5149507522583,30.094051361084,2.38394999504089,-1.98195004463196,-20.8290004730225,11.9569501876831,11.0380506515503,7.78200054168701,-0.36396250128746,-0.98326247930527,-2.13606238365173,3.30632495880127,3.76323747634888,3.65846252441406,0.49994999170303,0.52181249856949,0.80107498168945,72.0400543212891,43.1569519042969,6.57300043106079,-37.9519500732422,-49.8660011291504,-38.6800537109375,6.09600019454956,-27.3070507049561,-43.8940505981445,-8.09270000457764,-10.2554378509521,-11.4100246429443,-0.00481249997392,-2.58032488822937,-3.98186254501343,2.10828757286072,1.67433750629425,1.19377493858337,-37.4410514831543,-33.0349502563477,-29.6260509490967,-9.68205070495606,-5.85105037689209,-2.13495016098022,21.8790016174316,21.8790016174316,18.3540000915527,-11.9319753646851,-10.6642246246338,-7.02336263656616,-4.61766242980957,-4.04139995574951,0.33412501215935,1.42449998855591,3.02926254272461,2.70462489128113,-25.2589511871338,-8.94000053405762,1.21005010604858,2.46105003356934,4.2610502243042,2.53695011138916,14.3700008392334,15.0979509353638,15.0979509353638,1.46781253814697,6.73846244812012,11.0284624099731,8.40509986877441,12.1928119659424,13.2807121276855,0.00453749997541,0.57365000247955,2.65182495117188,6.53505039215088,8.94795036315918,5.8840503692627,1.46505010128021,1.38795006275177,2.6140501499176,7.74300050735474,1.6519501209259,0.34995001554489,11.8399877548218,12.1059122085571,11.5196123123169,12.1785125732422,10.2286252975464,6.31578731536865,2.55626249313354,2.05727505683899,1.6797000169754,3.7390501499176,2.05305004119873,0.78900003433228,3.03495025634766,3.07395005226135,2.80605006217957,4.48695039749146,6.24900007247925,7.70505046844482,SWING_RIGHT
0.28819999098778,0.43243750929832,0.7041375041008,0.33343750238419,0.60554999113083,1.63776254653931,-0.00082499999553,-0.00467499997467,-0.41263750195503,-5.49195003509521,-4.22805023193359,-0.81900006532669,6.06195020675659,4.41495037078857,1.27305006980896,10.7700004577637,9.8500509262085,9.46695041656494,0.78058749437332,0.72503751516342,0.50709998607635,2.16397500038147,2.64852499961853,2.99763751029968,-0.57571250200272,-0.68158751726151,-0.7039999961853,0.98100006580353,3.77700018882751,5.30895042419434,-0.25800001621246,-1.13895010948181,-1.02404999732971,9.46695041656494,9.42900085449219,8.24100017547607,-0.62163752317429,-1.45447504520416,-2.30463743209839,2.81641244888306,2.00873756408691,0.77852499485016,-0.20116250216961,0.53363752365112,1.62800002098084,7.1100001335144,6.53505039215088,5.30895042419434,0.69900006055832,1.77105009555817,2.72895002365112,8.47095012664795,8.47095012664795,7.78200054168701,-2.95941257476807,-2.95336246490479,-2.18707489967346,-0.72668749094009,-3.58462500572205,-4.49020004272461,2.81503748893738,4.56513738632202,5.0810375213623,4.27500009536743,4.08300018310547,4.62000036239624,3.72495007514954,4.1850004196167,3.8779501914978,6.82395029067993,7.01505041122437,8.70105075836182,-0.9757000207901,0.44151249527931,3.16428756713867,-4.83202505111694,-4.5809497833252,-2.65498757362366,5.36442518234253,5.2733998298645,3.90334987640381,3.96900010108948,1.74705004692078,-0.20595000684261,4.45305013656616,5.83200025558472,6.7900505065918,8.70105075836182,9.42900085449219,9.46695041656494,4.027512550354,0.16830000281334,0.21051250398159,-1.23475003242493,-0.00219999998808,-0.00109999999404,3.07450008392334,-0.00027499999851,0.00027499999851,17.4910507202148,0.98100006580353,0.94200003147125,-6.11895036697388,3.61005020141602,3.6870002746582,9.16095066070557,9.08400058746338,9.31395053863525,0.21793749928474,0.21216249465942,0.1915374994278,-0.00068749999627,-0.00068749999627,-0.00109999999404,0.00041249999776,0.00027499999851,0.00013749999925,1.05705010890961,0.98100006580353,1.09500002861023,3.72495007514954,3.49500012397766,3.45705008506775,9.08400058746338,8.89305019378662,9.08400058746338,0.00522499997169,0.00219999998808,-0.00082499999553,-0.00261249998584,-0.00343749998137,-0.00412499997765,-0.00068749999627,-0.0015124999918,-0.00206249998882,0.94200003147125,0.94200003147125,1.1340000629425,3.6870002746582,3.61005020141602,3.49500012397766,9.16095066070557,9.08400058746338,9.04605007171631,-0.00316249998286,-0.00577499996871,-0.00577499996871,-0.00467499997467,-0.00494999997318,-0.00439999997616,-0.0027499999851,-0.00384999997914,-0.0042624999769,0.90405005216599,0.94200003147125,0.98100006580353,3.61005020141602,3.64800024032593,3.49500012397766,9.00705051422119,9.23700046539307,9.23700046539307,-0.00494999997318,-0.00439999997616,-0.00357499998063,-0.00371249997988,-0.00302499998361,-0.00192499998957,-0.0042624999769,-0.00439999997616,-0.00412499997765,1.01895010471344,1.01895010471344,1.01895010471344,3.45705008506775,3.49500012397766,3.53295016288757,9.08400058746338,9.04605007171631,8.96895027160645,SWING_RIGHT
-0.2216500043869,-0.2080374956131,-0.00591249996796,0.00412499997765,0.00398749997839,0.00522499997169,0.26798748970032,0.31446251273155,0.29617500305176,1.36395001411438,1.36395001411438,0.67395001649857,4.06995010375977,3.95505023002625,4.49100017547607,8.93100070953369,8.8540506362915,8.70105075836182,-0.00302499998361,0.00013749999925,0.00329999998212,0.00618749996647,0.14176249504089,0.16651250422001,0.2441999912262,0.18521249294281,0.00577499996871,-0.05295000225306,-0.85695004463196,-1.24005007743835,4.79805040359497,5.25705003738403,5.52495002746582,8.73900032043457,8.73900032043457,7.97295045852661,0.21807499229908,0.30291250348091,0.40356248617172,0.30621248483658,0.4478375017643,0.63414996862411,-0.00412499997765,-0.21133749186993,-0.30483749508858,-1.39305007457733,-0.35895001888275,3.12600016593933,4.64400005340576,3.45705008506775,1.61805009841919,6.67095041275024,6.67095041275024,6.82395029067993,0.51590001583099,0.54738748073578,0.34540000557899,0.8592374920845,1.33924996852875,1.42491245269775,-0.33701249957085,-0.00673749996349,0.27472499012947,4.04505014419556,1.97700011730194,0.52095001935959,0.16200000047684,1.77105009555817,3.11205005645752,8.62395000457764,11.9569501876831,11.3830509185791,-0.00109999999404,-0.50778752565384,-1.32536244392395,1.42711246013641,1.3417249917984,0.98642498254776,1.00828754901886,1.97780001163483,4.19168758392334,1.55505001544952,1.59300005435944,22.6240501403809,2.99700021743774,3.41895008087158,-6.27195024490356,11.1529502868652,10.8460502624512,12.3019504547119,-1.50603747367859,-1.50672495365143,-1.35987496376038,0.75913751125336,0.59441250562668,0.41222500801086,5.16766262054443,5.78861236572266,6.02208757400513,45.9150009155273,32.2390518188477,0.483000010252,-28.5289516448975,-43.6219520568848,-46.4560508728027,12.3019504547119,8.73900032043457,-18.4200000762939,-2.61800003051758,-4.0644998550415,-4.62494993209839,-0.60981249809265,-1.71545004844666,-4.12554979324341,6.63877487182617,7.7299747467041,9.89051246643066,-22.0410003662109,-31.8480014801025,-28.0549507141113,-24.0469512939453,-15.0450010299683,-10.8690004348755,3.52995014190674,11.9950504302979,11.9950504302979,-3.82648754119873,-4.90366268157959,-5.18567514419556,-11.3640995025635,-16.8100624084473,-16.5473003387451,14.2687873840332,17.3925132751465,18.2532615661621,-30.469051361084,-27.6720008850098,-15.2989511489868,-2.13495016098022,7.86195039749146,3.64800024032593,10.0030508041382,3.7590000629425,5.36805009841919,-3.57912492752075,0.95246249437332,7.46308755874634,-14.6957244873047,-11.4771251678467,-3.2965624332428,18.7611865997314,18.2587623596191,12.9020376205444,-6.18195009231567,-0.58905005455017,7.1100001335144,0.20100000500679,-1.33095002174377,-2.13495016098022,8.8540506362915,10.3099508285522,4.21905040740967,8.1552619934082,9.37639999389648,10.0643119812012,3.39776253700256,5.0142126083374,4.41677474975586,8.83093738555908,7.17227506637573,5.98977518081665,7.26300048828125,5.69205045700073,3.27900004386902,-1.86705005168915,-1.06200003623962,0.16200000047684,3.87405014038086,3.87405014038086,6.90105009078979,SWING_RIGHT
0.16073749959469,0.0042624999769,0.00068749999627,0.88907498121262,0.81372499465942,0.70262497663498,0.97033751010895,1.08803749084473,1.22017502784729,-0.85695004463196,-0.97200006246567,-0.74205005168915,1.92495012283325,2.15400004386902,1.57995009422302,9.46695041656494,7.81995058059692,7.81995058059692,-0.00261249998584,-0.00687499996275,-0.14891250431538,0.55935001373291,0.28696250915527,0.19126249849796,1.33319997787476,1.46712493896484,1.52611243724823,-0.66600000858307,-1.85295009613037,-2.88705015182495,1.23495006561279,2.34600019454956,3.18900012969971,8.73900032043457,11.0380506515503,11.0380506515503,-0.14781250059605,-0.15180000662804,-0.18562500178814,0.14052499830723,0.00632499996573,0.37001249194145,1.62800002098084,1.72493743896484,1.82833743095398,-3.19395017623901,-3.19395017623901,-2.54295015335083,2.88195013999939,2.00100016593933,1.54095005989075,11.0380506515503,10.8850507736206,12.3780002593994,-0.21298749744892,-0.25671249628067,-0.31446251273155,0.57997500896454,0.80423748493195,1.02409994602203,1.87302494049072,1.9375125169754,1.96638751029968,-3.11700010299683,-5.7610502243042,-9.40005016326904,2.46105003356934,3.99300026893616,5.44905042648315,12.3780002593994,11.8810501098633,11.8420505523682,-0.42858749628067,-0.42143750190735,-0.41387498378754,1.37170004844666,1.4748250246048,1.4913250207901,1.91042494773865,1.93572497367859,2.050950050354,-1.04895007610321,50.5879516601563,52.3510513305664,-1.02404999732971,-24.0079517364502,-32.3590507507324,5.63595008850098,3.07005023956299,-3.74805021286011,-0.40534999966621,-2.38919997215271,-4.88276243209839,1.49586248397827,-0.14575000107288,-1.76178753376007,2.23286247253418,2.12918758392334,1.17081248760223,16.4950504302979,-19.7809505462646,-28.6300506591797,-46.9540519714355,-3.01605010032654,2.57595014572144,-39.4879531860351,6.13395023345947,23.0280017852783,-7.6052622795105,-9.73142528533936,-10.6273746490479,-2.28387498855591,-1.34268748760223,-0.00536249997094,-0.60788750648499,-1.6299250125885,-0.87807500362396,-19.2060012817383,-19.8580513000488,-7.44600057601929,-0.37305000424385,2.38394999504089,1.50300002098084,23.0280017852783,9.46695041656494,5.13795042037964,-9.8223123550415,-7.07272481918335,-1.87426245212555,0.76917499303818,3.2106249332428,6.35965013504028,0.52648746967316,2.14733743667603,3.23441243171692,-5.56905031204224,-2.61900019645691,1.78500008583069,2.49900007247925,1.88595008850098,-0.02805000171065,6.24900007247925,10.5780000686646,11.8420505523682,7.89483737945557,9.92475032806396,10.4572877883911,7.16704988479614,5.48143768310547,3.78922486305237,5.90383768081665,5.9417872428894,5.29443740844727,5.5009503364563,2.47500014305115,1.66995012760162,-1.44495010375977,0.43095001578331,0.66000002622604,9.88905048370361,8.70105075836182,10.6930503845215,10.0468502044678,6.18942499160767,2.79344987869263,1.60957503318787,-4.89238739013672,-7.20101261138916,4.06848764419556,0.90227496623993,0.50599998235703,0.71205002069473,-1.62300002574921,-2.35095000267029,0.8520000576973,1.19700002670288,1.19700002670288,11.4210004806519,11.076000213623,10.3870506286621,SWING_RIGHT
1.00526249408722,0.89787501096725,0.79241251945496,0.46461248397827,0.42019999027252,0.38170000910759,0.62273746728897,0.5626500248909,0.51906251907349,-0.09105000644922,-0.16800001263618,-0.20595000684261,3.95505023002625,4.06995010375977,4.14600038528442,9.23700046539307,9.23700046539307,9.23700046539307,0.70606249570847,0.56045001745224,0.51727497577667,0.35172501206398,0.3408625125885,0.35956248641014,0.48894998431206,0.41799998283386,0.38005000352859,-0.16800001263618,-0.09105000644922,-0.39705002307892,4.1850004196167,3.99300026893616,4.22294998168945,9.00705051422119,8.778000831604,9.35205078125,0.48578751087189,0.4463250041008,0.34553748369217,0.40204998850822,0.43986248970032,0.49183750152588,0.36959999799728,0.37441250681877,0.41978749632835,-0.47400003671646,-0.78105002641678,0.06105000153184,4.2610502243042,4.49100017547607,3.80205011367798,9.5440502166748,9.58200073242188,10.5780000686646,0.28352499008179,0.21133749186993,0.00659999996424,0.51590001583099,0.55233746767044,0.60046249628067,0.46667498350143,0.57048749923706,0.7011125087738,-0.20595000684261,-1.89105010032654,-4.80300045013428,3.80205011367798,5.14200019836426,6.63600015640259,10.5400505065918,10.5400505065918,10.3870506286621,-0.00013749999925,-0.00316249998286,-0.00618749996647,0.7343875169754,0.86570000648499,1.03097498416901,0.96332502365112,1.0757999420166,1.22319996356964,4.54305028915405,49.3240509033203,61.3530044555664,-1.86705005168915,-26.0389518737793,-36.037052154541,6.63195037841797,3.79800009727478,-1.56405007839203,-0.1717374920845,-1.75230002403259,-3.86567497253418,1.21041250228882,0.7071624994278,-0.0015124999918,1.38998746871948,1.67873752117157,1.45763754844666,16.9549503326416,-33.9930000305176,-15.7590007781982,-57.6420021057129,5.75505018234253,-1.21605002880096,-44.0470504760742,27.8160018920898,27.8160018920898,-6.50264978408813,-8.60777473449707,-10.1392498016357,-0.3827999830246,0.63717502355576,2.80802488327026,0.43202498555183,-0.00604999996722,1.06012499332428,-15.1840505599976,-18.0949516296387,-10.5490503311157,-0.18105000257492,4.03095006942749,5.41095018386841,3.98895025253296,3.98895025253296,7.9350004196167,-8.79243755340576,-3.62958741188049,2.50882506370544,4.48222494125366,7.5286750793457,9.38643741607666,2.14706254005432,1.97821247577667,1.73992502689362,-7.17795038223267,-2.92605018615723,3.01095008850098,4.64400005340576,2.6140501499176,-0.67905002832413,9.81195068359375,10.0420503616333,8.8540506362915,10.1116123199463,11.9047498703003,12.7285127639771,8.92003726959229,6.85258769989014,4.59140014648438,3.95642495155334,4.14370012283325,3.62422490119934,2.70405006408691,2.70405006408691,2.47500014305115,0.54495000839233,0.58395004272461,0.8520000576973,7.51305055618286,7.97295045852661,9.58200073242188,12.2551002502441,3.70947504043579,0.3632749915123,1.87316250801086,-6.2529501914978,-8.07798767089844,2.51253747940063,2.18707489967346,1.75119996070862,1.1340000629425,-0.35895001888275,-1.35495007038116,1.23495006561279,1.35000002384186,1.88595008850098,9.96495056152344,10.8460502624512,11.0380506515503,SWING_RIGHT
0.00343749998137,0.00536249997094,0.14066250622272,0.24846249818802,0.22288750112057,0.24612499773502,1.02808749675751,1.10962498188019,1.17246246337891,-1.54695010185242,-1.31700003147125,-1.04895007610321,2.57595014572144,2.26905012130737,2.19300007820129,9.65895080566406,9.12195014953613,9.12195014953613,0.17655000090599,0.1876875013113,0.17929999530315,0.35640001296997,0.43285000324249,0.50366252660751,1.21440005302429,1.21866250038147,1.21742498874664,0.17595000565052,0.59700000286102,1.09500002861023,1.57995009422302,1.38795006275177,1.35000002384186,9.08400058746338,9.08400058746338,9.42900085449219,0.14190000295639,0.00109999999404,-0.00261249998584,0.53006249666214,0.29576250910759,0.0027499999851,1.20092499256134,1.16888749599457,1.18992495536804,1.09500002861023,0.44400003552437,-1.93005013465881,1.732950091362,2.72895002365112,4.49100017547607,10.6159505844116,10.3480501174927,10.2720003128052,-0.14451250433922,-0.20267499983311,0.00013749999925,-0.21147499978542,-0.46997499465942,-0.57529997825623,1.2471250295639,1.33608746528625,1.59183752536774,-4.34295034408569,-7.40805053710938,-6.41205024719238,5.37195014953613,5.83200025558472,1.77105009555817,10.2720003128052,10.8079509735107,10.0030508041382,0.2435124963522,0.49321249127388,0.71156251430511,-0.18067499995232,0.44385001063347,1.17645001411438,1.69578754901886,1.80441248416901,1.91454994678497,-1.66200006008148,9.86805057525635,45.4549522399902,-0.06599999964237,-4.35705041885376,-22.9740009307861,2.91705012321472,2.38005018234253,1.57605004310608,0.56306248903275,-0.27527499198914,-3.17803740501404,2.6166250705719,2.48627495765686,1.1672375202179,2.26517510414124,2.59778738021851,2.32278752326965,8.79495048522949,-1.89105010032654,-20.086950302124,-55.5739517211914,-24.928050994873,-8.03400039672852,-55.7310028076172,-55.7310028076172,9.8500509262085,-7.39804983139038,-12.6240119934082,-12.9244499206543,-0.00082499999553,1.21343743801117,0.73713749647141,0.33577498793602,-2.03527498245239,-1.58867502212524,-24.4159507751465,-22.8840007781982,-21.8500518798828,-3.39900016784668,-1.98195004463196,4.1850004196167,28.4680519104004,9.08400058746338,9.08400058746338,-12.5277624130249,-11.5050373077393,-1.3668874502182,0.25286251306534,0.64308750629425,6.88407516479492,-0.66275000572205,0.36629998683929,2.72043752670288,-15.1840505599976,-9.0169506072998,2.47500014305115,4.83600044250488,4.2610502243042,0.88995003700256,13.4890508651733,14.3320503234863,13.2600002288818,6.17980003356934,10.5578002929688,12.1488122940063,8.02340030670166,6.65238761901855,5.70198726654053,4.53516244888306,5.43028736114502,5.22389984130859,6.22905015945435,7.91400051116943,6.15195035934448,0.04800000041723,-0.06599999964237,1.1580001115799,10.0420503616333,5.2150502204895,3.79800009727478,12.1177377700806,11.1457500457764,8.79573726654053,3.45386242866516,1.1061874628067,-2.82108759880066,3.40298748016357,2.22667503356934,1.49531245231628,2.70405006408691,1.93800008296967,1.59300005435944,2.69100022315979,2.57595014572144,2.07795000076294,11.0380506515503,11.0380506515503,10.5400505065918,SWING_RIGHT
0.00508749997243,0.00137499999255,-0.00068749999627,0.36753749847412,0.33783748745918,0.32752498984337,0.40122500061989,0.39985001087189,0.41635000705719,0.36795002222061,0.25304999947548,0.02295000106096,2.00100016593933,1.96305012702942,2.11605000495911,9.96495056152344,9.88905048370361,9.88905048370361,-0.00137499999255,-0.00013749999925,0.00192499998957,0.34278750419617,0.43367499113083,0.48633748292923,0.43518748879433,0.46323749423027,0.49307498335838,-0.24405001103878,-0.85695004463196,-1.125,2.53695011138916,2.88195013999939,3.03495025634766,9.39105033874512,8.54805088043213,9.69705009460449,0.0054999999702,0.2041874974966,0.40837499499321,0.55384999513626,0.63662499189377,0.8291249871254,0.55302500724792,0.62218749523163,0.74909996986389,-1.62300002574921,-2.00595021247864,-3.8449501991272,3.57195019721985,3.99300026893616,3.99300026893616,10.5400505065918,10.5400505065918,9.5440502166748,0.53088748455048,0.66659998893738,0.76628750562668,0.96896249055862,1.14977502822876,1.35588753223419,0.81963747739792,0.90186250209808,0.96222501993179,-5.9520001411438,-9.55305004119873,-12.961950302124,4.33800029754639,5.33400011062622,4.45305013656616,13.03005027771,13.6429510116577,13.6429510116577,0.75473749637604,0.6347000002861,0.41854998469353,1.94809997081757,2.36940002441406,2.75701236724854,0.8486499786377,0.64721250534058,0.45141249895096,-9.16995048522949,4.96500015258789,51.355052947998,-3.51405024528503,-7.95795059204102,-18.0330009460449,9.42900085449219,5.29200029373169,-4.28400039672852,-0.00068749999627,-1.68726253509521,-3.61212491989136,3.05745005607605,3.1605749130249,2.59833741188049,0.24818749725819,-0.00536249997094,-0.83311247825623,64.0729522705078,6.72705030441284,-21.2370014190674,-36.457950592041,-47.8740005493164,-18.9520511627197,-10.452000617981,-51.2869529724121,2.4190502166748,-7.24927473068237,-10.5829620361328,-12.7835121154785,1.8327374458313,1.68079996109009,0.60073751211166,-3.19164991378784,-5.62567520141602,-6.16371250152588,-27.8640022277832,-30.3150005340576,-23.5729503631592,-11.6740503311157,-5.42895030975342,3.15000009536743,30.8040008544922,30.8040008544922,13.8720006942749,-12.2324123382568,-10.9982128143311,-8.60626220703125,-0.40796250104904,-1.19116246700287,-0.81730002164841,-5.2511248588562,-3.79211258888245,-1.63583743572235,-13.9200010299683,-7.21605014801025,1.44000005722046,2.57595014572144,1.732950091362,0.16200000047684,9.12195014953613,6.32595014572144,5.56005048751831,5.00541257858276,10.6565246582031,13.4897127151489,2.8356626033783,2.74670004844666,2.51308751106262,4.88936233520508,6.63135004043579,6.9310998916626,5.07900047302246,4.46700000762939,4.62000036239624,1.00499999523163,1.54095005989075,1.46505010128021,3.22305011749268,3.83595013618469,7.24500036239624,14.5323753356934,13.6966495513916,11.9303245544434,2.40267491340637,0.00109999999404,-4.01623725891113,6.58611249923706,4.76451253890991,3.37521243095398,4.46700000762939,4.39005041122437,3.43200016021729,1.38795006275177,0.39195001125336,0.50700002908707,8.66295051574707,8.96895027160645,9.61995029449463,SWING_RIGHT
0.29425001144409,0.58684998750687,0.68145000934601,-0.56773751974106,-0.16816249489784,0.00522499997169,0.95480000972748,0.84727501869202,0.77109998464584,0.82695001363754,0.09900000691414,-0.51195001602173,1.84800004959106,2.46105003356934,2.80605006217957,10.6159505844116,9.77400016784668,9.16095066070557,0.74332499504089,0.77591252326965,0.7899374961853,0.3785375058651,0.61407500505447,1.04321253299713,0.71513748168945,0.66701251268387,0.57186251878738,-0.81900006532669,-0.70395004749298,-1.50795006752014,2.65200018882751,2.42295002937317,2.65200018882751,9.08400058746338,8.05005073547363,10.0800008773804,0.74098747968674,0.68887501955032,0.64611250162125,1.21577501296997,1.3391125202179,1.44086253643036,0.54092502593994,0.56746250391006,0.62617498636246,-1.69995009899139,-1.43205010890961,-1.73805010318756,2.07795000076294,1.77105009555817,1.92495012283325,10.7700004577637,11.3059501647949,11.7660007476807,0.48193749785423,0.33123749494553,0.15510000288486,1.64037501811981,1.66182494163513,1.60778748989105,0.75817501544952,0.85277497768402,0.96442496776581,-5.22405004501343,-8.71005058288574,-13.3840503692627,3.99300026893616,4.30005025863647,3.8779501914978,13.4130010604858,15.3660011291504,16.1710510253906,0.00013749999925,-0.28132501244545,-0.38816249370575,1.58097493648529,1.89447498321533,2.07253742218018,1.03729999065399,0.87752497196198,0.71733748912811,-17.8660507202148,29.9029521942139,62.2720527648926,-0.87105005979538,-20.9820003509521,-19.3729515075684,15.0600004196167,0.19695000350475,-9.11100006103516,-0.63511252403259,-1.28273749351501,-4.56788730621338,2.2094874382019,2.22268748283386,0.4464625120163,0.54807502031326,0.26565000414848,-0.93843752145767,38.4829521179199,15.0390005111694,-34.1080513000488,-39.2550010681152,-51.4750518798828,1.77105009555817,-47.9539527893066,-47.9539527893066,5.36805009841919,-7.53788757324219,-10.3514127731323,-11.9039249420166,-1.15816247463226,-2.03885006904602,-2.69706249237061,-2.54086256027222,-3.93387508392334,-3.86732506752014,-17.0610008239746,-18.0190505981445,-17.2909507751465,-1.13895010948181,1.19700002670288,2.69100022315979,21.5340003967285,10.8460502624512,10.8460502624512,-11.9343128204346,-9.88033771514893,-2.70847487449646,-4.38583755493164,-4.37071228027344,0.44068750739098,-2.24166250228882,0.5684249997139,3.25819993019104,-7.98195028305054,-4.91805028915405,-0.12900000810623,4.14600038528442,4.33800029754639,2.84400010108948,13.03005027771,12.1489505767822,11.6890506744385,7.44617509841919,15.3180503845215,16.5639381408691,4.90297508239746,4.8289999961853,4.35916233062744,3.9782874584198,7.50681257247925,7.47298765182495,5.42400026321411,5.5770001411438,4.31295013427734,1.50300002098084,2.00100016593933,2.65200018882751,10.3480501174927,4.60200023651123,7.20705032348633,16.9202003479004,16.5312118530273,5.23792505264282,3.8032500743866,2.95803737640381,-6.97826242446899,7.13322496414185,5.69194984436035,3.16167497634888,3.62400007247925,2.47500014305115,1.36395001411438,2.88195013999939,3.41895008087158,1.88595008850098,9.42900085449219,9.42900085449219,8.70105075836182,SWING_RIGHT
0.22893749177456,1.00526249408722,1.43756246566772,-1.82022500038147,-1.74652504920959,-1.23392498493195,0.8485124707222,1.39919996261597,1.51387500762939,-0.39705002307892,-1.43205010890961,-0.01395000051707,5.37195014953613,4.79805040359497,3.61005020141602,9.46695041656494,9.65895080566406,9.23700046539307,1.7742999792099,1.98137497901917,1.81885004043579,-0.51590001583099,0.28146249055862,1.75284993648529,1.53216254711151,1.47592496871948,1.23213744163513,1.70805013179779,3.12600016593933,5.99895048141479,2.38394999504089,1.81005012989044,1.57995009422302,7.16895055770874,6.90105009078979,6.97695016860962,1.46025002002716,0.94421249628067,0.37908750772476,2.22681260108948,2.3897500038147,2.13674998283386,1.25042498111725,1.61122500896454,2.37599992752075,6.72705030441284,5.65395021438599,4.62000036239624,1.23495006561279,1.69500005245209,2.69100022315979,8.28000068664551,9.8500509262085,12.07200050354,-0.23100000619888,-0.00041249999776,0.60706251859665,0.95548748970032,0.39160001277924,0.00178749999031,5.11775016784668,6.92958736419678,8.55401229858398,1.24905002117157,0.67395001649857,2.7810001373291,4.91295003890991,5.29605007171631,4.33800029754639,10.6549501419067,9.65895080566406,9.08400058746338,1.29662501811981,2.51845002174377,2.89836239814758,-0.00371249997988,0.57200002670288,1.09917497634888,9.46082496643066,9.31617450714111,8.52266216278076,13.6990509033203,22.4710502624512,-1.69995009899139,-2.97795009613037,-28.4140510559082,-34.620002746582,11.1529502868652,-2.29200005531311,-36.3090019226074,2.55832505226135,0.58726251125336,-5.62704992294312,1.40208745002747,1.20821249485016,-1.0752500295639,7.41138744354248,6.11558723449707,4.78912496566772,17.1850509643555,-10.6260004043579,-31.3879508972168,-46.4560508728027,-47.7589530944824,-12.3250503540039,-36.3090019226074,-33.8959503173828,12.2640008926392,-7.70825004577637,-9.10648727416992,-9.7657995223999,-2.57716250419617,-3.88038754463196,-4.80163764953613,4.99936246871948,5.62168741226196,6.14666223526001,-22.1179504394531,-31.3500022888184,-14.1109504699707,-11.2519502639771,4.83600044250488,-2.82495021820068,18.3930015563965,15.1750507354736,15.1750507354736,-8.3685245513916,-3.81809997558594,2.97041249275208,-4.65478754043579,-1.54742503166199,2.84611248970032,8.29619979858398,9.33542537689209,9.20177459716797,-5.7610502243042,1.74705004692078,5.30895042419434,-2.09700012207031,-4.39499998092651,-4.12695026397705,15.2520008087158,9.61995029449463,9.5440502166748,7.65393733978271,11.3441619873047,11.6929998397827,4.81497478485107,4.92442512512207,4.48731231689453,8.60117530822754,7.08606243133545,5.9608998298645,7.76100015640259,9.60000038146973,7.45395040512085,-3.59100008010864,-1.94295012950897,-0.44895002245903,9.00705051422119,6.32595014572144,7.09200048446655,11.5555000305176,10.3581495285034,3.07202506065369,2.8833749294281,-0.27706250548363,-9.78051280975342,4.52031230926514,2.58403754234314,-0.49087500572205,5.73105049133301,4.19805002212524,0.52095001935959,0.35400000214577,0.73695003986359,1.54095005989075,7.81995058059692,7.81995058059692,7.12995052337646,SWING_RIGHT
0.38018751144409,0.35557499527931,0.34732499718666,0.8846749663353,0.88288748264313,0.72462499141693,0.37619999051094,0.35997501015663,0.36011248826981,-0.51195001602173,-0.32100000977516,-0.47400003671646,2.76705002784729,2.92095017433167,3.45705008506775,8.81595039367676,9.35205078125,9.00705051422119,0.36382499337196,0.38376250863075,0.40878748893738,0.56471252441406,0.37441250681877,0.16912500560284,0.39173749089241,0.44261249899864,0.51218748092651,-0.78105002641678,-0.81900006532669,-0.70395004749298,3.84000015258789,3.95505023002625,4.14600038528442,8.96895027160645,8.4330005645752,8.62395000457764,0.49926251173019,0.54532498121262,0.59317499399185,-0.14203749597073,-0.22921249270439,-0.23141250014305,0.6873624920845,0.76945000886917,0.84644997119904,-1.20195007324219,-2.04495000839233,-4.03695011138916,4.68300008773804,5.02695035934448,6.02295017242432,8.96895027160645,9.00705051422119,9.35205078125,0.65009999275208,0.78828752040863,0.87463748455048,-0.14698749780655,0.24983750283718,0.6599999666214,0.90791249275208,0.95149999856949,0.90103751420975,-7.25400018692017,-14.9160003662109,-14.953950881958,7.24905014038086,8.09205055236816,2.72895002365112,9.73500061035156,10.5400505065918,6.82395029067993,0.95947498083115,0.99371248483658,0.77563750743866,1.34433746337891,2.20247507095337,3.68884992599487,0.76243752241135,0.49142500758171,-0.20638750493526,-8.21205043792725,6.42000007629395,65.0299530029297,-2.36505007743835,-10.6780500411987,-34.4280014038086,4.25699996948242,4.25699996948242,-4.97400045394897,0.25891250371933,-1.04183745384216,-4.34224987030029,4.3267126083374,4.47741270065308,2.97096252441406,-0.59028750658035,-0.75267499685287,-0.71623748540878,32.6220016479492,9.3319501876831,-41.9610023498535,-48.4480514526367,-39.9060020446777,-2.09700012207031,-57.8760032653809,-57.8760032653809,-34.3170013427734,-12.4880247116089,-13.9539127349854,-14.4729747772217,-2.97536253929138,-3.94171237945557,-4.69259977340698,-4.4197998046875,-4.54121255874634,-3.81053757667542,-26.5999507904053,-27.0589504241943,-22.3860015869141,-2.63295006752014,-0.41100001335144,0.20100000500679,20.193000793457,14.6770505905151,14.4850511550903,-14.1347246170044,-8.93887519836426,1.25056254863739,-5.28962516784668,-1.91248750686646,5.34366226196289,-2.54938745498657,2.09797501564026,3.29202508926392,-13.8049507141113,0.86595004796982,6.42000007629395,0.39195001125336,1.81005012989044,2.11605000495911,13.8720006942749,7.39905023574829,4.87005043029785,8.30101203918457,11.3499374389648,12.9838495254517,8.74637508392334,8.68834972381592,7.31059980392456,6.65609979629517,8.37979984283447,7.77108764648438,8.68005084991455,8.75699996948242,3.62400007247925,1.61805009841919,2.00100016593933,3.8779501914978,3.56805014610291,4.18095016479492,7.81995058059692,12.7930002212524,12.1243371963501,8.36481285095215,5.60683727264404,1.78873753547668,-6.09523725509644,6.65211248397827,4.78321266174316,3.45207500457764,1.63200008869171,0.98100006580353,0.17595000565052,4.14600038528442,3.57195019721985,2.65200018882751,10.4629507064819,10.8850507736206,10.8850507736206,SWING_RIGHT
0.43573749065399,0.56278747320175,0.57997500896454,1.07098746299744,1.73360002040863,1.96404993534088,0.00604999996722,0.14891250431538,0.16018749773502,-4.45800018310547,-1.16400003433228,0.13800001144409,4.14600038528442,1.92495012283325,1.08195006847382,11.3830509185791,7.74300050735474,7.24500036239624,0.57090002298355,0.52854996919632,0.007012499962,2.12231254577637,2.17827486991882,1.60517501831055,0.19346250593662,0.24873749911785,0.41414999961853,1.17195010185242,1.78500008583069,0.98100006580353,0.69900006055832,0.88995003700256,2.30805015563965,7.24500036239624,9.50505065917969,10.6159505844116,-0.00673749996349,-0.42350000143051,-0.71197497844696,1.00141251087189,0.28077501058578,-0.50132501125336,0.56086248159409,0.75638747215271,0.94985002279282,0.09900000691414,-2.23605012893677,-3.76905012130737,3.18900012969971,5.02695035934448,5.71695041656494,10.9609508514404,11.3440504074097,11.3440504074097,-1.01364994049072,-0.78663748502731,-0.3605250120163,-1.76261246204376,-1.79299998283386,-1.3446124792099,1.3087249994278,1.56268751621246,1.81926250457764,-7.25400018692017,-7.94400024414063,-7.14000034332275,6.82800054550171,6.21495008468628,4.52895021438599,8.4330005645752,6.01905012130737,3.83595013618469,0.00687499996275,1.23529994487762,1.70073747634888,-0.53982502222061,1.61796247959137,2.84721255302429,1.96033751964569,1.91413748264313,1.81747496128082,-0.62700003385544,56.028003692627,19.6360511779785,-0.25800001621246,-33.1260032653809,-43.2390022277832,3.83595013618469,3.7590000629425,-42.1699523925781,1.62676250934601,-0.51026248931885,-12.4863748550415,3.49607491493225,2.36018753051758,-1.63776254653931,1.85350000858307,2.05493760108948,-1.05764997005463,18.0659999847412,-8.90205001831055,-47.4000015258789,-51.4360542297363,-48.9079513549805,-3.62895011901855,-43.7410507202149,-43.7410507202149,16.2090015411377,-15.0331497192383,-16.211799621582,-16.7378749847412,-2.26434993743896,-3.3206250667572,-4.57448768615723,-1.17411243915558,-0.66976249217987,0.00384999997914,-35.7169532775879,-24.5689506530762,-19.1299514770508,-2.09700012207031,0.58395004272461,1.84800004959106,16.2090015411377,13.8720006942749,13.6429510116577,-16.0021133422852,-10.0520753860474,5.5712251663208,-6.07323741912842,-1.9600625038147,7.46858739852905,2.33241248130798,5.3249626159668,11.4503126144409,-3.61500024795532,4.8880500793457,9.94395065307617,0.81405001878738,-0.02805000171065,-0.56400001049042,11.5740003585815,5.67495012283325,-0.68295001983643,11.0522499084473,14.4406623840332,14.8245620727539,6.36460018157959,4.96636247634888,4.67348766326904,13.5634126663208,13.4567127227783,12.6000871658325,10.7490005493164,6.34395027160645,3.35595011711121,0.46905001997948,2.72895002365112,3.41895008087158,-3.67095017433167,2.76300024986267,4.56405019760132,14.9565620422363,14.9054126739502,3.04837489128113,3.83583736419678,0.76931250095367,-17.1725120544434,11.583137512207,10.5137996673584,3.22657489776611,0.82695001363754,-0.28305000066757,-0.97200006246567,3.91695022583008,3.95505023002625,3.15000009536743,8.54805088043213,11.5740003585815,11.3830509185791,SWING_RIGHT
0.00288749998435,0.30057498812675,0.38073748350143,0.26262500882149,0.79186248779297,1.05407500267029,0.26358750462532,0.22329999506474,0.21477499604225,-1.43205010890961,-0.62700003385544,-0.09105000644922,3.80205011367798,3.15000009536743,3.07395005226135,9.8500509262085,9.81195068359375,9.58200073242188,0.43023750185966,0.44371250271797,0.35694998502731,1.25963747501373,1.38297498226166,1.28562498092651,0.22646249830723,0.25973749160767,0.40988749265671,0.25304999947548,0.52095001935959,0.78900003433228,2.92095017433167,2.99700021743774,3.18900012969971,9.00705051422119,8.54805088043213,9.19905090332031,0.28146249055862,0.19937500357628,0.00577499996871,1.05503749847412,0.74236249923706,0.40590000152588,0.54326248168945,0.7206375002861,0.9094250202179,0.02295000106096,-1.27905011177063,-4.87905025482178,3.8779501914978,4.22294998168945,5.44905042648315,9.42900085449219,10.4250001907349,11.076000213623,0.00371249997988,0.00687499996275,0.22261250019073,-0.00618749996647,-0.00604999996722,0.22632500529289,1.26884996891022,1.38806247711182,1.43673753738403,-12.8860502243042,-9.63000011444092,1.05705010890961,6.06195020675659,1.27305006980896,-6.08100032806396,12.5700006484985,10.2330007553101,9.58200073242188,0.29136249423027,0.15482500195503,-0.6513375043869,0.78801250457764,2.0816125869751,2.26173758506775,1.40896248817444,1.2919499874115,1.35959994792938,18.0270004272461,46.0300521850586,26.2249507904053,-12.1330509185791,-23.8549518585205,-54.1560020446777,8.28000068664551,-20.7180004119873,-56.1520538330078,-2.19037508964539,-4.50862503051758,-12.0031995773315,0.99316251277924,-1.66649997234344,-5.04721260070801,1.55003750324249,1.17713749408722,-0.63910001516342,16.6870498657227,-29.3190021514893,-60.1950035095215,-61.5880546569824,-49.4059524536133,9.31800079345703,-56.1520538330078,-37.9560012817383,14.8300504684448,-13.6934871673584,-14.46706199646,-14.3757619857788,-5.99142503738403,-7.1403751373291,-8.47563743591309,-0.36355000734329,0.44398748874664,1.42807495594025,-33.3799514770508,-24.8760013580322,-7.86705017089844,-10.7920503616333,2.34600019454956,-4.08900022506714,-0.87495005130768,-0.87495005130768,14.5620002746582,-11.6619253158569,-10.6532249450684,-12.2567501068115,-9.30283737182617,-12.1897878646851,-18.5690994262695,3.47105002403259,4.5845251083374,5.61673736572266,11.7829504013062,15.6520509719849,19.0230007171631,-2.63295006752014,-1.13895010948181,-1.02404999732971,3.98895025253296,-1.48800003528595,-3.59505009651184,-10.3912878036499,-9.25594997406006,-11.898699760437,-19.8474369049072,-21.2467746734619,-24.9658756256104,6.67617511749268,5.68149995803833,4.98052501678467,20.3640003204346,4.27500009536743,-0.28305000066757,-1.33095002174377,3.03495025634766,4.10805034637451,-5.89305019378662,-0.60705000162125,9.92700004577637,-13.3798503875732,-14.2496747970581,-6.31523752212524,-34.2633514404297,-33.4659881591797,-21.2279376983643,0.96745002269745,-2.16397500038147,-3.87736248970032,-3.07905006408691,-4.26705026626587,-2.96400022506714,4.87395000457764,4.83600044250488,3.41895008087158,11.8039503097534,11.8039503097534,11.9950504302979,SWING_RIGHT
0.82953751087189,0.83558750152588,0.68818747997284,0.78828752040863,0.97583746910095,1.05490005016327,0.27073749899864,0.27500000596046,0.33412501215935,1.97700011730194,2.70405006408691,3.62400007247925,2.76705002784729,2.84400010108948,2.99700021743774,9.39105033874512,7.55205059051514,6.24900007247925,0.3948999941349,-0.29136249423027,-0.52016252279282,0.98353749513626,0.41635000705719,0.00206249998882,0.43738749623299,0.76945000886917,0.9618124961853,2.62800002098084,-0.62700003385544,-1.62300002574921,3.84000015258789,4.45305013656616,5.52495002746582,6.24900007247925,7.12995052337646,7.09200048446655,-0.53941249847412,-0.32051250338554,0.81647497415543,-0.31803750991821,-0.49500000476837,0.00096249999478,1.14661252498627,1.25510001182556,1.13808751106262,-3.76905012130737,-4.03695011138916,-2.69595003128052,6.67500019073486,6.67500019073486,4.7590503692627,7.51305055618286,11.0380506515503,11.3830509185791,1.43907499313354,1.78199994564056,1.85253751277924,0.73273748159409,1.48527503013611,2.17414999008179,0.85483747720718,0.50421249866486,0.16747500002384,-1.96800005435944,-1.58505010604858,1.59300005435944,4.06995010375977,3.8779501914978,2.26905012130737,10.8460502624512,7.01505041122437,5.8279504776001,1.22182500362396,0.69657498598099,-0.00453749997541,3.02156257629395,3.09306240081787,2.62061238288879,-0.17998750507832,-0.00412499997765,0.4115374982357,29.0209522247314,41.2800025939941,32.506950378418,-11.5590009689331,-22.7059516906738,-43.4299507141113,4.06605005264282,-3.09705018997192,-17.9980506896973,-1.19336247444153,-5.02012491226196,-15.9780502319336,0.93967497348785,-5.31107473373413,-2.21058750152588,1.51084995269775,4.86213731765747,0.97501248121262,12.2050504684448,-31.8090019226074,-43.5310516357422,-55.3819541931152,-14.7000007629395,6.4830002784729,-24.0510005950928,9.00705051422119,27.2029514312744,-16.5922622680664,-15.9108123779297,-14.2022371292114,-3.43915009498596,-5.02796268463135,-6.49398756027222,1.90643751621246,2.98993754386902,5.69552516937256,-33.6859512329102,-25.0290012359619,-7.3690505027771,5.83200025558472,5.83200025558472,4.2610502243042,27.2029514312744,7.01505041122437,6.82395029067993,-12.9490623474121,-8.75517463684082,3.47833752632141,-4.63086271286011,0.37014999985695,5.0556001663208,7.36999988555908,8.71255016326904,10.1938371658325,1.44000005722046,7.76100015640259,10.5190505981445,2.26905012130737,0.92895007133484,0.81405001878738,8.778000831604,8.778000831604,7.24500036239624,15.4598121643066,14.9879121780396,14.1201496124268,2.97714996337891,3.65089988708496,3.29422497749329,13.5403127670288,12.7443246841431,11.7075748443604,9.6379508972168,8.79495048522949,7.49295043945313,0.12405000627041,0.16200000047684,0.73695003986359,5.8279504776001,5.8279504776001,5.86605024337769,13.2347869873047,5.02273750305176,-1.02753746509552,0.73122501373291,-11.065037727356,-13.6976127624512,10.6561126708984,6.4198751449585,5.56421232223511,5.19405031204224,1.66995012760162,1.55505001544952,1.38795006275177,2.15400004386902,1.77105009555817,6.67095041275024,9.08400058746338,9.77400016784668,SWING_RIGHT
0.5543999671936,0.59936249256134,0.6182000041008,0.24983750283718,0.31611248850822,0.38073748350143,0.0042624999769,0.00439999997616,0.00453749997541,1.17195010185242,1.21005010604858,1.17195010185242,2.53695011138916,2.57595014572144,2.53695011138916,9.5440502166748,9.61995029449463,9.88905048370361,0.60197502374649,0.56113749742508,0.4796000123024,0.48620000481606,0.51342499256134,0.51603752374649,0.00604999996722,0.15399999916553,0.19112500548363,1.24905002117157,1.09500002861023,1.32495009899139,2.84400010108948,2.92095017433167,2.99700021743774,9.8500509262085,9.8500509262085,9.81195068359375,0.38334998488426,0.23031249642372,0.1868624985218,0.48468750715256,0.35901248455048,0.29507499933243,0.23003749549389,0.32326251268387,0.36629998683929,0.94200003147125,-1.43205010890961,-3.38505005836487,3.72495007514954,5.86995029449463,6.71295022964478,10.0420503616333,10.0800008773804,9.58200073242188,0.20308749377728,0.3257375061512,0.88921248912811,0.25822499394417,0.30442500114441,0.92248749732971,0.40658751130104,0.44165000319481,0.43724998831749,-6.06705045700073,-9.40005016326904,-14.4180002212524,7.40205049514771,7.40205049514771,-0.7180500626564,9.58200073242188,11.2680006027222,12.9910507202148,1.17865002155304,1.38104999065399,1.37555003166199,1.58922493457794,2.43622493743896,3.27029991149902,0.31294998526573,0.00357499998063,-0.23773749172688,-10.0510501861572,6.49695014953613,44.2680015563965,-7.23000049591064,-15.657000541687,-25.3870506286621,12.4170007705688,9.88905048370361,5.02395009994507,-0.00178749999031,-1.96047496795654,-5.13301229476929,4.62316226959229,4.53296232223511,3.37837505340576,-0.83778750896454,-0.91258752346039,-1.04087495803833,23.5440006256104,4.8880500793457,-32.077953338623,-54.1950035095215,-50.7850532531738,-5.00805044174194,-61.7070045471191,-61.7070045471191,-5.58705043792725,-8.68340015411377,-12.9546995162964,-13.7263498306274,1.32646250724792,-1.74281251430511,-2.69747495651245,-1.73456251621246,-3.25324988365173,-2.83978748321533,-41.1949501037598,-20.0110511779785,-15.1840505599976,4.72095012664795,0.8520000576973,2.72895002365112,28.9270515441895,17.9710502624512,12.7230005264282,-13.376275062561,-11.8485126495361,1.82558751106262,-3.60016250610352,-4.0283374786377,2.82301259040833,-1.87522494792938,-0.18259999155998,3.29697489738464,-7.3690505027771,-1.04895007610321,6.68805027008057,3.03495025634766,3.45705008506775,3.18900012969971,9.42900085449219,4.33395004272461,4.21905040740967,10.2691869735718,13.6229496002197,15.2494373321533,5.56407499313354,5.42946243286133,4.67706251144409,4.65368747711182,6.53867483139038,7.21063756942749,6.88005018234253,6.72705030441284,6.03705024719238,3.03495025634766,2.84400010108948,2.72895002365112,5.13795042037964,6.32595014572144,8.16495037078857,16.3745994567871,16.1026248931885,12.7545003890991,2.0124499797821,-1.06369996070862,-5.96598768234253,7.11988735198975,6.0913872718811,4.4032998085022,3.04905009269714,1.93800008296967,1.63200008869171,3.30405020713806,3.07395005226135,2.76705002784729,8.4330005645752,8.39505004882813,8.20305061340332,SWING_RIGHT
0.00247499998659,0.00288749998435,0.00522499997169,0.2080374956131,0.20226250588894,0.24736249446869,0.16307500004768,0.22055000066757,0.28792500495911,-0.35895001888275,-0.12900000810623,0.32895001769066,3.84000015258789,2.92095017433167,2.38394999504089,10.3099508285522,10.5780000686646,11.4210004806519,0.26675000786781,0.38073748350143,0.50050002336502,0.49417498707771,0.67127501964569,0.87711250782013,0.43285000324249,0.51094996929169,0.60183751583099,-1.43205010890961,-2.77305006980896,-3.8449501991272,3.6870002746582,4.30005025863647,4.10805034637451,10.3870506286621,9.88905048370361,9.39105033874512,0.60073751211166,0.68378752470016,0.66178750991821,1.09312498569489,1.62029993534088,1.85625004768372,0.6873624920845,0.80836248397827,0.85497498512268,-3.69195008277893,-2.27505016326904,-2.16000008583069,2.95905017852783,0.54495000839233,0.77505004405975,9.39105033874512,11.9569501876831,11.9569501876831,0.56237500905991,0.30373749136925,-0.47286251187325,2.05301237106323,2.18597507476807,2.14403748512268,0.91052502393723,0.92221248149872,0.84218752384186,-1.54695010185242,-0.47400003671646,-3.38505005836487,0.73695003986359,0.77505004405975,4.14600038528442,11.8420505523682,10.6930503845215,8.66295051574707,-0.87821251153946,-1.27352499961853,-1.58606255054474,1.89090001583099,1.50851249694824,1.08404994010925,0.81633746623993,0.8592374920845,0.97624999284744,-6.33495044708252,-4.26705026626587,10.8259506225586,4.87395000457764,3.99300026893616,-4.89300012588501,8.66295051574707,8.66295051574707,4.90905046463013,-1.62951254844666,-1.38269996643066,-1.81733751296997,0.28998750448227,-0.00123749999329,-1.31889998912811,1.45213747024536,1.84689998626709,2.20893740653992,51.6229515075684,20.7850513458252,-17.1760501861572,-44.3110504150391,-54.9990043640137,-28.5670509338379,-39.9100532531738,-45.2730026245117,-45.2730026245117,-4.14837503433228,-8.53902530670166,-9.33171272277832,-3.6478750705719,-5.23173761367798,-5.09973764419556,1.95786249637604,0.79516249895096,1.22581243515015,-55.7130012512207,-26.3310012817383,-13.8430509567261,7.01895046234131,4.33800029754639,0.16200000047684,6.86205053329468,13.2979507446289,13.2979507446289,-9.58622455596924,-9.4873628616333,-4.69562482833862,-4.89156246185303,-4.47892475128174,2.20989990234375,1.70431244373322,2.39868760108948,4.55042505264282,-5.03295040130615,1.51695013046265,11.131950378418,-1.02404999732971,-0.83295005559921,1.57995009422302,14.5999507904053,14.5999507904053,9.65895080566406,3.56001257896423,8.96527481079102,11.0837373733521,8.59539985656738,9.710524559021,8.57738780975342,3.91132497787476,4.58631229400635,4.85677480697632,10.7869501113892,9.17805004119873,6.61200046539307,2.00100016593933,1.88595008850098,2.26905012130737,4.87005043029785,2.87805008888245,2.87805008888245,11.9785871505737,11.8254127502441,10.718674659729,4.47232484817505,1.39865005016327,-2.39277505874634,4.05597496032715,2.74147486686707,0.84617501497269,2.47500014305115,0.55905002355576,-0.32100000977516,2.69100022315979,3.15000009536743,3.26505017280579,6.36405038833618,8.58600044250488,9.12195014953613,SWING_RIGHT
0.74648749828339,0.79543751478195,0.69849997758865,1.66429996490479,1.98137497901917,2.21636247634888,0.31432500481606,0.38101249933243,0.49802500009537,-0.20595000684261,0.94200003147125,1.63200008869171,0.16200000047684,-0.10500000417233,-0.02805000171065,10.0800008773804,10.195050239563,10.195050239563,0.4159374833107,-0.59922498464584,-1.17177498340607,2.30917501449585,1.76261246204376,1.10123753547668,0.6485875248909,1.00512504577637,1.16737496852875,2.24505019187927,2.55105018615723,2.09100008010864,0.08595000207424,0.62205004692078,1.54095005989075,9.00705051422119,9.5440502166748,10.0420503616333,-1.69537496566772,-2.0787250995636,-2.05617499351501,0.29658749699593,-0.53006249666214,-1.87220001220703,1.27668750286102,1.28823745250702,1.09711253643036,0.82695001363754,-0.01395000051707,-2.00595021247864,2.57595014572144,3.26505017280579,4.3759503364563,10.3480501174927,10.4629507064819,11.2680006027222,-1.56736254692078,-0.87174999713898,-0.00481249997392,-2.13757491111755,-1.99498748779297,-1.47949993610382,1.04348754882813,1.04651248455048,1.09862494468689,-4.49595022201538,-8.671950340271,-13.498950958252,5.83200025558472,7.36395025253296,8.59005069732666,11.2680006027222,11.2290000915527,11.2290000915527,1.46698749065399,2.03940010070801,2.35069990158081,0.44426250457764,1.72301244735718,2.88750004768372,1.30487501621246,1.33141243457794,1.3000625371933,-2.65800023078919,20.0580005645752,55.6450538635254,-0.67905002832413,-11.2140007019043,-27.7630519866943,8.08800029754639,3.18495011329651,2.14995002746582,2.35386252403259,0.95617496967316,-2.08807492256165,3.82043743133545,3.66519999504089,1.32797503471375,1.17246246337891,0.62645000219345,-0.56704998016357,43.0800018310547,-11.0089502334595,-50.3500518798828,-48.8320541381836,-44.5789527893066,-11.4820508956909,-35.1599998474121,-35.4660034179688,-1.90905010700226,-7.27636241912842,-10.4946870803833,-12.5812501907349,-1.21233749389648,-2.55914998054504,-4.51247501373291,-3.31319999694824,-4.2091498374939,-2.06593751907349,-43.4550018310547,-36.4450531005859,-22.9219512939453,4.06995010375977,6.06195020675659,4.64400005340576,8.5090503692627,8.5090503692627,8.47095012664795,-12.5735502243042,-11.1171503067017,-3.2850124835968,-4.78981256484985,-2.64316248893738,4.77619981765747,-0.00398749997839,2.60686254501343,4.84907484054565,-11.392050743103,-2.54295015335083,5.04105043411255,1.31205010414124,-0.75600004196167,-2.7480001449585,3.07005023956299,3.07005023956299,3.682950258255,9.40610027313232,11.7954378128052,12.8819627761841,9.66611289978027,9.65511226654053,9.41160011291504,11.3921499252319,11.9097003936768,10.9166746139526,11.9359502792358,9.86805057525635,6.26700019836426,-0.37305000424385,1.38795006275177,3.11205005645752,2.07405018806458,1.61400008201599,1.61400008201599,13.1158494949341,7.61639976501465,1.57863748073578,8.67982482910156,-4.03617477416992,-13.6498994827271,9.46976280212402,6.28058767318726,4.66826248168945,4.58100032806396,3.08700013160706,1.97700011730194,3.26505017280579,3.53295016288757,2.95905017852783,6.09600019454956,10.9609508514404,10.1569509506226,SWING_RIGHT
0.00646249996498,0.26675000786781,0.49238750338554,1.68726253509521,1.67983746528625,1.4190000295639,0.34650000929832,0.31446251273155,0.39283749461174,3.20205020904541,3.04905009269714,-2.73405003547669,2.65200018882751,2.30805015563965,5.41095018386841,9.12195014953613,9.61995029449463,8.31795024871826,0.53336250782013,0.48826250433922,0.4281750023365,1.24849998950958,1.08239996433258,1.05682504177094,0.52043747901917,0.70468747615814,0.87078750133514,-3.38505005836487,-2.69595003128052,-2.27505016326904,5.67900037765503,4.3759503364563,3.45705008506775,8.31795024871826,9.04605007171631,13.5660009384155,0.21738749742508,0.00522499997169,-0.00233749998733,1.63006246089935,2.05301237106323,2.48049998283386,0.97982501983643,0.96387499570847,0.92757499217987,-2.42805004119873,-2.50395011901855,-1.54695010185242,1.54095005989075,0.3160500228405,-0.52605003118515,12.3019504547119,12.3019504547119,12.0340509414673,-0.2396624982357,-0.85401248931885,-1.31889998912811,2.87952494621277,3.259850025177,2.9585874080658,0.86913746595383,0.77302497625351,0.85731250047684,0.09900000691414,5.61600017547607,9.21705055236816,-1.17705011367798,-2.09700012207031,-1.71405005455017,10.9990501403809,6.67095041275024,5.3299503326416,-1.83535003662109,-2.38906240463257,-3.1293625831604,2.35083746910095,1.43550002574921,-1.53642499446869,1.09944999217987,1.42078745365143,2.10649991035461,13.4689502716064,26.1480007171631,35.9550018310547,-2.7480001449585,-11.1370506286621,-47.5290031433105,5.3299503326416,5.17695045471191,-15.8530511856079,-3.2386748790741,-3.18518757820129,-3.96041250228882,-3.89427495002747,-6.46717500686646,-8.13477516174316,2.56643748283386,3.25270009040833,3.58751249313354,17.29905128479,2.05305004119873,-31.0429515838623,-69.786003112793,-60.4770011901855,-35.0029525756836,-36.9220504760742,-36.9220504760742,-29.988000869751,-16.4744243621826,-16.0315380096436,-15.4501876831055,-2.68757510185242,-3.49016237258911,-4.0181622505188,0.31707498431206,0.97281247377396,2.03472495079041,-46.4809532165527,-39.9310531616211,-26.752950668335,4.68300008773804,8.82000064849854,6.55995035171509,19.4269504547119,5.75100040435791,5.63595008850098,-15.0356245040894,-14.4414873123169,-1.80688750743866,-3.74068737030029,-1.50562500953674,0.169537499547,3.363112449646,6.42386245727539,10.62806224823,-13.0009508132935,10.7490005493164,16.5330009460449,3.22695016860962,-2.47995018959045,-3.47595024108887,5.75100040435791,7.16895055770874,4.44900035858154,10.4722747802734,11.1648626327515,10.6139001846313,-2.05535006523132,-1.60806250572205,-0.40094998478889,13.7862997055054,13.9710998535156,12.1983127593994,17.6830501556396,14.4649505615234,8.56500053405762,-2.78595018386841,-1.6750500202179,-0.41100001335144,0.73305004835129,1.34595000743866,5.25300025939941,9.04199981689453,7.73533725738525,6.07639980316162,-1.89090001583099,-8.72245025634766,-11.9161624908447,11.2455749511719,10.1989250183105,6.90799999237061,5.11800003051758,1.66995012760162,-0.43605002760887,0.8520000576973,1.96305012702942,2.53695011138916,5.3299503326416,6.44100046157837,7.32195043563843,SWING_RIGHT
0.00357499998063,0.34581249952316,0.52195000648499,-0.16981250047684,-0.2894375026226,-0.18301250040531,0.46915000677109,0.50297498703003,0.48812499642372,1.17195010185242,0.90405005216599,1.59300005435944,3.26505017280579,3.45705008506775,3.03495025634766,9.81195068359375,9.31395053863525,9.27600002288818,0.68296247720718,0.79158747196198,0.74634999036789,0.00109999999404,0.26344999670982,0.60403752326965,0.45966249704361,0.4298250079155,0.39696249365807,2.24505019187927,2.58900022506714,2.28299999237061,2.49900007247925,2.34600019454956,2.72895002365112,8.66295051574707,7.59000015258789,8.93100070953369,0.61737501621246,0.44990000128746,0.25121250748634,0.61049997806549,0.51878750324249,0.31157499551773,0.42129999399185,0.48922500014305,0.59262502193451,2.47500014305115,3.31695008277893,3.66195011138916,2.69100022315979,2.00100016593933,1.6560001373291,9.31395053863525,9.39105033874512,9.39105033874512,-0.00687499996275,-0.25547498464584,-0.29782500863075,-0.24337500333786,-0.48688748478889,-0.60362499952316,0.84301251173019,0.97528749704361,1.10962498188019,2.85795021057129,2.05305004119873,0.06105000153184,2.6140501499176,3.45705008506775,4.68300008773804,9.8500509262085,9.96495056152344,10.0030508041382,-0.30112498998642,-0.00659999996424,0.00439999997616,-0.59950000047684,-0.28393748402596,0.00357499998063,1.20395004749298,1.24272501468658,1.18978750705719,-1.62300002574921,-0.78105002641678,18.1420516967773,5.41095018386841,2.92095017433167,-10.6780500411987,10.2330007553101,9.42900085449219,8.35605049133301,0.34099999070168,0.59661251306534,-0.48688748478889,0.4959625005722,0.93706250190735,0.61572498083115,1.09958744049072,0.97638750076294,0.68777501583099,46.9489517211914,34.1550025939941,-21.0450000762939,-27.4180507659912,-36.1519508361816,-17.6110515594482,8.28000068664551,-9.91500091552734,-3.25005006790161,-3.35170006752014,-7.20994997024536,-10.1796751022339,-0.27527499198914,-0.55068749189377,-0.27348750829697,-0.00109999999404,-1.22223746776581,-1.46492505073547,-45.8299522399902,-42.3060035705566,-29.3190021514893,2.49900007247925,9.77805042266846,6.10005044937134,21.7639503479004,21.7639503479004,19.2349510192871,-12.2920875549316,-12.2237501144409,-10.7765626907349,-0.42061248421669,-0.39036250114441,0.94489997625351,0.66618752479553,2.3454749584198,4.45568752288818,-10.3570508956909,-0.93405002355576,12.2430009841919,3.49500012397766,0.88995003700256,-1.98195004463196,12.4549503326416,8.4330005645752,6.51705026626587,-4.58920001983643,10.151762008667,12.781174659729,4.64832496643066,6.44751262664795,5.07677507400513,5.77747488021851,7.66012477874756,7.6146125793457,14.6560506820679,8.22105026245117,5.11800003051758,-1.82895004749298,1.46505010128021,2.30805015563965,-3.17295026779175,3.95100021362305,9.8500509262085,13.5013999938965,13.1341371536255,9.89614963531494,3.72281241416931,1.38324999809265,-7.77493762969971,6.89686250686646,6.27976226806641,3.09704995155334,2.58900022506714,1.09500002861023,1.40205001831055,2.92095017433167,2.84400010108948,1.732950091362,11.5360507965088,11.6119508743286,10.5400505065918,SWING_RIGHT
0.0027499999851,0.00384999997914,0.19703750312328,0.00096249999478,-0.0015124999918,-0.00673749996349,1.06837499141693,1.03441250324249,0.90901249647141,2.93400025367737,2.97300004959106,2.58900022506714,1.69500005245209,1.732950091362,2.26905012130737,9.81195068359375,9.81195068359375,9.08400058746338,0.25822499394417,0.30813750624657,0.34897500276566,-0.168850004673,-0.17929999530315,-0.174899995327,0.84383749961853,0.78773748874664,0.73136252164841,2.55105018615723,2.43600010871887,2.32095003128052,2.23095011711121,2.46105003356934,2.65200018882751,8.89305019378662,8.89305019378662,8.70105075836182,0.4101625084877,0.4490749835968,0.50517499446869,-0.00536249997094,-0.00261249998584,0.00109999999404,0.59702497720718,0.53583747148514,0.48289999365807,1.78500008583069,1.8229501247406,1.66995012760162,2.84400010108948,2.80605006217957,2.80605006217957,9.23700046539307,9.23700046539307,9.46695041656494,0.58382499217987,0.72036248445511,0.74153751134872,0.00604999996722,0.3631374835968,0.48413750529289,0.42762500047684,0.32491248846054,0.29754999279976,1.44000005722046,1.40205001831055,-0.32100000977516,2.72895002365112,2.88195013999939,3.99300026893616,9.65895080566406,10.6159505844116,11.2290000915527,0.72297501564026,0.6599999666214,0.45484998822212,0.60032498836517,0.71555000543594,1.00759994983673,0.30318748950958,0.32504999637604,0.35103750228882,-2.77305006980896,-5.18595027923584,48.2520027160645,4.91295003890991,4.22294998168945,-26.3070011138916,12.4930505752563,12.7230005264282,12.7230005264282,0.31762498617172,0.18026250600815,-0.38101249933243,1.16531252861023,1.29992496967316,1.15568745136261,0.34924998879433,0.38046249747276,0.40301248431206,61.8889541625977,23.0839519500732,-2.12100005149841,-36.6880531311035,-46.2649536132813,-28.0309505462646,-26.1580505371094,-39.6799507141113,-39.6799507141113,-4.53970003128052,-6.5962872505188,-8.00428771972656,-0.00412499997765,-0.29150000214577,0.00412499997765,-0.36492499709129,-1.01241254806519,-1.10137498378754,-36.7129516601563,-25.3350009918213,-15.1069507598877,5.33400011062622,1.04295003414154,-1.02404999732971,18.0100517272949,18.0100517272949,11.19105052948,-8.55153751373291,-8.10933780670166,-5.31863737106323,0.59138751029968,2.34272503852844,5.00871229171753,-0.59936249256134,0.93527501821518,1.3249499797821,-8.63400077819824,0.86595004796982,3.66195011138916,0.73695003986359,4.22294998168945,4.10805034637451,6.36405038833618,1.57605004310608,1.57605004310608,1.00594997406006,7.1003623008728,11.926474571228,8.73592472076416,10.4363870620728,9.10456275939941,0.42006251215935,0.4116750061512,1.22512495517731,4.96500015258789,5.65395021438599,5.30895042419434,3.49500012397766,2.46105003356934,1.84800004959106,1.95900011062622,5.2150502204895,9.96495056152344,12.7876377105713,13.2615995407104,12.2401123046875,7.40478754043579,4.15140008926392,-1.04733753204346,1.58083748817444,2.58761239051819,3.2019624710083,4.19805002212524,2.58900022506714,1.40205001831055,2.38394999504089,2.88195013999939,3.26505017280579,9.96495056152344,9.8500509262085,8.81595039367676,SWING_RIGHT
0.0042624999769,0.29177498817444,0.49197500944138,-0.25946250557899,0.00041249999776,0.33302500844002,0.8454874753952,0.82115000486374,0.80465000867844,-0.81900006532669,-1.16400003433228,-1.16400003433228,2.99700021743774,3.11205005645752,2.76705002784729,9.39105033874512,9.46695041656494,9.46695041656494,0.65601247549057,0.73906248807907,0.66481250524521,0.69918751716614,1.43082499504089,1.67117500305176,0.79254996776581,0.80891251564026,0.88123750686646,-0.74205005168915,-0.97200006246567,-0.550950050354,2.03895020484924,1.77105009555817,1.35000002384186,9.46695041656494,11.1529502868652,11.3830509185791,0.49816250801086,0.23594999313354,-0.34883749485016,1.81967496871948,1.88801252841949,1.75147497653961,1.02093744277954,1.18731248378754,1.57354998588562,-1.16400003433228,-2.00595021247864,-1.89105010032654,2.00100016593933,2.46105003356934,1.27305006980896,11.3830509185791,11.4589509963989,11.7270002365112,-0.59606248140335,-0.81344997882843,-0.95782500505447,1.57602500915527,1.39988744258881,1.24781250953674,1.77594995498657,1.95648753643036,2.06731247901917,-2.77305006980896,-4.87905025482178,-6.2590503692627,1.50300002098084,2.19300007820129,2.15400004386902,11.8420505523682,11.8420505523682,12.1489505767822,-0.90103751420975,-0.76326251029968,-0.62507498264313,1.10288751125336,1.21426248550415,1.40084993839264,2.0491623878479,1.91056251525879,1.71737504005432,1.40205001831055,49.9369506835938,68.0569534301758,-3.8209502696991,-22.7440509796143,-42.2430038452149,8.81595039367676,6.24900007247925,1.53795003890991,-0.512875020504,-2.00791239738464,-4.69713735580444,1.62401247024536,1.08116245269775,0.70289999246597,1.54728746414185,0.33343750238419,-1.34901249408722,18.3340511322021,-45.0250511169434,-53.6449508666992,-68.2530059814453,-13.5510005950928,4.56795024871826,-56.803050994873,-33.4740028381348,18.201000213623,-7.23456239700317,-8.85417461395264,-9.42535018920898,0.52387499809265,0.44316250085831,0.22990000247955,-2.71177506446838,-2.91225004196167,-1.62964999675751,-25.8330020904541,-17.1760501861572,-2.581050157547,1.61805009841919,-0.67905002832413,0.12405000627041,18.201000213623,14.4850511550903,8.12595081329346,-8.7883129119873,-6.51708745956421,-1.40057504177094,0.6209499835968,2.0517749786377,4.03741264343262,-0.65284997224808,0.64212501049042,2.24991250038147,2.35995006561279,5.46300029754639,6.64995050430298,1.00499999523163,1.08195006847382,1.46505010128021,4.98495006561279,-0.37695002555847,-0.37695002555847,8.78501224517822,10.7526378631592,11.3753747940063,4.48043727874756,3.56207489967346,2.15380001068115,4.37249994277954,3.84697508811951,3.19659996032715,4.12200021743774,2.97300004959106,2.09100008010864,2.19300007820129,2.11605000495911,2.38394999504089,1.69095003604889,7.81995058059692,10.5010509490967,11.5050373077393,9.22377490997314,5.89751243591309,-0.48468750715256,-9.31397533416748,-11.2469501495361,2.63202500343323,0.57846248149872,0.26661249995232,1.32495009899139,1.09500002861023,0.90405005216599,2.57595014572144,2.19300007820129,1.88595008850098,10.6930503845215,10.5400505065918,9.5440502166748,SWING_RIGHT
0.16775000095367,0.00302499998361,-0.00261249998584,0.6154500246048,0.45003750920296,0.2593249976635,0.73521250486374,0.84026247262955,0.93912500143051,1.21005010604858,0.82695001363754,0.82695001363754,2.19300007820129,2.69100022315979,2.65200018882751,9.19905090332031,9.08400058746338,9.27600002288818,-0.15193749964237,-0.21119999885559,-0.00646249996498,0.00247499998659,-0.33412501215935,-0.40878748893738,1.01488745212555,1.11443746089935,1.15692496299744,0.90405005216599,0.59700000286102,0.02295000106096,2.42295002937317,2.84400010108948,3.18900012969971,9.35205078125,9.96495056152344,10.3480501174927,0.00082499999553,0.18438750505447,0.53074997663498,-0.36959999799728,-0.24777500331402,0.21161249279976,1.20724999904633,1.24987494945526,1.28163754940033,-1.20195007324219,-2.54295015335083,-3.96000027656555,3.61005020141602,4.72095012664795,4.45305013656616,10.3480501174927,10.195050239563,10.0420503616333,0.68351250886917,0.79722499847412,0.83806252479553,0.56471252441406,1.00594997406006,1.466437458992,1.27847504615784,1.23846244812012,1.13135004043579,-4.30500030517578,-5.7610502243042,-8.47994995117188,3.49500012397766,3.53295016288757,4.03095006942749,11.7660007476807,14.064001083374,14.064001083374,0.75707501173019,0.64501249790192,0.48771250247955,2.29734992980957,2.69032502174377,3.00836253166199,0.72503751516342,0.46090000867844,0.19030000269413,-8.82495021820068,14.7709503173828,71.0440521240234,2.76705002784729,-10.3330507278442,-33.2020530700684,10.5400505065918,5.67495012283325,3.52995014190674,0.28297498822212,-0.81400001049042,-3.25998759269714,3.18628740310669,2.51900005340576,0.86336249113083,-0.00068749999627,-0.15826250612736,-0.63593751192093,54.610954284668,-21.6199512481689,-46.021053314209,-56.9910011291504,-27.8770503997803,2.76705002784729,-70.5169525146484,-29.5290012359619,18.2400016784668,-7.2792501449585,-10.5173749923706,-12.6090250015259,-1.32687497138977,-2.50098752975464,-2.5414125919342,-1.99608743190765,-2.86467504501343,-1.11993753910065,-27.6720008850098,-22.5390014648438,-15.9889507293701,-0.94695001840591,-1.33095002174377,4.33800029754639,18.2400016784668,14.1790504455566,11.1139507293701,-11.5783252716064,-10.0959377288818,-7.21998739242554,10.4695253372192,12.8772878646851,14.0354499816895,-0.14464999735355,1.8654625415802,4.58562517166138,-7.40805053710938,-0.66600000858307,5.11800003051758,3.53295016288757,2.65200018882751,1.35000002384186,8.70105075836182,7.28400039672852,4.94700002670288,3.61941242218018,7.12937498092651,8.80990028381348,16.6406631469727,16.1195373535156,15.104100227356,9.70681285858154,9.87937450408936,9.15117454528809,9.48495006561279,6.49695014953613,3.39405012130737,1.19700002670288,2.46105003356934,3.41895008087158,2.53395009040833,2.53395009040833,3.49095010757446,9.45573711395264,7.46927499771118,6.46635007858276,10.0139875411987,-8.03096199035645,-10.5510625839233,8.30774974822998,5.93669986724854,5.15570020675659,1.24905002117157,-0.01395000051707,-0.24405001103878,3.64800024032593,2.88195013999939,2.11605000495911,7.12995052337646,12.8760004043579,11.19105052948,SWING_RIGHT
0.4325749874115,0.42899999022484,0.36794999241829,1.14936244487762,1.10879993438721,0.93073749542236,-0.4100250005722,-0.48702499270439,-0.57763749361038,0.36795002222061,0.90405005216599,1.28700006008148,1.42695009708405,1.19700002670288,1.27305006980896,9.5440502166748,9.65895080566406,9.58200073242188,0.00398749997839,-0.00494999997318,-0.28421249985695,0.262212485075,-0.16706250607967,-0.64899998903275,-0.81180000305176,-0.99123752117157,-1.25496244430542,1.51695013046265,1.51695013046265,1.28700006008148,1.732950091362,2.00100016593933,2.57595014572144,9.77400016784668,9.96495056152344,9.96495056152344,-0.46392500400543,-0.65656250715256,-0.59276247024536,-1.12158751487732,-1.76508748531342,-1.87467503547668,-1.56323754787445,-2.12093758583069,-2.32594990730286,0.98100006580353,0.67395001649857,0.09900000691414,2.88195013999939,3.49500012397766,3.84000015258789,9.96495056152344,9.31395053863525,9.19905090332031,-0.43848749995232,-0.21326249837875,0.40892499685287,-1.84937500953674,-1.68313753604889,-0.93637502193451,-2.46028757095337,-2.46798753738403,-2.07391238212585,-1.04895007610321,-3.69195008277893,-15.6820507049561,4.49100017547607,5.75505018234253,7.05795049667358,9.19905090332031,9.5440502166748,12.07200050354,0.78553748130798,1.12199997901917,1.32921254634857,-0.38211250305176,0.35777500271797,1.34227502346039,-1.80716252326965,-1.61755001544952,-1.53752493858337,-13.498950958252,0.483000010252,46.4509506225586,2.26905012130737,-8.30205059051514,-27.6480007171631,13.2979507446289,13.2979507446289,7.74300050735474,1.21343743801117,0.00412499997765,-2.78244996070862,3.18697500228882,3.63549995422363,2.67685008049011,-1.369500041008,-0.88316249847412,-0.5546749830246,28.8300018310547,-13.8430509567261,-47.9749526977539,-59.5189514160156,-37.6459503173828,-8.45595073699951,-58.9870529174805,-58.9870529174805,-10.4899501800537,-6.49522495269775,-13.4623498916626,-14.5784378051758,1.75422501564026,6.04670000076294,4.61807489395142,-3.168137550354,-8.06176280975342,-6.82742500305176,-48.6649513244629,-33.2269515991211,-21.1219501495361,2.26905012130737,-1.44495010375977,2.76705002784729,19.1209506988525,1.84395003318787,8.81595039367676,-15.1548376083374,-15.4995498657227,-11.1432752609253,1.77649998664856,-1.04087495803833,-1.76508748531342,-5.55334997177124,-3.81535005569458,1.21934998035431,-9.5910005569458,-0.28305000066757,10.7869501113892,-1.33095002174377,-1.82895004749298,-0.02805000171065,8.81595039367676,5.17695045471191,1.07805001735687,-6.87238740921021,-2.26324987411499,0.20858749747276,-3.56647491455078,-7.46404981613159,-8.23996257781982,7.41083765029907,10.9612245559692,10.5578002929688,14.1199502944946,14.0430002212524,9.86805057525635,0.12405000627041,0.58395004272461,2.34600019454956,0.96300005912781,-0.8359500169754,-0.8359500169754,3.13115000724792,4.76547479629517,9.57687473297119,-7.35982513427734,-15.2400875091553,-18.4193630218506,7.77548742294312,7.39736223220825,7.95423746109009,4.12200021743774,1.09500002861023,-0.01395000051707,3.61005020141602,4.22294998168945,3.8779501914978,12.9910507202148,12.9910507202148,10.4250001907349,SWING_RIGHT
-0.00646249996498,-0.00467499997467,-0.00302499998361,-0.80918747186661,-0.61159998178482,-0.3935250043869,-1.51841247081757,-1.4968249797821,-1.47564995288849,0.90405005216599,0.90405005216599,0.75105005502701,3.45705008506775,3.30405020713806,3.41895008087158,9.27600002288818,9.04605007171631,8.73900032043457,-0.00219999998808,-0.0027499999851,-0.00371249997988,-0.00027499999851,0.00522499997169,0.14904999732971,-1.36482501029968,-1.28521251678467,-1.23571252822876,0.25304999947548,-0.20595000684261,-0.66600000858307,3.72495007514954,3.99300026893616,3.8779501914978,8.96895027160645,9.04605007171631,9.04605007171631,-0.00398749997839,-0.00247499998659,-0.00096249999478,0.15042500197887,0.00494999997318,0.00288749998435,-1.23378753662109,-1.3639999628067,-1.47991251945496,-0.28305000066757,-0.20595000684261,-0.05295000225306,3.37995004653931,2.72895002365112,2.49900007247925,9.04605007171631,9.88905048370361,9.88905048370361,0.0,-0.00164999999106,-0.20391249656677,0.00137499999255,0.00123749999329,0.00219999998808,-1.63501250743866,-1.76934993267059,-1.86271250247955,-0.09105000644922,-0.97200006246567,-5.2630500793457,2.57595014572144,3.15000009536743,5.75505018234253,9.92700004577637,10.4629507064819,11.4210004806519,-0.31858751177788,-0.43395000696182,-0.54285001754761,0.00192499998957,0.00288749998435,0.00439999997616,-1.78254997730255,-1.63597500324249,-1.44539999961853,5.96100044250488,40.3219528198242,46.1449508666992,-3.3229501247406,-21.6720008850098,-32.896053314209,13.2600002288818,13.2600002288818,3.64395022392273,-0.97996246814728,-2.36706256866455,-3.61363744735718,-0.26578751206398,-1.94012498855591,-4.52209997177124,-0.58437502384186,1.42546248435974,4.07934999465942,9.02505016326904,-48.7800025939941,-49.6219520568848,-49.5979537963867,-8.03400039672852,2.76705002784729,-38.8759536743164,-3.17295026779175,15.5580005645752,-4.31791257858276,-5.36525011062622,-6.13181257247925,-6.93701267242432,-8.80935001373291,-7.85606241226196,5.68603754043579,8.36549949645996,9.80375003814697,-35.9470520019531,-10.2810001373291,-3.23205018043518,3.30405020713806,0.43095001578331,1.12005007266998,15.5580005645752,7.16895055770874,7.16895055770874,-6.4435248374939,-5.04391241073608,-0.64198750257492,-5.72783756256104,-3.74440002441406,1.27682495117188,12.1482620239258,14.4640378952026,14.7379369735718,2.35995006561279,8.25900077819824,6.45795011520386,1.69500005245209,1.84800004959106,2.6140501499176,2.30400013923645,1.61400008201599,3.64395022392273,1.22966253757477,2.82246255874634,4.68599987030029,2.71700000762939,2.86288738250732,1.3914999961853,14.6650619506836,13.694037437439,12.5307874679565,3.62400007247925,2.01495003700256,0.75105005502701,2.88195013999939,2.76705002784729,2.46105003356934,5.63595008850098,10.5400505065918,12.6850509643555,7.28186225891113,6.76747512817383,5.47401237487793,-10.2247753143311,-12.049674987793,-11.9411878585815,10.0859003067017,7.86390018463135,5.39123725891113,-1.08705008029938,-0.43605002760887,0.40605002641678,2.57595014572144,1.96305012702942,1.732950091362,11.076000213623,9.77400016784668,8.12595081329346,SWING_RIGHT
-0.2072124928236,-0.24997499585152,-0.33082500100136,-0.65642499923706,-0.7595499753952,-0.99192500114441,-2.06552505493164,-2.39071249961853,-3.15397500991821,0.86595004796982,1.17195010185242,1.28700006008148,2.80605006217957,2.49900007247925,2.34600019454956,8.778000831604,9.12195014953613,10.0800008773804,-0.37950000166893,-0.46351251006126,-0.58313751220703,-1.13726246356964,-1.30075001716614,-1.44168746471405,-3.63398742675781,-4.16886234283447,-4.63856267929077,1.40205001831055,1.28700006008148,0.78900003433228,2.46105003356934,2.46105003356934,2.92095017433167,10.0030508041382,10.0030508041382,9.96495056152344,-0.83916246891022,-0.93197500705719,-0.98903751373291,-1.57987499237061,-1.57134997844696,-1.52033746242523,-5.1429123878479,-5.18787479400635,-5.19516229629517,0.86595004796982,0.6360000371933,0.06105000153184,2.84400010108948,2.92095017433167,3.53295016288757,9.73500061035156,9.42900085449219,9.31395053863525,-0.99715000391006,-0.77467501163483,-0.56099998950958,-1.42463743686676,-1.15871250629425,-1.04005002975464,-5.14112520217896,-4.96842479705811,-4.99839973449707,-1.00995004177094,-4.87905025482178,-3.8449501991272,4.1850004196167,5.94705009460449,5.10405015945435,9.35205078125,10.0030508041382,10.0030508041382,-0.28861248493195,-0.00013749999925,0.48688748478889,-0.89746248722076,-0.7068874835968,-0.23539999127388,-5.22472476959229,-5.44472503662109,-5.24548768997192,3.66195011138916,35.0740509033203,28.0639514923096,-1.40700006484985,-18.1860008239746,-52.0110015869141,10.1179504394531,9.73500061035156,-32.0190010070801,0.27994999289513,-1.17672502994537,-4.01335000991821,-0.32133749127388,-1.60641252994537,-4.13490009307861,-4.6183500289917,-3.29614996910095,-0.72118747234344,22.5090007781982,-23.5729503631592,-65.3670043945313,-56.8759536743164,-48.4480514526367,-4.35705041885376,-45.847053527832,-26.6940021514893,-5.47200012207031,-5.40498733520508,-2.2951500415802,0.942562520504,-12.7972621917725,-21.840087890625,-33.8483734130859,4.64268732070923,4.29605007171631,1.60503745079041,-34.298999786377,-19.7809505462646,-7.63800048828125,8.16900062561035,2.80605006217957,-0.94695001840591,2.03595018386841,2.03595018386841,9.23700046539307,0.69753748178482,1.6524749994278,3.73133754730225,-38.516773223877,-41.1464614868164,-38.7916374206543,1.4161125421524,1.96171247959137,0.96525001525879,2.28299999237061,10.9020004272461,10.3279504776001,-2.9389500617981,-0.60300004482269,1.88595008850098,9.23700046539307,0.3120000064373,0.3120000064373,4.41306257247925,4.86997509002686,1.9325624704361,-35.0604362487793,-31.886661529541,-14.333137512207,0.83256250619888,1.26761245727539,6.30093765258789,8.83395004272461,6.72705030441284,2.01495003700256,2.57595014572144,3.11205005645752,3.99300026893616,2.80200004577637,5.67495012283325,8.08800029754639,3.86347508430481,7.29726266860962,8.37485027313232,-20.8868007659912,-21.0566120147705,-19.2729625701904,8.83836269378662,10.2870626449585,8.55717468261719,0.06105000153184,-0.51195001602173,-0.28305000066757,4.06995010375977,3.7630500793457,3.41895008087158,9.12195014953613,10.2720003128052,9.00705051422119,SWING_RIGHT
1.09821248054504,1.20463752746582,1.14661252498627,0.76889997720718,0.79557502269745,0.6873624920845,-0.84452497959137,-0.9675874710083,-0.93252497911453,0.90405005216599,2.13000011444092,2.47500014305115,2.80605006217957,2.03895020484924,1.96305012702942,8.93100070953369,8.93100070953369,9.04605007171631,0.95810002088547,0.342375010252,0.00054999999702,0.509850025177,0.0042624999769,-0.14409999549389,-0.78485000133514,-0.26743748784065,0.00206249998882,2.16795015335083,0.40605002641678,0.55905002355576,2.07795000076294,3.11205005645752,3.15000009536743,9.39105033874512,9.81195068359375,9.81195068359375,-0.28407499194145,-0.51108747720718,-0.6542249917984,-0.35694998502731,-0.48702499270439,-0.46213749051094,0.33852499723434,0.55742502212524,0.69464999437332,0.94200003147125,1.40205001831055,0.52095001935959,2.65200018882751,2.42295002937317,2.88195013999939,9.19905090332031,9.19905090332031,9.81195068359375,-0.60073751211166,-0.4811125099659,-0.33233749866486,-0.36396250128746,-0.21340000629425,-0.00178749999031,0.60664999485016,0.4281750023365,0.20473749935627,-0.12900000810623,-0.81900006532669,-1.58505010604858,3.53295016288757,3.95505023002625,4.10805034637451,9.81195068359375,9.35205078125,9.88905048370361,0.0,0.17833749949932,0.35241249203682,0.33893749117851,0.5293750166893,0.72517502307892,-0.28118750452995,-0.50833749771118,-0.71376252174377,-3.61500024795532,3.8539502620697,37.0279502868652,5.52495002746582,-2.71005010604858,-23.0119514465332,10.195050239563,10.9230003356934,10.9230003356934,0.49816250801086,0.00357499998063,-1.94411253929138,0.88536250591278,0.82981246709824,0.3408625125885,-0.86432498693466,-0.92042499780655,-0.72022497653961,46.911003112793,-14.2260007858276,-43.0720520019531,-37.5690002441406,-14.5470008850098,8.97300052642822,5.44500017166138,-22.2499504089355,19.8870010375977,-4.58768749237061,-6.80528736114502,-9.20892524719238,-0.45306250452995,-1.71077501773834,2.74092507362366,-0.00563749996945,0.93101251125336,-0.00343749998137,-38.2450523376465,-25.795051574707,-8.36505031585693,12.8419504165649,7.05795049667358,3.18900012969971,19.8870010375977,10.0030508041382,6.09600019454956,-9.59447479248047,-11.1446495056152,-11.6879119873047,2.63614988327026,-0.52071249485016,-2.0952250957489,1.58056247234344,5.78778743743896,9.76401233673096,-1.27905011177063,8.52705001831055,11.2849502563477,2.30805015563965,0.43095001578331,0.20100000500679,5.90505027770996,5.90505027770996,4.90905046463013,-6.74093723297119,-4.53667497634888,-3.16194987297058,-0.70963752269745,-0.80753749608994,-5.41007518768311,12.7771873474121,12.8584499359131,14.4727001190186,9.4079999923706,7.76100015640259,6.76500034332275,1.38795006275177,1.23495006561279,1.00499999523163,7.09200048446655,8.778000831604,9.58200073242188,-3.06542491912842,0.00591249996796,1.58757495880127,-9.98593711853027,-10.5166873931885,-10.5208120346069,15.2872495651245,12.9175748825073,10.7083625793457,5.3860502243042,1.51695013046265,0.94200003147125,1.23495006561279,2.30805015563965,2.30805015563965,9.65895080566406,9.58200073242188,9.16095066070557,SWING_RIGHT
-0.19593749940395,-0.00439999997616,-0.00192499998957,0.70358747243881,0.28916248679161,0.00673749996349,0.00357499998063,0.00632499996573,0.14368750154972,1.78500008583069,1.28700006008148,1.28700006008148,3.11205005645752,3.41895008087158,3.61005020141602,9.27600002288818,9.08400058746338,9.04605007171631,-0.00082499999553,-0.00027499999851,0.00013749999925,0.00164999999106,-0.0015124999918,-0.00316249998286,0.16169999539852,0.17820000648499,0.20377500355244,1.36395001411438,1.55505001544952,1.28700006008148,3.49500012397766,3.26505017280579,3.61005020141602,9.08400058746338,9.12195014953613,8.4330005645752,0.00054999999702,0.00137499999255,0.00233749998733,-0.00178749999031,0.00013749999925,0.00192499998957,0.18892499804497,0.14148749411106,0.00384999997914,1.1340000629425,1.17195010185242,1.24905002117157,3.57195019721985,3.57195019721985,3.34200024604797,8.4330005645752,8.66295051574707,9.31395053863525,0.00371249997988,0.00398749997839,0.00357499998063,0.00412499997765,0.00439999997616,0.00439999997616,-0.00302499998361,-0.00604999996722,-0.17283749580383,1.47900009155273,0.90405005216599,-0.24405001103878,3.07395005226135,3.30405020713806,4.14600038528442,9.16095066070557,9.42900085449219,9.50505065917969,0.00206249998882,-0.00206249998882,-0.00343749998137,0.00439999997616,0.00563749996945,0.16871249675751,-0.20019999146461,-0.18933749198914,-0.19910000264645,-2.27505016326904,2.47500014305115,34.8439521789551,5.29605007171631,-1.13895010948181,-22.7059516906738,10.0420503616333,12.6079502105713,11.1139507293701,-0.00508749997243,-0.16664999723434,-2.66956257820129,0.23553749918938,0.29479998350143,-0.45539999008179,-0.21807499229908,-0.24695000052452,0.73823750019073,47.5999526977539,8.94795036315918,-42.7650032043457,-31.5930023193359,-44.2729530334473,-11.367000579834,-6.4680004119873,-27.0769519805908,-1.44900012016296,-4.91411256790161,-5.94646263122559,-5.60724973678589,-1.60325002670288,-4.73577499389648,-10.5627498626709,2.41958737373352,5.72563743591309,10.1809120178223,-37.3639526367188,-27.9400520324707,-29.3959522247314,-2.13495016098022,0.62205004692078,7.90005016326904,17.3580017089844,17.3580017089844,5.8279504776001,-6.26642513275146,-5.18801259994507,-3.15947508811951,-10.0157747268677,-6.81174993515015,-5.28522491455078,13.6395874023438,15.0998373031616,16.81130027771,-15.9889507293701,-2.46600008010864,3.01095008850098,8.7049503326416,3.30405020713806,1.31205010414124,6.32595014572144,5.90505027770996,5.90505027770996,-0.00329999998212,4.3089747428894,5.65482473373413,-4.2421498298645,1.92032504081726,6.54293727874756,17.6870365142822,13.3926372528076,9.95321273803711,5.99895048141479,7.53105020523071,6.76500034332275,0.00900000054389,0.20100000500679,0.43095001578331,4.75500011444092,1.99695014953613,1.07805001735687,7.5700626373291,8.17354965209961,6.84323740005493,4.80961227416992,-0.61998748779297,-11.1897497177124,8.69206237792969,7.62478733062744,5.26281261444092,4.15995025634766,1.28700006008148,-0.89505004882813,1.35000002384186,2.15400004386902,2.76705002784729,1.07805001735687,8.47095012664795,11.6119508743286,SWING_RIGHT
-0.2381500005722,0.00439999997616,0.46653750538826,-1.00966250896454,-0.55893748998642,-0.0027499999851,-3.47352504730225,-3.76021242141724,-4.13682508468628,-3.19395017623901,-2.65800023078919,-1.93005013465881,2.38394999504089,1.77105009555817,1.08195006847382,10.4629507064819,10.4629507064819,10.9609508514404,0.84920001029968,1.35918748378754,1.3362250328064,0.42570000886917,1.02478754520416,1.04018747806549,-4.52759981155396,-5.02548742294312,-4.96759986877441,-1.43205010890961,-0.62700003385544,0.29100000858307,1.00499999523163,0.96705007553101,1.00499999523163,11.2290000915527,11.3059501647949,9.92700004577637,1.14785003662109,0.85552501678467,0.0054999999702,0.84369999170303,0.46832498908043,-0.51342499256134,-4.69122505187988,-4.22331237792969,-2.71370005607605,0.09900000691414,0.06105000153184,-1.20195007324219,1.84800004959106,2.53695011138916,3.7630500793457,9.5440502166748,9.27600002288818,8.778000831604,-0.19868749380112,-0.33357501029968,-0.22096249461174,-0.97941249608994,-1.33347499370575,-1.53229999542236,-1.88209998607636,-1.20257496833801,-0.82238751649857,-2.96400022506714,-5.60700035095215,-7.71405029296875,4.64400005340576,5.75505018234253,5.41095018386841,8.8540506362915,10.2330007553101,11.1139507293701,0.58011251688004,1.12076246738434,1.63982498645782,-1.35341250896454,-1.05311250686646,-0.69767498970032,-1.20986247062683,-1.79767501354218,-2.45753741264343,25.6500015258789,63.3060035705566,37.7560501098633,-11.6740503311157,-29.7550506591797,-51.6280517578125,7.85805034637451,5.63595008850098,-19.7220001220703,1.8495124578476,-2.03197503089905,-5.21661233901978,-0.39173749089241,-1.22347497940063,-3.60153746604919,-2.93328738212585,-1.93861246109009,1.09615004062653,7.7989501953125,-55.444953918457,-30.6600017547607,-61.5499534606934,15.1020011901855,11.4250507354736,-51.0960006713867,4.21905040740967,13.9489507675171,-6.83265018463135,-7.77150011062622,-8.48443698883057,-7.38154983520508,-10.2272500991821,-6.02579975128174,4.45582485198975,7.21586227416992,9.28743743896484,-18.0949516296387,-12.081000328064,-1.31700003147125,5.83200025558472,5.10405015945435,3.30405020713806,7.12995052337646,6.82395029067993,2.26500010490417,-7.63730001449585,-5.23187494277954,-0.93183749914169,-4.85581254959106,-4.0715126991272,-2.26682496070862,11.1145372390747,13.3860378265381,14.0350370407104,1.90005004405975,3.93000030517578,5.84595012664795,2.88195013999939,2.53695011138916,1.69500005245209,0.65595000982285,0.65595000982285,3.30000019073486,4.57228755950928,5.66513729095459,6.19107484817505,4.00221252441406,4.46627473831177,-0.45003750920296,10.7254123687744,9.70172500610352,10.3600749969482,4.15995025634766,2.43600010871887,1.8229501247406,2.57595014572144,2.80605006217957,2.53695011138916,9.50505065917969,10.8460502624512,11.4970502853394,5.42904996871948,3.28734993934631,1.45186245441437,-5.66554975509644,-8.86159992218018,-9.07156276702881,10.9243745803833,8.31132507324219,6.22380018234253,1.36395001411438,1.55505001544952,1.63200008869171,2.76705002784729,2.07795000076294,1.42695009708405,11.4970502853394,9.16095066070557,8.47095012664795,SWING_RIGHT
0.20542499423027,0.00233749998733,-0.00646249996498,0.46103748679161,0.26578751206398,0.00384999997914,-2.2508749961853,-2.06690001487732,-1.7323625087738,0.29100000858307,1.21005010604858,0.82695001363754,0.88995003700256,0.62205004692078,1.69500005245209,10.3099508285522,9.50505065917969,9.73500061035156,-0.43312498927116,-0.5020124912262,-0.46612501144409,-0.2238499969244,-0.36217498779297,-0.46805000305176,-0.62328749895096,-0.00041249999776,0.53748750686646,0.75105005502701,0.36795002222061,0.17595000565052,2.26905012130737,2.57595014572144,2.99700021743774,9.23700046539307,8.778000831604,8.778000831604,-0.34017500281334,0.00577499996871,0.42487499117851,-0.5460125207901,-0.64006251096725,-0.63580000400543,1.01846253871918,1.70500004291534,1.80124998092651,0.29100000858307,0.40605002641678,0.29100000858307,3.22695016860962,3.41895008087158,3.61005020141602,8.778000831604,8.20305061340332,9.08400058746338,0.73809999227524,1.00292503833771,1.31766247749329,-0.56374996900558,-0.44659999012947,-0.2563000023365,1.68355000019073,1.386274933815,0.44426250457764,-0.05295000225306,-0.70395004749298,-2.581050157547,3.72495007514954,4.10805034637451,4.68300008773804,9.31395053863525,9.31395053863525,10.9990501403809,1.35465002059937,1.31326246261597,1.21453750133514,-0.20143750309944,-0.19910000264645,-0.2043250054121,-0.17861250042915,-1.01488745212555,-1.92499995231628,-3.80700016021729,-2.65800023078919,19.252950668335,5.21895027160645,4.3759503364563,-8.26395034790039,11.1529502868652,11.4970502853394,12.7620010375977,0.88247501850128,0.60706251859665,-0.35365000367165,-0.23003749549389,-0.28366249799728,-0.79488748311996,-3.10337495803833,-3.22245001792908,-2.87031245231628,38.3299522399902,9.6379508972168,-14.2260007858276,-39.5989532470703,-51.3979530334473,-32.2440032958984,-28.4560508728027,-32.2480506896973,-32.2480506896973,-2.5306875705719,-7.40038728713989,-9.81365013122559,-1.61933743953705,-2.72827506065369,0.40026250481606,-2.17827486991882,-0.65119999647141,-1.37555003166199,-45.9060020446777,-25.6039505004883,-21.7350006103516,1.88595008850098,4.56795024871826,5.10405015945435,6.40305042266846,20.9209518432617,11.076000213623,-10.4665002822876,-11.2299003601074,-11.2088623046875,0.58038747310638,-3.32598757743835,-5.52337503433228,0.49390000104904,4.89747476577759,11.7056503295898,-15.7200012207031,-6.56505012512207,7.76100015640259,4.14600038528442,2.72895002365112,0.20100000500679,10.9609508514404,4.83195018768311,-2.90505003929138,-8.28588771820068,-5.02947473526001,-1.82173752784729,-4.14438724517822,-3.11533737182617,-4.89568758010864,12.9358625411987,13.5641002655029,15.0097751617432,9.44595050811768,6.30495023727417,2.97300004959106,0.27705001831055,2.84400010108948,4.72095012664795,-2.90505003929138,0.81000006198883,2.57205009460449,0.99233746528625,3.02568745613098,4.96086263656616,-6.6412501335144,-4.17518758773804,-6.52437496185303,13.1269874572754,9.33185005187988,8.26691246032715,-0.43605002760887,0.17595000565052,0.32895001769066,5.41095018386841,4.45305013656616,4.06995010375977,8.54805088043213,13.2210006713867,13.2210006713867,SWING_RIGHT
0.99701249599457,1.43783748149872,1.6464250087738,-1.84167504310608,-1.02300000190735,-0.27046251296997,-0.77701246738434,-1.37170004844666,-1.8356249332428,0.75105005502701,0.98100006580353,1.40205001831055,2.80605006217957,2.65200018882751,2.49900007247925,10.0030508041382,10.0030508041382,9.00705051422119,1.44581246376038,1.20724999904633,0.93431252241135,0.68846249580383,0.88934999704361,0.95438748598099,-1.91729998588562,-1.6495875120163,-1.30308747291565,1.1340000629425,0.78900003433228,0.90405005216599,2.76705002784729,3.15000009536743,2.99700021743774,9.46695041656494,9.69705009460449,9.69705009460449,0.63029998540878,0.00577499996871,-0.00027499999851,0.92248749732971,0.61132502555847,0.42872500419617,-0.94943749904633,-0.37125000357628,-0.22838750481606,1.1340000629425,1.05705010890961,0.86595004796982,2.72895002365112,2.88195013999939,3.03495025634766,9.23700046539307,9.27600002288818,9.46695041656494,-0.00137499999255,-0.00013749999925,0.00481249997392,0.2743124961853,0.14685000479221,-0.00027499999851,-0.17820000648499,-0.169537499547,-0.20679999887943,0.44400003552437,0.09900000691414,-1.66200006008148,3.03495025634766,3.26505017280579,4.10805034637451,9.65895080566406,9.46695041656494,9.35205078125,0.15193749964237,0.19744999706745,0.24777500331402,0.00054999999702,0.00453749997541,0.2381500005722,-0.24750000238419,-0.30855000019073,-0.40397500991821,-3.46200013160706,-4.68795013427734,4.73505020141602,5.10405015945435,6.17700052261353,-0.14295001327991,10.2330007553101,10.2720003128052,11.0380506515503,0.35268750786781,0.37578749656677,-0.29699999094009,0.59551250934601,0.73301249742508,0.27362498641014,-0.61792498826981,-0.7012500166893,-0.41813749074936,41.8159523010254,16.4950504302979,-26.4079513549805,-51.5899505615234,-48.4870529174805,-29.1799507141113,-39.0289535522461,-39.0289535522461,-35.5429534912109,-2.56932497024536,-5.4910626411438,-6.45163726806641,-1.09326255321503,-5.58236265182495,-5.92239999771118,0.97721248865128,5.33857488632202,6.71371269226074,-52.8400535583496,-27.8250007629395,-19.3980007171631,-1.40700006484985,0.81405001878738,3.30405020713806,7.01505041122437,10.4629507064819,8.62395000457764,-7.56511259078979,-7.96565008163452,-6.57868766784668,-3.51436257362366,-2.28002500534058,-2.71246242523193,7.16375017166138,8.42971229553223,13.5038747787476,-9.82095050811768,-1.73805010318756,8.48895072937012,2.34600019454956,1.61805009841919,1.46505010128021,8.62395000457764,12.6469507217407,6.09600019454956,-3.90527486801147,-1.85748744010925,-0.23856249451637,-0.77247500419617,1.5966500043869,2.24839997291565,13.6740999221802,12.6773624420166,11.6150369644165,11.2090501785278,11.2090501785278,8.48895072937012,1.19700002670288,1.57995009422302,2.57595014572144,3.56805014610291,0.15795001387596,-0.49200001358986,2.88007497787476,3.32818746566772,4.11688756942749,-4.98657512664795,-8.07331275939941,-10.4740629196167,10.6363124847412,9.16052532196045,7.81371259689331,0.40605002641678,-0.39705002307892,-1.08705008029938,3.64800024032593,3.37995004653931,3.15000009536743,5.59800004959106,10.6159505844116,10.6159505844116,SWING_RIGHT
0.70496249198914,0.80011248588562,0.79378747940063,0.70730000734329,0.48620000481606,0.19703750312328,-4.45527505874634,-4.9015998840332,-5.1669750213623,0.6360000371933,1.32495009899139,1.86195003986359,0.50700002908707,0.23895001411438,0.39195001125336,9.88905048370361,9.27600002288818,9.61995029449463,0.43903750181198,0.15743750333786,-0.00646249996498,-0.59606248140335,-1.13231253623962,-1.69716250896454,-4.76148748397827,-4.2358250617981,-3.77643752098084,1.24905002117157,1.59300005435944,1.59300005435944,2.23095011711121,2.03895020484924,2.03895020484924,9.46695041656494,9.00705051422119,9.00705051422119,-0.35392498970032,-0.53308749198914,-0.4672249853611,-2.22873759269714,-3.02939987182617,-3.18876242637634,-3.42718744277954,-3.17693758010864,-3.3882749080658,1.86195003986359,0.55905002355576,-0.24405001103878,2.19300007820129,2.80605006217957,3.45705008506775,9.50505065917969,9.96495056152344,10.5010509490967,-0.30318748950958,-0.0027499999851,0.47025001049042,-3.12812495231628,-2.85395002365112,-1.74858748912811,-3.72226238250732,-3.93676257133484,-3.74178743362427,-0.51195001602173,-1.35495007038116,-1.85295009613037,3.53295016288757,3.91695022583008,4.83600044250488,10.5010509490967,10.4250001907349,9.88905048370361,0.62755000591278,0.74456250667572,0.84095001220703,-1.00718748569489,-0.23704999685287,0.45925000309944,-3.32626247406006,-2.69362497329712,-1.89763748645782,-0.35895001888275,7.30095052719116,47.5620040893555,2.92095017433167,-2.44095015525818,-16.8450012207031,9.88905048370361,11.0380506515503,14.907000541687,0.91121250391006,0.46172499656677,-1.19033753871918,1.41212499141693,1.24657499790192,0.434087485075,-0.41964998841286,0.26111251115799,1.31271255016327,15.3460502624512,9.94395065307617,-35.60205078125,-55.9180526733398,-47.4139518737793,-23.8170013427734,-45.8860511779785,-45.8860511779785,-17.0790004730225,-4.38294982910156,-8.79216289520264,-9.72757530212402,-1.5193749666214,-8.39176273345947,-10.6206378936768,3.6614875793457,7.17145013809204,7.99548768997192,-56.7469520568848,-27.9019508361816,-23.6500511169434,5.75505018234253,3.26505017280579,4.60605001449585,5.63595008850098,11.4210004806519,9.23700046539307,-10.2550249099731,-10.3827629089355,-3.39336252212524,-12.0254745483398,-12.135612487793,-6.64771223068237,8.92306232452393,10.2869253158569,14.3330001831055,-15.6049509048462,-6.8710503578186,7.33995056152344,2.23095011711121,-0.29595002532005,-2.21205019950867,9.23700046539307,5.79000043869019,-0.10905000567436,1.89942502975464,6.25212478637695,8.75008773803711,-3.99849987030029,-1.35753750801086,-0.22866250574589,13.7834119796753,13.4832496643066,12.9056119918823,9.52305030822754,9.06300067901611,7.53105020523071,-1.78995013237,-0.7180500626564,0.50700002908707,-0.10905000567436,2.64795017242432,4.87005043029785,10.5692129135132,10.2386627197266,7.47037506103516,-0.00398749997839,-4.10080003738403,-11.9523248672485,10.2679500579834,7.66039991378784,5.40718746185303,3.62400007247925,2.206050157547,1.51695013046265,1.61805009841919,1.96305012702942,1.84800004959106,8.73900032043457,15.0220508575439,15.0220508575439,SWING_RIGHT
-0.00123749999329,0.00137499999255,0.00536249997094,-0.00261249998584,0.00357499998063,0.22261250019073,-2.05782508850098,-1.93435001373291,-1.80977499485016,-2.04495000839233,-1.39305007457733,-0.43605002760887,1.84800004959106,1.46505010128021,1.46505010128021,11.076000213623,10.6159505844116,9.77400016784668,0.19676250219345,0.26537498831749,0.22563749551773,0.40053749084473,0.64913749694824,0.5876749753952,-1.68726253509521,-1.27215003967285,-0.99879997968674,0.75105005502701,1.97700011730194,2.7810001373291,1.04295003414154,1.27305006980896,1.31205010414124,9.58200073242188,8.31795024871826,7.89705038070679,0.15468749403954,0.00357499998063,-0.00481249997392,0.33550000190735,-0.00343749998137,-1.24176251888275,-0.7566624879837,-0.55508750677109,-0.35791251063347,3.39405012130737,3.62400007247925,3.04905009269714,1.42695009708405,1.54095005989075,2.65200018882751,7.6279501914978,7.6279501914978,8.70105075836182,-0.15881249308586,-0.17682500183582,-0.00577499996871,-1.95676243305206,-2.59668755531311,-3.03819990158081,-0.42501249909401,-0.62768751382828,-0.77178752422333,2.05305004119873,0.90405005216599,-0.01395000051707,3.22695016860962,3.95505023002625,4.56795024871826,8.89305019378662,9.00705051422119,9.35205078125,0.22522500157356,0.43834999203682,0.6319500207901,-3.05923748016357,-2.6669499874115,-2.06071257591248,-0.87051248550415,-0.85030001401901,-0.7873250246048,5.73105049133301,41.9310035705566,25.381950378418,-0.87105005979538,-23.8170013427734,-36.037052154541,10.5780000686646,10.4629507064819,-25.4680519104004,0.77165001630783,-1.0839124917984,-3.46224999427795,-1.32563745975494,-0.88811248540878,-3.10598754882813,-0.63827496767044,1.07126247882843,4.13682508468628,9.06300067901611,-30.9670505523682,-58.9309539794922,-46.1500511169434,-34.3129501342773,8.43705081939697,-39.1050033569336,-25.6980018615723,5.13795042037964,-4.16803741455078,-4.9505500793457,-5.80703735351563,-8.77387523651123,-12.1318998336792,-14.9228744506836,7.31472492218018,8.00827503204346,9.98635005950928,-42.3060035705566,-27.0979518890381,-11.8129501342773,8.85795021057129,4.22294998168945,1.69500005245209,12.4170007705688,12.4170007705688,10.5400505065918,-5.65413761138916,-2.49370002746582,1.89241254329681,-12.5856494903564,-8.02766227722168,-6.70381259918213,12.728099822998,16.6211376190186,18.0010871887207,-2.96400022506714,4.27500009536743,7.72305059432983,-0.18105000257492,-1.1010000705719,-1.75200009346008,10.1569509506226,2.99295020103455,-3.82395029067993,8.47976207733154,9.81447505950928,10.3016376495361,0.57323747873306,2.31123757362366,2.56973743438721,15.8852376937866,15.5458869934082,14.6746873855591,8.87205028533936,7.37805032730103,4.58100032806396,-0.83295005559921,0.66000002622604,1.77105009555817,-0.37695002555847,3.682950258255,4.87005043029785,10.4882249832153,6.49989986419678,6.64193725585938,0.34113749861717,-14.0184001922607,-16.0873622894287,12.8294372558594,7.94392490386963,7.74111223220825,2.01495003700256,0.75105005502701,1.05705010890961,2.6140501499176,2.30805015563965,1.92495012283325,9.46695041656494,12.07200050354,12.07200050354,SWING_RIGHT
-0.75006252527237,-0.31404998898506,-0.00439999997616,-0.30676248669624,-0.00027499999851,0.14079999923706,-8.7254753112793,-8.26622486114502,-7.61557483673096,-0.51195001602173,-1.73805010318756,-1.20195007324219,0.73695003986359,1.46505010128021,1.08195006847382,9.77400016784668,10.9609508514404,10.9609508514404,0.00577499996871,0.2578125,0.35296249389648,0.26991251111031,0.3799124956131,0.49059998989105,-6.76431226730347,-5.75863742828369,-3.48878741264343,-0.74205005168915,-0.28305000066757,0.483000010252,0.54495000839233,0.27705001831055,0.54495000839233,11.1139507293701,11.1139507293701,11.9950504302979,0.31253749132156,0.22824999690056,0.00591249996796,0.48743748664856,0.42460000514984,0.31638750433922,-2.53220009803772,-1.69496250152588,-0.96112501621246,0.17595000565052,-0.12900000810623,-0.09105000644922,1.04295003414154,1.732950091362,2.26905012130737,11.9950504302979,11.2680006027222,9.35205078125,-0.00288749998435,-0.0015124999918,0.00371249997988,0.00054999999702,-0.16348749399185,-0.32037499547005,0.18975000083447,0.60238748788834,0.92014998197556,1.17195010185242,0.02295000106096,-1.77705013751984,2.30805015563965,3.03495025634766,4.1850004196167,8.28000068664551,8.28000068664551,9.27600002288818,0.23952500522137,0.71926248073578,0.97143751382828,-0.42473748326302,-0.44316250085831,-0.42789998650551,1.08597505092621,0.94462502002716,0.776462495327,-3.00195002555847,45.1489524841309,36.2230529785156,5.06595039367676,-22.7059516906738,-30.8269519805908,9.65895080566406,10.0800008773804,-24.0889511108398,1.15417504310608,0.98229998350143,-1.75862503051758,-0.40218749642372,-0.61503750085831,-4.55798768997192,0.5711749792099,0.73823750019073,5.93340015411377,18.1810512542725,4.00695037841797,-45.4080009460449,-56.4930038452149,-43.3540534973145,11.4250507354736,-37.5349502563477,-37.5349502563477,22.185001373291,-2.65980005264282,-3.65805006027222,-4.63718748092651,-8.64778709411621,-11.2616624832153,-13.0598878860474,8.38818740844727,9.61922454833984,10.6855373382568,-23.5350017547607,-18.2869510650635,-16.4479503631592,5.14200019836426,6.82800054550171,6.21495008468628,23.871000289917,23.871000289917,16.9369506835938,-5.36043739318848,-3.10158753395081,4.02668762207031,-12.9846744537354,-9.93038749694824,-5.92418766021729,13.8048620223999,16.7007503509521,18.0629615783691,-2.84895014762878,3.93000030517578,7.7989501953125,0.77505004405975,-1.17705011367798,-1.63695013523102,6.47895050048828,-0.26205000281334,-1.67895007133484,8.12858772277832,11.3999872207642,12.0135126113892,-2.86330008506775,0.00494999997318,0.42776250839233,16.2058868408203,14.4104127883911,13.6256999969482,8.06700038909912,5.76900005340576,4.12200021743774,-0.87105005979538,1.50300002098084,2.11605000495911,-1.67895007133484,3.83595013618469,8.47095012664795,12.024787902832,11.5055875778198,4.26497507095337,-0.68598747253418,-3.96151256561279,-12.9001121520996,12.3927373886108,10.4025621414185,7.99493741989136,2.35995006561279,1.51695013046265,2.51295018196106,2.46105003356934,2.26905012130737,0.96705007553101,9.46695041656494,13.3740005493164,12.187050819397,SWING_RIGHT
-0.15592500567436,0.00109999999404,0.20336249470711,-1.92403745651245,-1.96501243114471,-1.73195004463196,-3.69778752326965,-2.56561255455017,-1.91317498683929,1.17195010185242,0.82695001363754,1.1340000629425,2.92095017433167,3.53295016288757,3.53295016288757,9.73500061035156,9.19905090332031,9.04605007171631,0.42322498559952,0.68612498044968,1.21398746967316,-1.35973751544952,-0.88797497749329,0.15042500197887,-1.25839996337891,-0.62479996681213,0.55068749189377,1.32495009899139,1.24905002117157,1.44000005722046,3.30405020713806,3.53295016288757,3.53295016288757,8.12595081329346,8.24100017547607,8.73900032043457,1.38214993476868,1.46258747577667,1.47056245803833,0.5906999707222,0.92798751592636,1.15610003471375,1.11870002746582,1.7019749879837,2.23822498321533,1.86195003986359,1.86195003986359,1.40205001831055,3.07395005226135,3.07395005226135,3.57195019721985,8.73900032043457,8.778000831604,8.89305019378662,1.30212497711182,1.13189995288849,0.91245001554489,1.26293754577637,1.18497502803802,0.98243749141693,2.98333740234375,3.09045004844666,2.85559988021851,-0.89505004882813,-3.23205018043518,-6.67995023727417,4.64400005340576,5.21895027160645,5.67900037765503,8.89305019378662,9.65895080566406,10.9609508514404,0.68846249580383,0.15262499451637,-0.00302499998361,0.6707249879837,-0.80547499656677,-2.29185009002686,2.04874992370605,-2.87636256217957,-7.21173763275146,-7.71405029296875,43.1950531005859,44.2680015563965,5.75505018234253,-19.7560501098633,-28.5289516448975,12.07200050354,12.1489505767822,-0.45300000905991,-0.18095000088215,-0.93720000982285,-4.93487501144409,-3.1160249710083,-3.86388754844666,-7.09114980697632,-9.94028759002686,-10.7163372039795,-8.99786281585693,23.6200504302979,3.89205026626587,-46.4040031433105,-46.8010520935059,-35.6920509338379,10.0840501785278,-17.9980506896973,-23.3989505767822,22.2229518890381,-6.07681226730347,-6.37298727035522,-6.30135011672974,-9.29678726196289,-10.6787996292114,-11.0610504150391,-6.57744979858398,-3.09457492828369,2.18845009803772,-24.4540519714355,-22.7689514160156,-17.0610008239746,3.95505023002625,5.52495002746582,4.22294998168945,22.2229518890381,17.6269512176514,15.0979509353638,-5.34778738021851,-2.62872505187988,1.31147503852844,-9.53328704833984,-7.69449996948242,-5.38711261749268,11.0082502365112,14.0999374389648,15.3390874862671,1.90005004405975,7.18605041503906,8.56500053405762,-0.37305000424385,-1.33095002174377,-1.02404999732971,6.47895050048828,-3.21195006370544,-3.21195006370544,4.64901256561279,7.06103754043579,7.19633722305298,-3.07051253318787,-0.45388749241829,-0.00329999998212,14.6601123809814,11.7577629089355,10.205249786377,7.22505044937134,1.28700006008148,0.29100000858307,0.39195001125336,2.76705002784729,2.84400010108948,-0.03195000067353,5.86605024337769,11.1139507293701,6.99572515487671,5.85296249389648,4.0225625038147,-1.69716250896454,-6.40736246109009,-12.035924911499,8.34102535247803,6.98444986343384,6.28485012054443,0.90405005216599,1.44000005722046,0.78900003433228,2.03895020484924,1.732950091362,1.31205010414124,15.2130002975464,15.2130002975464,10.3099508285522,SWING_RIGHT
0.20322500169277,0.68681252002716,0.92895001173019,-0.15331250429153,-0.16981250047684,-0.00646249996498,0.00068749999627,0.29177498817444,0.39572501182556,1.86195003986359,1.63200008869171,1.90005004405975,2.6140501499176,3.03495025634766,1.81005012989044,10.5780000686646,8.28000068664551,8.28000068664551,1.14785003662109,1.28865003585815,1.31284999847412,-0.00192499998957,0.00577499996871,0.53391247987747,0.50916248559952,0.65807497501373,1.05572497844696,2.206050157547,1.63200008869171,1.51695013046265,2.99700021743774,3.57195019721985,2.26905012130737,10.3099508285522,10.3099508285522,10.0800008773804,1.25482499599457,1.16242504119873,1.03647494316101,0.72874999046326,0.90447497367859,1.04472494125366,1.27022504806519,1.48981249332428,1.67516243457794,1.74705004692078,1.44000005722046,0.02295000106096,3.11205005645752,4.06995010375977,3.45705008506775,10.0800008773804,8.8540506362915,8.54805088043213,0.86900001764297,0.8622624874115,0.87958747148514,1.09449994564056,1.04101252555847,0.98711252212524,1.7881875038147,1.69344997406006,1.49888753890991,0.32895001769066,0.94200003147125,0.36795002222061,4.06995010375977,3.80205011367798,3.84000015258789,8.4330005645752,8.4330005645752,8.47095012664795,0.89911252260208,0.94929999113083,0.92702502012253,0.93431252241135,0.82829999923706,0.82087498903275,1.22265005111694,0.47341248393059,0.00398749997839,-1.66200006008148,3.08700013160706,59.5140037536621,4.83600044250488,-3.51405024528503,-33.6619529724121,11.3059501647949,10.195050239563,8.47095012664795,0.81977498531342,0.64913749694824,-2.90578746795654,0.81331247091293,0.77439999580383,0.1876875013113,-0.25148749351501,-0.50036251544952,-0.46488749980927,56.2579536437988,10.7110500335693,-47.745002746582,-57.1819534301758,-75.3019561767578,-0.37305000424385,5.17695045471191,-23.2459506988525,-27.5370006561279,-6.55462503433228,-9.60134983062744,-11.8562126159668,-0.40507498383522,-1.75656247138977,-10.256537437439,0.18823750317097,1.59224998950958,4.68984985351563,-62.1100540161133,-39.5089530944824,-25.8330020904541,17.5159511566162,13.6080007553101,7.24905014038086,-11.1409502029419,-22.4800510406494,-22.4800510406494,-14.7764377593994,-14.3148498535156,-10.4406499862671,-11.1247119903564,-9.17757511138916,-6.90084981918335,8.50231266021729,11.2279748916626,14.9543628692627,-1.73805010318756,8.22105026245117,11.5150508880615,-1.94295012950897,-4.35705041885376,-4.16505002975464,-12.1750507354736,-0.18495000898838,7.05405044555664,-5.55183744430542,0.25080001354218,2.57179999351501,-6.02085018157959,-3.21172499656677,6.27261257171631,17.2191257476807,16.5207614898682,13.687162399292,9.02505016326904,5.23305034637451,2.43600010871887,-2.47995018959045,-2.40300011634827,-0.87105005979538,9.58200073242188,13.6039505004883,12.8380508422852,4.05762481689453,6.86565017700195,12.781587600708,5.60559988021851,3.00093746185303,-9.03031253814697,11.9586496353149,9.22019958496094,-4.52443742752075,-0.24405001103878,-2.35095000267029,-3.1560001373291,0.88995003700256,2.03895020484924,2.15400004386902,12.8380508422852,13.068000793457,11.9569501876831,SWING_RIGHT
0.14808750152588,0.00233749998733,-0.00137499999255,-0.00233749998733,-0.00082499999553,-0.00178749999031,-0.43601250648499,-0.27871251106262,-0.17159999907017,1.70805013179779,1.90005004405975,1.51695013046265,1.42695009708405,1.35000002384186,1.81005012989044,10.5010509490967,10.5010509490967,9.73500061035156,-0.00522499997169,-0.16128750145435,-0.15344999730587,-0.0042624999769,-0.00659999996424,-0.16623750329018,-0.00357499998063,0.00013749999925,0.00439999997616,1.44000005722046,1.70805013179779,1.01895010471344,1.84800004959106,1.732950091362,2.19300007820129,9.61995029449463,9.5440502166748,10.3099508285522,-0.00481249997392,-0.00068749999627,0.00494999997318,-0.17215000092983,-0.15468749403954,-0.00508749997243,0.00508749997243,0.00522499997169,0.00522499997169,0.6360000371933,0.483000010252,0.02295000106096,2.38394999504089,2.34600019454956,2.76705002784729,10.3480501174927,10.3870506286621,10.3870506286621,0.35420000553131,0.45168748497963,0.53624999523163,0.0054999999702,0.25712499022484,0.46708750724792,0.00618749996647,0.14891250431538,0.15936249494553,-7.10100030899048,-10.663950920105,-8.13600063323975,5.64000034332275,5.02695035934448,1.08195006847382,10.2720003128052,10.3480501174927,10.3480501174927,0.63153749704361,0.76917499303818,0.6678375005722,0.81702500581741,1.69592499732971,2.08697509765625,0.00577499996871,-0.00371249997988,-0.17366249859333,3.70005011558533,54.4960517883301,42.3910522460938,-4.70205020904541,-20.6760005950928,-47.566951751709,12.9529504776001,0.3120000064373,-27.9960021972656,0.00109999999404,-1.67543745040894,-5.63901233673096,1.91111254692078,0.85772502422333,-3.84463739395142,-0.14203749597073,0.00687499996275,2.7644374370575,-9.55305004119873,-34.298999786377,-49.6609535217285,-64.9210510253906,-2.21205019950867,22.840051651001,-46.6900520324707,-46.6900520324707,30.6889514923096,-6.54857492446899,-7.09568738937378,-7.6560001373291,-6.42262506484985,-8.81182479858398,-13.0365123748779,4.62604999542236,6.75124979019165,9.42039966583252,-23.9560508728027,-16.1800498962402,-0.05295000225306,5.9850001335144,0.08595000207424,-4.05000019073486,-1.2960000038147,-4.39905023574829,-7.96200037002563,-11.1443748474121,-9.90728759765625,-8.67570018768311,-22.0706748962402,-21.0517997741699,-18.9271507263184,16.2111129760742,17.9300003051758,18.0116748809814,5.19405031204224,5.80695009231567,7.56900024414063,3.57195019721985,1.84800004959106,-1.98195004463196,0.8479500412941,14.4469509124756,14.4469509124756,-12.9328374862671,-19.3279628753662,-18.7798881530762,-15.9629249572754,-11.5818996429443,-9.96545028686523,16.9588375091553,12.9643249511719,10.368462562561,9.06300067901611,3.50895023345947,-0.01395000051707,-4.35705041885376,0.35400000214577,3.53295016288757,11.9569501876831,5.25300025939941,9.96495056152344,-19.9978618621826,-21.0200366973877,-16.8602504730225,-14.3466119766235,-14.443962097168,-13.1520128250122,0.56031250953674,-4.77661228179932,-5.87564992904663,-0.62700003385544,0.29100000858307,1.32495009899139,3.53295016288757,2.00100016593933,0.81405001878738,13.2979507446289,13.2979507446289,8.28000068664551,SWING_RIGHT
-0.21587499976158,-0.14272500574589,-0.0027499999851,-0.44962498545647,-0.38362500071526,-0.3060750067234,0.21133749186993,0.26399999856949,0.32298749685287,3.16395020484924,2.85795021057129,2.39805006980896,1.54095005989075,1.84800004959106,2.42295002937317,8.89305019378662,9.77400016784668,9.81195068359375,0.00494999997318,0.19538749754429,0.32793748378754,-0.16527499258518,-0.00192499998957,0.15565000474453,0.47203749418259,0.52676248550415,0.54051250219345,0.82695001363754,0.52095001935959,0.40605002641678,3.11205005645752,3.37995004653931,3.30405020713806,9.81195068359375,8.70105075836182,8.73900032043457,0.47767499089241,0.78292500972748,0.94008749723434,0.40136250853539,0.93554997444153,1.21261250972748,0.48413750529289,0.16458749771118,-0.00261249998584,0.36795002222061,-0.43605002760887,0.25304999947548,3.18900012969971,3.22695016860962,2.49900007247925,8.73900032043457,7.70505046844482,7.47495031356812,1.08432495594025,1.17878746986389,1.05599999427795,1.46286249160767,1.63185000419617,1.65055000782013,-0.2578125,-0.41222500801086,-0.46090000867844,0.98100006580353,2.66595005989075,4.42799997329712,0.58395004272461,-1.13895010948181,-1.44495010375977,7.47495031356812,8.93100070953369,9.77400016784668,0.72146248817444,0.16981250047684,-0.49238750338554,1.47839999198914,1.12626254558563,0.56182497739792,-0.27610000967979,0.00371249997988,0.52992498874664,4.69605016708374,4.54305028915405,13.3150510787964,-1.13895010948181,-1.36905002593994,-8.53200054168701,10.9990501403809,11.5360507965088,11.9950504302979,-1.82187497615814,-2.38809990882874,-3.28968739509583,-0.72393751144409,-1.34653747081757,-1.94947493076324,1.50864994525909,1.95456254482269,2.51900005340576,25.7269515991211,-34.6440010070801,-43.9909515380859,-74.5360565185547,-39.8290519714355,4.56795024871826,-12.1750507354736,-41.6719512939453,-41.6719512939453,-4.33152484893799,-6.07571268081665,-6.02909994125366,-2.46853756904602,-1.04719996452332,7.37646245956421,3.2153000831604,4.33661270141602,1.96487498283386,-56.7090034484863,-27.3660011291504,-3.96000027656555,17.7070503234863,6.75105047225952,-1.75200009346008,7.12995052337646,-20.6410503387451,-20.6410503387451,-4.41031265258789,-4.18508768081665,-0.67484998703003,14.6550245285034,17.2192630767822,20.1364631652832,2.03664994239807,3.73834991455078,6.05976247787476,-2.31300020217896,-3.80700016021729,4.23705005645752,0.58395004272461,3.99300026893616,0.50700002908707,-19.6840515136719,-8.11500072479248,11.6509504318237,6.06223726272583,11.440824508667,14.1968746185303,21.3148365020752,21.1887493133545,17.5964241027832,8.8412504196167,11.0229625701904,12.1090745925903,6.38205051422119,5.11800003051758,1.51695013046265,-0.90900003910065,0.04800000041723,2.53695011138916,11.4210004806519,11.4210004806519,12.4170007705688,14.4684371948242,18.8808116912842,15.1387500762939,2.08862495422363,-10.2143249511719,-14.9712753295898,15.0598249435425,17.7924995422363,16.6746253967285,0.67395001649857,0.17595000565052,-0.28305000066757,3.07395005226135,3.34200024604797,3.53295016288757,13.1830501556396,12.1489505767822,11.2680006027222,SWING_RIGHT
-0.37523749470711,-0.43518748879433,-0.49706250429153,-0.3121249973774,-0.35557499527931,-0.4115374982357,0.15482500195503,0.25891250371933,0.33742499351501,3.50895023345947,3.35595011711121,3.31695008277893,0.81405001878738,0.66000002622604,0.69900006055832,9.12195014953613,9.12195014953613,9.46695041656494,-0.54546248912811,-0.50875002145767,-0.42652499675751,-0.46887499094009,-0.54449999332428,-0.5515124797821,0.38046249747276,0.32367500662804,0.22962500154972,3.58500027656555,2.81895017623901,3.39405012130737,0.77505004405975,0.96705007553101,0.77505004405975,9.46695041656494,9.08400058746338,9.12195014953613,-0.33302500844002,-0.23485000431538,-0.00247499998659,-0.53418749570847,-0.48688748478889,-0.34773749113083,0.00508749997243,-0.00192499998957,-0.24639999866486,3.70005011558533,3.43200016021729,3.12600016593933,0.66000002622604,0.81405001878738,0.69900006055832,9.12195014953613,8.70105075836182,9.12195014953613,0.00027499999851,0.00096249999478,0.00054999999702,-0.27376249432564,-0.20116250216961,-0.00687499996275,-0.29562500119209,-0.30648750066757,-0.28063750267029,3.31695008277893,3.20205020904541,1.97700011730194,0.62205004692078,0.54495000839233,1.38795006275177,9.46695041656494,9.39105033874512,9.5440502166748,-0.00027499999851,-0.00041249999776,-0.00027499999851,-0.00109999999404,0.00192499998957,0.00673749996349,-0.16775000095367,-0.00563749996945,-0.00384999997914,0.86595004796982,3.01095008850098,21.973051071167,1.77105009555817,-9.33705043792725,-7.00005054473877,9.69705009460449,9.69705009460449,11.5740003585815,0.00027499999851,-0.27073749899864,-1.0781375169754,0.24213749170303,0.36410000920296,0.0054999999702,-0.00233749998733,0.00508749997243,0.45622500777245,32.5459518432617,6.42000007629395,-9.63000011444092,-18.5689506530762,-28.9879512786865,-4.74000024795532,11.5740003585815,-8.95800018310547,-8.95800018310547,-2.16809988021851,-3.20003747940063,-5.06178760528564,-0.25423750281334,-0.66481250524521,0.60376250743866,0.9257875084877,1.39645004272461,1.33952498435974,-13.8430509567261,-14.2650003433228,-7.59900045394897,8.20695018768311,8.0149507522583,3.8779501914978,21.4960517883301,21.4960517883301,7.12995052337646,-5.36442518234253,-4.73591232299805,-2.8802125453949,2.34575009346008,4.20213747024536,5.88981246948242,0.58464998006821,0.00329999998212,0.23003749549389,-7.3690505027771,-8.09700012207031,-5.79900026321411,5.06595039367676,6.2920503616333,5.52495002746582,6.13395023345947,6.13395023345947,6.17295026779175,0.15331250429153,-4.1574501991272,-4.71789979934692,8.97366237640381,11.7070245742798,12.0503625869751,3.9368999004364,11.0452375411987,13.4909496307373,-0.43605002760887,1.44000005722046,2.09100008010864,2.84400010108948,2.07795000076294,2.11605000495911,7.70505046844482,8.54805088043213,9.00705051422119,-4.3975248336792,-6.03088760375977,-7.92343759536743,10.5809001922607,6.0361123085022,3.81548738479614,14.8796997070313,16.5807132720947,16.2123508453369,2.32095003128052,3.96900010108948,3.8539502620697,2.19300007820129,0.43095001578331,0.46905001997948,10.5010509490967,11.3830509185791,11.9950504302979,SWING_RIGHT
-0.00219999998808,-0.00068749999627,0.00068749999627,0.0,0.00522499997169,0.18782499432564,-0.00673749996349,-0.18369999527931,-0.24337500333786,3.89205026626587,3.62400007247925,3.16395020484924,1.61805009841919,1.84800004959106,2.23095011711121,8.31795024871826,8.31795024871826,8.35605049133301,0.00316249998286,0.00494999997318,0.16114999353886,0.23952500522137,0.20514999330044,0.16857500374317,-0.36602500081062,-0.41566249728203,-0.42652499675751,2.93400025367737,2.89605021476746,2.13000011444092,2.23095011711121,2.03895020484924,2.26905012130737,8.93100070953369,9.50505065917969,9.58200073242188,0.23856249451637,0.40768748521805,0.47492501139641,0.14011250436306,0.20363749563694,0.3466374874115,-0.39091250300407,-0.21064999699593,-0.00453749997541,1.40205001831055,1.17195010185242,0.71205002069473,2.49900007247925,1.92495012283325,1.732950091362,9.88905048370361,10.4629507064819,10.5780000686646,0.51204997301102,0.51906251907349,0.4463250041008,0.59331250190735,0.89333748817444,1.5078250169754,0.0027499999851,0.22563749551773,0.59950000047684,-1.00995004177094,-2.81100010871887,-2.27505016326904,2.46105003356934,3.11205005645752,2.00100016593933,11.2290000915527,11.7660007476807,9.69705009460449,0.35034999251366,0.22838750481606,0.00522499997169,1.90973746776581,2.34066247940063,2.67616248130798,0.77948749065399,1.04610002040863,1.37582504749298,-0.74205005168915,14.5410003662109,53.3080520629883,1.54095005989075,-8.22600078582764,-28.4899520874023,9.12195014953613,8.39505004882813,7.39905023574829,-0.16967499256134,-1.21838748455048,-3.52783751487732,2.8804874420166,1.90561246871948,0.00123749999329,2.09852504730225,2.63229990005493,3.78317499160767,12.0510005950928,-1.16400003433228,-33.3030014038086,-70.2070541381836,-37.1479530334473,-3.74400019645691,-37.5349502563477,-32.1340522766113,22.4149513244629,-5.3040623664856,-6.12631225585938,-6.14968729019165,-3.06666254997253,-8.98906230926514,-10.8600254058838,5.70996236801147,7.88521242141724,8.50753784179688,-46.6339530944824,-17.2140007019043,-6.60300016403198,9.66300010681152,-0.90900003910065,-2.05800008773804,22.4149513244629,1.99695014953613,1.99695014953613,-5.90521240234375,-5.42382478713989,-2.26049995422363,-13.5320625305176,-22.8373756408691,-28.022087097168,9.44198703765869,11.3385248184204,14.9613752365112,-2.46600008010864,-3.80700016021729,3.93000030517578,2.49900007247925,7.78605031967163,1.42695009708405,3.95100021362305,12.2640008926392,12.4930505752563,-2.40240001678467,-6.17044973373413,-7.85097503662109,-26.6689491271973,-25.7852382659912,-25.3413867950439,16.573974609375,19.9021625518799,21.4506874084473,6.42000007629395,6.34395027160645,4.04505014419556,-0.75600004196167,-0.64095002412796,0.66000002622604,4.94700002670288,4.33395004272461,4.33395004272461,-8.76535034179688,-8.30142498016357,-8.19719982147217,-22.2197246551514,-12.1939125061035,-10.203462600708,20.6445255279541,18.3904876708984,15.8241872787476,4.12200021743774,4.65795040130615,3.96900010108948,-0.10500000417233,-0.67905002832413,-0.29595002532005,9.8500509262085,9.8500509262085,8.93100070953369,SWING_RIGHT
0.00343749998137,0.00068749999627,-0.0015124999918,-0.34911251068115,-0.54834997653961,-0.68694996833801,-0.00109999999404,-0.00288749998435,-0.00384999997914,1.86195003986359,2.81895017623901,3.54705023765564,1.04295003414154,0.46905001997948,0.35400000214577,9.81195068359375,9.81195068359375,9.81195068359375,-0.00384999997914,-0.1885125041008,-0.23801249265671,-0.77701246738434,-0.92771250009537,-1.05792498588562,-0.00316249998286,0.0042624999769,0.21766249835491,3.77700018882751,3.04905009269714,2.28299999237061,0.43095001578331,1.35000002384186,1.92495012283325,10.0420503616333,9.50505065917969,9.12195014953613,-0.26716250181198,-0.2579500079155,-0.00123749999329,-1.17603754997253,-1.25262498855591,-1.2175624370575,0.37276250123978,0.53734999895096,0.77385002374649,1.86195003986359,1.90005004405975,1.8229501247406,2.19300007820129,2.34600019454956,2.19300007820129,8.35605049133301,8.35605049133301,9.88905048370361,0.18631249666214,0.41414999961853,0.63208746910095,-1.07249999046326,-0.81551247835159,-0.44385001063347,0.8068500161171,0.80162501335144,0.74731248617172,2.09100008010864,1.24905002117157,-1.43205010890961,2.30805015563965,2.53695011138916,4.2610502243042,10.3099508285522,10.3099508285522,10.5400505065918,0.99068748950958,1.06754994392395,1.04995000362396,0.3272500038147,0.66687500476837,0.93032497167587,0.55000001192093,0.46860000491142,0.50283747911453,4.58100032806396,44.7270011901855,52.3120536804199,-1.44495010375977,-23.8939514160156,-39.7140007019043,10.8460502624512,10.8460502624512,5.94300031661987,0.96249997615814,-1.19459998607636,-3.15974998474121,1.10522496700287,0.72517502307892,-0.36465001106262,0.61352497339249,2.08202505111694,4.58535003662109,4.65795040130615,-45.3700523376465,-29.5110015869141,-70.5900039672852,21.6910514831543,20.3500518798828,-32.5930519104004,12.3780002593994,12.3780002593994,-4.61202478408813,-5.70377492904663,-9.07334995269775,-2.39937496185303,-5.0168251991272,-13.9559745788574,7.92618751525879,11.4212999343872,19.1972007751465,-10.9320001602173,-2.0830500125885,1.63200008869171,9.04995059967041,-0.02805000171065,-0.90900003910065,6.44100046157837,5.67495012283325,4.44900035858154,-11.0501871109009,-11.5858879089355,-10.3530626296997,-16.855712890625,-18.1499996185303,-18.1245632171631,22.2938365936279,24.4795379638672,25.1946754455566,-2.50395011901855,-3.57705020904541,-2.42805004119873,1.84800004959106,2.76705002784729,1.88595008850098,5.713050365448,9.31395053863525,14.5999507904053,-8.79065036773682,-9.34656238555908,-8.71241283416748,-15.2956371307373,-13.5634126663208,-10.210337638855,22.3866500854492,20.6076755523682,17.59326171875,0.06105000153184,0.44400003552437,0.36795002222061,0.58395004272461,0.39195001125336,0.50700002908707,14.1019506454468,13.068000793457,10.8460502624512,-7.10971260070801,-4.96897506713867,-4.92937517166138,-7.15880012512207,-5.28824996948242,-5.29306268692017,14.5785751342773,9.48516273498535,7.19936227798462,0.40605002641678,1.70805013179779,1.8229501247406,0.35400000214577,-0.14295001327991,0.20100000500679,10.5400505065918,8.93100070953369,8.08800029754639,SWING_RIGHT
0.39091250300407,0.38362500071526,0.36808750033379,-0.0015124999918,-0.00618749996647,-0.21546250581741,0.43161249160767,0.32766249775887,0.21670000255108,1.93800008296967,1.90005004405975,1.40205001831055,1.88595008850098,2.03895020484924,2.76705002784729,8.62395000457764,8.778000831604,9.19905090332031,0.3573625087738,0.34127500653267,0.36739999055862,-0.33467498421669,-0.55825001001358,-0.65243750810623,0.00632499996573,0.00082499999553,0.00041249999776,0.94200003147125,0.71205002069473,1.05705010890961,3.15000009536743,3.30405020713806,3.11205005645752,9.19905090332031,8.4330005645752,9.04605007171631,0.41813749074936,0.47313749790192,0.57777500152588,-0.71472501754761,-0.74250000715256,-0.59551250934601,0.00109999999404,0.00302499998361,0.14849999547005,1.21005010604858,1.40205001831055,1.05705010890961,2.99700021743774,2.95905017852783,3.34200024604797,9.77400016784668,10.0030508041382,9.88905048370361,0.60390001535416,0.59729999303818,0.54092502593994,-0.43532499670982,-0.259187489748,-0.00467499997467,0.18232500553131,0.2065249979496,0.23801249265671,0.86595004796982,0.17595000565052,-1.27905011177063,3.37995004653931,3.80205011367798,4.60605001449585,9.77400016784668,9.77400016784668,9.77400016784668,0.35227498412132,0.27981248497963,0.23512500524521,0.1727000027895,0.30016249418259,0.40479999780655,0.30373749136925,0.30731248855591,0.31611248850822,-2.1979501247406,6.57300043106079,46.6810531616211,4.83600044250488,0.20100000500679,-20.3689517974854,11.7270002365112,11.7270002365112,9.04605007171631,0.21188749372959,-0.15743750333786,-1.63542497158051,0.50050002336502,0.25299999117851,-0.45911249518394,0.32353749871254,0.63964998722076,1.4803249835968,44.1910514831543,-8.05905055999756,-30.3150005340576,-40.7869529724121,-42.5110511779785,-7.69005060195923,-5.35695028305054,-34.7380523681641,-22.2889518737793,-3.58902502059937,-4.32877492904663,-1.95827496051788,-2.0132749080658,-5.69401264190674,-21.3772621154785,3.72088742256165,7.5829873085022,15.5526247024536,-38.1300010681152,-25.756950378418,-20.7769508361816,4.49100017547607,2.72895002365112,9.96900081634522,23.4109516143799,13.7190008163452,5.2150502204895,-2.40377497673035,-3.72748756408691,-5.91016244888306,-25.0541496276855,-28.3218364715576,-31.5485496520996,17.7658252716064,20.2900505065918,22.9274368286133,-11.6220006942749,-3.6540002822876,1.59300005435944,6.67500019073486,2.92095017433167,0.12405000627041,5.2150502204895,7.89705038070679,8.54805088043213,-6.92683744430542,-7.69656229019165,-9.76786231994629,-30.9337863922119,-26.5476741790771,-17.7666492462158,23.0169506072998,19.919075012207,15.9567375183105,7.83795022964478,8.02905082702637,4.92600011825562,-3.3229501247406,-2.67105007171631,-0.7180500626564,7.51305055618286,4.18095016479492,4.18095016479492,-10.1843500137329,-9.27904987335205,-6.70917510986328,-13.34987449646,-10.3584251403809,-9.83372497558594,13.8626127243042,10.6859502792358,10.4246997833252,2.81895017623901,0.09900000691414,-0.58905005455017,-0.29595002532005,1.04295003414154,0.73695003986359,8.47095012664795,13.8720006942749,13.8720006942749,SWING_RIGHT
0.00027499999851,-0.00288749998435,-0.00508749997243,0.88220000267029,1.03138744831085,1.1085250377655,3.39913749694824,3.74673748016357,4.08017492294312,-0.550950050354,-0.78105002641678,-0.89505004882813,1.46505010128021,1.84800004959106,2.38394999504089,10.5780000686646,10.5010509490967,9.69705009460449,-0.00646249996498,-0.00481249997392,0.0,1.08707499504089,1.02121245861053,0.92331248521805,4.34829998016357,4.31694984436035,4.11262512207031,-0.62700003385544,-0.28305000066757,-0.550950050354,2.46105003356934,2.34600019454956,2.84400010108948,9.96495056152344,9.77400016784668,9.77400016784668,0.00659999996424,0.43395000696182,0.58616250753403,0.78966248035431,0.53583747148514,0.43532499670982,3.72487497329712,2.46056246757507,1.81953752040863,-0.89505004882813,-2.65800023078919,-5.2630500793457,3.11205005645752,4.41495037078857,5.67900037765503,9.69705009460449,8.73900032043457,8.62395000457764,0.74566251039505,0.88109999895096,1.09793746471405,0.340725004673,0.28737500309944,0.71857500076294,1.20807504653931,0.67058748006821,0.00192499998957,-8.55705070495605,-9.0930004119873,0.75105005502701,6.7900505065918,5.60205030441284,-1.36905002593994,9.77400016784668,10.1179504394531,14.4090003967285,1.11416244506836,0.96112501621246,0.4974749982357,1.17947494983673,1.79299998283386,2.46784996986389,0.00357499998063,0.54793751239777,1.51992499828339,3.31695008277893,10.7110500335693,37.794002532959,3.34200024604797,1.46505010128021,-12.1720504760742,14.4090003967285,12.6469507217407,4.94700002670288,-1.20449995994568,-2.10828757286072,-3.84010004997253,3.03806257247925,1.92458748817444,-0.69410002231598,4.27556228637695,5.18292474746704,5.67173767089844,32.3160018920898,-2.46600008010864,-26.3310012817383,-65.3800506591797,-55.7269515991211,-27.2650508880615,-47.6860504150391,-47.6860504150391,-31.3290023803711,-7.51602506637573,-11.4081001281738,-12.6150751113892,-4.80480003356934,-10.8059873580933,-10.9883127212524,6.44517517089844,7.31857490539551,8.09654998779297,-50.3500518798828,-24.8760013580322,-17.1760501861572,-3.51405024528503,-1.56000006198883,1.19700002670288,15.2520008087158,10.3480501174927,1.38405001163483,-13.4679870605469,-13.2182874679565,-9.92887496948242,-8.65397453308105,-7.22493743896484,-5.49711227416992,10.2027750015259,11.7636747360229,13.5724878311157,-14.6089506149292,-9.0169506072998,1.90005004405975,4.52895021438599,5.10405015945435,0.81405001878738,1.38405001163483,12.6079502105713,9.77400016784668,-6.98169994354248,-5.68782520294189,-4.28697490692139,-4.1695499420166,-4.1900372505188,-5.26721239089966,14.0527753829956,14.9555997848511,14.8053121566772,5.61600017547607,7.14795017242432,6.68805027008057,-0.83295005559921,-1.06200003623962,0.00900000054389,7.74300050735474,4.25699996948242,3.10800004005432,-1.65880000591278,-1.78062498569489,-2.22873759269714,-12.0166749954224,-13.6566371917725,-14.0331125259399,9.90261268615723,8.7429370880127,8.83203792572021,3.47100019454956,2.89605021476746,2.28299999237061,2.6140501499176,2.53695011138916,2.23095011711121,6.74700021743774,10.3870506286621,10.3870506286621,SWING_RIGHT
0.32243749499321,0.22343750298023,0.14492499828339,0.7067499756813,0.76147496700287,0.81716251373291,1.01254999637604,1.21247494220734,1.44897496700287,0.94200003147125,0.98100006580353,1.28700006008148,2.53695011138916,2.57595014572144,2.34600019454956,9.92700004577637,9.19905090332031,8.93100070953369,0.00453749997541,0.0042624999769,0.00604999996722,0.86487501859665,0.91643750667572,0.90901249647141,1.69482493400574,2.08422493934631,2.29239988327026,1.59300005435944,2.58900022506714,2.62800002098084,2.11605000495911,1.46505010128021,1.46505010128021,8.73900032043457,9.19905090332031,9.35205078125,0.16582499444485,0.20446249842644,0.25602498650551,0.87848746776581,0.80836248397827,0.57832497358322,2.57991242408752,2.94497489929199,3.6374249458313,2.28299999237061,1.8229501247406,1.51695013046265,1.88595008850098,2.03895020484924,1.00499999523163,9.35205078125,10.195050239563,10.0420503616333,0.27678748965263,0.29741248488426,0.30538749694824,0.47533750534058,0.41813749074936,0.40631249547005,3.94391250610352,4.29921245574951,4.62055015563965,0.94200003147125,1.63200008869171,2.89605021476746,0.77505004405975,0.39195001125336,0.20100000500679,9.08400058746338,9.08400058746338,8.73900032043457,0.28558748960495,0.26510000228882,0.23677499592304,0.50297498703003,0.59138751029968,0.60898751020432,5.02342510223389,5.16023731231689,5.35920000076294,30.400951385498,52.5040512084961,43.7310028076172,-13.3210506439209,-26.6899509429932,-44.1580505371094,5.59800004959106,-19.0710010528564,-33.8959503173828,-0.00439999997616,-3.29037499427795,-5.65180015563965,-0.00343749998137,-4.58686256408691,-6.69666242599487,5.49477481842041,6.31963729858398,6.80652475357056,20.0959510803223,-34.6060523986816,-46.327953338623,-73.0420532226563,-29.1420021057129,-6.73200035095215,-55.3860015869141,-31.5970516204834,4.37205028533936,-8.12638759613037,-10.7644624710083,-12.0870752334595,-6.62131261825562,-4.70841264724731,-4.62426233291626,7.09912490844727,8.13395023345947,9.36649990081787,-42.037052154541,-34.5289497375488,-11.7360010147095,0.35400000214577,1.96305012702942,0.46905001997948,7.70505046844482,7.70505046844482,16.9369506835938,-11.4386253356934,-10.0517997741699,-8.2722749710083,-4.71721267700195,-4.5222373008728,-4.7189998626709,9.52008724212646,9.54084968566894,9.63173770904541,-4.53495025634766,1.86195003986359,6.72705030441284,-0.90900003910065,-1.17705011367798,0.12405000627041,16.9369506835938,11.2680006027222,7.74300050735474,-4.4215874671936,-2.38892507553101,-1.86188745498657,-9.4113245010376,-12.3987874984741,-13.4781627655029,10.6184377670288,9.6102876663208,8.63224983215332,12.5490007400513,13.4299507141113,11.7829504013062,0.3160500228405,0.50700002908707,1.69500005245209,-0.26205000281334,-0.26205000281334,0.00495000043884,-2.0376124382019,-1.78942501544952,0.62356251478195,-14.1747369766235,-17.2940616607666,-17.8858623504639,8.08788776397705,11.8672122955322,12.1855249404907,5.5770001411438,1.40205001831055,1.05705010890961,3.8779501914978,5.06595039367676,4.68300008773804,5.02395009994507,12.5320501327515,12.5320501327515,SWING_RIGHT
0.00384999997914,0.00123749999329,-0.00178749999031,1.36496245861053,1.21852505207062,0.75267499685287,0.66054999828339,1.11911249160767,2.16424989700317,2.66595005989075,3.35595011711121,2.13000011444092,1.46505010128021,1.42695009708405,2.53695011138916,10.1179504394531,9.08400058746338,10.2330007553101,-0.00206249998882,-0.00123749999329,0.00247499998659,0.50242501497269,0.29741248488426,0.00659999996424,2.73033738136292,3.34317493438721,3.87887501716614,1.90005004405975,1.90005004405975,1.44000005722046,2.72895002365112,2.69100022315979,3.18900012969971,10.2330007553101,10.0420503616333,9.8500509262085,0.44178751111031,0.6903874874115,0.95864999294281,0.00288749998435,0.1907124966383,0.41648748517036,4.32423734664917,4.30182504653931,4.22991228103638,0.21405000984669,-0.05295000225306,-1.00995004177094,3.15000009536743,3.30405020713806,3.53295016288757,9.8500509262085,9.42900085449219,9.42900085449219,1.21838748455048,1.57396245002747,1.58702504634857,0.72751247882843,1.46423745155334,1.81183743476868,4.06876230239868,3.61872506141663,3.57500004768372,-0.97200006246567,4.08300018310547,3.7390501499176,3.18900012969971,1.50300002098084,3.15000009536743,8.778000831604,8.31795024871826,8.16495037078857,1.53999996185303,1.45873749256134,1.29524993896484,2.16328740119934,2.4059751033783,2.49644994735718,3.83583736419678,4.35751247406006,6.61663722991943,4.00695037841797,10.9399509429932,54.9550514221191,3.34200024604797,-1.36905002593994,-42.1279525756836,8.16495037078857,8.16495037078857,-1.25805008411407,1.47468745708466,1.51483750343323,0.36973750591278,2.6784999370575,2.06703758239746,0.00041249999776,9.13522529602051,11.9054374694824,14.3452377319336,27.1830005645752,-0.58905005455017,-39.4330520629883,-74.8420562744141,-61.4730033874512,-32.2060508728027,-57.0330009460449,-57.0330009460449,-2.32995009422302,-3.51642489433289,-4.99963760375977,-6.66943740844727,-3.34358739852905,-3.15012502670288,-1.10247504711151,16.0256252288818,15.8013620376587,15.5045003890991,-39.4710006713867,-50.8860015869141,-39.9310531616211,-8.41695022583008,9.47100067138672,7.67100048065186,12.2250003814697,3.60600018501282,-2.13900017738342,-8.27392482757568,-8.73523712158203,-7.83722496032715,3.50556254386902,6.6363000869751,7.34194993972778,14.5583620071411,12.374587059021,11.9700622558594,-21.5430011749268,10.2130508422852,13.0090503692627,3.6870002746582,-5.23800039291382,-3.28395009040833,-2.13900017738342,10.4250001907349,4.37205028533936,-6.64042472839355,-5.51223754882813,-2.37380003929138,7.83901262283325,7.55507516860962,1.20848751068115,12.2267751693726,12.5234994888306,10.9738750457764,14.0820007324219,12.2050504684448,6.15195035934448,-1.40700006484985,0.46905001997948,2.34600019454956,-0.30000001192093,-3.01995015144348,0.34995001554489,-1.76495003700256,-3.49016237258911,-0.95191252231598,-4.8570499420166,-11.4745121002197,-20.2163505554199,9.04282474517822,8.09270000457764,11.7006998062134,3.81495022773743,0.09900000691414,-0.66600000858307,3.07395005226135,4.33800029754639,4.1850004196167,7.16895055770874,10.1179504394531,12.8380508422852,SWING_RIGHT
0.73535001277924,0.67127501964569,0.53556251525879,1.60737502574921,1.63583743572235,1.50232493877411,-0.86583751440048,-0.95617496967316,-0.77302497625351,3.81495022773743,4.42799997329712,3.54705023765564,0.88995003700256,1.19700002670288,2.07795000076294,9.96495056152344,9.12195014953613,8.58600044250488,0.33948749303818,-0.00522499997169,-0.25451248884201,1.18538749217987,0.20776249468327,-0.28462499380112,-0.34471249580383,0.82816249132156,1.30955004692078,2.47500014305115,0.67395001649857,0.36795002222061,3.26505017280579,4.72095012664795,4.56795024871826,8.58600044250488,9.31395053863525,9.81195068359375,-0.28654998540878,-0.19882500171661,0.24186250567436,-0.67168748378754,-0.90213751792908,-0.73878747224808,1.59252500534058,1.62923753261566,0.89333748817444,0.78900003433228,1.09500002861023,0.13800001144409,3.8779501914978,3.8779501914978,4.72095012664795,9.81195068359375,9.08400058746338,9.5440502166748,0.55398750305176,0.87119996547699,1.11732494831085,-0.39324998855591,0.00219999998808,0.50008749961853,0.21683749556541,-0.47657498717308,-1.05668747425079,-0.09105000644922,-0.97200006246567,-2.69595003128052,4.7590503692627,5.02695035934448,6.75105047225952,9.5440502166748,9.92700004577637,9.92700004577637,1.21659994125366,1.14042496681213,1.02368748188019,1.20064997673035,1.36070001125336,1.42711246013641,-1.53834998607636,-1.45241248607636,-1.19377493858337,-3.61500024795532,38.6370010375977,55.6450538635254,5.52495002746582,-21.7099514007568,-39.8290519714355,9.31395053863525,6.93900012969971,-23.9740505218506,0.86597502231598,-1.05820000171661,-3.56138753890991,1.47798752784729,0.8846749663353,-1.43233752250671,-0.75789999961853,2.25362491607666,4.77977514266968,27.4510517120361,-43.9530029296875,-53.3380508422851,-69.1339569091797,2.72895002365112,24.3340511322021,-65.8060531616211,-29.7970504760742,23.0659503936768,-7.78621244430542,-11.2868251800537,-13.6202001571655,-5.03744983673096,-6.24552488327026,-8.054612159729,6.0174126625061,7.22562503814697,9.73183727264404,-32.1160507202148,-6.48795032501221,9.1399507522583,15.6769504547119,-2.13495016098022,-4.31895017623901,23.0659503936768,11.8420505523682,5.713050365448,-13.9770126342773,-13.8194370269775,-12.1405620574951,-9.79123783111572,-11.9634628295898,-14.2345495223999,10.8604373931885,11.2538251876831,10.689112663269,7.68405055999756,4.8880500793457,4.62000036239624,0.39195001125336,4.33800029754639,4.98900032043457,3.56805014610291,3.56805014610291,4.02795028686523,-6.11544990539551,-3.99519991874695,-3.31952500343323,-15.3040246963501,-17.0255241394043,-18.7140254974365,12.2474002838135,12.3392496109009,13.7829999923706,4.92600011825562,4.81095027923584,4.27500009536743,4.22294998168945,3.95505023002625,4.33800029754639,4.67895030975342,4.67895030975342,4.67895030975342,-2.37627506256104,0.00329999998212,0.90557497739792,-19.8759002685547,-17.3490619659424,-13.877875328064,15.2219371795654,12.6213998794556,10.0538625717163,3.43200016021729,2.32095003128052,2.7810001373291,4.68300008773804,4.72095012664795,4.1850004196167,5.63595008850098,7.01505041122437,7.59000015258789,SWING_RIGHT
-0.20129999518394,0.16445000469685,0.55811250209808,-1.26458752155304,-1.27146244049072,-1.07910001277924,4.13297510147095,3.7202000617981,2.91829991340637,1.8229501247406,1.8229501247406,1.86195003986359,3.6870002746582,3.57195019721985,3.37995004653931,8.96895027160645,8.62395000457764,8.62395000457764,1.14358747005463,1.26953744888306,1.26279997825623,-0.40136250853539,0.00123749999329,0.43230000138283,0.85772502422333,-0.00096249999478,-0.65243750810623,1.36395001411438,1.09500002861023,1.1340000629425,3.80205011367798,4.10805034637451,4.10805034637451,9.00705051422119,9.50505065917969,9.92700004577637,1.13313746452332,0.72847497463226,0.52525001764297,0.72751247882843,0.88384997844696,0.87642496824265,-0.97611248493195,-0.98917502164841,-0.83283752202988,1.24905002117157,-0.24405001103878,-1.35495007038116,3.91695022583008,4.98900032043457,5.71695041656494,10.0800008773804,9.8500509262085,9.5440502166748,0.34430000185966,0.2239875048399,0.2593249976635,0.83819997310638,0.79681247472763,0.89622497558594,-0.63951247930527,-0.49802500009537,-0.70826250314713,-3.49995017051697,-7.44600057601929,-6.48795032501221,6.59805011749268,7.21095037460327,3.99300026893616,9.35205078125,9.27600002288818,7.70505046844482,0.37881249189377,0.5489000082016,0.75625002384186,1.08350002765656,1.33402502536774,1.60888743400574,-1.07992494106293,-1.49146246910095,-1.88086247444153,-0.35895001888275,15.8440504074097,45.4549522399902,0.54495000839233,-6.80805015563965,-21.1740016937256,7.39905023574829,6.78600025177002,5.44500017166138,0.63937497138977,-1.01241254806519,-4.01761245727539,2.22722506523132,2.44639992713928,0.98285001516342,-1.96212494373322,0.98491251468658,6.05976247787476,19.4830513000488,-10.663950920105,-39.6240005493164,-67.10400390625,-37.3780517578125,-2.40300011634827,-50.253002166748,-50.253002166748,18.775951385498,-8.10466289520264,-12.8636751174927,-13.2406997680664,-2.7693874835968,-4.81662511825562,-4.86873769760132,8.11786270141602,10.2143249511719,11.9997625350952,-43.6849517822266,-26.2549514770508,-16.678050994873,9.04995059967041,7.09605026245117,6.25305032730103,31.6090507507324,19.8870010375977,9.04605007171631,-12.7452878952026,-11.3920125961304,-9.60190010070801,-5.42602491378784,-7.29437494277954,-9.55803775787354,14.2349624633789,16.1508865356445,16.1270999908447,-6.9859504699707,4.42799997329712,10.021050453186,4.7590503692627,2.38394999504089,0.77505004405975,6.28800010681152,-0.03195000067353,2.4190502166748,-6.63478755950928,-4.55482482910156,-3.56620001792908,-7.42431259155273,-7.31403732299805,-8.02793788909912,17.5206623077393,18.1555004119873,17.5700244903564,9.8299503326416,7.49295043945313,6.61200046539307,1.38795006275177,2.23095011711121,2.03895020484924,2.4190502166748,2.64795017242432,2.64795017242432,-4.31640005111694,-3.80984997749329,-0.61283749341965,-9.86617469787598,-10.5858497619629,-9.95458698272705,16.3849124908447,16.8386631011963,14.8934497833252,3.43200016021729,3.54705023765564,3.12600016593933,1.84800004959106,1.77105009555817,1.732950091362,7.51305055618286,9.77400016784668,9.77400016784668,SWING_RIGHT
0.33756250143051,0.32367500662804,0.2419999986887,0.23883749544621,0.30112498998642,0.45732501149178,0.31597501039505,0.40617498755455,0.54724997282028,1.21005010604858,0.36795002222061,-3.69195008277893,2.80605006217957,3.18900012969971,4.64400005340576,10.1569509506226,10.1569509506226,10.7700004577637,0.20542499423027,0.20088750123978,0.24612499773502,0.5820375084877,0.77673751115799,1.09147500991821,0.56374996900558,0.51163750886917,0.27362498641014,-4.76505041122437,-5.30100011825562,-5.10900020599365,4.14600038528442,3.34200024604797,2.07795000076294,10.8079509735107,11.19105052948,11.9950504302979,0.34979999065399,0.36574998497963,0.27692499756813,1.98371243476868,2.41394996643066,2.7913875579834,-0.72159999608994,-1.21329998970032,-1.54495000839233,-3.69195008277893,-1.81500005722046,2.35995006561279,-1.17705011367798,-2.47995018959045,-3.05400013923645,11.5740003585815,10.7700004577637,10.2330007553101,0.00054999999702,-1.59101247787476,-3.07587504386902,3.09471249580383,3.18064999580383,2.69403743743896,-1.67227494716644,-0.00412499997765,2.87127494812012,4.58100032806396,3.66195011138916,1.24905002117157,-2.21205019950867,1.46505010128021,3.15000009536743,9.5440502166748,10.9990501403809,10.9990501403809,-4.50408744812012,-5.30695009231567,-5.1544623374939,1.68753743171692,0.40204998850822,-2.25005006790161,6.53757476806641,9.18678760528564,12.124062538147,-1.35495007038116,1.28700006008148,46.6810531616211,4.83600044250488,3.61005020141602,-35.1180000305176,9.96495056152344,9.77400016784668,8.54805088043213,-4.3267126083374,-3.13266253471375,-2.65911245346069,-3.35500001907349,-4.1810998916626,-5.03951263427734,13.0222120285034,13.301474571228,12.2570247650146,14.0820007324219,9.9060001373291,-23.3820018768311,-67.909049987793,-63.694953918457,-31.5930023193359,-53.7769508361816,-53.7769508361816,-13.746000289917,-4.7679500579834,-6.56631231307983,-8.4708251953125,-6.2097749710083,-5.66403770446777,-3.57885003089905,7.6764874458313,6.57318735122681,6.82756233215332,-39.8160018920898,-33.8010025024414,-25.4119510650635,5.94705009460449,9.04995059967041,9.73905086517334,17.4349498748779,17.4349498748779,9.65895080566406,-9.41751289367676,-11.0724620819092,-10.83238697052,-2.05273747444153,-3.22409987449646,-4.41911268234253,7.57954978942871,9.97672462463379,11.5670499801636,-15.2610006332397,1.86195003986359,7.03305053710938,5.02695035934448,-1.21605002880096,-2.25,8.73900032043457,4.94700002670288,2.68695020675659,-9.27231216430664,-7.08097505569458,-3.77423739433289,-4.53268766403198,-4.66716241836548,-7.89442491531372,12.9494752883911,13.8249378204346,12.1350622177124,10.0980005264282,11.2849502563477,9.29295063018799,-2.36505007743835,-1.82895004749298,0.88995003700256,2.14995002746582,1.88205003738403,1.1539500951767,-3.78399991989136,-4.56885004043579,-4.23444986343384,-9.16355037689209,-10.8526000976563,-14.2870750427246,10.5824127197266,9.82478713989258,13.3394250869751,6.26700019836426,3.93000030517578,2.47500014305115,2.53695011138916,3.15000009536743,3.11205005645752,3.30000019073486,4.37205028533936,10.8460502624512,SWING_RIGHT
-0.89045000076294,-1.25372505187988,-1.24134993553162,0.97294998168945,0.60238748788834,0.38706248998642,1.64766252040863,3.06198740005493,3.62174987792969,1.78500008583069,0.71205002069473,0.55905002355576,0.66000002622604,1.57995009422302,1.69500005245209,10.5010509490967,10.2720003128052,10.2720003128052,-1.09133744239807,-0.8204625248909,-0.00604999996722,0.19483749568462,0.00316249998286,0.00233749998733,4.04621267318726,4.23843765258789,3.8564624786377,0.40605002641678,-0.51195001602173,-3.27105021476746,1.46505010128021,2.03895020484924,4.10805034637451,9.77400016784668,8.96895027160645,8.66295051574707,0.21312500536442,0.5020124912262,0.78127497434616,0.00646249996498,0.29163751006126,0.56182497739792,3.41852498054504,2.87773752212524,2.20357489585876,-4.30500030517578,-5.2630500793457,-6.10500049591064,4.56795024871826,4.64400005340576,4.49100017547607,9.31395053863525,9.31395053863525,8.39505004882813,1.35698747634888,1.60159993171692,1.77044999599457,1.42340004444122,1.93146252632141,2.49782490730286,0.5350124835968,-0.21615000069141,-0.69739997386932,-9.36105060577393,-9.5910005569458,-4.45800018310547,2.88195013999939,0.96705007553101,-2.28795003890991,9.92700004577637,12.3400506973267,12.3400506973267,1.68959999084473,-0.00632499996573,-2.12533760070801,3.14531254768372,4.62288761138916,5.08887481689453,-0.73466247320175,1.28837502002716,3.37466239929199,4.31295013427734,45.6079521179199,42.8890533447266,-4.77795028686523,-23.7790508270264,-40.8640518188477,11.5740003585815,8.58600044250488,-50.4060020446777,-4.09557485580444,-5.97492504119873,-11.5018749237061,4.51673746109009,2.32196259498596,-4.01651239395142,5.16862487792969,5.89572477340698,5.74516248703003,10.288950920105,-27.2890510559082,-37.6699523925781,-61.128002166748,-16.1940002441406,7.67100048065186,-50.4060020446777,-26.0809516906738,27.2800521850586,-13.3984127044678,-15.5464372634888,-15.5307626724243,-6.175950050354,-5.39412498474121,-4.84013748168945,5.21070003509521,4.65121269226074,4.13118743896484,-24.6460514068604,-16.8700504302979,-11.1240005493164,-0.75600004196167,-2.32695007324219,0.35400000214577,27.2800521850586,16.2480010986328,6.67095041275024,-13.0895872116089,-12.3030872344971,-12.6506872177124,-5.39742517471313,-6.11063766479492,-6.12218761444092,6.27178764343262,9.11941242218018,11.9658002853394,2.05305004119873,4.35195016860962,4.84995031356812,3.22695016860962,3.34200024604797,3.30405020713806,-3.09705018997192,-0.33900001645088,2.38005018234253,-12.0575122833252,-7.84561252593994,-7.06722497940063,-5.09299993515015,-8.31984996795654,-9.73114967346191,14.0339374542236,14.8198871612549,14.5739002227783,4.8880500793457,4.19805002212524,3.58500027656555,3.34200024604797,2.88195013999939,2.38394999504089,3.95100021362305,9.35205078125,10.3480501174927,-6.65197515487671,-6.16027498245239,-2.67822504043579,-10.6294374465942,-10.867449760437,-7.16746234893799,14.8183746337891,15.6564378738403,13.2939128875732,2.55105018615723,2.32095003128052,2.43600010871887,2.30805015563965,1.88595008850098,1.732950091362,10.6159505844116,10.8460502624512,10.0030508041382,SWING_RIGHT
0.45306250452995,0.2563000023365,-0.00068749999627,1.51469993591309,1.52831244468689,1.34901249408722,-1.2861750125885,-0.92166250944138,-0.18906250596046,3.24105024337769,2.55105018615723,2.05305004119873,0.16200000047684,1.38795006275177,1.96305012702942,9.04605007171631,8.89305019378662,8.89305019378662,-0.28654998540878,-0.7178875207901,-0.76931250095367,1.00842499732971,0.00632499996573,-0.33962500095367,0.77467501163483,2.7691125869751,3.53732490539551,2.09100008010864,1.44000005722046,0.25304999947548,1.92495012283325,2.76705002784729,3.49500012397766,10.1179504394531,10.1179504394531,10.4629507064819,-0.6737499833107,-0.43436250090599,0.3103374838829,-0.71953749656677,-0.91753751039505,-0.64817500114441,4.01032495498657,4.07233762741089,2.89643740653992,-0.97200006246567,-2.38905000686646,-7.48395013809204,4.49100017547607,5.33400011062622,7.13400030136108,10.5780000686646,10.5780000686646,8.93100070953369,0.74813747406006,1.1620124578476,1.51483750343323,-0.2579500079155,0.23773749172688,0.83682501316071,1.84538745880127,0.64735001325607,-0.63690000772476,-10.7400007247925,-12.6559505462646,-10.4340009689331,7.05795049667358,5.83200025558472,1.81005012989044,10.6159505844116,10.6159505844116,9.08400058746338,2.12107491493225,2.39483737945557,2.33502507209778,2.0211124420166,2.32938742637634,2.51294994354248,-3.26108741760254,-4.28326225280762,-4.94999980926514,42.8119506835938,45.9919509887695,23.965051651001,-21.0589504241943,-26.0770511627197,-45.6900024414063,8.35605049133301,3.10800004005432,-33.1290016174316,1.28081250190735,-8.61863708496094,-11.9311494827271,2.589674949646,1.27283751964569,-1.18318748474121,-4.31804990768433,7.36161231994629,7.63468742370605,9.37005043029785,-39.1260032653809,-30.1620006561279,-55.4590530395508,-0.25800001621246,0.58395004272461,-44.6980514526367,2.03595018386841,25.3260021209717,-14.0573120117188,-15.545337677002,-15.6998872756958,-2.53907489776611,-2.63560009002686,-2.44997501373291,8.21672534942627,9.54360008239746,13.5565376281738,-24.9139518737793,-23.8800010681152,-4.99395036697388,1.6560001373291,7.40205049514771,2.19300007820129,21.5340003967285,16.2480010986328,10.8850507736206,-12.742262840271,-10.0211372375488,-8.54644966125488,-4.61353731155396,-7.86142492294312,-6.72278738021851,13.1674127578735,10.5828247070313,13.9224252700806,1.8229501247406,5.46300029754639,6.49695014953613,0.77505004405975,0.16200000047684,0.12405000627041,6.17295026779175,1.61400008201599,1.61400008201599,-5.44609975814819,-4.83821249008179,-5.1651873588562,-5.93243741989136,-7.04137516021729,-8.44552516937256,16.8999881744385,16.7659244537354,16.0837879180908,5.27100038528442,4.39005041122437,3.04905009269714,2.19300007820129,2.72895002365112,2.42295002937317,4.2960000038147,4.2960000038147,5.02395009994507,-6.17773723602295,-1.5439875125885,-0.17049999535084,-9.78106212615967,-9.6727123260498,-10.410400390625,15.2021369934082,11.62975025177,9.89284992218018,2.51295018196106,1.70805013179779,1.78500008583069,1.92495012283325,1.92495012283325,1.54095005989075,8.20305061340332,11.4970502853394,11.6509504318237,SWING_RIGHT
0.26358750462532,0.35227498412132,0.46942499279976,0.61462497711182,0.59551250934601,0.62686252593994,-0.36437499523163,-0.34773749113083,-0.42460000514984,-2.12100005149841,-1.27905011177063,-0.28305000066757,4.52895021438599,3.22695016860962,1.88595008850098,10.1569509506226,10.1569509506226,10.6549501419067,0.6710000038147,0.69973748922348,0.62631249427795,0.77151250839233,0.85208749771118,0.91561251878738,-0.73699998855591,-0.91465002298355,-1.06493747234344,0.17595000565052,0.02295000106096,0.17595000565052,1.50300002098084,1.77105009555817,1.57995009422302,10.6159505844116,10.1569509506226,10.0030508041382,0.44233748316765,-0.23278750479221,-0.60939997434616,0.93554997444153,0.71376252174377,0.48730000853539,-1.15087497234344,-0.87422502040863,-0.50558751821518,-1.24005007743835,-4.87905025482178,-6.83295011520386,3.72495007514954,6.75105047225952,7.24905014038086,9.65895080566406,9.12195014953613,8.08800029754639,-0.82362496852875,-0.74057501554489,0.24447499215603,0.29727500677109,0.24887499213219,0.69354999065399,-0.15166249871254,-0.00054999999702,-0.53418749570847,-7.82895040512085,-9.40005016326904,7.83795022964478,7.24905014038086,5.7940502166748,-0.25800001621246,7.01505041122437,5.8279504776001,5.02395009994507,1.03592503070831,1.89103746414185,2.58211255073547,1.10948753356934,1.6275874376297,2.09178757667542,-0.9950875043869,-1.48981249332428,-1.97010004520416,17.5290012359619,25.9950008392334,44.1529502868652,-3.97395014762878,-8.6089506149292,-24.2380504608154,4.87005043029785,-2.29200005531311,-6.42900037765503,1.12392497062683,-0.16087499260902,-2.57468748092651,2.29267501831055,0.17311249673367,-4.52416229248047,1.61026251316071,7.45978736877441,11.4542999267578,21.0150012969971,11.2090501785278,-22.348051071167,-60.2089538574219,-57.412052154541,-36.7650032043457,-51.7080039978027,-51.7080039978027,-32.8230018615723,-5.5827751159668,-8.9112377166748,-9.75741291046143,-6.94017505645752,-8.40166282653809,-8.79395008087158,13.8187503814697,16.6662368774414,18.1359748840332,-46.5960006713867,-25.8330020904541,-14.3029508590698,4.10805034637451,7.97700023651123,2.80605006217957,12.2250003814697,16.7839508056641,17.5500011444092,-9.09259986877441,-7.43627500534058,-3.24486255645752,-9.34436225891113,-9.89505004882812,-7.75637483596802,17.8527240753174,14.1992120742798,10.9716749191284,-5.18595027923584,0.40605002641678,6.45795011520386,-0.90900003910065,-1.40700006484985,2.38394999504089,19.0440006256104,19.0440006256104,7.97295045852661,-2.16315007209778,-1.32288753986359,-0.53721249103546,-9.84967517852783,-11.8504371643066,-13.4334745407104,12.3804998397827,13.7560501098633,13.515700340271,8.37405014038086,8.79495048522949,8.22105026245117,1.88595008850098,1.77105009555817,2.03895020484924,-1.25805008411407,-1.25805008411407,1.69095003604889,-0.70441251993179,-1.05187499523163,-0.50545001029968,-15.657262802124,-16.4438991546631,-15.8699750900269,12.8668375015259,13.61057472229,13.7020120620728,5.96100044250488,5.19405031204224,4.08300018310547,3.26505017280579,3.45705008506775,3.34200024604797,5.10000038146973,5.3299503326416,5.75100040435791,SWING_RIGHT
-0.30992498993874,-0.33770000934601,-0.25905001163483,0.45361250638962,0.50558751821518,0.59427499771118,0.2758249938488,0.2926000058651,0.24736249446869,0.94200003147125,-0.550950050354,-3.69195008277893,4.1850004196167,5.14200019836426,5.29605007171631,9.73500061035156,10.2720003128052,10.5400505065918,-0.00536249997094,0.00604999996722,0.37152498960495,0.69354999065399,0.88054996728897,1.16820001602173,0.00412499997765,-0.18947499990463,-0.55041247606277,-6.94800043106079,-8.28900051116943,-7.86705017089844,5.06595039367676,3.53295016288757,0.69900006055832,10.6549501419067,11.7270002365112,11.7270002365112,0.8289874792099,0.94847500324249,0.81042498350143,2.03953742980957,2.5170750617981,2.95226240158081,-1.56571245193481,-2.0905499458313,-2.52009987831116,-1.43205010890961,1.90005004405975,4.62000036239624,-5.23800039291382,-5.31495046615601,-3.62895011901855,10.0420503616333,10.6930503845215,12.3400506973267,0.29851248860359,-2.08051252365112,-4.06752490997314,3.23482489585876,2.73996257781982,1.66388750076294,-2.78437495231628,-0.83146250247955,3.15094995498657,5.92200040817261,6.72705030441284,8.18205070495605,-2.09700012207031,-0.25800001621246,-0.22005000710487,13.2210006713867,11.19105052948,9.77400016784668,-5.49835014343262,-6.06127500534058,-5.52282476425171,-0.15895000100136,-2.07996249198914,-5.36992502212524,7.37646245956421,9.54249954223633,11.4553995132446,11.131950378418,21.7429504394531,25.0759506225586,-1.56000006198883,-8.64705085754395,-56.4160537719727,9.12195014953613,6.86205053329468,-32.5170021057129,-4.63113737106323,-3.75993752479553,-3.50006246566772,-6.64441251754761,-7.71883726119995,-8.8706750869751,11.9446249008179,11.8372373580933,10.1879253387451,12.3580503463745,-2.50395011901855,-36.2530517578125,-63.7330513000488,-49.4830513000488,-20.9820003509521,-44.6599502563477,-44.6599502563477,-16.3889999389648,-6.04848766326904,-7.57941246032715,-8.55140018463135,-7.73327493667603,-5.93367481231689,-4.72697496414185,5.28165006637573,5.60257482528687,6.78947496414185,-37.5169525146484,-36.3300018310547,-28.6300506591797,-0.67905002832413,6.40605020523071,6.02295017242432,24.2539520263672,24.2539520263672,13.3740005493164,-8.87796211242676,-8.55648708343506,-7.64761257171631,-4.48882484436035,-6.51227474212646,-7.62849998474121,7.93182516098022,10.1740369796753,11.3396253585815,-12.2340002059937,5.5770001411438,10.7490005493164,1.00499999523163,-1.78995013237,-1.78995013237,12.4930505752563,4.83195018768311,1.57605004310608,-5.85557508468628,-3.88533759117126,-2.17016243934631,-8.70416259765625,-10.2944869995117,-12.0250625610352,12.2611503601074,12.4044246673584,9.75301265716553,13.9279508590698,15.0390005111694,12.127950668335,-1.78995013237,-1.56000006198883,0.81405001878738,-1.52595007419586,-1.67895007133484,-3.32595014572144,-2.68688750267029,-4.53200006484985,-1.96735000610352,-12.6043500900269,-15.6278371810913,-19.7806129455566,8.42888736724854,11.2136745452881,14.4539995193481,8.52705001831055,5.0029501914978,2.206050157547,1.96305012702942,3.26505017280579,4.3759503364563,-0.14699999988079,3.14595007896423,6.32595014572144,SWING_RIGHT
0.25588750839233,0.31432500481606,0.3466374874115,0.16431249678135,0.40067499876022,0.84988749027252,1.28480005264282,0.94476246833801,0.30868750810623,0.55905002355576,0.86595004796982,3.27900004386902,3.7630500793457,2.80605006217957,1.38795006275177,11.2290000915527,11.2290000915527,7.47495031356812,0.33660000562668,0.32807499170303,0.32353749871254,1.02038753032684,1.13643753528595,1.15953743457794,0.00659999996424,0.17641249299049,0.41758748888969,3.08700013160706,3.43200016021729,3.43200016021729,1.38795006275177,1.96305012702942,2.34600019454956,7.47495031356812,8.35605049133301,8.31795024871826,0.36423748731613,0.40534999966621,0.48014998435974,0.948062479496,0.78196251392365,0.61036247014999,1.23681247234344,1.77182495594025,2.3975875377655,2.05305004119873,3.39405012130737,3.43200016021729,0.27705001831055,0.96705007553101,0.50700002908707,9.27600002288818,9.92700004577637,9.92700004577637,0.5625125169754,0.73851251602173,0.83022499084473,0.42762500047684,0.23319999873638,0.30291250348091,3.03902506828308,3.94858741760254,4.23513746261597,3.01095008850098,-1.73805010318756,-2.16000008583069,1.1580001115799,2.84400010108948,0.46905001997948,8.62395000457764,6.40305042266846,18.8910007476807,0.94586247205734,1.06507503986359,1.23626244068146,0.45663750171661,0.68131250143051,1.19363749027252,4.51288747787476,4.79572486877441,5.42918729782104,4.08300018310547,23.5050010681152,36.1470031738281,-2.32695007324219,-9.1069507598877,-42.3960037231445,18.8910007476807,16.47705078125,-4.97400045394897,1.06589996814728,0.4116750061512,-1.17727494239807,1.17218744754791,0.43752500414848,-0.56278747320175,5.84168767929077,6.14267492294312,6.31413745880127,14.0820007324219,0.71205002069473,-25.5649509429932,-50.7469520568848,-40.8250503540039,-13.4740505218506,-21.7909507751465,-21.7909507751465,-10.2220506668091,-5.82450008392334,-7.8590874671936,-9.07128715515137,-1.97175002098084,-1.63817501068115,-1.3642749786377,5.39989995956421,5.04391241073608,5.03415012359619,-33.0739517211914,-15.8740510940552,-12.1960506439209,12.3820505142212,7.05795049667358,5.21895027160645,7.85805034637451,7.12995052337646,7.85805034637451,-9.41751289367676,-9.08283710479736,-9.49836254119873,-1.57410001754761,-4.1058874130249,-6.29172515869141,5.30832481384277,8.63128757476807,12.2387371063232,-5.60700035095215,6.38205051422119,8.6419506072998,2.53695011138916,-0.90900003910065,-1.1010000705719,8.39505004882813,10.2720003128052,8.54805088043213,-8.37512493133545,-6.52863740921021,-5.5610499382019,-6.80597496032715,-7.92824983596802,-11.4791870117188,15.2041997909546,16.7369117736816,16.5816745758057,9.56100082397461,8.37405014038086,4.62000036239624,-0.83295005559921,0.12405000627041,1.38795006275177,5.79000043869019,7.20705032348633,10.8079509735107,-6.6559624671936,-7.00672483444214,-5.27188730239868,-13.2483997344971,-13.8582124710083,-12.1079750061035,16.8944873809814,17.2019367218018,15.0299873352051,2.7810001373291,1.70805013179779,0.94200003147125,2.19300007820129,2.53695011138916,2.69100022315979,11.1139507293701,11.5360507965088,11.5360507965088,SWING_RIGHT
-0.40837499499321,-0.14038750529289,0.00164999999106,0.71238750219345,0.70179998874664,0.83682501316071,2.5511748790741,3.3903374671936,3.41646242141724,0.52095001935959,0.09900000691414,0.75105005502701,2.23095011711121,2.53695011138916,2.23095011711121,11.1529502868652,9.58200073242188,9.92700004577637,0.14038750529289,0.17215000092983,0.00522499997169,1.01213753223419,1.18263745307922,1.30982494354248,3.37727499008179,3.2876250743866,3.06185007095337,2.16795015335083,1.90005004405975,1.78500008583069,1.31205010414124,2.19300007820129,2.26905012130737,9.92700004577637,9.35205078125,7.66695022583008,0.00453749997541,0.0054999999702,0.16458749771118,1.20051252841949,0.99467498064041,0.69437497854233,2.99530005455017,2.92421245574951,2.79083752632141,2.206050157547,2.01495003700256,1.09500002861023,2.46105003356934,2.57595014572144,3.11205005645752,7.66695022583008,8.24100017547607,10.8079509735107,0.3240875005722,0.42363750934601,0.51493752002716,0.00013749999925,-0.25726249814034,-0.39558750391006,2.33722496032715,2.10196256637573,1.89983749389648,1.55505001544952,2.32095003128052,1.51695013046265,2.72895002365112,2.30805015563965,3.37995004653931,9.31395053863525,8.12595081329346,8.12595081329346,0.58341246843338,0.71004998683929,0.7372750043869,-0.4147000014782,-0.00687499996275,0.00219999998808,1.71778750419617,1.40071249008179,1.33773744106293,1.01895010471344,31.818000793457,49.7070007324219,3.57195019721985,-13.0909509658813,-37.3390502929688,7.85805034637451,6.32595014572144,5.3299503326416,0.71747499704361,0.44385001063347,-3.701087474823,0.172562494874,0.00096249999478,-1.64450001716614,1.35905003547668,1.61411249637604,3.7705249786377,8.296950340271,-11.1619501113892,-47.745002746582,-60.9750022888184,-37.3780517578125,11.157000541687,-31.4059505462646,-31.4059505462646,22.1089515686035,-6.75716257095337,-9.17413711547852,-10.5315370559692,-2.27301239967346,-1.65618753433228,-1.20958745479584,4.24283742904663,5.07691240310669,6.63877487182617,-39.2410507202149,-30.3919506072998,-19.4359512329102,17.2860012054443,15.2550010681152,10.006950378418,22.1089515686035,9.50505065917969,2.80200004577637,-12.8394746780396,-15.2781753540039,-15.2102499008179,-4.1102876663208,-6.19423723220825,-6.42372512817383,10.7010746002197,12.484037399292,13.1103496551514,9.60000038146973,11.9359502792358,11.3620510101318,-2.9389500617981,-2.59500002861023,-1.63695013523102,4.83195018768311,2.76300024986267,2.76300024986267,-12.9684495925903,-8.69330024719238,-8.1907377243042,-5.82394981384277,-7.99851226806641,-9.36856269836426,13.6482496261597,13.4932870864868,12.2522125244141,10.288950920105,5.92200040817261,3.50895023345947,-0.94695001840591,0.50700002908707,1.19700002670288,5.17695045471191,8.39505004882813,10.3870506286621,-9.11322498321533,-7.78566265106201,-3.73889994621277,-11.7859497070313,-14.0951251983643,-12.6904249191284,12.627724647522,15.2790002822876,12.1907501220703,0.94200003147125,0.44400003552437,0.09900000691414,2.07795000076294,2.00100016593933,2.15400004386902,11.6509504318237,10.8460502624512,7.9350004196167,SWING_RIGHT
0.30538749694824,0.31941249966621,0.2910875082016,0.73191249370575,0.96002501249313,1.28837502002716,-0.87133747339249,-1.08886253833771,-1.24066245555878,0.29100000858307,-0.09105000644922,0.483000010252,3.49500012397766,3.7630500793457,2.49900007247925,10.9990501403809,10.8850507736206,9.42900085449219,0.24667499959469,0.19304999709129,0.14382499456406,1.35643744468689,1.36386251449585,1.32343745231628,-1.14111244678497,-0.92193746566772,-0.61613750457764,1.32495009899139,1.55505001544952,1.55505001544952,1.50300002098084,1.04295003414154,0.92895007133484,10.4250001907349,12.2640008926392,12.2640008926392,-0.00054999999702,-0.0054999999702,-0.19937500357628,1.11471247673035,0.96167498826981,0.81922501325607,0.27802500128746,0.85469996929169,1.472212433815,0.29100000858307,-1.35495007038116,-2.1979501247406,2.57595014572144,3.6870002746582,3.99300026893616,8.58600044250488,8.58600044250488,9.69705009460449,-0.27665001153946,-0.2880625128746,-0.19470000267029,0.68062502145767,0.63085001707077,0.77013748884201,2.09660005569458,2.93273758888245,3.05057501792908,-2.00595021247864,-2.35095000267029,-3.6540002822876,3.07395005226135,3.7630500793457,5.29605007171631,11.9569501876831,10.2330007553101,8.93100070953369,0.00054999999702,0.29864999651909,0.81647497415543,1.00209999084473,1.29470002651215,2.00804996490479,2.98691248893738,2.77447509765625,2.33516240119934,-0.20595000684261,11.2849502563477,54.4189529418945,4.95105028152466,-1.52205002307892,-30.7510509490967,8.20305061340332,8.20305061340332,2.4190502166748,0.92248749732971,0.60596251487732,-0.99866247177124,2.27823758125305,1.93806254863739,0.85621249675751,2.49974989891052,3.39982509613037,5.28426265716553,19.2150001525879,2.43600010871887,-15.9889507293701,-67.2190551757813,-55.7269515991211,-17.0370006561279,-36.271053314209,-36.271053314209,26.1690006256104,-6.39594984054565,-8.31778717041016,-9.16932487487793,-2.68881249427795,-3.22506237030029,-3.26411247253418,7.1296501159668,7.45524978637695,8.02546215057373,-21.1980018615723,-20.3170509338379,-13.8820505142212,7.05795049667358,8.85795021057129,6.94305038452148,18.8520011901855,12.3780002593994,10.2330007553101,-9.13398742675781,-8.84235000610352,-9.08022499084473,-3.4511125087738,-7.24226236343384,-8.24697494506836,8.78129959106445,13.336537361145,16.6711883544922,-5.22405004501343,2.35995006561279,4.50495004653931,3.57195019721985,1.57995009422302,1.31205010414124,10.2330007553101,9.92700004577637,7.78200054168701,-6.61966228485107,-4.26937484741211,-3.03861236572266,-6.82494974136353,-6.54802513122559,-8.64503765106201,18.2863998413086,19.291524887085,18.8938751220703,5.84595012664795,6.88005018234253,5.15595006942749,0.88995003700256,0.81405001878738,1.57995009422302,5.2150502204895,3.64395022392273,6.21105051040649,-3.87282490730286,-4.66977500915527,-2.19779992103577,-10.0152254104614,-10.1321001052856,-7.62080001831055,18.1410617828369,16.4848747253418,11.8296747207642,4.31295013427734,3.70005011558533,2.81895017623901,1.84800004959106,2.00100016593933,2.42295002937317,10.0800008773804,10.6159505844116,10.8850507736206,SWING_RIGHT
-0.0054999999702,-0.00123749999329,0.00481249997392,0.65752500295639,0.69093751907349,0.77797502279282,0.40163749456406,0.25203749537468,0.00068749999627,-0.78105002641678,-1.08705008029938,-1.39305007457733,3.26505017280579,3.30405020713806,3.45705008506775,10.9230003356934,10.4629507064819,10.4629507064819,0.23498749732971,0.52689999341965,0.65463751554489,0.89375001192093,1.16806244850159,1.30721247196198,-0.27898749709129,-0.93059998750687,-1.19941246509552,-2.04495000839233,-1.27905011177063,0.59700000286102,3.72495007514954,2.34600019454956,0.81405001878738,10.4250001907349,8.93100070953369,8.4330005645752,0.73122501373291,0.72544997930527,0.35021248459816,1.41638743877411,1.46946251392365,1.37115001678467,-1.32742500305176,-1.27380001544952,-0.45086249709129,0.98100006580353,1.1340000629425,1.21005010604858,1.04295003414154,1.38795006275177,2.99700021743774,8.4330005645752,9.46695041656494,11.1139507293701,0.00261249998584,-0.26455000042915,-0.54257500171661,1.19061243534088,0.96648746728897,0.70922499895096,0.3647874891758,1.4140499830246,2.53852510452271,0.32895001769066,-0.51195001602173,0.09900000691414,4.10805034637451,4.41495037078857,4.30005025863647,9.92700004577637,9.23700046539307,9.16095066070557,-0.64446252584457,-0.43133750557899,-0.00316249998286,0.16926249861717,0.00013749999925,0.0,4.22056245803833,4.68022489547729,5.00046253204346,18.6019515991211,58.9780540466309,32.3160018920898,-9.41295051574707,-34.4280014038086,-57.7570533752441,8.66295051574707,8.66295051574707,-11.3710508346558,0.31336250901222,-2.0092875957489,-4.83958768844604,-0.00164999999106,-0.85414999723434,-1.71723747253418,5.13108730316162,7.1296501159668,7.59123754501343,-0.20595000684261,-43.8379516601563,-38.8579521179199,-78.3660049438477,-1.44495010375977,7.93905019760132,-59.5609512329102,34.4050521850586,34.4050521850586,-7.04096269607544,-8.39410018920898,-9.8979377746582,-1.73703753948212,-1.37884998321533,-2.58926248550415,7.53940010070801,7.89263725280762,10.1275625228882,-31.3110008239746,-21.5809516906738,1.36395001411438,8.47500038146973,7.40205049514771,2.23095011711121,11.8810501098633,4.48695039749146,-4.81995010375977,-11.5020122528076,-12.5325746536255,-10.8801002502441,-4.92084980010986,-6.56191253662109,-5.97313737869263,12.0780000686646,13.1994495391846,13.622537612915,5.42400026321411,8.10599994659424,10.9020004272461,2.19300007820129,1.23495006561279,0.88995003700256,-4.81995010375977,-1.33395004272461,5.98095035552979,-6.66888761520386,-5.7017126083374,-5.23682498931885,-5.666100025177,-6.21981239318848,-7.01263761520386,15.0331497192383,14.6800498962402,14.6579122543335,7.30095052719116,6.38205051422119,5.73105049133301,2.34600019454956,1.57995009422302,1.6560001373291,5.44500017166138,5.59800004959106,8.05005073547363,-5.00500011444092,-1.97972500324249,-1.62428748607636,-9.43387508392334,-8.50588703155518,-7.94516229629517,17.6488132476807,16.7776126861572,14.8917999267578,4.35195016860962,2.47500014305115,1.55505001544952,2.07795000076294,2.19300007820129,2.26905012130737,9.46695041656494,9.46695041656494,9.65895080566406,SWING_RIGHT
0.21009999513626,0.24846249818802,0.27417498826981,0.00439999997616,0.17228749394417,0.26565000414848,-0.00302499998361,-0.00357499998063,-0.00371249997988,1.01895010471344,0.55905002355576,0.06105000153184,3.03495025634766,3.37995004653931,3.99300026893616,8.5090503692627,8.5090503692627,8.778000831604,0.25244998931885,0.1861750036478,0.00453749997541,0.38981249928474,0.40356248617172,0.38678750395775,0.00398749997839,0.30401250720024,0.60252499580383,0.71205002069473,0.40605002641678,0.02295000106096,3.26505017280579,3.45705008506775,3.84000015258789,9.5440502166748,9.5440502166748,9.81195068359375,-0.00041249999776,-0.00673749996349,-0.16637499630451,0.3573625087738,0.31088748574257,0.3284874856472,0.92056250572205,1.38393747806549,1.49077498912811,-0.58905005455017,-1.54695010185242,-2.54295015335083,4.03095006942749,4.7590503692627,5.25705003738403,10.2720003128052,9.58200073242188,9.58200073242188,-0.16335000097752,-0.00494999997318,0.172562494874,0.38981249928474,0.49623748660088,0.79598748683929,1.47070002555847,1.29827499389648,0.49362498521805,-2.581050157547,-2.581050157547,-6.91005039215088,5.02695035934448,4.7590503692627,6.63600015640259,9.35205078125,9.35205078125,8.96895027160645,0.33770000934601,0.51053750514984,0.684750020504,0.95686250925064,1.10632503032684,1.26596248149872,0.00068749999627,-0.42074999213219,-0.83242499828339,-7.75200033187866,-5.03295040130615,27.2980518341064,5.75505018234253,2.72895002365112,-13.5510005950928,8.93100070953369,9.00705051422119,10.9990501403809,0.78979998826981,0.19415000081062,-2.77942490577698,1.62360000610352,1.91798746585846,2.86591243743896,-1.17177498340607,-0.26441249251366,4.54107475280762,6.22905015945435,-8.40405082702637,-34.2229499816895,-59.0980529785156,-35.308952331543,-1.94295012950897,-44.9659538269043,-44.9659538269043,-7.61700057983398,-6.94264984130859,-12.0044374465942,-12.8078498840332,1.89117503166199,0.00357499998063,0.0,8.97916221618652,10.0979995727539,10.9850120544434,-35.0269508361816,-20.7000007629395,-20.356050491333,7.01895046234131,3.49500012397766,6.44505023956299,28.8120021820068,23.9470520019531,9.92700004577637,-12.9443874359131,-12.8570747375488,-12.2046375274658,-0.32738751173019,-1.49847495555878,-8.2245626449585,12.0614995956421,13.7917995452881,14.8098497390747,-11.7750005722046,0.90405005216599,6.61200046539307,5.14200019836426,1.57995009422302,-0.87105005979538,8.05005073547363,2.49495005607605,2.07405018806458,-9.18156242370606,-6.82137489318848,-5.66458749771118,-7.04659986495972,-6.61595010757446,-7.11975002288818,15.5820503234863,16.7283878326416,16.8221626281738,6.64995050430298,4.69605016708374,2.47500014305115,0.04800000041723,1.732950091362,2.57595014572144,5.40705013275146,5.56005048751831,6.09600019454956,-5.90493726730347,-5.94495010375977,-2.6727249622345,-8.86847496032715,-9.26818752288818,-7.98586225509644,15.9801120758057,15.0887002944946,11.9542503356934,0.40605002641678,1.51695013046265,2.24505019187927,2.07795000076294,1.19700002670288,0.50700002908707,10.195050239563,12.187050819397,12.187050819397,SWING_RIGHT
-0.00508749997243,-0.00632499996573,-0.00673749996349,0.4446749985218,0.604312479496,0.75762498378754,2.63161253929138,2.60851240158081,2.60383749008179,0.09900000691414,-0.39705002307892,-0.62700003385544,1.84800004959106,2.34600019454956,2.42295002937317,10.2720003128052,10.2330007553101,10.2720003128052,-0.00577499996871,0.00288749998435,0.19689999520779,0.8897625207901,1.05393743515015,1.10811245441437,2.5694625377655,2.32979989051819,2.16878747940063,-0.51195001602173,-1.04895007610321,-1.58505010604858,2.34600019454956,2.57595014572144,2.88195013999939,10.5010509490967,10.195050239563,10.4250001907349,0.35103750228882,0.50696247816086,0.75226247310638,1.14716243743896,1.17919993400574,1.25922501087189,2.0150625705719,1.80785000324249,1.20243752002716,-1.93005013465881,-1.39305007457733,-5.33895015716553,2.88195013999939,2.72895002365112,5.10405015945435,10.4250001907349,9.8500509262085,8.54805088043213,0.78278750181198,0.76064997911453,0.73411250114441,1.27861249446869,1.27049994468689,1.2754499912262,1.00773751735687,0.89691251516342,0.75487500429153,-7.21605014801025,-7.86705017089844,-7.52295017242432,6.44505023956299,6.40605020523071,4.98900032043457,9.77400016784668,9.8500509262085,10.6930503845215,0.97652500867844,1.12488746643066,1.05379998683929,1.58675003051758,1.77333748340607,2.08807492256165,-0.00508749997243,-0.45251250267029,-0.29919999837875,22.2030010223389,57.5599517822266,27.7960510253906,-15.0060005187988,-30.5970020294189,-60.5920524597168,11.076000213623,7.24500036239624,-12.0220508575439,0.27829998731613,-5.11142492294312,-8.55332469940186,2.31439995765686,-1.20092499256134,-3.78180003166199,0.7070249915123,4.18852519989014,4.13297510147095,13.0470008850098,-41.6539535522461,-31.8480014801025,-62.3539543151855,-0.52605003118515,0.27705001831055,-53.1259536743164,24.2539520263672,24.2539520263672,-11.2234373092651,-13.0235872268677,-13.6761627197266,-4.85856246948242,-5.2172999382019,-7.57597494125366,4.31351232528687,5.37748765945435,7.37261247634888,-24.6840019226074,-26.0250015258789,-8.28900051116943,-0.02805000171065,5.25705003738403,4.49100017547607,18.775951385498,7.89705038070679,7.89705038070679,-12.8699998855591,-11.8317375183105,-9.97067451477051,-10.0898876190186,-12.2141246795654,-11.6157245635986,7.67635011672974,8.27089977264404,10.507474899292,-0.47400003671646,4.84995031356812,7.03305053710938,2.88195013999939,1.23495006561279,0.88995003700256,5.10000038146973,4.14195013046265,3.64395022392273,-5.30474996566772,-4.11234998703003,-3.74921250343323,-11.6763620376587,-12.1217250823975,-12.3432378768921,13.1771745681763,12.7638502120972,12.1298370361328,8.52705001831055,6.34395027160645,4.08300018310547,1.31205010414124,2.6140501499176,2.6140501499176,3.10800004005432,3.10800004005432,6.40305042266846,-3.57857489585876,-0.46474999189377,0.64212501049042,-12.3624877929688,-12.0179128646851,-11.8835744857788,11.29026222229,11.510950088501,10.4652624130249,2.85795021057129,3.01095008850098,2.206050157547,2.80605006217957,1.57995009422302,1.732950091362,10.3870506286621,11.0380506515503,10.6159505844116,SWING_RIGHT
0.00646249996498,0.18548749387264,0.24296249449253,0.00481249997392,0.19525000452995,0.42652499675751,-0.15042500197887,-0.23045000433922,-0.43917500972748,-1.31700003147125,-0.93405002355576,-0.58905005455017,4.03095006942749,3.6870002746582,3.37995004653931,11.0380506515503,10.0030508041382,8.93100070953369,0.36767500638962,0.40356248617172,0.39379999041557,1.03565001487732,1.35396254062653,1.63349997997284,-0.95974999666214,-1.18579995632172,-1.31037497520447,-0.09105000644922,1.09500002861023,2.35995006561279,2.80605006217957,0.81405001878738,-0.37305000424385,8.16495037078857,8.35605049133301,9.04605007171631,0.3103374838829,-0.20679999887943,-0.60939997434616,1.81087493896484,1.62043750286102,1.30226254463196,-1.26953744888306,-0.41882500052452,0.34732499718666,2.7810001373291,0.17595000565052,-1.89105010032654,-0.25800001621246,2.15400004386902,3.26505017280579,10.0420503616333,12.4549503326416,13.4890508651733,-1.02740001678467,-1.38407504558563,-1.6328125,0.94407498836517,0.57805001735687,0.29438748955727,1.25014996528625,2.16177487373352,3.1796875,-5.10900020599365,-11.8510503768921,-9.0169506072998,4.83600044250488,7.05795049667358,2.23095011711121,13.4890508651733,13.4890508651733,10.3480501174927,-1.44278752803802,-1.06177496910095,-0.52854996919632,0.60857498645782,1.14427495002747,1.71476244926453,2.97302508354187,2.38892507553101,1.61122500896454,3.31695008277893,31.396951675415,54.5340042114258,-2.7480001449585,-16.3849506378174,-26.1150016784668,8.70105075836182,3.52995014190674,-9.76200008392334,-0.00398749997839,-1.96528744697571,-5.28233766555786,2.56574988365173,2.2893750667572,-0.20391249656677,0.60774999856949,3.29738759994507,7.65146255493164,14.9239511489868,-28.1700019836426,-44.3359527587891,-66.9510040283203,-18.6070499420166,0.77505004405975,-52.5510025024414,-52.5510025024414,-7.73205041885376,-8.86503791809082,-12.9580001831055,-13.8854370117188,-3.65887498855591,-6.67535018920898,-8.0411376953125,8.13436222076416,9.43002510070801,11.0684747695923,-36.1380004882813,-28.8210010528564,-19.5130500793457,4.03095006942749,11.1949501037598,8.20695018768311,19.159049987793,4.90905046463013,4.90905046463013,-14.4230623245239,-14.4636249542236,-10.0904378890991,-10.3670873641968,-13.3882369995117,-12.3789873123169,12.8935127258301,13.4076251983643,10.1675748825073,-11.5450506210327,0.94200003147125,8.14395046234131,5.83200025558472,1.6560001373291,0.43095001578331,6.17295026779175,6.17295026779175,-1.52595007419586,-7.04728746414185,-5.03511238098145,-3.82511258125305,-10.7684497833252,-10.6800374984741,-10.581862449646,11.7793502807617,12.0643873214722,11.3474626541138,9.67605018615723,9.52305030822754,7.83795022964478,0.35400000214577,1.04295003414154,2.23095011711121,1.03995001316071,1.4230500459671,2.30400013923645,-2.0208375453949,-0.47753748297691,1.14702498912811,-9.09851264953613,-10.496337890625,-12.7289247512817,9.48200035095215,10.8052997589111,12.9426002502441,2.7810001373291,1.66995012760162,1.21005010604858,3.45705008506775,3.49500012397766,3.26505017280579,9.58200073242188,11.9950504302979,11.9950504302979,SWING_RIGHT
0.37619999051094,0.52910000085831,0.52896249294281,0.75831252336502,1.04541254043579,1.21054995059967,-0.38527500629425,-0.47822499275208,-0.4945875108242,-0.81900006532669,0.02295000106096,-0.32100000977516,2.19300007820129,0.16200000047684,0.66000002622604,9.27600002288818,10.8079509735107,11.2680006027222,0.38183748722076,0.00288749998435,-0.95067501068115,1.38297498226166,1.52872502803802,1.62621247768402,-0.45911249518394,-0.34869998693466,0.27953749895096,-0.51195001602173,-0.550950050354,-1.43205010890961,0.77505004405975,1.19700002670288,2.84400010108948,12.5700006484985,12.5700006484985,11.3830509185791,-1.50658750534058,-1.9658374786377,-2.19573760032654,1.53862500190735,1.3778874874115,1.1834625005722,0.86982500553131,1.52418744564056,2.0208375453949,-3.04095005989075,-3.88305020332336,-4.22805023193359,4.2610502243042,4.91295003890991,4.83600044250488,10.7700004577637,9.46695041656494,9.16095066070557,-1.68753743171692,-1.00526249408722,-0.17215000092983,0.87779998779297,0.80987501144409,0.78691250085831,2.0326623916626,1.58248746395111,0.90337496995926,-1.47000002861023,0.52095001935959,1.28700006008148,2.72895002365112,1.31205010414124,2.57595014572144,8.58600044250488,8.58600044250488,10.0420503616333,0.69905000925064,1.79781246185303,1.73689997196198,0.80822497606277,0.73273748159409,0.63401252031326,0.00288749998435,-1.06617498397827,-0.82582497596741,0.59700000286102,42.6970520019531,42.8500518798828,4.06995010375977,-19.5649509429932,-35.6539535522461,11.6509504318237,6.09600019454956,-23.5530014038086,1.28191244602203,0.30621248483658,-3.80104994773865,0.46805000305176,-0.00371249997988,-5.12393760681152,0.1552374958992,2.57592487335205,9.25251197814941,19.7509517669678,12.5880002975464,-59.2369537353516,-78.3660049438477,-71.088005065918,5.67900037765503,-41.7100524902344,-41.7100524902344,2.38005018234253,-6.91680002212524,-9.13082504272461,-10.2509002685547,-7.74757480621338,-8.66538715362549,-9.50853729248047,10.604962348938,11.6942377090454,13.1372995376587,-47.5540504455566,-33.2269515991211,-19.2450008392334,8.51294994354248,7.44105052947998,2.57595014572144,17.2819499969482,17.2819499969482,7.59000015258789,-10.760199546814,-10.7966375350952,-10.0167369842529,-13.3266372680664,-15.0867748260498,-14.7094745635986,13.9534997940063,12.4675378799438,10.9619121551514,2.13000011444092,7.91400051116943,10.2130508422852,-0.37305000424385,-0.44895002245903,0.39195001125336,1.4230500459671,-6.92700052261353,-6.9660005569458,-7.53156232833862,-2.97673749923706,-2.1067750453949,-12.7250747680664,-12.1914377212524,-11.536937713623,10.6765995025635,9.83619976043701,8.5332498550415,8.6419506072998,5.11800003051758,4.04505014419556,2.26905012130737,3.57195019721985,3.41895008087158,-6.9660005569458,4.44900035858154,5.63595008850098,-1.37444996833801,0.50077497959137,2.89079999923706,-10.6855373382568,-14.8050374984741,-14.3479871749878,7.88768768310547,12.9014873504639,13.2866249084473,3.24105024337769,2.89605021476746,2.55105018615723,3.15000009536743,2.76705002784729,2.76705002784729,9.92700004577637,10.5010509490967,10.1179504394531,SWING_RIGHT
0.28819999098778,0.4145624935627,0.53322499990463,1.14303743839264,0.7178875207901,0.40521249175072,0.78622502088547,0.96992498636246,1.09724998474121,1.66995012760162,1.51695013046265,2.09100008010864,4.14600038528442,4.14600038528442,3.72495007514954,10.7310009002686,10.7310009002686,9.88905048370361,0.59289997816086,0.5185124874115,0.45402500033379,0.3422375023365,0.84039998054504,1.19281244277954,1.06122493743896,0.53267496824265,0.2238499969244,2.85795021057129,2.35995006561279,1.78500008583069,2.30805015563965,2.00100016593933,2.26905012130737,7.74300050735474,7.39905023574829,7.39905023574829,0.39393749833107,0.34691250324249,0.25052499771118,1.51731252670288,1.79355001449585,1.97202503681183,0.00316249998286,0.00096249999478,0.47698751091957,1.32495009899139,1.28700006008148,-1.43205010890961,1.92495012283325,1.6560001373291,2.11605000495911,7.97295045852661,8.5090503692627,11.8420505523682,0.21587499976158,0.1913999915123,0.1544124931097,1.87481248378754,1.77911245822906,1.76522493362427,1.00306248664856,1.6941374540329,2.43650007247925,-0.01395000051707,3.31695008277893,3.43200016021729,0.08595000207424,-1.25400006771088,-0.44895002245903,13.3360509872437,13.3740005493164,13.4509506225586,-0.00054999999702,-0.0054999999702,-0.20941250026226,1.9406750202179,2.04517507553101,2.15517497062683,3.91888737678528,4.63223743438721,5.16009998321533,-2.00595021247864,-4.34295034408569,5.99895048141479,5.14200019836426,6.90405035018921,-2.51805019378662,12.6850509643555,11.9569501876831,9.46695041656494,-0.32518750429153,-0.53102499246597,-1.12639999389648,2.14499998092651,1.56474995613098,1.00498747825623,5.42671251296997,5.05009984970093,4.70786237716675,58.480052947998,-6.9859504699707,-23.3050518035889,-39.2160034179688,-44.7709503173828,-13.4359502792358,1.07805001735687,-33.3210029602051,4.63995027542114,-3.14833736419678,-5.72728729248047,-8.92815017700195,0.21546250581741,-0.45347499847412,0.00027499999851,4.42255020141602,3.71387505531311,3.45963740348816,-48.8560523986816,-35.8320007324219,-14.4180002212524,11.4630002975464,11.5009508132935,7.28805017471313,16.5160503387451,16.5160503387451,1.88205003738403,-9.51596260070801,-10.6402997970581,-13.1767625808716,-0.20611250400543,-1.80949997901917,-4.67348766326904,4.55345010757446,6.35841226577759,9.19338703155518,-5.45400047302246,2.32095003128052,6.45795011520386,5.41095018386841,3.57195019721985,3.11205005645752,1.07805001735687,1.07805001735687,4.02795028686523,-12.5673627853394,-10.0497369766235,-8.17107486724854,-5.49669981002808,-5.64657497406006,-6.71893739700317,13.5854120254517,15.081000328064,15.3465127944946,7.95195055007935,8.71905040740967,8.52705001831055,1.1580001115799,-0.44895002245903,-0.48795002698898,8.8540506362915,8.8540506362915,6.78600025177002,-7.30606269836426,-6.21486234664917,-3.85123753547669,-8.00786209106445,-10.0904378890991,-9.31356239318848,14.9393749237061,15.6670246124268,14.9626121520996,6.64995050430298,2.81895017623901,2.16795015335083,0.73695003986359,2.53695011138916,2.69100022315979,6.78600025177002,10.0420503616333,10.6159505844116,SWING_RIGHT
0.55508750677109,0.60321247577667,0.48867499828339,0.83503746986389,1.34227502346039,1.59706246852875,-0.4298250079155,-0.88948750495911,-0.99371248483658,-0.05295000225306,2.97300004959106,3.7390501499176,0.69900006055832,-0.7180500626564,-0.10500000417233,12.5320501327515,10.9609508514404,10.7700004577637,0.18741250038147,-0.25822499394417,-1.12736248970032,1.815962433815,1.88402497768402,1.26321244239807,-0.85868752002716,-0.37056249380112,1.59362494945526,4.50495004653931,5.76900005340576,3.08700013160706,0.23895001411438,0.77505004405975,4.72095012664795,10.1179504394531,6.28800010681152,6.55605030059814,-1.4166624546051,-1.54467499256134,-1.39259994029999,0.61173748970032,-0.18452499806881,-1.06149995326996,2.80719995498657,3.87158751487732,4.457200050354,1.78500008583069,1.24905002117157,0.29100000858307,5.67900037765503,6.02295017242432,6.9810004234314,6.55605030059814,6.05805015563965,6.05805015563965,-0.0042624999769,0.86322498321533,1.89695000648499,-2.35276246070862,-2.51817488670349,-2.36238741874695,3.72831249237061,2.48338747024536,0.74896252155304,-6.06705045700073,-9.0169506072998,-10.3570508956909,9.70095062255859,9.39405059814453,7.67100048065186,8.8540506362915,7.6279501914978,6.74700021743774,2.85010004043579,3.91572499275208,3.94198751449585,-1.88732504844666,-0.26716250181198,0.4959625005722,-1.27146244049072,-5.24480009078979,-6.41932487487793,-7.33095026016235,62.8470039367676,57.0240020751953,4.45305013656616,-29.2950019836426,-44.0809516906738,6.01905012130737,0.34995001554489,-25.851001739502,3.60868740081787,1.712975025177,-13.1256122589111,0.98271250724792,1.56089997291565,-1.41336250305176,-6.9640998840332,-5.494225025177,7.13143730163574,16.5330009460449,2.206050157547,-37.4020500183105,-62.8519515991211,-38.9869537353516,-1.29195010662079,-41.2120513916016,-41.2120513916016,18.775951385498,-16.6947002410889,-18.2736129760742,-18.817699432373,-2.48600006103516,-2.77172493934631,-3.09512495994568,8.33016204833984,10.0740747451782,11.9209747314453,-28.4380512237549,-28.5529518127441,-24.8760013580322,1.96305012702942,7.05795049667358,8.7049503326416,18.775951385498,11.4970502853394,11.4970502853394,-18.6221752166748,-15.6054248809814,-8.97723770141602,-5.25992488861084,-9.19943714141846,-10.6452503204346,15.2378873825073,13.605899810791,7.77754974365234,-4.30500030517578,1.70805013179779,6.53505039215088,3.18900012969971,0.58395004272461,-1.75200009346008,15.6349506378174,16.0939502716064,16.0939502716064,-3.8779125213623,-1.4140499830246,-1.58757495880127,-10.4362497329712,-12.6106748580933,-13.4441995620728,10.2810125350952,11.4089250564575,11.0164995193481,9.02505016326904,8.52705001831055,7.14795017242432,-1.98195004463196,0.27705001831055,1.69500005245209,5.17695045471191,1.00095009803772,3.64395022392273,-2.00158739089966,-2.55777502059937,-1.00677502155304,-13.9577627182007,-13.9405746459961,-11.5264873504639,10.5300245285034,10.4593496322632,9.9038496017456,4.92600011825562,3.12600016593933,0.82695001363754,3.15000009536743,3.8779501914978,3.45705008506775,6.86205053329468,7.47495031356812,8.5090503692627,SWING_RIGHT
0.81743746995926,0.767662525177,0.5713124871254,1.1944625377655,1.41267502307892,1.49393749237061,-1.19872498512268,-1.30955004692078,-1.20532500743866,1.93800008296967,2.28299999237061,3.01095008850098,1.08195006847382,1.732950091362,1.57995009422302,7.97295045852661,7.97295045852661,9.31395053863525,-0.22206249833107,-0.68186247348785,-1.10123753547668,1.11292505264282,0.70564997196198,0.21725000441074,-0.00632499996573,0.79681247472763,1.89667499065399,3.04905009269714,2.28299999237061,1.51695013046265,2.88195013999939,3.80205011367798,4.64400005340576,9.58200073242188,10.4629507064819,10.5010509490967,-1.34873747825623,-1.09147500991821,-0.6738874912262,-0.31116250157356,-1.01873743534088,-1.03303754329681,2.98044991493225,4.12857484817505,4.01224994659424,0.94200003147125,0.02295000106096,-0.16800001263618,5.29605007171631,6.2920503616333,6.44505023956299,10.5780000686646,7.85805034637451,7.05405044555664,-0.14739999175072,0.48894998431206,1.80853748321533,-0.8622624874115,-0.60101246833801,0.00508749997243,3.50968742370605,2.67616248130798,0.33467498421669,-2.00595021247864,-4.99395036697388,-10.242000579834,7.32600021362305,8.7049503326416,7.78605031967163,7.05405044555664,7.16895055770874,7.70505046844482,2.28222489356995,2.60411238670349,2.82452487945557,0.5546749830246,1.00925004482269,1.35245001316071,-0.87463748455048,-1.88265001773834,-2.61910009384155,-7.10100030899048,1.1340000629425,27.0289516448975,4.98900032043457,0.69900006055832,-11.7120008468628,7.70505046844482,2.26500010490417,-9.14895057678223,2.77681255340576,2.3926374912262,1.05366253852844,1.69620001316071,1.69248747825623,1.61493754386902,-3.43557500839233,-3.16304993629456,-1.27682495117188,32.5840530395508,-1.50795006752014,-28.9750518798828,-77.2170028686523,-68.7510070800781,-14.0490007400513,-50.5590019226074,-50.5590019226074,-47.3029518127441,-4.08636236190796,-10.6738500595093,-11.6518878936768,-2.38851237297058,-6.53578758239746,-6.83457517623901,8.12171268463135,12.502875328064,14.4181127548218,-42.3060035705566,-22.5010509490967,-21.0070514678955,7.67100048065186,4.45305013656616,9.62400054931641,26.2069511413574,22.2229518890381,6.55605030059814,-11.619987487793,-11.1564750671387,-10.0104122161865,-7.53197479248047,-8.99181270599365,-14.9753999710083,16.1022129058838,18.2681121826172,19.5885257720947,-12.7320003509521,-4.87905025482178,5.23305034637451,7.17300033569336,4.49100017547607,1.00499999523163,5.06205034255981,4.94700002670288,4.90905046463013,-4.6362247467041,-2.69816255569458,-1.64339995384216,-9.47127532958984,-9.53108787536621,-10.0671997070313,14.6352252960205,15.1047878265381,14.4198999404907,8.56500053405762,10.7110500335693,10.0980005264282,0.12405000627041,0.20100000500679,1.42695009708405,3.98895025253296,2.38005018234253,0.4650000333786,-1.87041246891022,-2.70586252212524,-2.21402502059937,-10.5655002593994,-10.4746122360229,-9.98827457427978,12.8882875442505,12.1734247207642,12.1691627502441,4.77300024032593,3.96900010108948,3.31695008277893,3.45705008506775,3.72495007514954,3.72495007514954,9.5440502166748,11.3059501647949,11.3059501647949,SWING_RIGHT
-0.00481249997392,-0.45251250267029,-0.81152498722076,1.13520002365112,1.08955001831055,0.97927498817444,0.00027499999851,0.51754999160767,1.17617499828339,2.62800002098084,1.28700006008148,0.6360000371933,0.54495000839233,1.732950091362,2.11605000495911,11.076000213623,11.076000213623,11.6890506744385,-1.34640002250671,-1.41721248626709,-1.33319997787476,0.65009999275208,0.52222502231598,0.46117499470711,2.6420624256134,3.19921255111694,3.53072500228882,-0.51195001602173,-0.47400003671646,-0.70395004749298,2.57595014572144,2.53695011138916,2.88195013999939,11.6119508743286,11.5740003585815,11.2680006027222,-1.111412525177,-0.37881249189377,0.0027499999851,0.49541249871254,0.79351252317429,1.01199996471405,3.54296255111694,2.67753744125366,1.93324995040894,-1.31700003147125,-1.89105010032654,-2.69595003128052,3.22695016860962,3.26505017280579,3.80205011367798,9.8500509262085,7.66695022583008,9.92700004577637,0.47368749976158,0.77687501907349,1.05366253852844,1.25207495689392,1.47344994544983,1.73222494125366,1.13135004043579,0.42707499861717,-0.44247499108315,-3.99795007705688,-5.68395042419434,-9.0930004119873,4.52895021438599,5.25705003738403,6.10005044937134,10.4629507064819,10.6930503845215,10.1569509506226,1.17260003089905,1.33993744850159,1.46781253814697,1.79437494277954,1.87618744373322,1.91881251335144,-0.69561249017715,-1.00457501411438,-1.25537502765656,-4.84095001220703,18.6019515991211,54.8410530090332,5.06595039367676,-10.1029500961304,-33.6619529724121,7.9350004196167,7.39905023574829,0.69495004415512,1.70568752288818,0.00508749997243,-3.87282490730286,1.77540004253387,1.87866246700287,0.59221249818802,-1.75848746299744,0.81042498350143,6.71591234207153,22.7770519256592,0.09900000691414,-35.4100532531738,-74.9569549560547,-50.7469520568848,-19.795051574707,-35.8489532470703,-35.8489532470703,15.9790506362915,-8.04567527770996,-12.0957374572754,-12.9908628463745,-2.77254986763,-4.43822479248047,-4.61408758163452,8.14302539825439,9.25526237487793,10.7804126739502,-45.6000022888184,-29.2810516357422,-15.9120006561279,4.30005025863647,8.05395030975342,4.14600038528442,25.4410514831543,-2.13900017738342,-1.14300000667572,-13.6532001495361,-14.017162322998,-10.6566619873047,-5.66981267929077,-8.64338779449463,-10.6429128646851,12.9333877563477,14.6738624572754,11.1575746536255,-5.49195003509521,2.206050157547,8.87205028533936,1.54095005989075,0.39195001125336,-0.14295001327991,2.76300024986267,4.75500011444092,5.48295021057129,-8.0184497833252,-6.34727478027344,-5.23256254196167,-8.78116226196289,-8.63582515716553,-9.37543773651123,12.7876377105713,13.8619251251221,13.5328874588013,10.288950920105,8.83395004272461,6.45795011520386,0.43095001578331,1.38795006275177,2.03895020484924,5.48295021057129,3.83595013618469,3.83595013618469,-4.57819986343384,-3.95161247253418,-1.14688754081726,-11.9587869644165,-14.3842878341675,-14.3595371246338,11.7006998062134,13.5277996063232,12.8112878799438,4.00695037841797,2.13000011444092,0.94200003147125,2.38394999504089,3.11205005645752,3.49500012397766,11.1139507293701,11.1139507293701,10.3099508285522,SWING_RIGHT
0.31900000572205,0.26014998555183,0.14190000295639,1.06892502307892,1.40126252174377,1.69578754901886,-0.68667501211166,-0.90530002117157,-0.95397502183914,0.98100006580353,1.70805013179779,1.51695013046265,-0.02805000171065,-1.13895010948181,-0.56400001049042,9.00705051422119,8.70105075836182,8.70105075836182,-0.00329999998212,-0.79488748311996,-1.21261250972748,1.9267874956131,2.0627748966217,1.90877497196198,-0.81290000677109,0.20308749377728,1.21192502975464,0.94200003147125,-0.550950050354,-0.81900006532669,0.08595000207424,1.50300002098084,1.92495012283325,9.81195068359375,10.6930503845215,11.4970502853394,-1.59857499599457,-1.86491250991821,-1.730299949646,1.61699998378754,1.28961253166199,0.8262374997139,2.55488753318787,3.88822507858276,5.54785013198853,-1.58505010604858,-1.96800005435944,-1.39305007457733,2.72895002365112,3.64800024032593,3.45705008506775,12.2250003814697,12.4170007705688,10.9230003356934,-1.31738746166229,-0.73906248807907,-0.00591249996796,0.78210002183914,0.85181248188019,1.03565001487732,5.8678126335144,5.9818000793457,5.79383754730225,-1.04895007610321,-1.81500005722046,-3.46200013160706,3.84000015258789,4.68300008773804,6.13800048828125,9.39105033874512,8.35605049133301,8.24100017547607,1.0144749879837,1.3668874502182,1.49861252307892,1.54577493667603,1.7771874666214,1.93971252441406,4.64048767089844,4.14218759536743,3.99753737449646,16.2270011901855,50.4739532470703,40.7430000305176,-6.19605016708374,-30.9799518585205,-62.086051940918,10.1569509506226,10.1569509506226,-21.2160015106201,1.45186245441437,-1.78199994564056,-5.94756269454956,1.84607493877411,-0.93403750658035,-4.52787494659424,3.83721256256104,4.5845251083374,4.77097511291504,14.1580505371094,-36.7129516601563,-21.35205078125,-67.1419525146484,10.6969509124756,6.21495008468628,-48.949951171875,27.7780513763428,27.7780513763428,-10.6277875900269,-13.7455997467041,-15.0458002090454,-6.16618728637695,-6.25157499313354,-8.94533729553223,4.86516237258911,6.13635015487671,7.61351251602173,-21.1219501495361,-20.623950958252,-4.53495025634766,7.86195039749146,8.74305057525635,1.50300002098084,21.0739517211914,10.6159505844116,10.3870506286621,-15.991250038147,-15.8251495361328,-13.9629878997803,-11.3828001022339,-13.9246253967285,-13.8448753356934,9.17248725891113,10.4692497253418,11.5381746292114,0.67395001649857,5.07900047302246,8.06700038909912,0.27705001831055,-0.14295001327991,-0.37305000424385,6.05805015563965,5.02395009994507,4.56405019760132,-6.1626124382019,-4.63677501678467,-4.83711242675781,-13.8320875167847,-14.5032253265381,-14.7402753829956,11.390362739563,10.0101375579834,9.4455623626709,9.67605018615723,7.95195055007935,5.80695009231567,0.58395004272461,1.57995009422302,2.57595014572144,-0.60705000162125,-0.60705000162125,3.26100015640259,-5.05078744888306,-2.04187488555908,-0.88522499799728,-14.9473495483398,-13.9068870544434,-13.1334495544434,9.56106281280518,10.7215623855591,9.46866226196289,4.50495004653931,3.70005011558533,2.97300004959106,3.30405020713806,3.45705008506775,3.34200024604797,7.9350004196167,11.3830509185791,10.8460502624512,SWING_RIGHT
0.20831249654293,0.38458749651909,0.44453749060631,0.70592498779297,1.44828748703003,1.81348752975464,2.16108751296997,1.35080003738403,1.01667499542236,-0.58905005455017,-0.62700003385544,-1.85295009613037,0.00900000054389,-0.52605003118515,0.23895001411438,8.81595039367676,8.66295051574707,10.1569509506226,0.47286251187325,0.46158748865128,0.27224999666214,2.09646248817444,2.31329989433289,2.55392503738403,0.86624997854233,0.90791249275208,1.6081999540329,-3.80700016021729,-5.98995018005371,-6.60300016403198,1.1580001115799,2.23095011711121,1.42695009708405,10.7310009002686,13.068000793457,13.6429510116577,0.00659999996424,-0.00481249997392,-0.44811248779297,2.67217493057251,2.82988739013672,3.01028752326965,2.3205873966217,3.43309998512268,4.82487487792969,-7.17795038223267,-7.94400024414063,-7.40805053710938,1.42695009708405,1.57995009422302,0.77505004405975,13.5660009384155,12.5700006484985,11.6509504318237,-1.35300004482269,-1.7520250082016,-2.02221250534058,3.33162498474121,3.41412496566772,3.39501237869263,7.36587476730347,8.077712059021,8.25742530822754,-5.56905031204224,-4.30500030517578,-3.61500024795532,0.58395004272461,2.57595014572144,3.84000015258789,10.8079509735107,9.00705051422119,8.05005073547363,-2.16081237792969,-2.06676244735718,-1.78887498378754,3.19536256790161,2.27383756637573,1.71572494506836,7.96124982833862,6.14116239547729,4.79641246795654,-0.39705002307892,59.8969535827637,39.1350021362305,2.95905017852783,-31.1340007781982,-69.0190505981445,6.17295026779175,0.77100002765656,-49.5630035400391,-1.23420000076294,-1.09518754482269,-8.04856204986572,0.97336250543594,-0.38733750581741,-2.42302489280701,3.12496256828308,0.35062500834465,-5.15281248092651,8.14395046234131,-38.896053314209,-58.2030029296875,-78.3660049438477,-28.3369522094727,8.51294994354248,-56.6880035400391,-56.6880035400391,17.473051071167,-11.0268125534058,-12.4166622161865,-13.0864248275757,-1.98123753070831,-2.09316253662109,-3.62395000457764,-5.85406255722046,-4.91589975357056,-4.13008737564087,-50.1589508056641,-21.1980018615723,-12.1200008392334,13.9909505844116,1.46505010128021,-1.56000006198883,2.95500016212463,2.95500016212463,0.15795001387596,-16.1324615478516,-16.2410869598389,-12.6869878768921,-8.22552490234375,-9.07431221008301,-9.39688777923584,-2.20206260681152,1.0115875005722,4.22839975357056,10.1740503311157,9.94395065307617,11.4769506454468,-2.40300011634827,-0.10500000417233,0.16200000047684,-2.59905004501343,-3.70995020866394,-3.70995020866394,-8.40771198272705,-4.50051259994507,-3.48218750953674,-10.2939376831055,-10.8652496337891,-8.89501285552979,6.53152513504028,5.51952505111694,4.56513738632202,11.7829504013062,6.11400032043457,4.39005041122437,0.66000002622604,2.42295002937317,2.49900007247925,0.88605004549026,6.51705026626587,11.5740003585815,-1.95621252059937,-0.00068749999627,1.32123744487762,-5.37171268463135,-3.03600001335144,1.07085001468658,-0.41084998846054,-1.79410004615784,-4.79861259460449,2.85795021057129,1.44000005722046,1.51695013046265,2.99700021743774,3.11205005645752,2.15400004386902,12.9910507202148,12.9910507202148,11.3830509185791,SWING_RIGHT
0.30236250162125,0.17531250417233,0.00027499999851,2.55598759651184,3.01881241798401,3.07353758811951,0.33192500472069,0.30566251277924,0.81124997138977,1.40205001831055,2.62800002098084,1.59300005435944,0.50700002908707,0.35400000214577,1.27305006980896,10.0420503616333,10.0420503616333,9.8500509262085,-0.00123749999329,-0.00082499999553,0.00137499999255,2.79633736610413,2.43498754501343,2.02551245689392,1.28507494926453,1.85487496852875,2.38603758811951,1.01895010471344,0.09900000691414,-0.51195001602173,1.77105009555817,2.38394999504089,1.96305012702942,10.7700004577637,10.7700004577637,10.7700004577637,0.21422499418259,0.3299999833107,0.45141249895096,1.2861750125885,1.10453748703003,1.03248751163483,3.02500009536743,3.15658760070801,3.20292496681213,3.20205020904541,4.04505014419556,4.65795040130615,-0.02805000171065,-0.48795002698898,-0.29595002532005,10.4629507064819,9.50505065917969,9.42900085449219,0.52841252088547,0.48647499084473,0.38609999418259,1.0089750289917,0.59042501449585,0.30346250534058,3.14077496528625,2.75467491149902,2.54704999923706,3.31695008277893,-3.80700016021729,-5.7610502243042,1.1580001115799,6.7900505065918,7.24905014038086,9.16095066070557,9.77400016784668,10.6549501419067,0.3075875043869,0.37812501192093,0.89911252260208,-0.00041249999776,-0.21766249835491,-0.0027499999851,2.28043746948242,1.88265001773834,0.73053747415543,-6.37305021286011,4.31295013427734,51.7380027770996,5.18100023269653,-2.40300011634827,-42.2040023803711,10.6549501419067,9.19905090332031,-0.64500004053116,1.28961253166199,1.23763751983643,-0.55921250581741,0.38582500815392,0.74456250667572,1.00402498245239,0.0054999999702,-0.24791249632835,0.28654998540878,19.3300514221191,-9.05505084991455,-36.1000518798828,-59.5960540771484,-47.4139518737793,0.12405000627041,-30.8689517974854,-30.8689517974854,15.4429512023926,-7.40671253204346,-9.47292518615723,-10.4867124557495,0.63153749704361,1.025475025177,0.84026247262955,0.67320001125336,1.21082496643066,2.61181259155273,-31.1200523376465,-25.1059513092041,-21.0070514678955,11.6929502487183,11.998950958252,10.8499507904053,13.4890508651733,9.08400058746338,2.11199998855591,-11.3367376327515,-16.3537006378174,-15.570912361145,-0.39998748898506,-6.92009973526001,-7.4872875213623,4.5324125289917,10.9535245895386,12.8847122192383,-12.3109502792358,6.19005012512207,8.10599994659424,5.94705009460449,-2.63295006752014,-2.71005010604858,2.11199998855591,3.83595013618469,4.33395004272461,-12.1595373153687,-9.51004981994629,-7.98421239852905,-7.02734994888306,-7.40506267547607,-8.38777542114258,14.4271869659424,15.3859748840332,13.705587387085,7.87605047225952,8.14395046234131,5.0029501914978,-2.55600023269653,-2.44095015525818,-0.02805000171065,5.90505027770996,6.90105009078979,7.05405044555664,-7.94612503051758,-7.75527477264404,-4.9678750038147,-8.39492511749268,-9.04282474517822,-11.2919120788574,12.0203876495361,11.1531753540039,11.9158878326416,2.66595005989075,0.09900000691414,-0.28305000066757,1.04295003414154,2.46105003356934,1.92495012283325,9.96495056152344,11.2680006027222,12.8380508422852,SWING_RIGHT
0.59331250190735,0.70812499523163,0.76917499303818,0.37180000543594,0.40356248617172,0.39599999785423,1.18181252479553,0.82706248760223,0.57475000619888,-0.09105000644922,-0.12900000810623,-0.39705002307892,2.15400004386902,2.38394999504089,2.76705002784729,8.8540506362915,9.27600002288818,9.5440502166748,0.80286252498627,0.79970002174377,0.75432497262955,0.36245000362396,0.24942499399185,0.18754999339581,0.37881249189377,0.00577499996871,0.00494999997318,-0.70395004749298,-1.43205010890961,-0.97200006246567,2.95905017852783,3.91695022583008,3.45705008506775,9.5440502166748,9.46695041656494,9.50505065917969,0.69891250133514,0.66852498054504,0.65670001506805,0.15276250243187,0.15399999916553,0.24447499215603,0.00659999996424,0.16307500004768,0.21683749556541,-0.89505004882813,-1.20195007324219,-3.49995017051697,3.41895008087158,3.57195019721985,4.87395000457764,9.50505065917969,9.50505065917969,9.27600002288818,0.66041249036789,0.67154997587204,0.70358747243881,0.32752498984337,0.43711251020432,0.59056252241135,0.24887499213219,0.24639999866486,0.19181250035763,-4.61100006103516,-5.53095006942749,-6.94800043106079,5.33400011062622,5.44905042648315,5.7940502166748,8.89305019378662,8.73900032043457,8.47095012664795,0.87353748083115,0.97941249608994,1.00003755092621,1.0477499961853,1.34626245498657,1.75353753566742,-0.00288749998435,-0.23443749547005,-0.18507499992847,-5.87505006790161,1.32495009899139,43.617000579834,5.18100023269653,2.03895020484924,-20.8669509887695,8.47095012664795,8.39505004882813,8.31795024871826,0.79736250638962,-0.66467499732971,-2.77241253852844,2.38645005226135,3.43805003166199,2.53013753890991,0.34306249022484,2.62982487678528,3.50006246566772,54.036003112793,-8.86305046081543,-33.0349502563477,-32.8189506530762,-53.1220512390137,-7.00005054473877,-13.9759502410889,-34.699951171875,-3.86295008659363,-6.46827507019043,-10.4476623535156,-14.2643871307373,0.47189998626709,-1.40607500076294,-1.62236249446869,3.67771244049072,3.25558757781982,4.48167514801025,-46.2510032653809,-32.5369529724121,-18.631950378418,14.1060009002686,10.3519506454468,6.63600015640259,20.2699508666992,20.2699508666992,8.12595081329346,-14.3625621795654,-14.8200244903564,-16.827938079834,-2.99777507781982,-5.88403749465942,-8.75696277618408,5.45709991455078,7.10682487487793,9.6071252822876,-7.02495050430298,1.70805013179779,6.30495023727417,2.07795000076294,-0.02805000171065,-0.90900003910065,4.18095016479492,-1.06605005264282,-1.06605005264282,-13.0934371948242,-10.0104122161865,-8.21631240844727,-6.9565372467041,-6.83471250534058,-7.94928741455078,13.7748870849609,15.0012502670288,14.5561628341675,11.017050743103,7.91400051116943,4.62000036239624,-1.52205002307892,1.00499999523163,2.03895020484924,1.53795003890991,0.42705002427101,0.42705002427101,-7.68198728561401,-7.07066249847412,-3.29848742485046,-8.51386260986328,-10.8333501815796,-13.011625289917,13.4355373382568,14.3115501403809,14.3504619598389,2.206050157547,1.36395001411438,1.59300005435944,2.26905012130737,1.92495012283325,1.35000002384186,7.12995052337646,13.4890508651733,13.4509506225586,SWING_RIGHT
-0.30030000209808,0.32161250710487,0.66549998521805,-0.39599999785423,-0.25877499580383,-0.16678750514984,1.94287502765656,1.12543749809265,0.62548750638962,-0.12900000810623,-0.20595000684261,-0.58905005455017,3.53295016288757,3.72495007514954,3.99300026893616,8.12595081329346,8.28000068664551,9.42900085449219,0.97789996862411,1.20326244831085,1.29896247386932,-0.00412499997765,-0.00068749999627,0.00178749999031,0.00646249996498,-0.29507499933243,-0.80492502450943,-1.125,-1.73805010318756,-0.62700003385544,4.33800029754639,4.64400005340576,3.45705008506775,9.42900085449219,9.50505065917969,10.9230003356934,1.20504999160767,1.04142498970032,0.81743746995926,0.00288749998435,0.00467499997467,0.14808750152588,-0.88934999704361,-0.89512497186661,-0.82816249132156,-0.28305000066757,-0.16800001263618,-0.47400003671646,3.26505017280579,3.72495007514954,4.33800029754639,10.7310009002686,10.7310009002686,9.16095066070557,0.28063750267029,0.00247499998659,-0.00439999997616,0.29081249237061,0.40672498941422,0.54092502593994,-0.45925000309944,-0.00577499996871,0.37564998865128,-1.35495007038116,-2.35095000267029,-3.00195002555847,5.06595039367676,5.33400011062622,5.5639500617981,8.05005073547363,7.6279501914978,7.28400039672852,-0.0054999999702,0.14148749411106,0.41139999032021,0.66151249408722,0.94737499952316,1.12763750553131,0.87243747711182,1.63349997997284,1.88265001773834,-2.16000008583069,36.1849517822266,51.7380027770996,5.06595039367676,-18.492000579834,-37.0710029602051,6.17295026779175,3.98895025253296,-15.0100507736206,0.72751247882843,0.46406251192093,-5.9782247543335,1.39026248455048,1.62909996509552,-1.65467500686646,2.17140007019043,3.36146259307861,9.29555034637451,21.8200511932373,-9.89805030822754,-56.248950958252,-69.3640518188477,-46.7250022888184,23.6830520629883,-49.7550010681152,-49.7550010681152,22.7980518341064,-10.1439247131348,-12.4616250991821,-13.5506248474121,-3.49222493171692,-3.33588743209839,-3.45427489280701,9.81516265869141,10.8002128601074,12.1668252944946,-38.896053314209,-20.356050491333,-5.79900026321411,20.1589508056641,8.20695018768311,-0.67905002832413,17.742000579834,9.27600002288818,5.75100040435791,-14.5612497329712,-14.6471872329712,-12.9607496261597,-6.63643741607666,-9.33652496337891,-9.96187496185303,14.8506870269775,14.3573369979858,12.3267374038696,7.49295043945313,6.88005018234253,6.95595026016235,-2.78595018386841,-0.94695001840591,0.20100000500679,-0.03195000067353,-1.02795004844666,-1.02795004844666,-9.03320026397705,-5.38133764266968,-6.41272497177124,-8.46518707275391,-11.2077627182007,-13.3449249267578,12.3914995193481,11.6122875213623,11.4542999267578,7.37805032730103,5.15595006942749,3.35595011711121,0.69900006055832,2.42295002937317,2.69100022315979,3.49095010757446,6.36405038833618,8.39505004882813,-7.64445018768311,-5.91442489624023,-2.74559998512268,-17.1179256439209,-18.3459377288818,-14.9429502487183,15.7682247161865,15.5183877944946,11.1673374176025,1.93800008296967,1.74705004692078,2.89605021476746,2.57595014572144,2.34600019454956,1.35000002384186,10.7700004577637,12.6469507217407,11.1139507293701,SWING_RIGHT
0.25671249628067,0.36300000548363,0.48441249132156,0.28049999475479,0.19181250035763,0.00632499996573,0.60926252603531,0.24722500145435,-0.00453749997541,1.24905002117157,1.05705010890961,0.40605002641678,3.45705008506775,3.61005020141602,3.80205011367798,8.58600044250488,8.58600044250488,9.16095066070557,0.59991252422333,0.72434997558594,0.73906248807907,0.00522499997169,0.1870000064373,0.26908749341965,-0.38733750581741,-0.7374125123024,-0.77275002002716,0.17595000565052,0.09900000691414,0.29100000858307,3.61005020141602,4.03095006942749,3.95505023002625,9.00705051422119,8.54805088043213,8.54805088043213,0.72668749094009,0.67691248655319,0.53061246871948,0.38238748908043,0.52621251344681,0.81812500953674,-0.73892498016357,-0.60788750648499,-0.00659999996424,0.17595000565052,-0.24405001103878,-1.35495007038116,3.8779501914978,4.22294998168945,4.41495037078857,9.65895080566406,9.65895080566406,9.35205078125,0.44687500596046,0.39091250300407,0.33880001306534,0.93554997444153,1.07648754119873,1.26637494564056,0.1915374994278,0.54202497005463,0.91684997081757,-1.81500005722046,-4.18994998931885,-7.86705017089844,4.68300008773804,5.9089503288269,6.33000040054321,10.1569509506226,10.4250001907349,12.07200050354,0.22439999878407,0.007012499962,0.00096249999478,1.707200050354,2.01189994812012,2.36252498626709,1.66306245326996,2.01561260223389,2.41793751716614,14.4259510040283,53.5380020141602,51.9289512634277,-6.42495012283325,-22.9740009307861,-43.9279518127441,12.8380508422852,3.95100021362305,-5.89305019378662,-0.24406249821186,-3.47379994392395,-6.47721242904663,2.65938758850098,0.20748749375343,-2.12946248054504,2.84872508049011,3.71153736114502,3.96495008468628,5.0029501914978,-54.4870529174805,-35.6779518127441,-68.1379547119141,14.6430006027222,15.1789503097534,-31.558952331543,16.2859516143799,16.2859516143799,-9.31095027923584,-11.8057498931885,-13.6083745956421,-3.47985005378723,-2.7992250919342,-3.07491254806519,3.91792488098145,4.16515016555786,5.74722480773926,-19.5130500793457,-17.67405128479,-5.18595027923584,7.47900056838989,7.01895046234131,3.11205005645752,5.8279504776001,2.91705012321472,3.682950258255,-13.9951620101929,-14.7123622894287,-14.0571746826172,-4.7876124382019,-6.73543739318848,-6.33008766174316,7.9183497428894,10.6867752075195,12.7958869934082,1.36395001411438,2.81895017623901,4.35195016860962,1.96305012702942,2.49900007247925,2.26905012130737,3.79800009727478,3.79800009727478,7.81995058059692,-9.27932453155518,-7.47766256332397,-6.95571231842041,-5.89283752441406,-7.85867500305176,-9.40747451782227,14.9349746704102,14.6729001998901,14.2049875259399,5.8840503692627,4.62000036239624,3.93000030517578,0.77505004405975,0.88995003700256,1.04295003414154,6.93900012969971,6.78600025177002,6.78600025177002,-7.16553735733032,-4.77001237869263,-3.71772503852844,-10.753324508667,-9.95142459869385,-9.6397123336792,13.3460245132446,10.8693752288818,9.32524967193604,2.16795015335083,0.17595000565052,0.78900003433228,1.46505010128021,1.92495012283325,0.66000002622604,8.31795024871826,11.5740003585815,13.1830501556396,SWING_RIGHT
0.77976250648499,0.76353746652603,0.7400249838829,0.37564998865128,0.45512500405312,0.52841252088547,0.64391249418259,0.43779999017715,0.27390000224113,-0.35895001888275,-0.66600000858307,-0.47400003671646,3.64800024032593,3.72495007514954,3.53295016288757,9.12195014953613,9.50505065917969,9.50505065917969,0.70771247148514,0.66962498426437,0.65394997596741,0.58904999494553,0.70468747615814,0.77604997158051,0.16761249303818,0.00192499998957,0.00371249997988,-0.58905005455017,-0.51195001602173,0.32895001769066,3.64800024032593,3.53295016288757,2.95905017852783,9.50505065917969,9.58200073242188,9.35205078125,0.62273746728897,0.56416249275208,0.4116750061512,0.87835001945496,0.99962496757507,1.25894999504089,0.27266249060631,0.59798747301102,1.37623751163483,0.40605002641678,-0.93405002355576,-1.16400003433228,2.92095017433167,3.95505023002625,3.41895008087158,8.93100070953369,8.93100070953369,9.58200073242188,0.30401250720024,0.18026250600815,0.00302499998361,1.36358749866486,1.49063754081726,1.6299250125885,1.82943749427795,2.40116238594055,2.95790004730225,-2.581050157547,-3.7300500869751,-3.27105021476746,3.84000015258789,3.91695022583008,2.42295002937317,8.24100017547607,8.08800029754639,7.85805034637451,-0.00508749997243,-0.17503750324249,-0.35901248455048,1.92334997653961,2.11007499694824,2.42316246032715,3.75594997406006,4.09420013427734,4.67087507247925,19.291051864624,46.9489517211914,51.5080528259277,-7.57500028610229,-21.9780006408691,-41.5909538269043,6.47895050048828,5.59800004959106,-0.14699999988079,-0.70441251993179,-3.81727504730225,-6.38398742675781,2.45519995689392,-1.81994998455048,-4.29192495346069,5.29993724822998,6.36501264572144,6.91308736801147,27.7570514678955,-22.1940002441406,-37.6699523925781,-71.7010498046875,-16.1550006866455,4.49100017547607,-45.1579513549805,6.44100046157837,17.8560009002686,-8.02972507476807,-9.36168766021728,-10.2238121032715,-5.4955997467041,-5.56710004806519,-4.73274993896484,6.82976245880127,6.69363737106323,6.77008724212646,-23.5729503631592,-19.7430000305176,-4.07505035400391,5.94705009460449,5.86995029449463,1.6560001373291,17.8560009002686,13.2210006713867,7.51305055618286,-9.44184970855713,-7.40258741378784,-6.28567504882813,-4.05446243286133,-3.15534996986389,-3.47297501564026,7.65462493896484,9.86878776550293,13.4373245239258,0.75105005502701,4.8880500793457,8.18205070495605,1.1580001115799,0.20100000500679,-0.56400001049042,11.19105052948,11.19105052948,7.59000015258789,-4.94078731536865,-3.99464988708496,-4.02930021286011,-3.39776253700256,-5.06330013275146,-7.53101253509521,17.9774379730225,18.2408866882324,18.3313617706299,10.9399509429932,9.44595050811768,8.25900077819824,1.1580001115799,2.07795000076294,2.57595014572144,2.72505021095276,2.72505021095276,5.86605024337769,-4.93996238708496,-4.61587476730347,-1.85899996757507,-10.4692497253418,-12.5844125747681,-11.4358749389648,19.0936622619629,17.7093124389648,13.5404500961304,7.45395040512085,5.34795045852661,4.27500009536743,2.65200018882751,2.92095017433167,2.99700021743774,8.31795024871826,8.66295051574707,9.39105033874512,SWING_RIGHT
