gyro_x_0,gyro_y_0,gyro_z_0,acc_x_0,acc_y_0,acc_z_0,gyro_x_1,gyro_y_1,gyro_z_1,acc_x_1,acc_y_1,acc_z_1,gyro_x_2,gyro_y_2,gyro_z_2,acc_x_2,acc_y_2,acc_z_2,gyro_x_3,gyro_y_3,gyro_z_3,acc_x_3,acc_y_3,acc_z_3,gyro_x_4,gyro_y_4,gyro_z_4,acc_x_4,acc_y_4,acc_z_4,gyro_x_5,gyro_y_5,gyro_z_5,acc_x_5,acc_y_5,acc_z_5,gyro_x_6,gyro_y_6,gyro_z_6,acc_x_6,acc_y_6,acc_z_6,gyro_x_7,gyro_y_7,gyro_z_7,acc_x_7,acc_y_7,acc_z_7,gyro_x_8,gyro_y_8,gyro_z_8,acc_x_8,acc_y_8,acc_z_8,gyro_x_9,gyro_y_9,gyro_z_9,acc_x_9,acc_y_9,acc_z_9,gyro_x_10,gyro_y_10,gyro_z_10,acc_x_10,acc_y_10,acc_z_10,gyro_x_11,gyro_y_11,gyro_z_11,acc_x_11,acc_y_11,acc_z_11,gyro_x_12,gyro_y_12,gyro_z_12,acc_x_12,acc_y_12,acc_z_12,gyro_x_13,gyro_y_13,gyro_z_13,acc_x_13,acc_y_13,acc_z_13,gyro_x_14,gyro_y_14,gyro_z_14,acc_x_14,acc_y_14,acc_z_14,gyro_x_15,gyro_y_15,gyro_z_15,acc_x_15,acc_y_15,acc_z_15,gyro_x_16,gyro_y_16,gyro_z_16,acc_x_16,acc_y_16,acc_z_16,gyro_x_17,gyro_y_17,gyro_z_17,acc_x_17,acc_y_17,acc_z_17,gyro_x_18,gyro_y_18,gyro_z_18,acc_x_18,acc_y_18,acc_z_18,gyro_x_19,gyro_y_19,gyro_z_19,acc_x_19,acc_y_19,acc_z_19,gyro_x_20,gyro_y_20,gyro_z_20,acc_x_20,acc_y_20,acc_z_20,gyro_x_21,gyro_y_21,gyro_z_21,acc_x_21,acc_y_21,acc_z_21,gyro_x_22,gyro_y_22,gyro_z_22,acc_x_22,acc_y_22,acc_z_22,gyro_x_23,gyro_y_23,gyro_z_23,acc_x_23,acc_y_23,acc_z_23,gyro_x_24,gyro_y_24,gyro_z_24,acc_x_24,acc_y_24,acc_z_24,gyro_x_25,gyro_y_25,gyro_z_25,acc_x_25,acc_y_25,acc_z_25,gyro_x_26,gyro_y_26,gyro_z_26,acc_x_26,acc_y_26,acc_z_26,gyro_x_27,gyro_y_27,gyro_z_27,acc_x_27,acc_y_27,acc_z_27,gyro_x_28,gyro_y_28,gyro_z_28,acc_x_28,acc_y_28,acc_z_28,gyro_x_29,gyro_y_29,gyro_z_29,acc_x_29,acc_y_29,acc_z_29,motion_type
-0.00481249997392,-0.12828749418259,-0.12828749418259,-0.12375000119209,-0.21408750116825,-0.21408750116825,0.3920125067234,0.32793748378754,0.32793748378754,10.326000213623,10.5510005950928,10.5510005950928,-1.62195003032684,-1.86705005168915,-1.86705005168915,-0.43395000696182,-0.46005001664162,-0.46005001664162,-0.20363749563694,-0.20391249656677,-0.22206249833107,-0.04784999787807,0.00783750042319,0.02364999987185,0.39737498760223,0.47189998626709,0.63263750076294,11.3179502487183,11.8180503845215,11.8180503845215,-2.85600018501282,-3.98400020599365,-3.98400020599365,-0.30705001950264,-0.78300005197525,-0.78300005197525,-0.21779999136925,-0.18039999902248,-0.19263750314712,0.02227500081062,-0.10009999573231,-0.32601249217987,0.96951252222061,1.3582249879837,1.79533743858337,12.31605052948,12.5080509185791,13.6669502258301,-4.39305019378662,-5.26005029678345,-6.81495046615601,-0.75705003738403,-1.28895008563995,-1.92600011825562,-0.19263750314712,-0.43133750557899,-0.62342500686645,-0.32601249217987,-1.14785003662109,-1.79244995117188,1.79533743858337,2.54017496109009,2.57647490501404,13.6669502258301,10.242000579834,2.55195021629333,-6.81495046615601,-7.14495038986206,-2.77005004882812,-1.92600011825562,-4.92705011367798,-4.62195014953613,-0.62342500686645,-1.18332505226135,-3.56784987449646,-1.79244995117188,-2.58733749389648,-2.66956257820129,2.57647490501404,1.75065004825592,-5.25524997711182,2.55195021629333,-4.66095018386841,-12.2170505523682,-2.77005004882812,8.74200057983398,30.7189521789551,-4.62195014953613,-1.78695011138916,8.56395053863525,-5.09987497329712,-6.18777513504028,-5.85612487792969,2.9441499710083,6.79855012893677,9.99184989929199,-14.8475246429443,-19.6037864685059,-21.949125289917,-10.5310506820679,-19.125,-23.026050567627,43.396053314209,29.6910018920898,-2.78595018386841,17.2720508575439,11.2939500808716,-9.70905017852783,-3.72350001335144,-3.72350001335144,-4.18123769760132,11.2884750366211,11.2884750366211,4.61051225662231,-19.3905258178711,-19.3905258178711,-17.6961116790771,-12.2509508132935,-12.2509508132935,18.0040512084961,-48.5359535217285,-48.5359535217285,-60.7549514770508,-6.66105031967163,-6.66105031967163,6.24300050735474,-4.18123769760132,-14.9142122268677,-19.2442245483398,4.61051225662231,-8.70443725585938,-25.8654003143311,-17.6961116790771,-20.4862632751465,-19.718599319458,18.0040512084961,39.0640525817871,36.5440521240234,-60.7549514770508,-37.7779502868652,-24.9790515899658,6.24300050735474,1.78095006942749,-8.36295032501221,-19.9555130004883,-17.7145366668701,-5.75671243667603,-28.8397998809814,-27.2017631530762,-17.1396503448486,-17.8237133026123,-11.7459373474121,-5.91428756713867,17.1780014038086,-0.54405003786087,-18.5329513549805,-18.3090000152588,-5.31600046157837,3.26505017280579,-10.651050567627,-5.63595008850098,-8.99295043945312,-5.75671243667603,-2.91706252098083,-20.5660133361816,-17.1396503448486,-4.61532497406006,-23.0143375396729,-5.91428756713867,-5.23847484588623,-3.08893752098083,-18.5329513549805,-33.6480026245117,-32.5609512329102,3.26505017280579,30.178050994873,42.5620536804199,-8.99295043945312,-4.51500034332275,14.7120008468628,SHAKE
-3.72350001335144,-3.72350001335144,-4.18123769760132,11.2884750366211,11.2884750366211,4.61051225662231,-19.3905258178711,-19.3905258178711,-17.6961116790771,-12.2509508132935,-12.2509508132935,18.0040512084961,-48.5359535217285,-48.5359535217285,-60.7549514770508,-6.66105031967163,-6.66105031967163,6.24300050735474,-4.18123769760132,-14.9142122268677,-19.2442245483398,4.61051225662231,-8.70443725585938,-25.8654003143311,-17.6961116790771,-20.4862632751465,-19.718599319458,18.0040512084961,39.0640525817871,36.5440521240234,-60.7549514770508,-37.7779502868652,-24.9790515899658,6.24300050735474,1.78095006942749,-8.36295032501221,-19.9555130004883,-17.7145366668701,-5.75671243667603,-28.8397998809814,-27.2017631530762,-17.1396503448486,-17.8237133026123,-11.7459373474121,-5.91428756713867,17.1780014038086,-0.54405003786087,-18.5329513549805,-18.3090000152588,-5.31600046157837,3.26505017280579,-10.651050567627,-5.63595008850098,-8.99295043945312,-5.75671243667603,-2.91706252098083,-20.5660133361816,-17.1396503448486,-4.61532497406006,-23.0143375396729,-5.91428756713867,-5.23847484588623,-3.08893752098083,-18.5329513549805,-33.6480026245117,-32.5609512329102,3.26505017280579,30.178050994873,42.5620536804199,-8.99295043945312,-4.51500034332275,14.7120008468628,-20.5660133361816,-20.9591255187988,-19.4409866333008,-23.0143375396729,-22.7700004577637,-19.9106864929199,-3.08893752098083,-3.38373756408691,-5.47126245498657,-32.5609512329102,-33.0300025939941,-15.3360004425049,42.5620536804199,1.34595000743866,-65.8740005493164,14.7120008468628,-11.8339509963989,-6.06900024414062,-6.3122124671936,-10.8422870635986,-10.8422870635986,-11.6307125091553,-9.25924968719482,-9.25924968719482,-9.82643699645996,-17.5698871612549,-17.5698871612549,37.222053527832,55.7380523681641,55.7380523681641,-74.4550552368164,-36.0049514770508,-36.0049514770508,8.6380500793457,-2.61105012893677,-2.61105012893677,-16.0602741241455,-16.8305492401123,-15.6833877563477,-24.6889495849609,-26.8327121734619,-25.3171882629395,-17.6290130615234,-16.0205383300781,-11.7903499603271,37.1569519042969,10.5270004272461,-10.6270503997803,-32.9179496765137,-20.742000579834,-7.57200050354004,-15.7810506820679,-7.21095037460327,-8.42100048065186,-6.88366270065308,-3.53154993057251,-3.53154993057251,-17.342737197876,-4.90572500228882,-4.90572500228882,-4.8507251739502,-4.1512622833252,-4.1512622833252,-36.3160514831543,-30.2569522857666,-30.2569522857666,2.83095002174377,55.5340538024902,55.5340538024902,-11.5560007095337,6.63105010986328,6.63105010986328,-20.1763381958008,-20.1763381958008,-19.8732872009277,-21.590799331665,-21.590799331665,-20.9253005981445,-0.38568750023842,-0.38568750023842,-0.79062497615814,-39.0580520629883,-39.0580520629883,-29.7370510101318,26.3460006713867,26.3460006713867,-20.9599514007568,-12.0210008621216,-12.0210008621216,-19.8430500030518,-17.1954746246338,-17.1954746246338,4.5399751663208,-18.3955745697021,-18.3955745697021,3.85907506942749,-2.79963755607605,-2.79963755607605,-16.7712879180908,5.38005018234253,5.38005018234253,54.234001159668,-73.6360549926758,-73.6360549926758,-35.97705078125,6.68295049667358,6.68295049667358,-7.80105018615723,SHAKE
-6.88366270065308,-3.53154993057251,-3.53154993057251,-17.342737197876,-4.90572500228882,-4.90572500228882,-4.8507251739502,-4.1512622833252,-4.1512622833252,-36.3160514831543,-30.2569522857666,-30.2569522857666,2.83095002174377,55.5340538024902,55.5340538024902,-11.5560007095337,6.63105010986328,6.63105010986328,-20.1763381958008,-20.1763381958008,-19.8732872009277,-21.590799331665,-21.590799331665,-20.9253005981445,-0.38568750023842,-0.38568750023842,-0.79062497615814,-39.0580520629883,-39.0580520629883,-29.7370510101318,26.3460006713867,26.3460006713867,-20.9599514007568,-12.0210008621216,-12.0210008621216,-19.8430500030518,-17.1954746246338,-17.1954746246338,4.5399751663208,-18.3955745697021,-18.3955745697021,3.85907506942749,-2.79963755607605,-2.79963755607605,-16.7712879180908,5.38005018234253,5.38005018234253,54.234001159668,-73.6360549926758,-73.6360549926758,-35.97705078125,6.68295049667358,6.68295049667358,-7.80105018615723,3.07876253128052,3.07876253128052,3.16016244888306,5.12297487258911,5.12297487258911,6.30712509155273,-20.3079242706299,-20.3079242706299,-18.9442005157471,29.6160011291504,29.6160011291504,6.96795034408569,-32.965950012207,-32.965950012207,-16.9150505065918,-12.6310510635376,-12.6310510635376,-4.56704998016357,3.60758757591248,-1.27531254291534,-2.77103757858276,8.56624984741211,2.18776249885559,-3.50542497634888,-15.1772499084473,-8.16639995574951,-3.23839998245239,-11.203950881958,-29.824951171875,-30.8389511108398,-4.25699996948242,2.23305010795593,43.1590538024902,-9.53205013275146,-10.6030502319336,-2.5770001411438,-16.866024017334,-16.866024017334,-20.559549331665,-17.786449432373,-17.786449432373,-23.0018253326416,2.54691243171692,2.54691243171692,5.52365016937256,-22.0579509735107,-22.0579509735107,-33.928050994873,56.1010513305664,56.1010513305664,28.6230010986328,6.68295049667358,6.68295049667358,-9.73305034637451,-20.2265243530273,-16.9747867584229,-16.9747867584229,-22.1348876953125,-17.7768249511719,-17.7768249511719,5.9252872467041,4.04524993896484,4.04524993896484,-28.2640514373779,-7.35105037689209,-7.35105037689209,2.43900012969971,-47.4180030822754,-47.4180030822754,-16.525951385498,-6.80205011367798,-6.80205011367798,-2.35482501983643,11.8453502655029,12.6359748840332,-4.67458724975586,9.37488746643066,17.1773242950439,-4.26263761520386,-15.0541877746582,-19.2747497558594,36.6280517578125,61.9560012817383,40.6950035095215,-78.7180557250977,-48.4930534362793,-37.4830513000488,7.79700040817261,0.3870000243187,-7.57095050811768,12.8701372146606,12.8701372146606,12.4896745681763,18.3877372741699,18.3877372741699,19.4819622039795,-18.9107875823975,-18.9107875823975,-15.663724899292,14.5390510559082,14.5390510559082,-3.79200029373169,-23.427001953125,-23.427001953125,-9.37995052337646,2.08500003814697,2.08500003814697,-2.10495018959045,0.01856249943376,0.01856249943376,-6.27646255493164,0.89471250772476,0.89471250772476,-10.9810247421265,-2.67451238632202,-2.67451238632202,1.65123748779297,-35.1499519348145,-35.1499519348145,-25.5529518127441,15.1230010986328,15.1230010986328,54.4459533691406,-10.8970508575439,-10.8970508575439,-0.52695000171661,SHAKE
-6.27646255493164,-6.27646255493164,-17.875,-10.9810247421265,-10.9810247421265,-20.8283615112305,1.65123748779297,1.65123748779297,9.35165023803711,-25.5529518127441,-25.5529518127441,-29.7250518798828,54.4459533691406,54.4459533691406,43.9270515441895,-0.52695000171661,-0.52695000171661,-7.53000020980835,-17.0255241394043,-17.0255241394043,-10.7362747192383,-18.75830078125,-18.75830078125,-8.33084964752197,9.74187469482422,9.74187469482422,5.08543729782104,-21.2560501098633,-21.2560501098633,7.62705039978027,-12.9340505599976,-12.9340505599976,-57.4840545654297,-19.359001159668,-19.359001159668,6.37695026397705,2.88873744010925,2.88873744010925,14.9637126922607,0.46928748488426,0.46928748488426,17.9929752349854,-7.96894979476929,-7.96894979476929,-20.4733371734619,43.9210510253906,43.9210510253906,33.7969512939453,-76.8210067749023,-76.8210067749023,-29.6299514770508,17.4660015106201,17.4660015106201,-2.66100001335144,14.9637126922607,14.8894624710083,12.7628870010376,17.9929752349854,19.4866371154785,20.6692752838135,-20.4733371734619,-20.2006740570068,-14.9085750579834,33.7969512939453,11.0400009155273,-5.59305047988892,-29.6299514770508,-17.1490516662598,-8.88705062866211,-2.66100001335144,1.63695013523102,-4.63695001602173,0.80423748493195,-0.90186250209808,-0.90186250209808,5.92239999771118,-0.27541249990463,-0.27541249990463,-6.1892876625061,-2.52133750915527,-2.52133750915527,-20.5519504547119,-29.812952041626,-29.812952041626,0.29700002074242,28.0459518432617,28.0459518432617,-12.2910003662109,-13.7689504623413,-13.7689504623413,-13.6210250854492,-20.362512588501,-20.3403739929199,-13.2995500564575,-21.4587993621826,-21.5330505371094,0.57763749361038,5.16491270065308,5.15322494506836,-19.7380504608154,-30.4789505004883,-29.473051071167,55.828052520752,34.5490531921387,10.4790000915527,-3.77505016326904,-13.5889511108398,-16.525951385498,-18.5515003204346,-5.44843769073486,-5.44843769073486,-19.2449131011963,-8.2308874130249,-8.2308874130249,3.95257496833801,-0.38912498950958,-0.38912498950958,-12.8500509262085,24.1960506439209,24.1960506439209,-29.650951385498,-73.4560546875,-73.4560546875,-2.17200016975403,14.2900505065918,14.2900505065918,9.60410022735596,15.0409870147705,15.201587677002,1.69276249408722,15.4753503799438,17.1881866455078,-14.4416246414185,-18.9769248962402,-19.7161254882812,56.22900390625,46.0840530395508,22.4710502624512,-60.6190528869629,-39.3340530395508,-24.7770004272461,8.36700057983398,-6.67695045471191,-0.04605000093579,14.8897371292114,14.8897371292114,6.18117475509644,18.8199005126953,18.8199005126953,16.3759746551514,-18.0674991607666,-18.0674991607666,-8.47288703918457,4.12305021286011,4.12305021286011,-11.7499504089355,-11.9500503540039,-11.9500503540039,-5.02095031738281,2.26695013046265,2.26695013046265,-7.36995029449463,0.0796125009656,-3.02926254272461,-18.3595504760742,1.86931252479553,-4.65987491607666,-20.3318500518799,-3.72927498817444,-0.35378751158714,7.1862998008728,-26.5489521026611,-30.4939517974854,-21.855001449585,4.32795000076294,38.6659507751465,52.7479515075684,-14.0520009994507,-9.13005065917969,1.92000007629395,SHAKE
0.65903747081757,14.0666627883911,14.2672748565674,-1.35437500476837,14.0949878692627,17.216100692749,-5.00211238861084,-15.2171249389648,-17.7016124725342,47.7580528259277,54.118953704834,34.2090034484863,-72.0859527587891,-46.359001159668,-28.7239513397217,7.57905054092407,1.20795011520386,-1.96395003795624,14.2672748565674,14.1726751327515,12.8430500030518,17.216100692749,18.0900497436523,18.5011749267578,-17.7016124725342,-17.307674407959,-13.8445997238159,34.2090034484863,12.1699504852295,-3.4830002784729,-28.7239513397217,-15.1759510040283,-7.46595048904419,-1.96395003795624,2.94195008277893,-2.06505012512207,0.94173747301102,0.94173747301102,-7.41592502593994,5.24988746643066,5.24988746643066,-12.2208623886108,-5.47634983062744,-5.47634983062744,2.56574988365173,-17.3070011138916,-23.2819519042969,-19.9150505065918,-2.33100008964539,2.74305009841919,45.4669532775879,-10.7230501174927,-12.1690502166748,-1.03200006484985,-7.41592502593994,-18.4207382202148,-18.5960502624512,-12.2208623886108,-21.1626243591309,-20.9889621734619,2.56574988365173,10.449725151062,11.0078372955322,-19.9150505065918,-21.1870517730713,-25.0260009765625,45.4669532775879,38.2800025939941,16.0879516601562,-1.03200006484985,-1.74795007705688,-12.3490505218506,-18.5960502624512,-17.5228614807129,-10.563024520874,-20.9889621734619,-18.778787612915,-7.38416242599487,11.0078372955322,10.1370496749878,5.93051242828369,-20.8489513397217,9.45900058746338,9.45900058746338,7.68795013427734,-40.7239532470703,-40.7239532470703,-13.9489507675171,1.64400005340576,1.64400005340576,2.52628755569458,13.5718002319336,13.0513620376587,1.09560000896454,15.2231750488281,16.3154754638672,-7.26178741455078,-15.4736995697021,-17.7073879241943,43.8300018310547,48.3640518188477,13.1160001754761,-75.0870056152344,-49.0890007019043,-13.3219509124756,12.2880001068115,1.44105005264282,-3.3120002746582,13.0513620376587,10.9115877151489,-0.00343749998137,16.3154754638672,16.5577507019043,2.03169989585876,-17.7073879241943,-12.1082496643066,-4.10121250152588,13.1160001754761,-2.64405012130737,-17.7690010070801,-13.3219509124756,-6.8580002784729,-1.2679500579834,-3.3120002746582,-4.87905025482178,-9.76005077362061,-1.10728752613068,-1.10728752613068,-13.1575126647949,-1.17906248569489,-1.17906248569489,-11.6091251373291,-1.73923754692078,-1.73923754692078,-0.62012499570847,-26.5369510650635,-26.5369510650635,-18.1450500488281,21.0529518127441,21.0529518127441,46.4020538330078,-8.19795036315918,-8.19795036315918,-0.04995000362396,-20.8157119750977,-20.8157119750977,-19.2711753845215,-23.0851497650146,-23.0851497650146,-20.7846374511719,2.89918756484985,2.89918756484985,2.3174250125885,-23.0550003051758,-23.0550003051758,-4.84995031356812,9.91800022125244,9.91800022125244,-12.3379507064819,-13.0510501861572,-13.0510501861572,-6.81105041503906,-7.29465007781982,9.57715034484863,14.4325494766235,-11.1559247970581,4.24765014648438,17.1370372772217,1.45103752613068,-11.4093370437622,-14.8978500366211,26.1499519348145,50.6290512084961,43.3170013427734,-51.5950508117676,-65.3560562133789,-33.7039527893066,8.71005058288574,6.47505044937134,-8.12595081329346,SHAKE
-3.43048739433289,5.48542499542236,10.094012260437,-5.52969980239868,1.21247494220734,13.6052122116089,0.43463748693466,-13.8514747619629,-18.6221752166748,14.7739505767822,49.3510513305664,46.1800537109375,-50.9620513916016,-69.4159545898438,-34.8100509643555,7.2529501914978,11.3590507507324,-5.95905017852783,9.81832504272461,9.9424877166748,9.9424877166748,14.000937461853,14.8399620056152,14.8399620056152,-20.3297882080078,-19.6046123504639,-19.6046123504639,32.1610527038574,12.4380006790161,12.4380006790161,-14.0740509033203,-11.5519504547119,-11.5519504547119,-5.64705038070679,-2.01405000686646,-2.01405000686646,4.6553373336792,-1.44952499866486,-1.44952499866486,14.2852878570557,-2.4311375617981,-2.4311375617981,-7.83158731460571,-1.76027500629425,-1.76027500629425,-2.0500500202179,-25.8810005187988,-25.8810005187988,-7.82805013656616,10.687050819397,10.687050819397,-4.82400035858154,-9.10800075531006,-9.10800075531006,-10.7267875671387,-19.0212001800537,-19.0212001800537,-13.4770622253418,-24.6684627532959,-24.6684627532959,-0.46887499094009,4.58974981307983,4.58974981307983,-20.8939514160156,-18.070951461792,-18.070951461792,37.7320518493652,37.995002746582,37.995002746582,-0.69000005722046,-2.2390501499176,-2.2390501499176,-19.2590751647949,-17.6453742980957,-8.59911251068115,-24.9115619659424,-21.6345252990723,-11.1934623718262,5.2212872505188,5.26171255111694,4.33949995040894,-20.60205078125,-13.5970506668091,6.29505014419556,20.4060001373291,1.44000005722046,-29.9869518280029,-11.953950881958,-13.51305103302,0.43695002794266,0.64542502164841,0.64542502164841,12.6326751708984,-0.3634124994278,-0.3634124994278,15.4237871170044,-4.41127490997314,-4.41127490997314,-15.3220376968384,37.9549522399902,37.9549522399902,45.5070037841797,-73.465950012207,-73.465950012207,-50.6749534606934,15.8179512023926,15.8179512023926,4.97295045852661,12.2746248245239,12.3072128295898,11.4138746261597,16.5494995117188,17.2771492004395,17.8138122558594,-17.940450668335,-18.7563743591309,-15.2772121429443,36.3240013122559,18.3540000915527,2.66700005531311,-15.0439510345459,-8.050950050354,-7.69605016708374,-5.64495038986206,-3.78405022621155,-4.11899995803833,0.01704999990761,0.01704999990761,-0.66371250152588,2.69183754920959,2.69183754920959,-0.7870500087738,-4.75474977493286,-4.75474977493286,-2.48971247673035,-8.78805065155029,-8.78805065155029,-20.9299507141113,-4.28595018386841,-4.28595018386841,4.72305011749268,-8.17199993133545,-8.17199993133545,-11.5609502792358,-6.44448757171631,-18.8985500335693,-20.114049911499,-8.68889999389648,-22.7385120391846,-25.8780498504639,-2.4033625125885,2.54760003089905,3.02197504043579,-22.9849510192871,-13.5250511169434,-18.04905128479,26.3340015411377,41.628002166748,27.4279518127441,-5.63595008850098,1.11705005168915,-8.49495029449463,-19.2681503295898,-19.2681503295898,-13.6123628616333,-23.9999370574951,-23.9999370574951,-16.6332378387451,3.39363741874695,3.39363741874695,4.25479984283447,-16.135950088501,-16.135950088501,-5.59305047988892,12.0349502563477,12.0349502563477,-14.2129507064819,-12.5400009155273,-12.5400009155273,-7.79805040359497,SHAKE
-18.8985500335693,-20.114049911499,-19.2681503295898,-22.7385120391846,-25.8780498504639,-23.9999370574951,2.54760003089905,3.02197504043579,3.39363741874695,-13.5250511169434,-18.04905128479,-16.135950088501,41.628002166748,27.4279518127441,12.0349502563477,1.11705005168915,-8.49495029449463,-12.5400009155273,-19.2681503295898,-13.6123628616333,-1.11608743667603,-23.9999370574951,-16.6332378387451,-3.19797492027283,3.39363741874695,4.25479984283447,-1.80001246929169,-16.135950088501,-5.59305047988892,20.7180004119873,12.0349502563477,-14.2129507064819,-59.2080039978027,-12.5400009155273,-7.79805040359497,10.276050567627,11.2026748657227,11.9469623565674,11.9469623565674,6.52313756942749,15.4680624008179,15.4680624008179,-11.3400373458862,-15.7568120956421,-15.7568120956421,47.275951385498,42.4960517883301,42.4960517883301,-63.412052154541,-23.953950881958,-23.953950881958,8.33100032806396,-6.7300500869751,-6.7300500869751,11.912449836731,11.8926496505737,0.92331248521805,16.1567993164062,17.0196132659912,10.9891376495361,-16.8535118103027,-15.8397245407104,-6.88338756561279,26.4640522003174,9.18105030059814,-4.2679500579834,-9.54495048522949,-7.84695053100586,-5.40900039672852,-4.50705003738403,-1.92105007171631,-5.80995035171509,-0.00673749996349,-2.67286252975464,-2.67286252975464,2.79730010032654,-3.75553750991821,-3.75553750991821,-3.91476249694824,-2.32182502746582,-2.32182502746582,-16.2150001525879,-26.7450008392334,-26.7450008392334,-0.966000020504,16.6390514373779,16.6390514373779,-9.84600067138672,-7.71195030212402,-7.71195030212402,-16.4239616394043,-19.8313503265381,-19.5108375549316,-17.3271999359131,-25.4198989868164,-24.6730003356934,0.63305002450943,2.71837496757507,2.7971625328064,-15.7930507659912,-17.8860015869141,-20.6449508666992,43.7790031433105,35.6500511169434,18.0090007781982,1.67100012302399,-5.32695007324219,-12.7990503311157,-19.5108375549316,-3.29298758506775,2.47554993629456,-24.6730003356934,-7.4146876335144,1.76412498950958,2.7971625328064,-0.41552498936653,-7.78415012359619,-20.6449508666992,5.34705018997192,42.8719520568848,18.0090007781982,-40.1179504394531,-69.4660568237305,-12.7990503311157,0.8520000576973,9.74400043487549,2.47554993629456,13.3274621963501,13.3274621963501,1.76412498950958,18.003288269043,18.003288269043,-7.78415012359619,-15.9244251251221,-15.9244251251221,42.8719520568848,36.3499526977539,36.3499526977539,-69.4660568237305,-18.1219501495361,-18.1219501495361,9.74400043487549,-7.83405017852783,-7.83405017852783,13.3732500076294,11.1676120758057,0.0764499977231,19.1761627197266,18.3306751251221,4.21822500228882,-15.8734121322632,-10.7845373153687,-3.95504999160767,16.5049514770508,-1.39695012569427,-18.2410507202148,-10.2109508514404,-6.52305030822754,-1.49100005626678,-1.83705008029938,-4.67505025863647,-8.3899507522583,0.0764499977231,-1.21371245384216,-20.2347755432129,4.21822500228882,-0.40149998664856,-22.7060623168945,-3.95504999160767,-2.04710006713867,-0.04702499881387,-18.2410507202148,-32.2200012207031,-23.9460010528564,-1.49100005626678,22.1110515594482,36.8500518798828,-8.3899507522583,-7.78905057907104,-9.19695091247559,SHAKE
-18.4702377319336,11.0606374740601,11.0606374740601,-20.3380374908447,4.46902513504028,4.46902513504028,-2.21320009231567,-17.3174381256104,-17.3174381256104,-8.7180004119873,51.4840507507324,51.4840507507324,-26.943000793457,-60.3649520874023,-60.3649520874023,-6.36405038833618,5.38995027542114,5.38995027542114,13.4265995025635,13.2826375961304,12.7502374649048,17.2056503295898,17.9486999511719,19.1327133178711,-21.0795745849609,-21.2467746734619,-18.3705501556396,43.0950012207031,24.4140014648438,4.97595024108887,-22.303050994873,-15.3240003585815,-9.39900016784668,-12.9910507202148,-7.63800048828125,-5.03205013275146,2.71177506446838,-0.72600001096725,-6.15780019760132,14.2089748382568,-0.14258749783039,-8.31008720397949,-7.73423767089844,-3.01551246643066,-1.09944999217987,-12.4039506912231,-34.5319519042969,-29.3230514526367,-5.38995027542114,-1.08795011043549,42.6409530639648,-10.7250003814697,-15.7140007019043,1.33800005912781,-6.15780019760132,-19.1255626678467,-20.6170253753662,-8.31008720397949,-21.1191749572754,-24.0605754852295,-1.09944999217987,4.94780015945435,5.84361267089844,-29.3230514526367,-17.053050994873,-24.6190509796143,42.6409530639648,49.795051574707,29.4780006408691,1.33800005912781,2.80605006217957,-12.1980009078979,-19.6802368164062,-19.6802368164062,-14.3269500732422,-22.3161125183105,-22.3161125183105,-15.4380874633789,5.94288730621338,5.94288730621338,4.44840002059937,-21.3690013885498,-21.3690013885498,-11.3770503997803,10.3210506439209,10.3210506439209,-35.1619529724121,-11.6779508590698,-11.6779508590698,-0.22005000710487,-1.64944994449615,8.24051284790039,7.70151233673096,-4.95783758163452,3.25022506713867,13.2123746871948,-4.44001245498657,-16.9875755310059,-23.3090000152588,23.2879505157471,52.2720031738281,41.4229507446289,-78.7180557250977,-51.0390014648438,-20.8189506530762,16.6990509033203,9.62205028533936,-14.0539503097534,7.47683763504028,7.44741249084473,7.44741249084473,14.1996250152588,16.1734371185303,16.1734371185303,-24.1520118713379,-21.4076499938965,-21.4076499938965,22.3630504608154,2.84595012664795,2.84595012664795,-13.498950958252,-7.37295055389404,-7.37295055389404,-11.2350006103516,-9.93000030517578,-9.93000030517578,-1.38187503814697,-2.39662504196167,-12.4393501281738,10.4757127761841,-1.77993750572205,-10.1428251266479,-9.91622447967529,-4.43107509613037,-4.73220014572144,-16.8130512237549,-34.4359512329102,-18.7699508666992,-1.85205006599426,14.6530504226685,51.4890022277832,-15.2869510650635,-10.5570001602173,3.9100501537323,-20.9137496948242,-20.9137496948242,-19.7026500701904,-22.4618625640869,-22.4618625640869,-23.1156749725342,-0.04881250113249,-0.04881250113249,-0.05431250110269,-21.1390514373779,-21.1390514373779,-14.2530002593994,39.5449523925781,39.5449523925781,-9.86400032043457,-5.04195022583008,-5.04195022583008,-6.74895048141479,-19.7026500701904,1.41460001468658,1.41460001468658,-23.1156749725342,-5.55114984512329,-5.55114984512329,-0.05431250110269,-14.6040124893188,-14.6040124893188,4.98000001907349,45.492000579834,45.492000579834,-70.4359512329102,-75.7720565795898,-75.7720565795898,10.44105052948,5.36595010757446,5.36595010757446,SHAKE
-18.285436630249,-18.2287864685059,-18.2287864685059,-26.4382247924805,-26.978874206543,-26.978874206543,3.84738755226135,5.35920000076294,5.35920000076294,-19.230001449585,-23.9959506988525,-23.9959506988525,41.3530502319336,22.8010501861572,22.8010501861572,5.70600032806396,-7.79805040359497,-7.79805040359497,-16.0512008666992,-8.09847450256348,-0.51356250047684,-23.5058994293213,-12.4916000366211,-1.28823745250702,6.55806255340576,4.66069984436035,-3.36407494544983,-18.127950668335,-3.01095008850098,30.4200019836426,8.02395057678223,-27.7330513000488,-69.8370056152344,-11.2930507659912,-6.02100038528442,5.44305038452148,-0.51356250047684,6.97812509536743,6.97812509536743,-1.28823745250702,13.0102500915527,13.0102500915527,-3.36407494544983,-19.1532001495361,-19.1532001495361,30.4200019836426,43.219051361084,43.219051361084,-69.8370056152344,-21.6060009002686,-21.6060009002686,5.44305038452148,-14.5810508728027,-14.5810508728027,6.8215126991272,6.84172487258911,-1.17589998245239,13.7224998474121,14.7043876647949,5.76138734817505,-20.1060752868652,-17.5667247772217,-7.07891225814819,23.439001083374,5.1889500617981,-10.0690507888794,-13.3459510803223,-9.32700061798096,-5.90700006484985,-9.03404998779297,-4.08599996566772,-6.71295022964478,-0.56388747692108,-4.10643768310547,-4.10643768310547,0.20226250588894,-6.32706260681152,-6.32706260681152,-2.88667488098145,-1.32137501239777,-1.32137501239777,-24.8650512695312,-26.6710510253906,-26.6710510253906,0.28500002622604,29.428050994873,29.428050994873,-9.28800010681152,-2.03805017471313,-2.03805017471313,-17.1265869140625,-18.9688129425049,-18.3243503570557,-21.2011241912842,-25.5998878479004,-24.1861114501953,4.43671226501465,5.55981254577637,5.87798738479614,-17.3710498809814,-24.9040508270264,-22.4899501800537,48.1039505004883,30.1990509033203,14.4109506607056,5.35905027389526,-9.08400058746338,-13.3950004577637,-18.3243503570557,-1.51579999923706,-1.51579999923706,-24.1861114501953,-3.93676257133484,-3.93676257133484,5.87798738479614,-2.11131238937378,-2.11131238937378,-22.4899501800537,20.1360015869141,20.1360015869141,14.4109506607056,-64.0390548706055,-64.0390548706055,-13.3950004577637,5.58195018768311,5.58195018768311,8.16653728485107,11.7639503479004,11.5165872573853,3.77300000190735,17.3035507202148,18.5359630584717,-14.8213996887207,-19.2472496032715,-20.4609622955322,53.1750030517578,45.8250007629395,27.867000579834,-64.7070007324219,-34.0339508056641,-16.7610015869141,6.89400053024292,-11.8650007247925,-9.32400035858154,11.4824876785278,3.61899995803833,-0.44948750734329,19.4882869720459,16.4159870147705,1.9875625371933,-19.133674621582,-7.54132509231567,-3.19522500038147,7.01895046234131,-11.5750503540039,-30.2730007171631,-10.7020502090454,-6.11295032501221,6.20100021362305,-4.63695001602173,-8.08995056152344,-7.76895046234131,-0.44948750734329,-4.03039979934692,-19.0247745513916,1.9875625371933,-4.22853755950928,-19.7033367156982,-3.19522500038147,-2.12052488327026,2.48572492599487,-30.2730007171631,-24.8580017089844,-21.6679515838623,6.20100021362305,44.203052520752,44.7010536193848,-7.76895046234131,0.58605003356934,-1.0159500837326,SHAKE
-1.51579999923706,-1.51579999923706,8.16653728485107,-3.93676257133484,-3.93676257133484,3.77300000190735,-2.11131238937378,-2.11131238937378,-14.8213996887207,20.1360015869141,20.1360015869141,53.1750030517578,-64.0390548706055,-64.0390548706055,-64.7070007324219,5.58195018768311,5.58195018768311,6.89400053024292,11.7639503479004,11.5165872573853,11.4824876785278,17.3035507202148,18.5359630584717,19.4882869720459,-19.2472496032715,-20.4609622955322,-19.133674621582,45.8250007629395,27.867000579834,7.01895046234131,-34.0339508056641,-16.7610015869141,-10.7020502090454,-11.8650007247925,-9.32400035858154,-4.63695001602173,3.61899995803833,-0.44948750734329,-0.44948750734329,16.4159870147705,1.9875625371933,1.9875625371933,-7.54132509231567,-3.19522500038147,-3.19522500038147,-11.5750503540039,-30.2730007171631,-30.2730007171631,-6.11295032501221,6.20100021362305,6.20100021362305,-8.08995056152344,-7.76895046234131,-7.76895046234131,-4.03039979934692,-19.0247745513916,-19.0247745513916,-4.22853755950928,-19.7033367156982,-19.7033367156982,-2.12052488327026,2.48572492599487,2.48572492599487,-24.8580017089844,-21.6679515838623,-21.6679515838623,44.203052520752,44.7010536193848,44.7010536193848,0.58605003356934,-1.0159500837326,-1.0159500837326,-20.0986499786377,-20.0986499786377,-16.1380996704102,-22.7099132537842,-22.7099132537842,-18.1394119262695,1.98660004138947,1.98660004138947,1.10316252708435,-20.4900016784668,-20.4900016784668,-7.61895036697388,7.31205034255981,7.31205034255981,-49.2090034484863,-13.5010509490967,-13.5010509490967,-2.12700009346008,-0.32202500104904,-0.32202500104904,11.5295124053955,-4.11647510528564,-4.11647510528564,10.3186874389648,-7.84973764419556,-7.84973764419556,-17.6708126068115,31.0240516662598,31.0240516662598,56.5860023498535,-78.7180557250977,-78.7180557250977,-43.995002746582,12.8790006637573,12.8790006637573,1.05300009250641,11.5295124053955,10.8912372589111,10.8288125991821,10.3186874389648,15.3441753387451,16.4041633605957,-17.6708126068115,-21.8887615203857,-21.5780124664307,56.5860023498535,17.401050567627,17.401050567627,-43.995002746582,-17.6830501556396,-17.6830501556396,1.05300009250641,-9.78405094146729,-9.78405094146729,10.0376377105713,-0.61091250181198,-1.39397501945496,17.5400505065918,6.63822507858276,-0.31432500481606,-17.0141124725342,-7.30372476577759,-3.32186245918274,-0.69000005722046,-15.4890003204346,-29.6599521636963,-8.58000087738037,-3.07395005226135,4.41000032424927,-5.78400039672852,-8.43495082855225,-8.60100078582764,-1.39397501945496,-18.5425624847412,-19.9232006072998,-0.31432500481606,-21.8167133331299,-24.1021003723145,-3.32186245918274,5.85090017318726,7.93993759155273,-29.6599521636963,-18.8850002288818,-24.5970020294189,4.41000032424927,45.0100517272949,28.8120021820068,-8.60100078582764,2.13795018196106,-11.8890008926392,-18.4604740142822,-18.4604740142822,-12.4932498931885,-22.006462097168,-22.006462097168,-13.5650625228882,8.80329990386963,8.80329990386963,6.43101263046265,-19.0600509643555,-19.0600509643555,-6.33000040054321,10.6180505752563,10.6180505752563,-35.3920516967773,-14.2579507827759,-14.2579507827759,-5.3100004196167,SHAKE
-1.39397501945496,-1.39397501945496,-18.5425624847412,-0.31432500481606,-0.31432500481606,-21.8167133331299,-3.32186245918274,-3.32186245918274,5.85090017318726,-29.6599521636963,-29.6599521636963,-18.8850002288818,4.41000032424927,4.41000032424927,45.0100517272949,-8.60100078582764,-8.60100078582764,2.13795018196106,-19.9232006072998,-18.4604740142822,-18.4604740142822,-24.1021003723145,-22.006462097168,-22.006462097168,7.93993759155273,8.80329990386963,8.80329990386963,-24.5970020294189,-19.0600509643555,-19.0600509643555,28.8120021820068,10.6180505752563,10.6180505752563,-11.8890008926392,-14.2579507827759,-14.2579507827759,-12.4932498931885,11.7573499679565,11.7573499679565,-13.5650625228882,10.6457996368408,10.6457996368408,6.43101263046265,-15.3067750930786,-15.3067750930786,-6.33000040054321,55.1440544128418,55.1440544128418,-35.3920516967773,-49.9750518798828,-49.9750518798828,-5.3100004196167,5.77800035476685,5.77800035476685,11.5274496078491,11.5274496078491,11.5878124237061,16.0851631164551,16.0851631164551,17.0471115112305,-20.0875129699707,-20.0875129699707,-20.3550872802734,40.4479522705078,40.4479522705078,16.6969509124756,-19.7860507965088,-19.7860507965088,-16.336950302124,-10.9050006866455,-10.9050006866455,-5.40795040130615,11.0013751983643,-0.03162499889731,-0.9094250202179,18.0853748321533,7.66521263122559,0.24406249821186,-16.5992755889893,-6.33022499084473,-2.09907507896423,-1.63095009326935,-20.4540004730225,-36.6850509643555,-9.18795013427734,-2.65905022621155,21.951000213623,-4.84305000305176,-10.5019502639771,-6.55995035171509,-12.9432878494263,-12.9432878494263,-20.0311374664307,-11.1443748474121,-11.1443748474121,-22.5370750427246,-1.35300004482269,-1.35300004482269,2.15476250648499,-21.1320018768311,-21.1320018768311,-26.6539516448975,51.7780532836914,51.7780532836914,41.9160003662109,3.99600028991699,3.99600028991699,-6.8430004119873,-20.5464878082275,-19.0584621429443,-19.0584621429443,-23.5335369110107,-21.5733375549316,-21.5733375549316,2.2864875793457,1.63363754749298,1.63363754749298,-27.1000518798828,-23.0119514465332,-23.0119514465332,25.045051574707,-22.6080017089844,-22.6080017089844,-12.2269506454468,-12.3510007858276,-12.3510007858276,-6.67108726501465,2.7335000038147,10.7988376617432,-11.9798250198364,-2.10883760452271,14.5217876434326,-1.28191244602203,-13.9479999542236,-21.4960632324219,7.1569504737854,52.4089508056641,48.3490524291992,-78.7180557250977,-70.6519546508789,-28.4590511322021,10.8559503555298,10.0870504379272,-19.7250003814697,9.94853782653809,9.94853782653809,7.16966247558594,16.0276870727539,16.0276870727539,18.412899017334,-23.3088626861572,-23.3088626861572,-12.4047002792358,29.628002166748,29.628002166748,-6.46005010604858,-19.1160011291504,-19.1160011291504,-6.64005041122437,-18.2880001068115,-18.2880001068115,-10.3699502944946,-1.39713752269745,-4.26483726501465,-4.26483726501465,1.94521248340607,-4.16088724136353,-4.16088724136353,-6.18117475509644,-3.5873749256134,-3.5873749256134,-20.8800010681152,-32.3590507507324,-32.3590507507324,-1.1910001039505,16.5280513763428,16.5280513763428,-10.7320508956909,-6.57000017166138,-6.57000017166138,SHAKE
-19.0584621429443,-6.67108726501465,2.7335000038147,-21.5733375549316,-11.9798250198364,-2.10883760452271,1.63363754749298,-1.28191244602203,-13.9479999542236,-23.0119514465332,7.1569504737854,52.4089508056641,-22.6080017089844,-78.7180557250977,-70.6519546508789,-12.3510007858276,10.8559503555298,10.0870504379272,10.7988376617432,9.94853782653809,9.94853782653809,14.5217876434326,16.0276870727539,16.0276870727539,-21.4960632324219,-23.3088626861572,-23.3088626861572,48.3490524291992,29.628002166748,29.628002166748,-28.4590511322021,-19.1160011291504,-19.1160011291504,-19.7250003814697,-18.2880001068115,-18.2880001068115,7.16966247558594,-1.39713752269745,-4.26483726501465,18.412899017334,1.94521248340607,-4.16088724136353,-12.4047002792358,-6.18117475509644,-3.5873749256134,-6.46005010604858,-20.8800010681152,-32.3590507507324,-6.64005041122437,-1.1910001039505,16.5280513763428,-10.3699502944946,-10.7320508956909,-6.57000017166138,-4.26483726501465,-13.6195125579834,-19.085412979126,-4.16088724136353,-15.5387372970581,-24.0861492156982,-3.5873749256134,0.6239749789238,5.43730020523071,-32.3590507507324,-21.3949508666992,-23.6730003356934,16.5280513763428,45.7690505981445,21.6060009002686,-6.57000017166138,7.18200016021729,-11.2450504302979,-18.9197254180908,-15.6388378143311,-6.47061252593994,-24.2462005615234,-19.8230991363525,-9.28125,7.33782482147217,7.80999994277954,3.82373738288879,-23.6730003356934,-16.3870506286621,-2.52195000648499,21.6060009002686,5.65500020980835,-38.7640533447266,-11.2450504302979,-13.44105052948,-1.87995004653931,0.11055000126362,0.11055000126362,11.9328002929688,-1.40208745002747,-1.40208745002747,13.020562171936,-5.90094995498657,-5.90094995498657,-17.4869747161865,30.2479515075684,30.2479515075684,51.6019515991211,-78.7180557250977,-78.7180557250977,-49.2829513549805,9.0930004119873,9.0930004119873,0.71505004167557,11.585337638855,11.6751251220703,10.8436622619629,17.5613632202148,18.6434879302979,19.5526371002197,-22.1214122772217,-22.8524990081787,-17.5399131774902,40.3429527282715,18.409049987793,3.02805018424988,-16.3229999542236,-15.2140502929688,-9.52395057678223,-12.8250007629395,-6.86205053329468,-4.15305042266846,-0.11893749982119,-0.76477497816086,-0.76477497816086,6.11957502365112,0.19126249849796,0.19126249849796,-7.05952501296997,-3.66877508163452,-3.66877508163452,-7.87995052337646,-20.7720012664795,-20.7720012664795,-4.70205020904541,-0.84900003671646,-0.84900003671646,-6.74700021743774,-10.9020004272461,-10.9020004272461,-5.2256875038147,-16.9930744171143,-19.5405368804932,-6.94484996795654,-20.7273006439209,-24.8091239929199,-1.54935002326965,4.24352502822876,7.26426267623901,-29.4019508361816,-15.4099502563477,-21.9190502166748,23.9029502868652,47.2090530395508,33.2980499267578,-6.56205034255981,4.96395015716553,-5.86800050735474,-18.6734619140625,-14.3477125167847,-14.3477125167847,-23.5714874267578,-16.9439868927002,-16.9439868927002,8.78707504272461,7.83983755111694,7.83983755111694,-19.4500503540039,-11.1300001144409,-11.1300001144409,19.6710014343262,-13.8199510574341,-13.8199510574341,-11.8909502029419,-12.0949506759644,-12.0949506759644,SHAKE
-14.3477125167847,-2.1515998840332,8.96527481079102,-16.9439868927002,-3.7427499294281,3.2155749797821,7.83983755111694,-0.46364998817444,-14.2318000793457,-11.1300001144409,10.4650506973267,48.6199531555176,-13.8199510574341,-77.7049560546875,-72.984001159668,-12.0949506759644,3.42600011825562,5.42805004119873,13.2819499969482,12.9324245452881,12.5560874938965,16.6024379730225,17.0117740631104,17.6807117462158,-20.0627632141113,-21.3317489624023,-18.7460632324219,49.0489540100098,23.5320014953613,4.03695011138916,-22.0660514831543,-17.5660514831543,-9.66495037078857,-11.53005027771,-13.7590503692627,-4.82805013656616,12.5560874938965,4.36562490463257,-0.43395000696182,17.6807117462158,15.1714744567871,1.30955004692078,-18.7460632324219,-7.58958768844604,-3.24472498893738,4.03695011138916,-10.7779502868652,-27.2800521850586,-9.66495037078857,-1.37595009803772,8.75205039978027,-4.82805013656616,-6.2920503616333,-7.36200046539307,-0.43395000696182,-5.62333726882935,-20.8346881866455,1.30955004692078,-4.41498756408691,-24.1370239257812,-3.24472498893738,-3.64471244812012,1.44663751125336,-27.2800521850586,-25.5310516357422,-21.9550514221191,8.75205039978027,35.7960014343262,29.0590515136719,-7.36200046539307,-2.66595005989075,-9.28995037078857,-20.8346881866455,-14.5521745681763,-14.5521745681763,-24.1370239257812,-18.0478382110596,-18.0478382110596,1.44663751125336,3.22795009613037,3.22795009613037,-21.9550514221191,-7.02195024490356,-7.02195024490356,29.0590515136719,-34.7700004577637,-34.7700004577637,-9.28995037078857,-8.09295082092285,-8.09295082092285,-0.52098751068115,-0.52098751068115,13.8461122512817,-3.18298745155334,-3.18298745155334,11.536524772644,-5.29086256027222,-5.29086256027222,-15.2871122360229,24.6100521087646,24.6100521087646,51.0250511169434,-78.670051574707,-78.670051574707,-49.0060539245605,6.83700037002563,6.83700037002563,6.16605043411255,14.8909749984741,14.8550872802734,13.6424751281738,18.5938491821289,19.2956504821777,19.6831245422363,-19.3995990753174,-19.4980506896973,-15.5013370513916,38.2620010375977,21.3409519195557,6.86505031585693,-23.5849514007568,-16.7160015106201,-9.80895042419434,-7.12305021286011,-4.300950050354,-1.98600006103516,1.47963750362396,1.47963750362396,0.01526249945164,9.6886625289917,9.6886625289917,1.96185004711151,-6.80322504043579,-6.80322504043579,-4.08388757705688,-3.28395009040833,-3.28395009040833,-15.0340509414673,-3.85200023651123,-3.85200023651123,-1.35705006122589,-5.28795003890991,-5.28795003890991,-9.21405029296875,-2.56107497215271,-14.92067527771,-14.92067527771,-3.40876245498657,-18.0966491699219,-18.0966491699219,-1.83480000495911,2.93424987792969,2.93424987792969,-28.900951385498,-17.0839500427246,-17.0839500427246,16.0780506134033,42.1459503173828,42.1459503173828,-7.72395038604736,4.31505012512207,4.31505012512207,-19.4917240142822,-19.1665382385254,-16.8513126373291,-24.6815242767334,-24.4437866210938,-19.90793800354,7.96207475662231,9.80952453613281,8.61464977264404,-18.4039516448975,-19.8690013885498,-13.5370502471924,35.578052520752,23.0119514465332,-0.966000020504,0.84195005893707,-7.25700044631958,-11.8150501251221,SHAKE
12.7389621734619,12.7389621734619,13.6038370132446,9.4976749420166,9.4976749420166,17.402961730957,-15.0884246826172,-15.0884246826172,-19.4986000061035,51.7500038146973,51.7500038146973,40.4599533081055,-62.6209526062012,-62.6209526062012,-29.4169521331787,6.25200033187866,6.25200033187866,-7.76505041122437,13.6038370132446,13.1598501205444,1.29827499389648,17.402961730957,18.7119617462158,9.89271259307861,-19.4986000061035,-17.4321117401123,-7.41069984436035,40.4599533081055,7.1650505065918,-5.11605024337769,-29.4169521331787,-10.47705078125,-5.18400001525879,-7.76505041122437,-2.11005020141602,-6.13095045089722,1.29827499389648,0.05637500062585,-2.26132488250732,9.89271259307861,1.32123744487762,-2.8050000667572,-7.41069984436035,-4.06505012512207,-2.36211252212524,-5.11605024337769,-13.9660511016846,-23.5740013122559,-5.18400001525879,1.08795011043549,14.6479511260986,-6.13095045089722,-9.01005077362061,-6.31605052947998,-2.26132488250732,-19.4321880340576,-19.5750503540039,-2.8050000667572,-23.8067493438721,-23.7681121826172,-2.36211252212524,6.71096229553223,8.83162498474121,-23.5740013122559,-15.3310508728027,-15.7120504379272,14.6479511260986,30.1900520324707,24.4510517120361,-6.31605052947998,-1.16400003433228,-6.81405019760132,-17.5975246429443,-17.5975246429443,-7.08413743972778,-20.151725769043,-20.151725769043,-6.4898624420166,9.36567497253418,9.36567497253418,6.48848724365234,-10.873950958252,-10.873950958252,3.00405025482178,12.3370504379272,12.3370504379272,-17.8489513397217,-12.9480009078979,-12.9480009078979,-11.2930507659912,0.89182502031326,0.89182502031326,17.8094120025635,3.69930005073547,3.69930005073547,22.4448127746582,-0.73617500066757,-0.73617500066757,-10.2635498046875,26.4880504608154,26.4880504608154,38.1229515075684,-69.72705078125,-69.72705078125,-16.2919502258301,-4.38795042037964,-4.38795042037964,1.45995008945465,18.0900497436523,16.7888870239258,16.7888870239258,23.0898246765137,21.0692615509033,21.0692615509033,-11.0273628234863,-8.58027458190918,-8.58027458190918,19.5949516296387,6.52005052566528,6.52005052566528,-10.44105052948,-7.47105026245117,-7.47105026245117,0.18105000257492,0.70800000429153,0.70800000429153,2.46303749084473,0.81661248207092,0.81661248207092,8.44923782348633,2.63532495498657,2.63532495498657,-2.43416237831116,-1.71270000934601,-1.71270000934601,-15.28005027771,-15.28005027771,-15.28005027771,2.30400013923645,2.30400013923645,2.30400013923645,-9.68100070953369,-9.68100070953369,-9.68100070953369,-15.8888120651245,-17.4677257537842,-17.205924987793,-19.6019992828369,-23.0977993011475,-22.4554004669189,-2.80101251602173,-3.34537506103516,-2.6889500617981,-15.9439506530762,-18.0850505828857,-16.9789505004883,38.5840530395508,28.2280521392822,16.6290016174316,5.47905015945435,-2.44500017166138,-8.13600063323975,-15.2867002487183,-15.2867002487183,-0.64074999094009,-19.2059993743896,-19.2059993743896,-0.69382500648499,-1.06892502307892,-1.06892502307892,-2.36348748207092,-6.77295017242432,-6.77295017242432,16.5220508575439,-5.1340503692627,-5.1340503692627,-47.9329528808594,-14.7220506668091,-14.7220506668091,-6.73695039749146,SHAKE
0.89182502031326,0.89182502031326,17.8094120025635,3.69930005073547,3.69930005073547,22.4448127746582,-0.73617500066757,-0.73617500066757,-10.2635498046875,26.4880504608154,26.4880504608154,38.1229515075684,-69.72705078125,-69.72705078125,-16.2919502258301,-4.38795042037964,-4.38795042037964,1.45995008945465,18.0900497436523,16.7888870239258,16.7888870239258,23.0898246765137,21.0692615509033,21.0692615509033,-11.0273628234863,-8.58027458190918,-8.58027458190918,19.5949516296387,6.52005052566528,6.52005052566528,-10.44105052948,-7.47105026245117,-7.47105026245117,0.18105000257492,0.70800000429153,0.70800000429153,2.46303749084473,0.81661248207092,0.81661248207092,8.44923782348633,2.63532495498657,2.63532495498657,-2.43416237831116,-1.71270000934601,-1.71270000934601,-15.28005027771,-15.28005027771,-15.28005027771,2.30400013923645,2.30400013923645,2.30400013923645,-9.68100070953369,-9.68100070953369,-9.68100070953369,-15.8888120651245,-17.4677257537842,-17.205924987793,-19.6019992828369,-23.0977993011475,-22.4554004669189,-2.80101251602173,-3.34537506103516,-2.6889500617981,-15.9439506530762,-18.0850505828857,-16.9789505004883,38.5840530395508,28.2280521392822,16.6290016174316,5.47905015945435,-2.44500017166138,-8.13600063323975,-15.2867002487183,-15.2867002487183,-0.64074999094009,-19.2059993743896,-19.2059993743896,-0.69382500648499,-1.06892502307892,-1.06892502307892,-2.36348748207092,-6.77295017242432,-6.77295017242432,16.5220508575439,-5.1340503692627,-5.1340503692627,-47.9329528808594,-14.7220506668091,-14.7220506668091,-6.73695039749146,10.3593873977661,10.3593873977661,16.4543495178223,9.20438766479492,9.20438766479492,20.7059879302979,-10.0629377365112,-10.0629377365112,-11.7541875839233,43.7269515991211,43.7269515991211,48.0910530090332,-75.9109573364258,-75.9109573364258,-33.9769515991211,-6.65100049972534,-6.65100049972534,-5.36700010299683,16.1650505065918,16.1650505065918,6.8272876739502,21.1176624298096,21.1176624298096,14.788125038147,-11.9675874710083,-11.9675874710083,-3.80448746681213,11.6050500869751,11.6050500869751,-1.85400009155273,-9.44505023956299,-9.44505023956299,-4.91805028915405,-3.81795024871826,-3.81795024871826,-4.06695032119751,6.8272876739502,0.53377497196197,-1.26376247406006,14.788125038147,2.76567506790161,-0.9179499745369,-3.80448746681213,-2.19353747367859,-1.50631248950958,-1.85400009155273,-13.2520503997803,-28.945951461792,-4.91805028915405,0.36405003070831,11.7430505752563,-4.06695032119751,-8.55000019073486,-8.94795036315918,-1.26376247406006,-12.8079872131348,-19.3345623016357,-0.9179499745369,-12.9904499053955,-23.8200874328613,-1.50631248950958,-0.24213749170303,3.49332499504089,-28.945951461792,-20.896951675415,-19.5889511108398,11.7430505752563,41.1300010681152,37.6909523010254,-8.94795036315918,7.0620002746582,1.78095006942749,-17.6815376281738,-17.6815376281738,-6.01370000839233,-21.5340118408203,-21.5340118408203,-9.88583755493164,3.81988739967346,3.81988739967346,1.56846249103546,-16.7100009918213,-16.7100009918213,5.47095012664795,1.96395003795624,1.96395003795624,-46.1100006103516,-15.3190507888794,-15.3190507888794,-5.0460000038147,SHAKE
10.3593873977661,10.3593873977661,16.4543495178223,9.20438766479492,9.20438766479492,20.7059879302979,-10.0629377365112,-10.0629377365112,-11.7541875839233,43.7269515991211,43.7269515991211,48.0910530090332,-75.9109573364258,-75.9109573364258,-33.9769515991211,-6.65100049972534,-6.65100049972534,-5.36700010299683,16.1650505065918,16.1650505065918,6.8272876739502,21.1176624298096,21.1176624298096,14.788125038147,-11.9675874710083,-11.9675874710083,-3.80448746681213,11.6050500869751,11.6050500869751,-1.85400009155273,-9.44505023956299,-9.44505023956299,-4.91805028915405,-3.81795024871826,-3.81795024871826,-4.06695032119751,6.8272876739502,0.53377497196197,-1.26376247406006,14.788125038147,2.76567506790161,-0.9179499745369,-3.80448746681213,-2.19353747367859,-1.50631248950958,-1.85400009155273,-13.2520503997803,-28.945951461792,-4.91805028915405,0.36405003070831,11.7430505752563,-4.06695032119751,-8.55000019073486,-8.94795036315918,-1.26376247406006,-12.8079872131348,-19.3345623016357,-0.9179499745369,-12.9904499053955,-23.8200874328613,-1.50631248950958,-0.24213749170303,3.49332499504089,-28.945951461792,-20.896951675415,-19.5889511108398,11.7430505752563,41.1300010681152,37.6909523010254,-8.94795036315918,7.0620002746582,1.78095006942749,-17.6815376281738,-17.6815376281738,-6.01370000839233,-21.5340118408203,-21.5340118408203,-9.88583755493164,3.81988739967346,3.81988739967346,1.56846249103546,-16.7100009918213,-16.7100009918213,5.47095012664795,1.96395003795624,1.96395003795624,-46.1100006103516,-15.3190507888794,-15.3190507888794,-5.0460000038147,2.927649974823,2.927649974823,13.8899745941162,1.24080002307892,1.24080002307892,17.1270008087158,-8.92388725280762,-8.92388725280762,-16.737325668335,40.0789527893066,40.0789527893066,36.3649520874023,-78.7180557250977,-78.7180557250977,-19.5130500793457,2.14305019378662,2.14305019378662,-18.6360015869141,13.1778621673584,12.985912322998,10.5946502685547,18.2448749542236,18.6008625030518,18.2550506591797,-18.9851741790771,-18.3005619049072,-11.5589370727539,36.3649520874023,13.9500007629395,-4.12005043029785,-19.5130500793457,-15.3169507980347,-9.23895072937012,-18.6360015869141,-8.97900009155273,-6.97200012207031,10.5946502685547,-0.16390000283718,-1.23557496070862,18.2550506591797,2.80802488327026,-1.18250000476837,-11.5589370727539,-3.78028750419617,-0.99756246805191,-4.12005043029785,-34.8049507141113,-34.8049507141113,-9.23895072937012,11.4610509872437,11.4610509872437,-6.97200012207031,-7.11795043945312,-7.11795043945312,-18.4416370391846,-18.4416370391846,-19.1648864746094,-22.8628120422363,-22.8628120422363,-23.7444629669189,6.96176242828369,6.96176242828369,7.95561265945435,-24.4750518798828,-24.4750518798828,-25.7280006408691,40.6300506591797,40.6300506591797,25.5220508575439,1.18395006656647,1.18395006656647,-13.1149501800537,-17.6396007537842,-17.6396007537842,-8.87108707427979,-20.7505378723145,-20.7505378723145,-9.86521244049072,8.08664989471436,8.08664989471436,5.75327491760254,-16.159049987793,4.3289999961853,4.3289999961853,7.27905035018921,-40.4070014953613,-40.4070014953613,-19.6750507354736,-9.03194999694824,-9.03194999694824,SHAKE
2.927649974823,2.927649974823,13.8899745941162,1.24080002307892,1.24080002307892,17.1270008087158,-8.92388725280762,-8.92388725280762,-16.737325668335,40.0789527893066,40.0789527893066,36.3649520874023,-78.7180557250977,-78.7180557250977,-19.5130500793457,2.14305019378662,2.14305019378662,-18.6360015869141,13.1778621673584,12.985912322998,10.5946502685547,18.2448749542236,18.6008625030518,18.2550506591797,-18.9851741790771,-18.3005619049072,-11.5589370727539,36.3649520874023,13.9500007629395,-4.12005043029785,-19.5130500793457,-15.3169507980347,-9.23895072937012,-18.6360015869141,-8.97900009155273,-6.97200012207031,10.5946502685547,-0.16390000283718,-1.23557496070862,18.2550506591797,2.80802488327026,-1.18250000476837,-11.5589370727539,-3.78028750419617,-0.99756246805191,-4.12005043029785,-34.8049507141113,-34.8049507141113,-9.23895072937012,11.4610509872437,11.4610509872437,-6.97200012207031,-7.11795043945312,-7.11795043945312,-18.4416370391846,-18.4416370391846,-19.1648864746094,-22.8628120422363,-22.8628120422363,-23.7444629669189,6.96176242828369,6.96176242828369,7.95561265945435,-24.4750518798828,-24.4750518798828,-25.7280006408691,40.6300506591797,40.6300506591797,25.5220508575439,1.18395006656647,1.18395006656647,-13.1149501800537,-17.6396007537842,-17.6396007537842,-8.87108707427979,-20.7505378723145,-20.7505378723145,-9.86521244049072,8.08664989471436,8.08664989471436,5.75327491760254,-16.159049987793,4.3289999961853,4.3289999961853,7.27905035018921,-40.4070014953613,-40.4070014953613,-19.6750507354736,-9.03194999694824,-9.03194999694824,0.87972497940063,14.2792377471924,14.6898126602173,1.77691245079041,16.5948753356934,20.9873123168945,-3.52453756332397,-12.5167627334595,-15.3859748840332,37.4260520935059,53.4049530029297,35.5139999389648,-78.7180557250977,-46.1100006103516,-16.3690509796143,0.66195005178452,4.87305021286011,-9.14700031280518,14.7988500595093,13.5275249481201,1.025475025177,21.8993492126465,21.3798751831055,7.83158731460571,-15.7374248504639,-11.8248624801636,-3.78688740730286,14.6179504394531,-1.31505000591278,-16.6480503082275,-14.4310503005981,-8.65200042724609,-1.72800004482269,-6.82605028152466,-5.32905006408691,-10.0039501190186,1.025475025177,-0.50916248559952,-10.925199508667,7.83158731460571,1.38160002231598,-9.53438758850098,-3.78688740730286,-2.01203751564026,-2.96367502212524,-16.6480503082275,-26.4889507293701,-21.4429512023926,-1.72800004482269,19.816951751709,39.9060020446777,-10.0039501190186,-5.84400033950806,8.38395023345947,-10.925199508667,-18.9707374572754,-18.3705501556396,-9.53438758850098,-22.9636001586914,-22.6345615386963,-2.96367502212524,0.16266250610352,1.26651251316071,-21.4429512023926,-21.5700016021729,-14.1810007095337,39.9060020446777,33.037052154541,5.514000415802,8.38395023345947,-0.10500000417233,-13.077000617981,-8.05337524414062,1.43453752994537,1.43453752994537,-12.9358625411987,1.11539995670319,1.11539995670319,2.87691259384155,-4.24324989318848,-4.24324989318848,5.44005012512207,33.7709999084473,33.7709999084473,-29.2129516601562,-74.1840057373047,-74.1840057373047,-7.9350004196167,-4.11705017089844,-4.11705017089844,SHAKE
-19.5580005645752,-18.7123756408691,-14.105712890625,-24.1931247711182,-22.9058494567871,-17.1494121551514,4.15717506408691,4.88303756713867,5.24411249160767,-20.6980514526367,-19.6080017089844,-12.3030004501343,27.7060508728027,17.9680500030518,-8.47200012207031,-7.7790002822876,-11.3569507598877,-10.6360502243042,-14.105712890625,-1.32041251659393,8.22923755645752,-17.1494121551514,-2.73391246795654,4.27336263656616,5.24411249160767,-0.79736250638962,-12.4033250808716,-12.3030004501343,9.52095031738281,41.9449501037598,-8.47200012207031,-58.6099510192871,-74.0599517822266,-10.6360502243042,1.06995010375977,-2.18700003623962,14.3144378662109,13.9306745529175,13.9306745529175,17.8598747253418,19.0909118652344,19.0909118652344,-17.1938247680664,-19.2930374145508,-19.2930374145508,52.7470512390137,33.2200508117676,33.2200508117676,-36.5560531616211,-20.4589500427246,-20.4589500427246,-15.7450504302979,-23.1190509796143,-23.1190509796143,13.9008378982544,6.37339973449707,-0.15633749961853,19.5597877502441,15.9684247970581,1.88636243343353,-18.223424911499,-7.57088756561279,-3.79266238212585,12.3499507904053,-3.97395014762878,-14.1670503616333,-15.5350503921509,-7.86900043487549,-2.91600012779236,-10.1860504150391,-6.99795055389404,-7.79805040359497,-2.10636258125305,-8.45281219482422,-8.45281219482422,-1.87838745117188,-10.1168375015259,-10.1168375015259,-1.96858751773834,0.51493752002716,0.51493752002716,-24.7980003356934,-22.1449508666992,-22.1449508666992,5.89695024490356,37.3939514160156,37.3939514160156,-9.0169506072998,3.67095017433167,3.67095017433167,-18.0130500793457,-19.1201992034912,-17.3703746795654,-20.900411605835,-22.5297870635986,-20.2163505554199,6.13635015487671,8.08898735046387,9.08654975891113,-17.6419506072998,-20.4870014190674,-17.4580516815186,39.3360023498535,25.7470512390137,17.7070503234863,-2.53905010223389,-11.3809509277344,-12.3150005340576,-15.3474750518799,-1.33636248111725,-1.33636248111725,-17.2933750152588,-1.70994997024536,-1.70994997024536,8.75503730773926,-0.40851250290871,-0.40851250290871,-7.84200048446655,8.99895000457764,8.99895000457764,-10.3549509048462,-75.6019515991211,-75.6019515991211,-8.27505016326904,3.05505013465881,3.05505013465881,10.8943996429443,15.452112197876,15.452112197876,5.47277498245239,17.4112129211426,17.4112129211426,-12.4187250137329,-17.4527378082275,-17.4527378082275,39.1240501403809,55.2810020446777,55.2810020446777,-76.2199554443359,-23.1010513305664,-23.1010513305664,-1.03694999217987,-14.4589509963989,-14.4589509963989,15.2121753692627,14.7102994918823,-0.69932502508163,18.5088748931885,18.8622493743896,1.3894374370575,-19.855411529541,-17.7016124725342,-3.77121257781982,8.39595031738281,8.39595031738281,-16.5,-14.5360507965088,-14.5360507965088,-1.07205009460449,-11.3569507598877,-11.3569507598877,-7.17600011825562,-0.69932502508163,-11.2594623565674,-11.2594623565674,1.3894374370575,-12.925274848938,-12.925274848938,-3.77121257781982,0.05871250107884,0.05871250107884,-16.5,-20.1499500274658,-20.1499500274658,-1.07205009460449,37.0129508972168,37.0129508972168,-7.17600011825562,7.62900018692017,7.62900018692017,SHAKE
15.452112197876,15.452112197876,15.2121753692627,17.4112129211426,17.4112129211426,18.5088748931885,-17.4527378082275,-17.4527378082275,-19.855411529541,55.2810020446777,55.2810020446777,8.39595031738281,-23.1010513305664,-23.1010513305664,-14.5360507965088,-14.4589509963989,-14.4589509963989,-11.3569507598877,14.7102994918823,-0.69932502508163,-0.69932502508163,18.8622493743896,1.3894374370575,1.3894374370575,-17.7016124725342,-3.77121257781982,-3.77121257781982,8.39595031738281,-16.5,-16.5,-14.5360507965088,-1.07205009460449,-1.07205009460449,-11.3569507598877,-7.17600011825562,-7.17600011825562,-11.2594623565674,-11.2594623565674,-18.3108749389648,-12.925274848938,-12.925274848938,-23.3888874053955,0.05871250107884,0.05871250107884,4.38762474060059,-20.1499500274658,-20.1499500274658,-17.6610012054443,37.0129508972168,37.0129508972168,32.1250534057617,7.62900018692017,7.62900018692017,0.39195001125336,-18.6605377197266,-18.6605377197266,-15.8142871856689,-24.4403495788574,-24.4403495788574,-21.2959995269775,6.75386238098145,6.75386238098145,8.42022514343262,-17.9730014801025,-17.9730014801025,-13.0510501861572,22.4299507141113,22.4299507141113,13.4290504455566,-9.64995002746582,-9.64995002746582,-13.2970504760742,-8.3510627746582,-0.7262749671936,13.7090253829956,-10.5742998123169,0.99591249227524,12.2375001907349,6.80982494354248,1.29112493991852,-8.84991264343262,-0.79305005073547,17.5710010528564,40.8840026855469,-7.84905052185059,-60.2959518432617,-74.5390548706055,-11.9680509567261,-3.52095007896423,-5.43195009231567,13.7090253829956,16.3102493286133,16.3102493286133,12.2375001907349,20.9346504211426,20.9346504211426,-8.84991264343262,-13.5735874176025,-13.5735874176025,40.8840026855469,26.8369522094727,26.8369522094727,-74.5390548706055,-13.7989501953125,-13.7989501953125,-5.43195009231567,-16.3720512390137,-16.3720512390137,15.9662246704102,3.35926246643066,0.37647500634193,20.4124240875244,11.2246751785278,2.45300006866455,-12.4257373809814,-3.47572493553162,-1.59183752536774,7.77300024032593,-4.98405027389526,-16.0660514831543,-12.4690504074097,-7.19595050811768,-3.49095010757446,-5.49705028533936,-1.557000041008,-8.79705047607422,-2.24138760566711,-2.24138760566711,-14.3008251190186,-1.9045125246048,-1.9045125246048,-13.0640125274658,-0.74634999036789,-0.74634999036789,1.03729999065399,-25.2030010223389,-25.2030010223389,-16.6840515136719,16.7820014953613,16.7820014953613,48.3529510498047,-8.30805015563965,-8.30805015563965,4.02300024032593,-20.2164878845215,-20.2164878845215,-17.5408744812012,-22.6074752807617,-22.6074752807617,-19.3558750152588,3.42292499542236,3.42292499542236,4.57146263122559,-22.5010509490967,-22.5010509490967,-14.7919502258301,30.2260513305664,30.2260513305664,13.9420509338379,-6.68505048751831,-6.68505048751831,-15.8910007476807,-17.5408744812012,0.43628749251366,0.43628749251366,-19.3558750152588,1.2112375497818,1.2112375497818,4.57146263122559,-0.84493750333786,-0.84493750333786,-14.7919502258301,16.9840507507324,16.9840507507324,13.9420509338379,-71.5090560913086,-71.5090560913086,-15.8910007476807,4.33200025558472,4.33200025558472,SHAKE
-20.2164878845215,-20.2164878845215,-17.5408744812012,-22.6074752807617,-22.6074752807617,-19.3558750152588,3.42292499542236,3.42292499542236,4.57146263122559,-22.5010509490967,-22.5010509490967,-14.7919502258301,30.2260513305664,30.2260513305664,13.9420509338379,-6.68505048751831,-6.68505048751831,-15.8910007476807,-17.5408744812012,0.43628749251366,0.43628749251366,-19.3558750152588,1.2112375497818,1.2112375497818,4.57146263122559,-0.84493750333786,-0.84493750333786,-14.7919502258301,16.9840507507324,16.9840507507324,13.9420509338379,-71.5090560913086,-71.5090560913086,-15.8910007476807,4.33200025558472,4.33200025558472,16.8774375915527,16.8774375915527,16.7232990264893,17.231086730957,17.231086730957,18.5682754516602,-13.8561496734619,-13.8561496734619,-16.3462753295898,47.2170028686523,47.2170028686523,24.7080020904541,-25.8550510406494,-25.8550510406494,-13.7680501937866,-16.3339500427246,-16.3339500427246,-22.2520503997803,16.2595119476318,3.56839990615845,3.56839990615845,18.631799697876,11.2552003860474,11.2552003860474,-14.9092626571655,-5.03827476501465,-5.03827476501465,5.62905025482178,-7.55895042419434,-7.55895042419434,-12.3310508728027,-3.95295023918152,-3.95295023918152,-11.1109504699707,-6.04995012283325,-6.04995012283325,-0.54202497005463,-3.78014993667603,-13.8507871627808,1.72644996643066,-3.86100006103516,-14.6458120346069,-2.56753754615784,-0.55481249094009,2.64811253547668,-19.4140510559082,-28.6710014343262,-16.396951675415,0.40995001792908,13.0579509735107,36.8689498901367,-8.22705078125,-3.84195017814636,7.72305059432983,-13.8507871627808,-19.4187126159668,-19.4589996337891,-14.6458120346069,-23.3301753997803,-23.6424369812012,2.64811253547668,5.95072507858276,7.50763750076294,-16.396951675415,-17.7090015411377,-19.8619518280029,36.8689498901367,32.0069999694824,24.0900020599365,7.72305059432983,3.37800025939941,-8.2630500793457,-16.2304992675781,-6.33242511749268,-0.29699999094009,-19.4414005279541,-8.25013732910156,2.56616258621216,8.12927532196045,5.79892492294312,1.84428751468658,-15.1200008392334,-2.27100014686584,19.6380004882812,15.0630006790161,-4.55895042419434,-55.267951965332,-14.8399505615234,-18.784049987793,-8.06400012969971,13.6317501068115,17.7905750274658,17.7905750274658,13.5185871124268,20.4654998779297,20.4654998779297,-7.05746269226074,-8.84331226348877,-8.84331226348877,44.0910034179688,43.2409515380859,43.2409515380859,-78.7180557250977,-30.5209522247314,-30.5209522247314,-7.1370005607605,-8.50995063781738,-8.50995063781738,17.9458122253418,17.7482242584229,5.46081256866455,21.7617130279541,20.8298740386963,12.105224609375,-10.5633001327515,-10.3006753921509,-2.37214994430542,17.2789516448975,9.45195007324219,-3.03195023536682,-11.7390003204346,-11.521050453186,-7.38705015182495,-3.882000207901,-1.64505004882812,-1.81500005722046,1.31614995002747,-0.34471249580383,-0.34471249580383,4.6967248916626,0.6873624920845,0.6873624920845,-1.42834997177124,-0.47685000300407,-0.47685000300407,-11.2879505157471,-19.9720516204834,-19.9720516204834,-2.70495009422302,5.67705011367798,5.67705011367798,-5.98305034637451,-7.69005060195923,-7.69005060195923,SHAKE
-19.4187126159668,-19.4589996337891,-16.2304992675781,-23.3301753997803,-23.6424369812012,-19.4414005279541,5.95072507858276,7.50763750076294,8.12927532196045,-17.7090015411377,-19.8619518280029,-15.1200008392334,32.0069999694824,24.0900020599365,15.0630006790161,3.37800025939941,-8.2630500793457,-14.8399505615234,-6.33242511749268,-0.29699999094009,13.6317501068115,-8.25013732910156,2.56616258621216,13.5185871124268,5.79892492294312,1.84428751468658,-7.05746269226074,-2.27100014686584,19.6380004882812,44.0910034179688,-4.55895042419434,-55.267951965332,-78.7180557250977,-18.784049987793,-8.06400012969971,-7.1370005607605,17.7905750274658,17.7905750274658,17.9458122253418,20.4654998779297,20.4654998779297,21.7617130279541,-8.84331226348877,-8.84331226348877,-10.5633001327515,43.2409515380859,43.2409515380859,17.2789516448975,-30.5209522247314,-30.5209522247314,-11.7390003204346,-8.50995063781738,-8.50995063781738,-3.882000207901,17.7482242584229,5.46081256866455,1.31614995002747,20.8298740386963,12.105224609375,4.6967248916626,-10.3006753921509,-2.37214994430542,-1.42834997177124,9.45195007324219,-3.03195023536682,-11.2879505157471,-11.521050453186,-7.38705015182495,-2.70495009422302,-1.64505004882812,-1.81500005722046,-5.98305034637451,-0.34471249580383,-0.34471249580383,-6.67204999923706,0.6873624920845,0.6873624920845,-10.5646753311157,-0.47685000300407,-0.47685000300407,1.21646249294281,-19.9720516204834,-19.9720516204834,-17.9920501708984,5.67705011367798,5.67705011367798,25.7850017547607,-7.69005060195923,-7.69005060195923,1.96500015258789,-16.8034629821777,-17.596700668335,-16.4392242431641,-23.2607364654541,-24.3753128051758,-22.3150119781494,7.15728759765625,9.30325031280518,10.6071624755859,-14.2819509506226,-16.3729515075684,-14.9809503555298,33.4879531860352,26.5200004577637,20.0250015258789,4.2810001373291,-3.22905015945435,-8.16495037078857,-10.6958503723145,-10.6958503723145,-0.77811247110367,-11.7907629013062,-11.7907629013062,0.79956251382828,9.75878715515137,9.75878715515137,3.64759993553162,-8.96205043792725,-8.96205043792725,5.63205003738403,6.0930004119873,6.0930004119873,-31.5270023345947,-12.01305103302,-12.01305103302,-8.08800029754639,5.08777475357056,16.5537624359131,16.6259498596191,7.05127477645874,18.7497749328613,21.0160503387451,-5.28165006637573,-10.3681879043579,-12.7443246841431,34.8919525146484,47.4750022888184,36.4819526672363,-76.2460556030273,-48.925952911377,-16.9669513702393,-4.72095012664795,-9.12495040893555,-15.8809509277344,16.6259498596191,16.5452365875244,11.9725370407104,21.0160503387451,21.0419006347656,16.3499870300293,-12.7443246841431,-13.2475748062134,-6.34012508392334,36.4819526672363,17.367000579834,1.79505014419556,-16.9669513702393,-13.6380004882812,-8.25405025482178,-15.8809509277344,-9.83400058746338,-4.68705034255981,0.68103748559952,-0.52029997110367,-0.52029997110367,4.27941226959229,0.02694999985397,0.02694999985397,-2.48737502098083,-1.43508744239807,-1.43508744239807,-8.8279504776001,-19.1869506835938,-19.1869506835938,-2.98995018005371,3.94500017166138,3.94500017166138,-6.67695045471191,-8.29200077056885,-8.29200077056885,SHAKE
-17.596700668335,-16.4392242431641,-10.6958503723145,-24.3753128051758,-22.3150119781494,-11.7907629013062,9.30325031280518,10.6071624755859,9.75878715515137,-16.3729515075684,-14.9809503555298,-8.96205043792725,26.5200004577637,20.0250015258789,6.0930004119873,-3.22905015945435,-8.16495037078857,-12.01305103302,-10.6958503723145,-0.77811247110367,5.08777475357056,-11.7907629013062,0.79956251382828,7.05127477645874,9.75878715515137,3.64759993553162,-5.28165006637573,-8.96205043792725,5.63205003738403,34.8919525146484,6.0930004119873,-31.5270023345947,-76.2460556030273,-12.01305103302,-8.08800029754639,-4.72095012664795,16.5537624359131,16.6259498596191,16.6259498596191,18.7497749328613,21.0160503387451,21.0160503387451,-10.3681879043579,-12.7443246841431,-12.7443246841431,47.4750022888184,36.4819526672363,36.4819526672363,-48.925952911377,-16.9669513702393,-16.9669513702393,-9.12495040893555,-15.8809509277344,-15.8809509277344,16.5452365875244,11.9725370407104,0.68103748559952,21.0419006347656,16.3499870300293,4.27941226959229,-13.2475748062134,-6.34012508392334,-2.48737502098083,17.367000579834,1.79505014419556,-8.8279504776001,-13.6380004882812,-8.25405025482178,-2.98995018005371,-9.83400058746338,-4.68705034255981,-6.67695045471191,-0.52029997110367,-0.52029997110367,-5.21358728408813,0.02694999985397,0.02694999985397,-6.04862499237061,-1.43508744239807,-1.43508744239807,-1.34447503089905,-19.1869506835938,-19.1869506835938,-22.0609512329102,3.94500017166138,3.94500017166138,25.3279514312744,-8.29200077056885,-8.29200077056885,0.09705000370741,-16.7986507415771,-19.2024250030518,-18.4765625,-20.1793632507324,-24.67258644104,-23.502462387085,3.36916255950928,5.15157508850098,6.35868740081787,-14.8810510635376,-17.90505027771,-12.6220502853394,36.3829498291016,25.8430519104004,7.31700038909912,4.36995029449463,-4.14300012588501,-8.50200080871582,-14.2830877304077,-3.16442489624023,1.17631244659424,-17.9438877105713,-3.93153738975525,2.27920007705688,7.10091257095337,2.16012501716614,-5.49051237106323,-12.6220502853394,0.23295001685619,25.6159515380859,7.31700038909912,-25.4820003509521,-75.8250045776367,-8.50200080871582,-5.51805019378662,-0.78600001335144,1.17631244659424,13.8642625808716,13.7006378173828,2.27920007705688,16.3813381195068,20.4533996582031,-5.49051237106323,-14.5656499862671,-17.9180374145508,25.6159515380859,45.9640502929688,42.8580017089844,-75.8250045776367,-65.2890014648438,-20.8279514312744,-0.78600001335144,-8.24400043487549,-20.2690505981445,13.6277627944946,13.5038747787476,-0.31569999456406,20.7974243164062,20.6479625701904,5.16477489471436,-18.8996505737305,-17.9437503814697,-4.96099996566772,21.7500019073486,4.51800012588501,-6.33000040054321,-14.3850002288818,-9.9330005645752,-3.82605028152466,-16.6000499725342,-7.76700019836426,-7.12500047683716,-0.31569999456406,-1.02795004844666,-4.46283769607544,5.16477489471436,-0.52002501487732,-5.37171268463135,-4.96099996566772,-2.70490002632141,-1.61810004711151,-6.33000040054321,-17.6350517272949,-26.2860012054443,-3.82605028152466,-1.62495005130768,16.1520004272461,-7.12500047683716,-10.452000617981,-2.90295004844666,SHAKE
-16.7986507415771,-19.2024250030518,-18.4765625,-20.1793632507324,-24.67258644104,-23.502462387085,3.36916255950928,5.15157508850098,6.35868740081787,-14.8810510635376,-17.90505027771,-12.6220502853394,36.3829498291016,25.8430519104004,7.31700038909912,4.36995029449463,-4.14300012588501,-8.50200080871582,-14.2830877304077,-3.16442489624023,1.17631244659424,-17.9438877105713,-3.93153738975525,2.27920007705688,7.10091257095337,2.16012501716614,-5.49051237106323,-12.6220502853394,0.23295001685619,25.6159515380859,7.31700038909912,-25.4820003509521,-75.8250045776367,-8.50200080871582,-5.51805019378662,-0.78600001335144,1.17631244659424,13.8642625808716,13.7006378173828,2.27920007705688,16.3813381195068,20.4533996582031,-5.49051237106323,-14.5656499862671,-17.9180374145508,25.6159515380859,45.9640502929688,42.8580017089844,-75.8250045776367,-65.2890014648438,-20.8279514312744,-0.78600001335144,-8.24400043487549,-20.2690505981445,13.6277627944946,13.5038747787476,-0.31569999456406,20.7974243164062,20.6479625701904,5.16477489471436,-18.8996505737305,-17.9437503814697,-4.96099996566772,21.7500019073486,4.51800012588501,-6.33000040054321,-14.3850002288818,-9.9330005645752,-3.82605028152466,-16.6000499725342,-7.76700019836426,-7.12500047683716,-0.31569999456406,-1.02795004844666,-4.46283769607544,5.16477489471436,-0.52002501487732,-5.37171268463135,-4.96099996566772,-2.70490002632141,-1.61810004711151,-6.33000040054321,-17.6350517272949,-26.2860012054443,-3.82605028152466,-1.62495005130768,16.1520004272461,-7.12500047683716,-10.452000617981,-2.90295004844666,-14.2320747375488,-18.7013740539551,-18.4926490783691,-16.8157005310059,-23.8497867584229,-23.4551620483398,2.40418744087219,5.91373729705811,7.56057500839233,-19.0840511322021,-19.795051574707,-18.6340503692627,41.1229515075684,30.4650020599365,23.4600009918213,5.52195024490356,-1.08300006389618,-6.9190502166748,-15.3040246963501,-15.3040246963501,0.14079999923706,-19.1068630218506,-19.1068630218506,1.36290001869202,8.29193782806396,8.29193782806396,-4.10891246795654,-10.8829507827759,-10.8829507827759,26.5830020904541,11.2140007019043,11.2140007019043,-78.7180557250977,-9.1560001373291,-9.1560001373291,-4.5600004196167,0.14079999923706,13.4226121902466,13.4763746261597,1.36290001869202,16.6190757751465,21.0159130096436,-4.10891246795654,-13.7922124862671,-17.6317615509033,26.5830020904541,49.2949523925781,41.0730018615723,-78.7180557250977,-52.7610015869141,-14.9149503707886,-4.5600004196167,-6.62505054473877,-16.1659507751465,13.6686000823975,13.6686000823975,4.47796249389648,21.2990245819092,21.2990245819092,15.6223373413086,-18.3323249816895,-18.3323249816895,-5.76840019226074,18.469051361084,18.469051361084,-6.96000051498413,-15.0730504989624,-15.0730504989624,-3.17700004577637,-13.3309507369995,-13.3309507369995,-6.44505023956299,0.12828749418259,-0.86185002326965,-4.83807516098022,5.55142498016357,-0.23292499780655,-5.6113748550415,-4.51109981536865,-2.41738748550415,-1.96597504615784,-6.96000051498413,-18.1979999542236,-23.1840019226074,-3.17700004577637,-0.29295000433922,18.1570510864258,-6.44505023956299,-11.4529504776001,-2.68200016021729,SHAKE
-18.7013740539551,-18.4926490783691,-15.3040246963501,-23.8497867584229,-23.4551620483398,-19.1068630218506,5.91373729705811,7.56057500839233,8.29193782806396,-19.795051574707,-18.6340503692627,-10.8829507827759,30.4650020599365,23.4600009918213,11.2140007019043,-1.08300006389618,-6.9190502166748,-9.1560001373291,-15.3040246963501,0.14079999923706,0.14079999923706,-19.1068630218506,1.36290001869202,1.36290001869202,8.29193782806396,-4.10891246795654,-4.10891246795654,-10.8829507827759,26.5830020904541,26.5830020904541,11.2140007019043,-78.7180557250977,-78.7180557250977,-9.1560001373291,-4.5600004196167,-4.5600004196167,13.4226121902466,13.4763746261597,13.6686000823975,16.6190757751465,21.0159130096436,21.2990245819092,-13.7922124862671,-17.6317615509033,-18.3323249816895,49.2949523925781,41.0730018615723,18.469051361084,-52.7610015869141,-14.9149503707886,-15.0730504989624,-6.62505054473877,-16.1659507751465,-13.3309507369995,13.6686000823975,4.47796249389648,0.12828749418259,21.2990245819092,15.6223373413086,5.55142498016357,-18.3323249816895,-5.76840019226074,-4.51109981536865,18.469051361084,-6.96000051498413,-6.96000051498413,-15.0730504989624,-3.17700004577637,-3.17700004577637,-13.3309507369995,-6.44505023956299,-6.44505023956299,-0.86185002326965,-4.83807516098022,-14.4348878860474,-0.23292499780655,-5.6113748550415,-18.2490005493164,-2.41738748550415,-1.96597504615784,1.51538753509521,-18.1979999542236,-23.1840019226074,-16.1880016326904,-0.29295000433922,18.1570510864258,38.170051574707,-11.4529504776001,-2.68200016021729,2.49705004692078,-14.4348878860474,-17.8415870666504,-14.2610874176025,-18.2490005493164,-23.7202625274658,-18.8783378601074,1.51538753509521,6.85781240463257,7.81838750839233,-16.1880016326904,-18.3580513000488,-14.4760503768921,38.170051574707,21.6150016784668,13.0390510559082,2.49705004692078,-8.46900081634521,-9.34500026702881,-14.2610874176025,-14.2610874176025,-5.16216230392456,-18.8783378601074,-18.8783378601074,-6.35827493667603,7.81838750839233,7.81838750839233,4.69658756256104,-14.4760503768921,-14.4760503768921,-3.77205014228821,13.0390510559082,13.0390510559082,-12.081000328064,-9.34500026702881,-9.34500026702881,-7.90605020523071,-0.42789998650551,13.7314376831055,15.1833000183105,0.595787525177,11.6063747406006,20.6112499237061,-1.23873746395111,-12.5679121017456,-16.4517383575439,16.3090515136719,46.1170539855957,48.9649505615234,-70.7310028076172,-71.2069549560547,-24.9670505523682,0.37305000424385,-0.41400003433228,-9.45300006866455,15.2370624542236,15.2370624542236,14.7347745895386,21.7354507446289,21.7354507446289,21.2005748748779,-18.4545631408691,-18.4545631408691,-15.8239126205444,26.9260520935059,26.9260520935059,8.59905052185059,-14.2030506134033,-14.2030506134033,-12.8140506744385,-11.1300001144409,-11.1300001144409,-4.06905031204224,1.57616245746613,1.57616245746613,-0.05018749833107,11.1858997344971,11.1858997344971,1.43165004253387,-5.55128765106201,-5.55128765106201,-2.99282503128052,-3.74805021286011,-3.74805021286011,-24.2430019378662,-7.16205024719238,-7.16205024719238,10.8330001831055,-4.54800033569336,-4.54800033569336,-6.20100021362305,SHAKE
-17.8415870666504,-14.2610874176025,-14.2610874176025,-23.7202625274658,-18.8783378601074,-18.8783378601074,6.85781240463257,7.81838750839233,7.81838750839233,-18.3580513000488,-14.4760503768921,-14.4760503768921,21.6150016784668,13.0390510559082,13.0390510559082,-8.46900081634521,-9.34500026702881,-9.34500026702881,-14.2610874176025,-5.16216230392456,-0.42789998650551,-18.8783378601074,-6.35827493667603,0.595787525177,7.81838750839233,4.69658756256104,-1.23873746395111,-14.4760503768921,-3.77205014228821,16.3090515136719,13.0390510559082,-12.081000328064,-70.7310028076172,-9.34500026702881,-7.90605020523071,0.37305000424385,13.7314376831055,15.1833000183105,15.2370624542236,11.6063747406006,20.6112499237061,21.7354507446289,-12.5679121017456,-16.4517383575439,-18.4545631408691,46.1170539855957,48.9649505615234,26.9260520935059,-71.2069549560547,-24.9670505523682,-14.2030506134033,-0.41400003433228,-9.45300006866455,-11.1300001144409,15.2370624542236,14.7347745895386,1.57616245746613,21.7354507446289,21.2005748748779,11.1858997344971,-18.4545631408691,-15.8239126205444,-5.55128765106201,26.9260520935059,8.59905052185059,-3.74805021286011,-14.2030506134033,-12.8140506744385,-7.16205024719238,-11.1300001144409,-4.06905031204224,-4.54800033569336,1.57616245746613,-0.05018749833107,-1.85226249694824,11.1858997344971,1.43165004253387,-2.16672492027283,-5.55128765106201,-2.99282503128052,-1.88471245765686,-3.74805021286011,-24.2430019378662,-24.2430019378662,-7.16205024719238,10.8330001831055,10.8330001831055,-4.54800033569336,-6.20100021362305,-6.20100021362305,-10.9609498977661,-18.7719116210938,-19.0529632568359,-13.2929496765137,-23.5166244506836,-23.6923503875732,0.41332501173019,4.69218730926514,6.14844989776611,-17.8120517730713,-18.3940505981445,-19.8690013885498,37.8559532165527,30.6420021057129,19.101001739502,2.53800010681152,-3.34800004959106,-11.2090501785278,-19.0529632568359,-17.193962097168,-8.46147537231445,-23.6923503875732,-20.85888671875,-9.78546237945557,6.14844989776611,7.11700010299683,5.52612495422363,-19.8690013885498,-14.0779504776001,-0.05295000225306,19.101001739502,9.4819507598877,-10.6609506607056,-11.2090501785278,-14.4520511627197,-6.52905035018921,0.07273750007153,14.7107124328613,14.7107124328613,1.64202499389648,11.4494876861572,11.4494876861572,-0.13557499647141,-9.78793716430664,-9.78793716430664,22.324951171875,37.525951385498,37.525951385498,-58.0180511474609,-74.3710556030273,-74.3710556030273,1.11000001430511,-4.09800004959106,-4.09800004959106,16.9941749572754,17.130163192749,16.664587020874,18.6648006439209,20.0745868682861,19.2949619293213,-12.8871870040894,-15.187424659729,-14.2730503082275,45.5880012512207,30.5830516815186,11.0520009994507,-29.6710510253906,-11.4130506515503,-13.3339509963989,-9.85305023193359,-10.2820501327515,-5.59500026702881,3.14462494850159,0.56457501649857,0.56457501649857,10.4191999435425,2.3058750629425,2.3058750629425,-5.20849990844727,-2.7974374294281,-2.7974374294281,-2.83095002174377,-10.7850008010864,-10.7850008010864,-8.62800025939941,-4.32195043563843,-4.32195043563843,-2.75400018692017,-3.43005013465881,-3.43005013465881,SHAKE
-7.36917495727539,-16.418737411499,-18.1175498962402,-9.15158748626709,-21.1622123718262,-23.0890007019043,0.19249999523163,5.09698724746704,7.44218730926514,-16.090051651001,-16.7389507293701,-15.2880010604858,26.7720012664795,29.6530513763428,20.7049503326416,-3.5110502243042,-7.82205057144165,-8.69204998016357,-17.0289630889893,-17.0289630889893,-11.5343246459961,-21.1133995056152,-21.1133995056152,-13.8151750564575,8.99456214904785,8.99456214904785,8.52665042877197,-12.8299503326416,-12.8299503326416,-6.61995029449463,14.1880502700806,14.1880502700806,-0.09000000357628,-10.3270502090454,-10.3270502090454,-0.95295006036758,-2.93947505950928,6.05481243133545,12.1225500106812,-2.34148740768433,2.09866237640381,15.0079870223999,3.38208746910095,-10.0369501113892,-16.026725769043,11.0920505523682,38.4289512634277,49.7389526367188,-38.6659507751465,-62.1660041809082,-41.4199523925781,9.24600028991699,8.86995029449463,-10.4089508056641,11.9146499633789,12.1815376281738,12.1815376281738,15.3333120346069,16.3759746551514,16.3759746551514,-18.4226627349854,-18.7970752716064,-18.7970752716064,33.3949508666992,13.9500007629395,13.9500007629395,-16.3780498504639,-9.38700008392334,-9.38700008392334,-15.4930505752563,-2.56005001068115,-2.56005001068115,-0.51424998044968,-0.51424998044968,-1.73511254787445,1.09560000896454,1.09560000896454,-1.66911244392395,-2.68991255760193,-2.68991255760193,-0.94311249256134,-14.0689506530762,-14.0689506530762,-23.416051864624,-4.09905004501343,-4.09905004501343,14.0350503921509,-1.58805012702942,-1.58805012702942,-9.51300048828125,-11.279125213623,-19.8031616210938,-20.1562614440918,-10.6680746078491,-23.1442756652832,-23.9662494659424,-0.8897625207901,2.74119997024536,2.73116254806519,-20.8390502929688,-18.5740509033203,-17.4790515899658,36.574951171875,29.7900009155273,17.5920009613037,-8.90505027770996,-8.88105010986328,-9.6379508972168,-20.1562614440918,-8.99195003509521,-8.99195003509521,-23.9662494659424,-12.7434997558594,-12.7434997558594,2.73116254806519,2.42591238021851,2.42591238021851,-11.9560508728027,1.26105010509491,1.26105010509491,3.94695019721985,-35.052001953125,-35.052001953125,-7.32405042648315,3.71595025062561,3.71595025062561,1.76660001277924,14.270299911499,14.0783500671387,-0.08855000138283,15.394775390625,18.9158744812012,-7.31334972381592,-16.4180507659912,-19.9574375152588,30.6379508972168,45.6259536743164,40.3240509033203,-73.1260528564453,-49.6090507507324,-17.3860511779785,8.37195014953613,-5.73900032043457,-13.2280502319336,14.0783500671387,11.7548751831055,-0.11068750172854,18.9158744812012,19.3928623199463,5.30131244659424,-19.9574375152588,-14.6014003753662,-5.74296236038208,40.3240509033203,5.11395025253296,-4.6560001373291,-17.3860511779785,-9.73905086517334,-7.22895050048828,-13.2280502319336,-0.02895000204444,3.33000016212463,-0.11068750172854,-0.84136247634888,-3.40958738327026,5.30131244659424,0.2578125,-3.83404994010925,-5.74296236038208,-2.74092507362366,-1.47358751296997,-4.6560001373291,-17.8240509033203,-22.03005027771,-7.22895050048828,-6.02895021438599,23.9340019226074,3.33000016212463,-9.86295032501221,-5.92800045013428,SHAKE
-11.279125213623,-19.8031616210938,-20.1562614440918,-10.6680746078491,-23.1442756652832,-23.9662494659424,-0.8897625207901,2.74119997024536,2.73116254806519,-20.8390502929688,-18.5740509033203,-17.4790515899658,36.574951171875,29.7900009155273,17.5920009613037,-8.90505027770996,-8.88105010986328,-9.6379508972168,-20.1562614440918,-8.99195003509521,-8.99195003509521,-23.9662494659424,-12.7434997558594,-12.7434997558594,2.73116254806519,2.42591238021851,2.42591238021851,-11.9560508728027,1.26105010509491,1.26105010509491,3.94695019721985,-35.052001953125,-35.052001953125,-7.32405042648315,3.71595025062561,3.71595025062561,1.76660001277924,14.270299911499,14.0783500671387,-0.08855000138283,15.394775390625,18.9158744812012,-7.31334972381592,-16.4180507659912,-19.9574375152588,30.6379508972168,45.6259536743164,40.3240509033203,-73.1260528564453,-49.6090507507324,-17.3860511779785,8.37195014953613,-5.73900032043457,-13.2280502319336,14.0783500671387,11.7548751831055,-0.11068750172854,18.9158744812012,19.3928623199463,5.30131244659424,-19.9574375152588,-14.6014003753662,-5.74296236038208,40.3240509033203,5.11395025253296,-4.6560001373291,-17.3860511779785,-9.73905086517334,-7.22895050048828,-13.2280502319336,-0.02895000204444,3.33000016212463,-0.11068750172854,-0.84136247634888,-3.40958738327026,5.30131244659424,0.2578125,-3.83404994010925,-5.74296236038208,-2.74092507362366,-1.47358751296997,-4.6560001373291,-17.8240509033203,-22.03005027771,-7.22895050048828,-6.02895021438599,23.9340019226074,3.33000016212463,-9.86295032501221,-5.92800045013428,-15.7653369903564,-19.2854747772217,-18.7127876281738,-18.2806243896484,-23.8283367156982,-22.8973255157471,3.26892495155334,6.06608724594116,7.19523763656616,-17.2249507904053,-20.2530002593994,-18.178050994873,39.5010032653809,27.7159519195557,18.7890014648438,-3.81795024871826,-6.73200035095215,-8.41604995727539,-18.7127876281738,-16.1709632873535,-3.99231243133545,-22.8973255157471,-18.9934253692627,-5.32784986495972,7.19523763656616,7.15481233596802,1.7577999830246,-18.178050994873,-16.2049503326416,-5.90595006942749,18.7890014648438,2.84805011749268,-41.0400009155273,-8.41604995727539,-5.92995023727417,1.62000012397766,1.54701244831085,13.1895503997803,12.5208873748779,0.21285000443459,14.1660747528076,17.359375,-7.14284992218018,-18.2558746337891,-22.1842498779297,29.5939521789551,53.0820007324219,40.5870018005371,-67.6030502319336,-51.3289527893066,-29.9359512329102,6.47505044937134,-7.35300016403198,-22.6090507507324,12.5208873748779,12.2669248580933,10.5334625244141,17.359375,18.2560119628906,18.5403633117676,-22.1842498779297,-22.3459491729736,-16.2415008544922,40.5870018005371,21.2070007324219,3.19395017623901,-29.9359512329102,-16.8979511260986,-10.7140502929688,-22.6090507507324,-12.0709505081177,-2.41395020484924,-0.79158747196197,-1.21605002880096,-4.13008737564087,4.83463764190674,-0.10931249707937,-4.90943765640259,-6.32224988937378,-2.62226247787476,-0.19799999892712,-8.28495025634766,-22.3770008087158,-22.3069515228271,-9.10004997253418,-5.74395036697388,32.9490013122559,2.18099999427795,-12.2239503860474,-4.82400035858154,SHAKE
13.1895503997803,12.5208873748779,12.5208873748779,14.1660747528076,17.359375,17.359375,-18.2558746337891,-22.1842498779297,-22.1842498779297,53.0820007324219,40.5870018005371,40.5870018005371,-51.3289527893066,-29.9359512329102,-29.9359512329102,-7.35300016403198,-22.6090507507324,-22.6090507507324,12.2669248580933,10.5334625244141,-0.79158747196197,18.2560119628906,18.5403633117676,4.83463764190674,-22.3459491729736,-16.2415008544922,-6.32224988937378,21.2070007324219,3.19395017623901,-8.28495025634766,-16.8979511260986,-10.7140502929688,-9.10004997253418,-12.0709505081177,-2.41395020484924,2.18099999427795,-1.21605002880096,-4.13008737564087,-4.13008737564087,-0.10931249707937,-4.90943765640259,-4.90943765640259,-2.62226247787476,-0.19799999892712,-0.19799999892712,-22.3770008087158,-22.3069515228271,-22.3069515228271,-5.74395036697388,32.9490013122559,32.9490013122559,-12.2239503860474,-4.82400035858154,-4.82400035858154,-16.3659381866455,-19.7235507965088,-19.1981620788574,-16.9263877868652,-22.1984119415283,-21.3519630432129,4.97722482681274,7.95134973526001,8.74266242980957,-18.8950500488281,-22.1059513092041,-17.521951675415,42.6960029602051,24.1159515380859,17.0359516143799,-5.53500032424927,-9.63000011444092,-8.59605026245117,-19.1981620788574,-4.15456247329712,-4.15456247329712,-21.3519630432129,-5.5107250213623,-5.5107250213623,8.74266242980957,1.69001245498657,1.69001245498657,-17.521951675415,5.61300039291382,5.61300039291382,17.0359516143799,-49.4730033874512,-49.4730033874512,-8.59605026245117,6.8299503326416,6.8299503326416,3.55836248397827,12.9850873947144,12.6596250534058,0.63139998912811,15.0928249359131,16.7851753234863,-9.89271259307861,-17.5540752410889,-20.2789115905762,41.0059509277344,52.9020042419434,35.3970031738281,-68.8429565429688,-45.2640037536621,-21.3840007781982,4.44705009460449,-14.9020509719849,-16.5229511260986,12.8523998260498,8.89047527313232,8.89047527313232,17.9034614562988,17.317850112915,17.317850112915,-20.052038192749,-11.1795749664307,-11.1795749664307,14.2900505065918,-1.34895002841949,-1.34895002841949,-13.0750503540039,-9.18795013427734,-9.18795013427734,-3.02700018882751,1.77795004844666,1.77795004844666,-0.15991249680519,-1.15444993972778,-6.37725019454956,3.05181241035461,-0.80038750171661,-7.35116243362427,-4.71776247024536,-1.50012505054474,0.54711252450943,-11.1709508895874,-25.85205078125,-14.7730503082275,-10.6900501251221,0.95805007219315,43.7550010681152,-1.75095009803772,-9.97095012664795,-8.05005073547363,-18.6708507537842,-19.8207626342773,-19.8207626342773,-20.0568504333496,-21.7452125549316,-21.7452125549316,6.68208742141724,8.09297466278076,8.09297466278076,-18.9540004730225,-20.545051574707,-20.545051574707,34.1920509338379,23.2870502471924,23.2870502471924,-9.6709508895874,-10.651050567627,-10.651050567627,-18.7673740386963,-13.868800163269,-1.77966248989105,-19.639949798584,-13.6475620269775,-2.16589999198914,8.29784965515137,7.06860017776489,-0.0114124994725,-17.4340515136719,-18.0970516204834,2.26695013046265,17.098051071167,-8.59200000762939,-54.013053894043,-8.89500045776367,-1.51605010032654,10.6350002288818,SHAKE
3.55836248397827,12.9850873947144,12.6596250534058,0.63139998912811,15.0928249359131,16.7851753234863,-9.89271259307861,-17.5540752410889,-20.2789115905762,41.0059509277344,52.9020042419434,35.3970031738281,-68.8429565429688,-45.2640037536621,-21.3840007781982,4.44705009460449,-14.9020509719849,-16.5229511260986,12.8523998260498,8.89047527313232,8.89047527313232,17.9034614562988,17.317850112915,17.317850112915,-20.052038192749,-11.1795749664307,-11.1795749664307,14.2900505065918,-1.34895002841949,-1.34895002841949,-13.0750503540039,-9.18795013427734,-9.18795013427734,-3.02700018882751,1.77795004844666,1.77795004844666,-0.15991249680519,-1.15444993972778,-6.37725019454956,3.05181241035461,-0.80038750171661,-7.35116243362427,-4.71776247024536,-1.50012505054474,0.54711252450943,-11.1709508895874,-25.85205078125,-14.7730503082275,-10.6900501251221,0.95805007219315,43.7550010681152,-1.75095009803772,-9.97095012664795,-8.05005073547363,-18.6708507537842,-19.8207626342773,-19.8207626342773,-20.0568504333496,-21.7452125549316,-21.7452125549316,6.68208742141724,8.09297466278076,8.09297466278076,-18.9540004730225,-20.545051574707,-20.545051574707,34.1920509338379,23.2870502471924,23.2870502471924,-9.6709508895874,-10.651050567627,-10.651050567627,-18.7673740386963,-13.868800163269,-1.77966248989105,-19.639949798584,-13.6475620269775,-2.16589999198914,8.29784965515137,7.06860017776489,-0.0114124994725,-17.4340515136719,-18.0970516204834,2.26695013046265,17.098051071167,-8.59200000762939,-54.013053894043,-8.89500045776367,-1.51605010032654,10.6350002288818,4.85979986190796,13.2349252700806,13.2349252700806,-0.00247499998659,14.4450626373291,14.4450626373291,-12.5867500305176,-20.3115005493164,-20.3115005493164,35.347053527832,51.4609527587891,51.4609527587891,-71.0089569091797,-45.8389511108398,-45.8389511108398,4.19700002670288,-16.9999504089355,-16.9999504089355,12.6156253814697,12.620849609375,7.47532510757446,16.3600254058838,17.7684383392334,17.5927124023438,-23.2110996246338,-22.8376502990723,-11.727237701416,33.35205078125,15.1069507598877,-1.25295007228851,-26.2909507751465,-14.4480009078979,-9.08295059204102,-23.6920509338379,-8.47395038604736,-2.77095007896423,-1.14028751850128,-2.39676237106323,-2.39676237106323,2.23506259918213,-2.25788760185242,-2.25788760185242,-5.34434986114502,-2.05590009689331,-2.05590009689331,-13.3669509887695,-28.1590518951416,-28.1590518951416,-10.7860507965088,4.38600015640259,4.38600015640259,-4.95105028152466,-12.4800004959106,-12.4800004959106,-8.73716259002686,-19.0427875518799,-20.3541240692139,-8.59388732910156,-18.9143619537354,-21.3923873901367,0.36437499523163,7.08193731307983,8.62221240997314,-15.7930507659912,-18.1710014343262,-20.803050994873,47.3310012817383,34.2490501403809,20.7960014343262,-5.77200031280518,-6.0930004119873,-6.68505048751831,-19.0821132659912,-13.2423496246338,-13.2423496246338,-19.2139739990234,-13.3164625167847,-13.3164625167847,8.81099987030029,7.55191230773926,7.55191230773926,-16.3510513305664,-13.9030504226685,-13.9030504226685,15.1249504089355,-7.88505029678345,-7.88505029678345,-5.62095022201538,-1.1380500793457,-1.1380500793457,SHAKE
13.2349252700806,13.2349252700806,12.6156253814697,14.4450626373291,14.4450626373291,16.3600254058838,-20.3115005493164,-20.3115005493164,-23.2110996246338,51.4609527587891,51.4609527587891,33.35205078125,-45.8389511108398,-45.8389511108398,-26.2909507751465,-16.9999504089355,-16.9999504089355,-23.6920509338379,12.620849609375,7.47532510757446,-1.14028751850128,17.7684383392334,17.5927124023438,2.23506259918213,-22.8376502990723,-11.727237701416,-5.34434986114502,15.1069507598877,-1.25295007228851,-13.3669509887695,-14.4480009078979,-9.08295059204102,-10.7860507965088,-8.47395038604736,-2.77095007896423,-4.95105028152466,-2.39676237106323,-2.39676237106323,-8.73716259002686,-2.25788760185242,-2.25788760185242,-8.59388732910156,-2.05590009689331,-2.05590009689331,0.36437499523163,-28.1590518951416,-28.1590518951416,-15.7930507659912,4.38600015640259,4.38600015640259,47.3310012817383,-12.4800004959106,-12.4800004959106,-5.77200031280518,-19.0427875518799,-20.3541240692139,-19.0821132659912,-18.9143619537354,-21.3923873901367,-19.2139739990234,7.08193731307983,8.62221240997314,8.81099987030029,-18.1710014343262,-20.803050994873,-16.3510513305664,34.2490501403809,20.7960014343262,15.1249504089355,-6.0930004119873,-6.68505048751831,-5.62095022201538,-13.2423496246338,-13.2423496246338,-3.31471252441406,-13.3164625167847,-13.3164625167847,-3.59754991531372,7.55191230773926,7.55191230773926,0.41772499680519,-13.9030504226685,-13.9030504226685,4.95600032806396,-7.88505029678345,-7.88505029678345,-53.8270530700684,-1.1380500793457,-1.1380500793457,4.29300022125244,4.72766256332397,11.8696870803833,11.6111869812012,1.28026247024536,16.2898998260498,18.1031131744385,-13.2914371490479,-19.695499420166,-22.6830997467041,39.0379524230957,50.8090515136719,32.6809501647949,-70.2040557861328,-37.5209999084473,-20.9839515686035,-2.22495007514954,-14.19105052948,-19.2919502258301,11.8936128616333,11.8936128616333,5.87551259994507,19.0970993041992,19.0970993041992,17.3783493041992,-22.4718990325928,-22.4718990325928,-10.0366744995117,15.1470003128052,15.1470003128052,-0.20100000500679,-15.928050994873,-15.928050994873,-11.7820501327515,-7.03905010223389,-7.03905010223389,-1.7700001001358,-0.98243749141693,-2.05040001869202,-9.41861248016357,2.0480625629425,-1.98426246643066,-8.62441253662109,-4.74209976196289,-1.95992493629456,-0.83737498521805,-13.7959508895874,-26.9130020141602,-13.8720006942749,-9.17895030975342,9.36705017089844,52.6140022277832,-5.65005016326904,-11.0220003128052,-1.95000004768372,-19.4925498962402,-19.4925498962402,-20.4084377288818,-20.6599254608154,-20.6599254608154,-22.6298866271973,4.69782495498657,4.69782495498657,5.49601268768311,-20.4919509887695,-20.4919509887695,-21.318000793457,30.0649509429932,30.0649509429932,20.7460517883301,-5.74095010757446,-5.74095010757446,-8.85900020599365,-19.0198249816895,-11.6106376647949,-11.6106376647949,-20.5242118835449,-14.0533246994019,-14.0533246994019,5.85007476806641,5.19227504730225,5.19227504730225,-16.5160503387451,-6.3400502204895,-6.3400502204895,7.40100049972534,-24.6150016784668,-24.6150016784668,-8.40405082702637,-4.38300037384033,-4.38300037384033,SHAKE
-19.4925498962402,-19.4925498962402,-20.4084377288818,-20.6599254608154,-20.6599254608154,-22.6298866271973,4.69782495498657,4.69782495498657,5.49601268768311,-20.4919509887695,-20.4919509887695,-21.318000793457,30.0649509429932,30.0649509429932,20.7460517883301,-5.74095010757446,-5.74095010757446,-8.85900020599365,-19.0198249816895,-11.6106376647949,-11.6106376647949,-20.5242118835449,-14.0533246994019,-14.0533246994019,5.85007476806641,5.19227504730225,5.19227504730225,-16.5160503387451,-6.3400502204895,-6.3400502204895,7.40100049972534,-24.6150016784668,-24.6150016784668,-8.40405082702637,-4.38300037384033,-4.38300037384033,13.157787322998,13.157787322998,14.6265621185303,9.87304973602295,9.87304973602295,16.517599105835,-12.7831001281738,-12.7831001281738,-16.6853504180908,48.6250534057617,48.6250534057617,43.1110534667969,-65.1019515991211,-65.1019515991211,-32.6790008544922,-10.7320508956909,-10.7320508956909,-22.1610012054443,14.63756275177,14.3848371505737,14.3848371505737,17.4542503356934,17.6643505096436,17.6643505096436,-17.846399307251,-16.3183631896973,-16.3183631896973,22.6080017089844,4.30305004119873,4.30305004119873,-17.1420001983643,-12.951000213623,-12.951000213623,-12.9000005722046,-2.76900005340576,-2.76900005340576,-0.34553748369217,-0.34553748369217,-3.75154995918274,1.03812503814697,1.03812503814697,-3.59301257133484,-2.30793738365173,-2.30793738365173,-0.32738751173019,-22.0699501037598,-22.0699501037598,-20.0659503936768,-3.40200018882751,-3.40200018882751,35.9470520019531,-12.4690504074097,-12.4690504074097,-6.59805011749268,-17.3045120239258,-20.9017868041992,-20.9017868041992,-14.2708501815796,-21.0905742645264,-21.0905742645264,4.52058744430542,6.17388725280762,6.17388725280762,-14.6190004348755,-23.2800006866455,-23.2800006866455,45.3190536499023,20.4079513549805,20.4079513549805,-0.97695004940033,-7.4650502204895,-7.4650502204895,-17.4563121795654,-17.4563121795654,-4.34004974365234,-17.2194004058838,-17.2194004058838,-7.52647495269775,6.2364501953125,6.2364501953125,1.42147493362427,-13.1590509414673,-13.1590509414673,3.39195013046265,-2.11605000495911,-2.11605000495911,-39.1860008239746,-3.54900026321411,-3.54900026321411,2.86605024337769,1.70362496376038,13.1076002120972,13.1076002120972,-0.17297500371933,13.1161251068115,13.1161251068115,-7.2276873588562,-16.5842876434326,-16.5842876434326,30.7360515594482,49.6909523010254,49.6909523010254,-65.9260559082031,-50.8380012512207,-50.8380012512207,-1.02495002746582,-17.8380012512207,-17.8380012512207,12.4671249389648,12.4671249389648,10.0057373046875,16.4401874542236,16.4401874542236,15.8434371948242,-20.8151626586914,-20.8151626586914,-13.8950624465942,16.9990501403809,16.9990501403809,0.45105001330376,-15.3870010375977,-15.3870010375977,-10.2330007553101,-15.6250505447388,-15.6250505447388,-4.18905019760132,-0.99412500858307,-1.77856254577637,-1.77856254577637,2.8272750377655,-1.16393744945526,-1.16393744945526,-5.15377473831177,-2.02537488937378,-2.02537488937378,-10.9069509506226,-18.7750511169434,-18.7750511169434,-8.09400081634521,-0.20505000650883,-0.20505000650883,-1.24500000476837,-9.14205074310303,-9.14205074310303,SHAKE
-20.9017868041992,-20.9017868041992,-17.4563121795654,-21.0905742645264,-21.0905742645264,-17.2194004058838,6.17388725280762,6.17388725280762,6.2364501953125,-23.2800006866455,-23.2800006866455,-13.1590509414673,20.4079513549805,20.4079513549805,-2.11605000495911,-7.4650502204895,-7.4650502204895,-3.54900026321411,-17.4563121795654,-4.34004974365234,1.70362496376038,-17.2194004058838,-7.52647495269775,-0.17297500371933,6.2364501953125,1.42147493362427,-7.2276873588562,-13.1590509414673,3.39195013046265,30.7360515594482,-2.11605000495911,-39.1860008239746,-65.9260559082031,-3.54900026321411,2.86605024337769,-1.02495002746582,13.1076002120972,13.1076002120972,12.4671249389648,13.1161251068115,13.1161251068115,16.4401874542236,-16.5842876434326,-16.5842876434326,-20.8151626586914,49.6909523010254,49.6909523010254,16.9990501403809,-50.8380012512207,-50.8380012512207,-15.3870010375977,-17.8380012512207,-17.8380012512207,-15.6250505447388,12.4671249389648,10.0057373046875,-0.99412500858307,16.4401874542236,15.8434371948242,2.8272750377655,-20.8151626586914,-13.8950624465942,-5.15377473831177,16.9990501403809,0.45105001330376,-10.9069509506226,-15.3870010375977,-10.2330007553101,-8.09400081634521,-15.6250505447388,-4.18905019760132,-1.24500000476837,-1.77856254577637,-1.77856254577637,-16.5591239929199,-1.16393744945526,-1.16393744945526,-15.5013370513916,-2.02537488937378,-2.02537488937378,5.73182487487793,-18.7750511169434,-18.7750511169434,-11.5159502029419,-0.20505000650883,-0.20505000650883,38.3520011901855,-9.14205074310303,-9.14205074310303,-0.95295006036758,-16.5591239929199,-19.7624626159668,-19.0480117797852,-15.5013370513916,-21.4820365905762,-20.6585502624512,5.73182487487793,8.27639961242676,9.13385009765625,-11.5159502029419,-17.2729511260986,-15.6610507965088,38.3520011901855,19.7110500335693,17.97705078125,-0.95295006036758,-6.20595026016235,-5.66400003433228,-15.6532745361328,-15.6532745361328,-4.70071268081665,-16.5050868988037,-16.5050868988037,-6.83897495269775,9.01491260528564,9.01491260528564,4.19278764724731,-13.7140502929688,-13.7140502929688,13.581000328064,8.63895034790039,8.63895034790039,-47.4700508117676,-4.82100009918213,-4.82100009918213,-0.18900001049042,-0.48743748664856,12.7241125106812,14.0449371337891,0.08304999768734,8.81842517852783,15.7624502182007,-0.31006249785423,-13.6083745956421,-18.4263744354248,13.581000328064,37.1689529418945,45.0900039672852,-47.4700508117676,-71.7769546508789,-41.1330032348633,-0.18900001049042,-15.0000009536743,-30.8689517974854,13.6511373519897,13.6511373519897,0.79750001430511,16.7376003265381,16.7376003265381,7.92412519454956,-20.7253742218018,-20.7253742218018,-6.70202493667603,28.090051651001,28.090051651001,-6.34695053100586,-18.4620018005371,-18.4620018005371,-9.046950340271,-29.2069511413574,-29.2069511413574,-3.66405010223389,0.79750001430511,-0.94379997253418,-2.83634996414185,7.92412519454956,-0.07548750191927,-3.06844997406006,-6.70202493667603,-2.66310000419617,-0.51232498884201,-6.34695053100586,-16.3219509124756,-23.4259510040283,-9.046950340271,-4.35300016403198,11.0440502166748,-3.66405010223389,-6.29700040817261,-6.53400039672852,SHAKE
-16.5591239929199,-19.7624626159668,-19.0480117797852,-15.5013370513916,-21.4820365905762,-20.6585502624512,5.73182487487793,8.27639961242676,9.13385009765625,-11.5159502029419,-17.2729511260986,-15.6610507965088,38.3520011901855,19.7110500335693,17.97705078125,-0.95295006036758,-6.20595026016235,-5.66400003433228,-15.6532745361328,-15.6532745361328,-4.70071268081665,-16.5050868988037,-16.5050868988037,-6.83897495269775,9.01491260528564,9.01491260528564,4.19278764724731,-13.7140502929688,-13.7140502929688,13.581000328064,8.63895034790039,8.63895034790039,-47.4700508117676,-4.82100009918213,-4.82100009918213,-0.18900001049042,-0.48743748664856,12.7241125106812,14.0449371337891,0.08304999768734,8.81842517852783,15.7624502182007,-0.31006249785423,-13.6083745956421,-18.4263744354248,13.581000328064,37.1689529418945,45.0900039672852,-47.4700508117676,-71.7769546508789,-41.1330032348633,-0.18900001049042,-15.0000009536743,-30.8689517974854,13.6511373519897,13.6511373519897,0.79750001430511,16.7376003265381,16.7376003265381,7.92412519454956,-20.7253742218018,-20.7253742218018,-6.70202493667603,28.090051651001,28.090051651001,-6.34695053100586,-18.4620018005371,-18.4620018005371,-9.046950340271,-29.2069511413574,-29.2069511413574,-3.66405010223389,0.79750001430511,-0.94379997253418,-2.83634996414185,7.92412519454956,-0.07548750191927,-3.06844997406006,-6.70202493667603,-2.66310000419617,-0.51232498884201,-6.34695053100586,-16.3219509124756,-23.4259510040283,-9.046950340271,-4.35300016403198,11.0440502166748,-3.66405010223389,-6.29700040817261,-6.53400039672852,-10.8477878570557,-10.8477878570557,-19.1228122711182,-8.29207515716553,-8.29207515716553,-20.371862411499,1.99842500686646,1.99842500686646,8.49241256713867,-8.3730001449585,-8.3730001449585,-17.8720512390137,44.0659523010254,44.0659523010254,19.1869506835938,0.88995003700256,0.88995003700256,-9.30195045471191,-19.1228122711182,-17.1688003540039,-9.57316207885742,-20.371862411499,-18.1900119781494,-12.8533620834351,8.49241256713867,9.18568706512451,7.96317481994629,-17.8720512390137,-13.4790010452271,-11.3070001602173,19.1869506835938,17.1540012359619,0.02400000020862,-9.30195045471191,-7.06995010375977,-5.050950050354,-2.22763752937317,5.01806259155273,14.4660997390747,-2.35564994812012,2.3040874004364,15.1525001525879,1.8688999414444,-10.175687789917,-17.9426498413086,2.38905000686646,29.6299514770508,46.7449531555176,-37.0039520263672,-70.1869506835938,-52.8400535583496,2.69100022315979,1.35195004940033,-14.9569511413574,14.2283620834351,14.2283620834351,14.2566871643066,17.1942367553711,17.1942367553711,17.4609870910645,-21.4402370452881,-21.4402370452881,-21.9434871673584,35.4670524597168,35.4670524597168,18.3349514007568,-26.3250007629395,-26.3250007629395,-16.2510013580322,-26.2399520874023,-26.2399520874023,-14.6260509490967,8.65686225891113,-0.52167499065399,-1.53023743629456,15.363974571228,2.18927502632141,-1.56309998035431,-10.839674949646,-4.45912504196167,-1.84249997138977,2.38695001602173,-9.65895080566406,-20.3509502410889,-10.9369506835938,-6.79995012283325,-0.48000001907349,-4.94100046157837,-2.99100017547607,-10.5450000762939,SHAKE
-19.1228122711182,-19.1228122711182,-17.1688003540039,-20.371862411499,-20.371862411499,-18.1900119781494,8.49241256713867,8.49241256713867,9.18568706512451,-17.8720512390137,-17.8720512390137,-13.4790010452271,19.1869506835938,19.1869506835938,17.1540012359619,-9.30195045471191,-9.30195045471191,-7.06995010375977,-9.57316207885742,-2.22763752937317,5.01806259155273,-12.8533620834351,-2.35564994812012,2.3040874004364,7.96317481994629,1.8688999414444,-10.175687789917,-11.3070001602173,2.38905000686646,29.6299514770508,0.02400000020862,-37.0039520263672,-70.1869506835938,-5.050950050354,2.69100022315979,1.35195004940033,14.4660997390747,14.2283620834351,14.2283620834351,15.1525001525879,17.1942367553711,17.1942367553711,-17.9426498413086,-21.4402370452881,-21.4402370452881,46.7449531555176,35.4670524597168,35.4670524597168,-52.8400535583496,-26.3250007629395,-26.3250007629395,-14.9569511413574,-26.2399520874023,-26.2399520874023,14.2566871643066,8.65686225891113,-0.52167499065399,17.4609870910645,15.363974571228,2.18927502632141,-21.9434871673584,-10.839674949646,-4.45912504196167,18.3349514007568,2.38695001602173,-9.65895080566406,-16.2510013580322,-10.9369506835938,-6.79995012283325,-14.6260509490967,-4.94100046157837,-2.99100017547607,-1.53023743629456,-1.53023743629456,-5.37680006027222,-1.56309998035431,-1.56309998035431,-5.81185007095337,-1.84249997138977,-1.84249997138977,-0.06517499685287,-20.3509502410889,-20.3509502410889,-17.5750503540039,-0.48000001907349,-0.48000001907349,29.9089508056641,-10.5450000762939,-10.5450000762939,-2.31105017662048,-16.9680500030518,-20.1767501831055,-20.1767501831055,-15.0712375640869,-20.7021369934082,-20.7021369934082,5.60174989700317,8.09311199188232,8.09311199188232,-11.3719501495361,-17.4460506439209,-17.4460506439209,40.7299537658691,19.8100509643555,19.8100509643555,-2.85000014305115,-9.01500034332275,-9.01500034332275,-19.4521255493164,-15.8376626968384,-4.59483766555786,-19.8393249511719,-15.6904001235962,-6.80721235275269,8.94684982299805,8.6191873550415,3.16098737716675,-11.3449506759644,-9.71700000762939,0.26205000281334,11.5590009689331,3.03000020980835,-32.7769508361816,-6.62205028533936,-4.74195003509521,3.75195026397705,2.03527498245239,2.03527498245239,13.2697124481201,0.21559999883175,0.21559999883175,12.6014623641968,-7.14546251296997,-7.14546251296997,-16.1972255706787,27.4819507598877,27.4819507598877,51.1849517822266,-74.4210052490234,-74.4210052490234,-48.1909523010254,5.66805028915405,5.66805028915405,-11.122950553894,12.8607873916626,12.9768371582031,10.1564378738403,13.9767370223999,14.3776874542236,13.410924911499,-19.87548828125,-20.5500621795654,-12.5402746200562,36.8599510192871,16.2850513458252,0.18105000257492,-23.9490013122559,-16.0669498443604,-9.84900093078613,-27.2290515899658,-13.4980506896973,-1.77495002746582,-0.50008749961853,-0.50008749961853,-1.55966246128082,1.4082750082016,1.4082750082016,-1.68203747272491,-4.36988735198975,-4.36988735198975,-1.85198748111725,-10.7539501190186,-10.7539501190186,-22.1830501556396,-4.21095037460327,-4.21095037460327,4.93395042419434,-1.88295006752014,-1.88295006752014,-8.6050500869751,SHAKE
-1.55966246128082,-7.42541265487671,-18.520149230957,-1.68203747272491,-5.91937494277954,-17.5561370849609,-1.85198748111725,-1.25331246852875,5.18443727493286,-22.1830501556396,-11.6089506149292,-17.260950088501,4.93395042419434,37.6720504760742,32.0770530700684,-8.6050500869751,-3.69300007820129,-9.19500064849854,-20.6212882995605,-19.3308506011963,-13.5249128341675,-22.1166000366211,-20.7681369781494,-16.2274742126465,6.38783740997314,7.41826248168945,7.99301242828369,-18.928050994873,-14.2890005111694,-9.73605060577393,18.0520515441895,13.7809505462646,0.68805003166199,-11.0940008163452,-9.14700031280518,-5.43705034255981,-2.83469986915588,-2.83469986915588,16.2333869934082,-4.53832483291626,-4.53832483291626,13.6190996170044,2.03169989585876,2.03169989585876,-13.5705623626709,5.98395013809204,5.98395013809204,45.8389511108398,-22.3699512481689,-22.3699512481689,-64.0800018310547,2.95905017852783,2.95905017852783,-13.0290002822876,16.2333869934082,16.4559993743896,16.4474754333496,13.6190996170044,15.817587852478,15.9779119491577,-13.5705623626709,-16.6634864807129,-17.9957256317139,45.8389511108398,39.6670532226562,19.8970508575439,-64.0800018310547,-32.5609512329102,-17.1880512237549,-13.0290002822876,-26.320951461792,-18.2089500427246,16.4474754333496,0.25616249442101,0.25616249442101,15.9779119491577,2.28497505187988,2.28497505187988,-17.9957256317139,-3.85302495956421,-3.85302495956421,19.8970508575439,-12.6480007171631,-17.7070503234863,-17.1880512237549,-6.50595045089722,-2.51595020294189,-18.2089500427246,-4.84800004959106,-8.51399993896484,-5.58304977416992,-5.58304977416992,-17.7106876373291,-5.83137512207031,-5.83137512207031,-15.2380247116089,0.88302499055862,0.88302499055862,7.34813737869263,-15.4960508346558,-15.4960508346558,-15.5629510879517,39.1039505004883,39.1039505004883,38.5699501037598,-0.02895000204444,-0.02895000204444,-5.15205001831055,-20.0572624206543,-19.4764633178711,-15.1381998062134,-20.4433631896973,-19.265811920166,-15.1727123260498,8.21081256866455,8.42668724060059,8.44236278533936,-22.1370010375977,-15.5299510955811,-9.63300037384033,16.8040504455566,15.7600507736206,2.73600006103516,-12.363000869751,-11.9080505371094,-9.73095035552979,-3.2048499584198,-3.2048499584198,3.72294998168945,-5.47346258163452,-5.47346258163452,3.60112500190735,2.42082500457764,2.42082500457764,-5.07814979553223,5.5770001411438,5.5770001411438,28.9020004272461,-29.1940517425537,-29.1940517425537,-67.8059997558594,0.46395000815392,0.46395000815392,0.52095001935959,16.3706130981445,16.7822875976562,16.7822875976562,13.6927995681763,16.1869125366211,16.1869125366211,-12.8536376953125,-16.2794494628906,-16.2794494628906,47.4510040283203,37.9860000610352,16.9200000762939,-59.1600036621094,-27.8890514373779,-16.534049987793,-13.16100025177,-24.6619510650635,-12.9259510040283,17.0032501220703,1.01653754711151,1.01653754711151,16.5687503814697,3.81988739967346,3.81988739967346,-17.4014492034912,-3.67936253547668,-3.67936253547668,16.9200000762939,-11.9970006942749,-11.9970006942749,-16.534049987793,-6.01995038986206,-6.01995038986206,-12.9259510040283,-1.77495002746582,-1.77495002746582,SHAKE
-17.7106876373291,-20.0572624206543,-19.4764633178711,-15.2380247116089,-20.4433631896973,-19.265811920166,7.34813737869263,8.21081256866455,8.42668724060059,-15.5629510879517,-22.1370010375977,-15.5299510955811,38.5699501037598,16.8040504455566,15.7600507736206,-5.15205001831055,-12.363000869751,-11.9080505371094,-15.1381998062134,-3.2048499584198,-3.2048499584198,-15.1727123260498,-5.47346258163452,-5.47346258163452,8.44236278533936,2.42082500457764,2.42082500457764,-9.63300037384033,5.5770001411438,5.5770001411438,2.73600006103516,-29.1940517425537,-29.1940517425537,-9.73095035552979,0.46395000815392,0.46395000815392,3.72294998168945,16.3706130981445,16.7822875976562,3.60112500190735,13.6927995681763,16.1869125366211,-5.07814979553223,-12.8536376953125,-16.2794494628906,28.9020004272461,47.4510040283203,37.9860000610352,-67.8059997558594,-59.1600036621094,-27.8890514373779,0.52095001935959,-13.16100025177,-24.6619510650635,16.7822875976562,17.0032501220703,1.01653754711151,16.1869125366211,16.5687503814697,3.81988739967346,-16.2794494628906,-17.4014492034912,-3.67936253547668,16.9200000762939,16.9200000762939,-11.9970006942749,-16.534049987793,-16.534049987793,-6.01995038986206,-12.9259510040283,-12.9259510040283,-1.77495002746582,1.01653754711151,-0.48963749408722,-4.69920015335083,3.81988739967346,-0.3602499961853,-5.16752481460571,-3.67936253547668,-0.80024999380112,1.35781252384186,-11.9970006942749,-21.0409507751465,-18.7290000915527,-6.01995038986206,2.13405013084412,31.0969505310059,-1.77495002746582,-7.06305027008057,-3.09195017814636,-11.4955501556396,-20.012300491333,-20.012300491333,-10.1435127258301,-20.6255493164062,-20.6255493164062,3.83817505836487,9.91196250915527,9.91196250915527,-13.7070007324219,-20.9140510559082,-20.9140510559082,43.3789520263672,20.344051361084,20.344051361084,-3.54495024681091,-10.8760509490967,-10.8760509490967,-19.1794624328613,-15.3059501647949,-15.3059501647949,-19.2806625366211,-14.6216125488281,-14.6216125488281,10.3258371353149,9.54896259307861,9.54896259307861,-17.131950378418,-11.7979507446289,-11.7979507446289,15.1969509124756,2.9650502204895,2.9650502204895,-10.2460508346558,-7.61595058441162,-7.61595058441162,-2.91073751449585,2.21842503547668,14.9181995391846,-3.4702250957489,2.00475001335144,11.9484748840332,2.32993745803833,-5.02562475204468,-15.3689250946045,0.6769500374794,22.0140018463135,40.2469520568848,-29.0089511871338,-66.7770004272461,-62.0700035095215,1.68705010414124,4.1850004196167,-15.0289506912231,14.7504501342773,14.4291124343872,14.4291124343872,14.8520622253418,14.9927253723145,14.9927253723145,-19.2161750793457,-20.5996990203857,-20.5996990203857,38.7480010986328,21.0169506072998,21.0169506072998,-33.4930534362793,-20.5810508728027,-20.5810508728027,-36.5839500427246,-26.8290004730225,-26.8290004730225,12.1763124465942,-0.15661250054836,-1.31023752689362,13.5295877456665,2.83511257171631,-2.00103759765625,-15.0511627197266,-5.27862501144409,-1.88966250419617,0.31500002741814,-12.7009506225586,-19.7020511627197,-16.431001663208,-8.67300033569336,-0.84600001573563,-9.89595031738281,-3.8779501914978,-4.93905019760132,SHAKE
-20.012300491333,-19.1794624328613,-15.3059501647949,-20.6255493164062,-19.2806625366211,-14.6216125488281,9.91196250915527,10.3258371353149,9.54896259307861,-20.9140510559082,-17.131950378418,-11.7979507446289,20.344051361084,15.1969509124756,2.9650502204895,-10.8760509490967,-10.2460508346558,-7.61595058441162,-15.3059501647949,-2.91073751449585,2.21842503547668,-14.6216125488281,-3.4702250957489,2.00475001335144,9.54896259307861,2.32993745803833,-5.02562475204468,-11.7979507446289,0.6769500374794,22.0140018463135,2.9650502204895,-29.0089511871338,-66.7770004272461,-7.61595058441162,1.68705010414124,4.1850004196167,14.9181995391846,14.7504501342773,14.4291124343872,11.9484748840332,14.8520622253418,14.9927253723145,-15.3689250946045,-19.2161750793457,-20.5996990203857,40.2469520568848,38.7480010986328,21.0169506072998,-62.0700035095215,-33.4930534362793,-20.5810508728027,-15.0289506912231,-36.5839500427246,-26.8290004730225,14.4291124343872,12.1763124465942,-0.15661250054836,14.9927253723145,13.5295877456665,2.83511257171631,-20.5996990203857,-15.0511627197266,-5.27862501144409,21.0169506072998,0.31500002741814,-12.7009506225586,-20.5810508728027,-16.431001663208,-8.67300033569336,-26.8290004730225,-9.89595031738281,-3.8779501914978,-1.31023752689362,-3.92809987068176,-3.92809987068176,-2.00103759765625,-5.06151247024536,-5.06151247024536,-1.88966250419617,0.95149999856949,0.95149999856949,-19.7020511627197,-20.8510513305664,-20.8510513305664,-0.84600001573563,12.0070505142212,12.0070505142212,-4.93905019760132,-1.72200012207031,-1.72200012207031,-10.5809001922607,-16.5468883514404,-16.350399017334,-11.3609371185303,-18.1066875457764,-17.4030990600586,6.68607473373413,13.5917377471924,14.9883251190186,-8.62005043029785,-16.4759998321533,-18.9709510803223,43.2379531860352,33.0640525817871,17.0580005645752,1.56105005741119,-9.92505073547363,-14.5639505386353,-13.7968873977661,-7.6689248085022,-7.6689248085022,-13.8910751342773,-6.72746229171753,-6.72746229171753,14.6240873336792,9.980712890625,9.980712890625,-13.40505027771,-5.76705026626587,-5.76705026626587,12.2890510559082,-3.51000022888184,-3.51000022888184,-12.4900503158569,-5.03205013275146,-5.03205013275146,-1.28287494182587,10.4135627746582,17.1506500244141,1.52033746242523,6.94141244888306,14.8831377029419,2.5141875743866,-9.09067535400391,-14.6353626251221,8.68305015563965,32.764949798584,46.7539520263672,-44.029052734375,-74.8309555053711,-43.2340507507324,6.04605007171631,-3.70800018310547,-20.8459510803223,17.3698253631592,17.4389877319336,7.34566259384155,15.8499002456665,15.4226875305176,10.844762802124,-17.6292877197266,-17.609899520874,-7.42953729629517,30.9900016784668,10.2520503997803,-3.79905009269714,-21.7309513092041,-16.0480499267578,-8.53005027770996,-26.6089515686035,-10.1860504150391,-0.61995005607605,7.34566259384155,0.51108747720718,-0.3436124920845,10.844762802124,1.75051248073578,0.11316250264645,-7.42953729629517,-3.02238750457764,-1.69001245498657,-3.79905009269714,-12.8110504150391,-20.7940502166748,-8.53005027770996,-4.02195024490356,5.47305011749268,-0.61995005607605,-0.19905000925064,-5.72700023651123,SHAKE
-19.4286117553711,-20.7675876617432,-20.7675876617432,-18.18918800354,-19.7880382537842,-19.7880382537842,8.52912521362305,9.41380023956299,9.41380023956299,-13.863000869751,-17.8339500427246,-17.8339500427246,33.6649513244629,18.2910003662109,18.2910003662109,-6.85905027389526,-12.3889503479004,-12.3889503479004,-12.9365501403809,-12.9365501403809,-1.50273752212524,-12.1921253204346,-12.1921253204346,-0.69561249017715,8.4855375289917,8.4855375289917,0.42047500610352,-11.5159502029419,-11.5159502029419,2.90895009040833,-6.34800052642822,-6.34800052642822,-45.2500534057617,-4.50495004653931,-4.50495004653931,3.55800008773804,8.55469989776611,16.8845882415771,16.7959003448486,4.46105003356934,14.741925239563,15.8701124191284,-9.95609951019287,-16.048999786377,-18.6566867828369,31.4329509735107,47.1229515075684,32.9130020141602,-64.7140502929688,-44.8570518493652,-27.8140506744385,-1.72695004940033,-19.9339504241943,-28.1200504302979,16.6595001220703,8.7122745513916,0.2576749920845,15.9396877288818,12.8650503158569,1.72644996643066,-18.1915245056152,-8.95743751525879,-4.21960020065308,15.5179510116577,-0.11295000463724,-9.64995002746582,-18.0209999084473,-11.1619501113892,-6.14700031280518,-12.5550003051758,-3.3840000629425,-1.32000005245209,0.2576749920845,-1.23213744163513,-3.82882499694824,1.72644996643066,-1.17906248569489,-4.37332487106323,-4.21960020065308,-1.92238748073578,0.64198750257492,-9.64995002746582,-14.0610008239746,-15.6010503768921,-6.14700031280518,-0.51405000686645,15.1150503158569,-1.32000005245209,-6.22695016860962,-0.05805000290275,-12.5796003341675,-12.5796003341675,-18.0197868347168,-14.4051876068115,-14.4051876068115,-19.9080753326416,6.80858755111694,6.80858755111694,13.0774869918823,-11.5420503616333,-16.7509498596191,-16.7509498596191,36.9289512634277,27.2010021209717,27.2010021209717,-0.39495003223419,-8.58105087280273,-8.58105087280273,-17.0649871826172,-15.0053749084473,-15.0053749084473,-18.6224498748779,-14.9450120925903,-14.9450120925903,14.5224752426147,13.5371503829956,13.5371503829956,-17.2200012207031,-14.1240005493164,-14.1240005493164,20.8510513305664,12.445050239563,12.445050239563,-11.5200004577637,-10.5190505981445,-10.5190505981445,-6.54720020294189,0.43161249160767,13.0453128814697,-4.54492521286011,2.0992124080658,8.69330024719238,7.69642496109009,-0.05197500064969,-10.8593378067017,12.6060009002686,12.6060009002686,38.8939514160156,-49.2690010070801,-49.2690010070801,-64.4890518188477,3.06900024414062,3.06900024414062,-7.64295053482056,17.314962387085,17.314962387085,17.4304618835449,16.3429756164551,16.3429756164551,17.3384742736816,-15.3467874526978,-15.3467874526978,-16.9954128265381,45.8110504150391,45.8110504150391,29.203950881958,-40.5010528564453,-40.5010528564453,-22.8930015563965,-21.1960506439209,-21.1960506439209,-23.2510509490967,16.8682250976562,5.24383735656738,0.63648748397827,16.8503494262695,10.3015003204346,1.57093751430511,-15.4874496459961,-6.20482492446899,-2.81270003318787,10.8169507980347,-3.22395014762878,-11.3119506835938,-15.0349502563477,-10.2559509277344,-4.99500036239624,-8.07600021362305,0.41595003008843,-1.15200006961823,SHAKE
-17.0649871826172,-15.0053749084473,-15.0053749084473,-18.6224498748779,-14.9450120925903,-14.9450120925903,14.5224752426147,13.5371503829956,13.5371503829956,-17.2200012207031,-14.1240005493164,-14.1240005493164,20.8510513305664,12.445050239563,12.445050239563,-11.5200004577637,-10.5190505981445,-10.5190505981445,-6.54720020294189,0.43161249160767,13.0453128814697,-4.54492521286011,2.0992124080658,8.69330024719238,7.69642496109009,-0.05197500064969,-10.8593378067017,12.6060009002686,12.6060009002686,38.8939514160156,-49.2690010070801,-49.2690010070801,-64.4890518188477,3.06900024414062,3.06900024414062,-7.64295053482056,17.314962387085,17.314962387085,17.4304618835449,16.3429756164551,16.3429756164551,17.3384742736816,-15.3467874526978,-15.3467874526978,-16.9954128265381,45.8110504150391,45.8110504150391,29.203950881958,-40.5010528564453,-40.5010528564453,-22.8930015563965,-21.1960506439209,-21.1960506439209,-23.2510509490967,16.8682250976562,5.24383735656738,0.63648748397827,16.8503494262695,10.3015003204346,1.57093751430511,-15.4874496459961,-6.20482492446899,-2.81270003318787,10.8169507980347,-3.22395014762878,-11.3119506835938,-15.0349502563477,-10.2559509277344,-4.99500036239624,-8.07600021362305,0.41595003008843,-1.15200006961823,-0.99948751926422,-4.96883726119995,-4.96883726119995,-1.24533748626709,-6.29062509536743,-6.29062509536743,-0.8955374956131,1.85790002346039,1.85790002346039,-17.4670505523682,-14.706000328064,-14.706000328064,3.36300015449524,30.0559520721436,30.0559520721436,-4.88295030593872,-0.39300000667572,-0.39300000667572,-17.4348621368408,-18.8564758300781,-17.5806121826172,-18.6268501281738,-20.3495864868164,-18.2822742462158,10.0955247879028,12.1158123016357,12.7655000686646,-12.9049501419067,-17.9530506134033,-14.2939510345459,37.5450019836426,21.1410007476807,15.622950553894,-3.65505027770996,-11.1750001907349,-9.77895069122314,-17.5806121826172,-17.5806121826172,-17.5806121826172,-18.2822742462158,-18.2822742462158,-18.2822742462158,12.7655000686646,12.7655000686646,12.7655000686646,-14.2939510345459,-14.2939510345459,-14.2939510345459,15.622950553894,15.622950553894,15.622950553894,-9.77895069122314,-9.77895069122314,-9.77895069122314,-17.5806121826172,-17.5806121826172,-17.5806121826172,-18.2822742462158,-18.2822742462158,-18.2822742462158,12.7655000686646,12.7655000686646,12.7655000686646,-14.2939510345459,-14.2939510345459,-14.2939510345459,15.622950553894,15.622950553894,15.622950553894,-9.77895069122314,-9.77895069122314,-9.77895069122314,-14.116436958313,-14.116436958313,-14.116436958313,-12.999249458313,-12.999249458313,-12.999249458313,10.878999710083,10.878999710083,10.878999710083,-9.64500045776367,-9.64500045776367,-9.64500045776367,-3.05700016021729,-3.05700016021729,-3.05700016021729,-5.54700040817261,-5.54700040817261,-5.54700040817261,-14.116436958313,-14.116436958313,-3.1409125328064,-12.999249458313,-12.999249458313,-4.5177001953125,10.878999710083,10.878999710083,1.79781246185303,-9.64500045776367,-9.64500045776367,-18.8629512786865,-3.05700016021729,-3.05700016021729,29.3830509185791,-5.54700040817261,-5.54700040817261,1.59195005893707,SHAKE
-17.4348621368408,-18.8564758300781,-17.5806121826172,-18.6268501281738,-20.3495864868164,-18.2822742462158,10.0955247879028,12.1158123016357,12.7655000686646,-12.9049501419067,-17.9530506134033,-14.2939510345459,37.5450019836426,21.1410007476807,15.622950553894,-3.65505027770996,-11.1750001907349,-9.77895069122314,-17.5806121826172,-17.5806121826172,-17.5806121826172,-18.2822742462158,-18.2822742462158,-18.2822742462158,12.7655000686646,12.7655000686646,12.7655000686646,-14.2939510345459,-14.2939510345459,-14.2939510345459,15.622950553894,15.622950553894,15.622950553894,-9.77895069122314,-9.77895069122314,-9.77895069122314,-17.5806121826172,-17.5806121826172,-17.5806121826172,-18.2822742462158,-18.2822742462158,-18.2822742462158,12.7655000686646,12.7655000686646,12.7655000686646,-14.2939510345459,-14.2939510345459,-14.2939510345459,15.622950553894,15.622950553894,15.622950553894,-9.77895069122314,-9.77895069122314,-9.77895069122314,-14.116436958313,-14.116436958313,-14.116436958313,-12.999249458313,-12.999249458313,-12.999249458313,10.878999710083,10.878999710083,10.878999710083,-9.64500045776367,-9.64500045776367,-9.64500045776367,-3.05700016021729,-3.05700016021729,-3.05700016021729,-5.54700040817261,-5.54700040817261,-5.54700040817261,-14.116436958313,-14.116436958313,-3.1409125328064,-12.999249458313,-12.999249458313,-4.5177001953125,10.878999710083,10.878999710083,1.79781246185303,-9.64500045776367,-9.64500045776367,-18.8629512786865,-3.05700016021729,-3.05700016021729,29.3830509185791,-5.54700040817261,-5.54700040817261,1.59195005893707,-15.0519876480103,-17.8582248687744,-17.8582248687744,-17.6895122528076,-20.8976631164551,-20.8976631164551,8.5893497467041,11.4717626571655,11.4717626571655,-17.0050506591797,-20.5570507049561,-20.5570507049561,42.7180519104004,20.7130508422852,20.7130508422852,-2.28194999694824,-10.8330001831055,-10.8330001831055,-17.1278247833252,-14.8688373565674,-3.38689994812012,-19.4122505187988,-15.5073871612549,-2.80252504348755,12.0418376922607,11.1190748214722,4.50312519073486,-17.9100017547607,-14.1139507293701,-2.53905010223389,16.5330009460449,4.05000019073486,-22.0570507049561,-10.57200050354,-4.00200033187866,4.80105018615723,0.65463751554489,13.1795120239258,13.2704000473022,0.7236624956131,11.3172121047974,17.2485504150391,-2.86907505989075,-15.308012008667,-20.3424377441406,16.6230010986328,43.6960525512695,43.9980010986328,-58.339054107666,-54.1380043029785,-29.1510009765625,4.62600040435791,-12.9949502944946,-31.0800018310547,13.2704000473022,12.8988752365112,11.97487449646,17.2485504150391,18.046049118042,17.7841129302979,-20.3424377441406,-22.1670627593994,-18.3218746185303,43.9980010986328,25.9080009460449,7.78695058822632,-29.1510009765625,-19.3500003814697,-14.5440006256104,-31.0800018310547,-27.748950958252,-12.4300508499146,-0.39544999599457,-1.59596252441406,-3.6154248714447,6.17264986038208,-1.33773744106293,-4.5159125328064,-7.23717498779297,-3.3099000453949,-0.95301246643066,-5.82000017166138,-15.8070011138916,-24.6949520111084,-8.86695003509521,-4.30200004577637,12.5460004806519,-5.67900037765503,-5.26005029678345,-0.83400005102158,SHAKE
0.65463751554489,13.1795120239258,13.2704000473022,0.7236624956131,11.3172121047974,17.2485504150391,-2.86907505989075,-15.308012008667,-20.3424377441406,16.6230010986328,43.6960525512695,43.9980010986328,-58.339054107666,-54.1380043029785,-29.1510009765625,4.62600040435791,-12.9949502944946,-31.0800018310547,13.2704000473022,12.8988752365112,11.97487449646,17.2485504150391,18.046049118042,17.7841129302979,-20.3424377441406,-22.1670627593994,-18.3218746185303,43.9980010986328,25.9080009460449,7.78695058822632,-29.1510009765625,-19.3500003814697,-14.5440006256104,-31.0800018310547,-27.748950958252,-12.4300508499146,-0.39544999599457,-1.59596252441406,-3.6154248714447,6.17264986038208,-1.33773744106293,-4.5159125328064,-7.23717498779297,-3.3099000453949,-0.95301246643066,-5.82000017166138,-15.8070011138916,-24.6949520111084,-8.86695003509521,-4.30200004577637,12.5460004806519,-5.67900037765503,-5.26005029678345,-0.83400005102158,-10.2162504196167,-17.0807991027832,-17.2741241455078,-11.4732751846313,-21.4935874938965,-21.775463104248,3.14778757095337,9.51871204376221,11.0160875320435,-15.1459503173828,-19.8619518280029,-20.4559516906738,42.2800521850586,29.9170513153076,20.7010517120361,8.35500049591064,-2.52405023574829,-9.6040506362915,-17.2741241455078,-15.3245124816895,-9.02591228485107,-21.775463104248,-18.7649002075195,-11.5113620758057,11.0160875320435,11.1788873672485,7.75692510604858,-20.4559516906738,-14.4450006484985,-5.75805044174194,20.7010517120361,11.6190004348755,-19.5160503387451,-9.6040506362915,-9.02895069122314,-2.52195000648499,-9.02591228485107,11.5102624893188,11.5102624893188,-11.5113620758057,10.4479370117188,10.4479370117188,7.75692510604858,-14.1436624526978,-14.1436624526978,15.949951171875,45.1380004882812,45.1380004882812,-65.2819519042969,-62.9590530395508,-62.9590530395508,2.04900002479553,-7.90095043182373,-7.90095043182373,12.4302749633789,12.448974609375,12.5354623794556,17.2998371124268,17.8974132537842,17.7743492126465,-19.5815124511719,-21.3988494873047,-18.8996505737305,45.7150535583496,24.1690502166748,7.68705034255981,-27.2370014190674,-17.719051361084,-11.836950302124,-24.2520008087158,-22.8079509735107,-8.61300086975098,12.5354623794556,0.95411247014999,-0.55054998397827,17.7743492126465,7.88108730316162,-0.04028749838471,-18.8996505737305,-7.42527484893799,-3.34785008430481,7.68705034255981,-5.41500043869019,-15.35205078125,-11.836950302124,-7.08105039596558,-4.76505041122437,-8.61300086975098,-4.44300031661987,-5.37195014953613,-3.09058737754822,-10.2909126281738,-10.2909126281738,-3.28872489929199,-11.1619749069214,-11.1619749069214,-1.16104996204376,2.96532487869263,2.96532487869263,-22.3650016784668,-13.276050567627,-13.276050567627,8.19405078887939,39.1489524841309,39.1489524841309,-3.68805027008057,5.79000043869019,5.79000043869019,-18.4856376647949,-18.7439994812012,-9.80952453613281,-21.0164623260498,-21.3908748626709,-10.5318126678467,9.3257999420166,10.6617498397827,7.72557497024536,-15.9340505599976,-17.7469501495361,-3.78000020980835,30.3760509490967,17.3569507598877,-14.2900505065918,-2.49300003051758,-10.0279502868652,-2.77095007896423,SHAKE
-17.2741241455078,-17.2741241455078,-15.3245124816895,-21.775463104248,-21.775463104248,-18.7649002075195,11.0160875320435,11.0160875320435,11.1788873672485,-20.4559516906738,-20.4559516906738,-14.4450006484985,20.7010517120361,20.7010517120361,11.6190004348755,-9.6040506362915,-9.6040506362915,-9.02895069122314,-9.02591228485107,-9.02591228485107,11.5102624893188,-11.5113620758057,-11.5113620758057,10.4479370117188,7.75692510604858,7.75692510604858,-14.1436624526978,-5.75805044174194,15.949951171875,45.1380004882812,-19.5160503387451,-65.2819519042969,-62.9590530395508,-2.52195000648499,2.04900002479553,-7.90095043182373,11.5102624893188,12.4302749633789,12.448974609375,10.4479370117188,17.2998371124268,17.8974132537842,-14.1436624526978,-19.5815124511719,-21.3988494873047,45.1380004882812,45.7150535583496,24.1690502166748,-62.9590530395508,-27.2370014190674,-17.719051361084,-7.90095043182373,-24.2520008087158,-22.8079509735107,12.5354623794556,12.5354623794556,0.95411247014999,17.7743492126465,17.7743492126465,7.88108730316162,-18.8996505737305,-18.8996505737305,-7.42527484893799,7.68705034255981,7.68705034255981,-5.41500043869019,-11.836950302124,-11.836950302124,-7.08105039596558,-8.61300086975098,-8.61300086975098,-4.44300031661987,-0.55054998397827,-3.09058737754822,-10.2909126281738,-0.04028749838471,-3.28872489929199,-11.1619749069214,-3.34785008430481,-1.16104996204376,2.96532487869263,-15.35205078125,-22.3650016784668,-13.276050567627,-4.76505041122437,8.19405078887939,39.1489524841309,-5.37195014953613,-3.68805027008057,5.79000043869019,-10.2909126281738,-18.4856376647949,-18.7439994812012,-11.1619749069214,-21.0164623260498,-21.3908748626709,2.96532487869263,9.3257999420166,10.6617498397827,-13.276050567627,-15.9340505599976,-17.7469501495361,39.1489524841309,30.3760509490967,17.3569507598877,5.79000043869019,-2.49300003051758,-10.0279502868652,-9.80952453613281,-9.80952453613281,-1.32041251659393,-10.5318126678467,-10.5318126678467,-0.35282498598099,7.72557497024536,7.72557497024536,0.44110000133514,-3.78000020980835,-3.78000020980835,16.560001373291,-14.2900505065918,-14.2900505065918,-51.2299537658691,-2.77095007896423,-2.77095007896423,2.83200001716614,12.2953872680664,12.2953872680664,14.5928745269775,9.64892482757568,9.64892482757568,16.2386131286621,-9.93547534942627,-9.93547534942627,-14.4890623092651,41.1000022888184,41.1000022888184,36.8839530944824,-56.3250045776367,-56.3250045776367,-23.953950881958,-6.01200008392334,-6.01200008392334,-19.4790000915527,14.9604120254517,14.9604120254517,2.8938250541687,17.3384742736816,17.3384742736816,8.4409875869751,-15.7260122299194,-15.7260122299194,-6.32486248016357,11.32200050354,11.32200050354,-0.75495004653931,-13.8250503540039,-13.8250503540039,-9.09495067596436,-4.8400502204895,-4.8400502204895,-1.3819500207901,0.41126251220703,0.41126251220703,-5.56435012817383,0.90364998579025,0.90364998579025,-8.04154968261719,-2.84831237792969,-2.84831237792969,2.60246253013611,-10.7440509796143,-10.7440509796143,-16.1329498291016,-6.82200050354004,-6.82200050354004,35.2339515686035,-4.02104997634888,-4.02104997634888,5.27505016326904,SHAKE
12.2953872680664,14.5928745269775,14.9604120254517,9.64892482757568,16.2386131286621,17.3384742736816,-9.93547534942627,-14.4890623092651,-15.7260122299194,41.1000022888184,36.8839530944824,11.32200050354,-56.3250045776367,-23.953950881958,-13.8250503540039,-6.01200008392334,-19.4790000915527,-4.8400502204895,14.9604120254517,2.8938250541687,0.41126251220703,17.3384742736816,8.4409875869751,0.90364998579025,-15.7260122299194,-6.32486248016357,-2.84831237792969,11.32200050354,-0.75495004653931,-10.7440509796143,-13.8250503540039,-9.09495067596436,-6.82200050354004,-4.8400502204895,-1.3819500207901,-4.02104997634888,0.41126251220703,-5.56435012817383,-17.746711730957,0.90364998579025,-8.04154968261719,-20.7756996154785,-2.84831237792969,2.60246253013611,10.8150625228882,-10.7440509796143,-16.1329498291016,-13.2520503997803,-6.82200050354004,35.2339515686035,33.8400001525879,-4.02104997634888,5.27505016326904,2.29605007171631,-17.746711730957,-18.4251365661621,-17.0160369873047,-20.7756996154785,-21.2738628387451,-18.7819499969482,10.8150625228882,12.1944627761841,12.3435125350952,-13.2520503997803,-18.564001083374,-12.8110504150391,33.8400001525879,18.8950500488281,14.308051109314,2.29605007171631,-8.08305072784424,-9.74505043029785,-13.199725151062,-13.199725151062,-1.23749995231628,-12.6465625762939,-12.6465625762939,-0.23718750476837,10.045337677002,10.045337677002,1.44539999961853,-6.37305021286011,-0.54195004701614,8.14695072174072,-6.39105033874512,-24.351001739502,-43.7989501953125,-5.73600006103516,-0.92895007133484,2.7439501285553,8.38378715515137,14.4684371948242,14.4684371948242,4.8214373588562,16.0282382965088,16.0282382965088,-10.6922750473022,-16.6269130706787,-16.6269130706787,31.7880020141602,43.0200004577637,43.0200004577637,-61.9699516296387,-35.8330535888672,-35.8330535888672,-3.56895017623901,-13.9290008544922,-13.9290008544922,14.6412744522095,14.6412744522095,0.15289999544621,17.6334133148193,17.6334133148193,1.31023752689362,-19.5710620880127,-19.5710620880127,-3.91283750534058,15.0420007705688,7.85895013809204,-7.14000034332275,-16.8930015563965,-13.7050504684448,-6.18705034255981,-11.7840003967285,-7.29300022125244,-3.60705018043518,0.15289999544621,-1.21948754787445,-4.05006265640259,1.31023752689362,-1.41913747787476,-5.30310010910034,-3.91283750534058,-1.74803745746613,0.98037499189377,-7.14000034332275,-15.5059509277344,-19.1479511260986,-6.18705034255981,-2.48700022697449,15.0409507751465,-3.60705018043518,-7.64505052566528,-2.44305014610291,-4.05006265640259,-13.3766870498657,-18.5648365020752,-5.30310010910034,-15.4617376327515,-21.1421375274658,0.98037499189377,7.30083751678467,13.2226877212524,-19.1479511260986,-10.2390003204346,-15.939001083374,15.0409507751465,41.7700538635254,27.6010513305664,-2.44305014610291,5.70405006408691,-2.29905009269714,-17.7850742340088,-15.5665121078491,-15.5665121078491,-20.0087242126465,-15.9337749481201,-15.9337749481201,14.1069498062134,12.5383501052856,12.5383501052856,-19.1029510498047,-15.0100507736206,-15.0100507736206,18.0850505828857,10.570050239563,10.570050239563,-8.33505058288574,-8.40705013275146,-8.40705013275146,SHAKE
14.4684371948242,14.6412744522095,14.6412744522095,16.0282382965088,17.6334133148193,17.6334133148193,-16.6269130706787,-19.5710620880127,-19.5710620880127,43.0200004577637,15.0420007705688,7.85895013809204,-35.8330535888672,-16.8930015563965,-13.7050504684448,-13.9290008544922,-11.7840003967285,-7.29300022125244,0.15289999544621,0.15289999544621,-1.21948754787445,1.31023752689362,1.31023752689362,-1.41913747787476,-3.91283750534058,-3.91283750534058,-1.74803745746613,-7.14000034332275,-7.14000034332275,-15.5059509277344,-6.18705034255981,-6.18705034255981,-2.48700022697449,-3.60705018043518,-3.60705018043518,-7.64505052566528,-4.05006265640259,-4.05006265640259,-13.3766870498657,-5.30310010910034,-5.30310010910034,-15.4617376327515,0.98037499189377,0.98037499189377,7.30083751678467,-19.1479511260986,-19.1479511260986,-10.2390003204346,15.0409507751465,15.0409507751465,41.7700538635254,-2.44305014610291,-2.44305014610291,5.70405006408691,-18.5648365020752,-17.7850742340088,-15.5665121078491,-21.1421375274658,-20.0087242126465,-15.9337749481201,13.2226877212524,14.1069498062134,12.5383501052856,-15.939001083374,-19.1029510498047,-15.0100507736206,27.6010513305664,18.0850505828857,10.570050239563,-2.29905009269714,-8.33505058288574,-8.40705013275146,-15.5665121078491,-6.50842475891113,0.12773749232292,-15.9337749481201,-5.58621263504028,1.0925749540329,12.5383501052856,5.96309995651245,-3.00822496414185,-15.0100507736206,-6.75705051422119,22.7970008850098,10.570050239563,-26.2890014648438,-62.5830039978027,-8.40705013275146,-5.43000030517578,1.55595004558563,13.9310874938965,13.9310874938965,14.3176002502441,13.4212369918823,13.4212369918823,16.90012550354,-14.8633375167847,-14.8633375167847,-18.8072490692139,51.4150543212891,44.1870002746582,44.1870002746582,-62.7630043029785,-36.3049507141113,-36.3049507141113,-7.65705013275146,-24.3670520782471,-24.3670520782471,14.3387746810913,13.8083000183105,0.853600025177,17.2887001037598,17.0431251525879,4.98052501678467,-19.7004489898682,-16.5404243469238,-5.63543748855591,23.4679508209229,4.5130500793457,-9.01005077362061,-18.8470516204834,-11.3410501480103,-7.20000028610229,-14.9190006256104,-3.13995003700256,-2.26605010032654,-0.16816249489784,-2.6119499206543,-12.4669876098633,0.38403749465942,-3.12922501564026,-12.816237449646,-2.24633741378784,0.53446251153946,5.40044975280762,-19.723051071167,-23.6250019073486,-11.1400508880615,-4.79805040359497,14.1499509811401,42.5740509033203,-7.59195041656494,-5.25705003738403,-1.17599999904633,-12.4669876098633,-19.2040748596191,-19.2028369903564,-12.816237449646,-20.1210632324219,-19.6656627655029,5.40044975280762,10.5617876052856,11.6445999145508,-11.1400508880615,-16.6380004882812,-15.9850511550903,42.5740509033203,25.7710514068604,20.6530513763428,-1.17599999904633,-9.01500034332275,-10.9260005950928,-19.2028369903564,-8.20063781738281,-8.20063781738281,-19.6656627655029,-6.96959972381592,-6.96959972381592,11.6445999145508,7.59385013580322,7.59385013580322,-15.9850511550903,-11.0650501251221,-11.0650501251221,20.6530513763428,-3.95505023002625,-3.95505023002625,-10.9260005950928,-1.08705008029938,-1.08705008029938,SHAKE
13.9310874938965,14.3176002502441,14.3387746810913,13.4212369918823,16.90012550354,17.2887001037598,-14.8633375167847,-18.8072490692139,-19.7004489898682,44.1870002746582,44.1870002746582,23.4679508209229,-36.3049507141113,-36.3049507141113,-18.8470516204834,-24.3670520782471,-24.3670520782471,-14.9190006256104,13.8083000183105,0.853600025177,-0.16816249489784,17.0431251525879,4.98052501678467,0.38403749465942,-16.5404243469238,-5.63543748855591,-2.24633741378784,4.5130500793457,-9.01005077362061,-19.723051071167,-11.3410501480103,-7.20000028610229,-4.79805040359497,-3.13995003700256,-2.26605010032654,-7.59195041656494,-2.6119499206543,-12.4669876098633,-12.4669876098633,-3.12922501564026,-12.816237449646,-12.816237449646,0.53446251153946,5.40044975280762,5.40044975280762,-23.6250019073486,-11.1400508880615,-11.1400508880615,14.1499509811401,42.5740509033203,42.5740509033203,-5.25705003738403,-1.17599999904633,-1.17599999904633,-19.2040748596191,-19.2028369903564,-19.2028369903564,-20.1210632324219,-19.6656627655029,-19.6656627655029,10.5617876052856,11.6445999145508,11.6445999145508,-16.6380004882812,-15.9850511550903,-15.9850511550903,25.7710514068604,20.6530513763428,20.6530513763428,-9.01500034332275,-10.9260005950928,-10.9260005950928,-8.20063781738281,-8.20063781738281,-1.39562499523163,-6.96959972381592,-6.96959972381592,-0.20927499234676,7.59385013580322,7.59385013580322,0.98243749141693,-11.0650501251221,-11.0650501251221,-0.57300001382828,-3.95505023002625,-3.95505023002625,-55.9699516296387,-1.08705008029938,-1.08705008029938,7.2199501991272,9.24811267852783,15.0954370498657,14.8812122344971,2.88736248016357,14.9120121002197,16.4958744049072,-13.2533502578735,-19.6652507781982,-23.5881252288818,29.3280010223389,47.4439506530762,34.2360000610352,-76.7929534912109,-38.6490020751953,-21.2809505462646,-1.89900004863739,-16.4320507049561,-27.1639518737793,14.66712474823,5.03263759613037,5.03263759613037,16.6203117370605,13.2499122619629,13.2499122619629,-22.5735130310059,-9.73912525177002,-9.73912525177002,14.0929508209229,-0.17805001139641,-0.17805001139641,-18.5239505767822,-10.7260503768921,-10.7260503768921,-19.2990016937256,-8.65605068206787,-8.65605068206787,-1.1617374420166,-3.06198740005493,-7.29794979095459,-0.09913749992847,-3.52508759498596,-7.47188758850098,-5.20423746109009,-2.73721241950989,-0.18535000085831,-11.6190004348755,-20.6260509490967,-19.113000869751,-5.49795007705688,-0.29295000433922,26.8410015106201,-7.64295053482056,-12.1240501403809,1.3860000371933,-15.8955497741699,-15.8955497741699,-18.8374996185303,-15.1281623840332,-15.1281623840332,-19.9001007080078,6.17924976348877,6.17924976348877,10.02649974823,-8.9239501953125,-8.9239501953125,-17.8410015106201,42.4710006713867,42.4710006713867,19.9369506835938,-0.08895000070333,-0.08895000070333,-8.15505027770996,-17.4246883392334,-13.5833501815796,-5.2421875,-18.762149810791,-14.2283620834351,-6.0908374786377,11.634425163269,10.6363124847412,4.63429975509644,-13.7550010681152,-8.94795036315918,1.50795006752014,17.4460506439209,5.88000011444092,-35.1289520263672,-10.2340507507324,-9.34305000305176,0.4609500169754,SHAKE
15.5277376174927,15.5277376174927,15.9964752197266,12.9894876480103,12.9894876480103,14.7371120452881,-12.8651876449585,-12.8651876449585,-16.5939121246338,45.6910514831543,45.6910514831543,36.1129531860352,-51.355052947998,-51.355052947998,-25.9510517120361,-5.01495027542114,-5.01495027542114,-17.7229499816895,16.4286365509033,13.3388748168945,0.83833748102188,15.1753253936768,13.0418748855591,2.7528874874115,-17.3245868682861,-11.2899875640869,-4.01802492141724,15.2910003662109,-0.02205000072718,-11.6040000915527,-16.0260009765625,-8.14905071258545,-3.61995005607605,-7.5319504737854,-0.52905005216599,-2.82600021362305,0.83833748102188,-0.58643752336502,-5.80525016784668,2.7528874874115,-0.29342499375343,-4.85815000534058,-4.01802492141724,-1.21329998970032,0.08263749629259,-11.6040000915527,-21.2509517669678,-15.1560010910034,-3.61995005607605,5.10705041885376,35.9350509643555,-2.82600021362305,-6.796950340271,-0.89805006980896,-20.1049747467041,-20.1049747467041,-20.8902378082275,-18.0200614929199,-18.0200614929199,-19.1514129638672,6.57222509384155,6.57222509384155,7.8113751411438,-13.2469511032104,-13.2469511032104,-13.242000579834,33.9709510803223,33.9709510803223,13.278000831604,-4.95795011520386,-4.95795011520386,-9.74295043945312,-20.8902378082275,-15.9242877960205,-1.67323744297028,-19.1514129638672,-14.6961374282837,-1.79410004615784,7.8113751411438,7.4218373298645,-0.47657498717308,-13.242000579834,-5.23605012893677,10.7430009841919,13.278000831604,-10.0410003662109,-55.1730041503906,-9.74295043945312,-2.77305006980896,6.51600027084351,12.4800500869751,12.4800500869751,15.7283496856689,6.98390007019043,6.98390007019043,15.2262001037598,-11.0874500274658,-11.0874500274658,-18.3221492767334,39.9240036010742,39.9240036010742,28.5949516296387,-64.7530517578125,-64.7530517578125,-23.1250514984131,-0.59895002841949,-0.59895002841949,-17.8330516815186,15.7283496856689,15.7040128707886,3.81452488899231,15.2262001037598,15.4138870239258,9.18637466430664,-18.3221492767334,-17.2794876098633,-7.30441236495972,28.5949516296387,9.90900039672852,-4.00200033187866,-23.1250514984131,-15.1500005722046,-8.25195026397705,-17.8330516815186,-6.05205011367798,-2.02095007896423,0.06063750013709,0.06063750013709,-9.78944969177246,0.38651248812675,0.38651248812675,-9.65951251983643,-2.64866256713867,-2.64866256713867,2.6032874584198,-15.6160507202148,-15.6160507202148,-13.1350507736206,-4.17300033569336,-4.17300033569336,40.9860000610352,-5.49405002593994,-5.49405002593994,1.30695009231567,-9.78944969177246,-19.5357246398926,-20.0894374847412,-9.65951251983643,-20.4113254547119,-20.93918800354,2.6032874584198,9.28262519836426,10.5650873184204,-13.1350507736206,-16.7700004577637,-17.1409511566162,40.9860000610352,28.8340511322021,20.1229515075684,1.30695009231567,-5.06595039367676,-9.71205043792725,-18.2254867553711,-18.2254867553711,-1.13767504692078,-18.5541114807129,-18.5541114807129,-0.64899998903275,11.0489501953125,11.0489501953125,-0.97418749332428,-11.7330007553101,-11.7330007553101,15.6360006332397,11.5009508132935,11.5009508132935,-62.1490516662598,-9.07500076293945,-9.07500076293945,7.43100023269653,SHAKE
-1.13767504692078,12.6128749847412,13.292537689209,-0.64899998903275,9.27904987335205,14.9657745361328,-0.97418749332428,-14.160849571228,-19.8041248321533,15.6360006332397,39.2200508117676,45.787052154541,-62.1490516662598,-60.3319511413574,-31.2900009155273,7.43100023269653,-5.38395023345947,-22.4389514923096,13.0686874389648,12.9782123565674,0.515625,15.2380247116089,15.2935752868652,6.06526231765747,-21.5375881195068,-19.3147621154785,-7.30853748321533,25.6759510040283,7.6080002784729,-7.5730504989624,-20.814001083374,-13.4200506210327,-7.33005046844482,-25.0660514831543,-11.5270509719849,-5.71905040740967,-1.12571251392365,-1.12571251392365,-3.70301246643066,-1.14069998264313,-1.14069998264313,-3.94322490692139,-2.73020005226135,-2.73020005226135,-0.68241250514984,-18.4609508514404,-18.4609508514404,-22.0390510559082,-1.77795004844666,-1.77795004844666,13.1989507675171,-6.00900030136108,-6.00900030136108,-0.04995000362396,-11.4753370285034,-19.2703495025635,-19.612174987793,-11.2290744781494,-20.6864624023438,-21.0109615325928,3.68403744697571,9.83867454528809,11.215874671936,-12.0229501724243,-15.538950920105,-15.8910007476807,39.4420509338379,29.449951171875,19.8379516601562,6.19500017166138,-1.98600006103516,-8.26800060272217,-17.0428504943848,-17.0428504943848,-9.79852485656738,-18.2492752075195,-18.2492752075195,-10.9652128219604,11.5302000045776,11.5302000045776,7.51162481307983,-10.3129501342773,-10.3129501342773,-1.41600000858307,7.35795021057129,7.35795021057129,-27.2779521942139,-8.9239501953125,-8.9239501953125,1.79505014419556,-2.09398746490479,10.4629249572754,9.95046234130859,-1.74666249752045,12.7771873474121,13.4710121154785,-1.87481248378754,-16.8797740936279,-20.8027877807617,23.6880016326904,42.4270515441895,35.3680534362793,-63.9460525512695,-60.5110511779785,-34.1989517211914,7.60605049133301,-7.01295042037964,-24.5250015258789,9.9758996963501,9.9758996963501,10.2621746063232,13.4248123168945,13.4248123168945,13.8947877883911,-21.8589248657227,-21.8589248657227,-18.6704368591309,18.8280010223389,18.8280010223389,2.15205001831055,-17.9779510498047,-17.9779510498047,-11.8180503845215,-20.8150501251221,-20.8150501251221,-11.5849504470825,-1.04967498779297,-1.89034998416901,-6.43871259689331,0.09583749622107,-2.82397508621216,-6.56438732147217,-4.68077516555786,-0.98518747091293,1.43398749828339,-14.4180002212524,-30.1540508270264,-15.2899503707886,-7.53600025177002,1.72500002384186,39.3070526123047,-10.2340507507324,-8.70405006408691,6.11595010757446,-17.6214504241943,-20.8099365234375,-20.8099365234375,-15.2009000778198,-20.1143245697021,-20.1143245697021,8.08953762054443,9.77858734130859,9.77858734130859,-13.6810503005981,-20.3700008392334,-20.3700008392334,39.295051574707,16.7320499420166,16.7320499420166,4.01295042037964,-3.73605012893677,-3.73605012893677,-20.3572864532471,-10.9059495925903,-6.02855014801025,-19.1296882629395,-12.6149377822876,-7.72983741760254,9.66845035552979,7.8590874671936,4.0715126991272,-14.0020503997803,1.3090500831604,1.3090500831604,12.6799507141113,-28.2480010986328,-28.2480010986328,-4.02795028686523,-0.33300000429153,-0.33300000429153,SHAKE
-20.8099365234375,-20.8099365234375,-20.3572864532471,-20.1143245697021,-20.1143245697021,-19.1296882629395,9.77858734130859,9.77858734130859,9.66845035552979,-20.3700008392334,-20.3700008392334,-14.0020503997803,16.7320499420166,16.7320499420166,12.6799507141113,-3.73605012893677,-3.73605012893677,-4.02795028686523,-10.9059495925903,-6.02855014801025,-1.97642493247986,-12.6149377822876,-7.72983741760254,-0.35488748550415,7.8590874671936,4.0715126991272,-1.74597501754761,1.3090500831604,1.3090500831604,22.5070514678955,-28.2480010986328,-28.2480010986328,-45.8460006713867,-0.33300000429153,-0.33300000429153,-6.16005039215088,10.3489370346069,10.3489370346069,10.7062997817993,15.5456123352051,15.5456123352051,18.653938293457,-13.9481372833252,-13.9481372833252,-18.5692367553711,50.650951385498,50.650951385498,41.650951385498,-36.4819526672363,-36.4819526672363,-31.1890506744385,-12.7650003433228,-12.7650003433228,-24.256950378418,11.2480497360229,-0.39985001087189,-0.39985001087189,19.5164756774902,2.59586238861084,2.59586238861084,-20.3790130615234,-5.13617515563965,-5.13617515563965,23.3140506744385,-2.69205021858215,-2.69205021858215,-16.0480499267578,-4.19700002670288,-4.19700002670288,-15.6199502944946,-0.53400003910065,-0.53400003910065,-0.70661246776581,-2.09646248817444,-2.09646248817444,-0.44371250271797,-3.01042509078979,-3.01042509078979,-2.47101259231567,-0.49981248378754,-0.49981248378754,-12.7320003509521,-23.4210014343262,-23.4210014343262,-1.50705003738403,13.7070007324219,13.7070007324219,-2.94405007362366,-1.60005009174347,-1.60005009174347,-11.5076503753662,-17.7145366668701,-17.3342132568359,-13.6123628616333,-23.7125625610352,-23.1477127075195,3.09897494316101,8.23267459869385,8.91055011749268,-15.9250507354736,-17.0939998626709,-15.8479509353638,32.6830520629883,26.7550506591797,15.4290008544922,2.6140501499176,-2.24205017089844,-8.074049949646,-15.7793626785278,-15.7793626785278,-6.30506229400635,-19.8258495330811,-19.8258495330811,-8.67047500610352,7.86238765716553,7.86238765716553,3.68293738365173,-8.24595069885254,-8.24595069885254,5.78295040130615,1.12800002098083,1.12800002098083,-32.4220504760742,-9.26205062866211,-9.26205062866211,-2.2590000629425,2.21196246147156,2.21196246147156,12.6289625167847,2.40363740921021,2.40363740921021,17.6907501220703,-7.45208740234375,-7.45208740234375,-19.1648864746094,26.4679508209229,43.4250030517578,37.2150001525879,-60.0010528564453,-44.9220008850098,-26.461051940918,3.90495014190674,-3.22605013847351,-20.3580017089844,12.6289625167847,12.2594995498657,10.3643369674683,17.6907501220703,17.1862621307373,16.3094253540039,-19.1648864746094,-19.5205993652344,-13.4607000350952,37.2150001525879,23.1439514160156,7.53300046920776,-26.461051940918,-15.928050994873,-11.0370006561279,-20.3580017089844,-17.7280502319336,-10.8109502792358,-0.3797749876976,-0.3797749876976,-1.09367501735687,1.17713749408722,1.17713749408722,-1.60393750667572,-4.92786264419556,-4.92786264419556,-2.35166239738464,-4.98900032043457,-17.625,-17.625,-6.41205024719238,-4.76700019836426,-4.76700019836426,-5.95905017852783,-6.39705038070679,-6.39705038070679,SHAKE
-17.7145366668701,-17.3342132568359,-15.7793626785278,-23.7125625610352,-23.1477127075195,-19.8258495330811,8.23267459869385,8.91055011749268,7.86238765716553,-17.0939998626709,-15.8479509353638,-8.24595069885254,26.7550506591797,15.4290008544922,1.12800002098083,-2.24205017089844,-8.074049949646,-9.26205062866211,-15.7793626785278,-6.30506229400635,2.21196246147156,-19.8258495330811,-8.67047500610352,2.40363740921021,7.86238765716553,3.68293738365173,-7.45208740234375,-8.24595069885254,5.78295040130615,26.4679508209229,1.12800002098083,-32.4220504760742,-60.0010528564453,-9.26205062866211,-2.2590000629425,3.90495014190674,2.21196246147156,12.6289625167847,12.6289625167847,2.40363740921021,17.6907501220703,17.6907501220703,-7.45208740234375,-19.1648864746094,-19.1648864746094,43.4250030517578,37.2150001525879,37.2150001525879,-44.9220008850098,-26.461051940918,-26.461051940918,-3.22605013847351,-20.3580017089844,-20.3580017089844,12.2594995498657,10.3643369674683,-0.3797749876976,17.1862621307373,16.3094253540039,1.17713749408722,-19.5205993652344,-13.4607000350952,-4.92786264419556,23.1439514160156,7.53300046920776,-4.98900032043457,-15.928050994873,-11.0370006561279,-6.41205024719238,-17.7280502319336,-10.8109502792358,-5.95905017852783,-0.3797749876976,-1.09367501735687,-3.51023745536804,1.17713749408722,-1.60393750667572,-5.22032499313354,-4.92786264419556,-2.35166239738464,0.32202500104904,-17.625,-17.625,-26.4940509796143,-4.76700019836426,-4.76700019836426,7.4320502281189,-6.39705038070679,-6.39705038070679,-2.54595017433167,-9.85806274414062,-17.0439491271973,-17.3071250915527,-14.395975112915,-22.4850997924805,-22.5097122192383,5.00623750686646,11.2376003265381,13.157787322998,-15.6469507217407,-15.9850511550903,-14.8110008239746,35.3599510192871,30.211051940918,21.9600009918213,8.83200073242188,0.71295005083084,-6.92205047607422,-17.3071250915527,-9.16066265106201,-9.16066265106201,-22.5097122192383,-8.27296257019043,-8.27296257019043,13.157787322998,9.15694999694824,9.15694999694824,-14.8110008239746,0.13305000960827,0.13305000960827,21.9600009918213,-12.939001083374,-12.939001083374,-6.92205047607422,-10.8349504470825,-10.8349504470825,-1.23048746585846,13.6255626678467,16.2186756134033,1.93022501468658,14.8817625045776,21.9214878082275,2.30188751220703,-6.84048748016357,-10.5479001998901,17.0490016937256,44.544002532959,48.1360511779785,-56.6670036315918,-53.7600021362305,-15.657000541687,-2.07705020904541,2.57100009918213,0.93795001506805,16.2186756134033,16.6585369110107,16.5702629089355,21.9214878082275,22.174488067627,21.2286243438721,-10.5479001998901,-12.2673377990723,-11.4174499511719,48.1360511779785,26.6119518280029,13.4280004501343,-15.657000541687,-11.5110006332397,-8.76000022888184,0.93795001506805,-3.71700024604797,0.88005006313324,3.57829999923706,1.35973751544952,1.35973751544952,10.089750289917,2.5482873916626,2.5482873916626,-4.09598731994629,-2.49438738822937,-2.49438738822937,2.74305009841919,-6.61500024795532,-6.61500024795532,-7.05900049209595,-5.0110502243042,-5.0110502243042,-0.3979500234127,-6.01905012130737,-6.01905012130737,SHAKE
-17.3071250915527,-17.3071250915527,-9.16066265106201,-22.5097122192383,-22.5097122192383,-8.27296257019043,13.157787322998,13.157787322998,9.15694999694824,-14.8110008239746,-14.8110008239746,0.13305000960827,21.9600009918213,21.9600009918213,-12.939001083374,-6.92205047607422,-6.92205047607422,-10.8349504470825,-9.16066265106201,-1.23048746585846,13.6255626678467,-8.27296257019043,1.93022501468658,14.8817625045776,9.15694999694824,2.30188751220703,-6.84048748016357,0.13305000960827,17.0490016937256,44.544002532959,-12.939001083374,-56.6670036315918,-53.7600021362305,-10.8349504470825,-2.07705020904541,2.57100009918213,16.2186756134033,16.2186756134033,16.6585369110107,21.9214878082275,21.9214878082275,22.174488067627,-10.5479001998901,-10.5479001998901,-12.2673377990723,48.1360511779785,48.1360511779785,26.6119518280029,-15.657000541687,-15.657000541687,-11.5110006332397,0.93795001506805,0.93795001506805,-3.71700024604797,16.5702629089355,3.57829999923706,1.35973751544952,21.2286243438721,10.089750289917,2.5482873916626,-11.4174499511719,-4.09598731994629,-2.49438738822937,13.4280004501343,2.74305009841919,-6.61500024795532,-8.76000022888184,-7.05900049209595,-5.0110502243042,0.88005006313324,-0.3979500234127,-6.01905012130737,1.35973751544952,0.16513749957085,-3.53677487373352,2.5482873916626,0.37922498583794,-7.32929992675781,-2.49438738822937,-2.92407488822937,-0.4463250041008,-6.61500024795532,-17.0479507446289,-21.574951171875,-5.0110502243042,4.71405029296875,21.1459503173828,-6.01905012130737,-7.06500053405762,-1.46295011043549,-14.8520622253418,-15.5567502975464,-14.7853746414185,-22.4977493286133,-23.2891998291016,-21.7621250152588,5.78049993515015,7.81728744506836,9.53823757171631,-15.0649509429932,-16.2600002288818,-11.3260507583618,32.4580497741699,22.1880016326904,12.0709505081177,-0.07695000618696,-7.4170503616333,-10.3440008163452,-11.5627870559692,-0.03244999796152,12.8862247467041,-14.0901746749878,1.60269999504089,11.4229497909546,7.52729988098145,0.46805000305176,-8.01501274108887,1.07400000095367,18.4549503326416,42.4050025939941,-8.40000057220459,-45.7720527648926,-60.6450042724609,-9.77895069122314,1.00005006790161,9.34905052185059,15.6168375015259,15.6168375015259,15.6503877639771,19.285062789917,19.285062789917,19.401388168335,-11.0189752578735,-11.0189752578735,-12.5721750259399,41.8609504699707,41.8609504699707,26.9569511413574,-28.6240520477295,-28.6240520477295,-11.3890504837036,1.1290500164032,1.1290500164032,-6.21000051498413,15.2854623794556,3.42113757133484,0.53102499246597,18.6506366729736,9.7981128692627,0.8399875164032,-12.021900177002,-4.58053731918335,-2.10897493362427,12.5290508270264,0.30795001983643,-12.8569507598877,-7.66695022583008,-6.06300020217896,-2.88195013999939,-4.97400045394897,-5.26005029678345,-9.43905067443848,-1.37609994411469,-1.37609994411469,-12.1147127151489,-2.63436245918274,-2.63436245918274,-12.7036247253418,-1.26843750476837,-1.26843750476837,-0.24103750288487,-25.4230518341064,-25.4230518341064,-13.9369506835938,12.3829507827759,12.3829507827759,28.8799514770508,-6.8430004119873,-6.8430004119873,5.01900005340576,SHAKE
-19.400562286377,-19.400562286377,-18.6924381256104,-25.0270614624023,-25.0270614624023,-23.295524597168,3.98860001564026,3.98860001564026,4.95866250991821,-12.3420009613037,-12.0019502639771,-4.54395008087158,24.8460006713867,16.7890510559082,2.83605003356934,3.04800009727478,-4.13595008850098,-9.2590503692627,-18.6924381256104,-8.30389976501465,0.35351249575615,-23.295524597168,-13.0322504043579,3.37397503852844,4.95866250991821,4.71845006942749,-1.49201250076294,-4.54395008087158,10.2709503173828,29.7259521484375,2.83605003356934,-23.2690505981445,-53.5420532226562,-9.2590503692627,-6.23700046539307,-2.98200011253357,11.8390245437622,11.8390245437622,12.4183120727539,16.0283756256104,16.0283756256104,16.5525245666504,-5.18636226654053,-5.18636226654053,-7.2842001914978,41.485050201416,41.485050201416,20.8999519348145,-39.0280532836914,-39.0280532836914,-11.8680009841919,-0.5100000500679,-0.5100000500679,-7.85595035552979,12.4183120727539,11.0356121063232,0.71403747797012,16.5525245666504,12.5780878067017,1.68176245689392,-7.2842001914978,-5.39811229705811,-1.94218754768372,20.8999519348145,9.61695003509521,-0.46995002031326,-11.8680009841919,-9.09000015258789,-6.85995054244995,-7.85595035552979,-4.90694999694824,-4.14600038528442,-0.05032499879599,-1.79135000705719,-6.73172473907471,-0.04949999973178,-3.2357873916626,-14.8685626983643,-1.41941249370575,-0.27500000596046,3.62106251716614,-11.1799507141113,-23.3539505004883,-15.5149507522583,-3.3880500793457,5.96895027160645,22.6669502258301,-8.19300079345703,-3.38700008392334,8.32605075836182,-15.1050624847412,-15.4684753417969,-15.4684753417969,-26.2479248046875,-27.2131748199463,-27.2131748199463,11.320650100708,13.8228750228882,13.8228750228882,-9.91800022125244,-12.4260005950928,-12.4260005950928,27.4309520721436,19.3830013275146,19.3830013275146,9.69600009918213,0.61695003509521,0.61695003509521,-14.0560750961304,-9.44982528686523,-3.40243744850159,-24.0361003875732,-12.3161497116089,-4.63237476348877,14.049337387085,11.2275629043579,7.60622501373291,-8.07600021362305,2.33895015716553,16.6350002288818,10.7089500427246,-5.47095012664795,-32.0460014343262,-4.9699501991272,-10.2480001449585,-9.0799503326416,8.29496288299561,8.29496288299561,13.2428998947144,13.9291620254517,13.9291620254517,18.703987121582,0.75886249542236,0.75886249542236,2.60892510414124,37.9380035400391,37.9380035400391,42.7999534606934,-42.1699523925781,-42.1699523925781,-22.78005027771,-9.24000072479248,-9.24000072479248,-5.60895013809204,13.2428998947144,13.7270374298096,13.9305372238159,18.703987121582,19.4716491699219,19.3322257995605,2.60892510414124,1.47001254558563,0.11398749798536,42.7999534606934,22.1449508666992,15.8989505767822,-22.78005027771,-11.5020008087158,-10.3140001296997,-5.60895013809204,-3.07500004768372,-1.46805012226105,6.06086254119873,1.23364996910095,1.23364996910095,7.27498769760132,2.34643745422363,2.34643745422363,2.50676250457764,-0.54216247797012,-0.54216247797012,5.85495042800903,-4.68000030517578,-4.68000030517578,-8.54594993591309,-4.81695032119751,-4.81695032119751,-1.24095010757446,-7.24995040893555,-7.24995040893555,SHAKE
-15.4684753417969,-14.0560750961304,-9.44982528686523,-27.2131748199463,-24.0361003875732,-12.3161497116089,13.8228750228882,14.049337387085,11.2275629043579,-12.4260005950928,-8.07600021362305,2.33895015716553,19.3830013275146,10.7089500427246,-5.47095012664795,0.61695003509521,-4.9699501991272,-10.2480001449585,-3.40243744850159,8.29496288299561,8.29496288299561,-4.63237476348877,13.9291620254517,13.9291620254517,7.60622501373291,0.75886249542236,0.75886249542236,16.6350002288818,37.9380035400391,37.9380035400391,-32.0460014343262,-42.1699523925781,-42.1699523925781,-9.0799503326416,-9.24000072479248,-9.24000072479248,13.2428998947144,13.2428998947144,13.7270374298096,18.703987121582,18.703987121582,19.4716491699219,2.60892510414124,2.60892510414124,1.47001254558563,42.7999534606934,42.7999534606934,22.1449508666992,-22.78005027771,-22.78005027771,-11.5020008087158,-5.60895013809204,-5.60895013809204,-3.07500004768372,13.9305372238159,6.06086254119873,1.23364996910095,19.3322257995605,7.27498769760132,2.34643745422363,0.11398749798536,2.50676250457764,-0.54216247797012,15.8989505767822,5.85495042800903,-4.68000030517578,-10.3140001296997,-8.54594993591309,-4.81695032119751,-1.46805012226105,-1.24095010757446,-7.24995040893555,1.23364996910095,0.17599999904633,-1.37307500839233,2.34643745422363,0.64281249046326,-1.9679000377655,-0.54216247797012,-0.84961247444153,-0.37592500448227,-4.68000030517578,-14.2050008773804,-13.5199508666992,-4.81695032119751,3.42795014381409,16.0020008087158,-7.24995040893555,-5.44200038909912,4.91100025177002,-10.3313369750977,-10.3313369750977,-11.7841625213623,-15.4192495346069,-15.4192495346069,-18.736988067627,3.40326237678528,3.40326237678528,6.51419973373413,-12.0499505996704,-12.0499505996704,-11.9590501785278,22.9759502410889,22.9759502410889,13.0800008773804,8.82900047302246,8.82900047302246,2.13795018196106,-11.7841625213623,-11.020899772644,-2.94359993934631,-18.736988067627,-17.136625289917,-5.02603769302368,6.51419973373413,6.37944984436035,2.00021243095398,-11.9590501785278,-7.19295024871826,6.42000007629395,13.0800008773804,0.76395004987717,-26.4970512390137,2.13795018196106,-1.39200007915497,-3.75300025939941,-4.6788501739502,-4.6788501739502,-6.57359981536865,-2.60796236991882,-2.60796236991882,-3.26149988174438,-8.37828731536865,-8.37828731536865,-14.6411371231079,32.9569511413574,32.9569511413574,34.9560012817383,-49.9470024108887,-49.9470024108887,-7.60995054244995,-7.98000049591064,-7.98000049591064,-18.6259517669678,-6.57359981536865,-2.49988746643066,-2.49988746643066,-3.26149988174438,-1.76261246204376,-1.76261246204376,-14.6411371231079,-7.27155017852783,-7.27155017852783,34.9560012817383,9.19800090789795,9.19800090789795,-7.60995054244995,-6.34095048904419,-6.34095048904419,-18.6259517669678,-9.03600025177002,-9.03600025177002,-1.08446252346039,-1.35121250152588,-3.47833752632141,-1.46423745155334,-2.05920004844666,-3.52824997901917,-4.81414985656738,-3.64746236801147,-3.77286243438721,-0.37395000457764,-6.42105007171631,-10.0740003585815,-5.95695018768311,0.2490000128746,5.42805004119873,-6.84000015258789,-6.63195037841797,2.41995000839233,SHAKE
-6.57359981536865,-6.57359981536865,-2.49988746643066,-3.26149988174438,-3.26149988174438,-1.76261246204376,-14.6411371231079,-14.6411371231079,-7.27155017852783,34.9560012817383,34.9560012817383,9.19800090789795,-7.60995054244995,-7.60995054244995,-6.34095048904419,-18.6259517669678,-18.6259517669678,-9.03600025177002,-2.49988746643066,-1.08446252346039,-1.35121250152588,-1.76261246204376,-1.46423745155334,-2.05920004844666,-7.27155017852783,-4.81414985656738,-3.64746236801147,9.19800090789795,-0.37395000457764,-6.42105007171631,-6.34095048904419,-5.95695018768311,0.2490000128746,-9.03600025177002,-6.84000015258789,-6.63195037841797,-3.47833752632141,-6.89370012283325,-12.0214872360229,-3.52824997901917,-8.30802536010742,-24.5249118804932,-3.77286243438721,-2.35468745231628,2.12794995307922,-10.0740003585815,-12.3370504379272,-11.0250005722046,5.42805004119873,8.6850004196167,12.8140506744385,2.41995000839233,5.7610502243042,7.4239501953125,-12.0214872360229,-11.7207746505737,-11.7207746505737,-24.5249118804932,-29.144775390625,-29.144775390625,2.12794995307922,8.93474960327148,8.93474960327148,-11.0250005722046,-7.09200048446655,-7.09200048446655,12.8140506744385,13.8769502639771,13.8769502639771,7.4239501953125,4.57305002212524,4.57305002212524,-3.41852498054504,-3.41852498054504,-0.07301250100136,-9.40995025634766,-9.40995025634766,-7.88700008392334,6.3740873336792,6.3740873336792,6.88765001296997,8.95605087280273,8.95605087280273,26.9070014953613,-9.68595027923584,-9.68595027923584,-34.2930030822754,-4.95105028152466,-4.95105028152466,-11.7190504074097,-4.38776254653931,-3.92562508583069,-3.92562508583069,-13.9397497177124,-12.5629625320435,-12.5629625320435,10.7527751922607,8.55923748016357,8.55923748016357,36.904052734375,22.4830513000488,22.4830513000488,-36.8839530944824,-6.99705028533936,-6.99705028533936,-14.9980506896973,-3.24495005607605,-3.24495005607605,-4.26923751831055,0.89966249465942,0.89966249465942,-8.35560035705566,-0.76518750190735,-0.76518750190735,5.67531251907349,-0.08868750184774,-0.08868750184774,12.5560503005981,4.10895013809204,4.10895013809204,-6.67095041275024,-5.22900009155273,-5.22900009155273,-1.24305009841919,-3.44895005226135,-3.44895005226135,0.64171248674393,-0.25217500329018,-2.44983744621277,-0.3287625014782,-0.86748749017715,-3.8758499622345,-0.78429996967316,-1.63528752326965,-1.88154995441437,-1.77495002746582,-8.69400024414062,-13.7190008163452,-1.52700006961823,1.9690500497818,9.97995090484619,-4.78005027770996,-5.49405002593994,-1.23300004005432,-13.2215871810913,-13.2215871810913,-15.9339122772217,-19.4247627258301,-19.4247627258301,-27.2098751068115,1.94878745079041,1.94878745079041,4.08925008773804,-10.9549503326416,-10.9549503326416,-10.9960508346558,19.6440010070801,19.6440010070801,19.7980518341064,6.18300008773804,6.18300008773804,9.05505084991455,-16.0088500976562,-14.4946994781494,-4.23225021362305,-28.4721240997314,-26.1394367218018,-10.9872121810913,5.36854982376099,5.66830015182495,1.64174997806549,-12.046950340271,-6.85005044937134,5.36400032043457,13.7839508056641,4.93695020675659,-15.9160509109497,6.90105009078979,0.50700002908707,-5.17095041275024,SHAKE
-4.38776254653931,-3.92562508583069,-3.92562508583069,-13.9397497177124,-12.5629625320435,-12.5629625320435,10.7527751922607,8.55923748016357,8.55923748016357,36.904052734375,22.4830513000488,22.4830513000488,-36.8839530944824,-6.99705028533936,-6.99705028533936,-14.9980506896973,-3.24495005607605,-3.24495005607605,-4.26923751831055,0.89966249465942,0.89966249465942,-8.35560035705566,-0.76518750190735,-0.76518750190735,5.67531251907349,-0.08868750184774,-0.08868750184774,12.5560503005981,4.10895013809204,4.10895013809204,-6.67095041275024,-5.22900009155273,-5.22900009155273,-1.24305009841919,-3.44895005226135,-3.44895005226135,0.64171248674393,-0.25217500329018,-2.44983744621277,-0.3287625014782,-0.86748749017715,-3.8758499622345,-0.78429996967316,-1.63528752326965,-1.88154995441437,-1.77495002746582,-8.69400024414062,-13.7190008163452,-1.52700006961823,1.9690500497818,9.97995090484619,-4.78005027770996,-5.49405002593994,-1.23300004005432,-13.2215871810913,-13.2215871810913,-15.9339122772217,-19.4247627258301,-19.4247627258301,-27.2098751068115,1.94878745079041,1.94878745079041,4.08925008773804,-10.9549503326416,-10.9549503326416,-10.9960508346558,19.6440010070801,19.6440010070801,19.7980518341064,6.18300008773804,6.18300008773804,9.05505084991455,-16.0088500976562,-14.4946994781494,-4.23225021362305,-28.4721240997314,-26.1394367218018,-10.9872121810913,5.36854982376099,5.66830015182495,1.64174997806549,-12.046950340271,-6.85005044937134,5.36400032043457,13.7839508056641,4.93695020675659,-15.9160509109497,6.90105009078979,0.50700002908707,-5.17095041275024,-3.2522873878479,-10.3479747772217,-10.3479747772217,-5.42959976196289,-14.5664749145508,-14.5664749145508,-1.96528744697571,-2.78079986572266,-2.78079986572266,28.0879516601562,39.2359504699707,39.2359504699707,-41.9880027770996,-38.998950958252,-38.998950958252,-8.23905086517334,-10.5210008621216,-10.5210008621216,-10.9109001159668,-10.897837638855,-8.92388725280762,-15.1372375488281,-14.9921751022339,-12.6662244796753,-4.78651237487793,-5.50495004653931,-3.85481238365173,36.2140502929688,22.441951751709,11.7940502166748,-15.5760011672974,-7.20300054550171,-5.52195024490356,-7.65900039672852,-4.91895008087158,-2.47200012207031,-1.04706251621246,-0.67182499170303,-0.67182499170303,-1.67530000209808,-0.70468747615814,-0.70468747615814,-3.69888758659363,-2.69335007667542,-2.69335007667542,3.28200006484985,-5.59500026702881,-5.59500026702881,-3.49500012397766,-0.13800001144409,-0.13800001144409,-3.89895009994507,-6.17895030975342,-6.17895030975342,-1.7216374874115,-17.0842380523682,-17.0842380523682,-1.65288746356964,-24.9411239624023,-24.9411239624023,-2.8466625213623,1.26995003223419,1.26995003223419,-16.2940502166748,-10.1650505065918,-10.1650505065918,4.24695014953613,25.5499515533447,25.5499515533447,-4.68705034255981,15.2700004577637,15.2700004577637,-18.0984382629395,-17.2204990386963,-12.1899251937866,-27.0345630645752,-25.8956489562988,-19.8895130157471,1.94823753833771,2.90523743629456,3.00313758850098,-11.5830001831055,-9.17100048065186,2.19000005722046,20.7769508361816,8.64900016784668,-16.1430015563965,11.3110504150391,2.12295007705688,-5.08005046844482,SHAKE
-15.9339122772217,-16.0088500976562,-14.4946994781494,-27.2098751068115,-28.4721240997314,-26.1394367218018,4.08925008773804,5.36854982376099,5.66830015182495,-10.9960508346558,-12.046950340271,-6.85005044937134,19.7980518341064,13.7839508056641,4.93695020675659,9.05505084991455,6.90105009078979,0.50700002908707,-4.23225021362305,-3.2522873878479,-10.3479747772217,-10.9872121810913,-5.42959976196289,-14.5664749145508,1.64174997806549,-1.96528744697571,-2.78079986572266,5.36400032043457,28.0879516601562,39.2359504699707,-15.9160509109497,-41.9880027770996,-38.998950958252,-5.17095041275024,-8.23905086517334,-10.5210008621216,-10.3479747772217,-10.9109001159668,-10.897837638855,-14.5664749145508,-15.1372375488281,-14.9921751022339,-2.78079986572266,-4.78651237487793,-5.50495004653931,39.2359504699707,36.2140502929688,22.441951751709,-38.998950958252,-15.5760011672974,-7.20300054550171,-10.5210008621216,-7.65900039672852,-4.91895008087158,-8.92388725280762,-1.04706251621246,-0.67182499170303,-12.6662244796753,-1.67530000209808,-0.70468747615814,-3.85481238365173,-3.69888758659363,-2.69335007667542,11.7940502166748,3.28200006484985,-5.59500026702881,-5.52195024490356,-3.49500012397766,-0.13800001144409,-2.47200012207031,-3.89895009994507,-6.17895030975342,-0.67182499170303,-1.7216374874115,-17.0842380523682,-0.70468747615814,-1.65288746356964,-24.9411239624023,-2.69335007667542,-2.8466625213623,1.26995003223419,-5.59500026702881,-16.2940502166748,-10.1650505065918,-0.13800001144409,4.24695014953613,25.5499515533447,-6.17895030975342,-4.68705034255981,15.2700004577637,-17.0842380523682,-18.0984382629395,-17.2204990386963,-24.9411239624023,-27.0345630645752,-25.8956489562988,1.26995003223419,1.94823753833771,2.90523743629456,-10.1650505065918,-11.5830001831055,-9.17100048065186,25.5499515533447,20.7769508361816,8.64900016784668,15.2700004577637,11.3110504150391,2.12295007705688,-12.1899251937866,-12.1899251937866,-4.31818771362305,-19.8895130157471,-19.8895130157471,-5.65867519378662,3.00313758850098,3.00313758850098,-2.27947497367859,2.19000005722046,2.19000005722046,26.9329509735107,-16.1430015563965,-16.1430015563965,-43.819953918457,-5.08005046844482,-5.08005046844482,-6.45195007324219,-16.0210876464844,-17.0762615203857,-16.9252872467041,-20.8526992797852,-26.2359619140625,-27.4957370758057,-0.50943750143051,-1.04788744449615,-0.8788999915123,42.5680503845215,37.4880027770996,22.4950504302979,-38.6659507751465,-14.9650506973267,-8.60205078125,-7.32405042648315,-6.9859504699707,-5.33400011062622,-14.8312997817993,-14.8312997817993,-0.48496249318123,-24.991174697876,-24.991174697876,-1.59046244621277,0.35777500271797,0.35777500271797,-2.10815000534058,10.7160005569458,10.7160005569458,-5.78700017929077,-6.58305025100708,-6.58305025100708,0.93405002355576,-2.06505012512207,-2.06505012512207,-1.86105012893677,-0.48496249318123,-1.08982503414154,-3.52605009078979,-1.59046244621277,-0.83943748474121,-6.12755012512207,-2.10815000534058,-2.82988739013672,-1.12804996967316,-5.78700017929077,-14.6029510498047,-18.4710006713867,0.93405002355576,3.09195017814636,13.4170503616333,-1.86105012893677,-1.62405002117157,4.72905015945435,SHAKE
-18.0984382629395,-17.2204990386963,-12.1899251937866,-27.0345630645752,-25.8956489562988,-19.8895130157471,1.94823753833771,2.90523743629456,3.00313758850098,-11.5830001831055,-9.17100048065186,2.19000005722046,20.7769508361816,8.64900016784668,-16.1430015563965,11.3110504150391,2.12295007705688,-5.08005046844482,-12.1899251937866,-4.31818771362305,-16.0210876464844,-19.8895130157471,-5.65867519378662,-20.8526992797852,3.00313758850098,-2.27947497367859,-0.50943750143051,2.19000005722046,26.9329509735107,42.5680503845215,-16.1430015563965,-43.819953918457,-38.6659507751465,-5.08005046844482,-6.45195007324219,-7.32405042648315,-17.0762615203857,-16.9252872467041,-14.8312997817993,-26.2359619140625,-27.4957370758057,-24.991174697876,-1.04788744449615,-0.8788999915123,0.35777500271797,37.4880027770996,22.4950504302979,10.7160005569458,-14.9650506973267,-8.60205078125,-6.58305025100708,-6.9859504699707,-5.33400011062622,-2.06505012512207,-14.8312997817993,-0.48496249318123,-0.48496249318123,-24.991174697876,-1.59046244621277,-1.59046244621277,0.35777500271797,-2.10815000534058,-2.10815000534058,10.7160005569458,-5.78700017929077,-5.78700017929077,-6.58305025100708,0.93405002355576,0.93405002355576,-2.06505012512207,-1.86105012893677,-1.86105012893677,-1.08982503414154,-3.52605009078979,-3.52605009078979,-0.83943748474121,-6.12755012512207,-6.12755012512207,-2.82988739013672,-1.12804996967316,-1.12804996967316,-14.6029510498047,-18.4710006713867,-18.4710006713867,3.09195017814636,13.4170503616333,13.4170503616333,-1.62405002117157,4.72905015945435,4.72905015945435,-9.83537483215332,-9.92928791046143,-9.16024971008301,-18.5954990386963,-19.8420753479004,-18.9106502532959,3.40518736839294,5.52612495422363,6.61127519607544,-14.7919502258301,-16.1689510345459,-16.1809501647949,26.6110515594482,22.10205078125,12.5410509109497,16.5799503326416,13.0999507904053,4.45095014572144,-6.83003759384155,-0.7539125084877,-6.48848724365234,-12.9401245117188,-0.70179998874664,-0.45512500405312,5.00967502593994,0.30786249041557,-12.9384746551514,-5.51100015640259,16.195951461792,44.0770530700684,-1.77600014209747,-31.8330020904541,-55.359001159668,-5.5639500617981,-11.4870004653931,-19.9030513763428,-6.48848724365234,-7.93017482757568,-7.93017482757568,-0.45512500405312,-2.74106240272522,-2.74106240272522,-12.9384746551514,-16.0696258544922,-16.0696258544922,44.0770530700684,28.605001449585,28.605001449585,-55.359001159668,-8.14605045318604,-8.14605045318604,-19.9030513763428,-8.18595027923584,-8.18595027923584,-7.45758724212646,-0.87353748083115,-0.87353748083115,-2.32361245155334,-0.82637500762939,-0.82637500762939,-16.0327739715576,-3.94473743438721,-3.94473743438721,12.4309501647949,0.966000020504,0.966000020504,-5.50200033187866,-4.30695009231567,-4.30695009231567,2.18099999427795,3.78300023078918,3.78300023078918,0.25561249256134,0.35034999251366,0.45732501149178,1.15390002727509,1.71572494506836,2.47706246376038,-2.4982373714447,-2.04503750801086,-0.74744999408722,-6.80700016021729,-17.0479507446289,-17.6830501556396,-0.85395002365112,4.9699501991272,10.4119501113892,2.10195016860962,-0.27300000190735,1.96500015258789,SHAKE
-9.92928791046143,-9.16024971008301,-6.83003759384155,-19.8420753479004,-18.9106502532959,-12.9401245117188,5.52612495422363,6.61127519607544,5.00967502593994,-16.1689510345459,-16.1809501647949,-5.51100015640259,22.10205078125,12.5410509109497,-1.77600014209747,13.0999507904053,4.45095014572144,-5.5639500617981,-0.7539125084877,-6.48848724365234,-6.48848724365234,-0.70179998874664,-0.45512500405312,-0.45512500405312,0.30786249041557,-12.9384746551514,-12.9384746551514,16.195951461792,44.0770530700684,44.0770530700684,-31.8330020904541,-55.359001159668,-55.359001159668,-11.4870004653931,-19.9030513763428,-19.9030513763428,-7.93017482757568,-7.93017482757568,-7.45758724212646,-2.74106240272522,-2.74106240272522,-2.32361245155334,-16.0696258544922,-16.0696258544922,-16.0327739715576,28.605001449585,28.605001449585,12.4309501647949,-8.14605045318604,-8.14605045318604,-5.50200033187866,-8.18595027923584,-8.18595027923584,2.18099999427795,-0.87353748083115,-0.87353748083115,0.25561249256134,-0.82637500762939,-0.82637500762939,1.15390002727509,-3.94473743438721,-3.94473743438721,-2.4982373714447,0.966000020504,0.966000020504,-6.80700016021729,-4.30695009231567,-4.30695009231567,-0.85395002365112,3.78300023078918,3.78300023078918,2.10195016860962,0.35034999251366,0.45732501149178,4.84783744812012,1.71572494506836,2.47706246376038,8.52266216278076,-2.04503750801086,-0.74744999408722,1.2557874917984,-17.0479507446289,-17.6830501556396,-11.5780506134033,4.9699501991272,10.4119501113892,23.6820011138916,-0.27300000190735,1.96500015258789,9.72795009613037,5.75327491760254,5.75327491760254,6.5802001953125,8.71502494812012,8.71502494812012,8.87796211242676,3.48589992523193,3.48589992523193,5.34971237182617,-10.9740009307861,-10.9740009307861,-12.6120004653931,25.0240516662598,25.0240516662598,17.355001449585,10.9540500640869,10.9540500640869,6.15705013275146,6.52973747253418,1.82586252689362,-0.79364997148514,8.33016204833984,1.89530003070831,-0.72269999980927,5.06646251678467,3.18711256980896,-1.4470499753952,-9.0730504989624,4.4389500617981,31.2510013580322,5.02500009536743,-20.7199516296387,-52.7200508117676,-2.11199998855591,-6.2509503364563,-8.96205043792725,-8.18908786773682,-9.14925003051758,-9.14925003051758,-10.9084253311157,-12.9933376312256,-12.9933376312256,-4.89637517929077,-7.14271259307861,-7.14271259307861,46.873950958252,37.183952331543,37.183952331543,-39.3100509643555,-14.8360509872437,-14.8360509872437,-11.1109504699707,-11.0460004806519,-11.0460004806519,-9.2736873626709,-7.37027502059937,-0.34856250882149,-13.5915994644165,-11.5384502410889,-1.6328125,-7.75046253204346,-5.33472490310669,-3.38167500495911,20.4930000305176,8.34794998168945,-1.0110000371933,-7.45695018768311,-4.5949501991272,-0.94905006885529,-5.68800020217896,-1.22895002365112,-0.37800002098084,-0.13681249320507,-1.1944625377655,-1.1944625377655,-0.15234999358654,-0.30827498435974,-0.30827498435974,-2.99543738365173,-4.27116250991821,-4.27116250991821,-6.83295011520386,-10.9789505004883,-10.9789505004883,2.97000002861023,6.06495046615601,6.06495046615601,-0.70200002193451,-0.22800001502037,-0.22800001502037,SHAKE
-9.14925003051758,-9.2736873626709,-7.37027502059937,-12.9933376312256,-13.5915994644165,-11.5384502410889,-7.14271259307861,-7.75046253204346,-5.33472490310669,37.183952331543,20.4930000305176,8.34794998168945,-14.8360509872437,-7.45695018768311,-4.5949501991272,-11.0460004806519,-5.68800020217896,-1.22895002365112,-0.34856250882149,-0.13681249320507,-1.1944625377655,-1.6328125,-0.15234999358654,-0.30827498435974,-3.38167500495911,-2.99543738365173,-4.27116250991821,-1.0110000371933,-6.83295011520386,-10.9789505004883,-0.94905006885529,2.97000002861023,6.06495046615601,-0.37800002098084,-0.70200002193451,-0.22800001502037,-1.1944625377655,-6.49013757705688,-11.6235628128052,-0.30827498435974,-5.73127508163452,-18.3112869262695,-4.27116250991821,-7.07684993743896,-6.04326248168945,-10.9789505004883,-12.2680501937866,-12.3540010452271,6.06495046615601,10.2799501419067,15.0960006713867,-0.22800001502037,2.28105020523071,5.25795030593872,-11.7554244995117,-10.7995252609253,-10.7995252609253,-19.6278495788574,-19.8544502258301,-19.8544502258301,-4.06559991836548,-1.26719999313354,-1.26719999313354,-11.086950302124,-9.95205020904541,-9.95205020904541,18.6649513244629,17.7690010070801,17.7690010070801,8.48895072937012,8.57595062255859,8.57595062255859,-5.81858730316162,-0.72984999418259,-0.63854998350143,-15.2439374923706,-4.10726261138916,-5.45765018463135,2.70682501792908,3.27002501487732,3.08398747444153,-5.64495038986206,24.3580513000488,24.3580513000488,13.7329502105713,-46.6750526428223,-46.6750526428223,5.62005043029785,-13.9510507583618,-13.9510507583618,-14.5704622268677,-14.7972002029419,-14.7972002029419,-22.5072364807129,-23.0095252990723,-23.0095252990723,6.02346229553223,3.89441251754761,3.89441251754761,33.6270027160645,33.8209533691406,33.8209533691406,-51.2689514160156,-15.7200012207031,-15.7200012207031,-15.0430507659912,1.12695002555847,1.12695002555847,-14.8516502380371,-14.2825374603271,-14.2825374603271,-21.8446254730225,-19.452262878418,-19.452262878418,2.06126260757446,1.69069993495941,1.69069993495941,20.7880516052246,9.54000091552734,4.99200010299683,-3.34395027160645,-3.40005016326904,-3.02805018424988,3.77595019340515,0.25304999947548,-1.5619500875473,0.22990000247955,0.22990000247955,0.00398749997839,-0.74827498197555,-0.74827498197555,0.13131250441074,-1.26692497730255,-1.26692497730255,-3.78111243247986,-4.60305023193359,-4.60305023193359,-8.57895088195801,1.26300001144409,1.26300001144409,5.6380500793457,-3.86100029945374,-3.86100029945374,-2.65395021438599,-1.74707496166229,-1.74707496166229,-6.27412509918213,-1.02478754520416,-1.02478754520416,-12.2402496337891,-11.3927001953125,-11.3927001953125,-15.4192495346069,-12.4780502319336,-12.4780502319336,-10.3110008239746,10.9260005950928,10.9260005950928,19.9339504241943,0.90705001354217,0.90705001354217,5.00895023345947,-6.93192481994629,-7.14807510375977,-5.71999979019165,-14.5487375259399,-17.3384742736816,-17.7883758544922,-15.2905502319336,-11.6176500320435,-3.54956245422363,-10.3230009078979,-12.0259504318237,-11.0940008163452,22.3510513305664,22.5300006866455,21.9169502258301,7.62705039978027,11.3080501556396,11.0419502258301,SHAKE
-0.72984999418259,-0.63854998350143,-14.5704622268677,-4.10726261138916,-5.45765018463135,-22.5072364807129,3.27002501487732,3.08398747444153,6.02346229553223,24.3580513000488,24.3580513000488,33.6270027160645,-46.6750526428223,-46.6750526428223,-51.2689514160156,-13.9510507583618,-13.9510507583618,-15.0430507659912,-14.7972002029419,-14.7972002029419,-14.8516502380371,-23.0095252990723,-23.0095252990723,-21.8446254730225,3.89441251754761,3.89441251754761,2.06126260757446,33.8209533691406,33.8209533691406,20.7880516052246,-15.7200012207031,-15.7200012207031,-3.34395027160645,1.12695002555847,1.12695002555847,3.77595019340515,-14.2825374603271,-14.2825374603271,0.22990000247955,-19.452262878418,-19.452262878418,-0.74827498197555,1.69069993495941,1.69069993495941,-1.26692497730255,9.54000091552734,4.99200010299683,-4.60305023193359,-3.40005016326904,-3.02805018424988,1.26300001144409,0.25304999947548,-1.5619500875473,-3.86100029945374,0.22990000247955,0.00398749997839,-1.74707496166229,-0.74827498197555,0.13131250441074,-1.02478754520416,-1.26692497730255,-3.78111243247986,-11.3927001953125,-4.60305023193359,-8.57895088195801,-12.4780502319336,1.26300001144409,5.6380500793457,10.9260005950928,-3.86100029945374,-2.65395021438599,0.90705001354217,-1.74707496166229,-6.27412509918213,-6.93192481994629,-1.02478754520416,-12.2402496337891,-14.5487375259399,-11.3927001953125,-15.4192495346069,-15.2905502319336,-12.4780502319336,-10.3110008239746,-10.3230009078979,10.9260005950928,19.9339504241943,22.3510513305664,0.90705001354217,5.00895023345947,7.62705039978027,-7.14807510375977,-5.71999979019165,-1.43247497081757,-17.3384742736816,-17.7883758544922,-6.21115016937256,-11.6176500320435,-3.54956245422363,0.33261248469353,-12.0259504318237,-11.0940008163452,-9.2590503692627,22.5300006866455,21.9169502258301,6.01395034790039,11.3080501556396,11.0419502258301,-3.93705010414124,-1.43247497081757,-1.08831250667572,1.76549994945526,-6.21115016937256,-1.28397500514984,6.90689992904663,0.33261248469353,-0.16802500188351,-13.9991502761841,-9.2590503692627,-1.17900002002716,16.2270011901855,6.01395034790039,-40.066951751709,-69.234001159668,-3.93705010414124,-23.5740013122559,-23.6479511260986,10.072699546814,9.95967483520508,10.121787071228,25.7800121307373,32.7916870117188,31.1077251434326,-18.2440490722656,-20.2724494934082,-19.9732494354248,30.8080520629883,30.8800506591797,14.731050491333,-35.2369499206543,-11.3680505752563,-10.3639507293701,-6.45900011062622,6.35295009613037,3.40695023536682,10.121787071228,7.94516229629517,0.38733750581741,31.1077251434326,25.7571868896484,10.4905624389648,-19.9732494354248,-6.73901224136353,-3.70438742637634,14.731050491333,5.95995044708252,1.21800005435944,-10.3639507293701,-10.6590003967285,-5.22495031356812,3.40695023536682,3.30405020713806,4.30995035171509,1.37664997577667,2.72140002250671,3.08522486686707,6.16783761978149,7.98256254196167,10.7607498168945,-4.36479997634888,-6.09798765182495,-5.4643874168396,-1.38000011444092,-2.5530002117157,-3.84195017814636,0.72405004501343,4.98705005645752,7.16205024719238,3.53205013275146,1.9939501285553,0.00105000007898,SHAKE
7.94516229629517,0.38733750581741,1.37664997577667,25.7571868896484,10.4905624389648,6.16783761978149,-6.73901224136353,-3.70438742637634,-4.36479997634888,5.95995044708252,1.21800005435944,-1.38000011444092,-10.6590003967285,-5.22495031356812,0.72405004501343,3.30405020713806,4.30995035171509,3.53205013275146,2.72140002250671,3.08522486686707,3.08522486686707,7.98256254196167,10.7607498168945,10.7607498168945,-6.09798765182495,-5.4643874168396,-5.4643874168396,-2.5530002117157,-3.84195017814636,-3.84195017814636,4.98705005645752,7.16205024719238,7.16205024719238,1.9939501285553,0.00105000007898,0.00105000007898,9.5048246383667,17.4541130065918,17.7392883300781,19.9604625701904,27.086950302124,27.198600769043,-5.98537492752075,-0.00288749998435,4.51440000534058,-5.40300035476685,-7.27605056762695,-6.71400022506714,8.2300500869751,10.3920001983643,15.8100004196167,-0.30705001950264,-0.78795003890991,0.56700003147125,17.4349994659424,10.4218120574951,10.4218120574951,24.2774124145508,12.158712387085,12.158712387085,4.95041227340698,6.33737516403198,6.33737516403198,-6.38295030593872,-6.75900030136108,-6.75900030136108,16.3320007324219,15.1819505691528,15.1819505691528,3.60795021057129,8.41695022583008,8.41695022583008,1.64573752880096,0.28132501244545,0.03286249935627,-0.31762498617172,-6.16041231155396,-12.6902875900269,2.72923755645752,0.82499998807907,-0.24708749353886,-3.50895023345947,3.94095015525818,16.0500011444092,12.6079502105713,0.94605004787445,-27.0139503479004,10.3380002975464,3.57195019721985,-6.23205041885376,-10.2953128814697,-11.5396871566772,-11.7895250320435,-26.1848125457764,-31.5961246490479,-30.9406623840332,4.9207124710083,10.3508625030518,9.20383739471436,22.9549503326416,32.4029998779297,27.9409503936768,-34.3480529785156,-16.1770515441895,-0.966000020504,-13.4479503631592,-18.4560012817383,-15.9889507293701,-11.9437999725342,-1.52391254901886,-0.70166248083115,-26.6347122192383,-12.7796621322632,-5.0422625541687,8.79518699645996,3.12193751335144,-3.33396244049072,17.7119998931885,10.6609506607056,4.47495031356812,1.69095003604889,1.0969500541687,0.77400004863739,-13.2709503173828,-7.83900022506714,-4.04505014419556,-1.9765625,-1.9765625,-3.41316246986389,-3.08591246604919,-3.08591246604919,-1.89942502975464,-4.46187496185303,-4.46187496185303,-6.01672506332397,-0.00495000043884,-0.00495000043884,-2.49105000495911,1.59495007991791,1.59495007991791,2.84595012664795,-1.31295001506805,-1.31295001506805,0.88005006313324,-5.10400009155273,-9.55350017547607,-11.4354619979858,-2.08546257019043,-4.91947507858276,-25.5898494720459,-7.52083730697632,-10.6852626800537,-10.9632873535156,-3.78000020980835,-7.09695053100586,-9.70200061798096,3.79200029373169,3.52605009078979,6.81405019760132,2.7679500579834,2.52300000190735,4.72905015945435,-11.4354619979858,-10.9511871337891,-9.12477493286133,-25.5898494720459,-29.2131118774414,-30.8345127105713,-10.9632873535156,-10.5272750854492,-8.1386251449585,-9.70200061798096,-7.50105047225952,-4.58700037002563,6.81405019760132,13.8820505142212,18.6670513153076,4.72905015945435,10.4080505371094,14.4790506362915,SHAKE
-1.52391254901886,-0.70166248083115,-1.9765625,-12.7796621322632,-5.0422625541687,-3.08591246604919,3.12193751335144,-3.33396244049072,-4.46187496185303,10.6609506607056,4.47495031356812,-0.00495000043884,1.0969500541687,0.77400004863739,1.59495007991791,-7.83900022506714,-4.04505014419556,-1.31295001506805,-1.9765625,-3.41316246986389,-5.10400009155273,-3.08591246604919,-1.89942502975464,-2.08546257019043,-4.46187496185303,-6.01672506332397,-7.52083730697632,-0.00495000043884,-2.49105000495911,-3.78000020980835,1.59495007991791,2.84595012664795,3.79200029373169,-1.31295001506805,0.88005006313324,2.7679500579834,-9.55350017547607,-11.4354619979858,-11.4354619979858,-4.91947507858276,-25.5898494720459,-25.5898494720459,-10.6852626800537,-10.9632873535156,-10.9632873535156,-7.09695053100586,-9.70200061798096,-9.70200061798096,3.52605009078979,6.81405019760132,6.81405019760132,2.52300000190735,4.72905015945435,4.72905015945435,-10.9511871337891,-9.12477493286133,-3.5726625919342,-29.2131118774414,-30.8345127105713,-29.236349105835,-10.5272750854492,-8.1386251449585,-3.12949991226196,-7.50105047225952,-4.58700037002563,-2.07705020904541,13.8820505142212,18.6670513153076,18.9930000305176,10.4080505371094,14.4790506362915,10.2190504074097,-3.5726625919342,3.36132502555847,3.36132502555847,-29.236349105835,-6.05728769302368,-6.05728769302368,-3.12949991226196,3.42058753967285,3.42058753967285,-0.59895002841949,14.3929510116577,14.3929510116577,15.4080009460449,-15.8490009307861,-15.8490009307861,3.93600010871887,-16.360050201416,-16.360050201416,2.58018755912781,5.93092489242554,5.02383756637573,-21.2095127105713,-24.0348625183105,-22.5300617218018,5.79974985122681,16.7584991455078,17.0759868621826,23.6230506896973,28.6099510192871,15.1759510040283,-31.795051574707,-18.0310516357422,-3.02595019340515,-24.8869514465332,-17.1600017547607,0.99495005607605,5.02383756637573,6.16825008392334,2.5260124206543,-22.5300617218018,-4.04648733139038,1.73511254787445,17.0759868621826,14.9788370132446,3.48397493362427,15.1759510040283,8.36505031585693,3.67500019073486,-3.02595019340515,-3.78000020980835,-4.36005020141602,0.99495005607605,4.06995010375977,4.546950340271,2.5260124206543,1.59926247596741,1.67818748950958,1.73511254787445,4.27047491073608,8.10067462921143,3.48397493362427,0.7097749710083,-1.80083751678467,3.67500019073486,-0.16095000505447,-3.95400023460388,-4.36005020141602,-1.99095010757446,2.46195006370544,4.546950340271,4.47795009613037,4.53495025634766,3.6759250164032,9.75796222686768,9.75796222686768,14.8009128570557,23.6037998199463,23.6037998199463,-4.34417486190796,-5.96694993972778,-5.96694993972778,-7.22595024108887,-7.99695014953613,-7.99695014953613,11.3100004196167,17.5990505218506,17.5990505218506,8.29800033569336,11.2720508575439,11.2720508575439,12.2167377471924,12.3689498901367,10.4967498779297,26.1731243133545,24.5993003845215,18.8022994995117,-4.43836259841919,-2.57496237754822,-0.34608748555183,-9.82500076293945,-9.63300037384033,-3.66705012321472,14.5810508728027,9.79605007171631,2.38095021247864,10.312050819397,7.35405015945435,-3.307950258255,SHAKE
5.93092489242554,5.02383756637573,5.02383756637573,-24.0348625183105,-22.5300617218018,-22.5300617218018,16.7584991455078,17.0759868621826,17.0759868621826,28.6099510192871,15.1759510040283,15.1759510040283,-18.0310516357422,-3.02595019340515,-3.02595019340515,-17.1600017547607,0.99495005607605,0.99495005607605,6.16825008392334,2.5260124206543,2.5260124206543,-4.04648733139038,1.73511254787445,1.73511254787445,14.9788370132446,3.48397493362427,3.48397493362427,8.36505031585693,3.67500019073486,3.67500019073486,-3.78000020980835,-4.36005020141602,-4.36005020141602,4.06995010375977,4.546950340271,4.546950340271,1.59926247596741,1.67818748950958,3.6759250164032,4.27047491073608,8.10067462921143,14.8009128570557,0.7097749710083,-1.80083751678467,-4.34417486190796,-0.16095000505447,-3.95400023460388,-7.22595024108887,-1.99095010757446,2.46195006370544,11.3100004196167,4.47795009613037,4.53495025634766,8.29800033569336,9.75796222686768,9.75796222686768,12.2167377471924,23.6037998199463,23.6037998199463,26.1731243133545,-5.96694993972778,-5.96694993972778,-4.43836259841919,-7.99695014953613,-7.99695014953613,-9.82500076293945,17.5990505218506,17.5990505218506,14.5810508728027,11.2720508575439,11.2720508575439,10.312050819397,12.3689498901367,10.4967498779297,10.4967498779297,24.5993003845215,18.8022994995117,18.8022994995117,-2.57496237754822,-0.34608748555183,-0.34608748555183,-9.63300037384033,-3.66705012321472,7.13100051879883,9.79605007171631,2.38095021247864,-16.3950004577637,7.35405015945435,-3.307950258255,-14.0520009994507,3.40614986419678,3.40614986419678,9.17276287078857,13.0495748519897,13.0495748519897,20.5693130493164,-4.1174373626709,-4.1174373626709,-6.54115009307861,23.9730014801025,23.9730014801025,31.816951751709,-36.8239517211914,-36.8239517211914,-31.9890022277832,-21.2269515991211,-21.2269515991211,-23.1000003814697,8.23831272125244,7.77754974365234,7.77754974365234,20.4289245605469,19.3650875091553,19.3650875091553,-8.16804981231689,-9.03044986724854,-9.03044986724854,32.7630004882812,20.0620517730713,20.0620517730713,-16.5529499053955,-10.7950506210327,-10.7950506210327,-14.3389511108398,-7.00500011444092,-7.00500011444092,0.37235000729561,0.37235000729561,0.42198750376701,2.91417503356934,2.91417503356934,1.97229993343353,-2.16823744773865,-2.16823744773865,-0.28696250915527,2.35500001907349,2.35500001907349,-12.4780502319336,-6.01200008392334,-6.01200008392334,-0.19995000958443,0.30795001983643,0.30795001983643,-1.26000010967255,0.42198750376701,1.49531245231628,-1.84181249141693,1.97229993343353,-0.77165001630783,-13.9237995147705,-0.28696250915527,5.20244979858398,15.085262298584,-12.4780502319336,-18.5160007476807,-13.993950843811,-0.19995000958443,10.5670509338379,26.062952041626,-1.26000010967255,4.50195026397705,18.3420009613037,-0.62273746728897,-0.09899999946356,-0.09899999946356,-16.565450668335,-17.2875995635986,-17.2875995635986,19.7412872314453,20.6262378692627,20.6262378692627,-14.0449504852295,-13.314001083374,-13.314001083374,26.2470016479492,22.7080516815186,22.7080516815186,19.4920501708984,15.6289510726929,15.6289510726929,SHAKE
12.3689498901367,10.4967498779297,10.4967498779297,24.5993003845215,18.8022994995117,18.8022994995117,-2.57496237754822,-0.34608748555183,-0.34608748555183,-9.63300037384033,-3.66705012321472,7.13100051879883,9.79605007171631,2.38095021247864,-16.3950004577637,7.35405015945435,-3.307950258255,-14.0520009994507,3.40614986419678,3.40614986419678,9.17276287078857,13.0495748519897,13.0495748519897,20.5693130493164,-4.1174373626709,-4.1174373626709,-6.54115009307861,23.9730014801025,23.9730014801025,31.816951751709,-36.8239517211914,-36.8239517211914,-31.9890022277832,-21.2269515991211,-21.2269515991211,-23.1000003814697,8.23831272125244,7.77754974365234,7.77754974365234,20.4289245605469,19.3650875091553,19.3650875091553,-8.16804981231689,-9.03044986724854,-9.03044986724854,32.7630004882812,20.0620517730713,20.0620517730713,-16.5529499053955,-10.7950506210327,-10.7950506210327,-14.3389511108398,-7.00500011444092,-7.00500011444092,0.37235000729561,0.37235000729561,0.42198750376701,2.91417503356934,2.91417503356934,1.97229993343353,-2.16823744773865,-2.16823744773865,-0.28696250915527,2.35500001907349,2.35500001907349,-12.4780502319336,-6.01200008392334,-6.01200008392334,-0.19995000958443,0.30795001983643,0.30795001983643,-1.26000010967255,0.42198750376701,1.49531245231628,-1.84181249141693,1.97229993343353,-0.77165001630783,-13.9237995147705,-0.28696250915527,5.20244979858398,15.085262298584,-12.4780502319336,-18.5160007476807,-13.993950843811,-0.19995000958443,10.5670509338379,26.062952041626,-1.26000010967255,4.50195026397705,18.3420009613037,-0.62273746728897,-0.09899999946356,-0.09899999946356,-16.565450668335,-17.2875995635986,-17.2875995635986,19.7412872314453,20.6262378692627,20.6262378692627,-14.0449504852295,-13.314001083374,-13.314001083374,26.2470016479492,22.7080516815186,22.7080516815186,19.4920501708984,15.6289510726929,15.6289510726929,-1.12351250648499,2.23547506332397,2.23547506332397,-14.7302370071411,-1.23846244812012,-1.23846244812012,16.0558757781982,6.46318769454956,6.46318769454956,-9.89205074310303,0.24300001561642,0.24300001561642,11.803050994873,-20.6340007781982,-20.6340007781982,-0.07695000618696,-19.6560001373291,-19.6560001373291,-0.64679998159409,-0.64679998159409,-2.57908749580383,10.4662246704102,10.4662246704102,12.8701372146606,-14.6359128952026,-14.6359128952026,-19.3264503479004,32.3599510192871,32.3599510192871,32.7120018005371,-47.2980041503906,-47.2980041503906,-15.2520008087158,-14.9089508056641,-14.9089508056641,-0.85995006561279,-2.57908749580383,-2.72813749313354,-2.72813749313354,12.8701372146606,11.9076375961304,11.9076375961304,-19.3264503479004,-19.9116497039795,-19.9116497039795,32.7120018005371,6.20205020904541,6.20205020904541,-15.2520008087158,-7.36800050735474,-7.36800050735474,-0.85995006561279,2.98095011711121,2.98095011711121,-2.72813749313354,-2.72813749313354,-2.72813749313354,11.9076375961304,11.9076375961304,11.9076375961304,-19.9116497039795,-19.9116497039795,-19.9116497039795,6.20205020904541,6.20205020904541,6.20205020904541,-7.36800050735474,-7.36800050735474,-7.36800050735474,2.98095011711121,2.98095011711121,2.98095011711121,SHAKE
0.35983750224113,0.35983750224113,1.34502494335175,-0.20198750495911,-0.20198750495911,0.79653751850128,0.62493747472763,0.62493747472763,0.66838747262955,6.51600027084351,6.51600027084351,7.72005033493042,-5.44500017166138,-5.44500017166138,-7.22400045394897,-3.52605009078979,-3.52605009078979,-0.19395001232624,3.38497495651245,3.861412525177,3.28157496452332,2.60218739509583,2.669837474823,1.85583746433258,0.35007500648499,0.68722498416901,0.73108750581741,10.8700504302979,12.0499505996704,13.617000579834,-11.9020509719849,-16.1820011138916,-15.1260004043579,-4.36395025253296,-5.99700021743774,-9.2160005569458,3.28157496452332,1.90629994869232,1.90629994869232,1.85583746433258,0.54848748445511,0.54848748445511,0.73108750581741,1.24698746204376,1.24698746204376,13.617000579834,8.46000003814697,8.46000003814697,-15.1260004043579,-15.127950668335,-15.127950668335,-9.2160005569458,-9.86805057525635,-9.86805057525635,-0.68048751354217,-0.68048751354217,-0.68048751354217,-1.13217496871948,-1.13217496871948,-1.13217496871948,1.92527496814728,1.92527496814728,1.92527496814728,4.99500036239624,4.99500036239624,4.99500036239624,-11.0470504760742,-11.0470504760742,-11.0470504760742,-6.06195020675659,-6.06195020675659,-6.06195020675659,-0.68048751354217,-0.68048751354217,-0.68048751354217,-1.13217496871948,-1.13217496871948,-1.13217496871948,1.92527496814728,1.92527496814728,1.92527496814728,4.99500036239624,4.99500036239624,4.99500036239624,-11.0470504760742,-11.0470504760742,-11.0470504760742,-6.06195020675659,-6.06195020675659,-6.06195020675659,-11.302225112915,-11.1275997161865,-11.1275997161865,-8.64324951171875,-8.25934982299805,-8.25934982299805,1.45708751678467,-0.14973749220371,-0.14973749220371,-11.1850509643555,-14.952000617981,-14.952000617981,43.9440002441406,24.8269519805908,24.8269519805908,24.8430004119873,15.6310510635376,15.6310510635376,-10.4062747955322,-5.22871255874634,-7.80477476119995,-5.71876239776611,-1.46079993247986,3.83226251602173,-2.2005500793457,-7.22755002975464,-15.847562789917,-19.4260501861572,-10.2460508346558,15.5929508209229,-10.5850505828857,-66.3619537353516,-64.6110000610352,-8.65995025634766,-14.5669507980347,-14.8560009002686,-19.130786895752,-19.130786895752,-21.844762802124,-8.04883766174316,-8.04883766174316,-12.4935245513916,-19.1558132171631,-19.1558132171631,-22.6539497375488,27.9409503936768,27.9409503936768,23.8750514984131,-21.4530010223389,-21.4530010223389,-8.95095062255859,-4.68900012969971,-4.68900012969971,-2.50800013542175,-21.3669490814209,-15.0624370574951,-3.49346256256104,-14.1684122085571,-15.319561958313,-2.98911237716675,-20.5559749603271,-10.9834995269775,-8.56295013427734,6.58305025100708,-5.44905042648315,-14.0110502243042,-6.56805038452148,-2.57805013656616,2.52495002746582,-1.52595007419586,-0.35205000638962,-2.85705018043518,-3.49346256256104,-1.83974993228912,-12.7296123504639,-2.98911237716675,0.02983750030398,-8.80137538909912,-8.56295013427734,-6.11201238632202,-8.07152462005615,-14.0110502243042,-20.5729503631592,-12.9880504608154,2.52495002746582,16.5670509338379,43.10400390625,-2.85705018043518,0.90705001354217,19.6000518798828,SHAKE
-5.22871255874634,-7.80477476119995,-19.130786895752,-1.46079993247986,3.83226251602173,-8.04883766174316,-7.22755002975464,-15.847562789917,-19.1558132171631,-10.2460508346558,15.5929508209229,27.9409503936768,-66.3619537353516,-64.6110000610352,-21.4530010223389,-14.5669507980347,-14.8560009002686,-4.68900012969971,-19.130786895752,-21.844762802124,-21.3669490814209,-8.04883766174316,-12.4935245513916,-14.1684122085571,-19.1558132171631,-22.6539497375488,-20.5559749603271,27.9409503936768,23.8750514984131,6.58305025100708,-21.4530010223389,-8.95095062255859,-6.56805038452148,-4.68900012969971,-2.50800013542175,-1.52595007419586,-15.0624370574951,-3.49346256256104,-3.49346256256104,-15.319561958313,-2.98911237716675,-2.98911237716675,-10.9834995269775,-8.56295013427734,-8.56295013427734,-5.44905042648315,-14.0110502243042,-14.0110502243042,-2.57805013656616,2.52495002746582,2.52495002746582,-0.35205000638962,-2.85705018043518,-2.85705018043518,-1.83974993228912,-12.7296123504639,-12.7296123504639,0.02983750030398,-8.80137538909912,-8.80137538909912,-6.11201238632202,-8.07152462005615,-8.07152462005615,-20.5729503631592,-12.9880504608154,-12.9880504608154,16.5670509338379,43.10400390625,43.10400390625,0.90705001354217,19.6000518798828,19.6000518798828,-13.0605745315552,-12.1357498168945,-12.1357498168945,-9.56394958496094,-9.12972450256348,-9.12972450256348,-6.82165002822876,-5.03126239776611,-5.03126239776611,-21.1080017089844,-21.8790016174316,-21.8790016174316,29.4450016021729,5.13795042037964,5.13795042037964,14.5990505218506,0.01305000018328,0.01305000018328,-2.58706259727478,2.61167502403259,1.46506249904633,1.1530749797821,11.3696002960205,19.0551624298096,-8.85527515411377,-19.4997005462646,-24.361011505127,15.3510007858276,39.1570510864258,42.1650009155273,-78.7180557250977,-42.0220527648926,-4.83405017852783,-19.7089500427246,-17.332950592041,-11.9509506225586,1.46506249904633,0.86033749580383,2.50799989700317,19.0551624298096,18.7429008483887,18.2758121490479,-24.361011505127,-24.8881874084473,-19.62331199646,42.1650009155273,16.9360504150391,3.70395016670227,-4.83405017852783,-0.74805003404617,0.4909500181675,-11.9509506225586,-7.72905015945435,-2.47395014762878,-2.53302502632141,-3.12537503242493,-8.99030017852783,8.78707504272461,0.39311251044273,-2.69486260414124,-10.3881254196167,-8.94712448120117,-13.1421127319336,-4.1050500869751,-12.7729501724243,-16.6699504852295,3.59100008010864,8.074049949646,24.1729507446289,-3.98505020141602,-7.91805028915405,-3.48705005645752,-20.4356632232666,-20.4356632232666,-22.7829246520996,-21.4006366729736,-21.4006366729736,-26.6805000305176,-9.08146286010742,-9.08146286010742,-9.48639965057373,-11.9629507064819,-11.9629507064819,-14.6220006942749,40.162052154541,40.162052154541,35.4060020446777,11.506950378418,11.506950378418,12.9559507369995,-21.6863632202148,-15.3007249832153,-4.70043754577637,-26.5703620910645,-23.0587501525879,-4.16680002212524,-6.78411245346069,-1.90231251716614,-9.57893753051758,-20.9230518341064,-18.7939510345459,-8.94300079345703,19.7689514160156,-13.3510503768921,-76.6060562133789,3.95100021362305,-5.1109504699707,-8.50995063781738,SHAKE
-22.7829246520996,-21.6863632202148,-15.3007249832153,-26.6805000305176,-26.5703620910645,-23.0587501525879,-9.48639965057373,-6.78411245346069,-1.90231251716614,-14.6220006942749,-20.9230518341064,-18.7939510345459,35.4060020446777,19.7689514160156,-13.3510503768921,12.9559507369995,3.95100021362305,-5.1109504699707,-4.70043754577637,-2.21512508392334,-2.21512508392334,-4.16680002212524,1.35808753967285,1.35808753967285,-9.57893753051758,-20.2142868041992,-20.2142868041992,-8.94300079345703,24.0019512176514,24.0019512176514,-76.6060562133789,-69.6960067749023,-69.6960067749023,-8.50995063781738,-9.99405002593994,-9.99405002593994,7.95423746109009,6.88613748550415,7.36779975891113,21.0188007354736,21.7834377288818,21.6544628143311,-26.9656753540039,-29.109712600708,-25.66286277771,40.7910003662109,26.5399513244629,10.4119501113892,-22.3390502929688,-13.1830501556396,-13.3410005569458,-3.82995009422302,-9.04800033569336,-6.24600028991699,7.56401252746582,-2.33516240119934,-2.33516240119934,21.401050567627,2.22763752937317,2.22763752937317,-14.0087747573853,-8.36549949645996,-8.36549949645996,0.40095001459122,-6.52695035934448,-6.52695035934448,-5.61495018005371,2.01900005340576,2.01900005340576,-2.18700003623962,-3.17100024223328,-3.17100024223328,-6.4715747833252,-6.4715747833252,-17.2570743560791,-5.89379978179932,-5.89379978179932,-19.7447242736816,-5.12352514266968,-5.12352514266968,1.84538745880127,-19.9870510101318,-19.9870510101318,-12.9480009078979,14.0020503997803,14.0020503997803,35.1040534973145,-5.32200002670288,-5.32200002670288,-2.10495018959045,-20.0360870361328,-19.7635631561279,-19.7635631561279,-23.8446998596191,-25.3859367370605,-25.3859367370605,8.13010025024414,12.4385251998901,12.4385251998901,-8.50695037841797,-14.7180004119873,-14.7180004119873,48.259952545166,43.0320014953613,43.0320014953613,6.06300020217896,14.4480009078979,14.4480009078979,-15.8695621490479,-5.39027500152588,-1.50411248207092,-19.6163005828857,-4.27446269989014,2.07446241378784,11.1600503921509,3.54048752784729,-6.76170015335083,-23.2750511169434,-22.5780010223389,-5.77500009536743,19.3380012512207,-43.6500015258789,-78.7180557250977,5.96700048446655,-23.1139507293701,-24.3000011444092,4.45678758621216,13.8528499603271,13.8528499603271,5.37074995040894,19.1530628204346,19.1530628204346,-20.447624206543,-24.3227882385254,-24.3227882385254,14.2159509658813,29.1460514068604,29.1460514068604,-64.9830017089844,-13.0159502029419,-13.0159502029419,4.85805034637451,25.9969520568848,25.9969520568848,14.0714750289917,14.0714750289917,9.93739986419678,18.4480991363525,18.4480991363525,17.8902626037598,-20.975212097168,-20.975212097168,-9.98951244354248,2.18505001068115,2.18505001068115,-7.10400056838989,-6.64695024490356,-6.64695024490356,-2.932950258255,2.58300018310547,2.58300018310547,-4.80900001525879,2.83415007591248,7.54228734970093,7.54228734970093,6.40516233444214,8.36934947967529,8.36934947967529,-8.04897499084473,-8.02945041656494,-8.02945041656494,-16.4010009765625,-19.9099502563477,-19.9099502563477,3.58305025100708,28.6039505004883,28.6039505004883,-11.7430505752563,-8.75400066375732,-8.75400066375732,SHAKE
-20.0360870361328,-19.7635631561279,-19.7635631561279,-23.8446998596191,-25.3859367370605,-25.3859367370605,8.13010025024414,12.4385251998901,12.4385251998901,-8.50695037841797,-14.7180004119873,-14.7180004119873,48.259952545166,43.0320014953613,43.0320014953613,6.06300020217896,14.4480009078979,14.4480009078979,-15.8695621490479,-5.39027500152588,-1.50411248207092,-19.6163005828857,-4.27446269989014,2.07446241378784,11.1600503921509,3.54048752784729,-6.76170015335083,-23.2750511169434,-22.5780010223389,-5.77500009536743,19.3380012512207,-43.6500015258789,-78.7180557250977,5.96700048446655,-23.1139507293701,-24.3000011444092,4.45678758621216,13.8528499603271,13.8528499603271,5.37074995040894,19.1530628204346,19.1530628204346,-20.447624206543,-24.3227882385254,-24.3227882385254,14.2159509658813,29.1460514068604,29.1460514068604,-64.9830017089844,-13.0159502029419,-13.0159502029419,4.85805034637451,25.9969520568848,25.9969520568848,14.0714750289917,14.0714750289917,9.93739986419678,18.4480991363525,18.4480991363525,17.8902626037598,-20.975212097168,-20.975212097168,-9.98951244354248,2.18505001068115,2.18505001068115,-7.10400056838989,-6.64695024490356,-6.64695024490356,-2.932950258255,2.58300018310547,2.58300018310547,-4.80900001525879,2.83415007591248,7.54228734970093,7.54228734970093,6.40516233444214,8.36934947967529,8.36934947967529,-8.04897499084473,-8.02945041656494,-8.02945041656494,-16.4010009765625,-19.9099502563477,-19.9099502563477,3.58305025100708,28.6039505004883,28.6039505004883,-11.7430505752563,-8.75400066375732,-8.75400066375732,21.1766490936279,20.7828502655029,18.9309997558594,19.5416374206543,19.050350189209,16.3227615356445,-5.75767517089844,-4.04029989242554,-2.00364995002747,-12.0400505065918,-13.5510005950928,-21.4860019683838,48.7770004272461,44.3250007629395,29.3590507507324,0.40095001459122,10.5589504241943,6.9060001373291,13.4864120483398,0.54559999704361,0.54559999704361,10.7595129013062,0.01278750039637,0.01278750039637,0.40933749079704,-2.56643748283386,-2.56643748283386,-22.5760517120361,-17.1630001068115,-17.1630001068115,-0.05595000088215,-62.4100532531738,-62.4100532531738,-9.48900032043457,-16.0420513153076,-16.0420513153076,2.10828757286072,11.5523376464844,16.0237007141113,0.63428747653961,7.79528760910034,22.9656620025635,-10.7284374237061,-22.1237506866455,-23.8803119659424,12.553050994873,30.9229507446289,28.8130512237549,-78.3060073852539,-39.7009506225586,-11.3320503234863,-14.542950630188,5.56695032119751,10.5439500808716,15.4167747497559,13.7483501434326,13.7483501434326,24.472936630249,24.2868995666504,24.2868995666504,-23.8082618713379,-17.4527378082275,-17.4527378082275,15.1980009078979,4.31505012512207,4.31505012512207,-8.96100044250488,-8.40795040130615,-8.40795040130615,3.30405020713806,-2.8000500202179,-2.8000500202179,4.80603742599487,0.33096250891686,0.33096250891686,18.7467498779297,4.15813732147217,4.15813732147217,-7.78057479858398,-8.16626262664795,-8.16626262664795,-3.64500021934509,-10.9360504150391,-10.9360504150391,-2.24505019187927,3.31500005722046,3.31500005722046,-6.41400051116943,-10.6459503173828,-10.6459503173828,SHAKE
18.9309997558594,13.4864120483398,0.54559999704361,16.3227615356445,10.7595129013062,0.01278750039637,-2.00364995002747,0.40933749079704,-2.56643748283386,-21.4860019683838,-22.5760517120361,-17.1630001068115,29.3590507507324,-0.05595000088215,-62.4100532531738,6.9060001373291,-9.48900032043457,-16.0420513153076,0.54559999704361,2.10828757286072,11.5523376464844,0.01278750039637,0.63428747653961,7.79528760910034,-2.56643748283386,-10.7284374237061,-22.1237506866455,-17.1630001068115,12.553050994873,30.9229507446289,-62.4100532531738,-78.3060073852539,-39.7009506225586,-16.0420513153076,-14.542950630188,5.56695032119751,16.0237007141113,15.4167747497559,13.7483501434326,22.9656620025635,24.472936630249,24.2868995666504,-23.8803119659424,-23.8082618713379,-17.4527378082275,28.8130512237549,15.1980009078979,4.31505012512207,-11.3320503234863,-8.96100044250488,-8.40795040130615,10.5439500808716,3.30405020713806,-2.8000500202179,13.7483501434326,4.80603742599487,0.33096250891686,24.2868995666504,18.7467498779297,4.15813732147217,-17.4527378082275,-7.78057479858398,-8.16626262664795,4.31505012512207,-3.64500021934509,-10.9360504150391,-8.40795040130615,-2.24505019187927,3.31500005722046,-2.8000500202179,-6.41400051116943,-10.6459503173828,0.33096250891686,-1.64106249809265,-16.0906620025635,4.15813732147217,-0.65381246805191,-18.0221252441406,-8.16626262664795,-8.11085033416748,-3.61597490310669,-10.9360504150391,-20.3320503234863,-15.8119506835938,3.31500005722046,12.996000289917,38.4619522094727,-10.6459503173828,-10.6549501419067,0.7579500079155,-20.1990242004395,-21.4872627258301,-21.4872627258301,-23.9443874359131,-26.7825241088867,-26.7825241088867,1.24574995040894,4.82501268386841,4.82501268386841,-7.52805042266846,-15.7759504318237,-18.9570007324219,44.506950378418,34.0480499267578,22.8010501861572,15.9450006484985,11.9089508056641,4.1380500793457,-5.53520011901855,-5.53520011901855,-1.52900004386902,-7.42224979400635,-7.42224979400635,-1.06768751144409,1.80881249904633,1.80881249904633,-8.02491283416748,-13.1779508590698,-13.1779508590698,8.88705062866211,-41.7919502258301,-41.7919502258301,-78.7180557250977,-12.8110504150391,-12.8110504150391,-21.5170516967773,8.92306232452393,8.92306232452393,11.5339126586914,9.78848743438721,9.78848743438721,24.4600124359131,-22.2462615966797,-22.2462615966797,-25.4969005584717,32.1379508972168,32.1379508972168,20.6440505981445,-43.0609512329102,-43.0609512329102,-7.7440505027771,-3.00105023384094,-3.00105023384094,2.6140501499176,11.3533744812012,11.3533744812012,2.07171249389648,24.0484752655029,24.0484752655029,16.2850875854492,-19.7972507476807,-19.7972507476807,-7.67456245422363,6.68595027923584,6.68595027923584,-2.66595005989075,-8.26095008850098,-8.26095008850098,-3.45495009422302,-1.27395009994507,-1.27395009994507,-4.37805032730103,-0.69932502508163,-0.69932502508163,-1.32563745975494,3.95532488822937,3.95532488822937,1.71599996089935,-7.30551242828369,-7.30551242828369,-8.04374980926514,-10.9099502563477,-10.9099502563477,-15.8479509353638,1.72005009651184,1.72005009651184,31.8040523529053,-8.028000831604,-8.028000831604,3.60300016403198,SHAKE
-21.4872627258301,-21.4872627258301,-5.53520011901855,-26.7825241088867,-26.7825241088867,-7.42224979400635,4.82501268386841,4.82501268386841,1.80881249904633,-15.7759504318237,-18.9570007324219,-13.1779508590698,34.0480499267578,22.8010501861572,-41.7919502258301,11.9089508056641,4.1380500793457,-12.8110504150391,-5.53520011901855,-1.52900004386902,8.92306232452393,-7.42224979400635,-1.06768751144409,9.78848743438721,1.80881249904633,-8.02491283416748,-22.2462615966797,-13.1779508590698,8.88705062866211,32.1379508972168,-41.7919502258301,-78.7180557250977,-43.0609512329102,-12.8110504150391,-21.5170516967773,-3.00105023384094,8.92306232452393,11.5339126586914,11.3533744812012,9.78848743438721,24.4600124359131,24.0484752655029,-22.2462615966797,-25.4969005584717,-19.7972507476807,32.1379508972168,20.6440505981445,6.68595027923584,-43.0609512329102,-7.7440505027771,-8.26095008850098,-3.00105023384094,2.6140501499176,-1.27395009994507,11.3533744812012,2.07171249389648,-0.69932502508163,24.0484752655029,16.2850875854492,3.95532488822937,-19.7972507476807,-7.67456245422363,-7.30551242828369,6.68595027923584,-2.66595005989075,-10.9099502563477,-8.26095008850098,-3.45495009422302,1.72005009651184,-1.27395009994507,-4.37805032730103,-8.028000831604,-0.69932502508163,-1.32563745975494,-17.4224872589111,3.95532488822937,1.71599996089935,-23.1858005523682,-7.30551242828369,-8.04374980926514,-2.4953498840332,-10.9099502563477,-15.8479509353638,-10.2820501327515,1.72005009651184,31.8040523529053,41.1469535827637,-8.028000831604,3.60300016403198,18.5410499572754,-17.4224872589111,-18.0101623535156,-16.9827632904053,-23.1858005523682,-26.1171627044678,-25.4285621643066,-2.4953498840332,1.10714995861053,3.89221239089966,-10.2820501327515,-16.6260013580322,-16.5019512176514,41.1469535827637,31.8880519866943,13.0720510482788,18.5410499572754,12.0240001678467,-4.08405017852783,-5.13094997406006,-5.13094997406006,-1.06356251239777,-9.808837890625,-9.808837890625,-0.66109997034073,2.00585007667542,2.00585007667542,-3.92149996757507,-6.86400032043457,-1.24605000019073,10.0650005340576,-22.6960506439209,-50.0020523071289,-75.2809524536133,-13.4980506896973,-15.1560010910034,-17.9460010528564,9.96407508850098,9.96407508850098,9.57247447967529,23.623462677002,23.623462677002,24.8168239593506,-22.401912689209,-22.401912689209,-23.6103992462158,35.1859512329102,35.1859512329102,21.1950016021729,-16.7040004730225,-16.7040004730225,-6.19005012512207,5.70195007324219,5.70195007324219,3.17205023765564,9.86576271057129,9.04997539520264,-0.22137500345707,24.8388252258301,23.6322631835938,3.79348754882812,-20.6613006591797,-13.0748748779297,-5.91607475280762,9.54000091552734,1.49595010280609,-3.73605012893677,-5.11200046539307,-2.94705009460449,1.19805002212524,0.14699999988079,-4.18905019760132,-7.5730504989624,-0.22137500345707,-0.50118750333786,-7.68239974975586,3.79348754882812,1.96762502193451,-6.42276239395142,-5.91607475280762,-7.84946250915527,-9.67188739776611,-3.73605012893677,-9.89895057678223,-14.2150506973267,1.19805002212524,4.94595003128052,15.9439506530762,-7.5730504989624,-10.7029504776001,-5.71200037002563,SHAKE
9.96407508850098,9.96407508850098,9.57247447967529,23.623462677002,23.623462677002,24.8168239593506,-22.401912689209,-22.401912689209,-23.6103992462158,35.1859512329102,35.1859512329102,21.1950016021729,-16.7040004730225,-16.7040004730225,-6.19005012512207,5.70195007324219,5.70195007324219,3.17205023765564,9.86576271057129,9.04997539520264,-0.22137500345707,24.8388252258301,23.6322631835938,3.79348754882812,-20.6613006591797,-13.0748748779297,-5.91607475280762,9.54000091552734,1.49595010280609,-3.73605012893677,-5.11200046539307,-2.94705009460449,1.19805002212524,0.14699999988079,-4.18905019760132,-7.5730504989624,-0.22137500345707,-0.50118750333786,-7.68239974975586,3.79348754882812,1.96762502193451,-6.42276239395142,-5.91607475280762,-7.84946250915527,-9.67188739776611,-3.73605012893677,-9.89895057678223,-14.2150506973267,1.19805002212524,4.94595003128052,15.9439506530762,-7.5730504989624,-10.7029504776001,-5.71200037002563,-17.7511119842529,-19.3976745605469,-20.4943752288818,-22.0170497894287,-25.3697128295898,-28.8231620788574,-5.1282000541687,-3.63522505760193,2.27933740615845,-7.6279501914978,-5.22900009155273,-7.97805023193359,29.4420013427734,26.6380519866943,18.6190509796143,8.05605030059814,11.5669507980347,3.53895020484924,-13.9213247299194,-13.9213247299194,-4.87148761749268,-22.0165004730225,-22.0165004730225,-7.84231233596802,5.16463756561279,5.16463756561279,0.27802500128746,-4.12005043029785,-4.12005043029785,0.25995001196861,3.3030002117157,3.3030002117157,-41.4250526428223,-0.84300005435944,-0.84300005435944,-6.0400505065918,-7.41991233825684,-7.41991233825684,-7.50323724746704,-3.88093757629395,-3.88093757629395,-1.17191255092621,-15.3058128356934,-15.3058128356934,-19.70361328125,21.8770503997803,21.8770503997803,28.9020004272461,-68.3839569091797,-68.3839569091797,-12.4860010147095,-14.7199506759644,-14.7199506759644,-1.74405002593994,-6.73378753662109,-6.73378753662109,-1.42656254768372,-0.37317499518394,-0.37317499518394,0.44302499294281,-19.1709365844727,-19.1709365844727,-4.8672251701355,15.7939510345459,15.7939510345459,5.29905033111572,-10.8670501708984,-10.8670501708984,-9.94305038452148,-2.67495012283325,-2.67495012283325,-3.62400007247925,-0.90117502212524,-0.90117502212524,-2.154212474823,-0.21766249835491,-0.21766249835491,-1.12461245059967,-3.52165007591248,-3.52165007591248,-4.32905006408691,-1.38000011444092,-1.38000011444092,-8.75895023345947,-4.02495002746582,-4.02495002746582,5.78400039672852,-4.22700023651123,-4.22700023651123,-5.82000017166138,-2.154212474823,-7.47422504425049,-18.5704746246338,-1.12461245059967,-9.53479957580566,-20.806224822998,-4.32905006408691,-2.36623740196228,4.37538766860962,-8.75895023345947,-10.8280506134033,-5.82705020904541,5.78400039672852,15.4000511169434,27.4039516448975,-5.82000017166138,-2.46195006370544,6.05400037765503,-18.5704746246338,-20.6557998657227,-20.0659255981445,-20.806224822998,-26.2059879302979,-27.0924491882324,4.37538766860962,9.86466217041016,12.0740127563477,-5.82705020904541,-4.08900022506714,-9.11295032501221,27.4039516448975,30.4819507598877,23.2009506225586,6.05400037765503,11.1499509811401,5.74905014038086,SHAKE
-13.9213247299194,-4.87148761749268,-7.41991233825684,-22.0165004730225,-7.84231233596802,-3.88093757629395,5.16463756561279,0.27802500128746,-15.3058128356934,-4.12005043029785,0.25995001196861,21.8770503997803,3.3030002117157,-41.4250526428223,-68.3839569091797,-0.84300005435944,-6.0400505065918,-14.7199506759644,-7.41991233825684,-7.50323724746704,-6.73378753662109,-3.88093757629395,-1.17191255092621,-0.37317499518394,-15.3058128356934,-19.70361328125,-19.1709365844727,21.8770503997803,28.9020004272461,15.7939510345459,-68.3839569091797,-12.4860010147095,-10.8670501708984,-14.7199506759644,-1.74405002593994,-2.67495012283325,-6.73378753662109,-1.42656254768372,-0.90117502212524,-0.37317499518394,0.44302499294281,-0.21766249835491,-19.1709365844727,-4.8672251701355,-3.52165007591248,15.7939510345459,5.29905033111572,-1.38000011444092,-10.8670501708984,-9.94305038452148,-4.02495002746582,-2.67495012283325,-3.62400007247925,-4.22700023651123,-0.90117502212524,-2.154212474823,-2.154212474823,-0.21766249835491,-1.12461245059967,-1.12461245059967,-3.52165007591248,-4.32905006408691,-4.32905006408691,-1.38000011444092,-8.75895023345947,-8.75895023345947,-4.02495002746582,5.78400039672852,5.78400039672852,-4.22700023651123,-5.82000017166138,-5.82000017166138,-7.47422504425049,-18.5704746246338,-18.5704746246338,-9.53479957580566,-20.806224822998,-20.806224822998,-2.36623740196228,4.37538766860962,4.37538766860962,-10.8280506134033,-5.82705020904541,-5.82705020904541,15.4000511169434,27.4039516448975,27.4039516448975,-2.46195006370544,6.05400037765503,6.05400037765503,-20.6557998657227,-20.0659255981445,-15.2652502059937,-26.2059879302979,-27.0924491882324,-19.2219505310059,9.86466217041016,12.0740127563477,10.4396877288818,-4.08900022506714,-9.11295032501221,-9.64500045776367,30.4819507598877,23.2009506225586,16.2390003204346,11.1499509811401,5.74905014038086,1.84605014324188,-4.27693748474121,-2.64343738555908,-2.64343738555908,-8.44497489929199,-2.65938758850098,-2.65938758850098,4.52966260910034,-1.75642502307892,-1.75642502307892,-6.04305028915405,-6.90795040130615,-6.90795040130615,-0.87795001268387,-60.1879539489746,-60.1879539489746,-1.1380500793457,-9.68805027008057,-9.68805027008057,5.18402481079102,4.97351264953613,5.8188624382019,20.4474868774414,23.5741004943848,23.2563381195068,-24.4638614654541,-26.8186874389648,-25.0776615142822,26.6269512176514,25.0870513916016,11.0920505523682,-32.251953125,-11.7319507598877,-13.5739507675171,-7.57095050811768,-6.51195049285889,-10.653000831604,5.8188624382019,2.70490002632141,-1.72851252555847,23.2563381195068,17.0264873504639,2.19339990615845,-25.0776615142822,-7.22672510147095,-4.67293739318848,11.0920505523682,-0.09795000404119,-6.41205024719238,-13.5739507675171,-9.19500064849854,-0.75105005502701,-10.653000831604,-10.021050453186,-7.07505035400391,-3.13115000724792,-7.87104988098145,-7.87104988098145,-0.62314999103546,-3.97952508926392,-3.97952508926392,-4.19677495956421,-3.30687499046326,-3.30687499046326,-11.1079502105713,-13.6039505004883,-8.54805088043213,5.38695049285889,14.6700010299683,27.4189510345459,-5.79795026779175,-0.77595001459122,8.14200019836426,SHAKE
5.18402481079102,4.97351264953613,5.8188624382019,20.4474868774414,23.5741004943848,23.2563381195068,-24.4638614654541,-26.8186874389648,-25.0776615142822,26.6269512176514,25.0870513916016,11.0920505523682,-32.251953125,-11.7319507598877,-13.5739507675171,-7.57095050811768,-6.51195049285889,-10.653000831604,5.8188624382019,2.70490002632141,-1.72851252555847,23.2563381195068,17.0264873504639,2.19339990615845,-25.0776615142822,-7.22672510147095,-4.67293739318848,11.0920505523682,-0.09795000404119,-6.41205024719238,-13.5739507675171,-9.19500064849854,-0.75105005502701,-10.653000831604,-10.021050453186,-7.07505035400391,-3.13115000724792,-7.87104988098145,-7.87104988098145,-0.62314999103546,-3.97952508926392,-3.97952508926392,-4.19677495956421,-3.30687499046326,-3.30687499046326,-11.1079502105713,-13.6039505004883,-8.54805088043213,5.38695049285889,14.6700010299683,27.4189510345459,-5.79795026779175,-0.77595001459122,8.14200019836426,-21.5626125335693,-21.5626125335693,-21.3127746582031,-20.167537689209,-20.167537689209,-21.9043006896973,8.17987537384033,8.17987537384033,12.0909252166748,-5.26005029678345,-5.26005029678345,-4.74705028533936,26.9250011444092,26.9250011444092,25.8550510406494,5.17005014419556,5.17005014419556,2.97105002403259,-16.9167633056641,-7.81921243667603,-2.09013748168945,-19.4249000549316,-9.35989952087402,-2.32388758659363,13.5308246612549,8.83657455444336,5.0671501159668,-2.757000207901,2.18505001068115,7.52595043182373,19.7620506286621,0.72405004501343,-53.2710037231445,0.47805002331734,-3.21405005455017,-15.0049505233765,-2.09013748168945,16.6438255310059,16.6438255310059,-2.32388758659363,15.3311128616333,15.3311128616333,5.0671501159668,-0.67306250333786,-0.67306250333786,7.52595043182373,33.0430526733398,31.1029510498047,-53.2710037231445,-23.4100513458252,-11.6839504241943,-15.0049505233765,-3.74805021286011,3.66600012779236,17.6350631713867,17.6416625976562,4.06683731079102,17.190113067627,16.8546123504639,4.78018760681152,-2.23643755912781,-2.44035005569458,0.81716251373291,21.9370517730713,8.09895038604736,-1.96395003795624,-9.73695087432861,-10.3380002975464,-7.70805025100708,3.73995018005371,3.2989501953125,0.93300002813339,1.63294994831085,1.63294994831085,0.88673746585846,2.44461250305176,2.44461250305176,1.91674995422363,0.10119999945164,0.10119999945164,-0.58616250753403,-9.98295021057129,-9.98295021057129,-18.4489517211914,-0.98295003175735,-0.98295003175735,11.9610004425049,-3.98295021057129,-3.98295021057129,-4.78005027770996,1.25950002670288,1.25950002670288,2.01987504959106,2.84185004234314,2.84185004234314,4.7506251335144,-2.11310005187988,-2.11310005187988,-2.93755006790161,-15.1009502410889,-15.1009502410889,-9.79095077514648,33.8970031738281,33.8970031738281,23.1049518585205,0.99105006456375,0.99105006456375,-4.38300037384033,2.01987504959106,2.0873875617981,1.19748747348785,4.7506251335144,4.27391242980957,3.2658998966217,-2.93755006790161,-0.54986250400543,1.80647504329681,-9.79095077514648,-2.71095013618469,4.21905040740967,23.1049518585205,19.2160511016846,-2.26905012130737,-4.38300037384033,-4.4239501953125,-5.36205005645752,SHAKE
16.6438255310059,17.6350631713867,17.6416625976562,15.3311128616333,17.190113067627,16.8546123504639,-0.67306250333786,-2.23643755912781,-2.44035005569458,31.1029510498047,21.9370517730713,8.09895038604736,-11.6839504241943,-9.73695087432861,-10.3380002975464,3.66600012779236,3.73995018005371,3.2989501953125,4.06683731079102,1.63294994831085,1.63294994831085,4.78018760681152,2.44461250305176,2.44461250305176,0.81716251373291,0.10119999945164,0.10119999945164,-1.96395003795624,-9.98295021057129,-9.98295021057129,-7.70805025100708,-0.98295003175735,-0.98295003175735,0.93300002813339,-3.98295021057129,-3.98295021057129,0.88673746585846,1.25950002670288,1.25950002670288,1.91674995422363,2.84185004234314,2.84185004234314,-0.58616250753403,-2.11310005187988,-2.11310005187988,-18.4489517211914,-15.1009502410889,-15.1009502410889,11.9610004425049,33.8970031738281,33.8970031738281,-4.78005027770996,0.99105006456375,0.99105006456375,2.01987504959106,2.01987504959106,2.0873875617981,4.7506251335144,4.7506251335144,4.27391242980957,-2.93755006790161,-2.93755006790161,-0.54986250400543,-9.79095077514648,-9.79095077514648,-2.71095013618469,23.1049518585205,23.1049518585205,19.2160511016846,-4.38300037384033,-4.38300037384033,-4.4239501953125,1.19748747348785,1.19748747348785,1.37637495994568,3.2658998966217,3.2658998966217,4.30017518997192,1.80647504329681,1.80647504329681,3.12633752822876,4.21905040740967,4.21905040740967,11.8800001144409,-2.26905012130737,-2.26905012130737,-51.8320541381836,-5.36205005645752,-5.36205005645752,-15.2970008850098,15.2945375442505,21.3471508026123,22.5830001831055,15.4442749023438,20.824649810791,23.3608379364014,-3.31760001182556,-3.50734996795654,-4.9977126121521,28.0950012207031,29.1600017547607,19.381950378418,-62.077953338623,-26.32200050354,-11.0850009918213,-14.2030506134033,3.85005021095276,11.1169509887695,22.5830001831055,22.1864490509033,2.55859994888306,23.3608379364014,21.931661605835,5.8361873626709,-4.9977126121521,-4.64172506332397,-0.21078750491142,19.381950378418,0.80595004558563,-5.83005046844482,-11.0850009918213,-6.18495035171509,-0.43695002794266,11.1169509887695,2.48295021057129,-3.11400008201599,2.55859994888306,2.4893000125885,8.44043731689453,5.8361873626709,4.83559989929199,7.2219123840332,-0.21078750491142,-1.81994998455048,-9.8012752532959,-5.83005046844482,-9.79395008087158,-8.14800071716309,-0.43695002794266,11.3100004196167,27.7680015563965,-3.11400008201599,-5.06595039367676,-3.5179500579834,20.1462249755859,20.1462249755859,21.0458869934082,18.9666118621826,18.9666118621826,19.7979373931885,-14.3323125839233,-14.3323125839233,-14.6660251617432,-4.764000415802,-4.764000415802,-4.78800010681152,28.8600006103516,28.8600006103516,24.1090507507324,-2.40900015830994,-2.40900015830994,-2.59095001220703,20.197925567627,20.197925567627,1.86188745498657,18.2469367980957,18.2469367980957,1.49600005149841,-12.7121496200562,-12.7121496200562,-2.66062498092651,-6.54105043411255,-6.54105043411255,3.34905004501343,15.6850509643555,15.6850509643555,-53.1420021057129,-4.40700006484985,-4.40700006484985,4.31505012512207,SHAKE
11.9913749694824,11.6766376495361,11.6766376495361,10.9806127548218,11.0191125869751,11.0191125869751,-16.6908493041992,-15.2282619476318,-15.2282619476318,21.8320503234863,10.3570508956909,10.3570508956909,-16.4719505310059,-14.9200506210327,-14.9200506210327,-6.14100027084351,-8.35605049133301,-8.35605049133301,0.89031249284744,-1.27063751220703,-1.27063751220703,5.37817478179932,-1.13794994354248,-1.13794994354248,-5.85337495803833,-2.7887749671936,-2.7887749671936,1.28205001354218,-4.64700031280518,-4.64700031280518,-7.68900012969971,1.48500001430511,1.48500001430511,-8.47605037689209,-8.00205039978027,-8.00205039978027,-8.91907501220703,-8.91907501220703,-19.7290496826172,-7.30757474899292,-7.30757474899292,-16.4960117340088,-3.63302493095398,-3.63302493095398,1.23763751983643,-11.7120008468628,-11.7120008468628,-9.28305053710938,17.7019500732422,17.7019500732422,28.2979507446289,-4.12695026397705,-4.12695026397705,2.00400018692017,-23.5945873260498,-23.5945873260498,-23.2006492614746,-22.0873126983643,-22.0873126983643,-22.9146499633789,5.61247491836548,5.61247491836548,8.51784992218018,-7.42995023727417,-7.42995023727417,-8.38800048828125,28.1370010375977,28.1370010375977,24.65505027771,3.08895015716553,3.08895015716553,1.68705010414124,-18.0251502990723,-7.37701225280762,-2.53783750534058,-18.7754878997803,-9.54469966888428,-1.87811243534088,9.390700340271,4.80205011367798,-1.91647493839264,-7.95195055007935,-4.59405040740967,3.96705007553101,17.7019500732422,-5.14095020294189,-72.4909515380859,-1.00095009803772,-2.55600023269653,-13.1299505233765,12.4697370529175,12.4697370529175,15.0716495513916,12.1325874328613,12.1325874328613,19.3320865631104,-15.227575302124,-15.227575302124,-18.0846881866455,27.6949520111084,27.6949520111084,41.976001739502,-73.0159530639648,-73.0159530639648,-18.3730506896973,-28.465051651001,-28.465051651001,-0.25394999980927,16.0238380432129,16.4147491455078,16.4147491455078,21.6075744628906,21.0798492431641,21.0798492431641,-19.1775379180908,-15.7810125350952,-15.7810125350952,20.2530002593994,5.98905038833618,5.98905038833618,-7.3609504699707,-7.33200025558472,-7.33200025558472,4.7790002822876,7.27695035934448,7.27695035934448,1.20972502231598,1.20972502231598,1.55457496643066,4.30210018157959,4.30210018157959,4.82074975967407,-2.6611750125885,-2.6611750125885,-5.57919979095459,-9.03404998779297,-9.03404998779297,-14.7970504760742,3.07605004310608,3.07605004310608,14.5740003585815,-1.98105013370514,-1.98105013370514,-6.30405044555664,11.6221876144409,13.229700088501,14.2533874511719,12.5904626846313,18.2480373382568,18.6073246002197,-13.9966745376587,-19.2418880462646,-18.0316123962402,-11.6640005111694,-6.89295053482056,-10.6050004959106,33.0709533691406,30.0580520629883,19.7400016784668,-4.58400011062622,-1.45395004749298,-4.22205018997192,14.0232124328613,14.0232124328613,4.06243753433228,17.2774257659912,17.2774257659912,9.4264497756958,-14.5604248046875,-14.5604248046875,-7.26494979858398,-10.2490501403809,-10.2490501403809,2.70000004768372,-0.37695002555847,-0.37695002555847,-32.6830520629883,-6.71595048904419,-6.71595048904419,-1.91595005989075,SHAKE
16.9918365478516,16.9918365478516,17.221736907959,20.5319118499756,20.5319118499756,20.8201122283936,-7.17145013809204,-7.17145013809204,-4.25397491455078,51.72900390625,51.72900390625,15.6690006256104,-31.0909519195557,-31.0909519195557,-13.3530006408691,-10.0729503631592,-10.0729503631592,2.88300013542175,17.221736907959,1.85941243171692,1.85941243171692,20.8201122283936,3.99038743972778,3.99038743972778,-4.25397491455078,-0.05128749832511,-0.05128749832511,10.2040500640869,-3.73200011253357,-3.73200011253357,-8.72595024108887,0.52305001020431,0.52305001020431,6.18795013427734,2.71005010604858,2.71005010604858,-1.07634997367859,-1.07634997367859,-3.7956874370575,0.86707496643066,0.86707496643066,-3.38291239738464,-1.54412496089935,-1.54412496089935,-0.14698749780655,-16.1620502471924,-16.1620502471924,-11.7769508361816,13.9969511032104,13.9969511032104,26.6230506896973,-4.53600025177002,-4.53600025177002,1.24005007743835,-3.42787504196167,-2.45038747787476,-1.53394997119904,-3.76846241950989,-2.76471257209778,-1.12172496318817,1.83782494068146,3.38992500305176,2.744225025177,-9.6109504699707,-11.5750503540039,-12.118950843811,29.2680015563965,25.1410503387451,15.5989503860474,2.7480001449585,0.31800001859665,-2.39505004882812,-1.53394997119904,1.10096251964569,1.10096251964569,-1.12172496318817,2.33585000038147,2.33585000038147,2.744225025177,-1.28947496414185,-1.28947496414185,-12.118950843811,7.49805021286011,7.49805021286011,15.5989503860474,-54.2959518432617,-54.2959518432617,-2.39505004882812,-8.87100028991699,-8.87100028991699,12.3666124343872,14.6330251693726,14.5842123031616,10.1820125579834,19.1197872161865,21.2661628723145,-13.7906999588013,-16.1184368133545,-17.6284618377686,29.7810020446777,39.3990020751953,26.9380512237549,-72.6870040893555,-29.9119510650635,-10.0339508056641,-19.8690013885498,-9.53505039215088,-5.25000047683716,14.3984498977661,14.3984498977661,2.85724997520447,21.3578758239746,21.3578758239746,12.8415374755859,-16.3052997589111,-16.3052997589111,-4.63264989852905,11.8039503097534,11.8039503097534,0.85605001449585,-7.27500057220459,-7.27500057220459,-3.55995011329651,-2.43600010871887,-2.43600010871887,-0.93900007009506,0.00164999999106,-1.17933750152588,-6.23081254959106,3.42787504196167,1.44512498378754,-1.09340000152588,-3.4817750453949,-4.49886226654053,-10.823450088501,-5.45100021362305,-11.3839502334595,-11.0320501327515,1.53105008602142,7.92300033569336,24.5850009918213,-1.91805005073547,-3.82500028610229,0.39900001883507,-6.23081254959106,-17.2042751312256,-17.2042751312256,-1.09340000152588,-17.5227241516113,-17.5227241516113,-10.823450088501,-10.7387495040894,-10.7387495040894,-11.0320501327515,-7.55700016021729,-7.55700016021729,24.5850009918213,25.7040004730225,25.7040004730225,0.39900001883507,1.40700006484985,1.40700006484985,-16.2739505767822,-11.4135999679565,-11.4135999679565,-17.73268699646,-15.6399374008179,-15.6399374008179,-8.29743766784668,-1.52872502803802,-1.52872502803802,-8.96700000762939,-4.51005029678345,-4.51005029678345,16.9429512023926,-4.59195041656494,-4.59195041656494,-1.19295001029968,-2.35905003547668,-2.35905003547668,SHAKE
-1.53394997119904,-1.53394997119904,1.10096251964569,-1.12172496318817,-1.12172496318817,2.33585000038147,2.744225025177,2.744225025177,-1.28947496414185,-12.118950843811,-12.118950843811,7.49805021286011,15.5989503860474,15.5989503860474,-54.2959518432617,-2.39505004882812,-2.39505004882812,-8.87100028991699,1.10096251964569,12.3666124343872,14.6330251693726,2.33585000038147,10.1820125579834,19.1197872161865,-1.28947496414185,-13.7906999588013,-16.1184368133545,7.49805021286011,29.7810020446777,39.3990020751953,-54.2959518432617,-72.6870040893555,-29.9119510650635,-8.87100028991699,-19.8690013885498,-9.53505039215088,14.5842123031616,14.3984498977661,14.3984498977661,21.2661628723145,21.3578758239746,21.3578758239746,-17.6284618377686,-16.3052997589111,-16.3052997589111,26.9380512237549,11.8039503097534,11.8039503097534,-10.0339508056641,-7.27500057220459,-7.27500057220459,-5.25000047683716,-2.43600010871887,-2.43600010871887,2.85724997520447,0.00164999999106,-1.17933750152588,12.8415374755859,3.42787504196167,1.44512498378754,-4.63264989852905,-3.4817750453949,-4.49886226654053,0.85605001449585,-5.45100021362305,-11.3839502334595,-3.55995011329651,1.53105008602142,7.92300033569336,-0.93900007009506,-1.91805005073547,-3.82500028610229,-6.23081254959106,-6.23081254959106,-17.2042751312256,-1.09340000152588,-1.09340000152588,-17.5227241516113,-10.823450088501,-10.823450088501,-10.7387495040894,-11.0320501327515,-11.0320501327515,-7.55700016021729,24.5850009918213,24.5850009918213,25.7040004730225,0.39900001883507,0.39900001883507,1.40700006484985,-17.2042751312256,-16.2739505767822,-11.4135999679565,-17.5227241516113,-17.73268699646,-15.6399374008179,-10.7387495040894,-8.29743766784668,-1.52872502803802,-7.55700016021729,-8.96700000762939,-4.51005029678345,25.7040004730225,16.9429512023926,-4.59195041656494,1.40700006484985,-1.19295001029968,-2.35905003547668,-11.4135999679565,8.95028781890869,8.95028781890869,-15.6399374008179,5.22335004806519,5.22335004806519,-1.52872502803802,-11.2667503356934,-11.2667503356934,-4.51005029678345,24.2599506378174,24.2599506378174,-4.59195041656494,-66.2639999389648,-66.2639999389648,-2.35905003547668,-14.2819509506226,-14.2819509506226,11.2264623641968,11.3111619949341,11.3111619949341,14.0010747909546,14.7754745483398,14.7754745483398,-15.2095623016357,-16.4430751800537,-16.4430751800537,33.730052947998,24.3420009613037,24.3420009613037,-30.7200012207031,-12.0930004119873,-12.0930004119873,-7.01295042037964,-4.12905025482178,-4.12905025482178,11.6975374221802,2.66557502746582,0.14409999549389,15.2700624465942,10.140212059021,1.32274997234344,-15.6765127182007,-6.25913763046265,-3.19233751296997,11.2339506149292,1.79295003414154,-4.3090500831604,-8.98500061035156,-4.92795038223267,1.04205000400543,-1.17405009269714,-0.75705003738403,-2.49795007705688,-0.93774998188019,-4.88908767700195,-4.88908767700195,0.36849999427795,-2.00818753242493,-2.00818753242493,-3.94184994697571,-7.44933748245239,-7.44933748245239,-9.19995021820068,-11.3119506835938,-11.3119506835938,6.54600048065186,20.7100505828857,20.7100505828857,-4.45995044708252,-1.79595005512238,-1.79595005512238,SHAKE
-17.2042751312256,-16.2739505767822,-11.4135999679565,-17.5227241516113,-17.73268699646,-15.6399374008179,-10.7387495040894,-8.29743766784668,-1.52872502803802,-7.55700016021729,-8.96700000762939,-4.51005029678345,25.7040004730225,16.9429512023926,-4.59195041656494,1.40700006484985,-1.19295001029968,-2.35905003547668,-11.4135999679565,8.95028781890869,8.95028781890869,-15.6399374008179,5.22335004806519,5.22335004806519,-1.52872502803802,-11.2667503356934,-11.2667503356934,-4.51005029678345,24.2599506378174,24.2599506378174,-4.59195041656494,-66.2639999389648,-66.2639999389648,-2.35905003547668,-14.2819509506226,-14.2819509506226,11.2264623641968,11.3111619949341,11.3111619949341,14.0010747909546,14.7754745483398,14.7754745483398,-15.2095623016357,-16.4430751800537,-16.4430751800537,33.730052947998,24.3420009613037,24.3420009613037,-30.7200012207031,-12.0930004119873,-12.0930004119873,-7.01295042037964,-4.12905025482178,-4.12905025482178,11.6975374221802,2.66557502746582,0.14409999549389,15.2700624465942,10.140212059021,1.32274997234344,-15.6765127182007,-6.25913763046265,-3.19233751296997,11.2339506149292,1.79295003414154,-4.3090500831604,-8.98500061035156,-4.92795038223267,1.04205000400543,-1.17405009269714,-0.75705003738403,-2.49795007705688,-0.93774998188019,-4.88908767700195,-4.88908767700195,0.36849999427795,-2.00818753242493,-2.00818753242493,-3.94184994697571,-7.44933748245239,-7.44933748245239,-9.19995021820068,-11.3119506835938,-11.3119506835938,6.54600048065186,20.7100505828857,20.7100505828857,-4.45995044708252,-1.79595005512238,-1.79595005512238,-19.8631114959717,-20.9988632202148,-20.2941741943359,-18.3877372741699,-20.56298828125,-20.7150630950928,-5.56902503967285,-5.20533752441406,-3.18188738822937,-5.88495016098022,-5.02005004882812,-10.3609504699707,36.0450019836426,31.6870517730713,23.8189506530762,2.11905002593994,1.84605014324188,-1.09005010128021,-16.637638092041,-16.637638092041,-2.01176238059998,-18.3390617370605,-18.3390617370605,-1.9354499578476,0.43793749809265,0.43793749809265,-2.67341256141663,-13.0579509735107,-13.0579509735107,-10.8430509567261,7.25505018234253,7.25505018234253,-36.1230010986328,-4.31100034713745,-4.31100034713745,-0.69495004415512,-0.22577500343323,11.532262802124,11.532262802124,0.73809999227524,14.563175201416,14.563175201416,-11.6914873123169,-23.6867122650146,-23.6867122650146,10.6009502410889,28.6480522155762,28.6480522155762,-77.6929550170898,-46.302001953125,-46.302001953125,-2.82405018806458,-4.52700042724609,-4.52700042724609,11.239387512207,11.239387512207,11.0533494949341,18.7298374176025,18.7298374176025,18.6621875762939,-26.594425201416,-26.594425201416,-17.6903381347656,16.8880500793457,16.8880500793457,5.9650502204895,-11.2030506134033,-11.2030506134033,-9.56700038909912,-7.08900022506714,-7.08900022506714,-3.46605014801025,-0.60885000228882,-1.472212433815,-3.62835001945496,5.12008762359619,0.93967497348785,-1.04307496547699,-6.6617374420166,-5.56710004806519,-6.79566240310669,-1.08000004291534,-5.16600036621094,-9.24705028533936,-3.37095022201538,3.35805010795593,11.4870004653931,-2.25600004196167,-4.2180004119873,-4.65105009078979,SHAKE
-20.9988632202148,-20.2941741943359,-16.637638092041,-20.56298828125,-20.7150630950928,-18.3390617370605,-5.20533752441406,-3.18188738822937,0.43793749809265,-5.02005004882812,-10.3609504699707,-13.0579509735107,31.6870517730713,23.8189506530762,7.25505018234253,1.84605014324188,-1.09005010128021,-4.31100034713745,-16.637638092041,-2.01176238059998,-0.22577500343323,-18.3390617370605,-1.9354499578476,0.73809999227524,0.43793749809265,-2.67341256141663,-11.6914873123169,-13.0579509735107,-10.8430509567261,10.6009502410889,7.25505018234253,-36.1230010986328,-77.6929550170898,-4.31100034713745,-0.69495004415512,-2.82405018806458,11.532262802124,11.532262802124,11.239387512207,14.563175201416,14.563175201416,18.7298374176025,-23.6867122650146,-23.6867122650146,-26.594425201416,28.6480522155762,28.6480522155762,16.8880500793457,-46.302001953125,-46.302001953125,-11.2030506134033,-4.52700042724609,-4.52700042724609,-7.08900022506714,11.239387512207,11.0533494949341,-0.60885000228882,18.7298374176025,18.6621875762939,5.12008762359619,-26.594425201416,-17.6903381347656,-6.6617374420166,16.8880500793457,5.9650502204895,-1.08000004291534,-11.2030506134033,-9.56700038909912,-3.37095022201538,-7.08900022506714,-3.46605014801025,-2.25600004196167,-1.472212433815,-3.62835001945496,-15.4009628295898,0.93967497348785,-1.04307496547699,-8.36343765258789,-5.56710004806519,-6.79566240310669,-6.94058752059937,-5.16600036621094,-9.24705028533936,-8.73705005645752,3.35805010795593,11.4870004653931,28.6570510864258,-4.2180004119873,-4.65105009078979,0.86400002241135,-23.9714756011963,-23.9714756011963,-24.3046379089355,-21.8978366851807,-21.8978366851807,-23.6681499481201,-1.29662501811981,-1.29662501811981,1.2450624704361,-4.25594997406006,-4.25594997406006,-6.85500049591064,32.4070510864258,32.4070510864258,25.6680011749268,2.27400016784668,2.27400016784668,1.19895005226135,-22.159912109375,-22.159912109375,-1.44264996051788,-22.3306865692139,-22.3306865692139,-0.55233746767044,3.72088742256165,3.72088742256165,-3.45840001106262,-9.92805004119873,-9.92805004119873,3.92400026321411,15.6420011520386,15.6420011520386,-54.7080039978027,-2.9479501247406,-2.9479501247406,-2.57205009460449,-1.44264996051788,11.2242622375488,13.5183124542236,-0.55233746767044,7.58284997940063,15.6707372665405,-3.45840001106262,-15.750075340271,-19.8017883300781,3.92400026321411,25.4940013885498,33.8860511779785,-54.7080039978027,-62.7649536132812,-30.4369506835938,-2.57205009460449,-4.48095035552979,-4.76895046234131,13.2569246292114,13.2314872741699,2.19697499275208,15.8346376419067,15.4195251464844,9.67601203918457,-20.455738067627,-18.4244499206543,-6.90992498397827,24.1309509277344,12.3640508651733,3.37605023384094,-13.9780502319336,-11.9569501876831,-7.88805055618286,-6.0400505065918,-2.31795001029968,-1.33200001716614,-0.12952500581741,-1.01048743724823,-1.01048743724823,1.82352495193481,0.53858751058579,0.53858751058579,-4.08883762359619,-4.72546243667603,-4.72546243667603,-1.74600005149841,-5.72895050048828,-5.72895050048828,-0.90900003910065,5.35095024108887,5.35095024108887,-2.67300009727478,-5.81805038452148,-5.81805038452148,SHAKE
13.5183124542236,13.2569246292114,13.2314872741699,15.6707372665405,15.8346376419067,15.4195251464844,-19.8017883300781,-20.455738067627,-18.4244499206543,33.8860511779785,24.1309509277344,12.3640508651733,-30.4369506835938,-13.9780502319336,-11.9569501876831,-4.76895046234131,-6.0400505065918,-2.31795001029968,2.19697499275208,-0.12952500581741,-1.01048743724823,9.67601203918457,1.82352495193481,0.53858751058579,-6.90992498397827,-4.08883762359619,-4.72546243667603,3.37605023384094,-1.74600005149841,-5.72895050048828,-7.88805055618286,-0.90900003910065,5.35095024108887,-1.33200001716614,-2.67300009727478,-5.81805038452148,-1.01048743724823,-3.90458750724792,-22.6737499237061,0.53858751058579,-2.32430005073547,-23.0991744995117,-4.72546243667603,-5.56325006484985,2.81036257743835,-5.72895050048828,-9.07005023956299,-4.39995002746582,5.35095024108887,12.28005027771,24.7480506896973,-5.81805038452148,-5.74305009841919,3.76905012130737,-22.6737499237061,-22.9411869049072,-20.3693866729736,-23.0991744995117,-24.6151123046875,-22.2358131408691,2.81036257743835,5.96296262741089,8.04127502441406,-4.39995002746582,-3.82800006866455,-3.02505016326904,24.7480506896973,21.6780014038086,14.5980005264282,3.76905012130737,2.94000005722046,-4.44300031661987,-7.61626243591309,-7.61626243591309,7.7757625579834,-11.464337348938,-11.464337348938,8.16626262664795,5.85598754882812,5.85598754882812,5.3708872795105,2.46105003356934,6.463050365448,23.9680519104004,-2.98800015449524,-18.9019508361816,-61.9600524902344,-5.88495016098022,-2.54100012779236,-6.47400045394897,7.7757625579834,9.46962451934814,9.69058704376221,8.16626262664795,9.30214977264404,9.6468620300293,5.3708872795105,7.41757488250732,6.79428768157959,23.9680519104004,25.0270519256592,17.881950378418,-61.9600524902344,-33.7540512084961,-13.0750503540039,-6.47400045394897,1.66095006465912,6.79395055770874,9.69058704376221,10.0853500366211,0.95356249809265,9.6468620300293,10.537449836731,2.44626259803772,6.79428768157959,5.45971250534058,-0.36506250500679,17.881950378418,9.17895030975342,-4.22294998168945,-13.0750503540039,-6.17505025863647,1.86105012893677,6.79395055770874,6.13995027542114,-3.66405010223389,0.95356249809265,5.25085020065308,5.25085020065308,2.44626259803772,2.75852489471436,2.75852489471436,-0.36506250500679,-13.5587377548218,-13.5587377548218,-4.22294998168945,-7.2330002784729,-7.2330002784729,1.86105012893677,27.2290515899658,27.2290515899658,-3.66405010223389,-2.52195000648499,-2.52195000648499,13.2466125488281,13.6668128967285,13.6122245788574,12.4784002304077,13.1517372131348,12.9118003845215,-18.4967746734619,-19.5970497131348,-18.7228240966797,-3.21405005455017,-6.91500043869019,-10.8709506988525,34.006950378418,28.1419506072998,16.2600002288818,1.32105004787445,2.44395017623901,-3.16395020484924,13.6122245788574,9.0608377456665,0.84933751821518,12.9118003845215,12.3041877746582,1.82572495937347,-18.7228240966797,-8.05818748474121,-4.8877124786377,-10.8709506988525,0.72000002861023,0.72000002861023,16.2600002288818,-43.2169532775879,-43.2169532775879,-3.16395020484924,1.11300003528595,1.11300003528595,SHAKE
13.6122245788574,9.0608377456665,0.84933751821518,12.9118003845215,12.3041877746582,1.82572495937347,-18.7228240966797,-8.05818748474121,-4.8877124786377,-10.8709506988525,0.72000002861023,0.72000002861023,16.2600002288818,-43.2169532775879,-43.2169532775879,-3.16395020484924,1.11300003528595,1.11300003528595,5.22266244888306,11.7664251327515,10.5437746047974,1.53408753871918,13.1302871704102,12.8125247955322,-17.5355129241943,-21.843936920166,-22.8743629455566,20.0860500335693,28.9330520629883,27.0240020751953,-59.0599517822266,-42.5989532470703,-20.8690509796143,0.42300000786781,-9.44099998474121,-18.1590003967285,10.5437746047974,10.0920877456665,5.47662496566772,12.8125247955322,12.7026624679565,12.1015129089355,-22.8743629455566,-22.1636257171631,-8.96885013580322,27.0240020751953,14.2129507064819,4.31700038909912,-20.8690509796143,-12.8380508422852,-5.81400012969971,-18.1590003967285,-14.5279502868652,-6.77100038528442,5.47662496566772,-1.76233744621277,-2.53426241874695,12.1015129089355,-0.33412501215935,-1.85528743267059,-8.96885013580322,-5.05216264724731,-4.36700010299683,4.31700038909912,-2.43105006217957,-7.28805017471313,-5.81400012969971,-0.84195005893707,3.09195017814636,-6.77100038528442,-4.99095010757446,-4.78500032424927,-5.61233758926392,-13.9617500305176,-13.9617500305176,-4.34252500534058,-10.9493999481201,-10.9493999481201,-3.99244999885559,-0.4629625082016,-0.4629625082016,-11.1010503768921,-9.56400012969971,-9.56400012969971,7.98495054244995,22.5469512939453,22.5469512939453,-3.81300020217896,1.08600008487701,1.08600008487701,-21.9929866790771,-22.323263168335,-19.3392372131348,-21.4915256500244,-23.286449432373,-20.6366882324219,7.81041240692139,10.519024848938,11.3412752151489,-5.51100015640259,-6.30405044555664,-10.4209508895874,36.6229515075684,30.6060009002686,20.6410503387451,6.75495052337646,4.09200000762939,-3.86100029945374,-10.9613628387451,-10.9613628387451,-1.94603753089905,-13.0941247940063,-13.0941247940063,-0.64418751001358,8.38117504119873,8.38117504119873,-1.09903752803802,-8.97195053100586,-8.97195053100586,0.48000001907349,-5.82300043106079,-5.82300043106079,-60.4699516296387,-11.2230005264282,-11.2230005264282,-7.77195024490356,11.2243995666504,15.2587871551514,14.6239500045776,7.49086236953735,17.6023368835449,17.257625579834,-15.0590000152588,-19.7096614837646,-21.0182495117188,24.4780502319336,26.32200050354,10.1700000762939,-74.8980026245117,-11.6929502487183,-8.41200065612793,-3.45405006408691,-13.1419506072998,-8.92905044555664,14.168137550354,3.40628743171692,-0.45443749427795,15.9113626480103,11.2655124664307,1.53243744373322,-19.2465629577637,-7.15453767776489,-4.14603757858276,10.1700000762939,1.48095011711121,-3.88500022888184,-8.41200065612793,-2.24505019187927,2.2110002040863,-8.92905044555664,-1.98300004005432,-2.26605010032654,-1.9322874546051,-1.9322874546051,-21.0434131622314,0.27527499198914,0.27527499198914,-18.6462383270264,-5.42107486724854,-5.42107486724854,-0.84026247262955,-10.0020008087158,-11.4150009155273,-6.28695011138916,5.35995006561279,15.1180505752563,27.9550514221191,-4.97895002365112,-1.44405007362366,4.14195013046265,SHAKE
-24.6228122711182,-24.6228122711182,-23.2412128448486,-25.139949798584,-25.139949798584,-24.8648128509521,1.64986252784729,1.64986252784729,4.65698766708374,-8.30895042419434,-8.30895042419434,-8.30895042419434,19.2160511016846,19.2160511016846,19.2160511016846,-0.36405003070831,-0.36405003070831,-0.36405003070831,0.36245000362396,14.0023126602173,14.0023126602173,1.97092497348785,13.0154752731323,13.0154752731323,-1.18525004386902,-8.02628707885742,-8.02628707885742,16.795051574707,28.8799514770508,28.8799514770508,-50.7559509277344,-48.4309539794922,-48.4309539794922,-4.62705039978027,-3.20895004272461,-3.20895004272461,14.3787870407104,14.4534502029419,14.0636377334595,13.40625,13.1896877288818,12.0297374725342,-9.09218788146973,-9.8187370300293,-9.13811206817627,29.2800006866455,18.8910007476807,9.2029504776001,-26.1690006256104,-12.8550004959106,-8.28795051574707,-4.03995037078857,-3.54705023765564,0.91605001688003,1.35423743724823,0.73521250486374,0.73521250486374,1.66787493228912,0.76188749074936,0.76188749074936,-2.89588737487793,-2.79578757286072,-2.79578757286072,2.45400023460388,-1.81605005264282,-1.81605005264282,-5.04495000839233,-1.17705011367798,-1.17705011367798,0.3870000243187,-3.3510000705719,-3.3510000705719,-0.32243749499321,-3.54901242256165,-3.54901242256165,0.19648750126362,-2.25431251525879,-2.25431251525879,-3.3767249584198,-4.02806234359741,-4.02806234359741,-4.39005041122437,-7.02000045776367,-7.02000045776367,3.70305013656616,11.3650503158569,11.3650503158569,-5.71905040740967,-4.2199501991272,-4.2199501991272,-23.3990631103516,-23.3990631103516,-23.0110378265381,-20.4308490753174,-20.4308490753174,-20.4903869628906,1.16091251373291,1.16091251373291,2.8891499042511,-2.6010000705719,-2.6010000705719,-3.08295011520386,26.7670516967773,26.7670516967773,20.5159511566162,3.59595012664795,3.59595012664795,-1.09200000762939,-19.9353008270264,-4.38391256332397,-4.38391256332397,-17.7553749084473,-6.69542503356934,-6.69542503356934,3.98626255989075,1.01681244373322,1.01681244373322,-3.38205027580261,5.56695032119751,5.56695032119751,3.8779501914978,-28.0920009613037,-28.0920009613037,-8.59095001220703,-3.57795023918152,-3.57795023918152,19.890474319458,19.890474319458,19.8314876556396,16.1484127044678,16.1484127044678,15.6663370132446,1.31009995937347,1.31009995937347,1.47977495193481,23.6640014648438,23.6640014648438,20.2009506225586,-52.7629508972168,-52.7629508972168,-24.3010520935059,2.61705017089844,2.61705017089844,1.68705010414124,19.7594375610352,13.9177503585815,13.9177503585815,15.480299949646,4.64612483978271,4.64612483978271,1.6081999540329,4.56582498550415,4.56582498550415,8.92995071411133,-0.43605002760887,-0.43605002760887,-14.4070510864258,-9.53595066070557,-9.53595066070557,6.58005046844482,6.31500053405762,6.31500053405762,1.27902495861053,1.27902495861053,0.24529999494553,2.04489994049072,2.04489994049072,1.65687501430511,0.14409999549389,0.14409999549389,0.21876250207424,-5.71695041656494,-5.71695041656494,-6.59400033950806,5.32005023956299,5.32005023956299,12.8020505905151,-5.76495027542114,-5.76495027542114,-8.03805065155029,SHAKE
-23.3990631103516,-23.0110378265381,-19.9353008270264,-20.4308490753174,-20.4903869628906,-17.7553749084473,1.16091251373291,2.8891499042511,3.98626255989075,-2.6010000705719,-3.08295011520386,-3.38205027580261,26.7670516967773,20.5159511566162,3.8779501914978,3.59595012664795,-1.09200000762939,-8.59095001220703,-4.38391256332397,-4.38391256332397,19.890474319458,-6.69542503356934,-6.69542503356934,16.1484127044678,1.01681244373322,1.01681244373322,1.31009995937347,5.56695032119751,5.56695032119751,23.6640014648438,-28.0920009613037,-28.0920009613037,-52.7629508972168,-3.57795023918152,-3.57795023918152,2.61705017089844,19.890474319458,19.8314876556396,19.7594375610352,16.1484127044678,15.6663370132446,15.480299949646,1.31009995937347,1.47977495193481,1.6081999540329,23.6640014648438,20.2009506225586,8.92995071411133,-52.7629508972168,-24.3010520935059,-14.4070510864258,2.61705017089844,1.68705010414124,6.58005046844482,13.9177503585815,13.9177503585815,1.27902495861053,4.64612483978271,4.64612483978271,2.04489994049072,4.56582498550415,4.56582498550415,0.14409999549389,-0.43605002760887,-0.43605002760887,-5.71695041656494,-9.53595066070557,-9.53595066070557,5.32005023956299,6.31500053405762,6.31500053405762,-5.76495027542114,1.27902495861053,0.24529999494553,-10.2788124084473,2.04489994049072,1.65687501430511,-5.16669988632202,0.14409999549389,0.21876250207424,4.90682506561279,-5.71695041656494,-6.59400033950806,-6.34695053100586,5.32005023956299,12.8020505905151,25.123950958252,-5.76495027542114,-8.03805065155029,-6.74205017089844,-15.3634252548218,-15.3634252548218,-15.6613874435425,-6.36652517318726,-6.36652517318726,-7.05141258239746,11.0609121322632,11.0609121322632,13.0044746398926,-3.99000024795532,-3.99000024795532,-6.91695022583008,30.8149509429932,30.8149509429932,14.0400009155273,-2.07405018806458,-2.07405018806458,0.5950500369072,-15.6613874435425,-5.83096265792847,-0.74552500247955,-7.05141258239746,-1.09862494468689,-0.59001249074936,13.0044746398926,7.75444984436035,-0.04523750022054,-6.91695022583008,-7.85595035552979,5.41605043411255,14.0400009155273,-9.76800060272217,-43.4179534912109,0.5950500369072,-4.16505002975464,-0.1410000026226,9.68728733062744,9.68728733062744,11.8494749069214,3.56358742713928,3.56358742713928,7.00507497787476,-8.45487499237061,-8.45487499237061,-13.2081127166748,27.7710018157959,27.7710018157959,21.0730514526367,-55.8979530334473,-55.8979530334473,-21.856050491333,-5.88495016098022,-5.88495016098022,-13.47705078125,11.8494749069214,11.9497127532959,2.79523754119873,7.00507497787476,7.02226257324219,3.4964873790741,-13.2081127166748,-11.784987449646,-5.2907247543335,21.0730514526367,8.9800500869751,1.99605011940002,-21.856050491333,-11.6650505065918,-7.29600048065186,-13.47705078125,3.26100015640259,10.1320505142212,0.85511249303818,0.85511249303818,0.19758750498295,0.64707499742508,0.64707499742508,2.24111247062683,-2.15324997901917,-2.15324997901917,-0.28600001335144,-3.28095006942749,-3.28095006942749,-10.6819505691528,-3.07095003128052,-3.07095003128052,5.91600036621094,4.96605014801025,4.96605014801025,-6.14595031738281,SHAKE
-15.6613874435425,-15.6613874435425,-5.83096265792847,-7.05141258239746,-7.05141258239746,-1.09862494468689,13.0044746398926,13.0044746398926,7.75444984436035,-6.91695022583008,-6.91695022583008,-7.85595035552979,14.0400009155273,14.0400009155273,-9.76800060272217,0.5950500369072,0.5950500369072,-4.16505002975464,-0.74552500247955,9.68728733062744,9.68728733062744,-0.59001249074936,3.56358742713928,3.56358742713928,-0.04523750022054,-8.45487499237061,-8.45487499237061,5.41605043411255,27.7710018157959,27.7710018157959,-43.4179534912109,-55.8979530334473,-55.8979530334473,-0.1410000026226,-5.88495016098022,-5.88495016098022,11.8494749069214,11.8494749069214,11.9497127532959,7.00507497787476,7.00507497787476,7.02226257324219,-13.2081127166748,-13.2081127166748,-11.784987449646,21.0730514526367,21.0730514526367,8.9800500869751,-21.856050491333,-21.856050491333,-11.6650505065918,-13.47705078125,-13.47705078125,3.26100015640259,2.79523754119873,0.85511249303818,0.85511249303818,3.4964873790741,0.64707499742508,0.64707499742508,-5.2907247543335,-2.15324997901917,-2.15324997901917,1.99605011940002,-3.28095006942749,-3.28095006942749,-7.29600048065186,-3.07095003128052,-3.07095003128052,10.1320505142212,4.96605014801025,4.96605014801025,0.19758750498295,0.19758750498295,-1.00113749504089,2.24111247062683,2.24111247062683,-1.4638249874115,-0.28600001335144,-0.28600001335144,5.96406269073486,-10.6819505691528,-10.6819505691528,-12.3970508575439,5.91600036621094,5.91600036621094,17.965051651001,-6.14595031738281,-6.14595031738281,-5.57295036315918,1.16008746623993,2.71961259841919,2.71961259841919,-0.31886249780655,0.13255000114441,0.13255000114441,20.4445991516113,23.8540496826172,23.8540496826172,-7.06095027923584,-5.95905017852783,-5.95905017852783,34.2520523071289,30.6949520111084,30.6949520111084,0.3199500143528,3.85305023193359,3.85305023193359,3.20581245422363,3.20581245422363,0.74208748340607,2.85559988021851,2.85559988021851,0.74456250667572,17.1179256439209,17.1179256439209,1.34791254997253,-12.1840505599976,-12.1840505599976,-12.1840505599976,5.95395040512085,5.95395040512085,-42.4219512939453,-0.81000006198883,-0.81000006198883,0.58799999952316,-2.01134991645813,2.25279998779297,2.25279998779297,-1.83149993419647,4.19924974441528,4.19924974441528,-12.6468372344971,-21.8597507476807,-21.8597507476807,13.6669502258301,35.7919502258301,35.7919502258301,-72.5839538574219,-40.2280502319336,-40.2280502319336,1.98900008201599,-1.18095004558563,-1.18095004558563,-0.03423750028014,-0.03423750028014,1.89873743057251,1.92623746395111,1.92623746395111,3.18917489051819,-24.1147499084473,-24.1147499084473,-13.5856876373291,19.5799503326416,19.5799503326416,9.60300064086914,-16.3950004577637,-16.3950004577637,-11.1019506454468,-11.9059505462646,-11.9059505462646,-2.6010000705719,-2.61744999885559,-1.88498747348785,-1.88498747348785,-3.18463754653931,-2.09302496910095,-2.09302496910095,-6.68854999542236,-5.53327512741089,-5.53327512741089,1.02600002288818,-4.61805009841919,-4.61805009841919,-5.44200038909912,0.11805000901222,0.11805000901222,-2.10495018959045,-4.98600006103516,-4.98600006103516,SHAKE
2.25279998779297,2.25279998779297,-0.03423750028014,4.19924974441528,4.19924974441528,1.92623746395111,-21.8597507476807,-21.8597507476807,-24.1147499084473,35.7919502258301,35.7919502258301,19.5799503326416,-40.2280502319336,-40.2280502319336,-16.3950004577637,-1.18095004558563,-1.18095004558563,-11.9059505462646,-0.03423750028014,1.89873743057251,-2.61744999885559,1.92623746395111,3.18917489051819,-3.18463754653931,-24.1147499084473,-13.5856876373291,-6.68854999542236,19.5799503326416,9.60300064086914,1.02600002288818,-16.3950004577637,-11.1019506454468,-5.44200038909912,-11.9059505462646,-2.6010000705719,-2.10495018959045,-1.88498747348785,-1.88498747348785,-8.49199962615967,-2.09302496910095,-2.09302496910095,-4.96539974212646,-5.53327512741089,-5.53327512741089,-1.88127493858337,-4.61805009841919,-4.61805009841919,-9.97605037689209,0.11805000901222,0.11805000901222,20.976001739502,-4.98600006103516,-4.98600006103516,2.86095023155212,-8.49199962615967,-26.3675498962402,-24.0409126281738,-4.96539974212646,-19.1349124908447,-17.2171993255615,-1.88127493858337,9.968337059021,10.1820125579834,-9.97605037689209,-6.54300022125244,-12.41100025177,20.976001739502,27.234001159668,16.2910499572754,2.86095023155212,6.94005012512207,0.09000000357628,-24.0409126281738,-19.6877994537354,-19.6877994537354,-17.2171993255615,-13.7671871185303,-13.7671871185303,10.1820125579834,6.96327495574951,6.96327495574951,-12.41100025177,-13.8240003585815,0.36000001430512,16.2910499572754,-9.54300022125244,-38.0220031738281,0.09000000357628,-7.48695039749146,-3.98505020141602,-1.06328749656677,-1.06328749656677,4.12541246414185,0.48289999365807,0.48289999365807,6.61086225509644,-12.4709749221802,-12.4709749221802,-18.762149810791,24.2239513397217,24.2239513397217,28.3530006408691,-44.9220008850098,-44.9220008850098,-37.5169525146484,-4.43595027923584,-4.43595027923584,-11.1820507049561,4.12541246414185,3.66946244239807,4.43588733673096,6.61086225509644,5.92899990081787,6.13689994812012,-18.762149810791,-19.6880741119385,-18.5752868652344,28.3530006408691,24.1410007476807,14.017050743103,-37.5169525146484,-22.9170017242432,-15.7309503555298,-11.1820507049561,-8.68695068359375,0.35595002770424,4.43588733673096,1.02561247348785,1.02561247348785,6.13689994812012,1.4111624956131,1.4111624956131,-18.5752868652344,-5.17329978942871,-5.17329978942871,14.017050743103,2.81805014610291,2.81805014610291,-15.7309503555298,-7.9549503326416,-7.9549503326416,0.35595002770424,6.10095024108887,6.10095024108887,1.4305499792099,1.40277504920959,2.23093748092651,2.3368124961853,3.69146251678467,5.74722480773926,-3.82208752632141,-3.14517498016357,-1.57052505016327,0.45105001330376,-0.50100004673004,-3.74805021286011,-2.54700016975403,2.20905017852783,4.91700029373169,3.24900007247925,0.4279500246048,-2.27295017242432,5.84168767929077,23.1533489227295,25.2414245605469,11.8236246109009,20.0404872894287,19.8089370727539,1.4942125082016,0.97253751754761,3.51711249351501,-8.45895004272461,-7.32195043563843,-6.54795026779175,10.651050567627,25.0260009765625,27.4860019683838,-2.42895007133484,3.94800019264221,3.96795010566711,SHAKE
-19.6877994537354,-1.06328749656677,-1.06328749656677,-13.7671871185303,0.48289999365807,0.48289999365807,6.96327495574951,-12.4709749221802,-12.4709749221802,0.36000001430512,24.2239513397217,24.2239513397217,-38.0220031738281,-44.9220008850098,-44.9220008850098,-3.98505020141602,-4.43595027923584,-4.43595027923584,4.12541246414185,4.12541246414185,3.66946244239807,6.61086225509644,6.61086225509644,5.92899990081787,-18.762149810791,-18.762149810791,-19.6880741119385,28.3530006408691,28.3530006408691,24.1410007476807,-37.5169525146484,-37.5169525146484,-22.9170017242432,-11.1820507049561,-11.1820507049561,-8.68695068359375,4.43588733673096,4.43588733673096,1.02561247348785,6.13689994812012,6.13689994812012,1.4111624956131,-18.5752868652344,-18.5752868652344,-5.17329978942871,14.017050743103,14.017050743103,2.81805014610291,-15.7309503555298,-15.7309503555298,-7.9549503326416,0.35595002770424,0.35595002770424,6.10095024108887,1.02561247348785,1.4305499792099,1.40277504920959,1.4111624956131,2.3368124961853,3.69146251678467,-5.17329978942871,-3.82208752632141,-3.14517498016357,2.81805014610291,0.45105001330376,-0.50100004673004,-7.9549503326416,-2.54700016975403,2.20905017852783,6.10095024108887,3.24900007247925,0.4279500246048,2.23093748092651,5.84168767929077,23.1533489227295,5.74722480773926,11.8236246109009,20.0404872894287,-1.57052505016327,1.4942125082016,0.97253751754761,-3.74805021286011,-8.45895004272461,-7.32195043563843,4.91700029373169,10.651050567627,25.0260009765625,-2.27295017242432,-2.42895007133484,3.94800019264221,25.2414245605469,24.4087257385254,24.4087257385254,19.8089370727539,17.9224376678467,17.9224376678467,3.51711249351501,3.00231242179871,3.00231242179871,-6.54795026779175,-9.07005023956299,-9.07005023956299,27.4860019683838,19.7329502105713,19.7329502105713,3.96795010566711,-1.71195006370544,-1.71195006370544,12.1217250823975,4.88386249542236,11.7130746841431,5.21537494659424,3.37246251106262,4.97928762435913,3.93002486228943,0.09638749808073,-13.475962638855,-0.5460000038147,-0.5460000038147,19.4490013122559,-32.8099517822266,-32.8099517822266,-77.7289505004883,-5.5009503364563,-5.5009503364563,-9.4750509262085,18.345386505127,17.3333873748779,17.3333873748779,14.4392871856689,14.0963621139526,14.0963621139526,-19.4761867523193,-21.2261505126953,-21.2261505126953,33.6439514160156,27.973051071167,27.973051071167,-42.6520538330078,-11.1450004577637,-11.1450004577637,-12.7080001831055,-15.5920505523682,-15.5920505523682,8.187575340271,8.187575340271,0.8123499751091,10.7012128829956,10.7012128829956,0.65284997224808,-9.68206214904785,-9.68206214904785,-4.68297481536865,7.85895013809204,7.85895013809204,1.21305000782013,-5.7679500579834,-5.7679500579834,-2.13495016098022,-0.91995006799698,-0.91995006799698,-2.2150502204895,-0.512875020504,-4.50986242294312,-4.50986242294312,0.07590000331402,-1.20876252651215,-1.20876252651215,-4.68709993362427,-6.70848751068115,-6.70848751068115,-4.91505002975464,-10.5460500717163,-10.5460500717163,3.16200017929077,10.171950340271,10.171950340271,-6.40395021438599,-5.14695024490356,-5.14695024490356,SHAKE
24.4087257385254,24.4087257385254,12.1217250823975,17.9224376678467,17.9224376678467,5.21537494659424,3.00231242179871,3.00231242179871,3.93002486228943,-9.07005023956299,-9.07005023956299,-0.5460000038147,19.7329502105713,19.7329502105713,-32.8099517822266,-1.71195006370544,-1.71195006370544,-5.5009503364563,4.88386249542236,11.7130746841431,18.345386505127,3.37246251106262,4.97928762435913,14.4392871856689,0.09638749808073,-13.475962638855,-19.4761867523193,-0.5460000038147,19.4490013122559,33.6439514160156,-32.8099517822266,-77.7289505004883,-42.6520538330078,-5.5009503364563,-9.4750509262085,-12.7080001831055,17.3333873748779,17.3333873748779,8.187575340271,14.0963621139526,14.0963621139526,10.7012128829956,-21.2261505126953,-21.2261505126953,-9.68206214904785,27.973051071167,27.973051071167,7.85895013809204,-11.1450004577637,-11.1450004577637,-5.7679500579834,-15.5920505523682,-15.5920505523682,-0.91995006799698,8.187575340271,0.8123499751091,-0.512875020504,10.7012128829956,0.65284997224808,0.07590000331402,-9.68206214904785,-4.68297481536865,-4.68709993362427,7.85895013809204,1.21305000782013,-4.91505002975464,-5.7679500579834,-2.13495016098022,3.16200017929077,-0.91995006799698,-2.2150502204895,-6.40395021438599,-4.50986242294312,-4.50986242294312,-24.7373504638672,-1.20876252651215,-1.20876252651215,-22.1016120910645,-6.70848751068115,-6.70848751068115,1.18978750705719,-10.5460500717163,-10.5460500717163,-6.41700029373169,10.171950340271,10.171950340271,26.5110015869141,-5.14695024490356,-5.14695024490356,3.71400022506714,-24.7373504638672,-24.4605617523193,-21.0205879211426,-22.1016120910645,-22.9571380615234,-21.0634880065918,1.18978750705719,2.47802495956421,4.77950000762939,-6.41700029373169,-8.8210506439209,-8.19105052947998,26.5110015869141,17.965051651001,6.15300035476685,3.71400022506714,-0.2710500061512,-4.22504997253418,-9.83166217803955,-9.83166217803955,-2.03142499923706,-13.9525375366211,-13.9525375366211,-0.44714999198914,2.04929995536804,2.04929995536804,-2.50524997711182,1.06005001068115,1.06005001068115,17.8129501342773,-11.5710000991821,-11.5710000991821,-39.5830535888672,-1.10699999332428,-1.10699999332428,-3.07005023956299,15.9821748733521,15.9821748733521,17.0530242919922,15.3564128875732,15.3564128875732,16.4055366516113,-7.07726240158081,-7.07726240158081,-7.09348726272583,28.6980018615723,28.6980018615723,20.4139518737793,-31.5460510253906,-31.5460510253906,-17.6430015563965,-4.58205032348633,-4.58205032348633,7.48095035552979,17.9557132720947,3.03819990158081,3.03819990158081,17.2889747619629,3.78317499160767,3.78317499160767,-7.08207511901855,-1.13024997711182,-1.13024997711182,11.7220506668091,3.62505006790161,3.62505006790161,-12.6420001983643,-8.03205013275146,-8.03205013275146,10.0560007095337,4.84905004501343,4.84905004501343,1.69881248474121,1.2838374376297,1.65288746356964,2.76897501945496,2.59118747711182,3.57307505607605,-1.5382125377655,-1.40799999237061,-1.08638751506805,-2.50500011444092,-8.66805076599121,-11.6620502471924,-1.87200009822845,5.72700023651123,17.3260517120361,-1.95405006408691,-6.55005025863647,-5.45100021362305,SHAKE
-24.7373504638672,-24.4605617523193,-21.0205879211426,-22.1016120910645,-22.9571380615234,-21.0634880065918,1.18978750705719,2.47802495956421,4.77950000762939,-6.41700029373169,-8.8210506439209,-8.19105052947998,26.5110015869141,17.965051651001,6.15300035476685,3.71400022506714,-0.2710500061512,-4.22504997253418,-9.83166217803955,-9.83166217803955,-2.03142499923706,-13.9525375366211,-13.9525375366211,-0.44714999198914,2.04929995536804,2.04929995536804,-2.50524997711182,1.06005001068115,1.06005001068115,17.8129501342773,-11.5710000991821,-11.5710000991821,-39.5830535888672,-1.10699999332428,-1.10699999332428,-3.07005023956299,15.9821748733521,15.9821748733521,17.0530242919922,15.3564128875732,15.3564128875732,16.4055366516113,-7.07726240158081,-7.07726240158081,-7.09348726272583,28.6980018615723,28.6980018615723,20.4139518737793,-31.5460510253906,-31.5460510253906,-17.6430015563965,-4.58205032348633,-4.58205032348633,7.48095035552979,17.9557132720947,3.03819990158081,3.03819990158081,17.2889747619629,3.78317499160767,3.78317499160767,-7.08207511901855,-1.13024997711182,-1.13024997711182,11.7220506668091,3.62505006790161,3.62505006790161,-12.6420001983643,-8.03205013275146,-8.03205013275146,10.0560007095337,4.84905004501343,4.84905004501343,1.69881248474121,1.2838374376297,1.65288746356964,2.76897501945496,2.59118747711182,3.57307505607605,-1.5382125377655,-1.40799999237061,-1.08638751506805,-2.50500011444092,-8.66805076599121,-11.6620502471924,-1.87200009822845,5.72700023651123,17.3260517120361,-1.95405006408691,-6.55005025863647,-5.45100021362305,12.7168245315552,12.7168245315552,14.5846252441406,11.8964996337891,11.8964996337891,13.9420871734619,-4.38968753814697,-4.38968753814697,-4.05019998550415,-7.4850001335144,-7.4850001335144,-7.55700016021729,30.35205078125,30.35205078125,18.5950508117676,-1.8229501247406,-1.8229501247406,-3.79905009269714,14.6282119750977,13.6811122894287,2.38645005226135,13.9026250839233,12.2542753219604,3.16978740692139,-3.72129988670349,-3.6788125038147,-0.79309999942779,-7.55700016021729,-6.80205011367798,-2.91300010681152,18.5950508117676,5.68395042419434,-27.1219520568848,-3.79905009269714,-5.7049503326416,0.07800000160933,3.70039987564087,3.70039987564087,16.9962368011475,3.15301251411438,3.15301251411438,12.6153497695923,-6.86001253128052,-6.86001253128052,-14.5066623687744,16.1410503387451,16.1410503387451,34.3000526428223,-61.3180541992188,-61.3180541992188,-28.7149505615234,-3.24795007705688,-3.24795007705688,-1.12995004653931,17.4013118743896,17.4989376068115,14.7148370742798,14.5679874420166,15.1519498825073,13.0539751052856,-16.7525882720947,-16.8619003295898,-11.0911626815796,30.6049518585205,18.6820507049561,8.57505035400391,-21.2020511627197,-15.7819509506226,-12.5269508361816,-4.41195011138916,-4.20105028152466,-2.14095020294189,0.9590625166893,0.9590625166893,-0.26124998927116,2.85202503204346,2.85202503204346,0.4478375017643,-4.13751268386841,-4.13751268386841,-3.28734993934631,1.82100009918213,1.82100009918213,-3.35295009613037,-6.48705053329468,-6.48705053329468,-0.44595003128052,-2.50305008888245,-2.50305008888245,-5.57805013656616,SHAKE
14.5846252441406,14.6282119750977,13.6811122894287,13.9420871734619,13.9026250839233,12.2542753219604,-4.05019998550415,-3.72129988670349,-3.6788125038147,-7.55700016021729,-7.55700016021729,-6.80205011367798,18.5950508117676,18.5950508117676,5.68395042419434,-3.79905009269714,-3.79905009269714,-5.7049503326416,2.38645005226135,3.70039987564087,3.70039987564087,3.16978740692139,3.15301251411438,3.15301251411438,-0.79309999942779,-6.86001253128052,-6.86001253128052,-2.91300010681152,16.1410503387451,16.1410503387451,-27.1219520568848,-61.3180541992188,-61.3180541992188,0.07800000160933,-3.24795007705688,-3.24795007705688,16.9962368011475,17.4013118743896,17.4989376068115,12.6153497695923,14.5679874420166,15.1519498825073,-14.5066623687744,-16.7525882720947,-16.8619003295898,34.3000526428223,30.6049518585205,18.6820507049561,-28.7149505615234,-21.2020511627197,-15.7819509506226,-1.12995004653931,-4.41195011138916,-4.20105028152466,14.7148370742798,0.9590625166893,0.9590625166893,13.0539751052856,2.85202503204346,2.85202503204346,-11.0911626815796,-4.13751268386841,-4.13751268386841,8.57505035400391,1.82100009918213,1.82100009918213,-12.5269508361816,-6.48705053329468,-6.48705053329468,-2.14095020294189,-2.50305008888245,-2.50305008888245,-0.26124998927116,-1.8712375164032,-6.85203742980957,0.4478375017643,-1.03317499160767,-5.65551233291626,-3.28734993934631,-3.60662508010864,-2.70957493782043,-3.35295009613037,-9.05100059509277,-8.77995014190674,-0.44595003128052,6.12405014038086,21.7300510406494,-5.57805013656616,-7.51995038986206,-2.34000015258789,-22.2421379089355,-24.6221256256104,-24.6221256256104,-17.2243499755859,-21.3509998321533,-21.3509998321533,4.34981250762939,6.84942483901978,6.84942483901978,-3.93495011329651,-4.921950340271,-4.921950340271,30.2280006408691,22.9399509429932,22.9399509429932,1.70205008983612,-0.68700003623962,-0.68700003623962,-23.8425006866455,-19.426549911499,-4.39230012893677,-20.7538375854492,-16.6729755401611,-5.88940000534058,8.15718746185303,7.56098747253418,0.40328750014305,-5.32695007324219,-2.54595017433167,5.82105016708374,14.0880002975464,-6.13695049285889,-44.8500022888184,-2.44800019264221,-1.50705003738403,1.95600008964539,4.0875997543335,4.75227499008179,4.46902513504028,1.3446124792099,3.3659999370575,3.19728755950928,-5.13892507553101,-7.57501268386841,-8.63678741455078,22.7539520263672,31.1080513000488,25.4190006256104,-58.8079528808594,-36.6949501037598,-16.4119510650635,-5.20395040512085,-16.2499504089355,-19.8160514831543,4.46902513504028,-0.57859998941421,-0.57859998941421,3.19728755950928,0.20460000634193,0.20460000634193,-8.63678741455078,-4.19154977798462,-4.19154977798462,25.4190006256104,3.6820502281189,3.6820502281189,-16.4119510650635,-8.28105068206787,-8.28105068206787,-19.8160514831543,-7.50600051879883,-7.50600051879883,-1.46272504329681,-2.98361253738403,-2.98361253738403,-1.77292501926422,-2.50552487373352,-2.50552487373352,-2.69720005989075,-2.50016260147095,-2.50016260147095,-3.74100017547607,-10.3039503097534,-10.3039503097534,-2.33895015716553,2.10105013847351,2.10105013847351,-5.48700046539307,-6.64395046234131,-6.64395046234131,SHAKE
-24.6221256256104,-23.8425006866455,-19.426549911499,-21.3509998321533,-20.7538375854492,-16.6729755401611,6.84942483901978,8.15718746185303,7.56098747253418,-4.921950340271,-5.32695007324219,-2.54595017433167,22.9399509429932,14.0880002975464,-6.13695049285889,-0.68700003623962,-2.44800019264221,-1.50705003738403,-4.39230012893677,4.0875997543335,4.75227499008179,-5.88940000534058,1.3446124792099,3.3659999370575,0.40328750014305,-5.13892507553101,-7.57501268386841,5.82105016708374,22.7539520263672,31.1080513000488,-44.8500022888184,-58.8079528808594,-36.6949501037598,1.95600008964539,-5.20395040512085,-16.2499504089355,4.46902513504028,4.46902513504028,-0.57859998941421,3.19728755950928,3.19728755950928,0.20460000634193,-8.63678741455078,-8.63678741455078,-4.19154977798462,25.4190006256104,25.4190006256104,3.6820502281189,-16.4119510650635,-16.4119510650635,-8.28105068206787,-19.8160514831543,-19.8160514831543,-7.50600051879883,-0.57859998941421,-1.46272504329681,-2.98361253738403,0.20460000634193,-1.77292501926422,-2.50552487373352,-4.19154977798462,-2.69720005989075,-2.50016260147095,3.6820502281189,-3.74100017547607,-10.3039503097534,-8.28105068206787,-2.33895015716553,2.10105013847351,-7.50600051879883,-5.48700046539307,-6.64395046234131,-2.98361253738403,-6.43431234359741,-14.2576503753662,-2.50552487373352,-4.94780015945435,-12.1456499099731,-2.50016260147095,-1.39919996261597,3.81947493553162,-10.3039503097534,-15.0750007629395,-9.40305042266846,2.10105013847351,9.77700042724609,28.4010009765625,-6.64395046234131,-2.85300016403198,6.73395013809204,-20.4081630706787,-19.8493633270264,-16.7429618835449,-21.0720119476318,-21.5727882385254,-18.5810623168945,11.0118246078491,13.0073623657227,12.8884248733521,-6.46200037002563,-9.03900051116943,-7.91100025177002,31.4779510498047,22.8730506896973,12.9340505599976,6.40095043182373,-0.62295001745224,-4.17705011367798,-16.7429618835449,-9.1463623046875,-2.15572500228882,-18.5810623168945,-11.0463371276855,-1.34928750991821,12.8884248733521,8.34652519226074,1.44141244888306,-7.91100025177002,-1.9980001449585,9.58095073699951,12.9340505599976,-7.13295030593872,-47.0340003967285,-4.17705011367798,-4.06695032119751,-6.39705038070679,9.3938627243042,12.9787626266479,13.7622375488281,8.83121204376221,13.0510873794556,13.9579000473022,-6.22173738479614,-8.09049987792969,-9.14292526245117,30.1620006561279,34.8580513000488,22.9309501647949,-51.3529510498047,-26.7799510955811,-16.1700000762939,-13.9750509262085,-12.1909503936768,-6.48600053787231,13.7622375488281,14.4435501098633,4.80259990692139,13.9579000473022,14.3144378662109,6.39966249465942,-9.14292526245117,-8.80151271820068,-2.38328742980957,22.9309501647949,6.98505020141602,4.14495038986206,-16.1700000762939,-10.3740005493164,-7.52895021438599,-6.48600053787231,3.3880500793457,3.93900012969971,1.40291249752045,0.41964998841286,-0.65326249599457,2.57537508010864,2.11186242103577,1.50919997692108,-1.99402499198914,-2.57193756103516,-2.32966256141663,-0.4240500330925,-5.29800033569336,-7.79805040359497,-2.01300001144409,2.56800007820129,10.6800003051758,0.90405005216599,-3.64500021934509,-3.43695020675659,SHAKE
-16.7429618835449,-16.7429618835449,-9.1463623046875,-18.5810623168945,-18.5810623168945,-11.0463371276855,12.8884248733521,12.8884248733521,8.34652519226074,-7.91100025177002,-7.91100025177002,-1.9980001449585,12.9340505599976,12.9340505599976,-7.13295030593872,-4.17705011367798,-4.17705011367798,-4.06695032119751,-2.15572500228882,9.3938627243042,12.9787626266479,-1.34928750991821,8.83121204376221,13.0510873794556,1.44141244888306,-6.22173738479614,-8.09049987792969,9.58095073699951,30.1620006561279,34.8580513000488,-47.0340003967285,-51.3529510498047,-26.7799510955811,-6.39705038070679,-13.9750509262085,-12.1909503936768,13.7622375488281,13.7622375488281,14.4435501098633,13.9579000473022,13.9579000473022,14.3144378662109,-9.14292526245117,-9.14292526245117,-8.80151271820068,22.9309501647949,22.9309501647949,6.98505020141602,-16.1700000762939,-16.1700000762939,-10.3740005493164,-6.48600053787231,-6.48600053787231,3.3880500793457,4.80259990692139,1.40291249752045,0.41964998841286,6.39966249465942,2.57537508010864,2.11186242103577,-2.38328742980957,-1.99402499198914,-2.57193756103516,4.14495038986206,-0.4240500330925,-5.29800033569336,-7.52895021438599,-2.01300001144409,2.56800007820129,3.93900012969971,0.90405005216599,-3.64500021934509,-0.65326249599457,-0.65326249599457,-12.4998502731323,1.50919997692108,1.50919997692108,-2.52958750724792,-2.32966256141663,-2.32966256141663,-2.578125,-7.79805040359497,-7.79805040359497,-6.20100021362305,10.6800003051758,10.6800003051758,21.6060009002686,-3.43695020675659,-3.43695020675659,0.48000001907349,-17.5652122497559,-16.8840370178223,-16.3271617889404,-14.4538621902466,-14.2682371139526,-13.7917995452881,-3.10076236724854,-1.78777503967285,-2.13097500801086,-4.33004999160767,-7.0339503288269,-7.85400056838989,25.7130012512207,19.8049507141113,11.1130504608154,4.12305021286011,1.4190000295639,-0.89100003242493,-5.08199977874756,-5.08199977874756,-0.6707249879837,-10.4359750747681,-10.4359750747681,-0.02626249939203,-2.21608757972717,-2.21608757972717,-2.55241250991821,-5.43000030517578,-5.43000030517578,6.49200010299683,-9.00900077819824,-9.00900077819824,-39.6580505371094,-0.28305000066757,-0.28305000066757,1.57500004768372,-0.83572500944138,-3.54062509536743,-4.22468757629395,-0.35901248455048,-0.73149996995926,-1.19377493858337,-8.41788768768311,-13.1461000442505,-14.2759370803833,24.715051651001,31.0549507141113,25.5580520629883,-52.1290512084961,-31.1340007781982,-14.8930511474609,-9.76200008392334,-17.1460514068604,-21.7320003509521,-3.67537498474121,-3.67537498474121,-3.94638752937317,-0.7625749707222,-0.7625749707222,-1.71214997768402,-13.3517999649048,-13.3517999649048,-8.47467517852783,16.9360504150391,16.9360504150391,9.04995059967041,-11.157000541687,-11.157000541687,-7.1980504989624,-18.7579517364502,-18.7579517364502,-13.4940004348755,-2.30518746376038,-3.34317493438721,-5.62801265716553,-2.70586252212524,-3.40848755836487,-4.89554977416992,-4.76849985122681,-4.41608762741089,-3.76048755645752,1.32795011997223,-5.00595045089722,-9.11100006103516,-3.23205018043518,0.73095005750656,5.02995014190674,-10.2030000686646,-8.29200077056885,-5.64300012588501,SHAKE
-5.08199977874756,-5.08199977874756,-0.6707249879837,-10.4359750747681,-10.4359750747681,-0.02626249939203,-2.21608757972717,-2.21608757972717,-2.55241250991821,-5.43000030517578,-5.43000030517578,6.49200010299683,-9.00900077819824,-9.00900077819824,-39.6580505371094,-0.28305000066757,-0.28305000066757,1.57500004768372,-0.83572500944138,-3.54062509536743,-4.22468757629395,-0.35901248455048,-0.73149996995926,-1.19377493858337,-8.41788768768311,-13.1461000442505,-14.2759370803833,24.715051651001,31.0549507141113,25.5580520629883,-52.1290512084961,-31.1340007781982,-14.8930511474609,-9.76200008392334,-17.1460514068604,-21.7320003509521,-3.67537498474121,-3.67537498474121,-3.94638752937317,-0.7625749707222,-0.7625749707222,-1.71214997768402,-13.3517999649048,-13.3517999649048,-8.47467517852783,16.9360504150391,16.9360504150391,9.04995059967041,-11.157000541687,-11.157000541687,-7.1980504989624,-18.7579517364502,-18.7579517364502,-13.4940004348755,-2.30518746376038,-3.34317493438721,-5.62801265716553,-2.70586252212524,-3.40848755836487,-4.89554977416992,-4.76849985122681,-4.41608762741089,-3.76048755645752,1.32795011997223,-5.00595045089722,-9.11100006103516,-3.23205018043518,0.73095005750656,5.02995014190674,-10.2030000686646,-8.29200077056885,-5.64300012588501,-8.87837505340576,-8.87837505340576,-15.1867370605469,-8.17808723449707,-8.17808723449707,-15.2920627593994,-0.96263748407364,-0.96263748407364,6.34700012207031,-12.3660001754761,-12.3660001754761,-7.57800054550171,11.5110006332397,11.5110006332397,26.041051864624,-0.60795003175735,-0.60795003175735,9.51900005340576,-18.2852993011475,-17.6096248626709,-15.0995626449585,-22.766149520874,-22.4914245605469,-18.7351989746094,12.0195627212524,12.6626501083374,10.8381624221802,-5.89695024490356,-10.4929504394531,-10.0020008087158,30.1699504852295,20.0440502166748,9.55200004577637,11.5759506225586,4.05105018615723,-0.26295000314713,-8.68807506561279,-8.68807506561279,-6.20881223678589,-10.8171253204346,-10.8171253204346,-2.90523743629456,4.20681238174438,4.20681238174438,-3.72129988670349,-6.44295024871826,-6.44295024871826,6.81300020217896,-17.0320510864258,-17.0320510864258,-53.0479507446289,-1.47495007514954,-1.47495007514954,-2.02905011177063,-11.5637502670288,-15.1835746765137,-15.5812244415283,-3.71868753433228,-5.37569999694824,-5.83673763275146,-9.92323780059814,-15.7063503265381,-17.0464248657227,25.4629516601562,34.3290023803711,23.9749507904053,-50.9479522705078,-26.9860515594482,-17.0200500488281,-11.8150501251221,-21.0979518890381,-24.1249504089355,-13.1896877288818,-13.1896877288818,-5.98070001602173,-5.64629983901978,-5.64629983901978,-3.48081254959106,-14.4383249282837,-14.4383249282837,-9.49740028381348,11.8330507278442,11.8330507278442,4.45605039596558,-13.0039510726929,-13.0039510726929,-6.22305011749268,-15.9130506515503,-15.9130506515503,-7.68795013427734,-2.5647873878479,-3.59754991531372,-6.38797473907471,-2.06318759918213,-2.37833738327026,-3.94391250610352,-5.16216230392456,-4.52320003509521,-3.18133759498596,-0.83400005102158,-5.03505039215088,-9.15900039672852,-0.60195004940033,3.88500022888184,8.47200012207031,-5.10405015945435,-5.3860502243042,-3.97800016403198,SHAKE
-15.0995626449585,-8.68807506561279,-8.68807506561279,-18.7351989746094,-10.8171253204346,-10.8171253204346,10.8381624221802,4.20681238174438,4.20681238174438,-10.0020008087158,-6.44295024871826,-6.44295024871826,9.55200004577637,-17.0320510864258,-17.0320510864258,-0.26295000314713,-1.47495007514954,-1.47495007514954,-6.20881223678589,-11.5637502670288,-15.1835746765137,-2.90523743629456,-3.71868753433228,-5.37569999694824,-3.72129988670349,-9.92323780059814,-15.7063503265381,6.81300020217896,25.4629516601562,34.3290023803711,-53.0479507446289,-50.9479522705078,-26.9860515594482,-2.02905011177063,-11.8150501251221,-21.0979518890381,-15.5812244415283,-13.1896877288818,-13.1896877288818,-5.83673763275146,-5.64629983901978,-5.64629983901978,-17.0464248657227,-14.4383249282837,-14.4383249282837,23.9749507904053,11.8330507278442,11.8330507278442,-17.0200500488281,-13.0039510726929,-13.0039510726929,-24.1249504089355,-15.9130506515503,-15.9130506515503,-5.98070001602173,-2.5647873878479,-3.59754991531372,-3.48081254959106,-2.06318759918213,-2.37833738327026,-9.49740028381348,-5.16216230392456,-4.52320003509521,4.45605039596558,-0.83400005102158,-5.03505039215088,-6.22305011749268,-0.60195004940033,3.88500022888184,-7.68795013427734,-5.10405015945435,-5.3860502243042,-6.38797473907471,-12.138087272644,-12.138087272644,-3.94391250610352,-8.66648769378662,-8.66648769378662,-3.18133759498596,1.10316252708435,1.10316252708435,-9.15900039672852,-8.54805088043213,-8.54805088043213,8.47200012207031,16.5739517211914,16.5739517211914,-3.97800016403198,2.42295002937317,2.42295002937317,-19.9853496551514,-20.8696117401123,-18.8024368286133,-18.6654872894287,-21.3395881652832,-19.3837871551514,9.75535011291504,12.2055997848511,11.7832002639771,-4.63500022888184,-6.04800033569336,-8.72504997253418,22.8610515594482,21.0889511108398,13.2400503158569,6.53700017929077,3.64695024490356,-0.91305005550384,-13.2757625579834,-4.45499992370605,-4.45499992370605,-13.9990119934082,-3.45798754692078,-3.45798754692078,7.92838764190674,-0.23594999313355,-0.23594999313355,-6.9529504776001,4.0969500541687,4.0969500541687,-2.15700006484985,-25.4910011291504,-25.4910011291504,-4.65405035018921,-4.87200021743774,-4.87200021743774,3.15177488327026,12.5982999801636,13.03431224823,3.77437496185303,12.2401123046875,12.2643127441406,-8.95042514801025,-14.0867376327515,-14.8424377441406,21.457950592041,28.5930004119873,29.1390018463135,-43.138053894043,-43.3579521179199,-27.984001159668,-7.47705030441284,-12.9160509109497,-12.492000579834,13.5496625900269,9.59351253509521,9.59351253509521,12.1763124465942,8.64256286621094,8.64256286621094,-14.672212600708,-7.68074989318848,-7.68074989318848,18.3420009613037,9.43305015563965,9.43305015563965,-18.3469505310059,-13.0560007095337,-13.0560007095337,-7.11600017547607,0.10395000129938,0.10395000129938,1.18428754806519,0.62603747844696,-0.58464998006821,0.70248746871948,0.69561249017715,0.74470001459122,-3.0940248966217,-2.24908757209778,-1.5827624797821,3.36900019645691,-0.96795004606247,-6.20595026016235,-8.3929500579834,-2.67405009269714,2.9389500617981,0.95895004272461,-2.00505018234253,-4.95795011520386,SHAKE
-13.2757625579834,-4.45499992370605,-4.45499992370605,-13.9990119934082,-3.45798754692078,-3.45798754692078,7.92838764190674,-0.23594999313355,-0.23594999313355,-6.9529504776001,4.0969500541687,4.0969500541687,-2.15700006484985,-25.4910011291504,-25.4910011291504,-4.65405035018921,-4.87200021743774,-4.87200021743774,3.15177488327026,12.5982999801636,13.03431224823,3.77437496185303,12.2401123046875,12.2643127441406,-8.95042514801025,-14.0867376327515,-14.8424377441406,21.457950592041,28.5930004119873,29.1390018463135,-43.138053894043,-43.3579521179199,-27.984001159668,-7.47705030441284,-12.9160509109497,-12.492000579834,13.5496625900269,9.59351253509521,9.59351253509521,12.1763124465942,8.64256286621094,8.64256286621094,-14.672212600708,-7.68074989318848,-7.68074989318848,18.3420009613037,9.43305015563965,9.43305015563965,-18.3469505310059,-13.0560007095337,-13.0560007095337,-7.11600017547607,0.10395000129938,0.10395000129938,1.18428754806519,0.62603747844696,-0.58464998006821,0.70248746871948,0.69561249017715,0.74470001459122,-3.0940248966217,-2.24908757209778,-1.5827624797821,3.36900019645691,-0.96795004606247,-6.20595026016235,-8.3929500579834,-2.67405009269714,2.9389500617981,0.95895004272461,-2.00505018234253,-4.95795011520386,-2.46661257743835,-14.49524974823,-14.49524974823,-0.28929999470711,-9.19338703155518,-9.19338703155518,0.27321249246597,6.10417509078979,6.10417509078979,-9.38895034790039,-6.26100015640259,-6.26100015640259,11.8630504608154,23.2339515686035,23.2339515686035,-3.23295021057129,4.17795038223267,4.17795038223267,-21.8943996429443,-21.3287258148193,-19.8701248168945,-15.9319877624512,-15.554274559021,-14.1431121826172,11.6734752655029,11.9642877578735,10.307412147522,-4.55595016479492,-7.96905040740967,-6.21495008468628,24.1489505767822,15.0870008468628,2.50305008888245,5.62500047683716,-0.30195000767708,-4.11899995803833,-8.01459980010986,0.06971249729395,0.06971249729395,-5.60037517547607,0.52153748273849,0.52153748273849,5.52777481079102,3.48947501182556,3.48947501182556,5.43495035171509,20.0020503997803,20.0020503997803,-7.15500020980835,-26.6980514526367,-26.6980514526367,-3.50595021247864,-4.84995031356812,-4.84995031356812,16.2871494293213,18.547924041748,19.5043754577637,12.6366624832153,11.8375120162964,12.2623872756958,7.3492374420166,11.4790496826172,11.0618753433228,29.9530506134033,27.1390514373779,18.5790004730225,-44.2249526977539,-39.5929527282715,-22.5450019836426,-14.0800504684448,-12.0280504226685,-0.4650000333786,20.120512008667,4.67005014419556,4.67005014419556,13.2750749588013,1.29346251487732,1.29346251487732,7.64733743667603,3.69709992408752,3.69709992408752,10.1920509338379,3.00195002555847,3.00195002555847,-13.9690504074097,-9.47805023193359,-9.47805023193359,7.41600036621094,5.72295045852661,5.72295045852661,2.3559250831604,1.52061247825623,1.27435004711151,1.79643750190735,1.89433753490448,2.0520498752594,0.36684998869896,0.94421249628067,2.75398755073547,-2.87895011901855,-8.04495048522949,-9.88500022888184,-3.69405007362366,2.68005013465881,13.9030504226685,-0.48900002241135,-5.66205024719238,-4.97205018997192,SHAKE
-21.8943996429443,-21.3287258148193,-19.8701248168945,-15.9319877624512,-15.554274559021,-14.1431121826172,11.6734752655029,11.9642877578735,10.307412147522,-4.55595016479492,-7.96905040740967,-6.21495008468628,24.1489505767822,15.0870008468628,2.50305008888245,5.62500047683716,-0.30195000767708,-4.11899995803833,-8.01459980010986,0.06971249729395,0.06971249729395,-5.60037517547607,0.52153748273849,0.52153748273849,5.52777481079102,3.48947501182556,3.48947501182556,5.43495035171509,20.0020503997803,20.0020503997803,-7.15500020980835,-26.6980514526367,-26.6980514526367,-3.50595021247864,-4.84995031356812,-4.84995031356812,16.2871494293213,18.547924041748,19.5043754577637,12.6366624832153,11.8375120162964,12.2623872756958,7.3492374420166,11.4790496826172,11.0618753433228,29.9530506134033,27.1390514373779,18.5790004730225,-44.2249526977539,-39.5929527282715,-22.5450019836426,-14.0800504684448,-12.0280504226685,-0.4650000333786,20.120512008667,4.67005014419556,4.67005014419556,13.2750749588013,1.29346251487732,1.29346251487732,7.64733743667603,3.69709992408752,3.69709992408752,10.1920509338379,3.00195002555847,3.00195002555847,-13.9690504074097,-9.47805023193359,-9.47805023193359,7.41600036621094,5.72295045852661,5.72295045852661,2.3559250831604,1.52061247825623,1.27435004711151,1.79643750190735,1.89433753490448,2.0520498752594,0.36684998869896,0.94421249628067,2.75398755073547,-2.87895011901855,-8.04495048522949,-9.88500022888184,-3.69405007362366,2.68005013465881,13.9030504226685,-0.48900002241135,-5.66205024719238,-4.97205018997192,4.12307500839233,7.51203727722168,7.51203727722168,4.11056232452393,6.19396257400513,6.19396257400513,4.5769624710083,10.2728996276855,10.2728996276855,-5.62395048141479,-5.04195022583008,-5.04195022583008,28.5970516204834,27.6559505462646,27.6559505462646,1.17300009727478,1.05300009250641,1.05300009250641,8.20765018463135,7.93540000915527,4.75653743743896,6.90318727493286,6.67700004577637,3.98021245002747,9.968337059021,8.38681221008301,6.51736259460449,-8.08605003356934,-7.18095016479492,1.54605007171631,17.4769515991211,5.15205001831055,-16.2460498809814,-3.78405022621155,-5.56095027923584,-2.20305013656616,2.72621250152588,19.2208499908447,19.2208499908447,3.70342493057251,14.8119125366211,14.8119125366211,1.01722502708435,-1.60008752346039,-1.60008752346039,19.9039516448975,32.9230499267578,32.9230499267578,-43.4370002746582,-46.6990509033203,-46.6990509033203,-4.73295021057129,-14.0179510116577,-14.0179510116577,20.6578617095947,21.057300567627,20.1950378417969,15.5530376434326,16.001012802124,14.372462272644,-1.27435004711151,-1.69028747081757,-2.55268740653992,33.3949508666992,19.8679504394531,8.45100021362305,-31.8790512084961,-18.2820014953613,-11.0040006637573,-14.4130506515503,-8.04300022125244,0.47595003247261,12.2685747146606,0.72283750772476,0.72283750772476,6.03432512283325,1.08556246757507,1.08556246757507,1.5361499786377,-1.30542504787445,-1.30542504787445,0.87105005979538,-5.14500045776367,-5.14500045776367,-5.15700006484985,0.87900006771088,0.87900006771088,1.54605007171631,-2.35005021095276,-2.35005021095276,SHAKE
19.2208499908447,20.6578617095947,21.057300567627,14.8119125366211,15.5530376434326,16.001012802124,-1.60008752346039,-1.27435004711151,-1.69028747081757,32.9230499267578,33.3949508666992,19.8679504394531,-46.6990509033203,-31.8790512084961,-18.2820014953613,-14.0179510116577,-14.4130506515503,-8.04300022125244,20.1950378417969,12.2685747146606,0.72283750772476,14.372462272644,6.03432512283325,1.08556246757507,-2.55268740653992,1.5361499786377,-1.30542504787445,8.45100021362305,0.87105005979538,-5.14500045776367,-11.0040006637573,-5.15700006484985,0.87900006771088,0.47595003247261,1.54605007171631,-2.35005021095276,0.72283750772476,-0.86624997854233,-4.48470020294189,1.08556246757507,0.34127500653267,-2.10897493362427,-1.30542504787445,-1.27366244792938,-1.39865005016327,-5.14500045776367,-9.95400047302246,-8.49300003051758,0.87900006771088,8.66295051574707,21.0330009460449,-2.35005021095276,-4.51695013046265,1.6519501209259,-20.4191627502441,-20.4960250854492,-19.1406879425049,-16.1453876495361,-16.3259258270264,-15.1901750564575,1.11663746833801,1.28397500514984,1.54577493667603,-6.10995006561279,-8.86395072937012,-9.0799503326416,25.5379505157471,20.7700500488281,12.6130504608154,4.93695020675659,-0.15105000138283,-3.19305014610291,-19.1406879425049,-15.8332624435425,0.00164999999106,-15.1901750564575,-12.7617874145508,0.77123749256134,1.54577493667603,1.75106251239777,-1.10605001449585,-9.0799503326416,-4.69695043563843,8.59005069732666,12.6130504608154,-3.37095022201538,-32.7409515380859,-3.19305014610291,-4.53404998779297,-1.51605010032654,10.4076499938965,15.4053621292114,15.5123376846313,6.31729984283447,14.2902374267578,14.1554870605469,-7.80477476119995,-11.0052251815796,-11.6525745391846,27.2350521087646,35.2219505310059,27.0310516357422,-46.972053527832,-40.4239501953125,-26.4829521179199,-5.85300016403198,-12.9930009841919,-10.06605052948,15.5123376846313,15.9941377639771,6.67933750152588,14.1554870605469,14.5847625732422,9.46605014801025,-11.6525745391846,-11.3430624008179,-4.65822505950928,27.0310516357422,14.3659505844116,5.47905015945435,-26.4829521179199,-18.2680511474609,-9.67695045471191,-10.06605052948,-2.23200011253357,1.28505003452301,1.23021245002747,0.20941250026226,-1.26197504997253,0.81647497415543,0.39393749833107,-0.52483749389648,-1.92761254310608,-1.558424949646,-0.63222497701645,-0.48900002241135,-5.51100015640259,-8.85000038146973,-2.84100008010864,2.11005020141602,7.19700050354004,-0.58905005455017,-4.0639500617981,-4.84500026702881,-1.26197504997253,-4.45926237106323,-19.3638496398926,-0.52483749389648,-4.94188737869263,-16.9331245422363,-0.63222497701645,2.37723755836487,10.6235246658325,-8.85000038146973,-7.55700016021729,-5.27595043182373,7.19700050354004,14.4540004730225,20.4199504852295,-4.84500026702881,-0.60795003175735,3.28500008583069,-19.6260623931885,-19.6260623931885,-17.1289253234863,-17.4261989593506,-17.4261989593506,-13.6996746063232,13.2196626663208,13.2196626663208,10.956000328064,-6.6540002822876,-6.6540002822876,-4.48095035552979,16.9260005950928,16.9260005950928,8.83800029754639,0.18795001506805,0.18795001506805,-0.61800003051758,SHAKE
-19.1406879425049,-19.1406879425049,-15.8332624435425,-15.1901750564575,-15.1901750564575,-12.7617874145508,1.54577493667603,1.54577493667603,1.75106251239777,-9.0799503326416,-9.0799503326416,-4.69695043563843,12.6130504608154,12.6130504608154,-3.37095022201538,-3.19305014610291,-3.19305014610291,-4.53404998779297,0.00164999999106,10.4076499938965,15.4053621292114,0.77123749256134,6.31729984283447,14.2902374267578,-1.10605001449585,-7.80477476119995,-11.0052251815796,8.59005069732666,27.2350521087646,35.2219505310059,-32.7409515380859,-46.972053527832,-40.4239501953125,-1.51605010032654,-5.85300016403198,-12.9930009841919,15.5123376846313,15.5123376846313,15.9941377639771,14.1554870605469,14.1554870605469,14.5847625732422,-11.6525745391846,-11.6525745391846,-11.3430624008179,27.0310516357422,27.0310516357422,14.3659505844116,-26.4829521179199,-26.4829521179199,-18.2680511474609,-10.06605052948,-10.06605052948,-2.23200011253357,6.67933750152588,1.23021245002747,0.20941250026226,9.46605014801025,0.81647497415543,0.39393749833107,-4.65822505950928,-1.92761254310608,-1.558424949646,5.47905015945435,-0.48900002241135,-5.51100015640259,-9.67695045471191,-2.84100008010864,2.11005020141602,1.28505003452301,-0.58905005455017,-4.0639500617981,-1.26197504997253,-1.26197504997253,-4.45926237106323,-0.52483749389648,-0.52483749389648,-4.94188737869263,-0.63222497701645,-0.63222497701645,2.37723755836487,-8.85000038146973,-8.85000038146973,-7.55700016021729,7.19700050354004,7.19700050354004,14.4540004730225,-4.84500026702881,-4.84500026702881,-0.60795003175735,-19.3638496398926,-19.6260623931885,-19.6260623931885,-16.9331245422363,-17.4261989593506,-17.4261989593506,10.6235246658325,13.2196626663208,13.2196626663208,-5.27595043182373,-6.6540002822876,-6.6540002822876,20.4199504852295,16.9260005950928,16.9260005950928,3.28500008583069,0.18795001506805,0.18795001506805,-17.1289253234863,-2.55034995079041,-2.55034995079041,-13.6996746063232,-2.85614991188049,-2.85614991188049,10.956000328064,3.72088742256165,3.72088742256165,-4.48095035552979,1.99605011940002,1.99605011940002,8.83800029754639,-12.1699504852295,-12.1699504852295,-0.61800003051758,1.02900004386902,1.02900004386902,-0.88109999895096,6.45356225967407,7.15714979171753,-2.25527501106262,1.13148748874664,1.54673743247986,2.81146240234375,5.47703742980957,5.13741254806519,19.851001739502,31.1989517211914,30.6670513153076,-40.7400016784668,-46.4310035705566,-31.8310508728027,-7.19505023956299,-24.4270515441895,-21.8470516204834,8.1859245300293,8.6649751663208,8.6649751663208,2.98663759231567,3.98639988899231,3.98639988899231,4.41278743743896,3.19536256790161,3.19536256790161,20.2699508666992,9.47294998168945,9.47294998168945,-17.5849514007568,-11.2480506896973,-11.2480506896973,-5.28105020523071,1.74705004692078,1.74705004692078,1.69922494888306,0.67760002613068,0.67760002613068,0.81840002536774,0.62947499752045,0.62947499752045,-0.21394999325275,-0.72297501564026,-0.72297501564026,1.79295003414154,-4.48605012893677,-4.48605012893677,-6.18300008773804,-0.57300001382828,-0.57300001382828,0.91095006465912,-3.07995009422302,-3.07995009422302,SHAKE
-19.6260623931885,-17.1289253234863,-2.55034995079041,-17.4261989593506,-13.6996746063232,-2.85614991188049,13.2196626663208,10.956000328064,3.72088742256165,-6.6540002822876,-4.48095035552979,1.99605011940002,16.9260005950928,8.83800029754639,-12.1699504852295,0.18795001506805,-0.61800003051758,1.02900004386902,-2.55034995079041,-0.88109999895096,6.45356225967407,-2.85614991188049,-2.25527501106262,1.13148748874664,3.72088742256165,2.81146240234375,5.47703742980957,1.99605011940002,19.851001739502,31.1989517211914,-12.1699504852295,-40.7400016784668,-46.4310035705566,1.02900004386902,-7.19505023956299,-24.4270515441895,7.15714979171753,8.1859245300293,8.6649751663208,1.54673743247986,2.98663759231567,3.98639988899231,5.13741254806519,4.41278743743896,3.19536256790161,30.6670513153076,20.2699508666992,9.47294998168945,-31.8310508728027,-17.5849514007568,-11.2480506896973,-21.8470516204834,-5.28105020523071,1.74705004692078,8.6649751663208,1.69922494888306,0.67760002613068,3.98639988899231,0.81840002536774,0.62947499752045,3.19536256790161,-0.21394999325275,-0.72297501564026,9.47294998168945,1.79295003414154,-4.48605012893677,-11.2480506896973,-6.18300008773804,-0.57300001382828,1.74705004692078,0.91095006465912,-3.07995009422302,0.67760002613068,-1.88374996185303,-1.88374996185303,0.62947499752045,-0.34141248464584,-0.34141248464584,-0.72297501564026,-1.0781375169754,-1.0781375169754,-4.48605012893677,-6.54600048065186,-6.54600048065186,-0.57300001382828,15.9850511550903,15.9850511550903,-3.07995009422302,0.33705002069473,0.33705002069473,-12.4683628082275,-13.1076002120972,-12.2515249252319,-8.23281288146973,-9.15254974365234,-8.54342460632324,-1.74446249008179,-1.87371253967285,-1.73538744449615,-4.41195011138916,-5.34795045852661,-8.6220006942749,23.110050201416,22.8780002593994,13.4530506134033,4.78905010223389,5.01705026626587,-0.74700003862381,-12.2515249252319,-1.18071246147156,-1.18071246147156,-8.54342460632324,-1.6246999502182,-1.6246999502182,-1.73538744449615,-0.39146250486374,-0.39146250486374,-8.50500011444092,3.56700015068054,3.56700015068054,8.21505069732666,-9.12600040435791,-9.12600040435791,-2.38500022888184,1.69200003147125,1.69200003147125,-1.30803751945496,-19.3542251586914,-20.6291255950928,-3.08467507362366,-17.839937210083,-19.1423377990723,0.55288749933243,4.77042484283447,4.0778374671936,15.0709505081177,22.9909515380859,26.2120513916016,-35.2410011291504,-51.901050567627,-37.3200035095215,-0.21300001442432,-17.6029510498047,-22.3980007171631,-20.5283374786377,-19.1928005218506,-1.64601254463196,-18.0091991424561,-15.3559999465942,-1.43398749828339,2.60961246490479,1.41171252727509,-2.92778754234314,23.4870014190674,12.7879505157471,3.49095010757446,-17.2830009460449,-11.4540004730225,-6.85095024108887,-13.5820503234863,-10.4020500183105,-8.81595039367676,-1.64601254463196,-1.46767497062683,-3.12867498397827,-1.43398749828339,-1.13355004787445,-2.44172501564026,-2.92778754234314,-2.30614995956421,-1.67213749885559,3.49095010757446,-4.22504997253418,-10.6650009155273,-6.85095024108887,-1.15305006504059,5.95395040512085,-8.81595039367676,-8.96895027160645,-5.53305006027222,SHAKE
-12.4683628082275,-13.1076002120972,-12.2515249252319,-8.23281288146973,-9.15254974365234,-8.54342460632324,-1.74446249008179,-1.87371253967285,-1.73538744449615,-4.41195011138916,-5.34795045852661,-8.6220006942749,23.110050201416,22.8780002593994,13.4530506134033,4.78905010223389,5.01705026626587,-0.74700003862381,-12.2515249252319,-1.18071246147156,-1.18071246147156,-8.54342460632324,-1.6246999502182,-1.6246999502182,-1.73538744449615,-0.39146250486374,-0.39146250486374,-8.50500011444092,3.56700015068054,3.56700015068054,8.21505069732666,-9.12600040435791,-9.12600040435791,-2.38500022888184,1.69200003147125,1.69200003147125,-1.30803751945496,-19.3542251586914,-20.6291255950928,-3.08467507362366,-17.839937210083,-19.1423377990723,0.55288749933243,4.77042484283447,4.0778374671936,15.0709505081177,22.9909515380859,26.2120513916016,-35.2410011291504,-51.901050567627,-37.3200035095215,-0.21300001442432,-17.6029510498047,-22.3980007171631,-20.5283374786377,-19.1928005218506,-1.64601254463196,-18.0091991424561,-15.3559999465942,-1.43398749828339,2.60961246490479,1.41171252727509,-2.92778754234314,23.4870014190674,12.7879505157471,3.49095010757446,-17.2830009460449,-11.4540004730225,-6.85095024108887,-13.5820503234863,-10.4020500183105,-8.81595039367676,-1.64601254463196,-1.46767497062683,-3.12867498397827,-1.43398749828339,-1.13355004787445,-2.44172501564026,-2.92778754234314,-2.30614995956421,-1.67213749885559,3.49095010757446,-4.22504997253418,-10.6650009155273,-6.85095024108887,-1.15305006504059,5.95395040512085,-8.81595039367676,-8.96895027160645,-5.53305006027222,-17.8150501251221,-17.8150501251221,-23.3528633117676,-12.2610120773315,-12.2610120773315,-21.2029132843018,3.32048749923706,3.32048749923706,6.29942512512207,-5.27895021438599,-5.27895021438599,-6.02100038528442,25.066951751709,25.066951751709,22.7820014953613,13.5859508514404,13.5859508514404,8.13195037841797,-22.6879119873047,-22.6879119873047,-8.70608711242676,-21.1784381866455,-21.1784381866455,-12.1750745773315,6.7979998588562,6.7979998588562,3.72817492485046,-7.24305057525635,-7.24305057525635,4.26705026626587,13.8600006103516,13.8600006103516,-14.3830509185791,-0.36195001006126,-0.36195001006126,-4.29195022583008,-3.70342493057251,-18.4882507324219,-18.4882507324219,-4.67843770980835,-17.3008003234863,-17.3008003234863,1.76907503604889,10.1450252532959,10.1450252532959,15.8029508590698,26.4400520324707,26.4400520324707,-37.7610015869141,-44.1289520263672,-44.1289520263672,-3.07005023956299,-5.39100027084351,-5.39100027084351,-19.1017742156982,-18.7327251434326,-18.7327251434326,-18.6243743896484,-18.1821746826172,-18.1821746826172,9.75920009613037,8.45831203460693,8.45831203460693,28.7509517669678,22.7850017547607,22.7850017547607,-33.412052154541,-20.7709503173828,-20.7709503173828,-12.8299503326416,-12.7060508728027,-12.7060508728027,-0.99357497692108,-0.99357497692108,-0.61943751573563,-2.60809993743896,-2.60809993743896,-1.49641251564026,-1.51469993591309,-1.51469993591309,-2.06305003166199,5.10495042800903,5.10495042800903,-1.31295001506805,-5.83500051498413,-5.83500051498413,-0.25995001196861,-7.19895029067993,-7.19895029067993,-9.00795078277588,SHAKE
-23.3528633117676,-22.6879119873047,-22.6879119873047,-21.2029132843018,-21.1784381866455,-21.1784381866455,6.29942512512207,6.7979998588562,6.7979998588562,-6.02100038528442,-7.24305057525635,-7.24305057525635,22.7820014953613,13.8600006103516,13.8600006103516,8.13195037841797,-0.36195001006126,-0.36195001006126,-8.70608711242676,-3.70342493057251,-18.4882507324219,-12.1750745773315,-4.67843770980835,-17.3008003234863,3.72817492485046,1.76907503604889,10.1450252532959,4.26705026626587,15.8029508590698,26.4400520324707,-14.3830509185791,-37.7610015869141,-44.1289520263672,-4.29195022583008,-3.07005023956299,-5.39100027084351,-18.4882507324219,-19.1017742156982,-18.7327251434326,-17.3008003234863,-18.6243743896484,-18.1821746826172,10.1450252532959,9.75920009613037,8.45831203460693,26.4400520324707,28.7509517669678,22.7850017547607,-44.1289520263672,-33.412052154541,-20.7709503173828,-5.39100027084351,-12.8299503326416,-12.7060508728027,-18.7327251434326,-0.99357497692108,-0.99357497692108,-18.1821746826172,-2.60809993743896,-2.60809993743896,8.45831203460693,-1.51469993591309,-1.51469993591309,22.7850017547607,5.10495042800903,5.10495042800903,-20.7709503173828,-5.83500051498413,-5.83500051498413,-12.7060508728027,-7.19895029067993,-7.19895029067993,-0.61943751573563,-2.37366247177124,-6.33352518081665,-1.49641251564026,-2.59393739700317,-4.90668725967407,-2.06305003166199,-1.93435001373291,-1.74405002593994,-1.31295001506805,-8.18400001525879,-9.82500076293945,-0.25995001196861,5.68095016479492,15.6330003738403,-9.00795078277588,-9.59205055236816,-0.87195003032684,-10.6030378341675,-18.058012008667,-24.7896003723145,-6.82398748397827,-10.7531871795654,-20.6724376678467,-1.40456247329712,1.70334994792938,5.88403749465942,-5.93295049667358,-5.93295049667358,-7.74600028991699,26.3460006713867,26.3460006713867,24.7819519042969,9.03495025634766,9.03495025634766,6.75495052337646,-24.7134246826172,-21.720874786377,-10.9322128295898,-21.0522117614746,-18.9403495788574,-13.3691253662109,6.06993722915649,6.06815004348755,2.18473744392395,-8.73000049591064,-5.82000017166138,1.29195010662079,18.4879512786865,6.07695007324219,-29.7450008392334,2.35995006561279,-2.43600010871887,-3.20505023002625,-6.75675010681152,-8.16557502746582,-8.16557502746582,-4.05927515029907,-3.78014993667603,-3.78014993667603,-6.28182506561279,-8.9700870513916,-8.9700870513916,19.0870513916016,32.4370498657227,32.4370498657227,-51.6040534973145,-40.3519515991211,-40.3519515991211,-7.20900011062622,-11.1250505447388,-11.1250505447388,-8.21878719329834,-7.12744998931885,-3.39350008964539,-3.72583746910095,-3.22313737869263,-1.84937500953674,-10.3611745834351,-9.956787109375,-5.05931234359741,27.4030513763428,14.368950843811,4.36005020141602,-26.7100505828857,-19.992000579834,-12.3430509567261,-11.3020505905151,-3.95400023460388,1.78995013237,-3.39350008964539,-0.16060000658035,0.02186249941587,-1.84937500953674,-0.06448750197887,0.37358748912811,-5.05931234359741,-2.31261253356934,-1.10233747959137,4.36005020141602,-3.47295022010803,-9.85095024108887,-12.3430509567261,-4.91100025177002,1.25100004673004,1.78995013237,0.15495000779629,-3.6499502658844,SHAKE
-24.7134246826172,-21.720874786377,-10.9322128295898,-21.0522117614746,-18.9403495788574,-13.3691253662109,6.06993722915649,6.06815004348755,2.18473744392395,-8.73000049591064,-5.82000017166138,1.29195010662079,18.4879512786865,6.07695007324219,-29.7450008392334,2.35995006561279,-2.43600010871887,-3.20505023002625,-6.75675010681152,-8.16557502746582,-8.16557502746582,-4.05927515029907,-3.78014993667603,-3.78014993667603,-6.28182506561279,-8.9700870513916,-8.9700870513916,19.0870513916016,32.4370498657227,32.4370498657227,-51.6040534973145,-40.3519515991211,-40.3519515991211,-7.20900011062622,-11.1250505447388,-11.1250505447388,-8.21878719329834,-7.12744998931885,-3.39350008964539,-3.72583746910095,-3.22313737869263,-1.84937500953674,-10.3611745834351,-9.956787109375,-5.05931234359741,27.4030513763428,14.368950843811,4.36005020141602,-26.7100505828857,-19.992000579834,-12.3430509567261,-11.3020505905151,-3.95400023460388,1.78995013237,-3.39350008964539,-0.16060000658035,0.02186249941587,-1.84937500953674,-0.06448750197887,0.37358748912811,-5.05931234359741,-2.31261253356934,-1.10233747959137,4.36005020141602,-3.47295022010803,-9.85095024108887,-12.3430509567261,-4.91100025177002,1.25100004673004,1.78995013237,0.15495000779629,-3.6499502658844,-1.08253753185272,-4.86639976501465,-4.86639976501465,-0.43298751115799,-11.0759000778198,-11.0759000778198,0.79653751850128,7.49361228942871,7.49361228942871,-14.32200050354,-11.2500009536743,-11.2500009536743,7.95900058746338,25.6390514373779,25.6390514373779,-4.06695032119751,3.46695017814636,3.46695017814636,-16.3675880432129,-15.8301000595093,-14.6672620773315,-17.8985118865967,-17.9922866821289,-16.5912990570068,18.2940998077393,21.3866119384766,20.5708255767822,-6.36105012893677,-8.17905044555664,-10.0500001907349,36.5440521240234,30.3960018157959,17.4649505615234,9.22500038146973,3.36195015907288,-2.95095014572144,-11.2644128799438,-0.10284999758005,-0.10284999758005,-5.87207508087158,0.45443749427795,0.45443749427795,13.5565376281738,0.41799998283386,0.41799998283386,-10.1670007705688,2.29605007171631,2.29605007171631,-12.8599510192871,-58.8730545043945,-58.8730545043945,-4.66305017471313,-4.13400030136108,-4.13400030136108,4.46985006332397,5.65771245956421,4.94257497787476,1.61658751964569,10.2722120285034,9.28303718566895,-18.3528118133545,-23.8015251159668,-25.2910633087158,27.0840015411377,36.9079513549805,27.8170509338379,-52.8570022583008,-25.7140502929688,-17.0200500488281,0.21495001018047,-5.09205007553101,-12.7579507827759,5.28687477111816,0.97020000219345,0.97020000219345,9.13783740997314,8.05612468719482,8.05612468719482,-23.1961116790771,-7.87393760681152,-7.87393760681152,13.617000579834,4.70504999160767,4.70504999160767,-14.4409503936768,-8.26905059814453,-8.26905059814453,-9.62295055389404,-2.99895024299622,-2.99895024299622,-0.80575001239777,-1.3917750120163,-3.64732503890991,-0.99921250343323,-0.75157499313355,-2.54815006256104,-4.80865001678467,-4.58548736572266,-3.44148755073547,-1.89705014228821,-7.66395044326782,-9.96405029296875,-2.74605011940002,1.24305009841919,11.2279500961304,-0.89595001935959,-2.59395003318787,-1.05405008792877,SHAKE
-23.6911125183105,-23.6911125183105,-22.8031368255615,-21.523286819458,-21.523286819458,-20.9902000427246,4.21286249160767,4.21286249160767,5.45476245880127,-8.49105072021484,-8.49105072021484,-11.7930002212524,27.0930004119873,27.0930004119873,16.5739517211914,6.18300008773804,6.18300008773804,-1.86795008182526,-20.212911605835,-9.09631252288818,0.99989998340607,-18.1709003448486,-10.2338495254517,1.57987499237061,4.64365005493164,2.56121253967285,-3.12496256828308,-8.98200035095215,1.54800009727478,19.0369510650635,4.89795017242432,-19.3960514068604,-46.8760528564453,-5.71500015258789,-5.26395034790039,-4.83600044250488,13.8184747695923,13.8184747695923,13.434024810791,14.2975244522095,14.2975244522095,14.2834997177124,-13.5768871307373,-13.5768871307373,-15.3095245361328,33.952953338623,33.952953338623,32.8990516662598,-45.4660530090332,-45.4660530090332,-28.7149505615234,-6.00000047683716,-6.00000047683716,-12.5310001373291,13.1432123184204,12.7370376586914,0.30057498812675,14.0212869644165,13.5331621170044,0.88756251335144,-15.9752998352051,-14.2649374008179,-3.94171237945557,21.0289516448975,9.17205047607422,0.72405004501343,-16.4239501953125,-10.6129503250122,-3.81900024414062,-12.0900001525879,-6.20100021362305,-2.88600015640259,-0.38582500815392,-0.38582500815392,-2.54911255836487,0.02227500081062,0.02227500081062,-1.55649995803833,-2.54704999923706,-2.54704999923706,-1.62909996509552,-7.90395021438599,-7.90395021438599,-14.3989505767822,0.14205001294613,0.14205001294613,10.7059507369995,-4.86900043487549,-4.86900043487549,-5.16600036621094,-11.6139373779297,-24.195463180542,-24.9372749328613,-6.36061239242554,-19.1941757202148,-20.2985744476318,-1.638312458992,2.92379999160767,2.49906253814697,-8.40705013275146,-7.50405025482178,-12.5089502334595,32.2919998168945,30.1420516967773,17.131950378418,7.24395036697388,6.94005012512207,-1.94205009937286,-22.9530124664307,-22.9530124664307,-14.3878622055054,-18.517261505127,-18.517261505127,-13.9896621704102,1.8518500328064,1.8518500328064,1.76687502861023,-10.5840005874634,-10.5840005874634,-0.24195000529289,2.84595012664795,2.84595012664795,-18.5860500335693,-3.70800018310547,-3.70800018310547,-0.09300000220537,-3.24733757972717,-11.8787622451782,-14.1743249893188,-3.0271999835968,-8.77992534637451,-12.1316251754761,-3.54131245613098,-5.62828731536865,-7.78841257095337,15.6670503616333,29.3449516296387,28.642951965332,-40.7209510803223,-39.9240036010742,-27.8170509338379,2.45400023460388,-1.03005003929138,-5.38905048370361,-13.8678369522095,-13.8678369522095,-12.0683746337891,-12.0771751403809,-12.0771751403809,-10.2166624069214,-8.50932502746582,-8.50932502746582,-8.12996292114258,20.5309505462646,20.5309505462646,10.9270505905151,-17.2860012054443,-17.2860012054443,-9.88800048828125,-2.56005001068115,-2.56005001068115,1.27305006980896,-1.65646255016327,0.71747499704361,0.39269998669624,-3.04246258735657,0.04578749835491,0.26262500882149,-5.95553731918335,-4.41746234893799,-4.75255012512207,6.29805040359497,3.57195019721985,2.24295020103455,-2.62095022201538,0.8890500664711,3.1039502620697,3.1360502243042,1.49805009365082,-0.08895000070333,SHAKE
-0.45457500219345,-0.97666251659393,4.40054988861084,0.76821249723434,1.74157500267029,2.85724997520447,-3.70204997062683,-2.65732502937317,-0.2606999874115,9.62400054931641,11.3100004196167,6.19500017166138,4.23000001907349,-2.74095010757446,-4.18005037307739,0.63405001163483,2.08995008468628,-0.57000005245209,5.00788736343384,5.56063747406006,5.56063747406006,4.35050010681152,4.3231372833252,4.3231372833252,2.98732495307922,3.90211248397827,3.90211248397827,11.1670503616333,8.35305023193359,8.35305023193359,-3.77595019340515,11.3359508514404,11.3359508514404,5.99100017547607,4.49895000457764,4.49895000457764,6.58501243591309,4.71789979934692,2.37984991073608,2.00062489509583,-0.67512500286102,-3.87351250648499,2.72043752670288,-0.00811249949038,-3.58049988746643,14.017050743103,13.7130002975464,10.0050001144409,18.1450500488281,19.3549518585205,9.70695018768311,-6.66105031967163,-5.65200042724609,-6.47595024108887,2.11736249923706,1.77374994754791,3.54474997520447,-4.68930006027222,-4.45830011367798,-4.08540010452271,-3.91957497596741,-3.57307505607605,-1.6275874376297,10.6300506591797,7.55505037307739,1.1340000629425,-6.64500045776367,-1.84800004959106,1.03694999217987,-10.8090009689331,-6.90000009536743,-2.28194999694824,3.54474997520447,5.16174983978271,10.7629499435425,-4.08540010452271,-2.85683751106262,-4.04360008239746,-1.6275874376297,1.31257498264313,6.91349983215332,1.1340000629425,-2.9389500617981,-11.3770503997803,1.03694999217987,-5.41395044326782,-15.609001159668,-2.28194999694824,3.06705021858215,4.33905029296875,16.9654369354248,18.5549373626709,18.5549373626709,-5.34957504272461,-3.68142509460449,-3.68142509460449,18.4731254577637,23.7352504730225,23.7352504730225,-19.1149501800537,-17.0550003051758,-17.0550003051758,-21.6229515075684,-12.8449506759644,-12.8449506759644,-0.52500003576279,-1.9450501203537,-1.9450501203537,19.3949241638184,17.3771133422852,21.0215492248535,-3.16373753547668,-2.65966248512268,-7.70329999923706,24.9209117889404,22.2343006134033,23.5936241149902,24.7849502563477,24.7849502563477,44.4480018615723,35.461051940918,35.461051940918,39.3430519104004,8.14004993438721,8.14004993438721,-6.88305044174194,26.7129497528076,26.7129497528076,26.0134868621826,-7.62231254577637,-7.62231254577637,-7.33136224746704,24.585412979126,24.585412979126,22.3101997375488,36.2190017700195,36.2190017700195,27.6420021057129,24.4510517120361,24.4510517120361,12.2050504684448,-16.4629516601562,-16.4629516601562,-16.2289505004883,22.3855495452881,22.3855495452881,4.77138757705688,-5.28481245040894,-5.28481245040894,1.52968752384186,20.4909381866455,20.4909381866455,2.26476240158081,19.6930503845215,19.6930503845215,-2.66400003433228,10.206000328064,10.206000328064,1.6270500421524,-7.4320502281189,-7.4320502281189,1.6470000743866,4.77138757705688,3.23234987258911,4.32327508926392,1.52968752384186,0.06132499873638,-2.47390007972717,2.26476240158081,1.94878745079041,3.57678747177124,-2.66400003433228,-13.077000617981,-21.9049510955811,1.6270500421524,-7.89495038986206,-21.1630516052246,1.6470000743866,5.99400043487549,1.6470000743866,SHAKE
16.9654369354248,18.5549373626709,18.5549373626709,-5.34957504272461,-3.68142509460449,-3.68142509460449,18.4731254577637,23.7352504730225,23.7352504730225,-19.1149501800537,-17.0550003051758,-17.0550003051758,-21.6229515075684,-12.8449506759644,-12.8449506759644,-0.52500003576279,-1.9450501203537,-1.9450501203537,19.3949241638184,17.3771133422852,21.0215492248535,-3.16373753547668,-2.65966248512268,-7.70329999923706,24.9209117889404,22.2343006134033,23.5936241149902,24.7849502563477,24.7849502563477,44.4480018615723,35.461051940918,35.461051940918,39.3430519104004,8.14004993438721,8.14004993438721,-6.88305044174194,26.7129497528076,26.7129497528076,26.0134868621826,-7.62231254577637,-7.62231254577637,-7.33136224746704,24.585412979126,24.585412979126,22.3101997375488,36.2190017700195,36.2190017700195,27.6420021057129,24.4510517120361,24.4510517120361,12.2050504684448,-16.4629516601562,-16.4629516601562,-16.2289505004883,22.3855495452881,22.3855495452881,4.77138757705688,-5.28481245040894,-5.28481245040894,1.52968752384186,20.4909381866455,20.4909381866455,2.26476240158081,19.6930503845215,19.6930503845215,-2.66400003433228,10.206000328064,10.206000328064,1.6270500421524,-7.4320502281189,-7.4320502281189,1.6470000743866,4.77138757705688,3.23234987258911,4.32327508926392,1.52968752384186,0.06132499873638,-2.47390007972717,2.26476240158081,1.94878745079041,3.57678747177124,-2.66400003433228,-13.077000617981,-21.9049510955811,1.6270500421524,-7.89495038986206,-21.1630516052246,1.6470000743866,5.99400043487549,1.6470000743866,15.1446628570557,15.1446628570557,17.3848133087158,-8.11126232147217,-8.11126232147217,-7.77699995040894,21.1839370727539,21.1839370727539,23.7285118103027,-24.8010005950928,-24.8010005950928,-10.7160005569458,-25.4599514007568,-25.4599514007568,2.3449501991272,-6.03105020523071,-6.03105020523071,6.30000019073486,17.3848133087158,16.8111629486084,6.80748748779297,-7.77699995040894,-6.55448722839355,0.26248750090599,23.7285118103027,22.7202243804932,7.46996259689331,-10.7160005569458,14.683051109314,35.8090515136719,2.3449501991272,24.9660015106201,32.2639503479004,6.30000019073486,8.1540002822876,-9.33105087280273,12.061224937439,12.061224937439,9.61702537536621,3.71689987182617,3.71689987182617,9.4678373336792,25.3859367370605,25.3859367370605,27.93821144104,32.7000007629395,32.7000007629395,28.1230506896973,22.8270015716553,22.8270015716553,16.6270503997803,-15.5650510787964,-15.5650510787964,-6.50505018234253,9.61702537536621,8.95207500457764,1.77553749084473,9.4678373336792,8.64338779449463,5.59954977035522,27.93821144104,25.7734127044678,5.54551267623901,28.1230506896973,18.9859504699707,8.79795074462891,16.6270503997803,11.803050994873,7.75305032730103,-6.50505018234253,-3.3600001335144,-1.49505007266998,2.74147486686707,2.74147486686707,-0.74483752250671,2.08876252174377,2.08876252174377,0.26399999856949,2.13991260528564,2.13991260528564,0.49321249127388,1.01895010471344,1.01895010471344,-10.4689502716064,3.57105016708374,3.57105016708374,-5.31300020217896,-0.46905001997948,-0.46905001997948,6.09195041656494,SHAKE
17.3848133087158,17.3848133087158,16.8111629486084,-7.77699995040894,-7.77699995040894,-6.55448722839355,23.7285118103027,23.7285118103027,22.7202243804932,-10.7160005569458,-10.7160005569458,14.683051109314,2.3449501991272,2.3449501991272,24.9660015106201,6.30000019073486,6.30000019073486,8.1540002822876,6.80748748779297,12.061224937439,12.061224937439,0.26248750090599,3.71689987182617,3.71689987182617,7.46996259689331,25.3859367370605,25.3859367370605,35.8090515136719,32.7000007629395,32.7000007629395,32.2639503479004,22.8270015716553,22.8270015716553,-9.33105087280273,-15.5650510787964,-15.5650510787964,9.61702537536621,9.61702537536621,8.95207500457764,9.4678373336792,9.4678373336792,8.64338779449463,27.93821144104,27.93821144104,25.7734127044678,28.1230506896973,28.1230506896973,18.9859504699707,16.6270503997803,16.6270503997803,11.803050994873,-6.50505018234253,-6.50505018234253,-3.3600001335144,1.77553749084473,2.74147486686707,2.74147486686707,5.59954977035522,2.08876252174377,2.08876252174377,5.54551267623901,2.13991260528564,2.13991260528564,8.79795074462891,1.01895010471344,1.01895010471344,7.75305032730103,3.57105016708374,3.57105016708374,-1.49505007266998,-0.46905001997948,-0.46905001997948,-0.74483752250671,-0.74483752250671,-14.1490249633789,0.26399999856949,0.26399999856949,-1.31518745422363,0.49321249127388,0.49321249127388,-7.85895013809204,-10.4689502716064,-10.4689502716064,-25.3399505615234,-5.31300020217896,-5.31300020217896,-22.8379516601562,6.09195041656494,6.09195041656494,11.8660507202148,-21.4533004760742,-22.0371246337891,-22.0371246337891,7.85716247558594,8.95922470092773,8.95922470092773,-17.0715866088867,-16.5483989715576,-16.5483989715576,-30.2130012512207,-26.7070503234863,-26.7070503234863,-28.5859508514404,-9.82095050811768,-9.82095050811768,4.13505029678345,0.06105000153184,0.06105000153184,-19.7070503234863,-5.4421124458313,6.05591249465942,8.43933773040771,9.41091251373291,1.00113749504089,-15.0746746063232,-5.23696231842041,9.98263740539551,3.42105007171631,21.445951461792,42.7279510498047,24.0799503326416,36.9889526367188,40.5049514770508,9.70395088195801,2.38394999504089,-19.6849517822266,14.1902751922607,14.461012840271,12.9710626602173,1.68190002441406,4.12568759918213,6.40021228790283,25.8138370513916,28.9321994781494,28.2042751312256,44.5890007019043,41.4949531555176,28.9159507751465,29.3659515380859,19.8240013122559,15.9150009155273,-18.3340511322021,-1.9780501127243,1.05494999885559,9.33693790435791,3.08206248283386,2.08106255531311,6.60522508621216,4.88523769378662,2.96601247787476,22.6421241760254,6.85918760299683,3.21901249885559,12.8650503158569,0.89400005340576,-8.32500076293945,8.87895011901855,4.18005037307739,0.07005000114441,-0.69000005722046,0.99795007705688,4.05404996871948,-0.23842500150204,-0.23842500150204,-12.026162147522,3.10942506790161,3.10942506790161,-0.1394249945879,1.88072502613068,1.88072502613068,-10.3109874725342,-18.9589500427246,-18.9589500427246,-30.9919509887695,-6.18300008773804,-6.18300008773804,-20.545051574707,8.55195045471191,8.55195045471191,8.37705039978027,SHAKE
-19.9153633117676,-19.9153633117676,-18.1082000732422,9.95788764953613,9.95788764953613,7.79789972305298,-22.3968257904053,-22.3968257904053,-21.781925201416,-24.5010013580322,-24.5010013580322,-9.59505081176758,-9.60000038146973,-9.60000038146973,6.05700016021729,2.64105010032654,2.64105010032654,9.4549503326416,-6.57690000534058,-6.57690000534058,1.59458744525909,9.79426288604736,9.79426288604736,1.02478754520416,-9.28468704223633,-9.28468704223633,5.82257509231567,18.691951751709,18.691951751709,52.8709526062012,26.3170509338379,26.3170509338379,34.3759498596191,1.2679500579834,1.2679500579834,-17.2870502471924,9.2411003112793,9.65951251983643,9.37268733978271,2.14720010757446,4.49157476425171,6.15339994430542,26.2105255126953,28.5960121154785,28.4798240661621,52.4569511413574,44.5390510559082,28.4370021820068,29.6989517211914,20.310001373291,12.2170505523682,-10.9980001449585,0.70095002651215,4.87305021286011,7.75871229171753,7.75871229171753,1.99319994449615,5.3561749458313,5.3561749458313,3.44396257400513,24.8488616943359,24.8488616943359,5.05009984970093,14.053050994873,14.053050994873,1.68195009231567,7.36005020141602,7.36005020141602,4.07205009460449,2.07795000076294,2.07795000076294,2.32695007324219,1.15225005149841,-1.25276243686676,-1.25276243686676,2.33447504043579,2.98828744888306,2.98828744888306,2.47582507133484,0.87945002317429,0.87945002317429,-7.85595035552979,-22.3909511566162,-22.3909511566162,1.15500009059906,-6.24000024795532,-6.24000024795532,4.25505018234253,6.53505039215088,6.53505039215088,-9.44267463684082,-16.1721992492676,-16.1721992492676,2.75728750228882,15.0913124084473,15.0913124084473,-8.55607509613037,-14.0338001251221,-14.0338001251221,-33.3529510498047,-30.0550518035889,-30.0550518035889,-24.7420520782471,-21.3480014801025,-21.3480014801025,4.87305021286011,-3.56595015525818,-3.56595015525818,-14.3983125686646,-6.33008766174316,-6.33008766174316,13.11598777771,12.9089126586914,12.9089126586914,-12.4596996307373,-2.75412487983704,-2.75412487983704,-3.49200010299683,21.9439506530762,21.9439506530762,8.87895011901855,23.5939502716064,23.5939502716064,8.72895050048828,-1.3050000667572,-1.3050000667572,2.86783742904663,7.40698766708374,7.40698766708374,1.87604999542236,2.1984875202179,2.1984875202179,7.24748754501343,24.4840755462646,24.4840755462646,50.1960029602051,52.653003692627,52.653003692627,32.8270530700684,31.5720024108887,31.5720024108887,-13.6540508270264,-4.2679500579834,-4.2679500579834,7.53334999084473,7.62767505645752,5.44747495651245,4.3338623046875,5.2982873916626,4.0181622505188,26.0008373260498,26.1382007598877,21.7155132293701,33.4840507507324,25.0000514984131,11.8180503845215,14.2410011291504,10.4830503463745,7.03905010223389,3.46200013160706,2.66895008087158,0.44400003552437,2.00007510185242,1.15321254730225,1.15321254730225,2.62473750114441,1.37307500839233,1.37307500839233,4.16968727111816,2.12987494468689,2.12987494468689,1.41705012321472,-6.17700052261353,-6.17700052261353,4.11495018005371,0.98505002260208,0.98505002260208,0.66195005178452,1.56105005741119,1.56105005741119,SHAKE
-16.1721992492676,-14.3983125686646,-6.33008766174316,15.0913124084473,13.11598777771,12.9089126586914,-14.0338001251221,-12.4596996307373,-2.75412487983704,-30.0550518035889,-3.49200010299683,21.9439506530762,-21.3480014801025,8.87895011901855,23.5939502716064,-3.56595015525818,8.72895050048828,-1.3050000667572,-6.33008766174316,2.86783742904663,7.40698766708374,12.9089126586914,1.87604999542236,2.1984875202179,-2.75412487983704,7.24748754501343,24.4840755462646,21.9439506530762,50.1960029602051,52.653003692627,23.5939502716064,32.8270530700684,31.5720024108887,-1.3050000667572,-13.6540508270264,-4.2679500579834,7.40698766708374,7.53334999084473,7.62767505645752,2.1984875202179,4.3338623046875,5.2982873916626,24.4840755462646,26.0008373260498,26.1382007598877,52.653003692627,33.4840507507324,25.0000514984131,31.5720024108887,14.2410011291504,10.4830503463745,-4.2679500579834,3.46200013160706,2.66895008087158,5.44747495651245,2.00007510185242,1.15321254730225,4.0181622505188,2.62473750114441,1.37307500839233,21.7155132293701,4.16968727111816,2.12987494468689,11.8180503845215,1.41705012321472,-6.17700052261353,7.03905010223389,4.11495018005371,0.98505002260208,0.44400003552437,0.66195005178452,1.56105005741119,1.15321254730225,-9.63476276397705,-9.63476276397705,1.37307500839233,1.61741244792938,1.61741244792938,2.12987494468689,-7.36243724822998,-7.36243724822998,-6.17700052261353,-23.086051940918,-23.086051940918,0.98505002260208,-9.70095062255859,-9.70095062255859,1.56105005741119,7.23705053329468,7.23705053329468,-14.5171127319336,-16.1408500671387,-15.2857370376587,7.24982500076294,8.1978874206543,7.54435014724731,-23.465612411499,-25.0625381469727,-24.5810127258301,-26.8240509033203,-24.5899505615234,-18.1309509277344,-21.6160507202148,-16.6459503173828,-3.26100015640259,7.11495018005371,2.13105010986328,4.01295042037964,-15.2857370376587,-1.39878749847412,-1.39878749847412,7.54435014724731,0.67044997215271,0.67044997215271,-24.5810127258301,0.30277499556541,0.30277499556541,-18.1309509277344,25.992000579834,25.992000579834,-3.26100015640259,27.8260517120361,27.8260517120361,4.01295042037964,-4.02795028686523,-4.02795028686523,6.58253765106201,11.1621122360229,11.2289371490479,-2.05590009689331,-0.85167497396469,0.79131251573563,14.9283752441406,27.12380027771,28.1139373779297,58.162052154541,56.6629524230957,35.9650535583496,43.0150527954102,31.2220516204834,12.7159509658813,-18.1020011901855,-5.19000005722046,7.01205015182495,11.2289371490479,10.7614374160767,5.47153759002686,0.79131251573563,2.02565002441406,3.56399989128113,28.1139373779297,27.7494239807129,15.1309127807617,35.9650535583496,22.6630516052246,9.36600017547607,12.7159509658813,7.0420503616333,5.35095024108887,7.01205015182495,4.86795043945312,3.88095021247864,1.56598746776581,0.56801247596741,-2.45904994010925,2.48723745346069,2.50112509727478,4.63072490692139,3.2792375087738,2.2534875869751,0.88440001010895,-0.33105000853539,-7.22595024108887,-14.2480506896973,3.10695004463196,0.95595002174377,-0.78405004739761,3.56505012512207,4.4850001335144,6.92805051803589,SHAKE
-16.1408500671387,-15.2857370376587,-15.2857370376587,8.1978874206543,7.54435014724731,7.54435014724731,-25.0625381469727,-24.5810127258301,-24.5810127258301,-24.5899505615234,-18.1309509277344,-18.1309509277344,-16.6459503173828,-3.26100015640259,-3.26100015640259,2.13105010986328,4.01295042037964,4.01295042037964,-1.39878749847412,-1.39878749847412,6.58253765106201,0.67044997215271,0.67044997215271,-2.05590009689331,0.30277499556541,0.30277499556541,14.9283752441406,25.992000579834,25.992000579834,58.162052154541,27.8260517120361,27.8260517120361,43.0150527954102,-4.02795028686523,-4.02795028686523,-18.1020011901855,11.1621122360229,11.2289371490479,11.2289371490479,-0.85167497396469,0.79131251573563,0.79131251573563,27.12380027771,28.1139373779297,28.1139373779297,56.6629524230957,35.9650535583496,35.9650535583496,31.2220516204834,12.7159509658813,12.7159509658813,-5.19000005722046,7.01205015182495,7.01205015182495,10.7614374160767,5.47153759002686,1.56598746776581,2.02565002441406,3.56399989128113,2.48723745346069,27.7494239807129,15.1309127807617,3.2792375087738,22.6630516052246,9.36600017547607,-0.33105000853539,7.0420503616333,5.35095024108887,3.10695004463196,4.86795043945312,3.88095021247864,3.56505012512207,0.56801247596741,-2.45904994010925,-12.3039121627808,2.50112509727478,4.63072490692139,4.63952493667603,2.2534875869751,0.88440001010895,-14.1937122344971,-7.22595024108887,-14.2480506896973,-24.5659503936768,0.95595002174377,-0.78405004739761,-6.65700054168701,4.4850001335144,6.92805051803589,9.19095039367676,-16.1595497131348,-17.8902626037598,-16.0987758636475,14.0934753417969,15.4118251800537,13.0376119613647,-25.2866630554199,-27.1639499664307,-26.47727394104,-29.4349517822266,-24.8370018005371,-17.3500499725342,-28.1640014648438,-19.7620506286621,-1.43595004081726,4.06800031661987,-2.16000008583069,3.1560001373291,-16.0987758636475,-6.34383726119995,-0.23237499594688,13.0376119613647,12.3608369827271,2.94236254692078,-26.47727394104,-10.9526996612549,4.06793737411499,-17.3500499725342,2.99700021743774,43.0129508972168,-1.43595004081726,20.2740001678467,51.8839530944824,3.1560001373291,9.59295082092285,-13.4890508651733,10.2222995758057,11.7176122665405,10.9920253753662,1.10412502288818,2.3423125743866,4.33578729629517,22.6879119873047,28.5880374908447,28.9514503479004,47.6500511169434,31.6819515228271,28.7389507293701,39.037052154541,15.7669506072998,14.4300003051758,-20.9209518432617,-9.90795040130615,1.85700011253357,10.9920253753662,8.82543754577637,1.51153743267059,4.33578729629517,5.18732500076294,4.95879983901978,28.9514503479004,25.4410743713379,8.86723709106445,28.7389507293701,20.1220512390137,7.11900043487549,14.4300003051758,12.8620510101318,6.96300029754639,1.85700011253357,6.20700025558472,5.00700044631958,1.14221251010895,0.24310000240803,-4.23032474517822,3.69173741340637,3.34798741340637,3.25902509689331,3.48259997367859,2.29570007324219,-1.08941245079041,-3.98295021057129,-9.77205085754395,-14.437050819397,2.43105006217957,0.15105000138283,-2.48505020141602,2.17095017433167,0.61005002260208,3.63705015182495,SHAKE
-16.0987758636475,-16.0987758636475,-6.34383726119995,13.0376119613647,13.0376119613647,12.3608369827271,-26.47727394104,-26.47727394104,-10.9526996612549,-17.3500499725342,-17.3500499725342,2.99700021743774,-1.43595004081726,-1.43595004081726,20.2740001678467,3.1560001373291,3.1560001373291,9.59295082092285,-0.23237499594688,10.2222995758057,11.7176122665405,2.94236254692078,1.10412502288818,2.3423125743866,4.06793737411499,22.6879119873047,28.5880374908447,43.0129508972168,47.6500511169434,31.6819515228271,51.8839530944824,39.037052154541,15.7669506072998,-13.4890508651733,-20.9209518432617,-9.90795040130615,10.9920253753662,10.9920253753662,8.82543754577637,4.33578729629517,4.33578729629517,5.18732500076294,28.9514503479004,28.9514503479004,25.4410743713379,28.7389507293701,28.7389507293701,20.1220512390137,14.4300003051758,14.4300003051758,12.8620510101318,1.85700011253357,1.85700011253357,6.20700025558472,1.51153743267059,1.14221251010895,0.24310000240803,4.95879983901978,3.69173741340637,3.34798741340637,8.86723709106445,3.48259997367859,2.29570007324219,7.11900043487549,-3.98295021057129,-9.77205085754395,6.96300029754639,2.43105006217957,0.15105000138283,5.00700044631958,2.17095017433167,0.61005002260208,-4.23032474517822,-4.23032474517822,-13.8627500534058,3.25902509689331,3.25902509689331,0.53542500734329,-1.08941245079041,-1.08941245079041,-17.92848777771,-14.437050819397,-14.437050819397,-20.7649517059326,-2.48505020141602,-2.48505020141602,-12.3259506225586,3.63705015182495,3.63705015182495,9.4980001449585,-19.6965999603271,-21.1947994232178,-18.0545749664307,7.22383737564087,7.89703750610352,7.26233768463135,-27.7547874450684,-29.2166881561279,-26.830924987793,-22.9710006713867,-21.0910511016846,-13.8820505142212,-23.1750011444092,-16.6990509033203,-4.72200012207031,7.87395048141479,-1.80300009250641,-0.84495002031326,-8.6395378112793,-8.6395378112793,0.40466248989105,8.86146259307861,8.86146259307861,-0.3827999830246,-9.63737487792969,-9.63737487792969,5.73223733901978,14.1250505447388,14.1250505447388,62.4109535217285,26.2710018157959,26.2710018157959,47.0599517822266,4.97100019454956,4.97100019454956,-16.7890510559082,8.85554981231689,10.8477878570557,10.5701751708984,-3.52151250839233,-3.50927495956421,-2.06401252746582,21.789213180542,23.2252616882324,22.6322250366211,58.5310516357422,33.7249526977539,22.3350009918213,32.0770530700684,9.19005012512207,6.1360502243042,-9.60900020599365,2.26500010490417,1.89300012588501,7.20733737945557,7.20733737945557,1.8935124874115,0.54477500915527,0.54477500915527,1.92706251144409,16.574800491333,16.574800491333,2.34602499008179,8.98695087432861,8.98695087432861,-2.63700008392334,5.26500034332275,5.26500034332275,1.78200006484985,1.49295008182526,1.49295008182526,3.10095024108887,0.74566251039505,-1.23461246490479,-2.65993738174438,2.37366247177124,6.38962507247925,15.4043998718262,1.76412498950958,3.06075000762939,13.0726747512817,-13.7400007247925,-24.3720016479492,-24.0559520721436,-2.56095004081726,-13.6570510864258,-19.2709503173828,7.23900032043457,9.61005020141602,2.74095010757446,SHAKE
9.96778774261475,10.0819120407104,10.0819120407104,1.15513753890991,2.23162508010864,2.23162508010864,24.6199245452881,24.853536605835,24.853536605835,48.036003112793,39.4450531005859,39.4450531005859,25.0690517425537,15.8389511108398,15.8389511108398,-13.0860004425049,-0.91695004701614,-0.91695004701614,10.1202745437622,10.0923624038696,0.93664997816086,3.3177375793457,3.19577503204346,2.38851237297058,24.97536277771,24.394287109375,2.00447487831116,24.5479507446289,12.235050201416,1.44495010375977,7.37700033187866,4.09095001220703,1.48305010795593,3.18705010414124,2.41305017471313,2.59800004959106,0.93664997816086,-0.83806252479553,-0.83806252479553,2.38851237297058,3.4595000743866,3.4595000743866,2.00447487831116,1.32976245880127,1.32976245880127,-2.92500019073486,-17.659049987793,-17.659049987793,0.25200000405312,-7.10205030441284,-7.10205030441284,3.13905024528503,4.75500011444092,4.75500011444092,1.76728749275208,-5.511549949646,-5.67641258239746,7.86843729019165,17.6776866912842,18.1658115386963,8.46944999694824,15.4534873962402,16.540699005127,-23.1190509796143,-22.1929512023926,-15.4630508422852,-19.1899509429932,-16.8019504547119,-2.73600006103516,3.73305010795593,1.12695002555847,4.11794996261597,-5.67641258239746,-6.64358758926392,-6.64358758926392,18.1658115386963,11.1566123962402,11.1566123962402,16.540699005127,10.2745494842529,10.2745494842529,-8.64600086212158,22.5979518890381,22.5979518890381,3.5110502243042,18.318000793457,18.318000793457,5.31600046157837,-2.44995021820068,-2.44995021820068,5.71793746948242,10.282112121582,10.2195501327515,-0.3799124956131,-0.38706248998642,0.76271247863769,13.3966245651245,25.6535129547119,25.7372493743896,46.8670539855957,51.4770011901855,36.9679527282715,31.0690517425537,30.1849517822266,15.6139507293701,-11.3740501403809,-3.92295026779175,7.08795022964478,10.1480503082275,5.3579626083374,5.3579626083374,1.57574999332428,3.39061236381531,3.39061236381531,25.6726245880127,15.7771625518799,15.7771625518799,21.7740001678467,9.45705032348633,9.45705032348633,8.96700000762939,6.1560001373291,6.1560001373291,5.68005037307739,2.84205007553101,2.84205007553101,1.29318749904633,0.18301250040531,-8.70361232757568,2.30477499961853,1.87618744373322,4.55111265182495,2.29872488975525,1.27077496051788,-4.20598745346069,-0.87705004215241,-9.24300003051758,-27.5190010070801,2.89395022392273,0.36405003070831,-24.1020011901855,2.55900001525879,2.98095011711121,4.01805019378662,-11.3067626953125,-16.578649520874,-16.4570999145508,5.08227491378784,13.3718748092651,13.3211374282837,-13.8895626068115,-16.1423625946045,-15.5465745925903,-27.5190010070801,-26.3140506744385,-18.9450016021729,-24.1020011901855,-19.2210006713867,-2.90595006942749,4.01805019378662,1.48095011711121,4.58295011520386,-16.4570999145508,-13.4985122680664,-4.86062479019165,13.3211374282837,11.1960744857788,8.86091232299805,-15.5465745925903,-13.8367624282837,0.16926249861717,-18.9450016021729,-1.53795003890991,24.6630020141602,-2.90595006942749,10.3159503936768,24.3100509643555,4.58295011520386,6.48705053329468,-3.65505027770996,SHAKE
5.71793746948242,10.282112121582,10.2195501327515,-0.3799124956131,-0.38706248998642,0.76271247863769,13.3966245651245,25.6535129547119,25.7372493743896,46.8670539855957,51.4770011901855,36.9679527282715,31.0690517425537,30.1849517822266,15.6139507293701,-11.3740501403809,-3.92295026779175,7.08795022964478,10.1480503082275,5.3579626083374,5.3579626083374,1.57574999332428,3.39061236381531,3.39061236381531,25.6726245880127,15.7771625518799,15.7771625518799,21.7740001678467,9.45705032348633,9.45705032348633,8.96700000762939,6.1560001373291,6.1560001373291,5.68005037307739,2.84205007553101,2.84205007553101,1.29318749904633,0.18301250040531,-8.70361232757568,2.30477499961853,1.87618744373322,4.55111265182495,2.29872488975525,1.27077496051788,-4.20598745346069,-0.87705004215241,-9.24300003051758,-27.5190010070801,2.89395022392273,0.36405003070831,-24.1020011901855,2.55900001525879,2.98095011711121,4.01805019378662,-11.3067626953125,-16.578649520874,-16.4570999145508,5.08227491378784,13.3718748092651,13.3211374282837,-13.8895626068115,-16.1423625946045,-15.5465745925903,-27.5190010070801,-26.3140506744385,-18.9450016021729,-24.1020011901855,-19.2210006713867,-2.90595006942749,4.01805019378662,1.48095011711121,4.58295011520386,-16.4570999145508,-13.4985122680664,-4.86062479019165,13.3211374282837,11.1960744857788,8.86091232299805,-15.5465745925903,-13.8367624282837,0.16926249861717,-18.9450016021729,-1.53795003890991,24.6630020141602,-2.90595006942749,10.3159503936768,24.3100509643555,4.58295011520386,6.48705053329468,-3.65505027770996,5.96653747558594,9.33638763427734,9.33638763427734,0.76078748703003,1.29263746738434,1.29263746738434,12.0422496795654,26.5167369842529,26.5167369842529,52.4590530395508,51.5110511779785,51.5110511779785,36.0430526733398,27.0640506744385,27.0640506744385,-15.4620008468628,-2.93595004081726,-2.93595004081726,9.35398769378662,9.05808734893799,4.11730003356934,2.92077493667603,3.79706239700317,3.54474997520447,27.2743625640869,27.0448741912842,17.8158740997314,37.5550498962402,21.5490016937256,6.41700029373169,15.5940008163452,10.1269502639771,5.28900003433228,8.13705062866211,5.44500017166138,1.70700013637543,4.11730003356934,0.31803750991821,0.31803750991821,3.54474997520447,1.87921249866486,1.87921249866486,17.8158740997314,1.74707496166229,1.74707496166229,-4.014000415802,-13.3330507278442,-13.3330507278442,1.32705008983612,-1.11195003986359,-1.11195003986359,0.57405000925064,2.88495016098022,2.88495016098022,-4.28889989852905,-16.0736122131348,-19.6755619049072,3.84422492980957,11.0103120803833,15.7849998474121,-0.49981248378754,-16.7103748321533,-17.1312618255615,-24.693000793457,-27.0160503387451,-22.5300006866455,-12.8790006637573,-24.5689506530762,-12.0649509429932,7.23405027389526,3.23895025253296,-0.11700000613928,-19.6755619049072,-14.5923252105713,-2.39841246604919,15.7849998474121,12.3377370834351,5.37982511520386,-17.1312618255615,-14.3356122970581,2.66543745994568,-22.5300006866455,6.97995042800903,30.715051651001,-12.0649509429932,14.2030506134033,24.6619510650635,-0.11700000613928,2.34105014801025,-8.1070499420166,SHAKE
9.33638763427734,9.33638763427734,9.35398769378662,1.29263746738434,1.29263746738434,2.92077493667603,26.5167369842529,26.5167369842529,27.2743625640869,51.5110511779785,51.5110511779785,37.5550498962402,27.0640506744385,27.0640506744385,15.5940008163452,-2.93595004081726,-2.93595004081726,8.13705062866211,9.05808734893799,4.11730003356934,4.11730003356934,3.79706239700317,3.54474997520447,3.54474997520447,27.0448741912842,17.8158740997314,17.8158740997314,21.5490016937256,6.41700029373169,-4.014000415802,10.1269502639771,5.28900003433228,1.32705008983612,5.44500017166138,1.70700013637543,0.57405000925064,0.31803750991821,0.31803750991821,-4.28889989852905,1.87921249866486,1.87921249866486,3.84422492980957,1.74707496166229,1.74707496166229,-0.49981248378754,-13.3330507278442,-13.3330507278442,-24.693000793457,-1.11195003986359,-1.11195003986359,-12.8790006637573,2.88495016098022,2.88495016098022,7.23405027389526,-16.0736122131348,-19.6755619049072,-19.6755619049072,11.0103120803833,15.7849998474121,15.7849998474121,-16.7103748321533,-17.1312618255615,-17.1312618255615,-27.0160503387451,-22.5300006866455,-22.5300006866455,-24.5689506530762,-12.0649509429932,-12.0649509429932,3.23895025253296,-0.11700000613928,-0.11700000613928,-14.5923252105713,-2.39841246604919,-2.39841246604919,12.3377370834351,5.37982511520386,5.37982511520386,-14.3356122970581,2.66543745994568,2.66543745994568,6.97995042800903,30.715051651001,30.715051651001,14.2030506134033,24.6619510650635,24.6619510650635,2.34105014801025,-8.1070499420166,-8.1070499420166,7.12470006942749,6.9062123298645,6.47625017166138,1.69606244564056,5.3370623588562,7.29423761367798,16.4764881134033,22.4709377288818,22.6722373962402,48.1410026550293,48.6610527038574,36.0580520629883,27.6990013122559,25.3830013275146,16.4809513092041,-13.8700504302979,-0.09300000220537,9.17895030975342,6.47625017166138,6.07310009002686,0.56443750858307,7.29423761367798,7.76503753662109,6.87857484817505,22.6722373962402,22.0845623016357,8.87370014190674,36.0580520629883,19.2550506591797,5.7679500579834,16.4809513092041,8.64405059814453,4.64700031280518,9.17895030975342,4.62405014038086,2.01300001144409,0.95796251296997,-0.67925000190735,-0.67925000190735,3.25173759460449,2.73308753967285,2.73308753967285,2.41133737564087,0.75006252527237,0.75006252527237,-4.14795017242432,-15.9130506515503,-15.9130506515503,3.27405023574829,0.86700004339218,0.86700004339218,3.63705015182495,4.81500005722046,4.81500005722046,-16.0381374359131,-16.0381374359131,-18.939525604248,9.84169960021973,9.84169960021973,13.4892997741699,-21.9019622802734,-21.9019622802734,-23.292911529541,-22.3410015106201,-22.3410015106201,-20.2740001678467,-20.5380001068115,-20.5380001068115,-12.070050239563,-0.25905001163483,-0.25905001163483,2.91405010223389,-17.7318630218506,-12.8621625900269,-3.21502494812012,12.2574377059937,9.86081218719482,3.47324991226196,-22.417724609375,-19.4856758117676,-1.08418750762939,-10.4280004501343,6.51795053482056,29.613000869751,-1.13595008850098,8.29200077056885,20.5519504547119,6.42000007629395,4.63800001144409,-4.39005041122437,SHAKE
7.12470006942749,6.9062123298645,6.47625017166138,1.69606244564056,5.3370623588562,7.29423761367798,16.4764881134033,22.4709377288818,22.6722373962402,48.1410026550293,48.6610527038574,36.0580520629883,27.6990013122559,25.3830013275146,16.4809513092041,-13.8700504302979,-0.09300000220537,9.17895030975342,6.47625017166138,6.07310009002686,0.56443750858307,7.29423761367798,7.76503753662109,6.87857484817505,22.6722373962402,22.0845623016357,8.87370014190674,36.0580520629883,19.2550506591797,5.7679500579834,16.4809513092041,8.64405059814453,4.64700031280518,9.17895030975342,4.62405014038086,2.01300001144409,0.95796251296997,-0.67925000190735,-0.67925000190735,3.25173759460449,2.73308753967285,2.73308753967285,2.41133737564087,0.75006252527237,0.75006252527237,-4.14795017242432,-15.9130506515503,-15.9130506515503,3.27405023574829,0.86700004339218,0.86700004339218,3.63705015182495,4.81500005722046,4.81500005722046,-16.0381374359131,-16.0381374359131,-18.939525604248,9.84169960021973,9.84169960021973,13.4892997741699,-21.9019622802734,-21.9019622802734,-23.292911529541,-22.3410015106201,-22.3410015106201,-20.2740001678467,-20.5380001068115,-20.5380001068115,-12.070050239563,-0.25905001163483,-0.25905001163483,2.91405010223389,-17.7318630218506,-12.8621625900269,-3.21502494812012,12.2574377059937,9.86081218719482,3.47324991226196,-22.417724609375,-19.4856758117676,-1.08418750762939,-10.4280004501343,6.51795053482056,29.613000869751,-1.13595008850098,8.29200077056885,20.5519504547119,6.42000007629395,4.63800001144409,-4.39005041122437,1.94631254673004,4.58617496490479,4.58617496490479,-2.27177500724792,-2.61002492904663,-2.61002492904663,6.16013765335083,7.82292509078979,7.82292509078979,50.4690017700195,48.1099510192871,48.1099510192871,30.6490516662598,24.3960018157959,24.3960018157959,-9.00104999542236,0.89895004034042,0.89895004034042,5.39412498474121,5.39412498474121,5.39412498474121,-1.11705005168915,-1.11705005168915,-1.11705005168915,8.9152250289917,8.9152250289917,8.9152250289917,17.086950302124,17.086950302124,17.086950302124,8.26095008850098,8.26095008850098,8.26095008850098,4.77195024490356,4.77195024490356,4.77195024490356,3.65791249275208,1.08570003509521,-0.92056250572205,0.58946251869202,1.24052500724792,1.70472502708435,3.08275008201599,1.15692496299744,0.04784999787807,4.125,-6.5310001373291,-19.6039505004883,4.50795030593872,1.99305009841919,-4.19700002670288,3.39000010490417,3.80895018577576,3.40905022621155,-0.92056250572205,-8.38598728179932,-13.8782873153687,1.70472502708435,4.76272487640381,12.1928119659424,0.04784999787807,-4.16184997558594,-14.6929750442505,-19.6039505004883,-25.6920013427734,-25.9789505004883,-4.19700002670288,-18.1150512695312,-21.5250015258789,3.40905022621155,0.80400002002716,-2.0500500202179,-15.2498502731323,-13.8657751083374,-6.44228744506836,13.942774772644,12.6927623748779,8.8587121963501,-14.4634876251221,-13.3351621627808,-8.87356281280518,-21.5959510803223,-6.85500049591064,18.6030006408691,-7.84905052185059,5.6380500793457,18.2100009918213,1.8600001335144,8.07000064849854,4.50600004196167,SHAKE
-18.939525604248,-17.7318630218506,-12.8621625900269,13.4892997741699,12.2574377059937,9.86081218719482,-23.292911529541,-22.417724609375,-19.4856758117676,-20.2740001678467,-10.4280004501343,6.51795053482056,-12.070050239563,-1.13595008850098,8.29200077056885,2.91405010223389,6.42000007629395,4.63800001144409,-3.21502494812012,1.94631254673004,4.58617496490479,3.47324991226196,-2.27177500724792,-2.61002492904663,-1.08418750762939,6.16013765335083,7.82292509078979,29.613000869751,50.4690017700195,48.1099510192871,20.5519504547119,30.6490516662598,24.3960018157959,-4.39005041122437,-9.00104999542236,0.89895004034042,4.58617496490479,5.39412498474121,5.39412498474121,-2.61002492904663,-1.11705005168915,-1.11705005168915,7.82292509078979,8.9152250289917,8.9152250289917,48.1099510192871,17.086950302124,17.086950302124,24.3960018157959,8.26095008850098,8.26095008850098,0.89895004034042,4.77195024490356,4.77195024490356,5.39412498474121,3.65791249275208,1.08570003509521,-1.11705005168915,0.58946251869202,1.24052500724792,8.9152250289917,3.08275008201599,1.15692496299744,17.086950302124,4.125,-6.5310001373291,8.26095008850098,4.50795030593872,1.99305009841919,4.77195024490356,3.39000010490417,3.80895018577576,-0.92056250572205,-0.92056250572205,-8.38598728179932,1.70472502708435,1.70472502708435,4.76272487640381,0.04784999787807,0.04784999787807,-4.16184997558594,-19.6039505004883,-19.6039505004883,-25.6920013427734,-4.19700002670288,-4.19700002670288,-18.1150512695312,3.40905022621155,3.40905022621155,0.80400002002716,-13.8782873153687,-15.2498502731323,-13.8657751083374,12.1928119659424,13.942774772644,12.6927623748779,-14.6929750442505,-14.4634876251221,-13.3351621627808,-25.9789505004883,-21.5959510803223,-6.85500049591064,-21.5250015258789,-7.84905052185059,5.6380500793457,-2.0500500202179,1.8600001335144,8.07000064849854,-6.44228744506836,-6.44228744506836,0.2953499853611,8.8587121963501,8.8587121963501,0.71665000915527,-8.87356281280518,-8.87356281280518,3.61858749389648,18.6030006408691,18.6030006408691,44.0620536804199,18.2100009918213,18.2100009918213,27.0520515441895,4.50600004196167,4.50600004196167,-6.10995006561279,8.35023784637451,9.31878757476807,9.42163753509521,-4.05542516708374,-3.16910004615784,-2.07556247711182,23.0785503387451,24.0510864257812,24.1488494873047,52.7629508972168,44.3190002441406,25.0600509643555,28.056001663208,18.9520511627197,9.64500045776367,-3.74595022201538,4.05600023269653,5.30595016479492,8.59553718566895,8.59553718566895,1.37802493572235,-1.36730003356934,-1.36730003356934,0.72201251983643,22.6140747070312,22.6140747070312,1.8327374458313,11.2050008773804,11.2050008773804,-7.67895030975342,5.05395030975342,5.05395030975342,1.24800002574921,1.11000001430511,1.11000001430511,1.87395012378693,1.37802493572235,-11.8036870956421,-11.8036870956421,0.72201251983643,3.18230009078979,3.18230009078979,1.8327374458313,-7.45469999313354,-7.45469999313354,-7.67895030975342,-20.7750015258789,-20.7750015258789,1.24800002574921,-16.0669498443604,-16.0669498443604,1.87395012378693,0.25995001196861,0.25995001196861,SHAKE
0.2953499853611,8.35023784637451,9.31878757476807,0.71665000915527,-4.05542516708374,-3.16910004615784,3.61858749389648,23.0785503387451,24.0510864257812,44.0620536804199,52.7629508972168,44.3190002441406,27.0520515441895,28.056001663208,18.9520511627197,-6.10995006561279,-3.74595022201538,4.05600023269653,9.42163753509521,8.59553718566895,8.59553718566895,-2.07556247711182,-1.36730003356934,-1.36730003356934,24.1488494873047,22.6140747070312,22.6140747070312,25.0600509643555,11.2050008773804,11.2050008773804,9.64500045776367,5.05395030975342,5.05395030975342,5.30595016479492,1.11000001430511,1.11000001430511,1.37802493572235,1.37802493572235,-11.8036870956421,0.72201251983643,0.72201251983643,3.18230009078979,1.8327374458313,1.8327374458313,-7.45469999313354,-7.67895030975342,-7.67895030975342,-20.7750015258789,1.24800002574921,1.24800002574921,-16.0669498443604,1.87395012378693,1.87395012378693,0.25995001196861,-11.8036870956421,-14.9219121932983,-14.9219121932983,3.18230009078979,11.3840370178223,11.3840370178223,-7.45469999313354,-17.2163753509521,-17.2163753509521,-20.7750015258789,-18.2670001983643,-18.2670001983643,-16.0669498443604,-8.4790506362915,-8.4790506362915,0.25995001196861,2.78400015830994,2.78400015830994,-13.2325878143311,-2.40776252746582,1.00911247730255,9.8370246887207,7.29409980773926,-1.07896244525909,-16.4168128967285,-8.92966270446777,1.0702999830246,-8.94300079345703,5.43300008773804,27.9889507293701,0.44100001454353,9.34605026245117,20.5590019226074,6.27600049972534,4.69305038452148,-2.19900012016296,6.59752511978149,6.59752511978149,9.40293788909912,-4.46228742599487,-4.46228742599487,-3.35967493057251,15.3815746307373,15.3815746307373,19.4075756072998,46.9050025939941,46.9050025939941,48.3829536437988,28.9080009460449,28.9080009460449,25.7539520263672,-6.31305027008057,-6.31305027008057,0.20505000650883,9.71107482910156,9.71107482910156,4.89046239852905,-2.16727495193481,-2.16727495193481,1.70183753967285,20.2659873962402,20.2659873962402,6.17980003356934,35.8090515136719,35.8090515136719,8.49900054931641,15.8269510269165,15.8269510269165,6.28305006027222,6.96405029296875,6.96405029296875,2.37705016136169,4.89046239852905,-0.05059999972582,-0.05059999972582,1.70183753967285,1.00127494335175,1.00127494335175,6.17980003356934,0.51370000839233,0.51370000839233,8.49900054931641,-11.1780004501343,-11.1780004501343,6.28305006027222,2.22795009613037,2.22795009613037,2.37705016136169,1.62795007228851,1.62795007228851,-3.21584987640381,-8.82763767242432,-8.82763767242432,1.24685001373291,1.85748744010925,1.85748744010925,-2.00200009346008,-18.3741245269775,-18.3741245269775,-19.8930015563965,-22.2480010986328,-22.2480010986328,-7.36800050735474,-19.0410003662109,-19.0410003662109,-1.36500000953674,-2.0789999961853,-2.0789999961853,-13.4347124099731,-13.4347124099731,-13.4347124099731,8.49323749542236,8.49323749542236,8.49323749542236,-25.2256126403809,-25.2256126403809,-25.2256126403809,-14.3269510269165,-14.3269510269165,-14.3269510269165,-4.54905033111572,-4.54905033111572,-4.54905033111572,4.03005027770996,4.03005027770996,4.03005027770996,SHAKE
-8.82763767242432,-13.4347124099731,-13.4347124099731,1.85748744010925,8.49323749542236,8.49323749542236,-18.3741245269775,-25.2256126403809,-25.2256126403809,-22.2480010986328,-14.3269510269165,-14.3269510269165,-19.0410003662109,-4.54905033111572,-4.54905033111572,-2.0789999961853,4.03005027770996,4.03005027770996,-13.4347124099731,-13.1440372467041,-13.1440372467041,8.49323749542236,7.91615009307861,7.91615009307861,-25.2256126403809,-25.0739498138428,-25.0739498138428,-14.3269510269165,-14.3269510269165,-14.3269510269165,-4.54905033111572,-4.54905033111572,-4.54905033111572,4.03005027770996,4.03005027770996,4.03005027770996,-13.1440372467041,3.46802496910095,3.62147498130798,7.91615009307861,0.19470000267029,1.74006247520447,-25.0739498138428,10.0108251571655,10.2510375976562,-14.3269510269165,49.9129524230957,37.7560501098633,-4.54905033111572,25.6200008392334,15.4480504989624,4.03005027770996,-2.02095007896423,6.17595052719116,3.90403747558594,3.90403747558594,2.10801243782043,2.60727500915527,2.60727500915527,1.64285004138947,10.8274374008179,10.8274374008179,7.29492473602295,20.4829502105713,20.4829502105713,8.06505012512207,8.13899993896484,8.13899993896484,4.82205009460449,5.31405019760132,5.31405019760132,1.89795005321503,1.46410000324249,0.2771999835968,-3.05456256866455,1.46258747577667,1.11608743667603,2.43347501754761,1.1779625415802,0.50256252288818,-1.10109996795654,-2.43600010871887,-14.3580007553101,-24.4750518798828,2.84295010566711,0.19395001232624,-13.5019502639771,1.38300001621246,1.8600001335144,0.7870500087738,-12.9791746139526,-12.9791746139526,-15.7984752655029,8.00676250457764,8.00676250457764,11.7022123336792,-17.4838123321533,-17.4838123321533,-18.0240497589111,-24.916051864624,-24.916051864624,-20.9209518432617,-20.2459506988525,-20.2459506988525,-11.5810508728027,-1.04205000400543,-1.04205000400543,2.35605001449585,-15.009087562561,-11.9054374694824,-1.81472504138947,10.9529752731323,8.73674964904785,3.13555002212524,-17.3021755218506,-15.891562461853,0.75239998102188,-11.8870506286621,3.71805024147034,27.4819507598877,-1.07400000095367,8.01195049285889,22.2049503326416,6.72405052185059,4.54500007629395,-4.49295043945312,5.18196249008179,5.18196249008179,8.18331241607666,-2.44846248626709,-2.44846248626709,0.13007499277592,14.2551746368408,14.2551746368408,22.0070133209229,48.691951751709,48.691951751709,50.347053527832,31.4520015716553,31.4520015716553,27.787052154541,-8.97405052185059,-8.97405052185059,0.05595000088215,8.52884960174561,8.55291271209717,4.79957485198975,1.55938744544983,2.02358746528625,4.01953744888306,22.776050567627,22.8087749481201,10.0464372634888,35.0929527282715,19.2550506591797,7.62195014953613,15.6280508041382,9.24795055389404,6.17505025863647,7.77600049972534,5.22300004959106,1.99200010299683,1.85625004768372,0.20446249842644,0.20446249842644,1.79904997348785,1.47303748130798,1.47303748130798,2.03719997406006,0.72283750772476,0.72283750772476,-1.99995005130768,-12.0690002441406,-12.0690002441406,3.28605008125305,-0.07800000160933,-0.07800000160933,1.27605009078979,1.82895004749298,1.82895004749298,SHAKE
4.91672515869141,5.52296257019043,5.96282482147217,-3.67083740234375,-2.36761260032654,-1.53065001964569,5.22060012817383,5.96158742904663,6.87307500839233,48.4309539794922,38.5200004577637,23.4820518493652,27.2220020294189,17.5890007019043,10.1389503479004,-3.19305014610291,4.94700002670288,5.14605045318604,5.96282482147217,1.69826245307922,0.51314997673035,-1.53065001964569,0.99481248855591,0.48949998617172,6.87307500839233,1.06865000724792,0.42707499861717,23.4820518493652,1.56000006198883,-7.60905027389526,10.1389503479004,3.97905015945435,1.72500002384186,5.14605045318604,-0.0259500015527,-0.35505002737045,0.51314997673035,-1.62937498092651,-7.43448734283447,0.48949998617172,0.51466250419617,-1.00402498245239,0.42707499861717,-0.82403749227524,-7.86582517623901,-7.60905027389526,-17.2060508728027,-19.3639507293701,1.72500002384186,-4.63095045089722,-15.2959508895874,-0.35505002737045,-1.20705008506775,-3.02505016326904,-9.29417514801025,-9.29417514801025,-7.69532489776611,2.33117508888245,2.33117508888245,-0.00206249998882,-19.2597618103027,-19.2597618103027,-19.1467380523682,-18.0659999847412,-18.0659999847412,-3.42000007629395,-14.6820011138916,-14.6820011138916,-0.09705000370741,-1.00800001621246,-1.00800001621246,6.74595022201538,-1.90382504463196,-1.90382504463196,0.83916246891022,0.64116251468658,0.64116251468658,-4.31763744354248,-12.758487701416,-12.758487701416,-2.55722498893738,10.5340509414673,10.5340509414673,29.7139511108398,6.77595043182373,6.77595043182373,18.6960010528564,4.03905010223389,4.03905010223389,-2.24400019645691,5.92776250839233,6.92106246948242,7.2294750213623,-14.1741876602173,-14.0174369812012,-12.783374786377,-8.78267478942871,-8.84455013275146,-7.94626235961914,46.419002532959,45.0490531921387,29.3860511779785,27.5890522003174,23.776050567627,12.9499502182007,-3.6979501247406,3.23700022697449,7.43100023269653,6.88297510147095,2.60947489738464,2.60947489738464,-11.0368499755859,-0.55316251516342,-0.55316251516342,-6.47198724746704,0.38417500257492,0.38417500257492,15.7600507736206,5.20605039596558,5.20605039596558,7.84200048446655,5.18100023269653,5.18100023269653,3.93900012969971,1.27995002269745,1.27995002269745,1.1006875038147,-0.70840001106262,-4.68489980697632,0.27774998545647,0.346774995327,1.34282493591309,0.45773750543594,-0.58341246843338,-3.1961874961853,-4.38795042037964,-13.993950843811,-20.2530002593994,2.74695014953613,-1.32795011997223,-13.2550506591797,0.58605003356934,0.05400000140071,-0.69900006055832,-4.68489980697632,-13.5616245269775,-14.2722253799438,1.34282493591309,8.08829975128174,8.80343723297119,-3.1961874961853,-21.5462493896484,-21.7608871459961,-20.2530002593994,-20.4870014190674,-8.38304996490479,-13.2550506591797,-18.4789505004883,-0.90405005216599,-0.69900006055832,-0.85695004463196,5.67000007629395,-14.2722253799438,-10.4043502807617,-0.89581251144409,8.80343723297119,7.06571245193481,-0.29452499747276,-21.7608871459961,-19.4497871398926,-1.17933750152588,7.11900043487549,7.11900043487549,30.0130519866943,7.5730504989624,7.5730504989624,21.1080017089844,5.62200021743774,5.62200021743774,-2.92200016975403,SHAKE
5.92776250839233,6.92106246948242,7.2294750213623,-14.1741876602173,-14.0174369812012,-12.783374786377,-8.78267478942871,-8.84455013275146,-7.94626235961914,46.419002532959,45.0490531921387,29.3860511779785,27.5890522003174,23.776050567627,12.9499502182007,-3.6979501247406,3.23700022697449,7.43100023269653,6.88297510147095,2.60947489738464,2.60947489738464,-11.0368499755859,-0.55316251516342,-0.55316251516342,-6.47198724746704,0.38417500257492,0.38417500257492,15.7600507736206,5.20605039596558,5.20605039596558,7.84200048446655,5.18100023269653,5.18100023269653,3.93900012969971,1.27995002269745,1.27995002269745,1.1006875038147,-0.70840001106262,-4.68489980697632,0.27774998545647,0.346774995327,1.34282493591309,0.45773750543594,-0.58341246843338,-3.1961874961853,-4.38795042037964,-13.993950843811,-20.2530002593994,2.74695014953613,-1.32795011997223,-13.2550506591797,0.58605003356934,0.05400000140071,-0.69900006055832,-4.68489980697632,-13.5616245269775,-14.2722253799438,1.34282493591309,8.08829975128174,8.80343723297119,-3.1961874961853,-21.5462493896484,-21.7608871459961,-20.2530002593994,-20.4870014190674,-8.38304996490479,-13.2550506591797,-18.4789505004883,-0.90405005216599,-0.69900006055832,-0.85695004463196,5.67000007629395,-14.2722253799438,-10.4043502807617,-0.89581251144409,8.80343723297119,7.06571245193481,-0.29452499747276,-21.7608871459961,-19.4497871398926,-1.17933750152588,7.11900043487549,7.11900043487549,30.0130519866943,7.5730504989624,7.5730504989624,21.1080017089844,5.62200021743774,5.62200021743774,-2.92200016975403,4.5974497795105,4.5974497795105,6.97001266479492,-4.93102502822876,-4.93102502822876,-4.97213745117188,6.39168739318848,6.39168739318848,7.46487474441528,46.8960037231445,46.8960037231445,45.6910514831543,28.348051071167,28.348051071167,24.0660018920898,-4.0639500617981,-4.0639500617981,3.72795009613037,7.2881875038147,7.12318754196167,7.12318754196167,-3.70576238632202,-2.73308753967285,-2.73308753967285,8.066575050354,8.59869956970215,8.59869956970215,30.9420013427734,16.1909999847412,10.3020000457764,14.0860509872437,8.04300022125244,6.13395023345947,7.32495021820068,4.08000040054321,2.581050157547,4.01224994659424,1.43976247310638,-0.43230000138283,0.22811250388622,0.76394999027252,0.84315001964569,2.29996252059937,1.12021243572235,0.15001249313355,5.03505039215088,-4.29495000839233,-15.024001121521,4.52205038070679,2.04105019569397,-3.08595013618469,1.60395002365112,1.20600008964539,0.98100006580353,-4.30526256561279,-4.30526256561279,-14.4260873794556,2.42178750038147,2.42178750038147,12.7938251495361,-1.68671250343323,-1.68671250343323,-14.0861873626709,-20.6310005187988,-20.6310005187988,-15.9850511550903,-14.7589502334595,-14.7589502334595,-7.55205059051514,-0.8359500169754,-0.8359500169754,1.66395008563995,-14.4260873794556,-13.2768621444702,-9.62609958648682,12.7938251495361,11.7510251998901,9.42906284332275,-14.0861873626709,-13.5195503234863,-12.1000003814697,-15.9850511550903,-6.639000415802,8.70900058746338,-7.55205059051514,-0.05400000140071,7.84200048446655,1.66395008563995,6.05595016479492,4.12995004653931,SHAKE
6.97001266479492,7.2881875038147,7.12318754196167,-4.97213745117188,-3.70576238632202,-2.73308753967285,7.46487474441528,8.066575050354,8.59869956970215,45.6910514831543,30.9420013427734,16.1909999847412,24.0660018920898,14.0860509872437,8.04300022125244,3.72795009613037,7.32495021820068,4.08000040054321,7.12318754196167,4.01224994659424,1.43976247310638,-2.73308753967285,0.22811250388622,0.76394999027252,8.59869956970215,2.29996252059937,1.12021243572235,10.3020000457764,5.03505039215088,-4.29495000839233,6.13395023345947,4.52205038070679,2.04105019569397,2.581050157547,1.60395002365112,1.20600008964539,-0.43230000138283,-4.30526256561279,-4.30526256561279,0.84315001964569,2.42178750038147,2.42178750038147,0.15001249313355,-1.68671250343323,-1.68671250343323,-15.024001121521,-20.6310005187988,-20.6310005187988,-3.08595013618469,-14.7589502334595,-14.7589502334595,0.98100006580353,-0.8359500169754,-0.8359500169754,-14.4260873794556,-14.4260873794556,-13.2768621444702,12.7938251495361,12.7938251495361,11.7510251998901,-14.0861873626709,-14.0861873626709,-13.5195503234863,-15.9850511550903,-15.9850511550903,-6.639000415802,-7.55205059051514,-7.55205059051514,-0.05400000140071,1.66395008563995,1.66395008563995,6.05595016479492,-9.62609958648682,-9.62609958648682,6.07736253738403,9.42906284332275,9.42906284332275,-1.73057496547699,-12.1000003814697,-12.1000003814697,14.5818748474121,8.70900058746338,8.70900058746338,45.2310028076172,7.84200048446655,7.84200048446655,27.6409511566162,4.12995004653931,4.12995004653931,-5.00805044174194,6.07736253738403,7.34593725204468,7.6293249130249,-1.73057496547699,-0.14794999361038,1.08831250667572,14.5818748474121,16.2390251159668,16.8965492248535,45.2310028076172,45.0630035400391,30.9469509124756,27.6409511566162,25.2270011901855,14.8900508880615,-5.00805044174194,2.22405004501343,5.57505035400391,7.49801254272461,7.49801254272461,2.84625005722046,1.40112495422363,1.40112495422363,1.89557504653931,17.0215377807617,17.0215377807617,2.98484992980957,16.8139514923096,16.8139514923096,6.30195045471191,8.778000831604,8.778000831604,5.85405015945435,3.01200008392334,3.01200008392334,1.05300009250641,1.21233749389648,-0.76614999771118,-4.86241245269775,0.81894999742508,0.55398750305176,0.76037502288818,1.06920003890991,-0.30456250905991,-3.27854990959167,-3.10905003547668,-13.957950592041,-20.791051864624,3.44700026512146,0.17505000531673,-12.6780004501343,1.76895010471344,2.11605000495911,0.4279500246048,-13.9298496246338,-16.7001991271973,-15.6509370803833,4.6197247505188,7.16636228561401,6.46153736114502,-23.023962020874,-24.8762245178223,-24.0708866119385,-20.5999507904053,-17.8860015869141,-7.81305027008057,-19.5540008544922,-10.7550001144409,0.65895003080368,-1.11900007724762,0.54300004243851,5.21100044250488,-11.7477245330811,-2.72373747825623,-2.72373747825623,5.54647493362427,2.20151257514954,2.20151257514954,-21.315113067627,-1.65659999847412,-1.65659999847412,12.5269508361816,33.5220031738281,33.5220031738281,11.6430006027222,21.4500007629395,21.4500007629395,3.76395010948181,-7.39305019378662,-7.39305019378662,SHAKE
2.84363746643066,2.84363746643066,3.06239986419678,4.36768770217896,4.36768770217896,5.72714996337891,9.58883762359619,9.58883762359619,10.065824508667,42.3310508728027,42.3310508728027,15.8110504150391,20.1760501861572,20.1760501861572,7.5450005531311,1.93395006656647,1.93395006656647,3.682950258255,3.06239986419678,1.02176249027252,0.63634997606277,5.72714996337891,2.39153742790222,1.39548754692078,10.065824508667,1.05022501945496,0.92138749361038,15.8110504150391,4.77195024490356,-4.6230001449585,7.5450005531311,4.26600027084351,2.01195001602173,3.682950258255,2.0419499874115,1.32105004787445,0.63634997606277,-1.09766244888306,-5.8335747718811,1.39548754692078,1.33292496204376,3.26672506332397,0.92138749361038,0.13351249694824,-1.93943750858307,-4.6230001449585,-15.8050508499146,-21.1909503936768,2.01195001602173,-3.66495013237,-16.2679500579834,1.32105004787445,1.40700006484985,-0.73500001430511,-13.0234498977661,-14.2638378143311,-12.9387502670288,11.6579370498657,12.9167499542236,11.7691745758057,-9.16753768920898,-9.00817489624023,-8.34528732299805,-19.606050491333,-15.9420003890991,-6.57195043563843,-15.621000289917,-7.17405033111572,-0.8320500254631,-2.50005006790161,1.51005005836487,6.15705013275146,-12.9387502670288,-8.24092483520508,-0.69795000553131,11.7691745758057,8.91756248474121,0.82087498903275,-8.34528732299805,-6.71412515640259,0.45498749613762,-6.57195043563843,9.14100074768066,30.1140022277832,-0.8320500254631,8.3929500579834,21.2710514068604,6.15705013275146,5.0310001373291,-6.97200012207031,4.91328763961792,5.36428737640381,5.36428737640381,2.47128748893738,4.79036235809326,4.79036235809326,13.4783000946045,14.5833873748779,14.5833873748779,43.1809501647949,43.582950592041,43.582950592041,26.6209506988525,22.4029502868652,22.4029502868652,-10.9720506668091,-1.35105001926422,-1.35105001926422,5.53451251983643,5.62017488479614,2.11983752250671,6.51200008392334,6.65005016326904,3.3429000377655,15.3166751861572,15.5585374832153,2.58692502975464,31.6489505767822,17.6880016326904,7.34895038604736,13.2619504928589,6.86505031585693,3.87600016593933,4.99305009841919,2.93805003166199,0.39405003190041,1.68533754348755,0.20831249654293,-2.45519995689392,1.558424949646,1.46410000324249,2.83181238174438,1.49503743648529,0.81798750162125,-0.30153748393059,-0.74805003404617,-8.12700080871582,-14.9140510559082,1.95495009422302,0.34500002861023,-5.94105005264282,1.15305006504059,3.3229501247406,2.15400004386902,-2.45519995689392,-7.75967502593994,-13.1408748626709,2.83181238174438,4.10286235809326,13.1513252258301,-0.30153748393059,-7.30922508239746,-9.41600036621094,-14.9140510559082,-16.3750514984131,-11.695050239563,-5.94105005264282,-13.8679504394531,-4.90095043182373,2.15400004386902,-0.2080500125885,4.5930004119873,-10.941837310791,-10.941837310791,-5.81693744659424,10.7779378890991,10.7779378890991,8.97778701782227,-8.83932495117188,-8.83932495117188,-2.60342502593994,-3.02295017242432,-3.02295017242432,9.65295028686523,-1.10699999332428,-1.10699999332428,5.98605012893677,6.62805032730103,6.62805032730103,2.49495005607605,SHAKE
5.36428737640381,5.36428737640381,5.53451251983643,4.79036235809326,4.79036235809326,6.51200008392334,14.5833873748779,14.5833873748779,15.3166751861572,43.582950592041,43.582950592041,31.6489505767822,22.4029502868652,22.4029502868652,13.2619504928589,-1.35105001926422,-1.35105001926422,4.99305009841919,5.62017488479614,2.11983752250671,1.68533754348755,6.65005016326904,3.3429000377655,1.558424949646,15.5585374832153,2.58692502975464,1.49503743648529,17.6880016326904,7.34895038604736,-0.74805003404617,6.86505031585693,3.87600016593933,1.95495009422302,2.93805003166199,0.39405003190041,1.15305006504059,0.20831249654293,-2.45519995689392,-2.45519995689392,1.46410000324249,2.83181238174438,2.83181238174438,0.81798750162125,-0.30153748393059,-0.30153748393059,-8.12700080871582,-14.9140510559082,-14.9140510559082,0.34500002861023,-5.94105005264282,-5.94105005264282,3.3229501247406,2.15400004386902,2.15400004386902,-7.75967502593994,-13.1408748626709,-10.941837310791,4.10286235809326,13.1513252258301,10.7779378890991,-7.30922508239746,-9.41600036621094,-8.83932495117188,-16.3750514984131,-11.695050239563,-3.02295017242432,-13.8679504394531,-4.90095043182373,-1.10699999332428,-0.2080500125885,4.5930004119873,6.62805032730103,-10.941837310791,-5.81693744659424,1.03069996833801,10.7779378890991,8.97778701782227,-2.44612503051758,-8.83932495117188,-2.60342502593994,-1.21206247806549,-3.02295017242432,9.65295028686523,29.4769515991211,-1.10699999332428,5.98605012893677,20.8300514221191,6.62805032730103,2.49495005607605,-7.5400505065918,5.78421258926392,6.1620626449585,6.73351240158081,-6.50883769989014,-6.19533729553223,-4.19691228866577,1.42298746109009,1.60902500152588,3.15328741073608,44.8500022888184,44.1769523620605,30.8029518127441,29.0760021209717,22.8150005340576,13.4869508743286,-5.9370002746582,4.84905004501343,9.23400020599365,6.73351240158081,6.21609973907471,1.92293751239777,-4.19691228866577,-2.74491238594055,1.17397499084473,3.15328741073608,4.06697511672974,1.22072494029999,30.8029518127441,17.3389511108398,6.92505025863647,13.4869508743286,8.74200057983398,5.7480001449585,9.23400020599365,5.54100036621094,2.90895009040833,0.68337500095367,0.68337500095367,-1.05187499523163,1.32371246814728,1.32371246814728,1.95910000801086,0.72049999237061,0.72049999237061,-0.08992499858141,-1.39200007915497,-1.39200007915497,-8.71095085144043,3.07605004310608,3.07605004310608,0.86505001783371,3.37800025939941,3.37800025939941,4.11600017547607,-4.63361263275146,-13.3736619949341,-13.3736619949341,3.63591241836548,2.89464998245239,2.89464998245239,-2.3038125038147,-20.2236366271973,-20.2236366271973,-16.4779510498047,-16.6069507598877,-16.6069507598877,-6.52695035934448,-15.106050491333,-15.106050491333,3.1560001373291,0.78195005655289,0.78195005655289,-18.2822742462158,-18.5219383239746,-15.5193500518799,11.9767999649048,11.7335624694824,9.64163780212402,-25.0379257202148,-25.2004489898682,-23.2999248504639,-16.4010009765625,-13.9969511032104,-2.56995010375977,-14.2830009460449,-6.86805009841919,1.17195010185242,0.4420500099659,2.72895002365112,6.48705053329468,SHAKE
6.73351240158081,6.21609973907471,1.92293751239777,-4.19691228866577,-2.74491238594055,1.17397499084473,3.15328741073608,4.06697511672974,1.22072494029999,30.8029518127441,17.3389511108398,6.92505025863647,13.4869508743286,8.74200057983398,5.7480001449585,9.23400020599365,5.54100036621094,2.90895009040833,0.68337500095367,0.68337500095367,-1.05187499523163,1.32371246814728,1.32371246814728,1.95910000801086,0.72049999237061,0.72049999237061,-0.08992499858141,-1.39200007915497,-1.39200007915497,-8.71095085144043,3.07605004310608,3.07605004310608,0.86505001783371,3.37800025939941,3.37800025939941,4.11600017547607,-4.63361263275146,-13.3736619949341,-13.3736619949341,3.63591241836548,2.89464998245239,2.89464998245239,-2.3038125038147,-20.2236366271973,-20.2236366271973,-16.4779510498047,-16.6069507598877,-16.6069507598877,-6.52695035934448,-15.106050491333,-15.106050491333,3.1560001373291,0.78195005655289,0.78195005655289,-18.2822742462158,-18.5219383239746,-15.5193500518799,11.9767999649048,11.7335624694824,9.64163780212402,-25.0379257202148,-25.2004489898682,-23.2999248504639,-16.4010009765625,-13.9969511032104,-2.56995010375977,-14.2830009460449,-6.86805009841919,1.17195010185242,0.4420500099659,2.72895002365112,6.48705053329468,-15.5193500518799,0.02653750032187,0.02653750032187,9.64163780212402,-2.06813740730286,-2.06813740730286,-23.2999248504639,-1.76549994945526,-1.76549994945526,-2.56995010375977,37.4539527893066,37.4539527893066,1.17195010185242,24.7939510345459,24.7939510345459,6.48705053329468,-8.57895088195801,-8.57895088195801,2.36472487449646,2.97577500343323,3.08357501029968,-4.06202507019043,-3.27387499809265,-2.71837496757507,-1.24574995040894,-0.99962496757507,-0.66233748197555,45.925952911377,40.5439529418945,24.820951461792,27.3679504394531,19.8600006103516,10.7610006332397,-5.61405038833618,2.20695018768311,4.81095027923584,2.34877490997314,2.34877490997314,1.57079994678497,0.15963749587536,0.15963749587536,1.00925004482269,0.94297498464584,0.94297498464584,0.94297498464584,12.5010004043579,12.5010004043579,3.58200025558472,5.59800004959106,5.59800004959106,2.97000002861023,1.88100004196167,1.88100004196167,1.1340000629425,0.6766374707222,-1.22154998779297,-1.22154998779297,0.95562499761581,1.78227496147156,1.78227496147156,0.87408751249313,0.22577500343323,0.22577500343323,-4.14795017242432,-12.7350006103516,-17.3350505828857,1.05195009708405,-2.0460000038147,-6.63300037384033,3.33795022964478,5.40000009536743,4.83705043792725,-13.7420253753662,-13.7420253753662,-15.078800201416,12.3442001342773,12.3442001342773,14.0963621139526,-10.4911127090454,-10.4911127090454,-10.3823499679565,-20.6089515686035,-20.6089515686035,-18.2980499267578,-17.731050491333,-17.731050491333,-9.30600070953369,-0.52500003576279,-0.52500003576279,2.09505009651184,-13.5971002578735,-6.50443744659424,0.7430499792099,12.5269374847412,8.26058769226074,0.7207750082016,-9.68646240234375,-6.13126230239868,2.71713757514954,-8.10000038146973,10.0650005340576,35.5339508056641,0.59895002841949,12.44700050354,26.4220504760742,7.24200057983398,5.75700044631958,-7.43400049209595,SHAKE
2.36472487449646,2.97577500343323,3.08357501029968,-4.06202507019043,-3.27387499809265,-2.71837496757507,-1.24574995040894,-0.99962496757507,-0.66233748197555,45.925952911377,40.5439529418945,24.820951461792,27.3679504394531,19.8600006103516,10.7610006332397,-5.61405038833618,2.20695018768311,4.81095027923584,2.34877490997314,2.34877490997314,1.57079994678497,0.15963749587536,0.15963749587536,1.00925004482269,0.94297498464584,0.94297498464584,0.94297498464584,12.5010004043579,12.5010004043579,3.58200025558472,5.59800004959106,5.59800004959106,2.97000002861023,1.88100004196167,1.88100004196167,1.1340000629425,0.6766374707222,-1.22154998779297,-1.22154998779297,0.95562499761581,1.78227496147156,1.78227496147156,0.87408751249313,0.22577500343323,0.22577500343323,-4.14795017242432,-12.7350006103516,-17.3350505828857,1.05195009708405,-2.0460000038147,-6.63300037384033,3.33795022964478,5.40000009536743,4.83705043792725,-13.7420253753662,-13.7420253753662,-15.078800201416,12.3442001342773,12.3442001342773,14.0963621139526,-10.4911127090454,-10.4911127090454,-10.3823499679565,-20.6089515686035,-20.6089515686035,-18.2980499267578,-17.731050491333,-17.731050491333,-9.30600070953369,-0.52500003576279,-0.52500003576279,2.09505009651184,-13.5971002578735,-6.50443744659424,0.7430499792099,12.5269374847412,8.26058769226074,0.7207750082016,-9.68646240234375,-6.13126230239868,2.71713757514954,-8.10000038146973,10.0650005340576,35.5339508056641,0.59895002841949,12.44700050354,26.4220504760742,7.24200057983398,5.75700044631958,-7.43400049209595,11.717474937439,13.1481628417969,13.1481628417969,-2.81572508811951,-1.61562502384186,-1.61562502384186,23.8375492095947,25.4548244476318,25.4548244476318,48.6060028076172,46.756950378418,46.756950378418,29.9860515594482,23.4019508361816,23.4019508361816,-8.80905055999756,0.60000002384186,0.60000002384186,13.0629119873047,3.26961255073547,1.54632496833801,-0.16637499630451,1.72727501392365,0.84906250238419,25.6942119598389,3.48081254959106,1.53381252288818,30.3240013122559,4.52505016326904,-4.4719500541687,13.3669509887695,4.73805046081543,2.15100002288818,5.25600004196167,-0.35205000638962,1.14405000209808,1.54632496833801,-0.19030000269413,-4.65423727035522,0.84906250238419,0.94723749160767,2.46881246566772,1.53381252288818,0.60692501068115,-2.1235499382019,-4.4719500541687,-12.2770509719849,-18.5830516815186,2.15100002288818,-1.49805009365082,-9.78900051116943,1.14405000209808,4.07805013656616,4.15694999694824,-14.5366373062134,-17.2499256134033,-16.597074508667,7.91216230392456,10.6929626464844,9.452712059021,-21.2570877075195,-23.1503257751465,-23.0813007354736,-19.2390003204346,-18.492000579834,-10.8259506225586,-16.006950378418,-12.7999505996704,-4.08195018768311,1.4479501247406,2.57595014572144,5.50305032730103,-16.597074508667,-12.695650100708,-2.95020008087158,9.452712059021,7.19881248474121,1.84469997882843,-23.0813007354736,-20.9082508087158,-2.03238749504089,-10.8259506225586,2.59305024147034,25.2450008392334,-4.08195018768311,4.73505020141602,18.598051071167,5.50305032730103,3.78300023078918,-6.2440505027771,SHAKE
13.1481628417969,13.1481628417969,13.0629119873047,-1.61562502384186,-1.61562502384186,-0.16637499630451,25.4548244476318,25.4548244476318,25.6942119598389,46.756950378418,46.756950378418,30.3240013122559,23.4019508361816,23.4019508361816,13.3669509887695,0.60000002384186,0.60000002384186,5.25600004196167,3.26961255073547,1.54632496833801,1.54632496833801,1.72727501392365,0.84906250238419,0.84906250238419,3.48081254959106,1.53381252288818,1.53381252288818,4.52505016326904,-4.4719500541687,-4.4719500541687,4.73805046081543,2.15100002288818,2.15100002288818,-0.35205000638962,1.14405000209808,1.14405000209808,-0.19030000269413,-4.65423727035522,-14.5366373062134,0.94723749160767,2.46881246566772,7.91216230392456,0.60692501068115,-2.1235499382019,-21.2570877075195,-12.2770509719849,-18.5830516815186,-19.2390003204346,-1.49805009365082,-9.78900051116943,-16.006950378418,4.07805013656616,4.15694999694824,1.4479501247406,-17.2499256134033,-16.597074508667,-16.597074508667,10.6929626464844,9.452712059021,9.452712059021,-23.1503257751465,-23.0813007354736,-23.0813007354736,-18.492000579834,-10.8259506225586,-10.8259506225586,-12.7999505996704,-4.08195018768311,-4.08195018768311,2.57595014572144,5.50305032730103,5.50305032730103,-12.695650100708,-2.95020008087158,1.83383750915527,7.19881248474121,1.84469997882843,-1.25991249084473,-20.9082508087158,-2.03238749504089,6.03432512283325,2.59305024147034,25.2450008392334,43.6410026550293,4.73505020141602,18.598051071167,27.5310020446777,3.78300023078918,-6.2440505027771,-10.53600025177,1.83383750915527,4.56458759307861,4.56458759307861,-1.25991249084473,1.86986243724823,1.86986243724823,6.03432512283325,10.1604251861572,10.1604251861572,43.6410026550293,35.1790504455566,35.1790504455566,27.5310020446777,14.623950958252,14.623950958252,-10.53600025177,4.92795038223267,4.92795038223267,3.40037488937378,3.40037488937378,1.35176253318787,2.67533755302429,2.67533755302429,1.61370003223419,4.46586227416992,4.46586227416992,1.22237503528595,8.12295055389404,8.12295055389404,-0.14205001294613,3.86805009841919,3.86805009841919,1.64595007896423,1.64895009994507,1.64895009994507,0.92805004119873,0.3965499997139,-1.55911254882812,-3.61377501487732,1.73607504367828,3.32873749732971,6.32912492752075,0.93279999494553,0.51919996738434,0.71156251430511,-8.1739501953125,-15.189001083374,-17.5369510650635,-0.72900003194809,-7.21200037002563,-13.7839508056641,2.58795022964478,3.41895008087158,1.3330500125885,-10.098687171936,-10.098687171936,-9.98236274719238,17.0741996765137,17.0741996765137,16.5908870697021,1.48101246356964,1.48101246356964,1.65852499008179,-16.0590000152588,-16.0590000152588,-9.61395072937012,-11.0400009155273,-11.0400009155273,-4.59000015258789,1.17300009727478,1.17300009727478,4.59000015258789,-6.27096223831177,-6.27096223831177,6.13071250915527,10.1905374526978,10.1905374526978,-11.4988498687744,0.93884998559952,0.93884998559952,1.95992493629456,18.2850017547607,18.2850017547607,38.1079521179199,12.4159507751465,12.4159507751465,24.9210014343262,-1.09905004501343,-1.09905004501343,-9.87900066375732,SHAKE
4.56458759307861,4.56458759307861,3.40037488937378,1.86986243724823,1.86986243724823,2.67533755302429,10.1604251861572,10.1604251861572,4.46586227416992,35.1790504455566,35.1790504455566,8.12295055389404,14.623950958252,14.623950958252,3.86805009841919,4.92795038223267,4.92795038223267,1.64895009994507,3.40037488937378,1.35176253318787,0.3965499997139,2.67533755302429,1.61370003223419,1.73607504367828,4.46586227416992,1.22237503528595,0.93279999494553,8.12295055389404,-0.14205001294613,-8.1739501953125,3.86805009841919,1.64595007896423,-0.72900003194809,1.64895009994507,0.92805004119873,2.58795022964478,-1.55911254882812,-3.61377501487732,-10.098687171936,3.32873749732971,6.32912492752075,17.0741996765137,0.51919996738434,0.71156251430511,1.48101246356964,-15.189001083374,-17.5369510650635,-16.0590000152588,-7.21200037002563,-13.7839508056641,-11.0400009155273,3.41895008087158,1.3330500125885,1.17300009727478,-10.098687171936,-9.98236274719238,-6.27096223831177,17.0741996765137,16.5908870697021,10.1905374526978,1.48101246356964,1.65852499008179,0.93884998559952,-16.0590000152588,-9.61395072937012,18.2850017547607,-11.0400009155273,-4.59000015258789,12.4159507751465,1.17300009727478,4.59000015258789,-1.09905004501343,-6.27096223831177,6.13071250915527,9.87071228027344,10.1905374526978,-11.4988498687744,-11.0034370422363,0.93884998559952,1.95992493629456,4.78541231155396,18.2850017547607,38.1079521179199,46.7209510803223,12.4159507751465,24.9210014343262,25.9939517974854,-1.09905004501343,-9.87900066375732,-4.0090503692627,9.87071228027344,9.95623779296875,9.93795013427734,-11.0034370422363,-9.71437454223633,-8.53421211242676,4.78541231155396,5.10179996490479,5.72123765945435,46.7209510803223,38.0920524597168,22.3900508880615,25.9939517974854,17.4910507202148,9.55695056915283,-4.0090503692627,4.28400039672852,5.12400007247925,4.32162475585938,4.32162475585938,1.025750041008,2.09976243972778,2.09976243972778,1.07799994945526,3.83212494850159,3.83212494850159,0.69506251811981,10.8649501800537,10.8649501800537,1.97700011730194,5.93505048751831,5.93505048751831,2.88195013999939,2.33400011062622,2.33400011062622,1.40505003929138,0.1567499935627,0.1567499935627,-1.7685250043869,1.09092497825623,1.09092497825623,2.18267488479614,0.49197500944138,0.49197500944138,-0.18603749573231,-5.53005027770996,-5.53005027770996,-13.1539506912231,0.25200000405312,0.25200000405312,-3.58200025558472,2.64105010032654,2.64105010032654,3.59895014762878,-10.1831121444702,-10.1831121444702,-15.480299949646,4.89774990081787,4.89774990081787,12.8354873657227,-5.71133756637573,-5.71133756637573,-16.4496746063232,-17.3860511779785,-17.3860511779785,-14.5879507064819,-11.6100006103516,-11.6100006103516,-8.15595054626465,0.27405002713203,0.27405002713203,1.54905009269714,-15.480299949646,-14.1688251495361,-5.92350006103516,12.8354873657227,11.1535873413086,8.06506252288818,-16.4496746063232,-16.0884628295898,-10.8378877639771,-14.5879507064819,-6.87900018692017,5.81100034713745,-8.15595054626465,-2.18295001983643,4.51500034332275,1.54905009269714,4.48995018005371,3.59895014762878,SHAKE
9.95623779296875,9.93795013427734,4.32162475585938,-9.71437454223633,-8.53421211242676,2.09976243972778,5.10179996490479,5.72123765945435,3.83212494850159,38.0920524597168,22.3900508880615,10.8649501800537,17.4910507202148,9.55695056915283,5.93505048751831,4.28400039672852,5.12400007247925,2.33400011062622,4.32162475585938,1.025750041008,0.1567499935627,2.09976243972778,1.07799994945526,1.09092497825623,3.83212494850159,0.69506251811981,0.49197500944138,10.8649501800537,1.97700011730194,-5.53005027770996,5.93505048751831,2.88195013999939,0.25200000405312,2.33400011062622,1.40505003929138,2.64105010032654,0.1567499935627,-1.7685250043869,-10.1831121444702,1.09092497825623,2.18267488479614,4.89774990081787,0.49197500944138,-0.18603749573231,-5.71133756637573,-5.53005027770996,-13.1539506912231,-17.3860511779785,0.25200000405312,-3.58200025558472,-11.6100006103516,2.64105010032654,3.59895014762878,0.27405002713203,-10.1831121444702,-15.480299949646,-15.480299949646,4.89774990081787,12.8354873657227,12.8354873657227,-5.71133756637573,-16.4496746063232,-16.4496746063232,-17.3860511779785,-14.5879507064819,-14.5879507064819,-11.6100006103516,-8.15595054626465,-8.15595054626465,0.27405002713203,1.54905009269714,1.54905009269714,-14.1688251495361,-5.92350006103516,-1.5995374917984,11.1535873413086,8.06506252288818,0.76738750934601,-16.0884628295898,-10.8378877639771,-1.09601247310638,-6.87900018692017,5.81100034713745,27.3000011444092,-2.18295001983643,4.51500034332275,17.1490516662598,4.48995018005371,3.59895014762878,-3.82695007324219,1.04582500457764,1.56213748455048,1.86931252479553,-1.96528744697571,-1.23653745651245,-0.06311249732971,-0.28558748960495,-0.21312500536442,0.43395000696182,48.9190521240234,49.8060035705566,31.1080513000488,32.2540512084961,28.1350517272949,13.2570009231567,-7.26900053024292,0.95895004272461,6.39105033874512,2.25293755531311,2.25293755531311,0.91671252250671,0.42308750748634,0.42308750748634,1.14166247844696,1.32467496395111,1.32467496395111,0.79392498731613,16.3060512542725,16.3060512542725,-3.01095008850098,6.87600040435791,6.87600040435791,0.79605001211166,3.42105007171631,3.42105007171631,2.12805008888245,-0.32615000009537,-0.32615000009537,-2.92297506332397,1.455162525177,1.455162525177,5.23861265182495,0.41799998283386,0.41799998283386,0.78759998083115,-11.6350507736206,-11.6350507736206,-18.8830509185791,-4.18305015563965,-4.18305015563965,-12.8119506835938,4.55400037765503,4.55400037765503,4.75305032730103,-7.03477478027344,-9.56711292266846,-8.85238742828369,15.412787437439,19.6186370849609,19.0504875183105,6.31661224365234,7.22741222381592,7.61915016174316,-20.238000869751,-17.9680500030518,-9.72900009155273,-15.4680004119873,-11.193000793457,-0.32700002193451,2.94495010375977,3.17205023765564,4.72695016860962,-6.16330003738403,-6.16330003738403,-1.29346251487732,14.8172750473022,14.8172750473022,4.61697483062744,7.24088764190674,7.24088764190674,2.30944991111755,5.44305038452148,5.44305038452148,23.1589508056641,8.00895023345947,8.00895023345947,18.9090003967285,3.22995018959045,3.22995018959045,-6.08295011520386,SHAKE
6.44462490081787,9.26200008392334,9.1436128616333,1.11650002002716,3.86581254005432,5.13933753967285,14.6601123809814,20.2927989959717,20.7427005767822,40.8000030517578,46.384952545166,40.8870010375977,27.4900512695312,27.5430011749268,23.3970012664795,-14.3820009231567,-4.16505002975464,2.65695023536682,9.1436128616333,3.72061252593994,3.72061252593994,5.13933753967285,4.49693727493286,4.49693727493286,20.7427005767822,7.35405015945435,7.35405015945435,40.8870010375977,5.88795042037964,5.88795042037964,23.3970012664795,7.22400045394897,7.22400045394897,2.65695023536682,-1.50195002555847,-1.50195002555847,0.71211248636246,-0.83366250991821,-3.94198751449585,1.02726244926453,0.24598750472069,0.8457624912262,1.17947494983673,0.12856249511242,-1.33718752861023,-5.49405002593994,-17.5290012359619,-23.0569515228271,2.06700015068054,-7.05000019073486,-18.1290016174316,-0.41895002126694,3.16800022125244,5.79000043869019,-12.9853620529175,-15.2011747360229,-15.2011747360229,4.17106246948242,6.38261222839355,6.38261222839355,-18.5211124420166,-20.1603870391846,-20.1603870391846,-21.0930004119873,-17.8789501190186,-17.8789501190186,-14.1340503692627,-8.51294994354248,-8.51294994354248,4.91100025177002,7.01205015182495,7.01205015182495,-14.2727746963501,-11.3411378860474,-1.53422498703003,5.56820011138916,4.00372505187988,0.16293749213219,-20.1107501983643,-19.2996368408203,-1.95029997825623,-10.9140005111694,0.65295004844666,26.3850021362305,-3.95295023918152,2.20905017852783,22.7790012359619,7.86195039749146,4.11600017547607,-6.75405025482178,5.66898727416992,5.66898727416992,12.5350503921509,-4.66716241836548,-4.66716241836548,-2.66365003585815,12.3290748596191,12.3290748596191,19.5900382995605,53.8080024719238,53.8080024719238,32.3460006713867,37.2240028381348,37.2240028381348,13.5750007629395,-11.5729503631592,-11.5729503631592,5.66100025177002,12.5350503921509,12.224437713623,7.84107494354248,-2.66365003585815,-1.82338750362396,0.91753751039505,19.5900382995605,19.6842250823975,7.18822479248047,32.3460006713867,15.211950302124,2.90400004386902,13.5750007629395,6.76905012130737,2.90805006027222,5.66100025177002,2.65995001792908,0.89895004034042,1.86876249313354,-0.01443750038743,-0.01443750038743,0.82018750905991,1.69056248664856,1.69056248664856,1.62964999675751,0.84672498703003,0.84672498703003,-6.5310001373291,-15.1560010910034,-15.1560010910034,-0.40800002217293,-5.00400018692017,-5.00400018692017,2.96595025062561,4.47000026702881,4.47000026702881,-3.22052502632141,-7.45029973983765,-8.48746204376221,6.80872488021851,14.89674949646,16.7050132751465,1.19171249866486,3.59988737106323,3.87859988212585,-19.1290512084961,-18.6840000152588,-13.3690509796143,-14.3929510116577,-13.3320007324219,-6.36195039749146,3.14595007896423,1.88100004196167,6.10395050048828,-7.77920007705688,-7.77920007705688,-4.9951000213623,15.0900745391846,15.0900745391846,9.39523792266846,3.74701237678528,3.74701237678528,2.85876250267029,-4.63500022888184,-4.63500022888184,9.16005039215088,-2.36205005645752,-2.36205005645752,7.03500032424927,7.11495018005371,7.11495018005371,0.3529500067234,SHAKE
12.5350503921509,12.5350503921509,12.224437713623,-2.66365003585815,-2.66365003585815,-1.82338750362396,19.5900382995605,19.5900382995605,19.6842250823975,32.3460006713867,32.3460006713867,15.211950302124,13.5750007629395,13.5750007629395,6.76905012130737,5.66100025177002,5.66100025177002,2.65995001792908,7.84107494354248,1.86876249313354,-0.01443750038743,0.91753751039505,0.82018750905991,1.69056248664856,7.18822479248047,1.62964999675751,0.84672498703003,2.90400004386902,-6.5310001373291,-15.1560010910034,2.90805006027222,-0.40800002217293,-5.00400018692017,0.89895004034042,2.96595025062561,4.47000026702881,-0.01443750038743,-3.22052502632141,-7.45029973983765,1.69056248664856,6.80872488021851,14.89674949646,0.84672498703003,1.19171249866486,3.59988737106323,-15.1560010910034,-19.1290512084961,-18.6840000152588,-5.00400018692017,-14.3929510116577,-13.3320007324219,4.47000026702881,3.14595007896423,1.88100004196167,-8.48746204376221,-7.77920007705688,-7.77920007705688,16.7050132751465,15.0900745391846,15.0900745391846,3.87859988212585,3.74701237678528,3.74701237678528,-13.3690509796143,-4.63500022888184,-4.63500022888184,-6.36195039749146,-2.36205005645752,-2.36205005645752,6.10395050048828,7.11495018005371,7.11495018005371,-4.9951000213623,-0.60554999113083,11.9941253662109,9.39523792266846,1.23447501659393,-3.5378749370575,2.85876250267029,0.50875002145767,17.7894744873047,9.16005039215088,31.4740524291992,47.60205078125,7.03500032424927,22.6810512542725,29.3989505767822,0.3529500067234,-11.695050239563,-10.4710502624512,11.9941253662109,12.8066120147705,12.9956750869751,-3.5378749370575,-1.644087433815,-1.20216250419617,17.7894744873047,19.0279369354248,19.3230133056641,47.60205078125,27.6199512481689,27.6199512481689,29.3989505767822,10.8139505386353,10.8139505386353,-10.4710502624512,6.11805009841919,6.11805009841919,1.75793743133545,1.75793743133545,0.7566624879837,1.56983745098114,1.56983745098114,1.28974997997284,1.58757495880127,1.58757495880127,0.82774996757507,4.28805017471313,4.28805017471313,-4.68705034255981,3.4830002784729,3.4830002784729,0.60900002717972,1.23195004463196,1.23195004463196,2.78205013275146,-0.70620000362396,-3.34056258201599,-3.34056258201599,2.2430374622345,7.66727495193481,7.66727495193481,0.47025001049042,1.01777493953705,1.01777493953705,-13.992000579834,-19.1839504241943,-19.1839504241943,-4.6210503578186,-13.689001083374,-13.689001083374,3.52905011177063,2.41305017471313,2.41305017471313,-7.18190002441406,-8.2189245223999,-7.18561267852783,15.6110620498657,17.2276496887207,15.5236120223999,5.1669750213623,5.6999249458313,5.82394981384277,-19.4359512329102,-14.9329509735107,-4.80900001525879,-15.6190509796143,-7.66305017471313,0.09405000507832,3.14595007896423,5.59095048904419,6.264000415802,-7.18561267852783,-4.60638761520386,-0.12498749792576,15.5236120223999,9.82299995422363,2.60699987411499,5.82394981384277,5.25071239471436,2.08835005760193,-4.80900001525879,11.7990007400513,32.6809501647949,0.09405000507832,11.0820007324219,23.5990505218506,6.264000415802,-0.8359500169754,-13.2880506515503,SHAKE
-0.12498749792576,6.39911270141602,6.53097486495972,2.60699987411499,3.3871750831604,4.96306228637695,2.08835005760193,16.6555118560791,17.289249420166,32.6809501647949,51.7500038146973,48.2539520263672,23.5990505218506,33.9000015258789,26.275951385498,-13.2880506515503,-13.0740003585815,2.59800004959106,6.45672512054443,6.45672512054443,0.93664997816086,6.03074979782104,6.03074979782104,2.2121000289917,17.5520114898682,17.5520114898682,1.54439997673035,26.2219505310059,26.2219505310059,-2.18204998970032,12.7129507064819,12.7129507064819,2.95305013656616,7.69905042648315,7.69905042648315,-0.73500001430511,0.06407500058413,0.06407500058413,-2.31068754196167,1.09669995307922,1.09669995307922,2.1898250579834,0.47162500023842,0.47162500023842,-0.28008750081062,-12.72705078125,-12.72705078125,-22.7170505523682,-1.1580001115799,-1.1580001115799,-14.2440004348755,2.25705003738403,2.25705003738403,7.62900018692017,-7.58615016937256,-7.58615016937256,-12.7626123428345,4.84027481079102,4.84027481079102,14.2884502410889,-5.3886251449585,-5.3886251449585,-5.65743732452393,-24.4369506835938,-24.4369506835938,-12.7390508651733,-18.9100513458252,-18.9100513458252,-2.01300001144409,6.14505052566528,6.14505052566528,6.09900045394897,-10.4341878890991,-4.82308769226074,-4.82308769226074,11.871337890625,8.50093746185303,8.50093746185303,-5.17687511444092,0.04138749837875,0.04138749837875,2.43705010414124,28.3219509124756,28.3219509124756,6.02595043182373,22.0729503631592,22.0729503631592,3.69195008277893,-7.14195013046265,-7.14195013046265,4.02861261367798,11.0757627487183,11.0757627487183,-3.47737503051758,-2.90372490882874,-2.90372490882874,13.7285499572754,20.890100479126,20.890100479126,52.7590522766113,51.8370018005371,51.8370018005371,35.3530502319336,26.6910018920898,26.6910018920898,-9.64995002746582,4.69095039367676,4.69095039367676,11.5971622467041,11.4676370620728,8.28299999237061,-1.77636253833771,-0.84039998054504,1.96899998188019,21.7347621917725,21.9513244628906,9.32359981536865,32.1210021972656,15.5419511795044,4.08000040054321,12.8659505844116,6.78795051574707,4.41405010223389,9.08100032806396,3.81900024414062,0.2119500041008,1.47606253623962,1.47606253623962,-0.29370000958443,1.04830002784729,1.04830002784729,1.70060002803802,1.84098744392395,1.84098744392395,0.88206249475479,-4.94400024414062,-4.94400024414062,-13.396050453186,1.09305000305176,1.09305000305176,-2.64000010490417,0.61005002260208,0.61005002260208,3.69900012016296,-4.13380002975464,-10.4722747802734,-12.2346124649048,5.11829996109009,13.9895248413086,16.5738372802734,-0.39160001277924,-4.40563726425171,-4.38294982910156,-21.0360012054443,-21.5959510803223,-17.8290004730225,-13.9710006713867,-17.0800514221191,-8.97000026702881,3.47700023651123,1.8840000629425,3.59400010108948,-11.3236751556396,-11.3236751556396,-1.16943752765656,15.0896625518799,15.0896625518799,2.55268740653992,-4.22235012054443,-4.22235012054443,1.11567497253418,-9.13695049285889,-9.13695049285889,32.0539512634277,-1.49295008182526,-1.49295008182526,23.5909519195557,5.20800018310547,5.20800018310547,-8.75895023345947,SHAKE
11.0757627487183,11.0757627487183,11.5971622467041,-2.90372490882874,-2.90372490882874,-1.77636253833771,20.890100479126,20.890100479126,21.7347621917725,51.8370018005371,51.8370018005371,32.1210021972656,26.6910018920898,26.6910018920898,12.8659505844116,4.69095039367676,4.69095039367676,9.08100032806396,11.4676370620728,8.28299999237061,1.47606253623962,-0.84039998054504,1.96899998188019,1.04830002784729,21.9513244628906,9.32359981536865,1.84098744392395,15.5419511795044,4.08000040054321,-4.94400024414062,6.78795051574707,4.41405010223389,1.09305000305176,3.81900024414062,0.2119500041008,0.61005002260208,1.47606253623962,-0.29370000958443,-4.13380002975464,1.04830002784729,1.70060002803802,5.11829996109009,1.84098744392395,0.88206249475479,-0.39160001277924,-4.94400024414062,-13.396050453186,-21.0360012054443,1.09305000305176,-2.64000010490417,-13.9710006713867,0.61005002260208,3.69900012016296,3.47700023651123,-10.4722747802734,-12.2346124649048,-11.3236751556396,13.9895248413086,16.5738372802734,15.0896625518799,-4.40563726425171,-4.38294982910156,-4.22235012054443,-21.5959510803223,-17.8290004730225,-9.13695049285889,-17.0800514221191,-8.97000026702881,-1.49295008182526,1.8840000629425,3.59400010108948,5.20800018310547,-11.3236751556396,-1.16943752765656,5.29333734512329,15.0896625518799,2.55268740653992,0.6513375043869,-4.22235012054443,1.11567497253418,15.3531122207642,-9.13695049285889,32.0539512634277,50.776050567627,-1.49295008182526,23.5909519195557,30.8839511871338,5.20800018310547,-8.75895023345947,-7.33800029754639,5.29333734512329,6.52973747253418,6.88682508468628,0.6513375043869,2.2786500453949,3.34894990921021,15.3531122207642,17.4561748504639,18.0885372161865,50.776050567627,45.925952911377,28.6699504852295,30.8839511871338,21.0000019073486,10.3300504684448,-7.33800029754639,1.84995007514954,4.79400014877319,6.79896259307861,2.56643748283386,1.26898753643036,3.24720001220703,2.32952499389648,1.26788747310638,17.7845249176025,3.65351247787476,1.58661246299744,14.6280002593994,4.33605003356934,-3.31005024909973,5.7199501991272,3.1279501914978,1.03694999217987,1.58700013160706,-0.06705000251532,1.16505002975464,1.26898753643036,-0.08786249905825,-2.5115749835968,1.26788747310638,1.6854749917984,4.38047504425049,1.58661246299744,1.05338752269745,0.64542502164841,-3.31005024909973,-11.1180009841919,-16.3849506378174,1.03694999217987,-1.84800004959106,-10.5580501556396,1.16505002975464,3.65595006942749,2.7529501914978,-7.63413763046265,-9.74421215057373,-9.13687515258789,15.7371501922607,18.6542129516602,17.5573749542236,3.4036750793457,3.57458758354187,3.67400002479553,-17.4169502258301,-15.2590503692627,-8.99400043487549,-13.9830007553101,-9.38895034790039,-2.09895014762878,-0.69495004415512,-0.37395000457764,2.39205002784729,-9.13687515258789,-6.95378732681274,-2.16947507858276,17.5573749542236,14.3295621871948,3.16731238365173,3.67400002479553,3.75650000572205,0.43766251206398,-8.99400043487549,2.4060001373291,19.0270500183105,-2.09895014762878,4.44105005264282,11.0850009918213,2.39205002784729,3.29700016975403,-3.54495024681091,SHAKE
6.52973747253418,6.88682508468628,6.79896259307861,2.2786500453949,3.34894990921021,3.24720001220703,17.4561748504639,18.0885372161865,17.7845249176025,45.925952911377,28.6699504852295,14.6280002593994,21.0000019073486,10.3300504684448,5.7199501991272,1.84995007514954,4.79400014877319,1.58700013160706,2.56643748283386,1.26898753643036,1.26898753643036,2.32952499389648,1.26788747310638,1.26788747310638,3.65351247787476,1.58661246299744,1.58661246299744,4.33605003356934,-3.31005024909973,-3.31005024909973,3.1279501914978,1.03694999217987,1.03694999217987,-0.06705000251532,1.16505002975464,1.16505002975464,-0.08786249905825,-2.5115749835968,-7.63413763046265,1.6854749917984,4.38047504425049,15.7371501922607,1.05338752269745,0.64542502164841,3.4036750793457,-11.1180009841919,-16.3849506378174,-17.4169502258301,-1.84800004959106,-10.5580501556396,-13.9830007553101,3.65595006942749,2.7529501914978,-0.69495004415512,-9.74421215057373,-9.13687515258789,-9.13687515258789,18.6542129516602,17.5573749542236,17.5573749542236,3.57458758354187,3.67400002479553,3.67400002479553,-15.2590503692627,-8.99400043487549,-8.99400043487549,-9.38895034790039,-2.09895014762878,-2.09895014762878,-0.37395000457764,2.39205002784729,2.39205002784729,-6.95378732681274,-2.16947507858276,-2.16947507858276,14.3295621871948,3.16731238365173,3.16731238365173,3.75650000572205,0.43766251206398,0.43766251206398,2.4060001373291,19.0270500183105,19.0270500183105,4.44105005264282,11.0850009918213,11.0850009918213,3.29700016975403,-3.54495024681091,-3.54495024681091,-5.72275018692017,-5.72275018692017,-6.08519983291626,10.9212121963501,10.9212121963501,12.8445625305176,1.20408749580383,1.20408749580383,1.52569997310638,47.4660034179688,47.4660034179688,39.9070510864258,27.8950519561768,27.8950519561768,18.7369518280029,0.52605003118515,0.52605003118515,8.97300052642822,-5.60463762283325,-5.60463762283325,-5.0404748916626,13.359637260437,13.359637260437,12.1774120330811,2.33034992218018,2.33034992218018,2.18006253242493,23.1730518341064,23.1730518341064,12.4410009384155,9.83205032348633,9.83205032348633,7.01805019378662,6.08700037002563,6.08700037002563,1.50795006752014,0.62741249799728,0.01512499991804,-1.58441245555878,2.48049998283386,1.48747503757477,1.49380004405975,1.06383752822876,0.35585001111031,-0.86570000648499,3.40200018882751,-4.95300006866455,-15.178050994873,4.6560001373291,2.19405007362366,-1.90500009059906,0.31800001859665,0.30300000309944,-0.95295006036758,-6.49508762359619,-8.16777515411377,-8.16777515411377,0.29713749885559,2.90881252288818,2.90881252288818,-7.03271245956421,-20.9031620025635,-20.9031620025635,-22.734001159668,-24.3670520782471,-24.3670520782471,-14.5699510574341,-19.021951675415,-19.021951675415,-2.44500017166138,0.56400001049042,0.56400001049042,-8.16777515411377,-2.01176238059998,-2.01176238059998,2.90881252288818,1.31560003757477,1.31560003757477,-20.9031620025635,-14.3882751464844,-14.3882751464844,-24.3670520782471,16.4410514831543,16.4410514831543,-19.021951675415,14.4880504608154,14.4880504608154,0.56400001049042,0.04395000264049,0.04395000264049,SHAKE
-5.72275018692017,-6.08519983291626,-5.60463762283325,10.9212121963501,12.8445625305176,13.359637260437,1.20408749580383,1.52569997310638,2.33034992218018,47.4660034179688,39.9070510864258,23.1730518341064,27.8950519561768,18.7369518280029,9.83205032348633,0.52605003118515,8.97300052642822,6.08700037002563,-5.60463762283325,-5.0404748916626,0.62741249799728,13.359637260437,12.1774120330811,2.48049998283386,2.33034992218018,2.18006253242493,1.06383752822876,23.1730518341064,12.4410009384155,3.40200018882751,9.83205032348633,7.01805019378662,4.6560001373291,6.08700037002563,1.50795006752014,0.31800001859665,0.01512499991804,-1.58441245555878,-6.49508762359619,1.48747503757477,1.49380004405975,0.29713749885559,0.35585001111031,-0.86570000648499,-7.03271245956421,-4.95300006866455,-15.178050994873,-22.734001159668,2.19405007362366,-1.90500009059906,-14.5699510574341,0.30300000309944,-0.95295006036758,-2.44500017166138,-8.16777515411377,-8.16777515411377,-8.16777515411377,2.90881252288818,2.90881252288818,2.90881252288818,-20.9031620025635,-20.9031620025635,-20.9031620025635,-24.3670520782471,-24.3670520782471,-24.3670520782471,-19.021951675415,-19.021951675415,-19.021951675415,0.56400001049042,0.56400001049042,0.56400001049042,-2.01176238059998,-2.01176238059998,0.95974999666214,1.31560003757477,1.31560003757477,-1.61975002288818,-14.3882751464844,-14.3882751464844,1.24561250209808,16.4410514831543,16.4410514831543,42.0070533752441,14.4880504608154,14.4880504608154,26.5399513244629,0.04395000264049,0.04395000264049,-4.48395013809204,5.14208745956421,5.14208745956421,5.88912487030029,-1.79753744602203,-1.79753744602203,-0.66632497310638,15.2747373580933,15.2747373580933,16.1002864837646,51.180004119873,51.180004119873,41.506950378418,28.1059513092041,28.1059513092041,19.0740013122559,2.31495022773743,2.31495022773743,9.45195007324219,6.14418745040894,5.39412498474121,2.09398746490479,-0.11384999752045,0.02406249940395,0.72476249933243,16.2679004669189,14.8345994949341,1.74941253662109,23.5510501861572,11.5189504623413,0.75600004196167,10.85205078125,7.60200023651123,4.13700008392334,7.66305017471313,1.15095007419586,-1.01805007457733,2.09398746490479,0.69506251811981,-1.34736251831055,0.72476249933243,0.4809750020504,0.37166249752045,1.74941253662109,0.66715002059937,-0.94489997625351,0.75600004196167,-7.68795013427734,-16.465950012207,4.13700008392334,1.72005009651184,-2.74095010757446,-1.01805007457733,-1.04205000400543,-1.76805007457733,-6.31867504119873,-8.02931213378906,-8.38227462768555,-2.23134994506836,1.44842493534088,0.33948749303818,-10.1114749908447,-24.4244003295898,-25.2631492614746,-21.8719501495361,-21.189001083374,-17.8339500427246,-16.0740013122559,-16.9980010986328,-7.90905046463013,-2.37105011940002,-0.48405003547669,3.05505013465881,-8.38227462768555,-6.83663749694824,-1.77773749828339,0.33948749303818,-0.70097500085831,1.3527250289917,-25.2631492614746,-24.1172256469727,-15.0598249435425,-17.8339500427246,-8.81400012969971,8.13495063781738,-7.90905046463013,0.44595003128052,10.1070003509521,3.05505013465881,5.41605043411255,3.87195014953613,SHAKE
5.14208745956421,5.14208745956421,5.88912487030029,-1.79753744602203,-1.79753744602203,-0.66632497310638,15.2747373580933,15.2747373580933,16.1002864837646,51.180004119873,51.180004119873,41.506950378418,28.1059513092041,28.1059513092041,19.0740013122559,2.31495022773743,2.31495022773743,9.45195007324219,6.14418745040894,5.39412498474121,2.09398746490479,-0.11384999752045,0.02406249940395,0.72476249933243,16.2679004669189,14.8345994949341,1.74941253662109,23.5510501861572,11.5189504623413,0.75600004196167,10.85205078125,7.60200023651123,4.13700008392334,7.66305017471313,1.15095007419586,-1.01805007457733,2.09398746490479,0.69506251811981,-1.34736251831055,0.72476249933243,0.4809750020504,0.37166249752045,1.74941253662109,0.66715002059937,-0.94489997625351,0.75600004196167,-7.68795013427734,-16.465950012207,4.13700008392334,1.72005009651184,-2.74095010757446,-1.01805007457733,-1.04205000400543,-1.76805007457733,-6.31867504119873,-8.02931213378906,-8.38227462768555,-2.23134994506836,1.44842493534088,0.33948749303818,-10.1114749908447,-24.4244003295898,-25.2631492614746,-21.8719501495361,-21.189001083374,-17.8339500427246,-16.0740013122559,-16.9980010986328,-7.90905046463013,-2.37105011940002,-0.48405003547669,3.05505013465881,-8.38227462768555,-6.83663749694824,-1.77773749828339,0.33948749303818,-0.70097500085831,1.3527250289917,-25.2631492614746,-24.1172256469727,-15.0598249435425,-17.8339500427246,-8.81400012969971,8.13495063781738,-7.90905046463013,0.44595003128052,10.1070003509521,3.05505013465881,5.41605043411255,3.87195014953613,6.67026233673096,6.67026233673096,8.49488735198975,-4.04126262664795,-4.04126262664795,-2.41339993476868,16.5805740356445,16.5805740356445,18.9683990478516,49.0750541687012,49.0750541687012,47.7529525756836,30.2209510803223,30.2209510803223,26.7139511108398,-4.14600038528442,-4.14600038528442,4.83000040054321,8.6200122833252,8.13147449493408,8.13147449493408,-1.08886253833771,-0.32986250519753,-0.32986250519753,19.5599250793457,19.5403995513916,19.5403995513916,30.3990020751953,13.0249509811401,13.0249509811401,15.5320510864258,7.06095027923584,7.06095027923584,9.08100032806396,5.20095014572144,5.20095014572144,1.13533747196198,1.13533747196198,-0.80121248960495,1.06397497653961,1.06397497653961,0.83709996938705,1.44581246376038,1.44581246376038,0.02571249939501,-6.57705020904541,-6.57705020904541,-16.7869510650635,0.92700004577637,0.92700004577637,-3.91395020484924,-0.09105000644922,-0.09105000644922,-1.89705014228821,-6.12012481689453,-10.0633497238159,-10.0633497238159,1.25496244430542,6.28842496871948,6.28842496871948,-3.88286256790161,-15.2631874084473,-15.2631874084473,-21.574951171875,-20.7790508270264,-20.7790508270264,-15.2740507125854,-15.7750511169434,-15.7750511169434,-3.7390501499176,-4.0570502281189,-4.0570502281189,-9.38547515869141,-9.38547515869141,-3.7844123840332,5.60986232757568,5.60986232757568,4.35833740234375,-14.678674697876,-14.678674697876,-10.6847124099731,-4.69500017166138,-4.69500017166138,14.203950881958,3.175950050354,3.175950050354,13.7530508041382,6.68100023269653,6.68100023269653,4.85100030899048,SHAKE
9.07719993591309,9.07719993591309,7.82416248321533,-0.2080374956131,-0.2080374956131,0.32023748755455,21.6963996887207,21.6963996887207,20.4125633239746,26.2480506896973,26.2480506896973,13.9140005111694,11.7820501327515,11.7820501327515,6.74205017089844,5.25405025482178,5.25405025482178,2.08500003814697,2.75041246414185,1.32921254634857,1.32921254634857,1.01103746891022,0.23457500338554,0.23457500338554,2.64701247215271,1.48651254177094,1.48651254177094,4.78200006484985,-3.1519501209259,-3.1519501209259,3.78000020980835,1.69605004787445,1.69605004787445,0.18300001323223,-0.49305000901222,-0.49305000901222,-3.15466237068176,-3.15466237068176,-8.66662502288818,-0.518374979496,-0.518374979496,1.32563745975494,-2.37902498245239,-2.37902498245239,-24.2312126159668,-19.0480518341064,-19.0480518341064,-21.2730007171631,-9.67905044555664,-9.67905044555664,-18.7279510498047,-2.62005019187927,-2.62005019187927,-5.58495044708252,-10.2576370239258,-9.16121292114258,-6.35387516021729,1.07538747787476,0.55701249837875,0.69148749113083,-26.0229740142822,-25.0716133117676,-22.0939121246338,-18.0280513763428,-10.3159503936768,7.26000022888184,-11.2309503555298,0.60405004024506,11.0700006484985,-4.60605001449585,0.97395002841949,4.75800037384033,-0.12897500395775,5.11678743362427,5.11678743362427,0.03671250119805,3.4435498714447,3.4435498714447,0.74786251783371,17.4817504882812,17.4817504882812,27.8260517120361,42.8430023193359,42.8430023193359,20.4040508270264,26.2860012054443,26.2860012054443,-0.88605004549027,-4.3090500831604,-4.3090500831604,3.49593758583069,2.95501255989075,2.95501255989075,8.60722541809082,10.6705503463745,10.6705503463745,20.6743621826172,20.8344116210938,20.8344116210938,48.6580505371094,35.8740005493164,35.8740005493164,26.5519504547119,13.9080009460449,13.9080009460449,2.7199501991272,11.5140008926392,11.5140008926392,-0.45292499661446,-0.43614998459816,0.85236251354217,7.09953737258911,7.46157503128052,2.67698740959167,15.9806623458862,5.75190019607544,2.19670009613037,6.45600032806396,6.45600032806396,-3.3270001411438,4.36199998855591,4.36199998855591,3.19500017166138,1.07400000095367,1.07400000095367,-0.1249500066042,-0.46035000681877,-4.02297496795654,-10.4025621414185,1.30666244029999,1.57630002498627,4.82184982299805,0.90584999322891,-1.46973752975464,-17.4316997528076,-11.5540504455566,-19.2750015258789,-20.2840518951416,1.4230500459671,-7.83495044708252,-17.5369510650635,0.25304999947548,-0.85005003213882,-3.15405011177063,-14.4977245330811,-14.037787437439,-14.037787437439,10.0671997070312,9.65511226654053,9.65511226654053,-20.2382125854492,-19.8763122558594,-19.8763122558594,-21.5170516967773,-16.5880508422852,-16.5880508422852,-14.4670505523682,-4.94895029067993,-4.94895029067993,-1.79595005512238,-1.09905004501343,-1.09905004501343,-4.16569995880127,-4.16569995880127,-4.16569995880127,4.9754376411438,4.9754376411438,4.9754376411438,-2.05163741111755,-2.05163741111755,-2.05163741111755,13.8949508666992,13.8949508666992,13.8949508666992,15.2299509048462,15.2299509048462,15.2299509048462,2.38905000686646,2.38905000686646,2.38905000686646,SHAKE
2.95501255989075,2.95501255989075,-0.45292499661446,10.6705503463745,10.6705503463745,7.09953737258911,20.8344116210938,20.8344116210938,15.9806623458862,35.8740005493164,35.8740005493164,6.45600032806396,13.9080009460449,13.9080009460449,4.36199998855591,11.5140008926392,11.5140008926392,1.07400000095367,-0.43614998459816,0.85236251354217,-0.46035000681877,7.46157503128052,2.67698740959167,1.30666244029999,5.75190019607544,2.19670009613037,0.90584999322891,6.45600032806396,-3.3270001411438,-11.5540504455566,4.36199998855591,3.19500017166138,1.4230500459671,1.07400000095367,-0.1249500066042,0.25304999947548,-4.02297496795654,-10.4025621414185,-14.4977245330811,1.57630002498627,4.82184982299805,10.0671997070312,-1.46973752975464,-17.4316997528076,-20.2382125854492,-19.2750015258789,-20.2840518951416,-21.5170516967773,-7.83495044708252,-17.5369510650635,-14.4670505523682,-0.85005003213882,-3.15405011177063,-1.79595005512238,-14.037787437439,-14.037787437439,-4.16569995880127,9.65511226654053,9.65511226654053,4.9754376411438,-19.8763122558594,-19.8763122558594,-2.05163741111755,-16.5880508422852,-16.5880508422852,13.8949508666992,-4.94895029067993,-4.94895029067993,15.2299509048462,-1.09905004501343,-1.09905004501343,2.38905000686646,-4.16569995880127,-4.16569995880127,2.23561239242554,4.9754376411438,4.9754376411438,2.35496258735657,-2.05163741111755,-2.05163741111755,3.95422506332397,13.8949508666992,13.8949508666992,34.6309509277344,15.2299509048462,15.2299509048462,22.8250503540039,2.38905000686646,2.38905000686646,-6.34395027160645,2.23561239242554,4.43836259841919,4.43836259841919,2.35496258735657,8.42930030822754,8.42930030822754,3.95422506332397,24.4424114227295,24.4424114227295,41.4520530700684,42.5059509277344,42.5059509277344,25.2199516296387,19.4929504394531,19.4929504394531,-7.17600011825562,8.00295066833496,8.00295066833496,4.10533761978149,2.66186237335205,1.25743746757507,9.96765041351318,8.09077453613281,5.22596263885498,24.9697246551514,22.401086807251,4.42763757705688,30.598051071167,16.3020000457764,5.64900016784668,13.0579509735107,7.28805017471313,3.95895028114319,12.3790502548218,6.99195051193237,3.02595019340515,1.10522496700287,-0.38885000348091,-0.38885000348091,3.1574125289917,2.97000002861023,2.97000002861023,2.29900002479553,0.99591249227524,0.99591249227524,-1.57905006408691,-10.0519504547119,-10.0519504547119,2.757000207901,-0.16605000197887,-0.16605000197887,1.36395001411438,1.71105003356934,1.71105003356934,-3.72171258926392,-12.2409372329712,-15.0569372177124,4.90751266479492,14.0013494491577,17.8754119873047,-0.81372499465942,-8.7878999710083,-8.68505001068115,-20.5350017547607,-21.7780513763428,-18.480001449585,-13.9740009307861,-17.53005027771,-9.17205047607422,-1.46100008487701,-3.03705024719238,1.21995007991791,-14.1205625534058,-11.1121997833252,-11.1121997833252,16.7550621032715,13.9327373504639,13.9327373504639,-7.90872478485107,-6.08080005645752,-6.08080005645752,-13.8510007858276,-0.07500000298023,-0.07500000298023,-1.45200002193451,9.99195003509521,9.99195003509521,3.7260000705719,3.43305015563965,3.43305015563965,SHAKE
-15.0569372177124,-14.1205625534058,-11.1121997833252,17.8754119873047,16.7550621032715,13.9327373504639,-8.68505001068115,-7.90872478485107,-6.08080005645752,-18.480001449585,-13.8510007858276,-0.07500000298023,-9.17205047607422,-1.45200002193451,9.99195003509521,1.21995007991791,3.7260000705719,3.43305015563965,-11.1121997833252,-1.22484993934631,7.21641254425049,13.9327373504639,4.95068740844727,0.28146249055862,-6.08080005645752,3.63508749008179,20.6233501434326,-0.07500000298023,26.3269519805908,46.756950378418,9.99195003509521,28.6330509185791,31.8210010528564,3.43305015563965,-1.75305008888245,-8.13600063323975,8.25247478485107,8.81663703918457,7.69628763198853,3.8920750617981,5.76592493057251,6.22008752822876,27.9507255554199,28.8554744720459,27.4157123565674,46.3260040283203,39.3420028686523,22.5889511108398,26.8729515075684,20.6140518188477,14.3940010070801,-1.399050116539,10.0800008773804,8.52495002746582,2.82603740692139,1.9626749753952,1.9626749753952,6.80625009536743,3.19701242446899,3.19701242446899,10.5556001663208,2.9412624835968,2.9412624835968,6.62805032730103,-3.96405029296875,-3.96405029296875,8.24595069885254,4.921950340271,4.921950340271,3.6870002746582,1.16295003890991,1.16295003890991,-0.09501250088215,-10.4883623123169,-10.4883623123169,2.01767492294312,-0.06366249918938,-0.06366249918938,0.7012500166893,-22.0499114990234,-22.0499114990234,-12.4590005874634,-30.3190517425537,-30.3190517425537,2.81205010414124,-19.1470508575439,-19.1470508575439,2.46105003356934,0.97395002841949,0.97395002841949,-14.4513874053955,-15.1093244552612,-11.5211248397827,6.41134977340698,6.51667499542236,5.68026256561279,-30.7346878051758,-31.0803623199463,-27.1136245727539,-31.7200508117676,-25.677001953125,-10.300950050354,-25.8120002746582,-9.46605014801025,7.93005037307739,-1.27395009994507,1.4479501247406,8.21100044250488,-6.03954982757568,-6.03954982757568,1.96776247024536,6.3281626701355,6.3281626701355,0.45251250267029,-7.71196222305298,-7.71196222305298,8.09833717346191,26.9359512329102,26.9359512329102,58.2120018005371,32.7520523071289,32.7520523071289,38.6730003356934,-1.22895002365112,-1.22895002365112,-9.87900066375732,6.78713750839233,7.80779981613159,7.80779981613159,-1.05173754692078,1.04101252555847,1.04101252555847,26.8509998321533,28.7418994903564,28.7418994903564,54.6169509887695,39.025951385498,39.025951385498,21.3259506225586,11.8750505447388,11.8750505447388,-3.65205025672913,7.76595020294189,7.76595020294189,4.8423376083374,4.8423376083374,2.66901254653931,1.99430000782013,1.99430000782013,3.25503754615784,21.4435367584229,21.4435367584229,4.46600008010864,7.39200019836426,7.39200019836426,-2.25600004196167,4.61595010757446,4.61595010757446,1.49505007266998,3.22995018959045,3.22995018959045,1.37100005149841,2.03541254997253,-0.80093747377396,-0.80093747377396,2.97659993171692,4.50711250305176,4.50711250305176,2.86989998817444,1.06974995136261,1.06974995136261,-9.82200050354004,-20.1019515991211,-20.1019515991211,0.44100001454353,-4.51605033874512,-4.51605033874512,3.17700004577637,2.66505002975464,2.66505002975464,SHAKE
6.78713750839233,7.80779981613159,7.80779981613159,-1.05173754692078,1.04101252555847,1.04101252555847,26.8509998321533,28.7418994903564,28.7418994903564,54.6169509887695,39.025951385498,39.025951385498,21.3259506225586,11.8750505447388,11.8750505447388,-3.65205025672913,7.76595020294189,7.76595020294189,4.8423376083374,4.8423376083374,2.66901254653931,1.99430000782013,1.99430000782013,3.25503754615784,21.4435367584229,21.4435367584229,4.46600008010864,7.39200019836426,7.39200019836426,-2.25600004196167,4.61595010757446,4.61595010757446,1.49505007266998,3.22995018959045,3.22995018959045,1.37100005149841,2.03541254997253,-0.80093747377396,-0.80093747377396,2.97659993171692,4.50711250305176,4.50711250305176,2.86989998817444,1.06974995136261,1.06974995136261,-9.82200050354004,-20.1019515991211,-20.1019515991211,0.44100001454353,-4.51605033874512,-4.51605033874512,3.17700004577637,2.66505002975464,2.66505002975464,-14.3737001419067,-14.3737001419067,-14.9408874511719,14.9292001724243,14.9292001724243,13.8780126571655,-18.8667869567871,-18.8667869567871,-19.4819622039795,-22.8780002593994,-22.8780002593994,-14.7270002365112,-14.5480508804321,-14.5480508804321,-3.93600010871887,1.14900004863739,1.14900004863739,6.40095043182373,-12.5976123809814,-4.74361228942871,-4.74361228942871,10.7388877868652,8.27461242675781,8.27461242675781,-18.1493129730225,-2.38273739814758,-2.38273739814758,-1.06800007820129,19.5469512939453,19.5469512939453,5.86605024337769,14.8420505523682,14.8420505523682,6.63300037384033,-1.92600011825562,-1.92600011825562,6.34205007553101,6.34205007553101,6.90277481079102,-0.05169999971986,-0.05169999971986,1.77553749084473,19.6073627471924,19.6073627471924,20.5280628204346,53.6260528564453,53.6260528564453,43.8760528564453,28.2780017852783,28.2780017852783,16.6459503173828,-4.45695018768311,-4.45695018768311,7.29900026321411,7.31554985046387,4.87162494659424,4.87162494659424,2.69843745231628,2.1869375705719,2.1869375705719,20.6761493682861,16.0806255340576,16.0806255340576,25.4410514831543,12.4620008468628,12.4620008468628,9.25005054473877,6.7020001411438,6.7020001411438,7.64595031738281,3.42405009269714,3.42405009269714,1.44237494468689,1.44237494468689,-0.88027501106262,1.96157503128052,1.96157503128052,2.98347496986389,1.26499998569489,1.26499998569489,0.00137499999255,-6.92700052261353,-6.92700052261353,-17.1169509887695,2.28299999237061,2.28299999237061,-3.61695027351379,2.49195003509521,2.49195003509521,2.1979501247406,-11.097900390625,-14.1802377700806,-14.1802377700806,3.10777497291565,11.6554622650146,11.6554622650146,-9.90591239929199,-24.0850505828857,-24.0850505828857,-21.855001449585,-21.9100513458252,-21.9100513458252,-12.1249504089355,-15.892050743103,-15.892050743103,-0.65400004386902,2.04000020027161,2.04000020027161,-15.1912746429443,-14.0485124588013,-4.71404981613159,11.6623373031616,9.6281623840332,8.99813747406006,-24.902624130249,-24.464412689209,-15.0372753143311,-16.4110507965088,-6.4960503578186,11.3970003128052,-7.76295042037964,-0.6690000295639,9.07500076293945,6.52305030822754,6.23295021057129,0.14505000412464,SHAKE
6.34205007553101,6.90277481079102,7.31554985046387,-0.05169999971986,1.77553749084473,2.69843745231628,19.6073627471924,20.5280628204346,20.6761493682861,53.6260528564453,43.8760528564453,25.4410514831543,28.2780017852783,16.6459503173828,9.25005054473877,-4.45695018768311,7.29900026321411,7.64595031738281,4.87162494659424,4.87162494659424,1.44237494468689,2.1869375705719,2.1869375705719,1.96157503128052,16.0806255340576,16.0806255340576,1.26499998569489,12.4620008468628,12.4620008468628,-6.92700052261353,6.7020001411438,6.7020001411438,2.28299999237061,3.42405009269714,3.42405009269714,2.49195003509521,1.44237494468689,-0.88027501106262,-11.097900390625,1.96157503128052,2.98347496986389,3.10777497291565,1.26499998569489,0.00137499999255,-9.90591239929199,-6.92700052261353,-17.1169509887695,-21.855001449585,2.28299999237061,-3.61695027351379,-12.1249504089355,2.49195003509521,2.1979501247406,-0.65400004386902,-14.1802377700806,-14.1802377700806,-15.1912746429443,11.6554622650146,11.6554622650146,11.6623373031616,-24.0850505828857,-24.0850505828857,-24.902624130249,-21.9100513458252,-21.9100513458252,-16.4110507965088,-15.892050743103,-15.892050743103,-7.76295042037964,2.04000020027161,2.04000020027161,6.52305030822754,-14.0485124588013,-4.71404981613159,-1.24574995040894,9.6281623840332,8.99813747406006,0.45553749799728,-24.464412689209,-15.0372753143311,0.00329999998212,-6.4960503578186,11.3970003128052,37.1260528564453,-0.6690000295639,9.07500076293945,25.5910511016846,6.23295021057129,0.14505000412464,-10.0420503616333,7.71017503738403,7.71017503738403,9.95101261138916,-1.45722496509552,-1.45722496509552,0.64212501049042,21.4972991943359,21.4972991943359,23.7754001617432,53.2210540771484,53.2210540771484,25.5439510345459,30.5539512634277,30.5539512634277,7.96605014801025,-5.64300012588501,-5.64300012588501,7.21500015258789,9.95101261138916,9.94400024414062,2.67038750648499,0.64212501049042,0.48496249318123,1.6990875005722,23.7754001617432,23.042387008667,2.50690007209778,25.5439510345459,12.4240503311157,2.6380500793457,7.96605014801025,5.26695013046265,2.66100001335144,7.21500015258789,2.63100004196167,1.72305011749268,1.46066248416901,1.46066248416901,-0.27059999108314,1.52968752384186,1.52968752384186,2.755774974823,1.21508753299713,1.21508753299713,0.82582497596741,-5.65305042266846,-5.65305042266846,-13.4530506134033,0.49395000934601,0.49395000934601,-3.03105020523071,2.6380500793457,2.6380500793457,3.91695022583008,-6.44407510757446,-10.6653251647949,-11.9744625091553,7.52413749694824,14.6511745452881,15.3980751037598,-2.01492500305176,-8.91632461547852,-9.45298767089844,-19.1940002441406,-20.5470008850098,-17.6800498962402,-9.73200035095215,-14.3449506759644,-9.41100025177002,0.05400000140071,-0.86895006895065,4.81995010375977,-11.3352251052856,-11.3352251052856,-1.32096254825592,13.3578500747681,13.3578500747681,0.99577498435974,-9.56120014190674,-9.56120014190674,0.70743751525879,-9.90795040130615,-9.90795040130615,30.44700050354,-2.4060001373291,-2.4060001373291,21.5119514465332,5.8090500831604,5.8090500831604,-5.05800008773804,SHAKE
7.71017503738403,9.95101261138916,9.95101261138916,-1.45722496509552,0.64212501049042,0.64212501049042,21.4972991943359,23.7754001617432,23.7754001617432,53.2210540771484,25.5439510345459,25.5439510345459,30.5539512634277,7.96605014801025,7.96605014801025,-5.64300012588501,7.21500015258789,7.21500015258789,9.94400024414062,2.67038750648499,1.46066248416901,0.48496249318123,1.6990875005722,1.52968752384186,23.042387008667,2.50690007209778,1.21508753299713,12.4240503311157,2.6380500793457,-5.65305042266846,5.26695013046265,2.66100001335144,0.49395000934601,2.63100004196167,1.72305011749268,2.6380500793457,1.46066248416901,-0.27059999108314,-6.44407510757446,1.52968752384186,2.755774974823,7.52413749694824,1.21508753299713,0.82582497596741,-2.01492500305176,-5.65305042266846,-13.4530506134033,-19.1940002441406,0.49395000934601,-3.03105020523071,-9.73200035095215,2.6380500793457,3.91695022583008,0.05400000140071,-10.6653251647949,-11.9744625091553,-11.3352251052856,14.6511745452881,15.3980751037598,13.3578500747681,-8.91632461547852,-9.45298767089844,-9.56120014190674,-20.5470008850098,-17.6800498962402,-9.90795040130615,-14.3449506759644,-9.41100025177002,-2.4060001373291,-0.86895006895065,4.81995010375977,5.8090500831604,-11.3352251052856,-1.32096254825592,-1.32096254825592,13.3578500747681,0.99577498435974,0.99577498435974,-9.56120014190674,0.70743751525879,0.70743751525879,-9.90795040130615,30.44700050354,30.44700050354,-2.4060001373291,21.5119514465332,21.5119514465332,5.8090500831604,-5.05800008773804,-5.05800008773804,5.25607490539551,7.63523769378662,8.46807479858398,-2.28043746948242,-0.89017498493195,0.12155000120401,15.8925247192383,19.0671253204346,19.7016868591309,53.7529525756836,53.1300010681152,33.5910034179688,32.4430503845215,24.0340518951416,11.8440008163452,-5.26905012130737,3.24900007247925,10.0510501861572,8.46807479858398,8.53393745422363,3.89042496681213,0.12155000120401,0.36629998683929,2.26283740997314,19.7016868591309,19.2714500427246,4.58081245422363,33.5910034179688,17.6430015563965,5.40705013275146,11.8440008163452,8.22705078125,4.90095043182373,10.0510501861572,5.59095048904419,1.41195011138916,1.71146249771118,-0.09666249901056,-4.97227478027344,1.4777125120163,1.75450003147125,3.10956239700317,1.31505000591278,0.34251248836517,-2.88584995269775,-4.18905019760132,-13.8600006103516,-22.0110015869141,2.5729501247406,0.12000000476837,-9.12600040435791,1.21605002880096,3.09600019454956,0.0709500014782,-4.97227478027344,-15.5307626724243,-15.5307626724243,3.10956239700317,12.4690504074097,12.4690504074097,-2.88584995269775,-25.2021007537842,-25.2021007537842,-22.0110015869141,-19.0690517425537,-19.0690517425537,-9.12600040435791,-10.7470502853394,-10.7470502853394,0.0709500014782,2.90205025672913,2.90205025672913,-15.4031620025635,-11.4813871383667,-3.80765008926392,11.0848379135132,8.93914985656738,3.02513742446899,-25.4375,-22.6192989349365,-1.75106251239777,-9.69300079345703,8.0440502166748,41.4640502929688,-3.90705013275146,8.05200004577637,27.4930515289307,5.38800048828125,1.64895009994507,-6.4549503326416,SHAKE
7.63523769378662,8.46807479858398,8.46807479858398,-0.89017498493195,0.12155000120401,0.12155000120401,19.0671253204346,19.7016868591309,19.7016868591309,53.1300010681152,33.5910034179688,33.5910034179688,24.0340518951416,11.8440008163452,11.8440008163452,3.24900007247925,10.0510501861572,10.0510501861572,8.53393745422363,3.89042496681213,1.71146249771118,0.36629998683929,2.26283740997314,1.4777125120163,19.2714500427246,4.58081245422363,1.31505000591278,17.6430015563965,5.40705013275146,-4.18905019760132,8.22705078125,4.90095043182373,2.5729501247406,5.59095048904419,1.41195011138916,1.21605002880096,-0.09666249901056,-4.97227478027344,-4.97227478027344,1.75450003147125,3.10956239700317,3.10956239700317,0.34251248836517,-2.88584995269775,-2.88584995269775,-13.8600006103516,-22.0110015869141,-22.0110015869141,0.12000000476837,-9.12600040435791,-9.12600040435791,3.09600019454956,0.0709500014782,0.0709500014782,-15.5307626724243,-15.5307626724243,-15.4031620025635,12.4690504074097,12.4690504074097,11.0848379135132,-25.2021007537842,-25.2021007537842,-25.4375,-19.0690517425537,-19.0690517425537,-9.69300079345703,-10.7470502853394,-10.7470502853394,-3.90705013275146,2.90205025672913,2.90205025672913,5.38800048828125,-11.4813871383667,-3.80765008926392,-3.80765008926392,8.93914985656738,3.02513742446899,3.02513742446899,-22.6192989349365,-1.75106251239777,-1.75106251239777,8.0440502166748,41.4640502929688,41.4640502929688,8.05200004577637,27.4930515289307,27.4930515289307,1.64895009994507,-6.4549503326416,-6.4549503326416,6.09221267700195,7.61076259613037,8.46504974365234,-1.19336247444153,0.42322498559952,1.54989993572235,23.4180374145508,25.5425491333008,26.1266498565674,57.550952911377,46.2990036010742,25.5199508666992,29.6320514678955,14.1430511474609,5.00805044174194,-3.04200005531311,5.17005014419556,7.98600053787231,8.60750007629395,1.98591244220734,1.98591244220734,1.25922501087189,2.0376124382019,2.0376124382019,25.1792755126953,2.50854992866516,2.50854992866516,10.6879501342773,-1.65300011634827,-1.65300011634827,3.5550000667572,2.67300009727478,2.67300009727478,3.16995024681091,1.40700006484985,1.40700006484985,0.88412499427795,-1.19061243534088,-5.22788763046265,1.283562541008,2.00268745422363,4.51316261291504,0.88673746585846,0.39765000343323,-4.43506240844727,-12.1600503921509,-22.1059513092041,-24.973051071167,1.76805007457733,-6.91800022125244,-16.4449501037598,1.60095012187958,-1.61205005645752,-6.34695053100586,-10.2268371582031,-10.4970245361328,-10.4970245361328,13.0692377090454,12.4008502960205,12.4008502960205,-3.95009994506836,-3.5483250617981,-3.5483250617981,-24.6829509735107,-18.4399509429932,-18.4399509429932,-13.1760005950928,-2.44395017623901,-2.44395017623901,-1.74405002593994,4.60500001907349,4.60500001907349,-9.03333759307861,-5.07375001907349,3.34675002098083,10.3657121658325,7.44150018692017,-0.66934996843338,-3.08494997024536,2.06139993667603,6.21307516098022,-5.6050500869751,16.0570507049561,44.1940536499023,6.07905006408691,14.3940010070801,25.371000289917,7.45905017852783,2.06295013427734,-5.77395009994507,SHAKE
9.02137470245361,9.02137470245361,9.78779983520508,-1.51882493495941,-1.51882493495941,-0.32436248660088,25.1147880554199,25.1147880554199,25.6624507904053,45.8130035400391,45.8130035400391,28.7389507293701,15.8940010070801,15.8940010070801,9.01500034332275,4.53299999237061,4.53299999237061,7.57905054092407,7.32132482528687,4.21602487564087,2.84968757629395,-0.4658499956131,2.70324993133545,1.74226248264313,21.5986366271973,4.35627508163452,2.02922487258911,13.8870010375977,2.06595015525818,-7.86600017547607,6.4960503578186,4.15605020523071,2.45505023002625,3.28305006027222,0.64305001497269,0.46395000815392,0.22343750298023,0.22343750298023,-8.24848747253418,1.7381374835968,1.7381374835968,2.66268754005432,0.25877499580383,0.25877499580383,-6.65444993972778,-18.5449504852295,-18.5449504852295,-23.871000289917,-3.61005020141602,-3.61005020141602,-13.9860010147095,-0.09795000404119,-0.09795000404119,-2.91000008583069,-11.1887874603271,-12.2154998779297,-11.1233377456665,8.89693737030029,8.41692543029785,6.70683765411377,-18.5405006408691,-19.0826625823975,-18.5014495849609,-22.0800018310547,-15.8269510269165,-5.41500043869019,-14.7709503173828,-5.1889500617981,-0.13500000536442,0.34905001521111,5.60805034637451,7.30905055999756,-3.69998741149902,-3.69998741149902,-0.67842501401901,4.71446228027344,4.71446228027344,-1.95332503318787,-12.3424119949341,-12.3424119949341,-0.42418751120567,9.72000026702881,9.72000026702881,34.5520515441895,8.42100048065186,8.42100048065186,19.6180515289307,3.06495022773743,3.06495022773743,-7.83705043792725,8.94203758239746,10.6697254180908,11.5290994644165,-6.29997491836548,-4.74581241607666,-3.28597497940063,18.4417743682861,20.2412376403809,21.2037372589111,46.536003112793,44.896053314209,30.9520511627197,24.9780006408691,17.0460014343262,8.54805088043213,-8.40405082702637,1.55100011825562,8.17995071411133,11.6626119613647,11.6626119613647,3.75127506256104,-2.62487506866455,-2.62487506866455,1.94562494754791,21.3050746917725,21.3050746917725,3.15067505836487,17.3650512695312,17.3650512695312,6.93495035171509,5.44695043563843,5.44695043563843,3.42300009727478,5.713050365448,5.713050365448,3.12195014953613,2.24454998970032,0.48056250810623,-2.65814995765686,1.78543746471405,2.39112496376038,4.11001253128052,1.60214996337891,0.85181248188019,-0.5324000120163,-1.86600005626678,-11.167950630188,-18.598051071167,2.17994999885559,0.08895000070333,-7.53105020523071,1.8550500869751,0.96405005455017,-3.61695027351379,-9.85902500152588,-9.85902500152588,-12.7018375396729,9.01284980773926,9.01284980773926,12.3704624176025,-13.8616495132446,-13.8616495132446,-14.8225002288818,-20.5380001068115,-20.5380001068115,-17.7569999694824,-14.2710008621216,-14.2710008621216,-9.49695014953613,-3.86100029945374,-3.86100029945374,2.57805013656616,-12.3318252563477,-10.1021251678467,-3.55341243743896,10.7311878204346,8.15801239013672,3.10103750228882,-14.8042125701904,-13.8668746948242,-0.93500000238419,-9.08700084686279,2.94705009460449,26.9209518432617,-2.4060001373291,3.52800011634827,14.943000793457,5.68005037307739,4.46595001220703,-3.11400008201599,SHAKE
8.94203758239746,10.6697254180908,11.5290994644165,-6.29997491836548,-4.74581241607666,-3.28597497940063,18.4417743682861,20.2412376403809,21.2037372589111,46.536003112793,44.896053314209,30.9520511627197,24.9780006408691,17.0460014343262,8.54805088043213,-8.40405082702637,1.55100011825562,8.17995071411133,11.6626119613647,11.6626119613647,3.75127506256104,-2.62487506866455,-2.62487506866455,1.94562494754791,21.3050746917725,21.3050746917725,3.15067505836487,17.3650512695312,17.3650512695312,6.93495035171509,5.44695043563843,5.44695043563843,3.42300009727478,5.713050365448,5.713050365448,3.12195014953613,2.24454998970032,0.48056250810623,-2.65814995765686,1.78543746471405,2.39112496376038,4.11001253128052,1.60214996337891,0.85181248188019,-0.5324000120163,-1.86600005626678,-11.167950630188,-18.598051071167,2.17994999885559,0.08895000070333,-7.53105020523071,1.8550500869751,0.96405005455017,-3.61695027351379,-9.85902500152588,-9.85902500152588,-12.7018375396729,9.01284980773926,9.01284980773926,12.3704624176025,-13.8616495132446,-13.8616495132446,-14.8225002288818,-20.5380001068115,-20.5380001068115,-17.7569999694824,-14.2710008621216,-14.2710008621216,-9.49695014953613,-3.86100029945374,-3.86100029945374,2.57805013656616,-12.3318252563477,-10.1021251678467,-3.55341243743896,10.7311878204346,8.15801239013672,3.10103750228882,-14.8042125701904,-13.8668746948242,-0.93500000238419,-9.08700084686279,2.94705009460449,26.9209518432617,-2.4060001373291,3.52800011634827,14.943000793457,5.68005037307739,4.46595001220703,-3.11400008201599,0.48647499084473,0.48647499084473,2.03609991073608,-1.53601253032684,-1.53601253032684,-0.08964999765158,4.06326246261597,4.06326246261597,5.7947998046875,47.2450523376465,47.2450523376465,50.7229537963867,26.6329517364502,26.6329517364502,23.5390510559082,-6.55995035171509,-6.55995035171509,-0.09600000083446,2.77406239509583,3.60194993019104,2.9250373840332,1.31972503662109,1.83067500591278,2.69114995002747,6.39540004730225,6.99160003662109,2.91197490692139,34.2709503173828,19.6810512542725,7.4520001411438,10.4670009613037,6.95100021362305,5.34105014801025,10.4080505371094,8.23305034637451,4.34595012664795,1.68148744106293,1.68148744106293,-0.0086624994874,1.92981243133545,1.92981243133545,2.06469988822937,0.95864999294281,0.95864999294281,0.00384999997914,-2.62995004653931,-2.62995004653931,-12.4519510269165,3.90705013275146,3.90705013275146,1.49700009822845,2.98605012893677,2.98605012893677,3.35700011253357,-4.92786264419556,-13.8546371459961,-17.6719131469727,3.77684998512268,10.0254001617432,15.8860626220703,-2.88584995269775,-22.3442993164062,-24.3607368469238,-23.0089511871338,-24.7240505218506,-22.7890510559082,-8.58495044708252,-18.4620018005371,-13.3410005569458,-1.47105002403259,-6.50505018234253,-2.2540500164032,-17.6435871124268,-17.6435871124268,-13.6877126693726,14.9275503158569,14.9275503158569,12.3224744796753,-24.089448928833,-24.089448928833,-21.4509620666504,-16.6099510192871,-16.6099510192871,-3.10200023651123,-3.58605027198792,-3.58605027198792,5.7049503326416,3.66300010681152,3.66300010681152,5.90295028686523,SHAKE
0.48647499084473,2.03609991073608,2.77406239509583,-1.53601253032684,-0.08964999765158,1.31972503662109,4.06326246261597,5.7947998046875,6.39540004730225,47.2450523376465,50.7229537963867,34.2709503173828,26.6329517364502,23.5390510559082,10.4670009613037,-6.55995035171509,-0.09600000083446,10.4080505371094,3.60194993019104,2.9250373840332,1.68148744106293,1.83067500591278,2.69114995002747,1.92981243133545,6.99160003662109,2.91197490692139,0.95864999294281,19.6810512542725,7.4520001411438,-2.62995004653931,6.95100021362305,5.34105014801025,3.90705013275146,8.23305034637451,4.34595012664795,2.98605012893677,1.68148744106293,-0.0086624994874,-4.92786264419556,1.92981243133545,2.06469988822937,3.77684998512268,0.95864999294281,0.00384999997914,-2.88584995269775,-2.62995004653931,-12.4519510269165,-23.0089511871338,3.90705013275146,1.49700009822845,-8.58495044708252,2.98605012893677,3.35700011253357,-1.47105002403259,-13.8546371459961,-17.6719131469727,-17.6435871124268,10.0254001617432,15.8860626220703,14.9275503158569,-22.3442993164062,-24.3607368469238,-24.089448928833,-24.7240505218506,-22.7890510559082,-16.6099510192871,-18.4620018005371,-13.3410005569458,-3.58605027198792,-6.50505018234253,-2.2540500164032,3.66300010681152,-17.6435871124268,-13.6877126693726,-4.984375,14.9275503158569,12.3224744796753,6.04724979400635,-24.089448928833,-21.4509620666504,-1.56873750686646,-16.6099510192871,-3.10200023651123,24.9330005645752,-3.58605027198792,5.7049503326416,19.3879508972168,3.66300010681152,5.90295028686523,0.21900001168251,7.0723123550415,5.37047481536865,6.33916234970093,1.66993749141693,3.98172497749329,5.90040016174316,11.3005752563477,25.5535507202148,26.7865123748779,51.7690505981445,53.7360038757324,39.8280029296875,31.7370014190674,27.4780521392822,14.7109508514404,-6.046950340271,3.2749502658844,9.28695011138916,6.33916234970093,7.11081266403198,-0.13529999554157,5.90040016174316,6.51433753967285,4.87918758392334,26.7865123748779,27.0095367431641,16.7032241821289,39.8280029296875,23.2860012054443,9.925950050354,14.7109508514404,10.2390003204346,6.55605030059814,9.28695011138916,6.76005029678345,1.81200003623962,2.94841241836548,1.58207499980927,-1.85350000858307,2.65141248703003,1.68396246433258,1.455162525177,2.75824999809265,1.13863754272461,-1.53408753871918,-0.50805002450943,-9.86505031585693,-21.4210510253906,3.62205028533936,3.05595016479492,-2.26905012130737,-0.08100000023842,0.93300002813339,0.17595000565052,-1.85350000858307,-6.94567489624023,-11.4980249404907,1.455162525177,-0.00728749996051,7.33713722229004,-1.53408753871918,-17.9638252258301,-29.0959625244141,-21.4210510253906,-25.5859508514404,-22.2880516052246,-2.26905012130737,-15.9640502929688,-14.5290002822876,0.17595000565052,-4.82100009918213,-3.46605014801025,-12.3428249359131,-10.3364248275757,-6.08437490463257,6.21307516098022,4.77785015106201,5.51265001296997,-30.0290374755859,-28.3069877624512,-12.3239870071411,-15.0910511016846,-5.03205013275146,12.7350006103516,-5.66805028915405,0.99195003509521,10.7899503707886,3.18900012969971,6.14700031280518,2.77500009536743,SHAKE
6.33916234970093,6.33916234970093,7.11081266403198,5.90040016174316,5.90040016174316,6.51433753967285,26.7865123748779,26.7865123748779,27.0095367431641,39.8280029296875,39.8280029296875,23.2860012054443,14.7109508514404,14.7109508514404,10.2390003204346,9.28695011138916,9.28695011138916,6.76005029678345,-0.13529999554157,2.94841241836548,1.58207499980927,4.87918758392334,2.65141248703003,1.68396246433258,16.7032241821289,2.75824999809265,1.13863754272461,9.925950050354,-0.50805002450943,-9.86505031585693,6.55605030059814,3.62205028533936,3.05595016479492,1.81200003623962,-0.08100000023842,0.93300002813339,-1.85350000858307,-1.85350000858307,-6.94567489624023,1.455162525177,1.455162525177,-0.00728749996051,-1.53408753871918,-1.53408753871918,-17.9638252258301,-21.4210510253906,-21.4210510253906,-25.5859508514404,-2.26905012130737,-2.26905012130737,-15.9640502929688,0.17595000565052,0.17595000565052,-4.82100009918213,-11.4980249404907,-12.3428249359131,-10.3364248275757,7.33713722229004,6.21307516098022,4.77785015106201,-29.0959625244141,-30.0290374755859,-28.3069877624512,-22.2880516052246,-15.0910511016846,-5.03205013275146,-14.5290002822876,-5.66805028915405,0.99195003509521,-3.46605014801025,3.18900012969971,6.14700031280518,-6.08437490463257,-6.08437490463257,-1.3446124792099,5.51265001296997,5.51265001296997,-1.41556251049042,-12.3239870071411,-12.3239870071411,-0.61751252412796,12.7350006103516,12.7350006103516,40.7040023803711,10.7899503707886,10.7899503707886,23.5630512237549,2.77500009536743,2.77500009536743,-4.44300031661987,3.49951243400574,4.57503747940063,5.47181224822998,-1.10302495956421,1.16709995269775,2.53137493133545,14.7776746749878,16.2662506103516,17.0676002502441,50.4430541992188,42.5440521240234,26.3800506591797,26.7979507446289,16.0060501098633,8.17905044555664,-1.38405001163483,6.79095029830933,10.2349500656128,5.81322479248047,5.81322479248047,2.95391249656677,2.25939989089966,2.25939989089966,2.64715003967285,16.713399887085,16.713399887085,2.70118737220764,14.7690010070801,14.7690010070801,4.86495018005371,6.16500043869019,6.16500043869019,3.96405029296875,4.76295042037964,4.76295042037964,2.20500016212463,2.07253742218018,0.02804999984801,-5.13727474212646,1.81967496871948,2.0182249546051,3.0138623714447,1.44691252708435,0.26826250553131,-3.78180003166199,-4.25895023345947,-14.4900007247925,-21.0790500640869,2.84100008010864,-0.56400001049042,-10.525050163269,1.26405000686646,-1.44195008277893,-5.2020001411438,-10.2141876220703,-10.2141876220703,-12.0634250640869,11.4664001464844,11.4664001464844,11.6470746994019,-21.5580749511719,-21.5580749511719,-23.2964878082275,-19.6180515289307,-19.6180515289307,-16.1380500793457,-14.5960502624512,-14.5960502624512,-8.92500019073486,-6.85005044937134,-6.85005044937134,-1.13295006752014,-11.4001245498657,-7.02872514724731,-2.11488747596741,9.90261268615723,7.97926235198975,-0.684475004673,-23.2090377807617,-19.70924949646,-2.10663747787476,-9.00795078277588,3.6540002822876,27.3330020904541,-2.85600018501282,5.30295038223267,18.04905128479,4.32195043563843,6.24300050735474,0.29595002532005,SHAKE
3.49951243400574,4.57503747940063,5.47181224822998,-1.10302495956421,1.16709995269775,2.53137493133545,14.7776746749878,16.2662506103516,17.0676002502441,50.4430541992188,42.5440521240234,26.3800506591797,26.7979507446289,16.0060501098633,8.17905044555664,-1.38405001163483,6.79095029830933,10.2349500656128,5.81322479248047,5.81322479248047,2.95391249656677,2.25939989089966,2.25939989089966,2.64715003967285,16.713399887085,16.713399887085,2.70118737220764,14.7690010070801,14.7690010070801,4.86495018005371,6.16500043869019,6.16500043869019,3.96405029296875,4.76295042037964,4.76295042037964,2.20500016212463,2.07253742218018,0.02804999984801,-5.13727474212646,1.81967496871948,2.0182249546051,3.0138623714447,1.44691252708435,0.26826250553131,-3.78180003166199,-4.25895023345947,-14.4900007247925,-21.0790500640869,2.84100008010864,-0.56400001049042,-10.525050163269,1.26405000686646,-1.44195008277893,-5.2020001411438,-10.2141876220703,-10.2141876220703,-12.0634250640869,11.4664001464844,11.4664001464844,11.6470746994019,-21.5580749511719,-21.5580749511719,-23.2964878082275,-19.6180515289307,-19.6180515289307,-16.1380500793457,-14.5960502624512,-14.5960502624512,-8.92500019073486,-6.85005044937134,-6.85005044937134,-1.13295006752014,-11.4001245498657,-7.02872514724731,-2.11488747596741,9.90261268615723,7.97926235198975,-0.684475004673,-23.2090377807617,-19.70924949646,-2.10663747787476,-9.00795078277588,3.6540002822876,27.3330020904541,-2.85600018501282,5.30295038223267,18.04905128479,4.32195043563843,6.24300050735474,0.29595002532005,1.83851253986359,1.83851253986359,2.57592487335205,-1.369225025177,-1.369225025177,1.80578744411469,7.53073740005493,7.53073740005493,10.5445995330811,45.8680534362793,45.8680534362793,45.4750518798828,29.4760513305664,29.4760513305664,22.3650016784668,-4.87395000457764,-4.87395000457764,0.47295001149178,3.13458752632141,3.54722499847412,2.20866250991821,3.60634994506836,4.31241226196289,4.47314977645874,11.5212621688843,11.9601621627808,4.23761224746704,32.4370498657227,19.5229511260986,9.22395038604736,10.993950843811,7.95900058746338,5.7940502166748,8.8609504699707,8.62604999542236,4.71195030212402,1.96116244792938,1.96116244792938,0.54724997282028,2.24276256561279,2.24276256561279,1.97023749351501,1.57973754405975,1.57973754405975,0.56897497177124,-0.39105001091957,-0.39105001091957,-8.57205009460449,3.78495025634766,3.78495025634766,2.77095007896423,3.02100014686584,3.02100014686584,1.42200005054474,-2.95872497558594,-9.6735372543335,-13.1579246520996,2.72978758811951,1.74033749103546,11.6584873199463,-1.94177496433258,-18.9510746002197,-29.0724506378174,-17.6710510253906,-22.3909511566162,-23.0500507354736,-1.732950091362,-13.7530508041382,-18.7900505065918,-1.21395003795624,-5.26695013046265,-5.51295042037964,-14.160849571228,-14.160849571228,-11.5770874023438,11.1361246109009,11.1361246109009,9.23147487640381,-30.1827621459961,-30.1827621459961,-27.8154239654541,-19.6110000610352,-19.6110000610352,-6.72105026245117,-9.55500030517578,-9.55500030517578,6.76200008392334,0.22605000436306,0.22605000436306,7.57695055007935,SHAKE
2.57592487335205,3.13458752632141,3.54722499847412,1.80578744411469,3.60634994506836,4.31241226196289,10.5445995330811,11.5212621688843,11.9601621627808,45.4750518798828,32.4370498657227,19.5229511260986,22.3650016784668,10.993950843811,7.95900058746338,0.47295001149178,8.8609504699707,8.62604999542236,2.20866250991821,1.96116244792938,1.96116244792938,4.47314977645874,2.24276256561279,2.24276256561279,4.23761224746704,1.57973754405975,1.57973754405975,9.22395038604736,-0.39105001091957,-0.39105001091957,5.7940502166748,3.78495025634766,3.78495025634766,4.71195030212402,3.02100014686584,3.02100014686584,0.54724997282028,-2.95872497558594,-9.6735372543335,1.97023749351501,2.72978758811951,1.74033749103546,0.56897497177124,-1.94177496433258,-18.9510746002197,-8.57205009460449,-17.6710510253906,-22.3909511566162,2.77095007896423,-1.732950091362,-13.7530508041382,1.42200005054474,-1.21395003795624,-5.26695013046265,-13.1579246520996,-14.160849571228,-14.160849571228,11.6584873199463,11.1361246109009,11.1361246109009,-29.0724506378174,-30.1827621459961,-30.1827621459961,-23.0500507354736,-19.6110000610352,-19.6110000610352,-18.7900505065918,-9.55500030517578,-9.55500030517578,-5.51295042037964,0.22605000436306,0.22605000436306,-11.5770874023438,-4.67706251144409,2.36004996299744,9.23147487640381,9.45023727416992,0.05816249921918,-27.8154239654541,-9.93341255187988,5.26294994354248,-6.72105026245117,19.7100009918213,45.9160537719727,6.76200008392334,20.5660514831543,26.1949520111084,7.57695055007935,6.67095041275024,-5.29095029830933,5.91855001449585,6.72058725357056,6.72058725357056,-0.74483752250671,1.13643753528595,1.13643753528595,21.7951240539551,22.7001495361328,22.7001495361328,51.6310539245605,43.1310005187988,43.1310005187988,27.7969512939453,19.5049514770508,19.5049514770508,-2.2300500869751,4.81500005722046,4.81500005722046,6.76541233062744,4.23775005340576,3.2551748752594,2.61222505569458,2.17373752593994,2.52999997138977,22.2178001403809,17.7395629882812,2.94827508926392,24.6870002746582,10.7670001983643,1.05494999885559,10.7130002975464,5.48700046539307,3.81105017662048,6.97605037689209,1.6470000743866,-1.399050116539,2.47128748893738,0.30401250720024,0.30401250720024,1.27998745441437,0.62631249427795,0.62631249427795,1.54770004749298,-0.11550000309944,-0.11550000309944,-7.10400056838989,-15.1440010070801,-15.1440010070801,2.49105000495911,-0.29595002532005,-0.29595002532005,-1.32900011539459,-0.00195000006352,-0.00195000006352,-5.3000750541687,-8.17850017547607,-10.1820125579834,-2.17731237411499,1.3972749710083,0.34993749856949,-8.39299964904785,-26.3499507904053,-28.3342132568359,-20.5570507049561,-20.9209518432617,-18.2650508880615,-10.4359502792358,-15.7819509506226,-10.6399507522583,-2.87895011901855,-4.00695037841797,0.84195005893707,-9.20755004882812,-4.30306243896484,-4.30306243896484,-1.14743745326996,0.09707500040531,0.09707500040531,-27.6364002227783,-19.9593620300293,-19.9593620300293,-11.4100503921509,2.18099999427795,2.18099999427795,-2.39595007896423,6.9529504776001,6.9529504776001,6.45795011520386,8.58795070648193,8.58795070648193,SHAKE
6.72058725357056,6.72058725357056,6.76541233062744,1.13643753528595,1.13643753528595,2.61222505569458,22.7001495361328,22.7001495361328,22.2178001403809,43.1310005187988,43.1310005187988,24.6870002746582,19.5049514770508,19.5049514770508,10.7130002975464,4.81500005722046,4.81500005722046,6.97605037689209,4.23775005340576,3.2551748752594,2.47128748893738,2.17373752593994,2.52999997138977,1.27998745441437,17.7395629882812,2.94827508926392,1.54770004749298,10.7670001983643,1.05494999885559,-7.10400056838989,5.48700046539307,3.81105017662048,2.49105000495911,1.6470000743866,-1.399050116539,-1.32900011539459,0.30401250720024,0.30401250720024,-5.3000750541687,0.62631249427795,0.62631249427795,-2.17731237411499,-0.11550000309944,-0.11550000309944,-8.39299964904785,-15.1440010070801,-15.1440010070801,-20.5570507049561,-0.29595002532005,-0.29595002532005,-10.4359502792358,-0.00195000006352,-0.00195000006352,-2.87895011901855,-8.17850017547607,-10.1820125579834,-9.20755004882812,1.3972749710083,0.34993749856949,-1.14743745326996,-26.3499507904053,-28.3342132568359,-27.6364002227783,-20.9209518432617,-18.2650508880615,-11.4100503921509,-15.7819509506226,-10.6399507522583,-2.39595007896423,-4.00695037841797,0.84195005893707,6.45795011520386,-4.30306243896484,-4.30306243896484,-1.36386251449585,0.09707500040531,0.09707500040531,-4.18494987487793,-19.9593620300293,-19.9593620300293,-2.14156246185303,2.18099999427795,2.18099999427795,25.0699520111084,6.9529504776001,6.9529504776001,18.0439510345459,8.58795070648193,8.58795070648193,-0.85995006561279,4.74526262283325,9.55611228942871,10.1369123458862,-6.91226243972778,-3.91490006446838,-1.62689995765686,11.7649126052856,18.8856258392334,19.967887878418,46.8979530334473,51.2809524536133,37.8930015563965,29.976001739502,28.7020511627197,14.7109508514404,-7.63500022888184,-0.06000000238419,10.7430009841919,10.0434122085571,10.0434122085571,6.82178735733032,-0.17682500183582,-0.17682500183582,3.5986499786377,20.2298240661621,20.2298240661621,8.78734970092773,21.4510517120361,21.4510517120361,9.07800006866455,9.69495010375977,9.69495010375977,6.52395009994507,9.87795066833496,9.87795066833496,4.29300022125244,2.54347491264343,0.68598747253418,-3.15108752250671,2.06717491149902,1.87343752384186,2.62996244430542,2.09508752822876,0.63291251659393,-1.85996246337891,-0.8029500246048,-10.0090503692627,-20.3700008392334,3.92595028877258,2.37900018692017,-4.0489501953125,2.37000012397766,2.37000012397766,-0.0430500023067,-11.1318626403809,-11.1318626403809,-15.4459247589111,1.52473747730255,1.52473747730255,11.3284873962402,-19.8433132171631,-19.8433132171631,-27.8038749694824,-23.613000869751,-23.613000869751,-23.0400009155273,-16.4689502716064,-16.4689502716064,-16.4640007019043,-4.69905042648315,-4.69905042648315,-1.40805006027222,-15.9268999099731,-13.1135120391846,-5.61728763580322,10.6451120376587,8.60626220703125,9.37488746643066,-28.2012500762939,-26.18701171875,-8.07798767089844,-15.9300003051758,0.11805000901222,24.2509517669678,-5.73495006561279,5.82300043106079,18.4759502410889,4.76295042037964,6.74295043945312,-0.79995006322861,SHAKE
5.82532501220703,6.48780012130737,7.00906229019165,3.75347495079041,5.68796253204346,6.56837511062622,22.0094871520996,22.777286529541,22.8795871734619,48.5770530700684,36.4870529174805,21.1350002288818,23.5890007019043,12.4039506912231,7.14195013046265,-4.1100001335144,5.47395038604736,6.51600027084351,1.65096247196198,2.23602509498596,2.23602509498596,3.87928748130798,2.40129995346069,2.40129995346069,14.9674253463745,2.08340001106262,2.08340001106262,9.35400009155273,0.02700000070035,0.02700000070035,4.53705024719238,2.39505004882812,2.39505004882812,3.36600017547607,2.48295021057129,2.48295021057129,1.31669998168945,-1.58042502403259,-8.60873699188232,2.10443758964539,4.05473756790161,6.24580001831055,1.3338874578476,0.2563000023365,-8.79669952392578,-9.36705017089844,-19.7470512390137,-21.1990509033203,0.67605000734329,-6.27795028686523,-15.9949502944946,4.33200025558472,3.22995018959045,-2.50800013542175,-14.5718374252319,-15.0217370986938,-15.0217370986938,17.0409240722656,16.8140506744385,16.8140506744385,-10.2689123153687,-10.1840753555298,-10.1840753555298,-21.0810012817383,-16.5400505065918,-16.5400505065918,-14.131950378418,-5.70795011520386,-5.70795011520386,-2.72805023193359,2.4250500202179,2.4250500202179,-12.9688625335693,-6.2702751159668,3.9085750579834,13.8920373916626,11.5741996765137,1.64422500133514,-9.40582466125488,-0.04317500069737,7.50351238250732,-4.2199501991272,16.8690013885498,44.2060508728027,2.90805006027222,17.97705078125,29.0089511871338,5.59095048904419,0.72495001554489,-3.3270001411438,6.17141246795654,7.41454982757568,7.41454982757568,0.93720000982285,2.4169750213623,2.4169750213623,22.2381496429443,23.5433006286621,23.5433006286621,53.1319541931152,45.7800025939941,45.7800025939941,34.2640533447266,24.9760513305664,24.9760513305664,5.63700008392334,3.98895025253296,3.98895025253296,8.07221221923828,4.49652481079102,2.23396253585815,3.04837489128113,2.17098760604858,1.00471246242523,23.5611743927002,17.5602626800537,0.81592500209808,23.4360008239746,9.03795051574707,-10.3849506378174,13.1710510253906,7.26705026626587,1.7700001001358,3.60600018501282,-0.73095005750656,-2.27505016326904,2.23396253585815,0.18218749761581,0.69107496738434,1.00471246242523,-0.70908749103546,-7.22397518157959,0.81592500209808,-1.34887504577637,-14.2852878570557,-10.3849506378174,-19.2780017852783,-25.0740013122559,1.7700001001358,-4.18695020675659,-18.2680511474609,-2.27505016326904,-2.03295016288757,-3.01095008850098,0.69107496738434,-5.49174976348877,-6.77159976959229,-7.22397518157959,-7.21998739242554,-8.67322540283203,-14.2852878570557,-29.1242866516113,-30.1355991363525,-25.0740013122559,-23.2729511260986,-17.8579502105713,-18.2680511474609,-16.4959506988525,-8.5489501953125,-3.01095008850098,-2.49105000495911,0.60705000162125,-6.17430019378662,-7.1817626953125,-0.05527500063181,-8.75916290283203,-3.30756258964539,-3.69792509078979,-28.9871997833252,-16.2336616516113,-0.45649999380112,-8.80905055999756,9.13304996490479,35.7280502319336,-0.15705001354217,12.3300008773804,25.1890506744385,4.875,5.73495006561279,-2.40495014190674,SHAKE
7.41454982757568,7.41454982757568,8.07221221923828,2.4169750213623,2.4169750213623,3.04837489128113,23.5433006286621,23.5433006286621,23.5611743927002,45.7800025939941,45.7800025939941,23.4360008239746,24.9760513305664,24.9760513305664,13.1710510253906,3.98895025253296,3.98895025253296,3.60600018501282,4.49652481079102,2.23396253585815,2.23396253585815,2.17098760604858,1.00471246242523,1.00471246242523,17.5602626800537,0.81592500209808,0.81592500209808,9.03795051574707,-10.3849506378174,-10.3849506378174,7.26705026626587,1.7700001001358,1.7700001001358,-0.73095005750656,-2.27505016326904,-2.27505016326904,0.18218749761581,0.69107496738434,0.69107496738434,-0.70908749103546,-7.22397518157959,-7.22397518157959,-1.34887504577637,-14.2852878570557,-14.2852878570557,-19.2780017852783,-25.0740013122559,-25.0740013122559,-4.18695020675659,-18.2680511474609,-18.2680511474609,-2.03295016288757,-3.01095008850098,-3.01095008850098,-5.49174976348877,-6.77159976959229,-6.17430019378662,-7.21998739242554,-8.67322540283203,-8.75916290283203,-29.1242866516113,-30.1355991363525,-28.9871997833252,-23.2729511260986,-17.8579502105713,-8.80905055999756,-16.4959506988525,-8.5489501953125,-0.15705001354217,-2.49105000495911,0.60705000162125,4.875,-7.1817626953125,-0.05527500063181,-0.05527500063181,-3.30756258964539,-3.69792509078979,-3.69792509078979,-16.2336616516113,-0.45649999380112,-0.45649999380112,9.13304996490479,35.7280502319336,35.7280502319336,12.3300008773804,25.1890506744385,25.1890506744385,5.73495006561279,-2.40495014190674,-2.40495014190674,7.90487480163574,9.63545036315918,9.71313762664795,-2.95528745651245,0.10491249710321,2.46936249732971,21.2822494506836,24.1943626403809,24.9062004089355,48.6540031433105,45.7339515686035,30.3769512176514,35.9040031433105,32.5510520935059,20.3530502319336,-6.11895036697388,6.264000415802,16.3980007171631,9.02907466888428,3.26383757591248,1.61273753643036,3.56675004959106,4.49143743515015,2.72346258163452,24.286075592041,4.05350017547607,0.93843752145767,14.2560005187988,1.1580001115799,-9.15405082702637,12.1789503097534,6.7300500869751,3.43995022773743,8.02500057220459,1.97205007076263,0.39900001883507,1.61273753643036,-3.79500007629395,-8.0518627166748,2.72346258163452,0.66109997034073,-2.42426252365112,0.93843752145767,-4.21341228485107,-10.598087310791,-9.15405082702637,-24.5010013580322,-24.5010013580322,3.43995022773743,-10.7070007324219,-10.7070007324219,0.39900001883507,-1.06305003166199,-1.06305003166199,-10.9637002944946,-13.905650138855,-12.9298124313354,2.39346241950989,4.50395011901855,3.58503746986389,-29.1840991973877,-32.2920112609863,-31.0186252593994,-25.1910018920898,-22.9180507659912,-11.7480001449585,-24.5910015106201,-14.568000793457,-0.27195000648499,-3.22095012664795,-0.18900001049042,6.21600008010864,-12.9298124313354,-6.70009994506836,-4.12128734588623,3.58503746986389,5.83852481842041,0.88453751802445,-31.0186252593994,-22.3293132781982,-3.41687488555908,-11.7480001449585,7.64400053024292,32.0269508361816,-0.27195000648499,12.0739507675171,23.3059501647949,6.21600008010864,6.99195051193237,-6.2989501953125,SHAKE
1.65288746356964,1.65288746356964,2.86068749427795,4.45004987716675,4.45004987716675,7.11136245727539,12.5552625656128,12.5552625656128,13.0367870330811,46.6440010070801,46.6440010070801,18.8640003204346,26.8440017700195,26.8440017700195,10.7089500427246,2.7769501209259,2.7769501209259,6.11295032501221,2.86068749427795,1.3894374370575,1.3894374370575,7.11136245727539,6.03432512283325,6.03432512283325,13.0367870330811,4.76849985122681,4.76849985122681,18.8640003204346,5.14800024032593,0.26205000281334,10.7089500427246,5.66700029373169,3.96705007553101,6.11295032501221,1.932000041008,0.62205004692078,2.0462749004364,0.33921250700951,-4.92662477493286,2.23093748092651,1.85652494430542,3.0940248966217,1.42958748340607,0.23732499778271,-2.5338499546051,-4.7039999961853,-18.4950008392334,-27.6529521942139,2.43105006217957,-5.713050365448,-20.3950500488281,0.04395000264049,1.68495011329651,0.52605003118515,-12.2271871566772,-12.2271871566772,-13.6087875366211,9.76442527770996,9.76442527770996,11.1766872406006,-12.4030494689941,-12.4030494689941,-12.553750038147,-26.5849514007568,-26.5849514007568,-4.01205015182495,-17.824951171875,-17.824951171875,3.5110502243042,4.28595018386841,4.28595018386841,10.4269504547119,-12.1710872650146,-7.29863739013672,1.41460001468658,9.8752498626709,7.47642517089844,1.70445001125336,-11.5770874023438,-9.21414947509766,2.37091255187988,-4.01205015182495,8.41995048522949,28.5160522460938,3.5110502243042,10.9819507598877,30.1939506530762,10.4269504547119,1.62300002574921,-17.8789501190186,9.8517370223999,9.8517370223999,11.6421251296997,3.27181243896484,3.27181243896484,9.64383697509766,21.8395366668701,21.8395366668701,27.0441875457764,45.8629531860352,45.8629531860352,33.6820526123047,44.0590515136719,44.0590515136719,23.6680507659912,-21.6340503692627,-21.6340503692627,8.80305004119873,11.6421251296997,10.3041124343872,3.5263249874115,9.64383697509766,9.28331279754639,6.17457485198975,27.0441875457764,25.4878253936768,6.25404977798462,33.6820526123047,14.7810010910034,1.00200009346008,23.6680507659912,10.3159503936768,1.99305009841919,8.80305004119873,5.4859504699707,3.6780002117157,1.30831253528595,-1.77265000343323,-11.9820251464844,3.10310006141663,2.5616250038147,-1.24905002117157,1.76384997367859,0.03437500074506,-8.65273761749268,-8.03595066070557,-17.5819511413574,-25.560001373291,-0.17295001447201,0.14595000445843,-10.0000505447388,4.94700002670288,5.2150502204895,4.2330002784729,-18.3783874511719,-18.3783874511719,-21.0886497497559,3.93731236457825,3.93731236457825,5.66788768768311,-25.9220504760742,-25.9220504760742,-27.8452625274658,-24.2380504608154,-24.2380504608154,-23.0119514465332,-22.0350017547607,-22.0350017547607,-14.613000869751,0.3199500143528,0.3199500143528,5.69205045700073,-19.7014122009277,-19.7014122009277,-1.93338751792908,4.37483739852905,4.37483739852905,1.5633749961853,-27.0227375030518,-27.0227375030518,1.15967500209808,-13.9870510101318,-13.9870510101318,40.8270034790039,-1.83300006389618,-1.83300006389618,34.066951751709,7.06395053863525,7.06395053863525,-9.44099998474121,SHAKE
12.4521369934082,11.4985752105713,5.17192506790161,2.9247624874115,3.78606247901917,4.5528998374939,25.7444000244141,24.2829132080078,6.44490003585815,31.9669513702393,16.4260501861572,3.29700016975403,15.1270503997803,8.95500087738037,3.38700008392334,7.764000415802,5.26605033874512,3.8860502243042,2.61841249465942,2.61841249465942,0.21752500534058,2.66763758659363,2.66763758659363,3.41976237297058,2.32113742828369,2.32113742828369,1.23584997653961,-5.78400039672852,-5.78400039672852,-14.0140504837036,0.4120500087738,0.4120500087738,-1.72095012664795,3.76605010032654,3.76605010032654,4.19700002670288,-7.22507476806641,-7.22507476806641,-17.2479991912842,4.65616226196289,4.65616226196289,13.6156625747681,-3.6981999874115,-3.6981999874115,-17.7093124389648,-23.5720520019531,-23.5720520019531,-20.5950012207031,-12.9799509048462,-12.9799509048462,-9.74205017089844,0.48495003581047,0.48495003581047,2.39205002784729,-17.2479991912842,-16.2038249969482,-9.25154972076416,13.6156625747681,11.7367248535156,9.538649559021,-17.7093124389648,-17.2407131195068,-12.2882375717163,-20.5950012207031,-9.44895076751709,7.23600053787231,-9.74205017089844,0.84105002880096,12.6559505462646,2.39205002784729,7.1100001335144,5.70195007324219,-9.25154972076416,-0.86404997110367,6.5650749206543,9.538649559021,2.58816242218018,-1.38036251068115,-12.2882375717163,1.76962494850159,18.4269256591797,7.23600053787231,27.07200050354,40.8000030517578,12.6559505462646,22.9230003356934,30.3979511260986,5.70195007324219,-4.30605030059814,-7.68105030059814,9.4117374420166,9.90769958496094,9.43112468719482,2.30601239204407,4.12417507171631,4.71377515792847,25.7977504730225,26.67018699646,25.878324508667,45.4630508422852,36.7459526062012,20.4520511627197,30.7050018310547,21.2299518585205,12.7080001831055,2.43705010414124,10.8199501037598,7.34205055236816,5.09368753433228,5.09368753433228,0.87835001945496,6.02236223220825,6.02236223220825,1.86339998245239,10.2458124160767,10.2458124160767,0.82527500391007,8.90100002288818,8.90100002288818,-4.90995025634766,8.08800029754639,8.08800029754639,3.91095018386841,1.89105010032654,1.89105010032654,1.84605014324188,-2.27411246299744,-8.69426250457764,-8.69426250457764,1.61370003223419,-2.85972499847412,-2.85972499847412,-1.61191248893738,-12.6321249008179,-12.6321249008179,-13.1370010375977,-23.6179504394531,-23.6179504394531,1.42995011806488,-12.4840507507324,-12.4840507507324,3.89805006980896,-1.43205010890961,-1.43205010890961,-11.1469879150391,-11.1469879150391,-12.8108749389648,2.68551254272461,2.68551254272461,2.37765002250671,-30.3168239593506,-30.3168239593506,-32.4330863952637,-25.8949508666992,-25.8949508666992,-20.4109516143799,-24.0970516204834,-24.0970516204834,-11.9040002822876,-3.17805004119873,-3.17805004119873,1.5289500951767,-10.9186000823975,-4.70923757553101,-1.0920250415802,1.11828744411469,4.7564001083374,-0.56416249275207,-30.7550373077393,-19.6343116760254,-0.74043750762939,-8.92695045471191,9.74595069885254,35.0470504760742,2.53005003929138,14.8570508956909,25.6750507354736,7.19400024414062,4.93995046615601,-6.18600034713745,SHAKE
-1.0920250415802,5.64423751831055,6.87995004653931,-0.56416249275207,1.24987494945526,4.79366254806519,-0.74043750762939,17.9454002380371,20.9815368652344,35.0470504760742,44.8890037536621,44.4570007324219,25.6750507354736,28.4719505310059,26.67405128479,-6.18600034713745,-7.75800037384033,3.05700016021729,7.14587497711182,6.79538726806641,3.06198740005493,6.62433767318726,6.68566226959229,4.60157489776611,21.3713493347168,20.7237243652344,4.92002487182617,33.4189529418945,17.9089508056641,6.12000036239624,17.4100513458252,9.91605091094971,4.213050365448,8.5489501953125,5.81595039367676,1.08600008487701,3.06198740005493,1.98714995384216,0.0582999996841,4.60157489776611,2.04228758811951,1.29731249809265,4.92002487182617,2.04929995536804,0.65188747644424,6.12000036239624,-1.8469500541687,-7.60005044937134,4.213050365448,2.99700021743774,3.1470000743866,1.08600008487701,-0.57195001840591,-0.29505002498627,-3.6984748840332,-7.85303735733032,-13.0766620635986,0.50160002708435,-3.0387499332428,2.29404997825623,-2.33612489700317,-19.4599628448486,-30.9600505828857,-15.5149507522583,-23.836051940918,-25.8229503631592,-0.53505003452301,-16.0690498352051,-20.3370018005371,1.17495000362396,-2.83095002174377,-1.55205011367798,-13.4237127304077,-13.4237127304077,-5.64492511749268,1.43082499504089,1.43082499504089,4.53392505645752,-31.1320629119873,-31.1320629119873,-10.2122621536255,-21.3690013885498,-21.3690013885498,15.6379508972168,-8.08695030212402,-8.08695030212402,24.6790504455566,0.68205004930496,0.68205004930496,1.70400011539459,5.49656248092651,8.76163768768311,8.76163768768311,0.90639996528625,3.67661237716675,3.67661237716675,7.54036235809326,26.6171131134033,26.6171131134033,45.0420036315918,45.4990539550781,45.4990539550781,34.2229499816895,29.3590507507324,29.3590507507324,-10.6000509262085,-4.06005001068115,-4.06005001068115,9.09039974212646,8.47852516174316,3.67441248893738,7.23002481460571,9.08489990234375,8.2014627456665,29.1684246063232,28.915699005127,23.3224754333496,41.0710525512695,28.9519519805908,13.4299507141113,23.9869518280029,16.7200508117676,8.75895023345947,7.42605018615723,10.9510507583618,6.58305025100708,2.63532495498657,2.63532495498657,2.02276253700256,6.38824987411499,6.38824987411499,4.25081253051758,5.60669994354248,5.60669994354248,2.69059991836548,2.71695017814636,2.71695017814636,-5.22900009155273,4.19895029067993,4.19895029067993,2.74005007743835,3.06705021858215,3.06705021858215,2.38905000686646,-0.83132499456406,-17.1733379364014,-17.1733379364014,3.58572506904602,5.93683767318726,5.93683767318726,0.38403749465942,-27.1966743469238,-27.1966743469238,-13.3170003890991,-25.6099510192871,-25.6099510192871,1.04505002498627,-21.256950378418,-21.256950378418,4.01805019378662,-3.70800018310547,-3.70800018310547,-19.9153633117676,-18.6674118041992,-18.6674118041992,8.12872505187988,6.93976259231567,6.93976259231567,-29.1478004455566,-28.1401996612549,-28.1401996612549,-23.3470516204834,-17.1730499267578,-17.1730499267578,-12.9840002059937,-4.6429500579834,-4.6429500579834,-0.9250500202179,4.57800006866455,4.57800006866455,SHAKE
-13.0766620635986,-13.4237127304077,-13.4237127304077,2.29404997825623,1.43082499504089,1.43082499504089,-30.9600505828857,-31.1320629119873,-31.1320629119873,-25.8229503631592,-21.3690013885498,-21.3690013885498,-20.3370018005371,-8.08695030212402,-8.08695030212402,-1.55205011367798,0.68205004930496,0.68205004930496,-5.64492511749268,5.49656248092651,8.76163768768311,4.53392505645752,0.90639996528625,3.67661237716675,-10.2122621536255,7.54036235809326,26.6171131134033,15.6379508972168,45.0420036315918,45.4990539550781,24.6790504455566,34.2229499816895,29.3590507507324,1.70400011539459,-10.6000509262085,-4.06005001068115,8.76163768768311,9.09039974212646,8.47852516174316,3.67661237716675,7.23002481460571,9.08489990234375,26.6171131134033,29.1684246063232,28.915699005127,45.4990539550781,41.0710525512695,28.9519519805908,29.3590507507324,23.9869518280029,16.7200508117676,-4.06005001068115,7.42605018615723,10.9510507583618,3.67441248893738,2.63532495498657,2.63532495498657,8.2014627456665,6.38824987411499,6.38824987411499,23.3224754333496,5.60669994354248,5.60669994354248,13.4299507141113,2.71695017814636,2.71695017814636,8.75895023345947,4.19895029067993,4.19895029067993,6.58305025100708,3.06705021858215,3.06705021858215,2.02276253700256,-0.83132499456406,-17.1733379364014,4.25081253051758,3.58572506904602,5.93683767318726,2.69059991836548,0.38403749465942,-27.1966743469238,-5.22900009155273,-13.3170003890991,-25.6099510192871,2.74005007743835,1.04505002498627,-21.256950378418,2.38905000686646,4.01805019378662,-3.70800018310547,-17.1733379364014,-19.9153633117676,-18.6674118041992,5.93683767318726,8.12872505187988,6.93976259231567,-27.1966743469238,-29.1478004455566,-28.1401996612549,-25.6099510192871,-23.3470516204834,-17.1730499267578,-21.256950378418,-12.9840002059937,-4.6429500579834,-3.70800018310547,-0.9250500202179,4.57800006866455,-18.6674118041992,-9.60918712615967,-1.54866254329681,6.93976259231567,9.80210018157959,3.8333625793457,-28.1401996612549,-18.8582630157471,0.62878751754761,-17.1730499267578,-2.07000017166138,26.8230018615723,-4.6429500579834,14.5140008926392,29.9500522613525,4.57800006866455,4.20000028610229,-3.19005012512207,7.89332485198975,8.07413768768311,8.07413768768311,1.08707499504089,5.57919979095459,5.57919979095459,15.6750001907349,27.5618743896484,27.5618743896484,40.2930030822754,37.7539520263672,37.7539520263672,36.3109512329102,33.9210014343262,33.9210014343262,-6.31305027008057,-0.37095001339912,-0.37095001339912,8.58426284790039,7.91738748550415,2.62899994850159,8.16433715820312,8.70828723907471,9.13990020751953,29.0783615112305,28.204137802124,15.7372875213623,31.8070507049561,19.8319511413574,7.98900032043457,25.7710514068604,15.4240503311157,7.32705020904541,4.2049503326416,4.16400003433228,0.91905003786087,3.7456374168396,2.31178760528564,2.31178760528564,5.1486873626709,2.7190625667572,2.7190625667572,4.26937484741211,1.7496874332428,1.7496874332428,1.02105009555817,-2.65200018882751,-2.65200018882751,4.09095001220703,3.83205008506775,3.83205008506775,-1.61205005645752,-2.29395008087158,-2.29395008087158,SHAKE
-9.60918712615967,-1.54866254329681,7.89332485198975,9.80210018157959,3.8333625793457,1.08707499504089,-18.8582630157471,0.62878751754761,15.6750001907349,-2.07000017166138,26.8230018615723,40.2930030822754,14.5140008926392,29.9500522613525,36.3109512329102,4.20000028610229,-3.19005012512207,-6.31305027008057,8.07413768768311,8.07413768768311,8.58426284790039,5.57919979095459,5.57919979095459,8.16433715820312,27.5618743896484,27.5618743896484,29.0783615112305,37.7539520263672,37.7539520263672,31.8070507049561,33.9210014343262,33.9210014343262,25.7710514068604,-0.37095001339912,-0.37095001339912,4.2049503326416,7.91738748550415,2.62899994850159,3.7456374168396,8.70828723907471,9.13990020751953,5.1486873626709,28.204137802124,15.7372875213623,4.26937484741211,19.8319511413574,7.98900032043457,1.02105009555817,15.4240503311157,7.32705020904541,4.09095001220703,4.16400003433228,0.91905003786087,-1.61205005645752,2.31178760528564,2.31178760528564,0.02804999984801,2.7190625667572,2.7190625667572,0.78292500972748,1.7496874332428,1.7496874332428,-0.16073749959469,-2.65200018882751,-2.65200018882751,-6.13200044631958,3.83205008506775,3.83205008506775,2.38800001144409,-2.29395008087158,-2.29395008087158,-0.29895001649857,-3.61157488822937,-5.36552476882935,-9.4014253616333,-3.02596259117126,-8.95001220703125,-7.15096235275269,-4.56417512893677,-19.4732990264893,-30.6712989807129,-9.43695068359375,-14.5620002746582,-19.8619518280029,0.15795001387596,-7.02300024032593,-20.6080513000488,2.69295001029968,4.85400009155273,-0.43395000696182,-12.3114748001099,-10.9007253646851,-10.9007253646851,-6.91033744812012,-4.26744985580444,-4.26744985580444,-33.1856231689453,-29.6202507019043,-29.6202507019043,-21.8430004119873,-17.1940517425537,-17.1940517425537,-21.8119506835938,0.64200001955032,0.64200001955032,-6.98895025253296,-3.19695019721985,-3.19695019721985,-7.85454988479614,3.06130003929138,3.06130003929138,1.73401248455048,0.60857498645783,0.60857498645783,-12.0837745666504,9.66803741455078,9.66803741455078,8.6419506072998,48.5980529785156,48.5980529785156,36.3979530334473,40.7899513244629,40.7899513244629,2.29605007171631,-5.13300037384033,-5.13300037384033,8.32369995117188,8.32369995117188,6.38178730010986,7.03188753128052,7.03188753128052,8.20132541656494,31.8172245025635,31.8172245025635,29.5297756195068,32.4559516906738,32.4559516906738,26.2339515686035,22.5280513763428,22.5280513763428,18.8800506591797,12.0960006713867,12.0960006713867,12.2779502868652,0.49829998612404,1.08721244335175,1.01131248474121,8.69467449188232,6.87279987335205,5.13012504577637,20.1253242492676,5.55060005187988,3.20182490348816,16.4599514007568,4.30995035171509,-4.18395042419434,13.2469511032104,6.28500032424927,2.51805019378662,7.53600025177002,4.24995040893555,2.32005000114441,1.01131248474121,-0.79323750734329,-6.48834991455078,5.13012504577637,4.09653759002686,0.48262500762939,3.20182490348816,1.04348754882812,-6.57236242294312,-4.18395042419434,-10.1290502548218,-19.9510517120361,2.51805019378662,1.72695004940033,-3.13095021247864,2.32005000114441,2.88300013542175,3.36195015907288,SHAKE
-12.3114748001099,-10.9007253646851,-10.9007253646851,-6.91033744812012,-4.26744985580444,-4.26744985580444,-33.1856231689453,-29.6202507019043,-29.6202507019043,-21.8430004119873,-17.1940517425537,-17.1940517425537,-21.8119506835938,0.64200001955032,0.64200001955032,-6.98895025253296,-3.19695019721985,-3.19695019721985,-7.85454988479614,3.06130003929138,3.06130003929138,1.73401248455048,0.60857498645783,0.60857498645783,-12.0837745666504,9.66803741455078,9.66803741455078,8.6419506072998,48.5980529785156,48.5980529785156,36.3979530334473,40.7899513244629,40.7899513244629,2.29605007171631,-5.13300037384033,-5.13300037384033,8.32369995117188,8.32369995117188,6.38178730010986,7.03188753128052,7.03188753128052,8.20132541656494,31.8172245025635,31.8172245025635,29.5297756195068,32.4559516906738,32.4559516906738,26.2339515686035,22.5280513763428,22.5280513763428,18.8800506591797,12.0960006713867,12.0960006713867,12.2779502868652,0.49829998612404,1.08721244335175,1.01131248474121,8.69467449188232,6.87279987335205,5.13012504577637,20.1253242492676,5.55060005187988,3.20182490348816,16.4599514007568,4.30995035171509,-4.18395042419434,13.2469511032104,6.28500032424927,2.51805019378662,7.53600025177002,4.24995040893555,2.32005000114441,1.01131248474121,-0.79323750734329,-6.48834991455078,5.13012504577637,4.09653759002686,0.48262500762939,3.20182490348816,1.04348754882812,-6.57236242294312,-4.18395042419434,-10.1290502548218,-19.9510517120361,2.51805019378662,1.72695004940033,-3.13095021247864,2.32005000114441,2.88300013542175,3.36195015907288,-11.8486499786377,-11.8486499786377,-15.6677122116089,-0.49183750152588,-0.49183750152588,3.89647507667542,-26.8478374481201,-26.8478374481201,-31.7350006103516,-27.4740009307861,-27.4740009307861,-19.4380512237549,-25.0960502624512,-25.0960502624512,-4.54905033111572,0.72900003194809,0.72900003194809,2.66700005531311,-15.6677122116089,-4.41869974136353,-4.41869974136353,3.89647507667542,6.59945011138916,6.59945011138916,-31.7350006103516,-2.46826243400574,-2.46826243400574,-19.4380512237549,32.7289505004883,32.7289505004883,-4.54905033111572,32.7690010070801,32.7690010070801,2.66700005531311,-7.2330002784729,-7.2330002784729,6.85657501220703,7.36986255645752,7.40189981460571,2.76979994773865,6.62007474899292,8.89515018463135,15.5288372039795,28.6655864715576,29.3761882781982,42.2659530639648,39.5790023803711,32.0989532470703,31.5810012817383,25.8070507049561,19.0620002746582,-9.74100017547607,0.29805001616478,8.84400081634521,6.59546232223511,6.59546232223511,0.82431250810623,9.56546211242676,9.56546211242676,8.5376501083374,27.9017753601074,27.9017753601074,16.4836368560791,21.0030002593994,21.0030002593994,9.60795021057129,11.9920501708984,11.9920501708984,5.72205018997192,7.72500038146973,7.72500038146973,5.22000026702881,1.94961249828339,1.94961249828339,-2.71273756027222,5.05450010299683,5.05450010299683,4.31186246871948,4.29605007171631,4.29605007171631,-0.17792500555515,1.11705005168915,1.11705005168915,-15.8940010070801,2.41695022583008,2.41695022583008,-2.31705021858215,3.50505018234253,3.50505018234253,2.932950258255,SHAKE
7.36986255645752,7.40189981460571,6.59546232223511,6.62007474899292,8.89515018463135,9.56546211242676,28.6655864715576,29.3761882781982,27.9017753601074,39.5790023803711,32.0989532470703,21.0030002593994,25.8070507049561,19.0620002746582,11.9920501708984,0.29805001616478,8.84400081634521,7.72500038146973,6.59546232223511,0.82431250810623,1.94961249828339,9.56546211242676,8.5376501083374,5.05450010299683,27.9017753601074,16.4836368560791,4.29605007171631,21.0030002593994,9.60795021057129,1.11705005168915,11.9920501708984,5.72205018997192,2.41695022583008,7.72500038146973,5.22000026702881,3.50505018234253,1.94961249828339,-2.71273756027222,-2.71273756027222,5.05450010299683,4.31186246871948,4.31186246871948,4.29605007171631,-0.17792500555515,-0.17792500555515,1.11705005168915,-15.8940010070801,-15.8940010070801,2.41695022583008,-2.31705021858215,-2.31705021858215,3.50505018234253,2.932950258255,2.932950258255,-12.6957874298096,-19.8445491790771,-20.5302619934082,-0.74153751134872,10.4365253448486,10.4911127090454,-14.9454250335693,-24.11887550354,-24.1894130706787,-22.3840503692627,-24.7650012969971,-21.211051940918,-18.0139503479004,-19.8889503479004,-9.78495025634766,-0.61995005607605,-2.10300016403198,2.15895009040833,-20.5302619934082,-17.915699005127,-7.65682506561279,10.4911127090454,9.26378726959229,14.1229000091553,-24.1894130706787,-21.9892749786377,-6.67287492752075,-21.211051940918,-13.2900009155273,7.95300054550171,-9.78495025634766,2.30400013923645,24.564001083374,2.15895009040833,4.16205024719238,0.24795001745224,3.66657495498657,7.64032506942749,7.75321245193481,3.78111243247986,4.16006231307983,7.65613746643066,7.04233741760254,25.3823623657227,29.3092250823975,37.6960525512695,43.6930503845215,37.1910018920898,38.3490028381348,36.9700508117676,32.1130523681641,-7.62600040435791,-1.81500005722046,9.9859504699707,7.75321245193481,7.52180004119873,1.10316252708435,7.65613746643066,9.02054977416992,9.27547454833984,29.3092250823975,29.3854007720947,15.8313369750977,37.1910018920898,29.2519512176514,4.71000003814697,32.1130523681641,24.2430019378662,8.77305030822754,9.9859504699707,10.9300508499146,3.91500020027161,2.24620008468628,1.83149993419647,-1.45585000514984,7.54050016403198,4.52828741073608,2.63862490653992,7.44548749923706,2.98196244239807,-0.2404875010252,4.71000003814697,-4.02405023574829,-14.6959505081177,8.77305030822754,5.39595031738281,2.95095014572144,3.91500020027161,2.6100001335144,5.25105047225952,-1.45585000514984,-7.94543743133545,-14.9554624557495,2.63862490653992,-2.42330002784729,0.79736250638962,-0.2404875010252,-8.12803745269775,-30.7188739776611,-14.6959505081177,-26.0010013580322,-22.6950016021729,2.95095014572144,-14.0740509033203,-14.2110004425049,5.25105047225952,1.35705006122589,2.14695000648499,-16.0414371490479,-16.0414371490479,-9.71176242828369,1.36317503452301,1.36317503452301,4.99812507629395,-31.7964630126953,-31.7964630126953,-23.4566745758057,-22.6950016021729,-20.6170501708984,-2.70195007324219,-14.2110004425049,-10.6879501342773,12.5599508285522,2.14695000648499,4.24305009841919,3.74700021743774,SHAKE
7.75321245193481,7.75321245193481,7.52180004119873,7.65613746643066,7.65613746643066,9.02054977416992,29.3092250823975,29.3092250823975,29.3854007720947,37.1910018920898,37.1910018920898,29.2519512176514,32.1130523681641,32.1130523681641,24.2430019378662,9.9859504699707,9.9859504699707,10.9300508499146,1.10316252708435,2.24620008468628,1.83149993419647,9.27547454833984,7.54050016403198,4.52828741073608,15.8313369750977,7.44548749923706,2.98196244239807,4.71000003814697,4.71000003814697,-4.02405023574829,8.77305030822754,8.77305030822754,5.39595031738281,3.91500020027161,3.91500020027161,2.6100001335144,-1.45585000514984,-1.45585000514984,-7.94543743133545,2.63862490653992,2.63862490653992,-2.42330002784729,-0.2404875010252,-0.2404875010252,-8.12803745269775,-14.6959505081177,-14.6959505081177,-26.0010013580322,2.95095014572144,2.95095014572144,-14.0740509033203,5.25105047225952,5.25105047225952,1.35705006122589,-14.9554624557495,-16.0414371490479,-16.0414371490479,0.79736250638962,1.36317503452301,1.36317503452301,-30.7188739776611,-31.7964630126953,-31.7964630126953,-22.6950016021729,-22.6950016021729,-20.6170501708984,-14.2110004425049,-14.2110004425049,-10.6879501342773,2.14695000648499,2.14695000648499,4.24305009841919,-9.71176242828369,-9.71176242828369,-4.6833872795105,4.99812507629395,4.99812507629395,4.39257478713989,-23.4566745758057,-23.4566745758057,-4.10629987716675,-2.70195007324219,-2.70195007324219,22.9210510253906,12.5599508285522,12.5599508285522,27.2629508972168,3.74700021743774,3.74700021743774,-1.59795010089874,4.81978750228882,7.43558740615845,7.43558740615845,0.38857498764992,3.96343755722046,3.96343755722046,9.63063716888428,26.0288867950439,26.0288867950439,35.2099533081055,36.295051574707,34.1089515686035,32.9580001831055,31.4809513092041,28.207052230835,-6.17400026321411,-2.51700019836426,7.63395023345947,8.7282247543335,8.64929962158203,3.70906257629395,6.58405017852783,7.568274974823,8.26251220703125,28.1634368896484,28.2262744903564,20.0056991577148,34.1089515686035,26.6340007781982,13.6770009994507,28.207052230835,20.8800010681152,12.7110004425049,7.63395023345947,11.3230504989624,8.30505084991455,2.61717510223389,0.43834999203682,-2.80486249923706,5.31176233291626,3.64856243133545,3.3408374786377,4.6833872795105,1.93448746204376,-0.36079999804497,2.90400004386902,-4.46895027160645,-11.0290508270264,5.99295043945312,2.28299999237061,-0.18795001506805,6.02205038070679,6.6670503616333,8.07000064849854,-10.9448623657227,-10.9448623657227,-17.3919620513916,-0.71293747425079,-0.71293747425079,-0.46090000867844,-9.43112468719482,-9.43112468719482,-26.5784740447998,-18.4849510192871,-18.4849510192871,-18.1660499572754,-7.75605058670044,-7.75605058670044,-19.1490001678467,7.3560004234314,7.3560004234314,-0.4909500181675,-21.1793994903564,-20.5819625854492,-13.5887126922607,5.17123746871948,5.47497510910034,8.8221378326416,-29.7547245025635,-28.9040126800537,-20.3355617523193,-19.8090000152588,-18.340950012207,-5.82495021820068,-14.1889505386353,-7.34895038604736,4.56494998931885,-1.24305009841919,2.30805015563965,5.45205020904541,SHAKE
7.43558740615845,7.43558740615845,8.7282247543335,3.96343755722046,3.96343755722046,6.58405017852783,26.0288867950439,26.0288867950439,28.1634368896484,36.295051574707,34.1089515686035,34.1089515686035,31.4809513092041,28.207052230835,28.207052230835,-2.51700019836426,7.63395023345947,7.63395023345947,8.64929962158203,3.70906257629395,2.61717510223389,7.568274974823,8.26251220703125,5.31176233291626,28.2262744903564,20.0056991577148,4.6833872795105,26.6340007781982,13.6770009994507,2.90400004386902,20.8800010681152,12.7110004425049,5.99295043945312,11.3230504989624,8.30505084991455,6.02205038070679,0.43834999203682,-2.80486249923706,-10.9448623657227,3.64856243133545,3.3408374786377,-0.71293747425079,1.93448746204376,-0.36079999804497,-9.43112468719482,-4.46895027160645,-11.0290508270264,-18.4849510192871,2.28299999237061,-0.18795001506805,-7.75605058670044,6.6670503616333,8.07000064849854,7.3560004234314,-10.9448623657227,-17.3919620513916,-21.1793994903564,-0.71293747425079,-0.46090000867844,5.17123746871948,-9.43112468719482,-26.5784740447998,-29.7547245025635,-18.4849510192871,-18.1660499572754,-19.8090000152588,-7.75605058670044,-19.1490001678467,-14.1889505386353,7.3560004234314,-0.4909500181675,-1.24305009841919,-20.5819625854492,-13.5887126922607,-6.66008758544922,5.47497510910034,8.8221378326416,8.45556259155273,-28.9040126800537,-20.3355617523193,-2.58733749389648,-18.340950012207,-5.82495021820068,18.4399509429932,-7.34895038604736,4.56494998931885,22.7269515991211,2.30805015563965,5.45205020904541,-2.95800018310547,5.0836501121521,5.0836501121521,7.03340005874634,6.81793737411499,6.81793737411499,12.9988374710083,9.60203742980957,9.60203742980957,27.0473499298096,36.9060020446777,36.9060020446777,40.993953704834,34.7670021057129,34.7670021057129,26.5969505310059,-14.3029508590698,-14.3029508590698,5.85495042800903,7.03340005874634,7.00342512130737,0.66412502527237,12.9988374710083,14.2030620574951,10.2207870483398,27.0473499298096,27.0543632507324,18.7580242156982,40.993953704834,28.6140022277832,14.1750011444092,26.5969505310059,18.9400501251221,11.2230005264282,5.85495042800903,11.623950958252,6.98295021057129,1.14111244678497,0.45443749427795,-2.47169995307922,5.84113740921021,4.42915010452271,5.03305006027222,3.58943748474121,1.76508748531342,-0.12801249325275,2.80800008773804,-5.87295007705688,-17.2660503387451,6.02895021438599,1.44495010375977,-3.62505006790161,6.08205032348633,8.68095016479492,12.1080007553101,-2.47169995307922,-12.0209369659424,-17.9379749298096,5.03305006027222,0.50407499074936,7.68295001983643,-0.12801249325275,-12.7176494598389,-25.145450592041,-17.2660503387451,-25.840051651001,-22.9180507659912,-3.62505006790161,-14.8020009994507,-18.7560005187988,12.1080007553101,6.85395050048828,-0.20595000684261,-19.9922256469727,-18.3533630371094,-9.47045040130615,10.3470125198364,8.63004970550537,12.525975227356,-26.4092121124268,-25.3852500915527,-12.7452878952026,-20.3389511108398,-7.3410005569458,13.8130502700806,-9.09495067596436,1.48305010795593,16.1860504150391,3.06000018119812,5.63700008392334,-1.35105001926422,SHAKE
7.03340005874634,7.03340005874634,7.00342512130737,12.9988374710083,12.9988374710083,14.2030620574951,27.0473499298096,27.0473499298096,27.0543632507324,40.993953704834,40.993953704834,28.6140022277832,26.5969505310059,26.5969505310059,18.9400501251221,5.85495042800903,5.85495042800903,11.623950958252,0.66412502527237,1.14111244678497,0.45443749427795,10.2207870483398,5.84113740921021,4.42915010452271,18.7580242156982,3.58943748474121,1.76508748531342,14.1750011444092,2.80800008773804,-5.87295007705688,11.2230005264282,6.02895021438599,1.44495010375977,6.98295021057129,6.08205032348633,8.68095016479492,-2.47169995307922,-2.47169995307922,-12.0209369659424,5.03305006027222,5.03305006027222,0.50407499074936,-0.12801249325275,-0.12801249325275,-12.7176494598389,-17.2660503387451,-17.2660503387451,-25.840051651001,-3.62505006790161,-3.62505006790161,-14.8020009994507,12.1080007553101,12.1080007553101,6.85395050048828,-17.9379749298096,-19.9922256469727,-18.3533630371094,7.68295001983643,10.3470125198364,8.63004970550537,-25.145450592041,-26.4092121124268,-25.3852500915527,-22.9180507659912,-20.3389511108398,-7.3410005569458,-18.7560005187988,-9.09495067596436,1.48305010795593,-0.20595000684261,3.06000018119812,5.63700008392334,-9.47045040130615,-9.47045040130615,-2.40556240081787,12.525975227356,12.525975227356,6.87211227416992,-12.7452878952026,-12.7452878952026,1.89887499809265,13.8130502700806,13.8130502700806,38.0220031738281,16.1860504150391,16.1860504150391,28.0870513916016,-1.35105001926422,-1.35105001926422,-13.4550008773804,6.193274974823,7.08001232147217,7.5700626373291,8.49777507781982,10.5232877731323,11.5939998626709,24.1851501464844,26.3803367614746,26.6424121856689,45.8869514465332,41.7490501403809,27.2880020141602,31.0159511566162,23.0479507446289,13.94700050354,-8.30595016479492,2.78400015830994,6.9060001373291,6.87348747253418,6.87348747253418,1.15981245040894,10.0119247436523,10.0119247436523,2.90840005874634,24.6789131164551,24.6789131164551,1.96130001544952,13.4160003662109,13.4160003662109,-1.0440000295639,6.39000034332275,6.39000034332275,1.08105003833771,3.74700021743774,3.74700021743774,3.00000023841858,1.15981245040894,-0.22797499597073,-3.75760006904602,2.90840005874634,3.38662505149841,6.76279973983765,1.96130001544952,1.32948744297028,-0.14891250431538,-1.0440000295639,-7.30005025863647,-15.8119506835938,1.08105003833771,-0.90405005216599,-6.18300008773804,3.00000023841858,5.60295009613037,7.43295049667358,-3.75760006904602,-15.2992124557495,-15.2025499343872,6.76279973983765,18.9601497650146,18.1445007324219,-0.14891250431538,-7.9565749168396,-7.83461236953735,-18.1950016021729,-17.4460506439209,-13.47705078125,-10.9750509262085,-13.6380004882812,-6.00300025939941,5.7610502243042,2.00100016593933,4.31700038909912,-15.2025499343872,-12.2819128036499,-4.91026258468628,18.1445007324219,14.212550163269,7.59302473068237,-7.83461236953735,-6.47954988479614,0.5380374789238,-13.47705078125,-1.81095004081726,18.4020004272461,-6.00300025939941,3.57900023460388,18.0160503387451,4.31700038909912,4.18095016479492,-5.28300046920776,SHAKE
7.08001232147217,7.5700626373291,6.87348747253418,10.5232877731323,11.5939998626709,10.0119247436523,26.3803367614746,26.6424121856689,24.6789131164551,41.7490501403809,27.2880020141602,13.4160003662109,23.0479507446289,13.94700050354,6.39000034332275,2.78400015830994,6.9060001373291,3.74700021743774,6.87348747253418,1.15981245040894,1.15981245040894,10.0119247436523,2.90840005874634,2.90840005874634,24.6789131164551,1.96130001544952,1.96130001544952,13.4160003662109,-1.0440000295639,-1.0440000295639,6.39000034332275,1.08105003833771,1.08105003833771,3.74700021743774,3.00000023841858,3.00000023841858,-0.22797499597073,-3.75760006904602,-3.75760006904602,3.38662505149841,6.76279973983765,6.76279973983765,1.32948744297028,-0.14891250431538,-0.14891250431538,-7.30005025863647,-15.8119506835938,-18.1950016021729,-0.90405005216599,-6.18300008773804,-10.9750509262085,5.60295009613037,7.43295049667358,5.7610502243042,-15.2992124557495,-15.2025499343872,-15.2025499343872,18.9601497650146,18.1445007324219,18.1445007324219,-7.9565749168396,-7.83461236953735,-7.83461236953735,-17.4460506439209,-13.47705078125,-13.47705078125,-13.6380004882812,-6.00300025939941,-6.00300025939941,2.00100016593933,4.31700038909912,4.31700038909912,-12.2819128036499,-4.91026258468628,6.18529987335205,14.212550163269,7.59302473068237,4.1397123336792,-6.47954988479614,0.5380374789238,11.127462387085,-1.81095004081726,18.4020004272461,37.0429534912109,3.57900023460388,18.0160503387451,29.344051361084,4.18095016479492,-5.28300046920776,-15.1080007553101,6.18529987335205,9.06729984283447,9.04172515869141,4.1397123336792,7.94433736801147,9.86191272735596,11.127462387085,24.7501373291016,25.3954257965088,37.0429534912109,44.0890502929688,40.7839508056641,29.344051361084,28.6090507507324,22.0920009613037,-15.1080007553101,-6.03300046920776,6.55695009231567,9.04172515869141,8.87906265258789,2.8521625995636,9.86191272735596,10.7175750732422,7.95121240615845,25.3954257965088,25.2418365478516,15.7728996276855,40.7839508056641,18.760950088501,12.373950958252,22.0920009613037,10.372950553894,7.5450005531311,6.55695009231567,5.2630500793457,3.43095016479492,0.97130000591278,0.44275000691414,-1.32316243648529,3.62257504463196,2.87883758544922,3.76392507553101,2.11351251602173,1.29318749904633,0.52910000085831,4.39604997634888,-1.43700003623962,-8.51205062866211,3.60300016403198,2.2540500164032,-0.43005001544952,1.68705010414124,3.82905006408691,7.77105045318604,-1.32316243648529,-6.82618761062622,-19.3498249053955,3.76392507553101,5.71807479858398,14.2232751846313,0.52910000085831,-3.22657489776611,-22.8795871734619,-8.51205062866211,-16.8130512237549,-17.1409511566162,-0.43005001544952,-7.12095022201538,-13.5420007705688,7.77105045318604,6.57600021362305,-3.04200005531311,-19.3498249053955,-19.0647869110107,-14.0487871170044,14.2232751846313,13.027437210083,10.3596620559692,-22.8795871734619,-22.9020004272461,-19.2927627563477,-17.1409511566162,-13.8580503463745,-1.6030501127243,-13.5420007705688,-7.17405033111572,3.54705023765564,-3.04200005531311,3.06000018119812,6.79800033569336,SHAKE
9.04172515869141,8.87906265258789,2.8521625995636,9.86191272735596,10.7175750732422,7.95121240615845,25.3954257965088,25.2418365478516,15.7728996276855,40.7839508056641,18.760950088501,12.373950958252,22.0920009613037,10.372950553894,7.5450005531311,6.55695009231567,5.2630500793457,3.43095016479492,0.97130000591278,0.44275000691414,-1.32316243648529,3.62257504463196,2.87883758544922,3.76392507553101,2.11351251602173,1.29318749904633,0.52910000085831,4.39604997634888,-1.43700003623962,-8.51205062866211,3.60300016403198,2.2540500164032,-0.43005001544952,1.68705010414124,3.82905006408691,7.77105045318604,-1.32316243648529,-6.82618761062622,-19.3498249053955,3.76392507553101,5.71807479858398,14.2232751846313,0.52910000085831,-3.22657489776611,-22.8795871734619,-8.51205062866211,-16.8130512237549,-17.1409511566162,-0.43005001544952,-7.12095022201538,-13.5420007705688,7.77105045318604,6.57600021362305,-3.04200005531311,-19.3498249053955,-19.0647869110107,-14.0487871170044,14.2232751846313,13.027437210083,10.3596620559692,-22.8795871734619,-22.9020004272461,-19.2927627563477,-17.1409511566162,-13.8580503463745,-1.6030501127243,-13.5420007705688,-7.17405033111572,3.54705023765564,-3.04200005531311,3.06000018119812,6.79800033569336,-14.0487871170044,-5.38216257095337,2.64343738555908,10.3596620559692,7.21806240081787,1.38998746871948,-19.2927627563477,-2.30340003967285,5.31836223602295,-1.6030501127243,16.9939498901367,33.0619506835938,3.54705023765564,15.9270009994507,24.400951385498,6.79800033569336,0.94995003938675,-6.55005025863647,5.94343757629395,6.24346256256104,6.30052518844604,2.73803758621216,4.58947515487671,5.49766254425049,17.9304122924805,18.8517990112305,19.0647869110107,39.5880012512207,39.552001953125,27.9990005493164,25.840051651001,21.951000213623,15.38805103302,-2.16000008583069,6.82200050354004,10.5850505828857,3.3486750125885,3.3486750125885,1.37238752841949,4.69177484512329,4.69177484512329,2.90867495536804,14.4394245147705,14.4394245147705,2.42398738861084,14.7400503158569,14.7400503158569,6.56100034713745,8.19900035858154,8.19900035858154,3.58305025100708,6.98505020141602,6.98505020141602,3.58005023002625,-0.58712500333786,-0.58712500333786,-3.16731238365173,2.66337490081787,2.66337490081787,4.37662506103516,0.98546248674393,0.98546248674393,-0.45031249523163,-3.0130500793457,-3.0130500793457,-8.38005065917969,1.26300001144409,1.26300001144409,-1.1340000629425,4.24995040893555,4.24995040893555,6.10395050048828,-12.2718753814697,-12.2718753814697,-20.143611907959,1.86862504482269,1.86862504482269,14.2602624893188,-13.859037399292,-13.859037399292,-27.4074630737305,-14.2480506896973,-14.2480506896973,-15.4189510345459,-6.83895015716553,-6.83895015716553,-11.8540506362915,3.86700010299683,3.86700010299683,-5.39400005340576,-20.143611907959,-19.0706996917725,-10.2722120285034,14.2602624893188,13.0532875061035,15.2695121765137,-27.4074630737305,-26.2741870880127,-12.9404001235962,-15.4189510345459,-11.7690010070801,-1.53795003890991,-11.8540506362915,-3.98400020599365,3.82995009422302,-5.39400005340576,0.41595003008843,4.48200035095215,SHAKE
3.3486750125885,3.3486750125885,1.37238752841949,4.69177484512329,4.69177484512329,2.90867495536804,14.4394245147705,14.4394245147705,2.42398738861084,14.7400503158569,14.7400503158569,6.56100034713745,8.19900035858154,8.19900035858154,3.58305025100708,6.98505020141602,6.98505020141602,3.58005023002625,-0.58712500333786,-0.58712500333786,-3.16731238365173,2.66337490081787,2.66337490081787,4.37662506103516,0.98546248674393,0.98546248674393,-0.45031249523163,-3.0130500793457,-3.0130500793457,-8.38005065917969,1.26300001144409,1.26300001144409,-1.1340000629425,4.24995040893555,4.24995040893555,6.10395050048828,-12.2718753814697,-12.2718753814697,-20.143611907959,1.86862504482269,1.86862504482269,14.2602624893188,-13.859037399292,-13.859037399292,-27.4074630737305,-14.2480506896973,-14.2480506896973,-15.4189510345459,-6.83895015716553,-6.83895015716553,-11.8540506362915,3.86700010299683,3.86700010299683,-5.39400005340576,-20.143611907959,-19.0706996917725,-10.2722120285034,14.2602624893188,13.0532875061035,15.2695121765137,-27.4074630737305,-26.2741870880127,-12.9404001235962,-15.4189510345459,-11.7690010070801,-1.53795003890991,-11.8540506362915,-3.98400020599365,3.82995009422302,-5.39400005340576,0.41595003008843,4.48200035095215,-4.45898771286011,-4.45898771286011,6.519700050354,5.82106256484985,5.82106256484985,6.69006252288818,-0.35117501020432,-0.35117501020432,11.3216123580933,15.1500005722046,15.1500005722046,35.9670028686523,14.3029508590698,14.3029508590698,25.9309520721436,0.84705001115799,0.84705001115799,-7.51605033874512,2.04325008392334,1.75848746299744,1.98605000972748,13.1084251403809,15.3971128463745,15.933500289917,22.6722373962402,23.4176254272461,23.5486621856689,44.0100021362305,40.7209510803223,28.1980514526367,29.0970020294189,20.9520015716553,14.1649503707886,-1.29795002937317,8.46495056152344,8.16405010223389,1.98605000972748,-4.93074989318848,0.853600025177,15.933500289917,10.9370250701904,2.34657502174377,23.5486621856689,13.5634126663208,1.49985003471375,28.1980514526367,15.2239503860474,-0.2710500061512,14.1649503707886,8.37600040435791,2.86695003509521,8.16405010223389,4.86300039291382,2.67705011367798,0.853600025177,-0.6650875210762,-4.4478497505188,2.34657502174377,2.57537508010864,3.92782497406006,1.49985003471375,0.68365001678467,-1.91798746585846,-0.2710500061512,-6.87405014038086,-16.6309509277344,2.86695003509521,0.47895002365112,-5.93100023269653,2.67705011367798,5.1340503692627,5.31795024871826,-13.8380002975464,-13.8380002975464,-18.8500118255615,3.42952489852905,3.42952489852905,11.6483125686646,-21.9432125091553,-21.9432125091553,-25.7523746490479,-20.121000289917,-20.121000289917,-18.5190010070801,-15.9709510803223,-15.9709510803223,-14.6299505233765,-0.03105000220239,-0.03105000220239,-2.32800006866455,-19.1111240386963,-15.9988126754761,-6.45851230621338,11.3378372192383,9.46536254882812,9.52613735198975,-25.8766746520996,-23.5564994812012,-3.50377488136292,-15.8050508499146,-7.32900047302246,10.4959506988525,-8.32605075836182,0.4909500181675,12.7159509658813,1.17495000362396,5.50995016098022,4.26195001602173,SHAKE
1.75848746299744,1.98605000972748,1.98605000972748,15.3971128463745,15.933500289917,15.933500289917,23.4176254272461,23.5486621856689,23.5486621856689,40.7209510803223,28.1980514526367,28.1980514526367,20.9520015716553,14.1649503707886,14.1649503707886,8.46495056152344,8.16405010223389,8.16405010223389,-4.93074989318848,0.853600025177,0.853600025177,10.9370250701904,2.34657502174377,2.34657502174377,13.5634126663208,1.49985003471375,1.49985003471375,15.2239503860474,-0.2710500061512,-0.2710500061512,8.37600040435791,2.86695003509521,2.86695003509521,4.86300039291382,2.67705011367798,2.67705011367798,-0.6650875210762,-4.4478497505188,-13.8380002975464,2.57537508010864,3.92782497406006,3.42952489852905,0.68365001678467,-1.91798746585846,-21.9432125091553,-6.87405014038086,-16.6309509277344,-20.121000289917,0.47895002365112,-5.93100023269653,-15.9709510803223,5.1340503692627,5.31795024871826,-0.03105000220239,-13.8380002975464,-18.8500118255615,-19.1111240386963,3.42952489852905,11.6483125686646,11.3378372192383,-21.9432125091553,-25.7523746490479,-25.8766746520996,-20.121000289917,-18.5190010070801,-15.8050508499146,-15.9709510803223,-14.6299505233765,-8.32605075836182,-0.03105000220239,-2.32800006866455,1.17495000362396,-15.9988126754761,-6.45851230621338,-6.45851230621338,9.46536254882812,9.52613735198975,9.52613735198975,-23.5564994812012,-3.50377488136292,-3.50377488136292,-7.32900047302246,10.4959506988525,10.4959506988525,0.4909500181675,12.7159509658813,12.7159509658813,5.50995016098022,4.26195001602173,4.26195001602173,0.54161250591278,7.49911260604858,7.49911260604858,1.85721254348755,6.08616256713867,6.08616256713867,2.44873738288879,24.2840118408203,24.2840118408203,33.4330520629883,39.8350524902344,39.8350524902344,27.8500518798828,24.9300003051758,24.9300003051758,-7.95600032806396,1.07700002193451,1.07700002193451,7.43764972686768,6.37202501296997,1.68368744850159,7.74399995803833,7.15151262283325,4.47232484817505,24.8685245513916,23.1303882598877,3.83680009841919,28.7820014953613,16.2490501403809,6.45600032806396,16.0139999389648,9.01995086669922,4.38105010986328,9.96705055236816,6.64800024032593,4.17300033569336,1.16489994525909,1.16489994525909,-0.16830000281334,3.04713749885559,3.04713749885559,3.56826257705688,1.91840004920959,1.91840004920959,1.39782500267029,0.57405000925064,0.57405000925064,-4.41000032424927,1.77300012111664,1.77300012111664,-0.32700002193451,4.47795009613037,4.47795009613037,7.01595020294189,-2.77626252174377,-5.44623756408691,-12.1445503234863,6.41960000991821,8.40757465362549,17.5033378601074,0.86858749389648,-0.6044499874115,-1.84483754634857,-8.07600021362305,-9.13005065917969,-7.61205053329468,-3.87405014038086,-8.10795021057129,-8.49405002593994,7.43805027008057,3.32595014572144,-1.20705008506775,-12.1445503234863,-14.9234247207642,-14.9234247207642,17.5033378601074,19.9835624694824,19.9835624694824,-1.84483754634857,-2.40514993667603,-2.40514993667603,-7.61205053329468,-6.74205017089844,-5.19300031661987,-8.49405002593994,-6.93000030517578,-5.02605009078979,-1.20705008506775,-2.26800012588501,-0.38595002889633,SHAKE
-14.9804878234863,-3.66203737258911,-0.98821246623993,10.7529125213623,7.14876222610474,4.07137489318848,-15.5075244903564,-0.73768746852875,0.13323749601841,31.6080017089844,20.7540016174316,10.3669500350952,19.4460010528564,13.4680509567261,7.60695028305054,6.09405040740967,6.9330005645752,6.16095018386841,-0.98821246623993,-1.98261249065399,-1.98261249065399,4.07137489318848,3.75691246986389,3.75691246986389,0.13323749601841,0.0173249989748,0.0173249989748,10.3669500350952,-4.73505020141602,-4.73505020141602,7.60695028305054,1.58100008964539,1.58100008964539,6.16095018386841,8.10900020599365,8.10900020599365,-4.74498748779297,-12.9973249435425,-12.9973249435425,4.99427509307861,2.228600025177,2.228600025177,-1.52734994888306,-14.7259750366211,-14.7259750366211,-16.1669998168945,-22.6950016021729,-22.6950016021729,-5.23395013809204,-19.2070503234863,-19.2070503234863,9.7300500869751,5.58195018768311,5.58195018768311,-18.9352626800537,-20.0853118896484,-17.6875877380371,11.3196878433228,13.0534248352051,11.6664628982544,-21.1037750244141,-21.0403881072998,-19.19651222229,-22.9999504089355,-19.3639507293701,-12.0900001525879,-18.0670509338379,-9.94500064849854,-1.3330500125885,-0.2080500125885,2.74095010757446,7.29195022583008,-9.12188720703125,-2.00213742256165,-2.00213742256165,13.8804874420166,4.88757514953613,4.88757514953613,-5.81872510910034,1.47179996967316,1.47179996967316,2.17305016517639,24.0520515441895,24.0520515441895,8.05200004577637,26.6689510345459,26.6689510345459,3.52395009994507,-9.550950050354,-9.550950050354,6.30451250076294,7.47697496414185,7.47697496414185,4.51632499694824,9.66831207275391,9.66831207275391,17.6686115264893,25.9639873504639,25.9639873504639,45.6859512329102,37.8019523620605,37.8019523620605,40.6150512695312,24.4699516296387,24.4699516296387,-15.5320510864258,7.9549503326416,7.9549503326416,7.44122505187988,1.77416253089905,1.24258744716644,9.38561248779297,7.05980014801025,3.22657489776611,25.5217876434326,9.68330001831055,2.31302499771118,20.5360507965088,6.48000049591064,-3.29805016517639,14.8260011672974,8.37795066833496,3.75600028038025,6.14895009994507,3.04095005989075,3.41895008087158,1.24258744716644,-0.78457498550415,-7.49017477035522,3.22657489776611,2.48916244506836,2.55970001220703,2.31302499771118,0.46090000867844,-3.61899995803833,-3.29805016517639,-14.193000793457,-27.7200012207031,3.75600028038025,-0.96900004148483,-16.4260501861572,3.41895008087158,8.50605010986328,10.7980508804321,-17.2616119384766,-21.042724609375,-21.042724609375,4.31296253204346,9.40362453460693,9.40362453460693,-21.2878875732422,-23.274486541748,-23.274486541748,-27.8740520477295,-24.1609516143799,-24.1609516143799,-25.2090015411377,-12.4410009384155,-12.4410009384155,1.33095002174377,2.59800004959106,2.59800004959106,-20.4853000640869,-14.4201745986938,-3.79981255531311,8.75641250610352,7.66988754272461,6.06374979019165,-22.9631881713867,-19.2174129486084,-0.37619999051094,-17.1220512390137,0.93300002813339,31.6369514465332,-4.74300003051758,10.5649509429932,34.7670021057129,7.09800052642822,4.72395038604736,-9.00300025939941,SHAKE
7.47697496414185,7.47697496414185,7.44122505187988,9.66831207275391,9.66831207275391,9.38561248779297,25.9639873504639,25.9639873504639,25.5217876434326,37.8019523620605,37.8019523620605,20.5360507965088,24.4699516296387,24.4699516296387,14.8260011672974,7.9549503326416,7.9549503326416,6.14895009994507,1.77416253089905,1.24258744716644,1.24258744716644,7.05980014801025,3.22657489776611,3.22657489776611,9.68330001831055,2.31302499771118,2.31302499771118,6.48000049591064,-3.29805016517639,-3.29805016517639,8.37795066833496,3.75600028038025,3.75600028038025,3.04095005989075,3.41895008087158,3.41895008087158,-0.78457498550415,-7.49017477035522,-17.2616119384766,2.48916244506836,2.55970001220703,4.31296253204346,0.46090000867844,-3.61899995803833,-21.2878875732422,-14.193000793457,-27.7200012207031,-27.8740520477295,-0.96900004148483,-16.4260501861572,-25.2090015411377,8.50605010986328,10.7980508804321,1.33095002174377,-21.042724609375,-21.042724609375,-20.4853000640869,9.40362453460693,9.40362453460693,8.75641250610352,-23.274486541748,-23.274486541748,-22.9631881713867,-24.1609516143799,-24.1609516143799,-17.1220512390137,-12.4410009384155,-12.4410009384155,-4.74300003051758,2.59800004959106,2.59800004959106,7.09800052642822,-14.4201745986938,-3.79981255531311,6.97922515869141,7.66988754272461,6.06374979019165,1.8657374382019,-19.2174129486084,-0.37619999051094,15.291787147522,0.93300002813339,31.6369514465332,47.0059509277344,10.5649509429932,34.7670021057129,36.6490516662598,4.72395038604736,-9.00300025939941,-12.4950008392334,6.97922515869141,10.0747623443604,10.0747623443604,1.8657374382019,8.68381214141846,8.68381214141846,15.291787147522,27.7241249084473,27.7241249084473,47.0059509277344,35.7559509277344,35.7559509277344,36.6490516662598,22.4629516601562,22.4629516601562,-12.4950008392334,8.77905082702637,8.77905082702637,9.71643733978271,2.20508742332458,2.20508742332458,9.13742542266846,3.58393740653992,3.58393740653992,27.0657749176025,3.06432509422302,3.06432509422302,18.6460514068604,-1.66500008106232,-1.66500008106232,12.0019502639771,3.5350501537323,3.5350501537323,5.61795043945312,2.07105016708374,2.07105016708374,0.11866249889135,-4.8232250213623,-4.8232250213623,2.70819997787476,2.52230000495911,2.52230000495911,1.16050004959106,-2.21374988555908,-2.21374988555908,-9.58005046844482,-18.79905128479,-18.79905128479,0.90600001811981,-5.47605037689209,-5.47605037689209,4.64805030822754,6.03900051116943,6.03900051116943,-19.025463104248,-19.025463104248,-19.1443996429443,7.11315011978149,7.11315011978149,6.65073728561401,-28.094274520874,-28.094274520874,-28.2004241943359,-21.0910511016846,-21.0910511016846,-19.0020008087158,-15.2740507125854,-15.2740507125854,-7.33695030212402,-0.85305005311966,-0.85305005311966,2.82000017166138,-15.5750370025635,-7.04398727416992,-7.04398727416992,5.69373750686646,8.30101203918457,8.30101203918457,-25.5154628753662,-6.11558723449707,-6.11558723449707,-10.2409505844116,5.79195022583008,5.79195022583008,-0.01800000108778,12.0499505996704,12.0499505996704,5.04300022125244,2.08500003814697,2.08500003814697,SHAKE
10.0747623443604,10.0747623443604,9.71643733978271,8.68381214141846,8.68381214141846,9.13742542266846,27.7241249084473,27.7241249084473,27.0657749176025,35.7559509277344,35.7559509277344,18.6460514068604,22.4629516601562,22.4629516601562,12.0019502639771,8.77905082702637,8.77905082702637,5.61795043945312,2.20508742332458,2.20508742332458,0.11866249889135,3.58393740653992,3.58393740653992,2.70819997787476,3.06432509422302,3.06432509422302,1.16050004959106,-1.66500008106232,-1.66500008106232,-9.58005046844482,3.5350501537323,3.5350501537323,0.90600001811981,2.07105016708374,2.07105016708374,4.64805030822754,-4.8232250213623,-4.8232250213623,-19.025463104248,2.52230000495911,2.52230000495911,7.11315011978149,-2.21374988555908,-2.21374988555908,-28.094274520874,-18.79905128479,-18.79905128479,-21.0910511016846,-5.47605037689209,-5.47605037689209,-15.2740507125854,6.03900051116943,6.03900051116943,-0.85305005311966,-19.025463104248,-19.1443996429443,-15.5750370025635,7.11315011978149,6.65073728561401,5.69373750686646,-28.094274520874,-28.2004241943359,-25.5154628753662,-21.0910511016846,-19.0020008087158,-10.2409505844116,-15.2740507125854,-7.33695030212402,-0.01800000108778,-0.85305005311966,2.82000017166138,5.04300022125244,-7.04398727416992,-7.04398727416992,0.08456250280142,8.30101203918457,8.30101203918457,2.44543743133545,-6.11558723449707,-6.11558723449707,2.38782501220703,5.79195022583008,5.79195022583008,33.0760498046875,12.0499505996704,12.0499505996704,31.0020008087158,2.08500003814697,2.08500003814697,-12.7180509567261,7.06804990768433,7.26976251602173,7.50268745422363,6.25721263885498,9.9950122833252,12.0653495788574,23.3553371429443,26.7695999145508,27.5371246337891,47.2960510253906,45.5980529785156,35.076000213623,40.1119537353516,36.2970008850098,27.0280513763428,-13.5409507751465,1.08900010585785,12.8029508590698,7.50268745422363,6.30547475814819,1.21192502975464,12.0653495788574,11.0023374557495,7.06846237182617,27.5371246337891,25.5609741210938,5.07058763504028,35.076000213623,17.6500511169434,3.15495014190674,27.0280513763428,16.2070503234863,8.97000026702881,12.8029508590698,8.77905082702637,4.11405038833618,1.05888748168945,-1.55402493476868,-1.55402493476868,4.21327495574951,3.2318000793457,3.2318000793457,1.34103751182556,-0.9785875082016,-0.9785875082016,-6.9529504776001,-16.8799514770508,-16.8799514770508,4.88895034790039,-0.3790500164032,-0.3790500164032,4.16400003433228,8.87505054473877,8.87505054473877,-15.1182622909546,-15.1182622909546,-18.4331130981445,0.08126249909401,0.08126249909401,4.7826623916626,-26.5600490570068,-26.5600490570068,-30.293586730957,-22.0800018310547,-22.0800018310547,-21.3730506896973,-22.3560009002686,-22.3560009002686,-12.9649505615234,-3.20205020904541,-3.20205020904541,0.28605002164841,-17.5092506408691,-10.7684497833252,-5.4033374786377,4.07494974136353,5.93092489242554,4.66620016098022,-29.7714996337891,-23.1101741790771,-5.24851226806641,-15.0670509338379,-1.36800003051758,18.0640506744385,-5.93295049667358,3.03705024719238,17.7810001373291,6.25005006790161,8.21895027160645,0.48000001907349,SHAKE
7.50268745422363,7.50268745422363,6.30547475814819,12.0653495788574,12.0653495788574,11.0023374557495,27.5371246337891,27.5371246337891,25.5609741210938,35.076000213623,35.076000213623,17.6500511169434,27.0280513763428,27.0280513763428,16.2070503234863,12.8029508590698,12.8029508590698,8.77905082702637,1.21192502975464,1.05888748168945,-1.55402493476868,7.06846237182617,4.21327495574951,3.2318000793457,5.07058763504028,1.34103751182556,-0.9785875082016,3.15495014190674,-6.9529504776001,-16.8799514770508,8.97000026702881,4.88895034790039,-0.3790500164032,4.11405038833618,4.16400003433228,8.87505054473877,-1.55402493476868,-15.1182622909546,-15.1182622909546,3.2318000793457,0.08126249909401,0.08126249909401,-0.9785875082016,-26.5600490570068,-26.5600490570068,-16.8799514770508,-22.0800018310547,-22.0800018310547,-0.3790500164032,-22.3560009002686,-22.3560009002686,8.87505054473877,-3.20205020904541,-3.20205020904541,-18.4331130981445,-17.5092506408691,-10.7684497833252,4.7826623916626,4.07494974136353,5.93092489242554,-30.293586730957,-29.7714996337891,-23.1101741790771,-21.3730506896973,-15.0670509338379,-1.36800003051758,-12.9649505615234,-5.93295049667358,3.03705024719238,0.28605002164841,6.25005006790161,8.21895027160645,-5.4033374786377,-5.4033374786377,1.82352495193481,4.66620016098022,4.66620016098022,0.05898749828339,-5.24851226806641,-5.24851226806641,2.87704992294312,18.0640506744385,18.0640506744385,37.3489532470703,17.7810001373291,17.7810001373291,32.6950531005859,0.48000001907349,0.48000001907349,-10.1650505065918,6.35731267929077,8.00181198120117,8.777587890625,2.53591251373291,4.82281255722046,5.94605016708374,17.6101741790771,19.5775241851807,20.4036254882812,44.6590538024902,40.6879501342773,26.578950881958,35.4400520324707,29.4709510803223,19.4700012207031,-6.73200035095215,2.99505019187927,5.49600028991699,5.81487512588501,5.81487512588501,2.62542510032654,5.40292501449585,5.40292501449585,2.62171244621277,16.5185623168945,16.5185623168945,2.48916244506836,12.2680501937866,12.2680501937866,1.31805002689362,10.6290006637573,10.6290006637573,5.74395036697388,3.70395016670227,3.70395016670227,2.96205019950867,0.58918750286102,-3.03311252593994,-12.5721750259399,1.33842504024506,0.951087474823,-4.66221237182617,0.56292498111725,-1.7549124956131,-12.4690504074097,-8.15805053710938,-19.9339504241943,-20.3479518890381,3.02805018424988,-4.88400030136108,-18.2650508880615,4.90200042724609,6.14700031280518,0.76995003223419,-18.1545372009277,-19.6836757659912,-19.6836757659912,2.40212488174438,3.4511125087738,3.4511125087738,-27.7305870056152,-28.8337497711182,-28.8337497711182,-19.8139514923096,-18.4249515533447,-18.4249515533447,-15.8509511947632,-9.59805011749268,-9.59805011749268,0.8320500254631,6.52995014190674,6.52995014190674,-14.4692621231079,-2.41834998130798,-2.41834998130798,2.94167494773865,-0.07067500054836,-0.07067500054836,-25.1719875335693,-1.68904995918274,-1.68904995918274,6.31905031204224,26.3509521484375,26.3509521484375,8.66295051574707,23.578950881958,23.578950881958,6.09405040740967,-8.46405029296875,-8.46405029296875,SHAKE
11.9959125518799,12.1071500778198,12.1071500778198,2.56643748283386,3.24279999732971,3.24279999732971,18.2397880554199,18.4377880096436,18.4377880096436,34.9830017089844,19.0440006256104,19.0440006256104,21.9940509796143,11.6830501556396,11.6830501556396,4.42005014419556,2.93805003166199,2.93805003166199,2.41065001487732,2.41065001487732,-0.02804999984801,1.56598746776581,1.56598746776581,1.14001250267029,1.50438749790192,1.50438749790192,0.12430000305176,-0.60600000619888,-0.60600000619888,-10.5019502639771,4.56105041503906,4.56105041503906,2.60595011711121,1.89600014686584,1.89600014686584,3.28995013237,-3.91022491455078,-3.91022491455078,-10.9425249099731,0.77192497253418,0.77192497253418,-3.82731246948242,-2.30573749542236,-2.30573749542236,-18.494987487793,-19.431001663208,-19.431001663208,-18.5230503082275,-7.46895027160645,-7.46895027160645,-17.2140007019043,1.52505004405975,1.52505004405975,-0.40500003099442,-16.2104244232178,-16.2322883605957,-16.2322883605957,2.72401237487793,1.80908751487732,1.80908751487732,-27.84375,-28.0362491607666,-28.0362491607666,-16.734001159668,-13.6590003967285,-13.6590003967285,-13.0129508972168,-6.64500045776367,-6.64500045776367,0.87795001268387,4.9350004196167,4.9350004196167,-13.5137748718262,-6.87238740921021,0.03932499885559,0.9981124997139,4.81043767929077,-2.83181238174438,-26.241325378418,-10.6254501342773,-0.88591247797012,-3.83895015716553,10.0270500183105,26.9400005340576,-0.10905000567436,9.90900039672852,22.8679504394531,7.77600049972534,4.19505023956299,-8.35905075073242,13.1920251846313,15.4162244796753,15.4162244796753,-3.4267749786377,-1.41569995880127,-1.41569995880127,19.369213104248,21.2272491455078,21.2272491455078,40.0170021057129,40.7790031433105,40.7790031433105,29.943000793457,26.8320007324219,26.8320007324219,-11.1970500946045,0.03705000132322,0.03705000132322,16.0690746307373,15.1093244552612,3.46857500076294,0.4446749985218,1.77636253833771,2.7277250289917,22.3673992156982,22.2738990783691,2.79757499694824,31.9410018920898,18.631950378418,7.69395017623901,18.9019508361816,11.5180501937866,6.03105020523071,8.23995018005371,6.94695043563843,3.45300006866455,1.28699994087219,-0.62919998168945,-0.62919998168945,2.00543737411499,2.21223759651184,2.21223759651184,1.24643754959106,0.31638750433922,0.31638750433922,0.3199500143528,-7.06800031661987,-7.06800031661987,3.5550000667572,0.8029500246048,0.8029500246048,2.86095023155212,4.96095037460327,4.96095037460327,-4.05473756790161,-12.5313377380371,-19.0739994049072,3.70576238632202,0.81716251373291,11.7162370681763,-1.37802493572235,-14.8380374908447,-19.9926376342773,-15.8599510192871,-18.0319499969482,-16.6459503173828,-7.29600048065186,-16.2030010223389,-12.586950302124,4.01999998092651,0.17895001173019,-0.27495002746582,-19.1655750274658,-16.2903118133545,-16.2903118133545,11.8115253448486,9.57054996490479,9.57054996490479,-19.9561996459961,-18.5341739654541,-18.5341739654541,-13.2330007553101,-2.83605003356934,-2.83605003356934,-4.5949501991272,1.33905005455017,1.33905005455017,4.15904998779297,6.76500034332275,6.76500034332275,SHAKE
15.4162244796753,16.0690746307373,15.1093244552612,-1.41569995880127,0.4446749985218,1.77636253833771,21.2272491455078,22.3673992156982,22.2738990783691,40.7790031433105,31.9410018920898,18.631950378418,26.8320007324219,18.9019508361816,11.5180501937866,0.03705000132322,8.23995018005371,6.94695043563843,3.46857500076294,1.28699994087219,-0.62919998168945,2.7277250289917,2.00543737411499,2.21223759651184,2.79757499694824,1.24643754959106,0.31638750433922,7.69395017623901,0.3199500143528,-7.06800031661987,6.03105020523071,3.5550000667572,0.8029500246048,3.45300006866455,2.86095023155212,4.96095037460327,-0.62919998168945,-4.05473756790161,-12.5313377380371,2.21223759651184,3.70576238632202,0.81716251373291,0.31638750433922,-1.37802493572235,-14.8380374908447,-7.06800031661987,-15.8599510192871,-18.0319499969482,0.8029500246048,-7.29600048065186,-16.2030010223389,4.96095037460327,4.01999998092651,0.17895001173019,-19.0739994049072,-19.1655750274658,-16.2903118133545,11.7162370681763,11.8115253448486,9.57054996490479,-19.9926376342773,-19.9561996459961,-18.5341739654541,-16.6459503173828,-13.2330007553101,-2.83605003356934,-12.586950302124,-4.5949501991272,1.33905005455017,-0.27495002746582,4.15904998779297,6.76500034332275,-16.2903118133545,0.51700001955032,0.51700001955032,9.57054996490479,0.03684999793768,0.03684999793768,-18.5341739654541,0.65491247177124,0.65491247177124,-2.83605003356934,26.5240516662598,26.5240516662598,1.33905005455017,22.9570503234863,22.9570503234863,6.76500034332275,-7.64295053482056,-7.64295053482056,11.0380878448486,12.5541620254517,13.132212638855,0.23264999687672,2.03981256484985,3.6316499710083,19.7368869781494,21.4509620666504,22.5629253387451,39.6409530639648,41.1550521850586,31.3110008239746,32.3310012817383,26.6070003509521,18.2430000305176,-10.5190505981445,-0.60405004024506,5.92695045471191,12.0873498916626,12.0873498916626,3.00478744506836,4.31983757019043,4.31983757019043,2.70751237869263,21.9297370910645,21.9297370910645,3.04589986801147,18.0240001678467,18.0240001678467,8.46495056152344,11.3460006713867,11.3460006713867,6.99105024337769,4.08704996109009,4.08704996109009,1.53705012798309,1.26513743400574,-0.35502499341965,-3.17171239852905,1.47207498550415,1.40690004825592,2.44076251983643,1.27407503128052,0.36657500267029,-1.11457502841949,1.63500010967255,-5.82495021820068,-15.2760009765625,4.58205032348633,1.23105001449585,-6.76500034332275,1.34700012207031,3.55305027961731,4.74600028991699,-11.9502620697021,-17.9818382263184,-17.9818382263184,-1.51222503185272,9.20741271972656,9.20741271972656,-13.3490495681763,-22.0287380218506,-22.0287380218506,-19.2949504852295,-17.2849502563477,-17.2849502563477,-16.0210514068604,-12.553050994873,-12.553050994873,1.94400012493134,0.60300004482269,0.60300004482269,-18.3677997589111,-16.1833381652832,-7.37137508392334,9.13082504272461,7.06818723678589,10.3030128479004,-22.4655742645264,-21.5993251800537,-9.69856262207031,-0.78795003890991,-0.78795003890991,15.0510005950928,0.34800001978874,0.34800001978874,11.4130506515503,7.74705028533936,7.74705028533936,1.1340000629425,SHAKE
12.5541620254517,13.132212638855,12.0873498916626,2.03981256484985,3.6316499710083,4.31983757019043,21.4509620666504,22.5629253387451,21.9297370910645,41.1550521850586,31.3110008239746,18.0240001678467,26.6070003509521,18.2430000305176,11.3460006713867,-0.60405004024506,5.92695045471191,4.08704996109009,12.0873498916626,3.00478744506836,1.26513743400574,4.31983757019043,2.70751237869263,1.47207498550415,21.9297370910645,3.04589986801147,1.27407503128052,18.0240001678467,8.46495056152344,1.63500010967255,11.3460006713867,6.99105024337769,4.58205032348633,4.08704996109009,1.53705012798309,1.34700012207031,-0.35502499341965,-3.17171239852905,-11.9502620697021,1.40690004825592,2.44076251983643,-1.51222503185272,0.36657500267029,-1.11457502841949,-13.3490495681763,-5.82495021820068,-15.2760009765625,-19.2949504852295,1.23105001449585,-6.76500034332275,-16.0210514068604,3.55305027961731,4.74600028991699,1.94400012493134,-17.9818382263184,-17.9818382263184,-18.3677997589111,9.20741271972656,9.20741271972656,9.13082504272461,-22.0287380218506,-22.0287380218506,-22.4655742645264,-17.2849502563477,-17.2849502563477,-0.78795003890991,-12.553050994873,-12.553050994873,0.34800001978874,0.60300004482269,0.60300004482269,7.74705028533936,-16.1833381652832,-7.37137508392334,1.08982503414154,7.06818723678589,10.3030128479004,-1.9794499874115,-21.5993251800537,-9.69856262207031,0.33770000934601,-0.78795003890991,15.0510005950928,32.9280014038086,0.34800001978874,11.4130506515503,25.945951461792,7.74705028533936,1.1340000629425,-11.1510009765625,5.94646263122559,6.62255001068115,6.66421222686768,-2.39703750610352,-0.81936252117157,0.0662750005722,7.98036241531372,8.78707504272461,9.19517517089844,44.6110534667969,41.9620513916016,27.1099510192871,32.0269508361816,26.8390522003174,18.3580513000488,-10.8810005187988,0.24795001745224,7.56495046615601,4.73013734817505,4.73013734817505,1.02203750610352,2.13083744049072,2.13083744049072,1.58070003986359,8.12033748626709,8.12033748626709,0.7735750079155,12.235050201416,12.235050201416,0.60000002384186,10.900050163269,10.900050163269,5.24100017547607,4.54500007629395,4.54500007629395,3.02400016784668,-0.33783748745918,-3.25558757781982,-3.25558757781982,1.21261250972748,1.90808749198914,1.90808749198914,-0.0692999958992,-1.52954995632172,-1.52954995632172,-8.16000080108643,-18.375,-22.0780506134033,0.29700002074242,-7.42095041275024,-15.2190008163452,5.11500024795532,10.0339508056641,11.3710508346558,-13.1714000701904,-20.1293125152588,-21.3223991394043,-1.17369997501373,8.75008773803711,10.6680746078491,-12.5449495315552,-20.8217620849609,-20.7601623535156,-22.8889503479004,-22.5450019836426,-18.0589504241943,-21.9540004730225,-17.4870014190674,-6.91995048522949,11.4640502929688,6.5779504776001,6.54195022583008,-21.3223991394043,-19.0826625823975,-9.03883743286133,10.6680746078491,9.22900009155273,11.9652500152588,-20.7601623535156,-19.6175365447998,-8.34198760986328,-18.0589504241943,-5.53995037078857,13.1620502471924,-6.91995048522949,1.25100004673004,17.0629501342773,6.54195022583008,7.3609504699707,-3.13305020332336,SHAKE
5.94646263122559,6.62255001068115,6.66421222686768,-2.39703750610352,-0.81936252117157,0.0662750005722,7.98036241531372,8.78707504272461,9.19517517089844,44.6110534667969,41.9620513916016,27.1099510192871,32.0269508361816,26.8390522003174,18.3580513000488,-10.8810005187988,0.24795001745224,7.56495046615601,4.73013734817505,4.73013734817505,1.02203750610352,2.13083744049072,2.13083744049072,1.58070003986359,8.12033748626709,8.12033748626709,0.7735750079155,12.235050201416,12.235050201416,0.60000002384186,10.900050163269,10.900050163269,5.24100017547607,4.54500007629395,4.54500007629395,3.02400016784668,-0.33783748745918,-3.25558757781982,-3.25558757781982,1.21261250972748,1.90808749198914,1.90808749198914,-0.0692999958992,-1.52954995632172,-1.52954995632172,-8.16000080108643,-18.375,-22.0780506134033,0.29700002074242,-7.42095041275024,-15.2190008163452,5.11500024795532,10.0339508056641,11.3710508346558,-13.1714000701904,-20.1293125152588,-21.3223991394043,-1.17369997501373,8.75008773803711,10.6680746078491,-12.5449495315552,-20.8217620849609,-20.7601623535156,-22.8889503479004,-22.5450019836426,-18.0589504241943,-21.9540004730225,-17.4870014190674,-6.91995048522949,11.4640502929688,6.5779504776001,6.54195022583008,-21.3223991394043,-19.0826625823975,-9.03883743286133,10.6680746078491,9.22900009155273,11.9652500152588,-20.7601623535156,-19.6175365447998,-8.34198760986328,-18.0589504241943,-5.53995037078857,13.1620502471924,-6.91995048522949,1.25100004673004,17.0629501342773,6.54195022583008,7.3609504699707,-3.13305020332336,-4.30539989471436,10.1048746109009,11.1952495574951,6.47721242904663,4.65616226196289,6.56026268005371,-0.46694999933243,21.2766132354736,23.1478500366211,38.1490516662598,48.6370506286621,44.8740005493164,35.1190528869629,34.9699516296387,26.8200016021729,-22.0489501953125,-15.9289503097534,-0.14595000445843,11.1952495574951,11.2792625427246,9.47113704681396,6.56026268005371,8.00621223449707,7.40932512283325,23.1478500366211,23.5903244018555,20.9471626281738,44.8740005493164,27.6280517578125,10.8769502639771,26.8200016021729,17.1340503692627,8.81595039367676,-0.14595000445843,4.98495006561279,2.94705009460449,9.47113704681396,0.20391249656677,0.20391249656677,7.40932512283325,2.85903739929199,2.85903739929199,20.9471626281738,1.26788747310638,1.26788747310638,4.47495031356812,-9.69795036315918,-9.69795036315918,5.5639500617981,-1.5700501203537,-1.5700501203537,2.98800015449524,9.47100067138672,9.47100067138672,-3.26947498321533,-12.1152620315552,-12.1152620315552,4.32616233825684,2.80458760261536,2.80458760261536,-0.16994999349117,-10.489049911499,-10.489049911499,-20.2650012969971,-23.7160511016846,-23.7160511016846,-8.56305027008057,-18.5479507446289,-18.5479507446289,12.271050453186,8.02905082702637,8.02905082702637,-19.3730621337891,-16.5478496551514,-16.5478496551514,13.5022249221802,11.0181503295898,11.0181503295898,-14.8869876861572,-13.938512802124,-13.938512802124,-16.3150501251221,-1.57095003128052,-1.57095003128052,-5.80200004577637,5.24100017547607,5.24100017547607,7.19100046157837,3.20595026016235,3.20595026016235,SHAKE
10.1048746109009,11.1952495574951,11.1952495574951,4.65616226196289,6.56026268005371,6.56026268005371,21.2766132354736,23.1478500366211,23.1478500366211,48.6370506286621,44.8740005493164,44.8740005493164,34.9699516296387,26.8200016021729,26.8200016021729,-15.9289503097534,-0.14595000445843,-0.14595000445843,11.2792625427246,9.47113704681396,9.47113704681396,8.00621223449707,7.40932512283325,7.40932512283325,23.5903244018555,20.9471626281738,20.9471626281738,27.6280517578125,10.8769502639771,4.47495031356812,17.1340503692627,8.81595039367676,5.5639500617981,4.98495006561279,2.94705009460449,2.98800015449524,0.20391249656677,0.20391249656677,-3.26947498321533,2.85903739929199,2.85903739929199,4.32616233825684,1.26788747310638,1.26788747310638,-0.16994999349117,-9.69795036315918,-9.69795036315918,-20.2650012969971,-1.5700501203537,-1.5700501203537,-8.56305027008057,9.47100067138672,9.47100067138672,12.271050453186,-12.1152620315552,-12.1152620315552,-19.3730621337891,2.80458760261536,2.80458760261536,13.5022249221802,-10.489049911499,-10.489049911499,-14.8869876861572,-23.7160511016846,-23.7160511016846,-16.3150501251221,-18.5479507446289,-18.5479507446289,-5.80200004577637,8.02905082702637,8.02905082702637,7.19100046157837,-16.5478496551514,-16.5478496551514,-7.58051252365112,11.0181503295898,11.0181503295898,12.8103246688843,-13.938512802124,-13.938512802124,-2.88378739356995,-1.57095003128052,-1.57095003128052,24.748950958252,5.24100017547607,5.24100017547607,25.8190517425537,3.20595026016235,3.20595026016235,-13.0510501861572,5.91511249542236,10.3761625289917,10.3761625289917,5.41282510757446,10.4722747802734,10.4722747802734,12.846212387085,26.7744121551514,26.7744121551514,47.050952911377,40.1749534606934,40.1749534606934,35.9089508056641,21.5989513397217,21.5989513397217,-19.8240013122559,7.13400030136108,7.13400030136108,10.2460870742798,3.62271237373352,3.62271237373352,10.6239376068115,7.95863723754883,7.95863723754883,26.2127246856689,14.6968250274658,14.6968250274658,19.3860015869141,4.24500036239624,4.24500036239624,12.246000289917,5.06100034713745,5.06100034713745,5.04795026779175,3.16800022125244,3.16800022125244,0.94063746929169,-0.87257498502731,-0.87257498502731,3.363112449646,3.65461254119873,3.65461254119873,2.00021243095398,0.78196251392365,0.78196251392365,-5.05395030975342,-15.0840005874634,-23.4090003967285,0.26399999856949,-5.34195041656494,-14.4790506362915,6.57600021362305,13.1929502487183,10.4170503616333,-13.313024520874,-13.313024520874,-16.4858379364014,12.8251752853394,12.8251752853394,17.4043369293213,-7.99699974060059,-7.99699974060059,-8.72836208343506,-22.336051940918,-22.336051940918,-17.7229499816895,-16.756950378418,-16.756950378418,-8.7480001449585,2.69595003128052,2.69595003128052,3.97695016860962,-15.6410369873047,-10.2418251037598,-10.2418251037598,15.9315748214722,11.4615879058838,11.4615879058838,-8.65452480316162,-6.81876230239868,-6.81876230239868,-7.0489501953125,9.27495002746582,18.9120006561279,-1.27305006980896,9.77205085754395,18.7579517364502,6.0730504989624,-0.79005002975464,-8.70105075836182,SHAKE
7.16993761062622,7.16993761062622,7.76036262512207,9.25416278839111,9.25416278839111,13.7497253417969,20.3264865875244,20.3264865875244,23.734561920166,44.8720512390137,44.8720512390137,30.3840007781982,33.3730506896973,33.3730506896973,17.5390510559082,-16.3560009002686,-16.3560009002686,7.53600025177002,7.76036262512207,2.13908743858337,0.57983750104904,13.7497253417969,8.40413761138916,5.75231266021729,23.734561920166,15.9329500198364,4.02544975280762,30.3840007781982,3.67500019073486,3.67500019073486,17.5390510559082,2.83095002174377,2.83095002174377,7.53600025177002,2.66700005531311,2.66700005531311,0.39283749461174,-1.1119624376297,-5.86574983596802,3.1516375541687,3.60524988174438,7.49100017547607,1.41019999980927,0.75432497262955,-0.81853747367859,-2.38995003700256,-8.78505039215088,-16.8439502716064,0.24195000529289,-1.77600014209747,-8.86995029449463,4.65195035934448,8.23095035552979,9.25800037384033,-12.9669370651245,-12.9669370651245,-16.1724758148193,13.5418252944946,13.5418252944946,17.5702991485596,-6.96355009078979,-6.96355009078979,-7.25559997558594,-20.1880512237549,-20.1880512237549,-14.9500503540039,-17.6880016326904,-17.6880016326904,-5.01600027084351,1.81200003623962,1.81200003623962,5.00895023345947,-16.1724758148193,-11.6586246490479,-3.84697508811951,17.5702991485596,13.2356128692627,6.99503755569458,-7.25559997558594,-5.58868741989136,1.28603744506836,-14.9500503540039,-3.35295009613037,18.7950000762939,-5.01600027084351,4.32600021362305,20.6329517364502,5.00895023345947,5.69895029067993,-1.85400009155273,6.7610125541687,6.7610125541687,10.3174495697021,2.91458749771118,2.91458749771118,8.93694972991943,12.0140628814697,12.0140628814697,27.1149997711182,39.1669502258301,39.1669502258301,42.8940010070801,34.1490020751953,34.1490020751953,27.6799507141113,-16.2000007629395,-16.2000007629395,6.60000038146973,10.3174495697021,9.95252513885498,4.10795021057129,8.93694972991943,10.050012588501,8.56844997406006,27.1149997711182,27.0415744781494,16.9959621429443,42.8940010070801,26.4469509124756,10.0030508041382,27.6799507141113,17.6280002593994,8.03595066070557,6.60000038146973,8.78894996643066,4.54995012283325,4.10795021057129,0.44247499108314,0.44247499108314,8.56844997406006,2.83978748321533,2.83978748321533,16.9959621429443,1.36207497119904,1.36207497119904,10.0030508041382,-5.25300025939941,-5.25300025939941,8.03595066070557,1.09005010128021,1.09005010128021,4.54995012283325,4.68600034713745,4.68600034713745,-2.30133748054504,-12.6979875564575,-12.6979875564575,3.48658752441406,-0.87711250782013,-0.87711250782013,-0.16527499258518,-11.4567747116089,-11.4567747116089,-13.6380004882812,-21.7300510406494,-21.7300510406494,-1.83300006389618,-14.4120006561279,-14.4120006561279,8.33805084228516,6.9060001373291,6.9060001373291,-19.7698879241943,-21.5384120941162,-19.8181495666504,7.17268753051758,9.02247524261475,7.31211233139038,-25.2356491088867,-26.1116619110107,-25.24169921875,-19.9510517120361,-17.1630001068115,-9.72195053100586,-18.4120502471924,-9.23895072937012,-1.81605005264282,1.92705011367798,3.53895020484924,6.82200050354004,SHAKE
10.3174495697021,9.95252513885498,4.10795021057129,8.93694972991943,10.050012588501,8.56844997406006,27.1149997711182,27.0415744781494,16.9959621429443,42.8940010070801,26.4469509124756,10.0030508041382,27.6799507141113,17.6280002593994,8.03595066070557,6.60000038146973,8.78894996643066,4.54995012283325,4.10795021057129,0.44247499108314,0.44247499108314,8.56844997406006,2.83978748321533,2.83978748321533,16.9959621429443,1.36207497119904,1.36207497119904,10.0030508041382,-5.25300025939941,-5.25300025939941,8.03595066070557,1.09005010128021,1.09005010128021,4.54995012283325,4.68600034713745,4.68600034713745,-2.30133748054504,-12.6979875564575,-12.6979875564575,3.48658752441406,-0.87711250782013,-0.87711250782013,-0.16527499258518,-11.4567747116089,-11.4567747116089,-13.6380004882812,-21.7300510406494,-21.7300510406494,-1.83300006389618,-14.4120006561279,-14.4120006561279,8.33805084228516,6.9060001373291,6.9060001373291,-19.7698879241943,-21.5384120941162,-19.8181495666504,7.17268753051758,9.02247524261475,7.31211233139038,-25.2356491088867,-26.1116619110107,-25.24169921875,-19.9510517120361,-17.1630001068115,-9.72195053100586,-18.4120502471924,-9.23895072937012,-1.81605005264282,1.92705011367798,3.53895020484924,6.82200050354004,-9.91485023498535,-2.29707503318787,-2.29707503318787,10.7889375686646,2.29638743400574,2.29638743400574,-14.2696123123169,-0.08098749816418,-0.08098749816418,4.0489501953125,21.6640510559082,21.6640510559082,5.54505014419556,22.7320518493652,22.7320518493652,5.10795021057129,-5.4529504776001,-5.4529504776001,10.7090501785278,11.5614128112793,11.6522998809814,3.55465006828308,5.35507488250732,6.28485012054443,22.2887496948242,23.4287624359131,23.4592876434326,40.4119529724121,34.9590034484863,22.711051940918,31.8919506072998,22.2480010986328,13.1160001754761,-8.36595058441162,0.02295000106096,1.97700011730194,11.6522998809814,6.46043729782104,2.52092504501343,6.28485012054443,6.14446258544922,2.50827503204346,23.4592876434326,9.64026260375977,2.14692497253418,22.711051940918,11.1190509796143,2.49000000953674,13.1160001754761,7.46805047988892,3.5550000667572,1.97700011730194,0.86805003881455,0.5830500125885,1.31491243839264,1.31491243839264,-7.89222478866577,1.98962497711182,1.98962497711182,7.35611248016357,1.16586244106293,1.16586244106293,-2.19505000114441,-4.14405012130737,-4.14405012130737,-19.7110500335693,-0.02295000106096,-0.02295000106096,-16.2540016174316,2.25705003738403,2.25705003738403,7.53795051574707,-7.89222478866577,-11.8410873413086,-12.679425239563,7.35611248016357,11.4243249893188,12.0553121566772,-2.19505000114441,-5.11541223526001,-5.08598756790161,-19.7110500335693,-17.6920509338379,-13.1920509338379,-16.2540016174316,-16.2439498901367,-6.36705017089844,7.53795051574707,7.20795011520386,8.59200000762939,-11.2959003448486,-11.2959003448486,2.67616248130798,10.2410001754761,10.2410001754761,-1.27929997444153,-4.64681243896484,-4.64681243896484,3.18367505073547,-2.61795020103455,-2.61795020103455,27.7830009460449,2.83800005912781,2.83800005912781,27.9739513397217,7.79700040817261,7.79700040817261,-13.8769502639771,SHAKE
11.5614128112793,11.6522998809814,11.6522998809814,5.35507488250732,6.28485012054443,6.28485012054443,23.4287624359131,23.4592876434326,23.4592876434326,34.9590034484863,22.711051940918,22.711051940918,22.2480010986328,13.1160001754761,13.1160001754761,0.02295000106096,1.97700011730194,1.97700011730194,6.46043729782104,2.52092504501343,1.31491243839264,6.14446258544922,2.50827503204346,1.98962497711182,9.64026260375977,2.14692497253418,1.16586244106293,11.1190509796143,2.49000000953674,-4.14405012130737,7.46805047988892,3.5550000667572,-0.02295000106096,0.86805003881455,0.5830500125885,2.25705003738403,1.31491243839264,-7.89222478866577,-7.89222478866577,1.98962497711182,7.35611248016357,7.35611248016357,1.16586244106293,-2.19505000114441,-2.19505000114441,-4.14405012130737,-19.7110500335693,-19.7110500335693,-0.02295000106096,-16.2540016174316,-16.2540016174316,2.25705003738403,7.53795051574707,7.53795051574707,-11.8410873413086,-12.679425239563,-11.2959003448486,11.4243249893188,12.0553121566772,10.2410001754761,-5.11541223526001,-5.08598756790161,-4.64681243896484,-17.6920509338379,-13.1920509338379,-2.61795020103455,-16.2439498901367,-6.36705017089844,2.83800005912781,7.20795011520386,8.59200000762939,7.79700040817261,-11.2959003448486,2.67616248130798,2.67616248130798,10.2410001754761,-1.27929997444153,-1.27929997444153,-4.64681243896484,3.18367505073547,3.18367505073547,-2.61795020103455,27.7830009460449,27.7830009460449,2.83800005912781,27.9739513397217,27.9739513397217,7.79700040817261,-13.8769502639771,-13.8769502639771,15.6360874176025,18.0723133087158,18.1055870056152,0.14987500011921,1.38352501392365,2.96312499046326,21.9960117340088,23.6334991455078,24.1725006103516,38.1660003662109,38.7840003967285,28.5810012817383,35.6479530334473,26.8680019378662,17.4529514312744,-18.7909507751465,-7.3410005569458,3.30405020713806,18.1055870056152,4.12871265411377,1.03083753585815,2.96312499046326,2.03926253318787,1.59678745269775,24.1725006103516,3.31649994850159,1.43371248245239,22.6290016174316,5.26995038986206,-3.04695010185242,14.0539503097534,6.32595014572144,1.50195002555847,2.91405010223389,1.64400005340576,4.33905029296875,1.03083753585815,-1.0037499666214,-5.95099973678589,1.59678745269775,2.24867486953735,5.35204982757568,1.43371248245239,0.72283750772476,-1.01626253128052,-3.04695010185242,-10.1959505081177,-19.7160015106201,1.50195002555847,-3.49995017051697,-13.0710010528564,4.33905029296875,7.23705053329468,7.41195058822632,-14.7091999053955,-17.8024005889893,-17.8024005889893,10.8590621948242,14.8710374832153,14.8710374832153,-9.71148777008057,-10.2601127624512,-10.2601127624512,-22.8079509735107,-20.4799518585205,-20.4799518585205,-21.7069511413574,-11.0089502334595,-11.0089502334595,6.55695009231567,6.22800016403198,6.22800016403198,-16.8950366973877,-12.1316251754761,-1.35877501964569,13.7493124008179,10.0918121337891,4.2479248046875,-9.9508752822876,-8.08871269226074,2.94071245193481,-9.86100006103516,12.5250005722046,37.8660011291504,1.18605005741119,15.2059507369995,32.7240028381348,6.94695043563843,-0.14400000870228,-13.6350002288818,SHAKE
15.6360874176025,18.0723133087158,18.1055870056152,0.14987500011921,1.38352501392365,2.96312499046326,21.9960117340088,23.6334991455078,24.1725006103516,38.1660003662109,38.7840003967285,28.5810012817383,35.6479530334473,26.8680019378662,17.4529514312744,-18.7909507751465,-7.3410005569458,3.30405020713806,18.1055870056152,4.12871265411377,1.03083753585815,2.96312499046326,2.03926253318787,1.59678745269775,24.1725006103516,3.31649994850159,1.43371248245239,22.6290016174316,5.26995038986206,-3.04695010185242,14.0539503097534,6.32595014572144,1.50195002555847,2.91405010223389,1.64400005340576,4.33905029296875,1.03083753585815,-1.0037499666214,-5.95099973678589,1.59678745269775,2.24867486953735,5.35204982757568,1.43371248245239,0.72283750772476,-1.01626253128052,-3.04695010185242,-10.1959505081177,-19.7160015106201,1.50195002555847,-3.49995017051697,-13.0710010528564,4.33905029296875,7.23705053329468,7.41195058822632,-14.7091999053955,-17.8024005889893,-17.8024005889893,10.8590621948242,14.8710374832153,14.8710374832153,-9.71148777008057,-10.2601127624512,-10.2601127624512,-22.8079509735107,-20.4799518585205,-20.4799518585205,-21.7069511413574,-11.0089502334595,-11.0089502334595,6.55695009231567,6.22800016403198,6.22800016403198,-16.8950366973877,-12.1316251754761,-1.35877501964569,13.7493124008179,10.0918121337891,4.2479248046875,-9.9508752822876,-8.08871269226074,2.94071245193481,-9.86100006103516,12.5250005722046,37.8660011291504,1.18605005741119,15.2059507369995,32.7240028381348,6.94695043563843,-0.14400000870228,-13.6350002288818,11.5996370315552,11.5996370315552,13.7693872451782,2.23616242408752,2.23616242408752,3.58325004577637,23.9608879089355,23.9608879089355,26.1149616241455,46.6009521484375,46.6009521484375,42.2970008850098,36.6420021057129,36.6420021057129,25.0189514160156,-12.2530508041382,-12.2530508041382,3.97695016860962,13.9999752044678,12.5148372650146,12.5148372650146,4.88152503967285,5.54675006866455,5.54675006866455,26.4147129058838,24.4795379638672,24.4795379638672,26.8279514312744,11.3539505004883,11.3539505004883,15.2779502868652,7.90605020523071,7.90605020523071,7.29900026321411,2.07300019264221,2.07300019264221,3.36077499389648,-1.1368499994278,-1.1368499994278,3.23661255836487,3.13087487220764,3.13087487220764,4.1498875617981,0.88660001754761,0.88660001754761,2.16105008125305,-11.6860504150391,-11.6860504150391,2.55600023269653,-2.83395004272461,-2.83395004272461,1.05795001983643,7.89300060272217,7.89300060272217,-10.2173500061035,-17.3901748657227,-20.0736255645752,3.97072505950928,10.1066627502441,12.8084001541138,-5.3249626159668,-19.1285877227783,-20.443775177002,-19.0120506286621,-19.8139514923096,-18.7560005187988,-10.4959506988525,-15.399001121521,-12.0480003356934,5.21805047988892,-2.13195013999939,-0.90495002269745,-20.0736255645752,-19.1280364990234,-10.6591377258301,12.8084001541138,10.83238697052,9.43621253967285,-20.443775177002,-20.4393749237061,-14.4265003204346,-18.7560005187988,-12.7080001831055,1.39305007457733,-12.0480003356934,-5.14605045318604,6.0600004196167,-0.90495002269745,3.7260000705719,3.90495014190674,SHAKE
13.7693872451782,13.9999752044678,12.5148372650146,3.58325004577637,4.88152503967285,5.54675006866455,26.1149616241455,26.4147129058838,24.4795379638672,42.2970008850098,26.8279514312744,11.3539505004883,25.0189514160156,15.2779502868652,7.90605020523071,3.97695016860962,7.29900026321411,2.07300019264221,12.5148372650146,3.36077499389648,-1.1368499994278,5.54675006866455,3.23661255836487,3.13087487220764,24.4795379638672,4.1498875617981,0.88660001754761,11.3539505004883,2.16105008125305,-11.6860504150391,7.90605020523071,2.55600023269653,-2.83395004272461,2.07300019264221,1.05795001983643,7.89300060272217,-1.1368499994278,-10.2173500061035,-17.3901748657227,3.13087487220764,3.97072505950928,10.1066627502441,0.88660001754761,-5.3249626159668,-19.1285877227783,-11.6860504150391,-19.0120506286621,-19.8139514923096,-2.83395004272461,-10.4959506988525,-15.399001121521,7.89300060272217,5.21805047988892,-2.13195013999939,-20.0736255645752,-20.0736255645752,-19.1280364990234,12.8084001541138,12.8084001541138,10.83238697052,-20.443775177002,-20.443775177002,-20.4393749237061,-18.7560005187988,-18.7560005187988,-12.7080001831055,-12.0480003356934,-12.0480003356934,-5.14605045318604,-0.90495002269745,-0.90495002269745,3.7260000705719,-10.6591377258301,-3.14888739585876,5.61866235733032,9.43621253967285,3.91256237030029,2.77254986763,-14.4265003204346,0.14575000107288,15.5883750915527,1.39305007457733,23.4529514312744,43.0969505310059,6.0600004196167,23.0380516052246,31.8010520935059,3.90495014190674,-3.89895009994507,-9.46995067596436,5.61866235733032,5.7164249420166,5.89861249923706,2.77254986763,8.06354999542236,10.0245752334595,15.5883750915527,23.6633377075195,24.4436492919922,43.0969505310059,43.7890510559082,36.1230010986328,31.8010520935059,29.8230018615723,20.7250518798828,-9.46995067596436,1.47900009155273,8.00804996490479,5.84526252746582,0.71252501010895,1.37857496738434,10.0919504165649,8.17533779144287,3.25655007362366,23.9160633087158,9.92640018463135,2.10828757286072,21.0730514526367,8.80995082855225,1.31400001049042,12.6799507141113,6.17700052261353,3.23595023155212,6.48000049591064,3.35205006599426,3.17505025863647,1.37857496738434,0.25685000419617,-2.73446249961853,3.25655007362366,2.6342248916626,3.51092505455017,2.10828757286072,1.00856244564056,-0.58616250753403,1.31400001049042,-4.83795022964478,-13.4320507049561,3.23595023155212,1.75395011901855,-2.89905023574829,3.17505025863647,5.55495023727417,7.07100009918213,-19.7590255737305,-19.7590255737305,-21.4014625549316,10.0199003219604,10.0199003219604,11.6169624328613,-23.5030117034912,-23.5030117034912,-24.0887622833252,-17.2080001831055,-17.2080001831055,-15.831000328064,-16.2100505828857,-16.2100505828857,-9.34395027160645,-1.70295011997223,-1.70295011997223,0.08505000174046,-19.6263370513916,-10.3448123931885,-10.3448123931885,10.1770620346069,13.6798753738403,13.6798753738403,-22.9568614959717,-11.0709495544434,-11.0709495544434,-8.2630500793457,6.95100021362305,17.0610008239746,-2.35500001907349,6.85500049591064,14.9640007019043,4.33200025558472,3.42900013923645,-0.26100000739098,SHAKE
5.61866235733032,5.7164249420166,5.89861249923706,2.77254986763,8.06354999542236,10.0245752334595,15.5883750915527,23.6633377075195,24.4436492919922,43.0969505310059,43.7890510559082,36.1230010986328,31.8010520935059,29.8230018615723,20.7250518798828,-9.46995067596436,1.47900009155273,8.00804996490479,5.84526252746582,0.71252501010895,1.37857496738434,10.0919504165649,8.17533779144287,3.25655007362366,23.9160633087158,9.92640018463135,2.10828757286072,21.0730514526367,8.80995082855225,1.31400001049042,12.6799507141113,6.17700052261353,3.23595023155212,6.48000049591064,3.35205006599426,3.17505025863647,1.37857496738434,0.25685000419617,-2.73446249961853,3.25655007362366,2.6342248916626,3.51092505455017,2.10828757286072,1.00856244564056,-0.58616250753403,1.31400001049042,-4.83795022964478,-13.4320507049561,3.23595023155212,1.75395011901855,-2.89905023574829,3.17505025863647,5.55495023727417,7.07100009918213,-19.7590255737305,-19.7590255737305,-21.4014625549316,10.0199003219604,10.0199003219604,11.6169624328613,-23.5030117034912,-23.5030117034912,-24.0887622833252,-17.2080001831055,-17.2080001831055,-15.831000328064,-16.2100505828857,-16.2100505828857,-9.34395027160645,-1.70295011997223,-1.70295011997223,0.08505000174046,-19.6263370513916,-10.3448123931885,-10.3448123931885,10.1770620346069,13.6798753738403,13.6798753738403,-22.9568614959717,-11.0709495544434,-11.0709495544434,-8.2630500793457,6.95100021362305,17.0610008239746,-2.35500001907349,6.85500049591064,14.9640007019043,4.33200025558472,3.42900013923645,-0.26100000739098,5.06811237335205,5.06811237335205,5.61247491836548,5.99871253967285,5.99871253967285,8.33621215820312,17.9551620483398,17.9551620483398,19.6791381835938,44.0550003051758,44.0550003051758,42.6060028076172,33.9400520324707,33.9400520324707,26.9850006103516,-11.5180501937866,-11.5180501937866,1.07205009460449,5.9372501373291,5.97781229019165,0.79364997148514,10.0676126480103,10.1114749908447,4.99716234207153,20.4832382202148,20.3572864532471,2.97027492523193,31.3519515991211,18.9049510955811,8.41499996185303,17.5060501098633,11.3500509262085,6.10500049591064,10.2330007553101,6.88695049285889,3.28695011138916,0.65628749132156,0.65628749132156,-0.68585002422333,2.82424998283386,2.82424998283386,2.64536237716675,1.34529995918274,1.34529995918274,0.68516248464584,0.58605003356934,0.58605003356934,-6.72300052642822,2.85795021057129,2.85795021057129,0.83400005102158,3.31095004081726,3.31095004081726,5.63205003738403,-4.74677515029907,-15.0644998550415,-21.2051124572754,3.92878746986389,0.84218752384186,10.730224609375,-1.59720003604889,-19.7389507293701,-24.942361831665,-17.2470016479492,-21.9460506439209,-20.2840518951416,-4.30200004577637,-18.1840515136719,-16.8210010528564,7.25100040435791,2.52795004844666,-0.34005001187325,-21.5646743774414,-21.5646743774414,-7.43435001373291,10.7222499847412,10.7222499847412,10.8548002243042,-25.0615749359131,-25.0615749359131,-4.5413498878479,-16.123950958252,-16.123950958252,19.8529510498047,-6.60195016860962,-6.60195016860962,17.4049510955811,4.60695028305054,4.60695028305054,0.02805000171065,SHAKE
9.25553703308105,9.42631244659424,9.42631244659424,2.55529999732971,3.87846255302429,3.87846255302429,19.4337005615234,19.8137493133545,19.8137493133545,35.3640022277832,24.0760517120361,24.0760517120361,17.8889999389648,11.2399501800537,11.2399501800537,1.93395006656647,4.82505035400391,4.82505035400391,6.4618124961853,6.4618124961853,1.3527250289917,4.136549949646,4.136549949646,1.86216247081757,15.6560249328613,15.6560249328613,2.0286750793457,13.0950002670288,13.0950002670288,-0.47700002789497,5.7940502166748,5.7940502166748,0.63705003261566,2.35605001449585,2.35605001449585,3.15105009078979,1.3527250289917,-0.34443750977516,-3.48081254959106,1.86216247081757,3.00891256332397,7.77796268463135,2.0286750793457,1.72053754329681,1.472212433815,-0.47700002789497,-6.89595031738281,-15.9439506530762,0.63705003261566,-1.72995007038116,-8.74305057525635,3.15105009078979,7.17705011367798,7.54095029830933,-3.48081254959106,-7.61997509002686,-11.7741250991821,7.77796268463135,16.7102375030518,22.2362251281738,1.472212433815,4.84673738479614,5.33596229553223,-15.9439506530762,-17.0290508270264,-15.7930507659912,-8.74305057525635,-14.4450006484985,-10.4650506973267,7.54095029830933,-0.26100000739098,-2.67300009727478,-11.4757499694824,-8.64572525024414,-4.04580020904541,21.3386249542236,16.3182258605957,7.44947481155396,5.59528732299805,5.88582515716553,2.76828742027283,-12.0979509353638,0.68805003166199,19.9660511016846,-4.0290002822876,5.01300001144409,16.0279502868652,1.5940500497818,5.2819504737854,-0.7140000462532,7.59261226654053,9.47210025787354,9.34615039825439,2.80678749084473,7.24638748168945,9.18073749542236,13.7681503295898,24.605899810791,25.03173828125,34.7190017700195,40.0080032348633,37.0309524536133,25.945951461792,25.873950958252,20.1619510650635,-9.20895004272461,-5.86500024795532,2.80800008773804,9.34615039825439,9.17784976959229,2.54058742523193,9.18073749542236,10.1179370880127,8.72795009613037,25.03173828125,25.0735378265381,13.4102373123169,32.3839530944824,26.0040016174316,14.8020009994507,16.2870006561279,13.1680507659912,7.7359504699707,4.81500005722046,5.20305013656616,3.12405014038086,1.54935002326965,0.93541246652603,0.93541246652603,3.30632495880127,2.03142499923706,2.03142499923706,2.12575006484985,1.41913747787476,1.41913747787476,6.80295038223267,0.62100005149841,0.62100005149841,4.29495000839233,2.33805012702942,2.33805012702942,1.33500003814697,2.1739501953125,2.1739501953125,-4.27377510070801,-4.27377510070801,-13.3325500488281,3.59562492370605,3.59562492370605,2.47967505455017,-1.22911250591278,-1.22911250591278,-17.7450618743896,-15.3310508728027,-15.3310508728027,-17.9029502868652,-5.20095014572144,-5.20095014572144,-14.2129507064819,4.69305038452148,4.69305038452148,-2.32995009422302,-19.10205078125,-18.8768253326416,-18.8768253326416,11.5645751953125,10.6574878692627,10.6574878692627,-21.9212131500244,-21.8157501220703,-21.8157501220703,-14.5159511566162,-8.08605003356934,-2.98200011253357,-11.6740503311157,-2.89395022392273,-1.02795004844666,-2.30595016479492,3.95295023918152,6.64800024032593,SHAKE
9.34615039825439,9.34615039825439,9.17784976959229,9.18073749542236,9.18073749542236,10.1179370880127,25.03173828125,25.03173828125,25.0735378265381,37.0309524536133,32.3839530944824,26.0040016174316,20.1619510650635,16.2870006561279,13.1680507659912,2.80800008773804,4.81500005722046,5.20305013656616,2.54058742523193,1.54935002326965,0.93541246652603,8.72795009613037,3.30632495880127,2.03142499923706,13.4102373123169,2.12575006484985,1.41913747787476,14.8020009994507,6.80295038223267,0.62100005149841,7.7359504699707,4.29495000839233,2.33805012702942,3.12405014038086,1.33500003814697,2.1739501953125,0.93541246652603,-4.27377510070801,-4.27377510070801,2.03142499923706,3.59562492370605,3.59562492370605,1.41913747787476,-1.22911250591278,-1.22911250591278,0.62100005149841,-15.3310508728027,-15.3310508728027,2.33805012702942,-5.20095014572144,-5.20095014572144,2.1739501953125,4.69305038452148,4.69305038452148,-13.3325500488281,-19.10205078125,-18.8768253326416,2.47967505455017,11.5645751953125,10.6574878692627,-17.7450618743896,-21.9212131500244,-21.8157501220703,-17.9029502868652,-14.5159511566162,-8.08605003356934,-14.2129507064819,-11.6740503311157,-2.89395022392273,-2.32995009422302,-2.30595016479492,3.95295023918152,-18.8768253326416,-7.49553728103638,-7.49553728103638,10.6574878692627,8.52073764801025,8.52073764801025,-21.8157501220703,-4.91713762283325,-4.91713762283325,-2.98200011253357,13.6500005722046,13.6500005722046,-1.02795004844666,7.35105037689209,7.35105037689209,6.64800024032593,-0.9700500369072,-0.9700500369072,-10.9885873794556,-10.9885873794556,-11.2854499816895,3.55588746070862,3.55588746070862,5.98509979248047,-13.5020875930786,-13.5020875930786,-13.3986873626709,43.7410507202148,43.7410507202148,37.4280014038086,27.5290508270264,27.5290508270264,16.8370513916016,-13.9320011138916,-13.9320011138916,-3.13305020332336,-10.3708000183105,-2.67973756790161,0.69244998693466,7.19716262817383,5.12325000762939,2.10691237449646,-12.2610120773315,-8.01872539520264,0.43766251206398,23.9899520874023,13.6140003204346,6.88695049285889,7.31205034255981,3.94695019721985,2.88600015640259,1.47405004501343,0.69405001401901,0.82305002212524,0.69244998693466,0.81936252117157,-0.3075875043869,2.10691237449646,1.25674998760223,2.32925009727478,0.43766251206398,0.86996251344681,1.14743745326996,6.88695049285889,1.41405010223389,-4.01700019836426,2.88600015640259,1.20000004768372,-0.84900003671646,0.82305002212524,2.88495016098022,6.18300008773804,-1.99842500686646,-0.13117499649525,-5.85186243057251,6.16013765335083,12.0327625274658,21.8308753967285,1.7549124956131,8.29564952850342,9.62637519836426,-10.5600004196167,-15.9319505691528,-15.1339511871338,-4.14900016784668,-9.78000068664551,-13.267050743103,7.2529501914978,3.51495027542114,-1.49895012378693,-7.09706258773804,-7.09706258773804,-6.15257501602173,22.2103748321533,22.2103748321533,19.0652008056641,9.41187477111816,9.41187477111816,9.2888126373291,-15.2209510803223,-15.2209510803223,-8.9239501953125,-8.34000015258789,-8.34000015258789,0.28800001740456,-1.21395003795624,-1.21395003795624,2.581050157547,SHAKE
-11.2854499816895,-10.3708000183105,-2.67973756790161,5.98509979248047,7.19716262817383,5.12325000762939,-13.3986873626709,-12.2610120773315,-8.01872539520264,37.4280014038086,23.9899520874023,13.6140003204346,16.8370513916016,7.31205034255981,3.94695019721985,-3.13305020332336,1.47405004501343,0.69405001401901,0.69244998693466,0.69244998693466,0.81936252117157,2.10691237449646,2.10691237449646,1.25674998760223,0.43766251206398,0.43766251206398,0.86996251344681,6.88695049285889,6.88695049285889,1.41405010223389,2.88600015640259,2.88600015640259,1.20000004768372,0.82305002212524,0.82305002212524,2.88495016098022,-0.3075875043869,-1.99842500686646,-0.13117499649525,2.32925009727478,6.16013765335083,12.0327625274658,1.14743745326996,1.7549124956131,8.29564952850342,-4.01700019836426,-10.5600004196167,-15.9319505691528,-0.84900003671646,-4.14900016784668,-9.78000068664551,6.18300008773804,7.2529501914978,3.51495027542114,-5.85186243057251,-7.09706258773804,-7.09706258773804,21.8308753967285,22.2103748321533,22.2103748321533,9.62637519836426,9.41187477111816,9.41187477111816,-15.1339511871338,-15.2209510803223,-15.2209510803223,-13.267050743103,-8.34000015258789,-8.34000015258789,-1.49895012378693,-1.21395003795624,-1.21395003795624,-6.15257501602173,-7.56855010986328,0.33921250700951,19.0652008056641,13.3875503540039,4.31090021133423,9.2888126373291,3.28020000457764,3.75622487068176,-8.9239501953125,6.93495035171509,28.818000793457,0.28800001740456,8.824049949646,23.098051071167,2.581050157547,4.37205028533936,-6.78795051574707,9.31754970550537,9.31754970550537,9.80649948120117,6.90896224975586,6.90896224975586,8.7847375869751,23.3686752319336,23.3686752319336,24.5385246276855,45.1620025634766,45.1620025634766,46.9549522399902,34.1959533691406,34.1959533691406,29.4259510040283,-15.6180009841919,-15.6180009841919,-7.18005037307739,9.80649948120117,9.87360000610352,8.75338745117188,8.7847375869751,10.1149120330811,9.49520015716553,24.5385246276855,24.7066879272461,23.0822620391846,46.9549522399902,25.8100509643555,18.7999515533447,29.4259510040283,11.9320507049561,9.12495040893555,-7.18005037307739,-0.41400003433228,-0.93900007009506,2.18611240386963,1.9322874546051,0.30813750624657,4.77290010452271,2.29487490653992,1.80702495574951,3.17363739013672,1.39562499523163,0.71541249752045,7.80600023269653,-1.07595002651215,-9.53700065612793,6.26595020294189,3.27000021934509,-1.41600000858307,-1.14000010490417,3.06195020675659,9.89505004882812,-3.84972500801086,-17.5702991485596,-21.7602005004883,4.06780004501343,6.63423728942871,12.5923871994019,-0.33426249027252,-16.4408740997314,-17.1576633453369,-20.0710506439209,-22.8540019989014,-18.5209503173828,-10.0390501022339,-19.3500003814697,-12.2560501098633,13.4130010604858,9.26100063323975,5.52705049514771,-21.3786373138428,-21.3786373138428,-18.0470123291016,12.3007497787476,12.3007497787476,9.1881628036499,-16.7435131072998,-16.7435131072998,-16.025074005127,-11.5780506134033,-11.5780506134033,4.31700038909912,-0.87795001268387,-0.87795001268387,6.17205047607422,5.97900009155273,5.97900009155273,1.43595004081726,SHAKE
10.9271249771118,11.1498746871948,11.1498746871948,8.58384990692139,8.91426277160645,8.91426277160645,20.7828502655029,20.818187713623,20.818187713623,30.9880523681641,17.0299510955811,17.0299510955811,12.3990001678467,6.69900035858154,6.69900035858154,1.47000002861023,1.13700008392334,1.13700008392334,1.82792496681213,1.82792496681213,0.86460000276566,3.09196257591248,3.09196257591248,3.41866254806519,1.99003744125366,1.99003744125366,1.90121245384216,1.96695005893707,1.96695005893707,-2.73795008659363,0.47700002789497,0.47700002789497,-0.57300001382828,2.5570502281189,2.5570502281189,6.30000019073486,-0.4796000123024,6.96519994735718,6.96519994735718,6.21280002593994,14.421275138855,14.421275138855,2.39525008201599,12.2530374526978,12.2530374526978,-7.04400014877319,-10.2649507522583,-10.2649507522583,-3.60300016403198,-6.99195051193237,-6.99195051193237,8.9370002746582,6.72900009155273,6.72900009155273,2.96546244621277,0.00261249998584,0.00261249998584,24.5429248809814,24.7791500091553,24.7791500091553,22.0148506164551,21.5514755249023,21.5514755249023,-11.3290500640869,-11.4319505691528,-11.4319505691528,-9.04200077056885,-6.66195011138916,-6.66195011138916,2.18295001983643,-0.47700002789497,-0.47700002789497,-8.35999965667725,-3.89124989509583,-3.89124989509583,17.2215995788574,7.40850019454956,7.40850019454956,11.7242126464844,2.29721260070801,2.29721260070801,-4.73505020141602,12.3589506149292,12.3589506149292,0.35205000638962,13.5229501724243,13.5229501724243,1.86195003986359,-0.35505002737045,-0.35505002737045,6.39553737640381,9.43153762817383,9.43153762817383,5.71449995040894,11.0391874313354,11.0391874313354,13.6951370239258,25.0904502868652,25.0904502868652,35.2770004272461,39.4639511108398,39.4639511108398,30.2899513244629,24.4030513763428,24.4030513763428,-10.1310005187988,4.59000015258789,4.59000015258789,9.27575016021729,2.10374999046326,2.10374999046326,11.5033874511719,9.76483726501465,9.76483726501465,25.026237487793,13.0334873199463,13.0334873199463,28.2430515289307,15.8179512023926,15.8179512023926,15.0100507736206,9.66195011138916,9.66195011138916,6.57300043106079,2.6050500869751,2.6050500869751,1.07910001277924,0.56732499599457,-0.95768749713898,4.04538726806641,2.55997490882874,2.46565008163452,2.15875005722046,1.25661253929138,0.60252499580383,6.60195016860962,-0.82695001363754,-8.4859504699707,5.5420503616333,3.10905003547668,-0.33195000886917,0.7990500330925,2.46300005912781,5.38095045089722,-0.95768749713898,-5.25304985046387,-16.2133121490479,2.46565008163452,4.17243766784668,6.55476236343384,0.60252499580383,-1.51387500762939,-19.4533615112305,-8.4859504699707,-18.5929508209229,-25.1290512084961,-0.33195000886917,-9.81300067901611,-21.2880001068115,5.38095045089722,10.2979507446289,4.19295024871826,-20.3416118621826,-20.3416118621826,-15.5138502120972,12.5889501571655,12.5889501571655,10.0365371704102,-21.0344753265381,-21.0344753265381,-18.1435375213623,-20.5810508728027,-20.5810508728027,6.28095006942749,-11.8159503936768,-11.8159503936768,11.2999505996704,-1.98300004005432,-1.98300004005432,2.28900003433228,SHAKE
0.00261249998584,-8.35999965667725,-3.89124989509583,24.7791500091553,17.2215995788574,7.40850019454956,21.5514755249023,11.7242126464844,2.29721260070801,-11.4319505691528,-4.73505020141602,12.3589506149292,-6.66195011138916,0.35205000638962,13.5229501724243,-0.47700002789497,1.86195003986359,-0.35505002737045,-3.89124989509583,6.39553737640381,9.43153762817383,7.40850019454956,5.71449995040894,11.0391874313354,2.29721260070801,13.6951370239258,25.0904502868652,12.3589506149292,35.2770004272461,39.4639511108398,13.5229501724243,30.2899513244629,24.4030513763428,-0.35505002737045,-10.1310005187988,4.59000015258789,9.43153762817383,9.27575016021729,2.10374999046326,11.0391874313354,11.5033874511719,9.76483726501465,25.0904502868652,25.026237487793,13.0334873199463,39.4639511108398,28.2430515289307,15.8179512023926,24.4030513763428,15.0100507736206,9.66195011138916,4.59000015258789,6.57300043106079,2.6050500869751,2.10374999046326,1.07910001277924,0.56732499599457,9.76483726501465,4.04538726806641,2.55997490882874,13.0334873199463,2.15875005722046,1.25661253929138,15.8179512023926,6.60195016860962,-0.82695001363754,9.66195011138916,5.5420503616333,3.10905003547668,2.6050500869751,0.7990500330925,2.46300005912781,-0.95768749713898,-0.95768749713898,-5.25304985046387,2.46565008163452,2.46565008163452,4.17243766784668,0.60252499580383,0.60252499580383,-1.51387500762939,-8.4859504699707,-8.4859504699707,-18.5929508209229,-0.33195000886917,-0.33195000886917,-9.81300067901611,5.38095045089722,5.38095045089722,10.2979507446289,-16.2133121490479,-20.3416118621826,-20.3416118621826,6.55476236343384,12.5889501571655,12.5889501571655,-19.4533615112305,-21.0344753265381,-21.0344753265381,-25.1290512084961,-20.5810508728027,-20.5810508728027,-21.2880001068115,-11.8159503936768,-11.8159503936768,4.19295024871826,-1.98300004005432,-1.98300004005432,-15.5138502120972,-15.5138502120972,-3.51340007781982,10.0365371704102,10.0365371704102,8.46656227111816,-18.1435375213623,-18.1435375213623,1.34433746337891,6.28095006942749,6.28095006942749,30.5299510955811,11.2999505996704,11.2999505996704,27.1650009155273,2.28900003433228,2.28900003433228,-10.3680000305176,7.20664978027344,7.32283735275269,7.32283735275269,6.18158769607544,9.56284999847412,9.56284999847412,20.4083003997803,25.2353744506836,25.2353744506836,45.9090003967285,41.9479522705078,41.9479522705078,33.9570007324219,25.3060512542725,25.3060512542725,-11.2639503479004,6.25995016098022,6.25995016098022,6.98596239089966,6.28210020065308,0.43216249346733,11.5018749237061,11.3569498062134,7.20458745956421,25.8083381652832,24.8204002380371,7.58078765869141,30.8419513702393,16.5559501647949,5.03505039215088,14.4109506607056,9.04395008087158,4.72800016403198,8.33400058746338,2.9280002117157,0.18600000441074,0.57791250944138,0.57791250944138,-0.85483747720718,3.2386748790741,3.2386748790741,2.82892489433289,2.44901251792908,2.44901251792908,1.283287525177,-3.27705025672913,-3.27705025672913,-11.0250005722046,1.63905012607574,1.63905012607574,-1.96995007991791,1.92195010185242,1.92195010185242,5.02605009078979,SHAKE
-20.3416118621826,-20.3416118621826,-15.5138502120972,12.5889501571655,12.5889501571655,10.0365371704102,-21.0344753265381,-21.0344753265381,-18.1435375213623,-20.5810508728027,-20.5810508728027,6.28095006942749,-11.8159503936768,-11.8159503936768,11.2999505996704,-1.98300004005432,-1.98300004005432,2.28900003433228,-15.5138502120972,-3.51340007781982,7.20664978027344,10.0365371704102,8.46656227111816,6.18158769607544,-18.1435375213623,1.34433746337891,20.4083003997803,6.28095006942749,30.5299510955811,45.9090003967285,11.2999505996704,27.1650009155273,33.9570007324219,2.28900003433228,-10.3680000305176,-11.2639503479004,7.32283735275269,7.32283735275269,6.98596239089966,9.56284999847412,9.56284999847412,11.5018749237061,25.2353744506836,25.2353744506836,25.8083381652832,41.9479522705078,41.9479522705078,30.8419513702393,25.3060512542725,25.3060512542725,14.4109506607056,6.25995016098022,6.25995016098022,8.33400058746338,6.28210020065308,0.43216249346733,0.57791250944138,11.3569498062134,7.20458745956421,3.2386748790741,24.8204002380371,7.58078765869141,2.44901251792908,16.5559501647949,5.03505039215088,-3.27705025672913,9.04395008087158,4.72800016403198,1.63905012607574,2.9280002117157,0.18600000441074,1.92195010185242,0.57791250944138,-0.85483747720718,-6.22737503051758,3.2386748790741,2.82892489433289,4.39972496032715,2.44901251792908,1.283287525177,-1.74748754501343,-3.27705025672913,-11.0250005722046,-23.9149513244629,1.63905012607574,-1.96995007991791,-13.3440008163452,1.92195010185242,5.02605009078979,6.01500034332275,-14.9241123199463,-17.3216991424561,-16.1313629150391,11.5708999633789,14.5763750076294,13.3086252212524,-12.1325874328613,-12.4588747024536,-11.899112701416,-25.6339511871338,-21.5959510803223,-13.3759508132935,-22.6339511871338,-10.0150508880615,0.60600000619888,2.6290500164032,1.08195006847382,3.73305010795593,-16.1313629150391,-10.7365503311157,-0.74580001831055,13.3086252212524,10.7402620315552,4.05996227264404,-11.899112701416,-8.97228717803955,2.95817494392395,-13.3759508132935,5.89995050430298,35.6530532836914,0.60600000619888,13.3720502853394,29.5600509643555,3.73305010795593,3.22695016860962,-9.01200008392334,7.82842493057251,9.23518753051758,9.48213768005371,2.41009998321533,5.7832498550415,7.35790014266968,20.5726127624512,25.7382125854492,26.3082866668701,45.435001373291,44.2660522460938,32.2450523376465,32.6640014648438,28.1899509429932,17.484001159668,-8.56695079803467,-0.21300001442432,3.51195025444031,9.48213768005371,8.60186290740967,3.29889988899231,7.35790014266968,7.50186252593994,5.87276268005371,26.3082866668701,25.0662498474121,7.99424982070923,32.2450523376465,15.9660005569458,6.07500028610229,17.484001159668,9.81795024871826,5.41095018386841,3.51195025444031,2.10405015945435,-0.41700002551079,0.15826250612736,0.15826250612736,-4.22345018386841,1.7331874370575,1.7331874370575,2.10168743133545,0.91547501087189,0.91547501087189,-1.73868751525879,-8.33505058288574,-8.33505058288574,-22.1569519042969,1.09995007514954,1.09995007514954,-10.4530506134033,4.22895002365112,4.22895002365112,10.3189506530762,SHAKE
-14.9241123199463,-17.3216991424561,-16.1313629150391,11.5708999633789,14.5763750076294,13.3086252212524,-12.1325874328613,-12.4588747024536,-11.899112701416,-25.6339511871338,-21.5959510803223,-13.3759508132935,-22.6339511871338,-10.0150508880615,0.60600000619888,2.6290500164032,1.08195006847382,3.73305010795593,-16.1313629150391,-10.7365503311157,-0.74580001831055,13.3086252212524,10.7402620315552,4.05996227264404,-11.899112701416,-8.97228717803955,2.95817494392395,-13.3759508132935,5.89995050430298,35.6530532836914,0.60600000619888,13.3720502853394,29.5600509643555,3.73305010795593,3.22695016860962,-9.01200008392334,7.82842493057251,9.23518753051758,9.48213768005371,2.41009998321533,5.7832498550415,7.35790014266968,20.5726127624512,25.7382125854492,26.3082866668701,45.435001373291,44.2660522460938,32.2450523376465,32.6640014648438,28.1899509429932,17.484001159668,-8.56695079803467,-0.21300001442432,3.51195025444031,9.48213768005371,8.60186290740967,3.29889988899231,7.35790014266968,7.50186252593994,5.87276268005371,26.3082866668701,25.0662498474121,7.99424982070923,32.2450523376465,15.9660005569458,6.07500028610229,17.484001159668,9.81795024871826,5.41095018386841,3.51195025444031,2.10405015945435,-0.41700002551079,0.15826250612736,0.15826250612736,-4.22345018386841,1.7331874370575,1.7331874370575,2.10168743133545,0.91547501087189,0.91547501087189,-1.73868751525879,-8.33505058288574,-8.33505058288574,-22.1569519042969,1.09995007514954,1.09995007514954,-10.4530506134033,4.22895002365112,4.22895002365112,10.3189506530762,-15.9851999282837,-19.5210132598877,-19.5210132598877,3.53402495384216,8.17272472381592,8.17272472381592,-21.6224250793457,-23.3803615570068,-23.3803615570068,-26.32200050354,-21.0910511016846,-18.1810512542725,-23.5489501953125,-9.90195083618164,-4.92300033569336,5.73495006561279,1.48395001888275,2.97795009613037,-14.7316122055054,-2.47678756713867,-2.47678756713867,6.44393730163574,5.24026250839233,5.24026250839233,-20.2950000762939,0.2894375026226,0.2894375026226,2.70495009422302,28.2580509185791,28.2580509185791,10.4740505218506,24.5590515136719,24.5590515136719,3.13395023345947,-11.0719509124756,-11.0719509124756,8.98562526702881,8.98562526702881,8.9891996383667,7.08344984054565,7.08344984054565,9.1881628036499,24.8608245849609,24.8608245849609,25.6943492889404,49.9159507751465,44.6080513000488,35.3610000610352,31.525951385498,25.150951385498,18.9000015258789,1.69200003147125,6.24300050735474,7.47600030899048,8.63692474365234,2.82177495956421,2.82177495956421,9.50991249084473,7.56524991989136,7.56524991989136,25.2385368347168,11.3265628814697,11.3265628814697,16.6579513549805,4.47495031356812,4.47495031356812,10.5550508499146,4.48605012893677,4.48605012893677,3.05505013465881,-0.08100000023842,-0.08100000023842,1.43151247501373,-0.46103748679161,-0.46103748679161,2.90661239624023,2.29281258583069,2.29281258583069,2.44062495231628,0.85511249303818,0.85511249303818,-4.1100001335144,-13.6260004043579,-13.6260004043579,1.46100008487701,-2.0460000038147,-2.0460000038147,1.3620001077652,6.63300037384033,6.63300037384033,SHAKE
8.57546234130859,8.49254989624023,8.49254989624023,6.05041265487671,7.33108758926392,7.33108758926392,22.3790874481201,22.0105876922607,22.0105876922607,44.980052947998,14.6040010452271,14.6040010452271,23.9820003509521,6.61305046081543,6.61305046081543,1.99905014038086,3.01695013046265,3.01695013046265,3.12097501754761,2.12698745727539,-0.0323125012219,4.68930006027222,3.05263757705688,2.85312509536743,5.25483751296997,2.66103744506836,1.03592503070831,5.06895017623901,-2.80995011329651,-13.2229509353638,2.67300009727478,1.03995001316071,-4.18305015563965,1.71105003356934,2.57400012016296,2.82300019264221,-0.0323125012219,-2.25898742675781,-6.8375997543335,2.85312509536743,6.52093744277954,16.3913745880127,1.03592503070831,1.19171249866486,5.82656240463257,-13.2229509353638,-21.5050506591797,-20.953950881958,-4.18305015563965,-14.6029510498047,-14.3970003128052,2.82300019264221,0.0730499997735,0.35805001854897,-6.8375997543335,-7.85069990158081,-6.55283737182617,16.3913745880127,17.9031867980957,16.3366508483887,5.82656240463257,6.19217491149902,6.77050018310547,-20.953950881958,-16.17405128479,-4.98405027389526,-14.3970003128052,-6.5110502243042,2.19405007362366,0.35805001854897,3.9100501537323,6.30495023727417,-4.41581249237061,2.09907507896423,2.09907507896423,12.3149127960205,4.04373741149902,4.04373741149902,6.7667875289917,5.30914974212646,5.30914974212646,12.3790502548218,31.2180023193359,31.2180023193359,12.9169502258301,26.8290004730225,26.8290004730225,-1.07100009918213,-9.99900054931641,-9.99900054931641,7.05168724060059,7.49485015869141,7.42376232147217,5.95168733596802,8.45075035095215,9.46371269226074,25.3789253234863,27.5574741363525,27.872350692749,45.1710014343262,47.1330032348633,32.4060020446777,32.3209533691406,27.6679515838623,17.5770015716553,-6.1840500831604,3.93600010871887,9.36600017547607,5.58304977416992,5.58304977416992,0.43834999203682,7.900475025177,7.900475025177,1.92252504825592,24.8110504150391,24.8110504150391,1.25839996337891,16.0429515838623,16.0429515838623,-5.71500015258789,11.2500009536743,11.2500009536743,3.13095021247864,2.94195008277893,2.94195008277893,4.10895013809204,0.43834999203682,-1.78213751316071,-9.18706226348877,1.92252504825592,1.89378750324249,1.41253745555878,1.25839996337891,-0.3770250082016,-6.41079998016357,-5.71500015258789,-14.5159511566162,-22.3219509124756,3.13095021247864,-1.0480500459671,-12.081000328064,4.10895013809204,7.44300031661987,5.77095031738281,-16.0792503356934,-18.8505630493164,-17.988712310791,4.35710000991821,7.44438743591309,6.45177507400513,-24.8833751678467,-27.5178756713867,-27.0565624237061,-21.9120006561279,-21.7230014801025,-14.8090505599976,-19.0530014038086,-13.6140003204346,-3.26805019378662,2.6380500793457,6.54900026321411,7.04805040359497,-17.988712310791,-11.2447500228882,-4.24998760223389,6.45177507400513,6.49866247177124,3.91572499275208,-27.0565624237061,-21.3536128997803,-2.59929990768433,-14.8090505599976,13.231050491333,25.54905128479,-3.26805019378662,13.0290002822876,21.1750507354736,7.04805040359497,-2.64405012130737,-10.581000328064,SHAKE
6.15546226501465,7.94062519073486,8.77098751068115,2.7190625667572,8.04100036621094,9.73142528533936,12.1463375091553,24.4212379455566,25.4386005401611,42.9889526367188,49.5919532775879,39.4639511108398,31.0969505310059,30.2970008850098,18.7170009613037,-16.1419506072998,-6.97200012207031,5.02605009078979,8.77098751068115,9.28358745574951,2.68070006370544,9.73142528533936,9.97273731231689,7.76599979400635,25.4386005401611,25.6895370483398,13.9397497177124,39.4639511108398,21.7099514007568,8.15595054626465,18.7170009613037,10.9720506668091,5.83905029296875,5.02605009078979,3.72105026245117,2.08995008468628,1.58702504634857,-0.16197499632835,-0.16197499632835,2.83951258659363,2.74285006523132,2.74285006523132,2.04765009880066,0.95342499017715,0.95342499017715,-1.38900005817413,-10.81605052948,-10.81605052948,2.0269501209259,-0.95895004272461,-0.95895004272461,4.17795038223267,9.1429500579834,9.1429500579834,-4.19663763046265,-20.0245380401611,-20.0245380401611,5.59460020065308,15.5344753265381,15.5344753265381,-0.37908750772476,-15.5916748046875,-15.5916748046875,-23.377950668335,-21.3570003509521,-21.3570003509521,-11.9640007019043,-11.8560009002686,-11.8560009002686,10.7980508804321,5.42100048065186,5.42100048065186,-16.0221881866455,-16.0221881866455,-3.8808000087738,11.8980121612549,11.8980121612549,9.09301280975342,-13.9247627258301,-13.9247627258301,1.73469996452332,6.3120002746582,6.3120002746582,30.5160007476807,10.5820503234863,10.5820503234863,26.5990505218506,0.15900000929833,0.15900000929833,-14.3940010070801,6.9591498374939,8.9064245223999,9.13068771362305,5.0142126083374,8.12913703918457,9.60960006713867,16.8943500518799,22.5843753814697,23.2402496337891,44.0959510803223,46.9440040588379,34.3980026245117,33.0130500793457,28.0320014953613,16.3060512542725,-15.6919507980347,-0.52200001478195,8.48700046539307,9.13068771362305,8.84427452087402,2.75151252746582,9.60960006713867,9.56477451324463,6.97358751296997,23.2402496337891,22.7446994781494,8.21094989776611,34.3980026245117,17.8270511627197,6.44100046157837,16.3060512542725,9.01995086669922,4.15605020523071,8.48700046539307,4.20705032348633,2.27205014228821,2.75151252746582,-0.32945001125336,-4.08498764038086,6.97358751296997,3.71992492675781,6.67782497406006,8.21094989776611,1.40964996814728,-0.05747500061989,6.44100046157837,-7.7359504699707,-18.5500507354736,4.15605020523071,-0.12795001268387,-7.588050365448,2.27205014228821,8.20905017852783,10.3050003051758,-4.08498764038086,-13.9968128204346,-18.7570629119873,6.67782497406006,9.90536212921143,16.655237197876,-0.05747500061989,-12.9327001571655,-14.0104246139526,-18.5500507354736,-21.35205078125,-19.6560001373291,-7.588050365448,-18.3109512329102,-13.9519510269165,10.3050003051758,7.14105033874512,3.83100008964539,-18.5322494506836,-15.4181499481201,-15.4181499481201,16.0418491363525,12.3202753067017,12.3202753067017,-13.7340497970581,-12.5688753128052,-12.5688753128052,-15.2470502853394,-1.22205007076263,-1.22205007076263,-3.59400010108948,3.74100017547607,3.74100017547607,5.73705005645752,4.83495044708252,4.83495044708252,SHAKE
9.13068771362305,9.13068771362305,8.84427452087402,9.60960006713867,9.60960006713867,9.56477451324463,23.2402496337891,23.2402496337891,22.7446994781494,34.3980026245117,34.3980026245117,17.8270511627197,16.3060512542725,16.3060512542725,9.01995086669922,8.48700046539307,8.48700046539307,4.20705032348633,2.75151252746582,2.75151252746582,-0.32945001125336,6.97358751296997,6.97358751296997,3.71992492675781,8.21094989776611,8.21094989776611,1.40964996814728,6.44100046157837,6.44100046157837,-7.7359504699707,4.15605020523071,4.15605020523071,-0.12795001268387,2.27205014228821,2.27205014228821,8.20905017852783,-4.08498764038086,-4.08498764038086,-13.9968128204346,6.67782497406006,6.67782497406006,9.90536212921143,-0.05747500061989,-0.05747500061989,-12.9327001571655,-18.5500507354736,-18.5500507354736,-21.35205078125,-7.588050365448,-7.588050365448,-18.3109512329102,10.3050003051758,10.3050003051758,7.14105033874512,-18.7570629119873,-18.5322494506836,-15.4181499481201,16.655237197876,16.0418491363525,12.3202753067017,-14.0104246139526,-13.7340497970581,-12.5688753128052,-19.6560001373291,-15.2470502853394,-1.22205007076263,-13.9519510269165,-3.59400010108948,3.74100017547607,3.83100008964539,5.73705005645752,4.83495044708252,-15.4181499481201,-5.47098731994629,4.41072511672974,12.3202753067017,8.80371284484863,1.31986248493195,-12.5688753128052,0.36079999804497,8.14577484130859,-1.22205007076263,18.8400001525879,39.4810523986816,3.74100017547607,17.0100002288818,32.2009506225586,4.83495044708252,-4.98900032043457,-15.739951133728,10.3371124267578,10.3371124267578,11.3180370330811,3.41728758811951,3.41728758811951,5.68424987792969,21.3665370941162,21.3665370941162,22.733699798584,49.7860527038574,49.7860527038574,23.8339519500732,34.7260513305664,34.7260513305664,11.1090002059937,-8.39205074310303,-8.39205074310303,3.90495014190674,11.3180370330811,6.96313762664795,1.97835004329681,5.68424987792969,5.8686375617981,2.67258739471436,22.733699798584,16.1195373535156,2.58018755912781,23.8339519500732,10.5460500717163,2.51805019378662,11.1090002059937,5.66700029373169,3.23805022239685,3.90495014190674,1.11495006084442,1.59900009632111,1.97835004329681,0.71431249380112,-1.29071247577667,2.67258739471436,2.13152503967285,3.08591246604919,2.58018755912781,1.45763754844666,0.73232501745224,2.51805019378662,-4.25400018692017,-12.4690504074097,3.23805022239685,1.19805002212524,-3.48600006103516,1.59900009632111,4.78695011138916,5.47200012207031,-9.54277515411377,-14.6951751708984,-16.01682472229,6.39429998397827,11.8134498596191,13.1191501617432,-3.76461243629456,-11.7944746017456,-12.1983127593994,-17.8240509033203,-18.4110012054443,-17.3640003204346,-12.1579504013062,-16.4479503631592,-11.1640501022339,5.52705049514771,5.23905038833618,5.56695032119751,-16.01682472229,-14.9417123794556,-7.01346254348755,13.1191501617432,11.5450496673584,7.90240001678467,-12.1983127593994,-12.0623245239258,-7.80766248703003,-17.3640003204346,-10.6819505691528,3.45195007324219,-11.1640501022339,-2.49195003509521,6.51195049285889,5.56695032119751,6.29505014419556,3.99405026435852,SHAKE
10.3371124267578,11.3180370330811,11.3180370330811,3.41728758811951,5.68424987792969,5.68424987792969,21.3665370941162,22.733699798584,22.733699798584,49.7860527038574,23.8339519500732,23.8339519500732,34.7260513305664,11.1090002059937,11.1090002059937,-8.39205074310303,3.90495014190674,3.90495014190674,6.96313762664795,1.97835004329681,1.97835004329681,5.8686375617981,2.67258739471436,2.67258739471436,16.1195373535156,2.58018755912781,2.58018755912781,10.5460500717163,2.51805019378662,2.51805019378662,5.66700029373169,3.23805022239685,3.23805022239685,1.11495006084442,1.59900009632111,1.59900009632111,0.71431249380112,-1.29071247577667,-9.54277515411377,2.13152503967285,3.08591246604919,6.39429998397827,1.45763754844666,0.73232501745224,-3.76461243629456,-4.25400018692017,-12.4690504074097,-17.8240509033203,1.19805002212524,-3.48600006103516,-12.1579504013062,4.78695011138916,5.47200012207031,5.52705049514771,-14.6951751708984,-16.01682472229,-16.01682472229,11.8134498596191,13.1191501617432,13.1191501617432,-11.7944746017456,-12.1983127593994,-12.1983127593994,-18.4110012054443,-17.3640003204346,-17.3640003204346,-16.4479503631592,-11.1640501022339,-11.1640501022339,5.23905038833618,5.56695032119751,5.56695032119751,-14.9417123794556,-7.01346254348755,-0.90997499227524,11.5450496673584,7.90240001678467,1.73043751716614,-12.0623245239258,-7.80766248703003,0.63305002450943,-10.6819505691528,3.45195007324219,25.2040519714355,-2.49195003509521,6.51195049285889,22.4370002746582,6.29505014419556,3.99405026435852,-6.42795038223267,6.16879987716675,11.8124876022339,11.8124876022339,-1.81719994544983,-1.08941245079041,-1.08941245079041,14.2781372070312,19.0804615020752,19.0804615020752,44.1390037536621,46.3300514221191,46.3300514221191,35.8729515075684,29.3130016326904,29.3130016326904,-13.3519506454468,-4.72800016403198,-4.72800016403198,12.2779245376587,11.6938247680664,6.7534499168396,-0.03506249934435,1.0755250453949,2.51583743095398,20.0032253265381,19.9898872375488,6.80638742446899,35.086051940918,20.4229507446289,7.68900012969971,16.5280513763428,10.1580009460449,4.95105028152466,7.16700029373169,5.63895034790039,3.01905012130737,1.19322502613068,-0.35447499155998,-3.41825008392334,1.83906245231628,2.1811625957489,4.715012550354,2.01313757896423,1.24354994297028,0.13406249880791,-0.38805001974106,-7.11600017547607,-16.9260005950928,1.96005010604858,-0.16605000197887,-5.29905033111572,3.22695016860962,5.83605051040649,7.80000019073486,-3.41825008392334,-10.2562627792358,-16.2779369354248,4.715012550354,5.99527502059937,15.315299987793,0.13406249880791,-9.74930000305176,-11.9365119934082,-16.9260005950928,-23.8950004577637,-22.0609512329102,-5.29905033111572,-20.2009506225586,-17.7739505767822,7.80000019073486,4.49700021743774,1.48905003070831,-16.5101757049561,-13.6167621612549,-6.38247489929199,15.4210376739502,12.3382873535156,10.6719245910645,-11.83118724823,-10.5522994995117,-0.33536249399185,-18.8320503234863,-6.93105030059814,16.3300514221191,-6.53700017929077,6.56295013427734,15.8389511108398,4.3289999961853,7.70595026016235,0.81105005741119,SHAKE
11.8124876022339,11.8124876022339,12.2779245376587,-1.08941245079041,-1.08941245079041,-0.03506249934435,19.0804615020752,19.0804615020752,20.0032253265381,46.3300514221191,46.3300514221191,35.086051940918,29.3130016326904,29.3130016326904,16.5280513763428,-4.72800016403198,-4.72800016403198,7.16700029373169,11.6938247680664,6.7534499168396,1.19322502613068,1.0755250453949,2.51583743095398,1.83906245231628,19.9898872375488,6.80638742446899,2.01313757896423,20.4229507446289,7.68900012969971,-0.38805001974106,10.1580009460449,4.95105028152466,1.96005010604858,5.63895034790039,3.01905012130737,3.22695016860962,-0.35447499155998,-3.41825008392334,-3.41825008392334,2.1811625957489,4.715012550354,4.715012550354,1.24354994297028,0.13406249880791,0.13406249880791,-7.11600017547607,-16.9260005950928,-16.9260005950928,-0.16605000197887,-5.29905033111572,-5.29905033111572,5.83605051040649,7.80000019073486,7.80000019073486,-10.2562627792358,-16.2779369354248,-16.5101757049561,5.99527502059937,15.315299987793,15.4210376739502,-9.74930000305176,-11.9365119934082,-11.83118724823,-23.8950004577637,-22.0609512329102,-18.8320503234863,-20.2009506225586,-17.7739505767822,-6.53700017929077,4.49700021743774,1.48905003070831,4.3289999961853,-13.6167621612549,-6.38247489929199,-6.38247489929199,12.3382873535156,10.6719245910645,10.6719245910645,-10.5522994995117,-0.33536249399185,-0.33536249399185,-6.93105030059814,16.3300514221191,16.3300514221191,6.56295013427734,15.8389511108398,15.8389511108398,7.70595026016235,0.81105005741119,0.81105005741119,2.25788760185242,8.8929500579834,9.12353706359863,2.33557510375977,4.4210376739502,6.40612506866455,5.43881225585938,23.3517627716064,24.8513374328613,43.3080024719238,46.126953125,42.8260536193848,37.279052734375,36.9360008239746,26.3310012817383,-18.7909507751465,-14.5900506973267,-1.20195007324219,9.05588722229004,7.39612483978271,7.39612483978271,7.87338733673096,7.07891225814819,7.07891225814819,25.2496757507324,22.1379127502441,22.1379127502441,26.6479511260986,10.6920003890991,10.6920003890991,13.9320011138916,5.23395013809204,5.23395013809204,3.83100008964539,2.16600012779236,2.16600012779236,1.72906243801117,0.35804998874664,0.35804998874664,2.52504992485046,3.54942488670349,3.54942488670349,2.1379873752594,1.64463746547699,1.64463746547699,-0.79095005989075,-7.7359504699707,-7.7359504699707,0.97995007038116,-3.7590000629425,-3.7590000629425,2.90205025672913,8.44095039367676,8.44095039367676,0.6318125128746,-1.57272493839264,-3.90018749237061,11.5020122528076,21.5912132263184,24.7088871002197,4.49336242675781,15.3598499298096,15.9491748809814,-16.4130001068115,-20.4820518493652,-16.1400012969971,-12.1459503173828,-15.9880504608154,-9.09000015258789,11.5999507904053,6.84900045394897,5.67300033569336,-3.21598744392395,-3.67895007133484,-0.51796251535416,23.0425243377686,14.4702253341675,4.34032487869263,15.9919376373291,12.9912748336792,3.18092489242554,-10.5070505142212,3.6870002746582,21.7600517272949,-0.98505002260208,8.66100025177002,22.8460502624512,7.10295057296753,2.84400010108948,-11.1730508804321,SHAKE
11.8819246292114,4.9741997718811,0.78897500038147,10.8682746887207,7.38539981842041,3.12867498397827,24.0807876586914,9.04749965667725,2.2341001033783,21.8250007629395,8.47695064544678,0.73605000972748,13.6069507598877,7.01295042037964,3.31995010375977,5.3779501914978,2.86305022239685,3.06900024414062,0.78897500038147,-0.54477500915527,-2.90070009231567,3.12867498397827,2.63174986839294,3.81411242485046,2.2341001033783,1.23571252822876,0.3994374871254,0.73605000972748,-4.16805028915405,-8.68695068359375,3.31995010375977,0.30000001192093,-2.35995006561279,3.06900024414062,3.68505024909973,4.03695011138916,-13.029637336731,-19.5778007507324,-19.5778007507324,1.07717502117157,6.46071243286133,6.46071243286133,-8.63678741455078,-24.2675132751465,-24.2675132751465,-17.5990505218506,-22.1230506896973,-22.1230506896973,-9.02805042266846,-18.1219501495361,-18.1219501495361,5.19105005264282,5.87205028533936,5.87205028533936,-21.6246242523193,-20.4942378997803,-10.3181371688843,7.78249979019165,6.1727876663208,8.61341285705566,-25.7284507751465,-25.345100402832,-15.9550876617432,-23.1529502868652,-16.6339511871338,1.01895010471344,-16.2199516296387,-4.24005031585693,10.4670009613037,4.09905004501343,3.92895007133484,4.7989501953125,-2.55364990234375,4.86488723754883,4.86488723754883,2.84391260147095,0.68598747253418,0.68598747253418,0.52964997291565,8.63651275634766,8.63651275634766,17.9520015716553,29.9479522705078,29.9479522705078,19.0699501037598,30.1849517822266,30.1849517822266,-3.62400007247925,-10.4830503463745,-10.4830503463745,10.2558498382568,11.4629621505737,11.2751379013062,3.44863748550415,5.15267515182495,6.30299997329712,25.1751499176025,26.7947616577148,26.7656116485596,41.0470504760742,35.1259498596191,20.4739513397217,40.0759506225586,29.377950668335,12.9100503921509,-8.87805080413818,-3.93495011329651,1.40505003929138,7.59756231307983,3.42292499542236,1.97381246089935,6.57415008544922,3.7175874710083,2.75123739242554,20.5577621459961,4.17587518692017,2.3423125743866,12.0910501480103,6.00795030593872,-0.39105001091957,5.78700017929077,2.45295000076294,-3.3469500541687,2.10900020599365,0.53295004367828,1.1010000705719,1.97381246089935,1.97381246089935,2.45973753929138,2.75123739242554,2.75123739242554,4.74760007858276,2.3423125743866,2.3423125743866,4.3605375289917,-0.39105001091957,-0.39105001091957,-3.30105018615723,-3.3469500541687,-3.3469500541687,-2.85600018501282,1.1010000705719,1.1010000705719,-1.30305004119873,6.71687507629395,3.54406237602234,3.54406237602234,6.03693723678589,9.36897468566895,9.36897468566895,13.5118503570557,30.3818626403809,30.3818626403809,-3.79200029373169,-3.38205027580261,-3.38205027580261,-3.57705020904541,-2.30700016021729,-2.30700016021729,-1.36005008220673,-1.21200001239777,-1.21200001239777,5.08227491378784,8.73221206665039,3.77121257781982,12.6160373687744,19.8683376312256,28.7502880096436,33.7829246520996,37.3913383483887,42.6967735290527,-0.2569500207901,5.38800048828125,8.20604991912842,2.02395009994507,8.26605033874512,9.43200016021729,-1.10699999332428,-5.70000028610229,-7.31400012969971,SHAKE
-11.9733619689941,-13.8557376861572,-13.8557376861572,13.3773746490479,17.6386375427246,17.6386375427246,16.662525177002,18.2176494598389,18.2176494598389,-35.0560531616211,-36.715950012207,-36.715950012207,-19.4530506134033,-15.7549505233765,-15.7549505233765,-6.80205011367798,-7.11600017547607,-7.11600017547607,-14.3277750015259,-7.35734987258911,-2.71521258354187,19.1725883483887,13.0721244812012,1.25166249275208,17.7330989837646,12.7397871017456,3.76516246795654,-28.7380504608154,-17.0719509124756,-6.17895030975342,-6.91500043869019,-2.65905022621155,-2.382000207901,-6.69900035858154,-0.55605000257492,4.47495031356812,1.12048745155334,1.12048745155334,6.99930000305176,-1.61438751220703,-1.61438751220703,-6.36226224899292,1.03826248645782,1.03826248645782,-1.09422504901886,19.4340000152588,19.4340000152588,21.0049514770508,2.00999999046326,2.00999999046326,4.87200021743774,8.48505020141602,8.48505020141602,3.69705009460449,13.5382499694824,14.2366123199463,14.2366123199463,-20.2237739562988,-22.9179496765137,-22.9179496765137,-8.27213764190674,-8.14453792572021,-8.14453792572021,11.4660005569458,1.28205001354218,1.28205001354218,1.21005010604858,-1.93605005741119,-1.93605005741119,12.142050743103,1.50495004653931,1.50495004653931,12.0344123840332,-0.59262502193451,-0.59262502193451,-22.7037258148193,-14.1622247695923,-14.1622247695923,-6.35648727416992,0.00673749996349,0.00673749996349,-17.3950500488281,-28.3170013427734,-28.3170013427734,-16.1050510406494,-19.5160503387451,-19.5160503387451,-4.92705011367798,-6.8430004119873,-6.8430004119873,-14.4032621383667,-16.7714252471924,-16.9541625976562,12.0487127304077,15.8835878372192,16.8800506591797,15.9285497665405,19.8078365325928,19.3584880828857,-35.4229507446289,-40.243953704834,-23.3010005950928,-23.4670505523682,-12.0960006713867,-3.91200017929077,-16.1950511932373,-10.5910501480103,-6.80700016021729,-10.1281127929688,-10.1281127929688,-2.90936255455017,12.9505748748779,12.9505748748779,0.64569997787476,15.1626749038696,15.1626749038696,6.46676254272461,-11.3719501495361,-11.3719501495361,-1.33695006370544,-1.84995007514954,-1.84995007514954,-2.03895020484924,0.72705000638962,0.72705000638962,4.60200023651123,-1.33113753795624,1.46561253070831,1.46561253070831,-0.38376250863075,-1.97243750095367,-1.97243750095367,2.45712494850159,1.21261250972748,1.21261250972748,10.2330007553101,22.5289516448975,22.5289516448975,-1.52700006961823,2.00505018234253,2.00505018234253,7.07895040512085,6.54495048522949,6.54495048522949,14.6514501571655,15.0785245895386,15.0785245895386,-20.9020614624023,-22.3225746154785,-22.3225746154785,-10.3412370681763,-10.2388000488281,-10.2388000488281,9.81600093841553,-1.60005009174347,-1.60005009174347,0.63300001621246,-3.64095020294189,-3.64095020294189,8.64495086669922,-0.10995000600815,-0.10995000600815,12.0484371185303,-3.22245001792908,-13.2294244766235,-21.289400100708,-4.54616260528564,15.2971496582031,-8.50052452087402,4.11441230773926,16.8231258392334,-17.5960502624512,-29.332052230835,-40.7749519348145,-15.2500505447388,-15.8899507522583,-18.4279518127441,-4.27800035476685,-5.26905012130737,-13.4340009689331,SHAKE
-13.2294244766235,-15.4581623077393,-15.4581623077393,15.2971496582031,17.7747631072998,17.7747631072998,16.8231258392334,19.5263748168945,19.5263748168945,-40.7749519348145,-41.9440536499023,-41.9440536499023,-18.4279518127441,-11.2669506072998,-11.2669506072998,-13.4340009689331,-10.1809501647949,-10.1809501647949,-8.2321252822876,-8.2321252822876,-1.1004124879837,11.5515127182007,11.5515127182007,-0.79406249523163,14.2924375534058,14.2924375534058,1.62593746185303,-12.4570503234863,-12.4570503234863,8.48895072937012,-2.91600012779236,-2.91600012779236,-4.6690502166748,1.42395007610321,1.42395007610321,8.800950050354,-1.1004124879837,1.99168753623962,10.1580877304077,-0.79406249523163,-2.5202374458313,-10.3490753173828,1.62593746185303,0.2727999985218,-5.76881265640259,8.48895072937012,18.8089504241943,15.2890510559082,-4.6690502166748,1.68600010871887,5.34405040740967,8.800950050354,6.66000032424927,9.21705055236816,10.1580877304077,14.1895875930786,14.5468120574951,-10.3490753173828,-20.9493618011475,-23.2720127105713,-5.76881265640259,-10.5077495574951,-10.3626871109009,15.2890510559082,9.92400074005127,2.08500003814697,5.34405040740967,0.40995001792908,-3.01395010948181,9.21705055236816,7.7920503616333,1.35705006122589,12.0943622589111,-0.25753748416901,-0.25753748416901,-22.6227378845215,-12.4943494796753,-12.4943494796753,-9.0496997833252,-0.36877501010895,-0.36877501010895,-10.1550006866455,-22.5880508422852,-22.5880508422852,-10.0600500106812,-15.5020503997803,-15.5020503997803,-2.82105016708374,-5.42505025863647,-5.42505025863647,-11.780312538147,-14.7149753570557,-15.6407623291016,11.4941749572754,16.0473499298096,17.250337600708,14.3008251190186,17.9620380401611,18.4611625671387,-39.7360534667969,-43.8270034790039,-28.5109519958496,-21.0799503326416,-13.5739507675171,-2.64300012588501,-9.89400005340576,-10.53600025177,-10.2750005722046,-15.6407623291016,-4.23802518844604,-4.23802518844604,17.250337600708,1.66718745231628,1.66718745231628,18.4611625671387,6.22916269302368,6.22916269302368,-28.5109519958496,-5.9520001411438,-5.9520001411438,-2.64300012588501,-2.50905013084412,-2.50905013084412,-10.2750005722046,4.7509503364563,4.7509503364563,-1.5576000213623,1.86216247081757,8.20283699035645,-0.70867496728897,-2.33255004882812,-7.02404975891113,2.71865010261536,1.111687541008,-1.79341244697571,3.99105024337769,16.4190006256104,20.8039512634277,-3.51705026626587,-3.8209502696991,5.87805032730103,8.71200084686279,13.1910009384155,4.25699996948242,8.20283699035645,14.6379747390747,14.6379747390747,-7.02404975891113,-23.7142124176025,-23.7142124176025,-1.79341244697571,-8.75751209259033,-8.75751209259033,15.4249505996704,5.97900009155273,5.97900009155273,3.86805009841919,-1.77105009555817,-1.77105009555817,8.39805030822754,0.80805003643036,0.80805003643036,12.6538496017456,1.94177496433258,-11.262487411499,-23.9172992706299,-16.4421119689941,11.0072870254517,-7.44507503509521,-1.88127493858337,13.4259128570557,-11.3449506759644,-29.3389511108398,-36.0930023193359,-9.31800079345703,-18.1819515228271,-14.0209503173828,-4.03095006942749,-6.40395021438599,-14.3460006713867,SHAKE
-1.29511249065399,-12.5331249237061,-12.5331249237061,-7.21710014343262,14.321587562561,14.321587562561,2.84886240959167,13.6093378067017,13.6093378067017,-29.8450508117676,-40.3560028076172,-40.3560028076172,-19.5900001525879,-22.4160003662109,-22.4160003662109,-8.19795036315918,-15.4339504241943,-15.4339504241943,-16.6563377380371,-16.6563377380371,-11.4446744918823,18.411937713623,18.411937713623,14.614462852478,16.3619499206543,16.3619499206543,13.5027751922607,-27.6510009765625,-27.6510009765625,-13.9369506835938,-4.57305002212524,-4.57305002212524,-2.82705020904541,-10.207950592041,-10.207950592041,-0.43605002760887,-4.0408501625061,-1.34653747081757,-1.34653747081757,0.604587495327,-1.13712501525879,-1.13712501525879,4.60432481765747,1.85941243171692,1.85941243171692,-1.62600004673004,9.15195083618164,9.15195083618164,-2.60895013809204,-4.25205039978027,-4.25205039978027,7.31805038452148,12.4819507598877,12.4819507598877,2.39937496185303,12.0991744995117,15.9060001373291,-2.80101251602173,-11.0719127655029,-21.1252250671387,0.6434999704361,-4.82968759536743,-8.02229976654053,23.3880004882812,15.3799505233765,9.43994998931885,3.60000014305115,6.01905012130737,-0.44595003128052,10.9630508422852,11.1289501190186,9.31095027923584,16.0853004455566,13.1247873306274,13.1247873306274,-23.316011428833,-22.6133880615234,-22.6133880615234,-7.61241245269775,-6.33435010910034,-6.33435010910034,3.96705007553101,-10.0860004425049,-10.0860004425049,-2.13705015182495,-11.7049503326416,-11.7049503326416,0.37305000424385,-3.18795013427734,-3.18795013427734,-13.7920751571655,-13.7920751571655,-16.9395866394043,10.1697750091553,10.1697750091553,14.7056245803833,13.7544002532959,13.7544002532959,17.4165744781494,-39.4150505065918,-39.4150505065918,-43.6900520324707,-27.457950592041,-27.457950592041,-20.5650005340576,-13.3069505691528,-13.3069505691528,-17.9580001831055,-17.8450241088867,-14.620512008667,-14.620512008667,15.6420001983643,14.9019746780396,14.9019746780396,17.5786876678467,15.6767873764038,15.6767873764038,-28.5780010223389,-15.6370506286621,-15.6370506286621,-7.5120005607605,-3.98205018043518,-3.98205018043518,-12.8400001525879,-3.33195018768311,-3.33195018768311,-4.74553728103638,-1.68478751182556,1.25345003604889,1.12612497806549,-1.00265002250671,-1.60338747501373,6.18268728256226,2.12533760070801,1.03647494316101,1.23195004463196,6.38895034790039,16.5700511932373,-3.21795010566711,-2.86095023155212,1.53105008602142,7.1650505065918,9.07095050811768,10.6140003204346,8.12652492523193,17.3890743255615,17.3890743255615,-5.247962474823,-18.0830383300781,-18.0830383300781,-0.81853747367859,-7.58711242675781,-7.58711242675781,15.4060506820679,10.1629505157471,10.1629505157471,7.12800025939941,3.15495014190674,3.15495014190674,9.1960506439209,11.0740509033203,11.0740509033203,18.2463874816895,17.3749122619629,8.79683780670166,-21.0109615325928,-21.3893623352051,-16.541524887085,-7.2672872543335,-6.54664993286133,-3.76901245117188,6.84600019454956,-6.52200031280518,-19.6969509124756,0.18195000290871,-7.78200054168701,-15.6019506454468,4.57095003128052,-0.7540500164032,-8.24100017547607,SHAKE
-12.8189878463745,-15.6017122268677,-16.3387126922607,14.7813873291016,17.7350254058838,18.4908618927002,13.5163869857788,15.3238248825073,15.3584747314453,-34.7089500427246,-43.4220008850098,-29.5429515838623,-19.5250511169434,-18.3640518188477,-7.28700017929077,-10.10205078125,-12.7699508666992,-10.581000328064,-11.2842121124268,-11.2842121124268,-4.76272487640381,14.1486120223999,14.1486120223999,1.27503752708435,12.3813247680664,12.3813247680664,4.26648759841919,-16.1449508666992,-16.1449508666992,0.96405005455017,-2.19195008277893,-2.19195008277893,-2.59200000762939,-4.4040002822876,-4.4040002822876,7.50495052337646,-2.15476250648499,0.85304999351501,6.62694978713989,-0.48056250810623,-1.15005004405975,-4.09722518920898,1.97917497158051,1.07167494297028,0.17874999344349,0.96405005455017,9.81405067443848,15.3960008621216,-2.59200000762939,-2.16405010223389,4.20405006408691,7.50495052337646,10.7530508041382,10.0200004577637,16.2274742126465,16.2274742126465,17.3745002746582,-16.3917865753174,-16.3917865753174,-21.6680755615234,-6.93659973144531,-6.93659973144531,-7.11122512817383,11.392050743103,11.392050743103,7.37505054473877,5.72400045394897,5.72400045394897,0.08700000494719,8.54400062561035,8.54400062561035,7.54095029830933,16.5569248199463,10.5917625427246,-6.52272510528564,-23.0828132629395,-20.3754367828369,-2.19326257705688,-6.57112503051758,-5.05889987945557,5.32179975509644,-0.43905001878738,-12.7609510421753,-24.106050491333,-2.41305017471313,-12.5800504684448,-16.6200008392334,-0.7140000462532,-5.17095041275024,-7.30695056915283,-15.6136751174927,-15.6136751174927,-18.1330871582031,13.8133878707886,13.8133878707886,16.3642883300781,13.1493997573853,13.1493997573853,14.5531377792358,-34.1560516357422,-34.1560516357422,-35.8060531616211,-23.4750003814697,-23.4750003814697,-15.4680004119873,-13.992000579834,-13.992000579834,-12.1930503845215,-18.2572498321533,-11.3991622924805,-4.13503742218018,16.7402114868164,10.9003124237061,0.06943749636412,14.3310747146606,11.2320995330811,3.60662508010864,-23.3449516296387,-13.9510507583618,-7.24500036239624,-5.82600021362305,-1.95300006866455,-2.47500014305115,-10.0590000152588,-2.81400012969971,1.9939501285553,-1.85061252117157,-1.85061252117157,0.74552500247955,-0.93967497348785,-0.93967497348785,-1.78158748149872,2.10278749465942,2.10278749465942,1.9152375459671,-0.90600001811981,-0.90600001811981,6.68100023269653,-2.56605005264282,-2.56605005264282,-0.41295000910759,5.77095031738281,5.77095031738281,7.94100046157837,4.9505500793457,15.8102998733521,17.3101501464844,-3.83198738098145,-14.6099252700806,-22.1218242645264,2.01918745040894,-4.69589996337891,-6.09798765182495,11.9209508895874,7.70805025100708,6.01695013046265,3.72195029258728,2.99400019645691,2.050950050354,6.0730504989624,7.89495038986206,5.86005020141602,17.0086116790771,17.0086116790771,12.4071750640869,-23.7947864532471,-23.7947864532471,-21.9920253753662,-6.28086233139038,-6.28086233139038,-5.82078742980957,-0.05805000290275,-0.05805000290275,-9.88500022888184,-1.78995013237,-1.78995013237,-9.8830509185791,-0.04605000093579,-0.04605000093579,-4.56300020217896,SHAKE
-10.4574251174927,-10.4574251174927,-10.4574251174927,-2.37338757514954,-2.37338757514954,-2.37338757514954,8.34405040740967,8.34405040740967,8.34405040740967,-24.0970516204834,-24.0970516204834,-24.0970516204834,-16.1700000762939,-16.1700000762939,-16.1700000762939,-8.55300045013428,-8.55300045013428,-8.55300045013428,-3.10667490959167,-3.10667490959167,-1.283287525177,-0.92248749732971,-0.92248749732971,-1.75862503051758,3.52536249160767,3.52536249160767,1.9901750087738,-4.50300025939941,-4.50300025939941,3.1189501285553,-0.6240000128746,-0.6240000128746,-0.46305000782013,4.81800031661987,4.81800031661987,9.08295059204102,2.26379990577698,11.2703247070312,17.8090000152588,-3.0793125629425,-7.71278762817383,-19.2097129821777,2.03087496757507,0.14258749783039,-5.68438768386841,12.1489505767822,10.5660009384155,3.93105030059814,0.59895002841949,2.34000015258789,0.88200002908707,9.72000026702881,3.29505014419556,9.73695087432861,17.8083114624023,17.8083114624023,15.6591873168945,-21.9088382720947,-21.9088382720947,-21.617338180542,-4.91672515869141,-4.91672515869141,-4.39972496032715,2.47500014305115,2.47500014305115,-5.72700023651123,0.03600000217557,0.03600000217557,-4.69995021820068,3.67095017433167,3.67095017433167,-0.13395000994206,4.26222515106201,-13.0986623764038,-13.0986623764038,-16.4004497528076,4.92566251754761,4.92566251754761,-0.46461248397827,10.7896251678467,10.7896251678467,-10.4350509643555,-13.993950843811,-13.993950843811,-10.3639507293701,-12.8290510177612,-12.8290510177612,-9.02700042724609,-7.25895023345947,-7.25895023345947,-17.8231620788574,-17.8231620788574,-15.8107128143311,14.3265371322632,14.3265371322632,13.8488626480103,15.520037651062,15.520037651062,13.6032876968384,-35.1739501953125,-35.1739501953125,-22.3720512390137,-20.2170009613037,-20.2170009613037,-9.49995040893555,-9.19200038909912,-9.19200038909912,-5.91105031967163,-5.80978727340698,-3.46431255340576,-1.90121245384216,4.1727123260498,-0.88027501106262,-1.99608743190765,7.97541236877441,2.53165006637573,1.63666248321533,-12.3439502716064,-7.55205059051514,-3.05595016479492,-2.07000017166138,-1.17900002002716,-0.19005000591278,-3.01995015144348,0.58799999952316,3.04995012283325,-0.37180000543594,-0.37180000543594,3.19934988021851,-2.34973740577698,-2.34973740577698,-3.67001247406006,2.10361242294312,2.10361242294312,2.6892249584198,1.62495005130768,1.62495005130768,6.05805015563965,-0.1489500105381,-0.1489500105381,-0.56894999742508,4.96095037460327,4.96095037460327,7.45005035400391,12.4569501876831,17.1150379180908,17.1150379180908,-8.58398723602295,-19.8533496856689,-19.8533496856689,-0.56443750858307,-6.78039979934692,-6.78039979934692,8.77605056762695,5.75205039978027,5.75205039978027,1.1380500793457,1.14495003223419,1.14495003223419,2.73900008201599,2.23095011711121,2.23095011711121,15.4302501678467,15.4302501678467,2.71961259841919,-21.9357872009277,-21.9357872009277,-14.6808748245239,-6.92449998855591,-6.92449998855591,-0.72503751516342,-2.66100001335144,-2.66100001335144,-13.4550008773804,-1.77795004844666,-1.77795004844666,-12.2230501174927,0.50700002908707,0.50700002908707,-4.83795022964478,SHAKE
-15.8107128143311,-5.80978727340698,-3.46431255340576,13.8488626480103,4.1727123260498,-0.88027501106262,13.6032876968384,7.97541236877441,2.53165006637573,-22.3720512390137,-12.3439502716064,-7.55205059051514,-9.49995040893555,-2.07000017166138,-1.17900002002716,-5.91105031967163,-3.01995015144348,0.58799999952316,-1.90121245384216,-0.37180000543594,-0.37180000543594,-1.99608743190765,-2.34973740577698,-2.34973740577698,1.63666248321533,2.10361242294312,2.10361242294312,-3.05595016479492,1.62495005130768,1.62495005130768,-0.19005000591278,-0.1489500105381,-0.1489500105381,3.04995012283325,4.96095037460327,4.96095037460327,3.19934988021851,12.4569501876831,17.1150379180908,-3.67001247406006,-8.58398723602295,-19.8533496856689,2.6892249584198,-0.56443750858307,-6.78039979934692,6.05805015563965,8.77605056762695,5.75205039978027,-0.56894999742508,1.1380500793457,1.14495003223419,7.45005035400391,2.73900008201599,2.23095011711121,17.1150379180908,15.4302501678467,15.4302501678467,-19.8533496856689,-21.9357872009277,-21.9357872009277,-6.78039979934692,-6.92449998855591,-6.92449998855591,5.75205039978027,-2.66100001335144,-2.66100001335144,1.14495003223419,-1.77795004844666,-1.77795004844666,2.23095011711121,0.50700002908707,0.50700002908707,2.71961259841919,-12.1585750579834,-14.8847875595093,-14.6808748245239,9.35921287536621,14.706862449646,-0.72503751516342,12.5859251022339,16.0951995849609,-13.4550008773804,-20.2690505981445,-27.4710006713867,-12.2230501174927,-9.69600009918213,-19.7689514160156,-4.83795022964478,-7.78605031967163,-4.4520001411438,-15.7603874206543,-12.8481378555298,-12.8481378555298,15.3423871994019,13.5279378890991,13.5279378890991,15.8870248794556,13.097149848938,13.097149848938,-35.6790008544922,-27.6360015869141,-27.6360015869141,-20.8950004577637,-11.8440008163452,-11.8440008163452,-3.08700013160706,-2.78295016288757,-2.78295016288757,-3.51614999771118,-2.46936249732971,-1.74349999427795,1.14400005340576,-1.31560003757477,-1.57863748073578,5.84237480163574,2.11103749275208,1.75284993648529,-15.9250507354736,-9.58800029754639,-4.91505002975464,-3.27000021934509,-0.77895003557205,-0.31695002317429,-1.85895013809204,0.97605001926422,3.08100008964539,-0.07782500237226,2.7028374671936,2.7028374671936,-2.05136251449585,-2.89121246337891,-2.89121246337891,1.60049998760223,1.81169998645782,1.81169998645782,0.60000002384186,7.49505043029785,7.49505043029785,-0.9709500670433,-1.14105010032654,-1.14105010032654,6.02505016326904,5.92905044555664,5.92905044555664,8.83698749542236,14.1571378707886,15.0220127105713,-5.87853765487671,-16.4125499725342,-20.1407241821289,-1.15486252307892,-9.04296207427979,-9.53768730163574,11.3440504074097,4.72200012207031,1.40505003929138,-0.49005001783371,0.46305000782013,0.47895002365112,0.47595003247261,3.94095015525818,7.48800039291382,14.0108375549316,8.22414970397949,8.22414970397949,-21.4366626739502,-20.8978004455566,-20.8978004455566,-9.42053699493408,-5.66706228256226,-5.66706228256226,0.43200001120567,-4.17495012283325,-4.17495012283325,0.57795000076294,-4.97505044937134,-4.97505044937134,-1.91100013256073,-4.97205018997192,-4.97205018997192,SHAKE
-12.8481378555298,-3.51614999771118,-2.46936249732971,13.5279378890991,1.14400005340576,-1.31560003757477,13.097149848938,5.84237480163574,2.11103749275208,-27.6360015869141,-15.9250507354736,-9.58800029754639,-11.8440008163452,-3.27000021934509,-0.77895003557205,-2.78295016288757,-1.85895013809204,0.97605001926422,-1.74349999427795,-0.07782500237226,2.7028374671936,-1.57863748073578,-2.05136251449585,-2.89121246337891,1.75284993648529,1.60049998760223,1.81169998645782,-4.91505002975464,0.60000002384186,7.49505043029785,-0.31695002317429,-0.9709500670433,-1.14105010032654,3.08100008964539,6.02505016326904,5.92905044555664,2.7028374671936,8.83698749542236,14.1571378707886,-2.89121246337891,-5.87853765487671,-16.4125499725342,1.81169998645782,-1.15486252307892,-9.04296207427979,7.49505043029785,11.3440504074097,4.72200012207031,-1.14105010032654,-0.49005001783371,0.46305000782013,5.92905044555664,0.47595003247261,3.94095015525818,15.0220127105713,14.0108375549316,8.22414970397949,-20.1407241821289,-21.4366626739502,-20.8978004455566,-9.53768730163574,-9.42053699493408,-5.66706228256226,1.40505003929138,0.43200001120567,-4.17495012283325,0.47895002365112,0.57795000076294,-4.97505044937134,7.48800039291382,-1.91100013256073,-4.97205018997192,8.22414970397949,-8.71722507476807,-11.847412109375,-20.8978004455566,-5.77678728103638,6.12328767776489,-5.66706228256226,9.04268741607666,21.9995880126953,-4.17495012283325,-14.9689502716064,-29.1379508972168,-4.97505044937134,-12.2899503707886,-15.2410507202148,-4.97205018997192,-6.6340503692627,-3.54000020027161,-13.3445119857788,-14.0383377075195,-3.29614996910095,8.24009990692139,11.2681245803833,7.01923751831055,22.5110874176025,21.8787250518799,15.119912147522,-36.7830009460449,-32.8290023803711,-19.7449512481689,-22.8949508666992,-12.4740009307861,-2.84100008010864,-2.98200011253357,-3.56895017623901,-2.65395021438599,-3.29614996910095,-1.95813751220703,-1.23832499980927,7.01923751831055,-1.2141250371933,-1.5662624835968,15.119912147522,2.78396248817444,2.21113753318787,-19.7449512481689,-12.4140005111694,-6.61800050735474,-2.84100008010864,-0.80595004558563,-1.20795011520386,-2.65395021438599,1.33095002174377,4.27605009078979,0.18191249668598,2.03032493591309,6.25570011138916,-2.22117495536804,-2.95817494392395,-5.71257495880127,1.75862503051758,1.98288750648499,0.76725000143051,-0.45105001330376,6.97305011749268,12.82200050354,-1.82595014572144,-0.85395002365112,0.71205002069473,5.52705049514771,5.76405048370361,2.96205019950867,6.25570011138916,13.4004745483398,14.1895875930786,-5.71257495880127,-16.5727367401123,-22.8754615783691,0.76725000143051,-7.29588747024536,-8.1716251373291,12.82200050354,7.87095022201538,4.57605028152466,0.71205002069473,4.42200040817261,1.40895009040833,2.96205019950867,2.08004999160767,7.23900032043457,13.8789749145508,10.1989250183105,0.06379999965429,-24.4175243377686,-22.6373119354248,-12.1292877197266,-8.3132495880127,-6.86138725280762,4.43575000762939,3.22695016860962,-3.36795020103455,-12.9880504608154,0.02400000020862,-4.56405019760132,-12.0070505142212,1.88100004196167,-1.34805011749268,-7.37205028533936,SHAKE
-3.29614996910095,-3.29614996910095,-1.95813751220703,7.01923751831055,7.01923751831055,-1.2141250371933,15.119912147522,15.119912147522,2.78396248817444,-19.7449512481689,-19.7449512481689,-12.4140005111694,-2.84100008010864,-2.84100008010864,-0.80595004558563,-2.65395021438599,-2.65395021438599,1.33095002174377,-1.23832499980927,0.18191249668598,2.03032493591309,-1.5662624835968,-2.22117495536804,-2.95817494392395,2.21113753318787,1.75862503051758,1.98288750648499,-6.61800050735474,-0.45105001330376,6.97305011749268,-1.20795011520386,-1.82595014572144,-0.85395002365112,4.27605009078979,5.52705049514771,5.76405048370361,6.25570011138916,6.25570011138916,13.4004745483398,-5.71257495880127,-5.71257495880127,-16.5727367401123,0.76725000143051,0.76725000143051,-7.29588747024536,12.82200050354,12.82200050354,7.87095022201538,0.71205002069473,0.71205002069473,4.42200040817261,2.96205019950867,2.96205019950867,2.08004999160767,14.1895875930786,13.8789749145508,10.1989250183105,-22.8754615783691,-24.4175243377686,-22.6373119354248,-8.1716251373291,-8.3132495880127,-6.86138725280762,4.57605028152466,3.22695016860962,-3.36795020103455,1.40895009040833,0.02400000020862,-4.56405019760132,7.23900032043457,1.88100004196167,-1.34805011749268,0.06379999965429,0.06379999965429,-10.6997003555298,-12.1292877197266,-12.1292877197266,9.09631252288818,4.43575000762939,4.43575000762939,17.6423492431641,-12.9880504608154,-12.9880504608154,-23.4979515075684,-12.0070505142212,-12.0070505142212,-14.7229509353638,-7.37205028533936,-7.37205028533936,-3.46095013618469,-12.2621126174927,-13.5528249740601,-11.6612377166748,12.5300998687744,14.191650390625,14.8627872467041,20.333911895752,20.497537612915,17.2720623016357,-32.5290031433105,-34.6420516967773,-23.0620517730713,-24.2430019378662,-18.5170516967773,-8.296950340271,-5.24295043945312,-2.74695014953613,-2.20305013656616,-2.89547491073608,-2.89547491073608,-2.37586259841919,-0.05266249924898,-0.05266249924898,-1.60806250572205,5.23489999771118,5.23489999771118,2.46180009841919,-14.871000289917,-14.871000289917,-8.90700054168701,-3.14595007896423,-3.14595007896423,-2.17605018615723,0.09705000370741,0.09705000370741,3.16305017471313,-1.30171251296997,0.32972499728203,3.62642502784729,-2.35922503471375,-2.82590007781982,-4.05033731460571,1.8156875371933,1.6964750289917,1.02464997768402,-2.78595018386841,3.99405026435852,8.78595066070557,-2.26395010948181,-0.80805003643036,-0.64995002746582,4.80300045013428,5.139000415802,6.08700037002563,10.4802503585815,10.4802503585815,13.9035873413086,-8.53600025177002,-8.53600025177002,-16.1567993164062,-4.28463745117188,-4.28463745117188,-9.78477478027344,7.35900020599365,7.35900020599365,3.93105030059814,0.86700004339218,0.86700004339218,1.43505001068115,3.98205018043518,3.98205018043518,5.06895017623901,14.1923370361328,12.5316123962402,3.8894624710083,-19.6325244903564,-20.3802490234375,-16.0429496765137,-10.8814744949341,-10.3985748291016,-3.13115000724792,2.6620500087738,-1.02795004844666,-8.44500064849854,0.05100000277162,-1.26300001144409,-8.83905029296875,3.29205012321472,-2.27805018424988,-6.06405019760132,SHAKE
-2.89547491073608,-2.89547491073608,-2.37586259841919,-0.05266249924898,-0.05266249924898,-1.60806250572205,5.23489999771118,5.23489999771118,2.46180009841919,-14.871000289917,-14.871000289917,-8.90700054168701,-3.14595007896423,-3.14595007896423,-2.17605018615723,0.09705000370741,0.09705000370741,3.16305017471313,-1.30171251296997,0.32972499728203,3.62642502784729,-2.35922503471375,-2.82590007781982,-4.05033731460571,1.8156875371933,1.6964750289917,1.02464997768402,-2.78595018386841,3.99405026435852,8.78595066070557,-2.26395010948181,-0.80805003643036,-0.64995002746582,4.80300045013428,5.139000415802,6.08700037002563,10.4802503585815,10.4802503585815,13.9035873413086,-8.53600025177002,-8.53600025177002,-16.1567993164062,-4.28463745117188,-4.28463745117188,-9.78477478027344,7.35900020599365,7.35900020599365,3.93105030059814,0.86700004339218,0.86700004339218,1.43505001068115,3.98205018043518,3.98205018043518,5.06895017623901,14.1923370361328,12.5316123962402,3.8894624710083,-19.6325244903564,-20.3802490234375,-16.0429496765137,-10.8814744949341,-10.3985748291016,-3.13115000724792,2.6620500087738,-1.02795004844666,-8.44500064849854,0.05100000277162,-1.26300001144409,-8.83905029296875,3.29205012321472,-2.27805018424988,-6.06405019760132,-11.401912689209,-11.401912689209,-13.7557744979858,3.60153746604919,3.60153746604919,9.34793758392334,11.843150138855,11.843150138855,18.5319747924805,-19.1410503387451,-19.1410503387451,-27.9739513397217,-13.4059505462646,-13.4059505462646,-19.9489517211914,-8.24805068969727,-8.24805068969727,-4.19895029067993,-15.3973875045776,-14.1367874145508,-14.1367874145508,11.817850112915,12.305287361145,12.305287361145,18.8920879364014,17.1144866943359,17.1144866943359,-33.0900001525879,-27.3900012969971,-27.3900012969971,-21.4939517974854,-11.0850009918213,-11.0850009918213,-6.21300029754639,-3.38700008392334,-3.38700008392334,-3.00368738174438,-1.99856245517731,-1.25482499599457,0.3632749915123,-1.76426243782043,-2.51405000686646,7.80051231384277,2.17373752593994,1.99003744125366,-17.3520011901855,-11.002950668335,-6.26295042037964,-4.34595012664795,-1.71600008010864,-1.29705011844635,-1.62600004673004,1.04100000858307,3.55605006217957,-0.16293749213219,-0.16293749213219,1.61397504806519,-2.6611750125885,-2.6611750125885,-3.2462375164032,1.78172504901886,1.78172504901886,2.1484375,-1.49205005168915,4.31205034255981,4.31205034255981,-1.63905012607574,-1.16505002975464,-1.16505002975464,4.46295022964478,4.67895030975342,4.67895030975342,5.93958759307861,13.3909873962402,15.6787128448486,-5.33733749389648,-13.0957746505737,-19.6006240844727,0.71252501010895,-6.6279125213623,-8.57752513885498,10.276050567627,6.68595027923584,3.07905006408691,0.70005005598068,2.87895011901855,2.07000017166138,3.92400026321411,3.91500020027161,7.58895015716553,15.6787128448486,11.9491624832153,0.38857498764992,-19.6006240844727,-19.3125629425049,-10.4391374588013,-8.57752513885498,-6.50787496566772,4.59318733215332,3.07905006408691,-4.86705017089844,-10.8499507904053,2.07000017166138,-3.98205018043518,-10.9870500564575,7.58895015716553,-3.13005018234253,-8.55300045013428,SHAKE
-14.1367874145508,-3.00368738174438,-1.99856245517731,12.305287361145,0.3632749915123,-1.76426243782043,17.1144866943359,7.80051231384277,2.17373752593994,-27.3900012969971,-17.3520011901855,-11.002950668335,-11.0850009918213,-4.34595012664795,-1.71600008010864,-3.38700008392334,-1.62600004673004,1.04100000858307,-1.25482499599457,-0.16293749213219,-0.16293749213219,-2.51405000686646,-2.6611750125885,-2.6611750125885,1.99003744125366,1.78172504901886,1.78172504901886,-6.26295042037964,-1.49205005168915,4.31205034255981,-1.29705011844635,-1.63905012607574,-1.16505002975464,3.55605006217957,4.46295022964478,4.67895030975342,1.61397504806519,5.93958759307861,13.3909873962402,-3.2462375164032,-5.33733749389648,-13.0957746505737,2.1484375,0.71252501010895,-6.6279125213623,4.31205034255981,10.276050567627,6.68595027923584,-1.16505002975464,0.70005005598068,2.87895011901855,4.67895030975342,3.92400026321411,3.91500020027161,15.6787128448486,15.6787128448486,11.9491624832153,-19.6006240844727,-19.6006240844727,-19.3125629425049,-8.57752513885498,-8.57752513885498,-6.50787496566772,3.07905006408691,3.07905006408691,-4.86705017089844,2.07000017166138,2.07000017166138,-3.98205018043518,7.58895015716553,7.58895015716553,-3.13005018234253,0.38857498764992,-11.2356748580933,-11.2356748580933,-10.4391374588013,11.0250253677368,11.0250253677368,4.59318733215332,16.0157241821289,16.0157241821289,-10.8499507904053,-19.0050010681152,-19.0050010681152,-10.9870500564575,-12.9580507278442,-12.9580507278442,-8.55300045013428,-6.77595043182373,-6.77595043182373,-13.3509750366211,-14.9095373153687,-11.8443870544434,14.4188003540039,15.6373252868652,14.9063749313354,17.2145881652832,16.5081119537354,12.6689748764038,-29.7660007476807,-34.242000579834,-23.3920516967773,-25.687952041626,-21.2620506286621,-9.8830509185791,-7.75005054473877,-6.57900047302246,-3.94905018806458,-3.55808758735657,-2.74064993858337,-2.74064993858337,-0.13117499649525,-1.98934996128082,-1.98934996128082,2.96422505378723,1.30693745613098,1.30693745613098,-13.2469511032104,-7.38705015182495,-7.38705015182495,-3.72000026702881,-1.27995002269745,-1.27995002269745,-1.22895002365112,2.71005010604858,2.71005010604858,-1.09119999408722,0.91299998760223,4.21355009078979,-2.60108757019043,-2.77186250686646,-3.53636240959167,1.29607498645782,1.65866243839264,2.23519992828369,-2.88405013084412,2.35304999351501,6.95100021362305,-1.08795011043549,0.31395000219345,0.64200001955032,5.03805017471313,5.19105005264282,3.16305017471313,12.8936500549316,18.3202247619629,18.3202247619629,-7.69834995269775,-17.6507377624512,-17.6507377624512,-1.64326250553131,-7.47766256332397,-7.47766256332397,7.93305015563965,4.27905035018921,4.27905035018921,2.00999999046326,2.64000010490417,2.64000010490417,2.58300018310547,5.78505039215088,5.78505039215088,18.5248241424561,16.9097499847412,7.57748746871948,-20.3719997406006,-20.6986999511719,-16.8498001098633,-6.95901250839233,-6.77325010299683,-1.31614995002747,2.48505020141602,-1.10205006599426,-6.3139500617981,0.06300000101328,-1.08405005931854,-7.14495038986206,6.421950340271,-0.32295000553131,-5.52795028686523,SHAKE
-3.55808758735657,-2.74064993858337,-2.74064993858337,-0.13117499649525,-1.98934996128082,-1.98934996128082,2.96422505378723,1.30693745613098,1.30693745613098,-13.2469511032104,-7.38705015182495,-7.38705015182495,-3.72000026702881,-1.27995002269745,-1.27995002269745,-1.22895002365112,2.71005010604858,2.71005010604858,-1.09119999408722,0.91299998760223,4.21355009078979,-2.60108757019043,-2.77186250686646,-3.53636240959167,1.29607498645782,1.65866243839264,2.23519992828369,-2.88405013084412,2.35304999351501,6.95100021362305,-1.08795011043549,0.31395000219345,0.64200001955032,5.03805017471313,5.19105005264282,3.16305017471313,12.8936500549316,18.3202247619629,18.3202247619629,-7.69834995269775,-17.6507377624512,-17.6507377624512,-1.64326250553131,-7.47766256332397,-7.47766256332397,7.93305015563965,4.27905035018921,4.27905035018921,2.00999999046326,2.64000010490417,2.64000010490417,2.58300018310547,5.78505039215088,5.78505039215088,18.5248241424561,16.9097499847412,7.57748746871948,-20.3719997406006,-20.6986999511719,-16.8498001098633,-6.95901250839233,-6.77325010299683,-1.31614995002747,2.48505020141602,-1.10205006599426,-6.3139500617981,0.06300000101328,-1.08405005931854,-7.14495038986206,6.421950340271,-0.32295000553131,-5.52795028686523,-9.11789989471436,-11.7964000701904,-11.7964000701904,2.37709999084473,11.9996252059937,11.9996252059937,12.7131128311157,17.8758239746094,17.8758239746094,-16.8949508666992,-29.2339515686035,-29.2339515686035,-13.8150005340576,-25.1749515533447,-25.1749515533447,-6.59100008010864,-3.94695019721985,-3.94695019721985,-13.9132127761841,-14.3247499465942,-4.53048753738403,14.1538372039795,15.1566247940063,6.03157520294189,17.719762802124,16.4553127288818,8.28932476043701,-37.5810012817383,-27.2700004577637,-15.3210010528564,-25.8700504302979,-12.4620008468628,-3.81405019760132,-5.14500045776367,-4.86900043487549,-2.02605009078979,-3.39336252212524,-1.91977500915527,-1.91977500915527,-1.01722502708435,-2.2818124294281,-2.2818124294281,2.19573760032654,1.74129998683929,1.74129998683929,-8.5620002746582,-2.24205017089844,-2.24205017089844,-1.83600008487701,-0.54000002145767,-0.54000002145767,3.26595020294189,6.80595016479492,6.80595016479492,0.27087500691414,4.52003765106201,15.5692625045776,-2.8969874382019,-4.308424949646,-10.5204000473022,1.5940375328064,1.96019995212555,-5.6585373878479,5.67705011367798,12.0430507659912,9.07605075836182,2.30895018577576,1.95705008506775,0.64695000648499,8.94705009460449,5.13600015640259,4.33905029296875,17.7106876373291,17.8927383422852,17.8927383422852,-18.1568756103516,-20.0766506195068,-20.0766506195068,-8.60914993286133,-7.81673765182495,-7.81673765182495,4.35795021057129,0.9709500670433,0.9709500670433,-0.04695000126958,-0.92805004119873,-0.92805004119873,8.03205013275146,1.932000041008,1.932000041008,15.0446996688843,-0.64625000953674,-11.3431997299194,-19.74169921875,-14.4064245223999,7.1346001625061,-7.05704975128174,5.4381251335144,19.0025005340576,-6.17205047607422,-13.2300004959106,-22.453950881958,-4.3840503692627,-11.0110502243042,-15.7939510345459,-4.8139500617981,-10.2030000686646,-4.01894998550415,SHAKE
-13.9132127761841,-14.3247499465942,-4.53048753738403,14.1538372039795,15.1566247940063,6.03157520294189,17.719762802124,16.4553127288818,8.28932476043701,-37.5810012817383,-27.2700004577637,-15.3210010528564,-25.8700504302979,-12.4620008468628,-3.81405019760132,-5.14500045776367,-4.86900043487549,-2.02605009078979,-3.39336252212524,-1.91977500915527,-1.91977500915527,-1.01722502708435,-2.2818124294281,-2.2818124294281,2.19573760032654,1.74129998683929,1.74129998683929,-8.5620002746582,-2.24205017089844,-2.24205017089844,-1.83600008487701,-0.54000002145767,-0.54000002145767,3.26595020294189,6.80595016479492,6.80595016479492,0.27087500691414,4.52003765106201,15.5692625045776,-2.8969874382019,-4.308424949646,-10.5204000473022,1.5940375328064,1.96019995212555,-5.6585373878479,5.67705011367798,12.0430507659912,9.07605075836182,2.30895018577576,1.95705008506775,0.64695000648499,8.94705009460449,5.13600015640259,4.33905029296875,17.7106876373291,17.8927383422852,17.8927383422852,-18.1568756103516,-20.0766506195068,-20.0766506195068,-8.60914993286133,-7.81673765182495,-7.81673765182495,4.35795021057129,0.9709500670433,0.9709500670433,-0.04695000126958,-0.92805004119873,-0.92805004119873,8.03205013275146,1.932000041008,1.932000041008,15.0446996688843,-0.64625000953674,-11.3431997299194,-19.74169921875,-14.4064245223999,7.1346001625061,-7.05704975128174,5.4381251335144,19.0025005340576,-6.17205047607422,-13.2300004959106,-22.453950881958,-4.3840503692627,-11.0110502243042,-15.7939510345459,-4.8139500617981,-10.2030000686646,-4.01894998550415,-13.2697124481201,-14.8689746856689,-14.8689746856689,10.6035871505737,12.1746625900269,12.1746625900269,20.7982501983643,20.2890872955322,20.2890872955322,-33.0419998168945,-31.7250022888184,-31.7250022888184,-26.4850521087646,-15.8869504928589,-15.8869504928589,-9.83595085144043,-5.5639500617981,-5.5639500617981,-11.1318626403809,-3.70356249809265,-2.87801241874695,13.3111000061035,-0.54436248540878,-2.32512497901917,15.4713621139526,4.61587476730347,1.79135000705719,-18.7650012969971,-10.5550508499146,-4.83105039596558,-6.01500034332275,-2.25495004653931,-0.62595003843307,-4.39695024490356,0.33705002069473,4.12305021286011,-1.25894999504089,1.33058750629425,1.33058750629425,-2.89932489395142,-3.61858749389648,-3.61858749389648,1.18772494792938,1.98261249065399,1.98261249065399,1.23000001907349,5.98095035552979,5.98095035552979,1.01295006275177,1.99305009841919,1.99305009841919,5.89095020294189,6.91800022125244,6.91800022125244,8.86833763122559,18.5168495178223,19.6490249633789,-5.84127473831177,-13.5398998260498,-18.4860496520996,1.36592495441437,-6.8144998550415,-7.13198757171631,6.81495046615601,2.9520001411438,0.84900003671646,-0.33405002951622,0.66600000858307,0.58995002508163,4.22100019454956,5.77095031738281,3.89100027084351,18.9608383178711,10.3668127059937,10.3668127059937,-19.364538192749,-15.2580995559692,-15.2580995559692,-7.01621246337891,-4.15428733825684,-4.15428733825684,-2.92695021629333,-10.8310508728027,-10.8310508728027,-1.57905006408691,-5.47800016403198,-5.47800016403198,-1.63095009326935,-7.26705026626587,-7.26705026626587,SHAKE
-14.8689746856689,-14.8689746856689,-11.1318626403809,12.1746625900269,12.1746625900269,13.3111000061035,20.2890872955322,20.2890872955322,15.4713621139526,-31.7250022888184,-31.7250022888184,-18.7650012969971,-15.8869504928589,-15.8869504928589,-6.01500034332275,-5.5639500617981,-5.5639500617981,-4.39695024490356,-3.70356249809265,-2.87801241874695,-1.25894999504089,-0.54436248540878,-2.32512497901917,-2.89932489395142,4.61587476730347,1.79135000705719,1.18772494792938,-10.5550508499146,-4.83105039596558,1.23000001907349,-2.25495004653931,-0.62595003843307,1.01295006275177,0.33705002069473,4.12305021286011,5.89095020294189,1.33058750629425,1.33058750629425,8.86833763122559,-3.61858749389648,-3.61858749389648,-5.84127473831177,1.98261249065399,1.98261249065399,1.36592495441437,5.98095035552979,5.98095035552979,6.81495046615601,1.99305009841919,1.99305009841919,-0.33405002951622,6.91800022125244,6.91800022125244,4.22100019454956,18.5168495178223,19.6490249633789,18.9608383178711,-13.5398998260498,-18.4860496520996,-19.364538192749,-6.8144998550415,-7.13198757171631,-7.01621246337891,2.9520001411438,0.84900003671646,-2.92695021629333,0.66600000858307,0.58995002508163,-1.57905006408691,5.77095031738281,3.89100027084351,-1.63095009326935,10.3668127059937,10.3668127059937,-10.6500625610352,-15.2580995559692,-15.2580995559692,6.40254974365234,-4.15428733825684,-4.15428733825684,11.784987449646,-10.8310508728027,-10.8310508728027,-22.7790012359619,-5.47800016403198,-5.47800016403198,-13.9300508499146,-7.26705026626587,-7.26705026626587,-6.05700016021729,-14.4626626968384,-16.4990367889404,-16.0690746307373,14.1645622253418,16.534236907959,15.2414627075195,13.0447626113892,12.0306997299194,9.78601264953613,-29.859001159668,-30.412052154541,-21.4399509429932,-23.355001449585,-16.7809505462646,-7.96005058288574,-8.97705078125,-9.17100048065186,-7.01505041122437,-5.59281253814697,-5.59281253814697,-3.30481243133545,1.71641254425049,1.71641254425049,-1.09436249732971,1.74006247520447,1.74006247520447,0.41992500424385,-12.9000005722046,-12.9000005722046,-6.00705051422119,-3.93795013427734,-3.93795013427734,-3.42105007171631,-1.74600005149841,-1.74600005149841,2.22900009155273,-1.12832498550415,1.37335002422333,1.37335002422333,-1.55429995059967,-1.50314998626709,-1.50314998626709,0.08249999582767,0.19731250405312,0.19731250405312,0.64305001497269,7.18095016479492,7.18095016479492,-3.06705021858215,0.01695000007749,0.01695000007749,4.91595029830933,4.18095016479492,4.18095016479492,17.3351745605469,17.3351745605469,20.5662879943848,-10.0537252426147,-10.0537252426147,-18.4986991882324,-7.09994983673096,-7.09994983673096,-8.23680019378662,6.18705034255981,6.18705034255981,5.57400035858154,3.83700013160706,3.83700013160706,1.76295006275177,5.85495042800903,5.85495042800903,4.0420503616333,21.2133617401123,18.0761623382568,18.0761623382568,-20.8071880340576,-21.3897743225098,-21.3897743225098,-7.64197492599487,-7.57569980621338,-7.57569980621338,-0.46995002031326,-8.41394996643066,-8.41394996643066,-1.72995007038116,-6.02895021438599,-6.02895021438599,-0.96495002508163,-6.66795015335083,-6.66795015335083,SHAKE
-16.4990367889404,-16.0690746307373,-5.59281253814697,16.534236907959,15.2414627075195,1.71641254425049,12.0306997299194,9.78601264953613,1.74006247520447,-30.412052154541,-21.4399509429932,-12.9000005722046,-16.7809505462646,-7.96005058288574,-3.93795013427734,-9.17100048065186,-7.01505041122437,-1.74600005149841,-5.59281253814697,-3.30481243133545,-1.12832498550415,1.71641254425049,-1.09436249732971,-1.55429995059967,1.74006247520447,0.41992500424385,0.08249999582767,-12.9000005722046,-6.00705051422119,0.64305001497269,-3.93795013427734,-3.42105007171631,-3.06705021858215,-1.74600005149841,2.22900009155273,4.91595029830933,1.37335002422333,1.37335002422333,17.3351745605469,-1.50314998626709,-1.50314998626709,-10.0537252426147,0.19731250405312,0.19731250405312,-7.09994983673096,7.18095016479492,7.18095016479492,6.18705034255981,0.01695000007749,0.01695000007749,3.83700013160706,4.18095016479492,4.18095016479492,5.85495042800903,17.3351745605469,20.5662879943848,21.2133617401123,-10.0537252426147,-18.4986991882324,-20.8071880340576,-7.09994983673096,-8.23680019378662,-7.64197492599487,6.18705034255981,5.57400035858154,-0.46995002031326,3.83700013160706,1.76295006275177,-1.72995007038116,5.85495042800903,4.0420503616333,-0.96495002508163,18.0761623382568,18.0761623382568,-11.9160251617432,-21.3897743225098,-21.3897743225098,7.33548736572266,-7.57569980621338,-7.57569980621338,17.2508869171143,-8.41394996643066,-8.41394996643066,-30.1819515228271,-6.02895021438599,-6.02895021438599,-23.1060009002686,-6.66795015335083,-6.66795015335083,-10.5480003356934,-11.9160251617432,-14.8818998336792,-16.483362197876,7.33548736572266,9.46921253204346,10.6926870346069,17.2508869171143,17.0746116638184,17.2177505493164,-30.1819515228271,-33.2740516662598,-23.8999519348145,-23.1060009002686,-19.1370010375977,-9.77700042724609,-10.5480003356934,-9.41205024719238,-7.6230001449585,-6.9577751159668,-3.28734993934631,-1.66361248493195,4.13352489471436,-2.29858756065369,-2.51226258277893,10.5802125930786,1.32151246070862,0.84700000286102,-14.1690006256104,-6.8860502243042,-0.45795002579689,-4.13505029678345,-2.68095016479492,-1.46205008029938,-1.58100008964539,2.53800010681152,5.35905027389526,0.83091247081757,4.76547479629517,4.76547479629517,-2.59517502784729,-3.08838748931885,-3.08838748931885,0.9706124663353,1.18937504291534,1.18937504291534,5.24595022201538,7.19595050811768,7.19595050811768,0.08400000631809,2.1889500617981,2.1889500617981,5.92695045471191,3.07395005226135,3.07395005226135,16.0311241149902,20.5163745880127,21.4721374511719,-7.63234996795654,-16.9379367828369,-20.1526870727539,-4.06697511672974,-8.39327526092529,-8.33937454223633,4.49700021743774,4.37700033187866,1.99905014038086,2.50800013542175,2.53200006484985,0.98505002260208,5.72505044937134,4.10595035552979,1.01400005817413,19.3190250396729,2.30491256713867,2.30491256713867,-20.5027618408203,-13.2165002822876,-13.2165002822876,-8.13972473144531,1.63363754749298,1.63363754749298,-4.38300037384033,-15.1990509033203,-15.1990509033203,-3.57405018806458,-11.3770503997803,-11.3770503997803,-3.6499502658844,-7.48695039749146,-7.48695039749146,SHAKE
-14.8818998336792,-16.483362197876,-6.9577751159668,9.46921253204346,10.6926870346069,4.13352489471436,17.0746116638184,17.2177505493164,10.5802125930786,-33.2740516662598,-23.8999519348145,-14.1690006256104,-19.1370010375977,-9.77700042724609,-4.13505029678345,-9.41205024719238,-7.6230001449585,-1.58100008964539,-3.28734993934631,-1.66361248493195,0.83091247081757,-2.29858756065369,-2.51226258277893,-2.59517502784729,1.32151246070862,0.84700000286102,0.9706124663353,-6.8860502243042,-0.45795002579689,5.24595022201538,-2.68095016479492,-1.46205008029938,0.08400000631809,2.53800010681152,5.35905027389526,5.92695045471191,4.76547479629517,4.76547479629517,16.0311241149902,-3.08838748931885,-3.08838748931885,-7.63234996795654,1.18937504291534,1.18937504291534,-4.06697511672974,7.19595050811768,7.19595050811768,4.49700021743774,2.1889500617981,2.1889500617981,2.50800013542175,3.07395005226135,3.07395005226135,5.72505044937134,20.5163745880127,21.4721374511719,19.3190250396729,-16.9379367828369,-20.1526870727539,-20.5027618408203,-8.39327526092529,-8.33937454223633,-8.13972473144531,4.37700033187866,1.99905014038086,-4.38300037384033,2.53200006484985,0.98505002260208,-3.57405018806458,4.10595035552979,1.01400005817413,-3.6499502658844,2.30491256713867,2.30491256713867,-10.7523622512817,-13.2165002822876,-13.2165002822876,6.57717514038086,1.63363754749298,1.63363754749298,14.1902751922607,-15.1990509033203,-15.1990509033203,-25.0380020141602,-11.3770503997803,-11.3770503997803,-19.992000579834,-7.48695039749146,-7.48695039749146,-7.30500030517578,-14.3603620529175,-16.4901008605957,-11.8707876205444,10.8517751693726,11.9831247329712,9.11212539672852,14.1919250488281,13.9451122283936,9.37571239471436,-30.2089519500732,-27.4999504089355,-18.7080001831055,-22.3390502929688,-14.4880504608154,-7.61205053329468,-9.39795017242432,-8.01600074768066,-4.31595039367676,-4.36149978637695,-4.36149978637695,-2.89767503738403,-1.57643747329712,-1.57643747329712,-2.60864996910095,1.01516246795654,1.01516246795654,0.59785002470017,-11.4250507354736,-11.4250507354736,-3.86595010757446,-4.36199998855591,-4.36199998855591,-3.04500007629395,-0.17505000531673,-0.17505000531673,2.85900020599365,-1.22072494029999,1.17438745498657,5.35287475585938,-2.53247499465942,-2.22254991531372,-2.27686238288879,0.5429875254631,0.84589999914169,0.16403749585152,-1.65000009536743,2.20005011558533,5.59800004959106,-3.15000009536743,-2.11094999313354,0.82200002670288,3.46695017814636,3.7020001411438,3.71400022506714,13.706000328064,13.706000328064,20.4037628173828,-4.97529983520508,-4.97529983520508,-12.5804252624512,-4.0818247795105,-4.0818247795105,-9.98923778533936,4.70504999160767,4.70504999160767,3.54300022125244,4.13205003738403,4.13205003738403,4.30395030975342,4.3289999961853,4.3289999961853,4.90200042724609,22.206111907959,20.0925998687744,11.768349647522,-16.64794921875,-17.0420246124268,-12.2953872680664,-10.9663124084473,-10.2953128814697,-6.21390008926392,3.40395021438599,-1.89000010490417,-10.7869501113892,2.66400003433228,-1.75695013999939,-7.57395029067993,3.5220000743866,0.21000000834465,-6.59805011749268,SHAKE
-17.0783252716064,-18.2818622589111,-5.70996236801147,19.5657005310059,17.7768249511719,1.54151248931885,6.73915004730225,6.89466238021851,-0.62809997797012,-29.7940521240234,-21.6270008087158,-12.3850507736206,-18.2320499420166,-10.077000617981,-5.25105047225952,-10.2120008468628,-6.5029501914978,-1.03694999217987,-3.16621255874634,-3.16621255874634,-1.369225025177,-1.31161248683929,-1.31161248683929,-1.92926251888275,0.08195000141859,0.08195000141859,0.37372499704361,-5.63595008850098,-5.63595008850098,-0.28305000066757,-3.1429500579834,-3.1429500579834,-1.48395001888275,3.06705021858215,3.06705021858215,5.43795013427734,0.83228749036789,5.16463756561279,17.9914627075195,-2.01712489128113,-2.84006237983704,-7.87269973754883,0.75652498006821,0.98601251840591,-5.52846240997314,4.54200029373169,7.19595050811768,5.75205039978027,0.49905002117157,3.86805009841919,4.56300020217896,4.85595035552979,4.11405038833618,4.47795009613037,22.5449123382568,22.5449123382568,23.4602489471436,-16.6020240783691,-16.6020240783691,-18.9374618530273,-9.02082538604736,-9.02082538604736,-9.05093765258789,4.37400007247925,4.37400007247925,2.92995023727417,2.88195013999939,2.88195013999939,1.40595006942749,5.20800018310547,5.20800018310547,2.64795017242432,22.4353256225586,13.4303121566772,-10.7450752258301,-18.7233753204346,-14.9198503494263,7.37453746795654,-9.19159984588623,-6.33984994888306,12.3050127029419,-3.31695008277893,-14.7559509277344,-26.8270511627197,-2.58300018310547,-11.9710502624512,-23.3449516296387,-1.31505000591278,-7.42500019073486,-7.87695026397705,-15.4189748764038,-15.4189748764038,-17.7556495666504,13.8879127502441,13.8879127502441,15.2580995559692,13.1191501617432,13.1191501617432,13.241250038147,-30.7279510498047,-30.7279510498047,-28.9180507659912,-24.5500507354736,-24.5500507354736,-15.5370006561279,-9.76200008392334,-9.76200008392334,-9.89100074768066,-17.7154998779297,-4.89554977416992,-2.76993751525879,13.8613748550415,0.64666247367859,-1.47179996967316,11.9347248077393,1.70417499542236,1.00361251831055,-18.5380516052246,-10.4380502700806,-3.8779501914978,-6.97995042800903,-3.96495008468628,-2.10900020599365,-4.84995031356812,0.64095002412796,4.58100032806396,-1.06397497653961,-1.06397497653961,1.19102501869202,-2.09439992904663,-2.09439992904663,-2.77309989929199,0.8622624874115,0.8622624874115,1.4166624546051,2.58495020866394,2.58495020866394,6.87495040893555,-0.03705000132322,-0.03705000132322,2.7240002155304,6.22395038604736,6.22395038604736,5.12895011901855,8.89459991455078,20.7794132232666,22.6620616912842,-5.4140625,-13.6817998886108,-18.8153629302979,1.14578747749329,-8.64572525024414,-9.07348728179932,6.21405029296875,5.11200046539307,4.34295034408569,4.18200016021729,3.59295010566711,2.62095022201538,5.93595027923584,6.44205045700073,3.40695023536682,22.6362133026123,22.6362133026123,14.8193378448486,-19.9744873046875,-19.9744873046875,-17.0687007904053,-9.31301212310791,-9.31301212310791,-7.95162487030029,-0.07005000114441,-0.07005000114441,-10.4640007019043,-1.53600001335144,-1.53600001335144,-10.3279504776001,-0.40500003099442,-0.40500003099442,-6.11895036697388,SHAKE
-15.4189748764038,-17.7556495666504,-17.7154998779297,13.8879127502441,15.2580995559692,13.8613748550415,13.1191501617432,13.241250038147,11.9347248077393,-30.7279510498047,-28.9180507659912,-18.5380516052246,-24.5500507354736,-15.5370006561279,-6.97995042800903,-9.76200008392334,-9.89100074768066,-4.84995031356812,-4.89554977416992,-2.76993751525879,-1.06397497653961,0.64666247367859,-1.47179996967316,-2.09439992904663,1.70417499542236,1.00361251831055,0.8622624874115,-10.4380502700806,-3.8779501914978,2.58495020866394,-3.96495008468628,-2.10900020599365,-0.03705000132322,0.64095002412796,4.58100032806396,6.22395038604736,-1.06397497653961,1.19102501869202,8.89459991455078,-2.09439992904663,-2.77309989929199,-5.4140625,0.8622624874115,1.4166624546051,1.14578747749329,2.58495020866394,6.87495040893555,6.21405029296875,-0.03705000132322,2.7240002155304,4.18200016021729,6.22395038604736,5.12895011901855,5.93595027923584,20.7794132232666,22.6620616912842,22.6362133026123,-13.6817998886108,-18.8153629302979,-19.9744873046875,-8.64572525024414,-9.07348728179932,-9.31301212310791,5.11200046539307,4.34295034408569,-0.07005000114441,3.59295010566711,2.62095022201538,-1.53600001335144,6.44205045700073,3.40695023536682,-0.40500003099442,22.6362133026123,14.8193378448486,-10.0036745071411,-19.9744873046875,-17.0687007904053,1.10934996604919,-9.31301212310791,-7.95162487030029,12.2293872833252,-0.07005000114441,-10.4640007019043,-22.0579509735107,-1.53600001335144,-10.3279504776001,-24.0210018157959,-0.40500003099442,-6.11895036697388,-6.28005027770996,-16.4488506317139,-19.3667373657227,-20.0188999176025,9.71643733978271,12.0015497207642,11.6543626785278,15.2501249313354,15.6407623291016,14.8681497573853,-28.7290515899658,-28.7550010681152,-22.2120018005371,-28.1140518188477,-17.8489513397217,-11.1450004577637,-8.81895065307617,-10.8040504455566,-6.29700040817261,-20.0188999176025,-7.97637510299683,-3.90018749237061,11.6543626785278,1.63514995574951,-1.95992493629456,14.8681497573853,4.5164623260498,1.69042503833771,-22.2120018005371,-12.9310503005981,-5.98995018005371,-11.1450004577637,-6.13005018234253,-3.44505023956299,-6.29700040817261,-0.90105003118515,3.83295011520386,-1.81376254558563,0.36849999427795,5.11334991455078,-2.66021251678467,-2.71053743362427,-3.33189988136292,1.10673749446869,1.53394997119904,1.97862493991852,-0.1489500105381,4.94700002670288,5.79900026321411,-1.27305006980896,1.55505001544952,5.21700048446655,6.33405017852783,5.27505016326904,4.15395021438599,20.8817119598389,25.4887866973877,26.6076240539551,-6.24882507324219,-14.4391498565674,-16.5151252746582,-6.12878751754761,-8.8956995010376,-8.74499988555908,4.34595012664795,3.39000010490417,0.90600001811981,5.050950050354,2.39100003242493,0.3979500234127,5.22300004959106,5.13105010986328,1.51005005836487,24.0013122558594,24.0013122558594,4.92579984664917,-16.2152366638184,-16.2152366638184,-6.07268762588501,-9.06427478790283,-9.06427478790283,1.122687458992,-4.48905038833618,-4.48905038833618,-14.871000289917,-3.54600024223328,-3.54600024223328,-13.8949508666992,-3.76005029678345,-3.76005029678345,-8.04705047607422,SHAKE
-15.1795873641968,-15.5655498504639,-15.5655498504639,12.0143375396729,5.82312488555908,5.82312488555908,7.65682506561279,6.14473724365234,6.14473724365234,-31.7650508880615,-17.5080013275146,-17.5080013275146,-23.9850006103516,-4.74300003051758,-4.74300003051758,-9.40500068664551,-3.47505021095276,-3.47505021095276,-3.8923499584198,-1.78516244888306,0.63414996862411,-1.04884994029999,-1.91097497940063,-2.1293249130249,1.41391253471375,1.54054999351501,1.62676250934601,-9.84105014801025,-3.34395027160645,2.16405010223389,-2.67900013923645,-2.53305006027222,-1.84800004959106,2.15895009040833,5.58900022506714,6.66195011138916,0.63414996862411,13.2985877990723,13.2985877990723,-2.1293249130249,-6.14803743362427,-6.14803743362427,1.62676250934601,0.31239998340607,0.31239998340607,2.16405010223389,7.95300054550171,7.95300054550171,-1.84800004959106,5.70105028152466,5.70105028152466,6.66195011138916,4.95900011062622,4.95900011062622,20.5482749938965,20.9522495269775,19.8525257110596,-16.2596492767334,-20.6186752319336,-21.2624492645264,-6.94732475280762,-6.56741237640381,-6.83306264877319,6.62100028991699,4.10595035552979,-0.75705003738403,3.39705014228821,0.11505000293255,-1.65405011177063,5.18400001525879,4.79400014877319,0.28200000524521,10.9077377319336,-6.06746244430542,-6.06746244430542,-18.2462501525879,-0.90530002117157,-0.90530002117157,-4.62343740463257,9.85379981994629,9.85379981994629,-7.61595058441162,-17.3710498809814,-17.3710498809814,-6.11295032501221,-16.1269512176514,-16.1269512176514,-5.84400033950806,-4.61295032501221,-4.61295032501221,-13.37806224823,-15.7463626861572,-17.4451751708984,12.4876127243042,14.5667495727539,15.3053998947144,14.4271869659424,15.1501626968384,15.6074876785278,-28.7980518341064,-36.2920532226562,-26.4289512634277,-28.7530517578125,-22.8730506896973,-10.4790000915527,-7.06500053405762,-8.89005088806152,-7.16805028915405,-9.45477485656738,-3.96728754043579,-3.96728754043579,8.00016212463379,-1.37403750419617,-1.37403750419617,8.5078125,3.06033754348755,3.06033754348755,-16.2960014343262,-8.23200035095215,-8.23200035095215,-3.53400015830994,-2.29995012283325,-2.29995012283325,-2.12400007247925,2.32200002670288,2.32200002670288,-2.57166242599487,-0.79309999942779,3.03228759765625,-2.37586259841919,-2.73982501029968,-3.81452488899231,1.80069994926453,1.65659999847412,1.9325624704361,-1.54305005073547,5.16495037078857,9.17400074005127,-1.52205002307892,-0.64995002746582,2.06295013427734,5.30595016479492,6.49395036697388,7.00695037841797,3.03228759765625,19.8342380523682,19.8342380523682,-3.81452488899231,-17.6199378967285,-17.6199378967285,1.9325624704361,-9.16533756256104,-9.16533756256104,9.17400074005127,5.54595041275024,5.54595041275024,2.06295013427734,2.29500007629395,2.29500007629395,7.00695037841797,6.57105016708374,6.57105016708374,20.7695121765137,18.8038120269775,4.30856227874756,-20.4730625152588,-20.6050624847412,-15.4719123840332,-9.04199981689453,-9.00377464294434,-0.48441249132156,4.15904998779297,-1.69800007343292,-11.9779500961304,0.73995006084442,-2.9800500869751,-12.6730508804321,2.01600003242493,-3.51600027084351,-6.86205053329468,SHAKE
-15.7463626861572,-17.4451751708984,-9.45477485656738,14.5667495727539,15.3053998947144,8.00016212463379,15.1501626968384,15.6074876785278,8.5078125,-36.2920532226562,-26.4289512634277,-16.2960014343262,-22.8730506896973,-10.4790000915527,-3.53400015830994,-8.89005088806152,-7.16805028915405,-2.12400007247925,-3.96728754043579,-3.96728754043579,-2.57166242599487,-1.37403750419617,-1.37403750419617,-2.37586259841919,3.06033754348755,3.06033754348755,1.80069994926453,-8.23200035095215,-8.23200035095215,-1.54305005073547,-2.29995012283325,-2.29995012283325,-1.52205002307892,2.32200002670288,2.32200002670288,5.30595016479492,-0.79309999942779,3.03228759765625,3.03228759765625,-2.73982501029968,-3.81452488899231,-3.81452488899231,1.65659999847412,1.9325624704361,1.9325624704361,5.16495037078857,9.17400074005127,9.17400074005127,-0.64995002746582,2.06295013427734,2.06295013427734,6.49395036697388,7.00695037841797,7.00695037841797,19.8342380523682,19.8342380523682,20.7695121765137,-17.6199378967285,-17.6199378967285,-20.4730625152588,-9.16533756256104,-9.16533756256104,-9.04199981689453,5.54595041275024,5.54595041275024,4.15904998779297,2.29500007629395,2.29500007629395,0.73995006084442,6.57105016708374,6.57105016708374,2.01600003242493,18.8038120269775,4.30856227874756,4.30856227874756,-20.6050624847412,-15.4719123840332,-15.4719123840332,-9.00377464294434,-0.48441249132156,-0.48441249132156,-1.69800007343292,-11.9779500961304,-24.2040004730225,-2.9800500869751,-12.6730508804321,-25.5340518951416,-3.51600027084351,-6.86205053329468,-4.76895046234131,-15.7946252822876,-15.7946252822876,-18.33713722229,10.7263746261597,10.7263746261597,12.2640371322632,17.3625373840332,17.3625373840332,17.9081382751465,-33.5279998779297,-33.5279998779297,-29.7660007476807,-27.5700016021729,-27.5700016021729,-14.5339508056641,-8.84505081176758,-8.84505081176758,-8.94300079345703,-17.8231620788574,-6.49797487258911,-3.89001250267029,12.0679626464844,0.17201249301434,-2.78795003890991,16.1243495941162,5.68218755722046,2.28029990196228,-20.1589508056641,-12.3829507827759,-6.28005027770996,-7.2049503326416,-4.24500036239624,-3.34395027160645,-5.42505025863647,0.0949500054121,3.09300017356873,-2.19037508964539,-2.19037508964539,0.16499999165535,-3.03833746910095,-3.03833746910095,-2.98732495307922,1.53945004940033,1.53945004940033,1.85281252861023,-0.99405002593994,-0.99405002593994,3.76800012588501,-2.37000012397766,-2.37000012397766,-1.69395005702972,4.90395021438599,4.90395021438599,5.56305027008057,5.85832500457764,17.733512878418,17.733512878418,-3.1663498878479,-5.81171226501465,-5.81171226501465,0.86391252279282,-6.63355016708374,-6.63355016708374,6.6540002822876,4.78200006484985,4.78200006484985,1.5330001115799,4.57200002670288,4.57200002670288,4.75305032730103,5.43300008773804,5.43300008773804,22.5955123901367,24.0961875915527,20.814474105835,-12.7832374572754,-15.5632123947144,-15.9152126312256,-11.6536750793457,-12.6154870986938,-11.8977375030518,3.60300016403198,2.57100009918213,-2.73300004005432,3.50205016136169,2.75895023345947,-1.16505002975464,6.01800012588501,2.08004999160767,-2.61105012893677,SHAKE
-18.33713722229,-17.8231620788574,-6.49797487258911,12.2640371322632,12.0679626464844,0.17201249301434,17.9081382751465,16.1243495941162,5.68218755722046,-29.7660007476807,-20.1589508056641,-12.3829507827759,-14.5339508056641,-7.2049503326416,-4.24500036239624,-8.94300079345703,-5.42505025863647,0.0949500054121,-3.89001250267029,-2.19037508964539,-2.19037508964539,-2.78795003890991,-3.03833746910095,-3.03833746910095,2.28029990196228,1.53945004940033,1.53945004940033,-6.28005027770996,-0.99405002593994,-0.99405002593994,-3.34395027160645,-2.37000012397766,-2.37000012397766,3.09300017356873,4.90395021438599,4.90395021438599,0.16499999165535,5.85832500457764,17.733512878418,-2.98732495307922,-3.1663498878479,-5.81171226501465,1.85281252861023,0.86391252279282,-6.63355016708374,3.76800012588501,6.6540002822876,4.78200006484985,-1.69395005702972,1.5330001115799,4.57200002670288,5.56305027008057,4.75305032730103,5.43300008773804,17.733512878418,22.5955123901367,24.0961875915527,-5.81171226501465,-12.7832374572754,-15.5632123947144,-6.63355016708374,-11.6536750793457,-12.6154870986938,4.78200006484985,3.60300016403198,2.57100009918213,4.57200002670288,3.50205016136169,2.75895023345947,5.43300008773804,6.01800012588501,2.08004999160767,20.814474105835,7.6573748588562,-10.5341501235962,-15.9152126312256,-9.7180871963501,8.61066246032715,-11.8977375030518,-3.53292489051819,9.39124965667725,-2.73300004005432,-13.7689504623413,-25.9720516204834,-1.16505002975464,-12.6280508041382,-26.707950592041,-2.61105012893677,-6.14100027084351,-6.32805013656616,-10.5341501235962,-19.0946254730225,-19.0946254730225,8.61066246032715,15.0596876144409,15.0596876144409,9.39124965667725,10.3823499679565,10.3823499679565,-25.9720516204834,-28.1700019836426,-28.1700019836426,-26.707950592041,-12.9840002059937,-12.9840002059937,-6.32805013656616,-10.7389507293701,-10.7389507293701,-18.8706378936768,-6.01397514343262,-3.17006254196167,11.7554244995117,0.22783750295639,-1.79904997348785,9.43854999542236,1.03358745574951,0.86707496643066,-19.7380504608154,-11.5039501190186,-4.71105003356934,-7.68195056915283,-3.97005009651184,-3.16995024681091,-5.86500024795532,0.15705001354217,3.24705004692078,-3.17006254196167,2.29941248893738,2.29941248893738,-1.79904997348785,-2.07253742218018,-2.07253742218018,0.86707496643066,1.39754998683929,1.39754998683929,-4.71105003356934,7.16205024719238,7.16205024719238,-3.16995024681091,-0.01305000018328,-0.01305000018328,3.24705004692078,6.7819504737854,6.7819504737854,10.3127746582031,21.3599376678467,23.2542743682861,-3.58201241493225,-11.3073120117188,-16.6427249908447,0.12746250629425,-8.20352458953857,-8.4588623046875,8.90805053710938,6.10605049133301,5.56005048751831,6.40005016326904,4.98195028305054,0.98700004816055,7.14600038528442,8.27400016784668,6.27195024490356,22.4753379821777,15.4424877166748,-1.17768752574921,-17.7116508483887,-16.1833381652832,-3.25366258621216,-7.95547485351562,-6.16371250152588,6.46538734436035,0.52095001935959,-7.18095016479492,-17.4790515899658,-1.6800000667572,-6.17805051803589,-15.5850009918213,1.19595003128052,-6.046950340271,-7.25895023345947,SHAKE
-19.0946254730225,-19.0946254730225,-18.8706378936768,15.0596876144409,15.0596876144409,11.7554244995117,10.3823499679565,10.3823499679565,9.43854999542236,-28.1700019836426,-28.1700019836426,-19.7380504608154,-12.9840002059937,-12.9840002059937,-7.68195056915283,-10.7389507293701,-10.7389507293701,-5.86500024795532,-6.01397514343262,-3.17006254196167,-3.17006254196167,0.22783750295639,-1.79904997348785,-1.79904997348785,1.03358745574951,0.86707496643066,0.86707496643066,-11.5039501190186,-4.71105003356934,-4.71105003356934,-3.97005009651184,-3.16995024681091,-3.16995024681091,0.15705001354217,3.24705004692078,3.24705004692078,2.29941248893738,2.29941248893738,10.3127746582031,-2.07253742218018,-2.07253742218018,-3.58201241493225,1.39754998683929,1.39754998683929,0.12746250629425,7.16205024719238,7.16205024719238,8.90805053710938,-0.01305000018328,-0.01305000018328,6.40005016326904,6.7819504737854,6.7819504737854,7.14600038528442,21.3599376678467,23.2542743682861,22.4753379821777,-11.3073120117188,-16.6427249908447,-17.7116508483887,-8.20352458953857,-8.4588623046875,-7.95547485351562,6.10605049133301,5.56005048751831,0.52095001935959,4.98195028305054,0.98700004816055,-1.6800000667572,8.27400016784668,6.27195024490356,1.19595003128052,15.4424877166748,-1.17768752574921,-1.17768752574921,-16.1833381652832,-3.25366258621216,-3.25366258621216,-6.16371250152588,6.46538734436035,6.46538734436035,-7.18095016479492,-17.4790515899658,-17.4790515899658,-6.17805051803589,-15.5850009918213,-15.5850009918213,-6.046950340271,-7.25895023345947,-7.25895023345947,-14.0516748428345,-17.2814121246338,-17.2814121246338,12.1155376434326,14.5088624954224,14.5088624954224,12.4682245254517,12.367712020874,12.367712020874,-25.6099510192871,-32.6970024108887,-32.6970024108887,-26.0539512634277,-23.4240016937256,-23.4240016937256,-10.6890001296997,-10.3579502105713,-10.3579502105713,-19.2623748779297,-19.2623748779297,-15.0282001495361,14.7636499404907,14.7636499404907,9.3329496383667,12.5035619735718,12.5035619735718,8.37581253051758,-25.7590503692627,-25.7590503692627,-16.0799999237061,-12.5890502929688,-12.5890502929688,-4.75500011444092,-8.4859504699707,-8.4859504699707,-3.60900020599365,-4.96691226959229,-2.87113738059998,-0.80616247653961,-1.21879994869232,-2.51349997520447,-2.67135000228882,2.25871253013611,1.50053751468658,1.58537495136261,-8.74695014953613,-3.35805010795593,1.83795011043549,-2.33895015716553,-1.08405005931854,-0.33195000886917,1.17300009727478,4.08704996109009,4.83495044708252,2.19573760032654,2.19573760032654,20.8360614776611,-2.81159996986389,-2.81159996986389,-14.4590873718262,2.22021245956421,2.22021245956421,-7.55961227416992,6.37905025482178,6.37905025482178,4.27905035018921,0.14400000870228,0.14400000870228,2.07000017166138,4.01100015640259,4.01100015640259,6.91800022125244,20.8360614776611,22.0801620483398,21.1810493469238,-14.4590873718262,-19.094762802124,-20.2056255340576,-7.55961227416992,-7.76311254501343,-7.73189973831177,4.27905035018921,3.37995004653931,-1.59495007991791,2.07000017166138,1.11405003070831,-1.89495003223419,6.91800022125244,3.79005026817322,-1.22100007534027,SHAKE
-17.2814121246338,-19.2623748779297,-19.2623748779297,14.5088624954224,14.7636499404907,14.7636499404907,12.367712020874,12.5035619735718,12.5035619735718,-32.6970024108887,-25.7590503692627,-25.7590503692627,-23.4240016937256,-12.5890502929688,-12.5890502929688,-10.3579502105713,-8.4859504699707,-8.4859504699707,-15.0282001495361,-4.96691226959229,-2.87113738059998,9.3329496383667,-1.21879994869232,-2.51349997520447,8.37581253051758,2.25871253013611,1.50053751468658,-16.0799999237061,-8.74695014953613,-3.35805010795593,-4.75500011444092,-2.33895015716553,-1.08405005931854,-3.60900020599365,1.17300009727478,4.08704996109009,-0.80616247653961,2.19573760032654,2.19573760032654,-2.67135000228882,-2.81159996986389,-2.81159996986389,1.58537495136261,2.22021245956421,2.22021245956421,1.83795011043549,6.37905025482178,6.37905025482178,-0.33195000886917,0.14400000870228,0.14400000870228,4.83495044708252,4.01100015640259,4.01100015640259,20.8360614776611,20.8360614776611,22.0801620483398,-14.4590873718262,-14.4590873718262,-19.094762802124,-7.55961227416992,-7.55961227416992,-7.76311254501343,4.27905035018921,4.27905035018921,3.37995004653931,2.07000017166138,2.07000017166138,1.11405003070831,6.91800022125244,6.91800022125244,3.79005026817322,21.1810493469238,11.451000213623,11.451000213623,-20.2056255340576,-17.3934745788574,-17.3934745788574,-7.73189973831177,-4.9073748588562,-4.9073748588562,-1.59495007991791,-9.46995067596436,-9.46995067596436,-1.89495003223419,-8.49600028991699,-8.49600028991699,-1.22100007534027,-6.51900053024292,-6.51900053024292,-15.7080001831055,-15.7080001831055,-18.3708248138428,11.1659622192383,11.1659622192383,13.106912612915,15.412787437439,15.412787437439,15.5113744735718,-27.5359516143799,-27.5359516143799,-29.0490016937256,-26.0110511779785,-26.0110511779785,-15.9660005569458,-8.22495079040527,-8.22495079040527,-8.67000007629395,-18.4529132843018,-7.54077482223511,-5.70033740997314,12.8268251419067,1.16063749790192,-1.43426251411438,13.9628496170044,4.79558753967285,2.6399998664856,-21.9169502258301,-14.4930009841919,-8.21805000305176,-8.79104995727539,-4.16400003433228,-2.22405004501343,-6.61695051193237,-1.6189501285553,1.89795005321503,-4.05418729782104,-3.28570008277893,-1.5332624912262,-2.88351249694824,-3.19219994544983,-3.40216255187988,1.552649974823,1.37087500095367,2.14706254005432,-2.81400012969971,-2.81400012969971,1.4760000705719,-0.37500002980232,-0.37500002980232,1.00394999980927,4.60200023651123,4.60200023651123,4.01100015640259,1.4609375,10.9521503448486,10.9521503448486,-3.79733753204346,-6.53221225738525,-6.53221225738525,2.86673736572266,-0.11453749984503,-0.11453749984503,5.05200004577637,6.10605049133301,6.10605049133301,-0.37500002980232,0.54195004701614,0.54195004701614,3.58905005455017,4.86795043945312,4.86795043945312,21.6567993164062,21.6567993164062,20.7693748474121,-18.9958992004395,-18.9958992004395,-19.5905876159668,-11.7477245330811,-11.7477245330811,-11.6527128219604,4.22805023193359,4.22805023193359,-0.99195003509521,1.8469500541687,1.8469500541687,-1.24905002117157,4.20900011062622,4.20900011062622,1.06005001068115,SHAKE
-18.3708248138428,-18.4529132843018,-7.54077482223511,13.106912612915,12.8268251419067,1.16063749790192,15.5113744735718,13.9628496170044,4.79558753967285,-29.0490016937256,-21.9169502258301,-14.4930009841919,-15.9660005569458,-8.79104995727539,-4.16400003433228,-8.67000007629395,-6.61695051193237,-1.6189501285553,-5.70033740997314,-4.05418729782104,-3.28570008277893,-1.43426251411438,-2.88351249694824,-3.19219994544983,2.6399998664856,1.552649974823,1.37087500095367,-8.21805000305176,-2.81400012969971,-2.81400012969971,-2.22405004501343,-0.37500002980232,-0.37500002980232,1.89795005321503,4.60200023651123,4.60200023651123,-1.5332624912262,1.4609375,10.9521503448486,-3.40216255187988,-3.79733753204346,-6.53221225738525,2.14706254005432,2.86673736572266,-0.11453749984503,1.4760000705719,5.05200004577637,6.10605049133301,1.00394999980927,-0.37500002980232,0.54195004701614,4.01100015640259,3.58905005455017,4.86795043945312,10.9521503448486,21.6567993164062,21.6567993164062,-6.53221225738525,-18.9958992004395,-18.9958992004395,-0.11453749984503,-11.7477245330811,-11.7477245330811,6.10605049133301,4.22805023193359,4.22805023193359,0.54195004701614,1.8469500541687,1.8469500541687,4.86795043945312,4.20900011062622,4.20900011062622,20.7693748474121,9.4901123046875,-8.42173767089844,-19.5905876159668,-14.197699546814,5.4331750869751,-11.6527128219604,-5.7279748916626,12.6535749435425,-0.99195003509521,-12.667950630188,-25.5360012054443,-1.24905002117157,-9.61905002593994,-16.2580509185791,1.06005001068115,-4.39499998092651,-4.96005010604858,-13.7219495773315,-16.4818496704102,-16.4818496704102,14.5689496994019,16.9874382019043,16.9874382019043,15.6066627502441,15.3309745788574,15.3309745788574,-31.9930515289307,-34.3879508972168,-34.3879508972168,-22.4569511413574,-16.4359512329102,-16.4359512329102,-7.95195055007935,-8.11905002593994,-8.11905002593994,-15.8313369750977,-7.81398725509644,-4.96897506713867,14.9547748565674,3.28693747520447,-1.00127494335175,12.6152124404907,3.93827486038208,1.47056245803833,-23.9410514831543,-14.3820009231567,-6.39495038986206,-7.12905025482178,-2.60895013809204,-2.54700016975403,-6.43800020217896,-0.96795004606247,3.74505019187927,-4.96897506713867,0.62878751754761,0.62878751754761,-1.00127494335175,-2.09439992904663,-2.09439992904663,1.47056245803833,0.79846251010895,0.79846251010895,-6.39495038986206,8.6419506072998,8.6419506072998,-2.54700016975403,-0.91395002603531,-0.91395002603531,3.74505019187927,5.50500011444092,5.50500011444092,6.18626260757446,17.5337257385254,20.1081371307373,-2.88474988937378,-10.4623746871948,-18.4856376647949,0.27252501249313,-8.78941249847412,-10.5930004119873,9.92400074005127,7.10700035095215,5.45505046844482,2.62305021286011,2.7240002155304,1.91400003433228,3.7300500869751,5.87400007247925,2.99805021286011,19.7889995574951,14.5982370376587,14.5982370376587,-20.7121753692627,-21.0567493438721,-21.0567493438721,-9.8351001739502,-7.50213766098022,-7.50213766098022,-1.10400009155273,-11.752950668335,-11.752950668335,-2.61600017547607,-9.2629508972168,-9.2629508972168,-0.76905006170273,-6.83100032806396,-6.83100032806396,SHAKE
-12.0654878616333,-14.871862411499,-14.871862411499,7.72296237945557,10.1591873168945,10.1591873168945,19.4485492706299,19.5379257202148,19.5379257202148,-30.2610015869141,-30.8050518035889,-30.8050518035889,-19.0489501953125,-14.1079502105713,-14.1079502105713,-10.0759506225586,-7.97295045852661,-7.97295045852661,-5.48061227798462,-5.48061227798462,-3.81480002403259,0.85277497768402,0.85277497768402,-2.3570249080658,8.50148773193359,8.50148773193359,1.87247502803802,-12.6340503692627,-12.6340503692627,-6.12705039978027,-2.54205012321472,-2.54205012321472,-1.75905013084412,-0.31095001101494,-0.31095001101494,3.05295014381409,-1.98164999485016,0.77233749628067,6.15119981765747,-2.69348740577698,-2.63106250762939,-3.35376238822937,1.13121247291565,1.09504997730255,0.1363999992609,0.32700002193451,6.04395008087158,7.29600048065186,-1.63200008869171,-2.17305016517639,0.40500003099442,4.66695022583008,4.19295024871826,4.15200042724609,16.2643241882324,16.2643241882324,19.6396751403809,-8.8769998550415,-8.8769998550415,-17.172924041748,-6.88049983978271,-6.88049983978271,-10.4274501800537,4.34295034408569,4.34295034408569,4.21395015716553,2.56305003166199,2.56305003166199,2.59200000762939,5.45205020904541,5.45205020904541,2.83200001716614,0.00384999997914,16.5853881835938,16.5853881835938,0.00206249998882,-19.6105251312256,-19.6105251312256,-0.00206249998882,-9.4220495223999,-9.4220495223999,0.1710000038147,-7.12800025939941,-7.12800025939941,-0.58500003814697,-6.01200008392334,-6.01200008392334,-0.3570000231266,-4.03095006942749,-4.03095006942749,-12.5478372573853,-12.5478372573853,-16.6590881347656,6.16948747634888,6.16948747634888,11.9486122131348,15.6631746292114,15.6631746292114,17.1388244628906,-29.3749523162842,-29.3749523162842,-32.7400512695312,-21.3139514923096,-21.3139514923096,-19.4680500030518,-7.33395051956177,-7.33395051956177,-6.28500032424927,-17.6980381011963,-10.0113744735718,-5.48899984359741,12.5941753387451,4.76244974136353,-2.44076251983643,16.1867752075195,9.66721248626709,1.43316245079041,-25.4860515594482,-16.1569499969482,-9.09195041656494,-11.7030010223389,-5.38305044174194,-3.35205006599426,-5.43705034255981,-1.65705013275146,2.12295007705688,-3.44313740730286,-0.42913749814034,-0.42913749814034,-2.87374997138977,-2.6449499130249,-2.6449499130249,0.48303750157356,0.45251250267029,0.45251250267029,-2.67600011825562,3.61005020141602,6.13200044631958,-2.55405020713806,-2.800950050354,-3.41205024719238,4.0489501953125,5.63895034790039,5.41200017929077,4.20475006103516,12.4121246337891,19.3435001373291,-2.2034375667572,-3.27552509307861,-9.8294620513916,-0.28861248493195,-4.64694976806641,-12.1213121414185,7.77495050430298,5.78295040130615,4.25205039978027,-1.88595008850098,2.74500012397766,4.14105033874512,4.83195018768311,4.36695003509521,4.49205017089844,21.1160125732422,19.0052490234375,6.37161254882812,-15.3351001739502,-17.4429740905762,-14.0138626098633,-13.3381872177124,-12.1646251678467,-3.44396257400513,3.3400502204895,-3.76995015144348,-17.3140506744385,1.99500012397766,-3.01905012130737,-12.0049505233765,0.31305000185966,-3.54495024681091,-6.4549503326416,SHAKE
-16.6590881347656,-17.6980381011963,-10.0113744735718,11.9486122131348,12.5941753387451,4.76244974136353,17.1388244628906,16.1867752075195,9.66721248626709,-32.7400512695312,-25.4860515594482,-16.1569499969482,-19.4680500030518,-11.7030010223389,-5.38305044174194,-6.28500032424927,-5.43705034255981,-1.65705013275146,-5.48899984359741,-3.44313740730286,-0.42913749814034,-2.44076251983643,-2.87374997138977,-2.6449499130249,1.43316245079041,0.48303750157356,0.45251250267029,-9.09195041656494,-2.67600011825562,3.61005020141602,-3.35205006599426,-2.55405020713806,-2.800950050354,2.12295007705688,4.0489501953125,5.63895034790039,-0.42913749814034,4.20475006103516,12.4121246337891,-2.6449499130249,-2.2034375667572,-3.27552509307861,0.45251250267029,-0.28861248493195,-4.64694976806641,6.13200044631958,7.77495050430298,5.78295040130615,-3.41205024719238,-1.88595008850098,2.74500012397766,5.41200017929077,4.83195018768311,4.36695003509521,19.3435001373291,21.1160125732422,19.0052490234375,-9.8294620513916,-15.3351001739502,-17.4429740905762,-12.1213121414185,-13.3381872177124,-12.1646251678467,4.25205039978027,3.3400502204895,-3.76995015144348,4.14105033874512,1.99500012397766,-3.01905012130737,4.49205017089844,0.31305000185966,-3.54495024681091,6.37161254882812,6.37161254882812,-13.3390121459961,-14.0138626098633,-14.0138626098633,9.12628746032715,-3.44396257400513,-3.44396257400513,16.6308994293213,-17.3140506744385,-17.3140506744385,-33.6790504455566,-12.0049505233765,-12.0049505233765,-20.110050201416,-6.4549503326416,-6.4549503326416,-9.27105045318604,-13.3390121459961,-15.8801498413086,-11.80588722229,9.12628746032715,11.2029495239258,8.96926212310791,16.6308994293213,16.2052001953125,11.7746753692627,-33.6790504455566,-26.3119506835938,-16.1760005950928,-20.110050201416,-11.0850009918213,-4.86495018005371,-9.27105045318604,-7.05795049667358,-2.51205015182495,-4.18274974822998,-4.18274974822998,-2.25651240348816,-1.79121243953705,-1.79121243953705,-2.42151260375977,1.03551244735718,1.03551244735718,0.38733750581741,-8.0910005569458,-8.0910005569458,-1.15694999694824,-2.23605012893677,-2.23605012893677,-1.75905013084412,2.30805015563965,2.30805015563965,5.09295034408569,0.34883749485016,4.2803750038147,13.4509372711182,-2.36046242713928,-2.43966245651245,-5.01256227493286,0.58079999685287,0.46364998817444,-3.49373745918274,4.81995010375977,7.41900014877319,4.64700031280518,-1.44000005722046,0.08895000070333,1.89705014228821,5.9239501953125,3.39000010490417,4.57305002212524,19.6000747680664,19.6000747680664,20.7153377532959,-13.8758125305176,-13.8758125305176,-18.7467498779297,-10.2345371246338,-10.2345371246338,-10.5861253738403,3.97005009651184,3.97005009651184,2.15895009040833,2.13705015182495,2.13705015182495,1.51200008392334,3.49995017051697,3.49995017051697,-0.26295000314713,18.7170505523682,4.24751234054565,-9.39881229400635,-20.4931373596191,-17.9184494018555,0.56374996900559,-10.1728000640869,-1.60778748989105,15.9084749221802,-3.41805005073547,-13.2589502334595,-24.8130016326904,-2.49195003509521,-10.4940004348755,-19.3669509887695,-3.62805008888245,-6.04995012283325,-6.01605033874512,SHAKE
-13.3390121459961,-15.8801498413086,-11.80588722229,9.12628746032715,11.2029495239258,8.96926212310791,16.6308994293213,16.2052001953125,11.7746753692627,-33.6790504455566,-26.3119506835938,-16.1760005950928,-20.110050201416,-11.0850009918213,-4.86495018005371,-9.27105045318604,-7.05795049667358,-2.51205015182495,-4.18274974822998,-4.18274974822998,-2.25651240348816,-1.79121243953705,-1.79121243953705,-2.42151260375977,1.03551244735718,1.03551244735718,0.38733750581741,-8.0910005569458,-8.0910005569458,-1.15694999694824,-2.23605012893677,-2.23605012893677,-1.75905013084412,2.30805015563965,2.30805015563965,5.09295034408569,0.34883749485016,4.2803750038147,13.4509372711182,-2.36046242713928,-2.43966245651245,-5.01256227493286,0.58079999685287,0.46364998817444,-3.49373745918274,4.81995010375977,7.41900014877319,4.64700031280518,-1.44000005722046,0.08895000070333,1.89705014228821,5.9239501953125,3.39000010490417,4.57305002212524,19.6000747680664,19.6000747680664,20.7153377532959,-13.8758125305176,-13.8758125305176,-18.7467498779297,-10.2345371246338,-10.2345371246338,-10.5861253738403,3.97005009651184,3.97005009651184,2.15895009040833,2.13705015182495,2.13705015182495,1.51200008392334,3.49995017051697,3.49995017051697,-0.26295000314713,18.7170505523682,4.24751234054565,-9.39881229400635,-20.4931373596191,-17.9184494018555,0.56374996900559,-10.1728000640869,-1.60778748989105,15.9084749221802,-3.41805005073547,-13.2589502334595,-24.8130016326904,-2.49195003509521,-10.4940004348755,-19.3669509887695,-3.62805008888245,-6.04995012283325,-6.01605033874512,-13.1445875167847,-13.1445875167847,-15.5768251419067,5.47662496566772,5.47662496566772,7.22961235046387,17.0384502410889,17.0384502410889,16.9646129608154,-31.5000019073486,-31.5000019073486,-28.6399517059326,-21.9970512390137,-21.9970512390137,-14.8380002975464,-8.20095062255859,-8.20095062255859,-6.5310001373291,-11.1106872558594,-4.64392518997192,-3.33616256713867,7.02033758163452,-2.92558741569519,-3.29573750495911,12.2468500137329,1.33416247367859,0.43051248788834,-19.2610511779785,-12.0229501724243,-5.64105033874512,-8.44095039367676,-4.77405023574829,-3.19800019264221,-4.26300001144409,0.37995001673698,2.75100016593933,-1.31697499752045,1.94260001182556,7.8782000541687,-2.87127494812012,-2.2375373840332,-1.95607495307922,0.38417500257492,0.47671249508858,-1.1785124540329,0.2119500041008,5.08605003356934,6.79605054855347,-2.43705010414124,-2.09700012207031,1.12395000457764,4.57800006866455,5.29005002975464,5.07900047302246,17.2418117523193,21.2084121704102,21.2084121704102,-4.93143749237061,-11.8128995895386,-11.8128995895386,-8.30389976501465,-12.4315128326416,-12.4315128326416,4.01295042037964,3.32805013656616,3.32805013656616,2.58495020866394,3.03000020980835,3.03000020980835,4.6360502243042,2.74095010757446,2.74095010757446,21.7984256744385,17.3951244354248,-1.31931245326996,-15.4323120117188,-16.5592632293701,-6.1982250213623,-12.7437753677368,-10.7904500961304,3.66396236419678,0.80595004558563,-5.52300024032593,-16.6260013580322,0.98205006122589,-3.7300500869751,-13.267050743103,-1.1380500793457,-4.74900007247925,-6.14595031738281,SHAKE
-16.0268630981445,-18.274299621582,-9.85902500152588,9.70516204833984,10.6062002182007,3.0138623714447,15.7832126617432,15.5018873214722,8.0029125213623,-31.5280513763428,-25.8190517425537,-16.8610515594482,-20.6220016479492,-12.4860010147095,-6.95400047302246,-8.0779504776001,-6.31800031661987,-2.62005019187927,-4.26153755187988,-2.64549994468689,-0.35585001111031,-2.92338752746582,-3.18642497062683,-2.65237498283386,0.23457500338554,0.23223750293255,0.5350124835968,-10.0450506210327,-4.50104999542236,0.7219500541687,-3.53595018386841,-2.69295001029968,-2.98800015449524,1.25895011425018,3.1360502243042,5.06895017623901,-0.35585001111031,3.54736256599426,10.1677122116089,-2.65237498283386,-1.97339999675751,-1.98742496967316,0.5350124835968,0.40521249175072,-2.17580008506775,0.7219500541687,5.1820502281189,5.79705047607422,-2.98800015449524,-2.85300016403198,1.300950050354,5.06895017623901,4.57305002212524,4.82295036315918,17.9429244995117,21.0049133300781,20.3750247955322,-6.1830997467041,-12.599949836731,-15.6331996917725,-9.046950340271,-12.1021995544434,-11.9941253662109,3.58605027198792,3.62205028533936,-0.52995002269745,2.99700021743774,3.46095013618469,0.48900002241135,4.33200025558472,2.63595008850098,-1.31505000591278,20.3750247955322,14.8355627059937,-1.43274998664856,-15.6331996917725,-16.5723247528076,-3.65323758125305,-11.9941253662109,-9.29843711853027,5.10702514648438,-0.52995002269745,-6.97695016860962,-19.1220016479492,0.48900002241135,-4.41495037078857,-14.248950958252,-1.31505000591278,-6.43995046615601,-6.35595035552979,-8.25343704223633,-11.8555250167847,-13.9555625915527,4.64557504653931,7.44053745269775,8.40977478027344,9.62706279754639,9.57508754730225,9.3150749206543,-28.3330516815186,-31.4920520782471,-23.8399505615234,-24.0250511169434,-19.6039505004883,-11.4799509048462,-7.84905052185059,-8.70105075836182,-6.54105043411255,-13.9555625915527,-6.59821224212646,-4.00234985351562,8.40977478027344,-0.6154500246048,-3.04741239547729,9.3150749206543,1.47207498550415,-0.34375,-23.8399505615234,-14.308051109314,-7.17600011825562,-11.4799509048462,-5.53305006027222,-2.94900012016296,-6.54105043411255,-1.6840500831604,2.34105014801025,-2.12918758392334,0.73342502117157,5.34366226196289,-3.08027505874634,-2.58376240730286,-2.21773743629456,-0.11495000123978,0.26413750648499,0.0173249989748,-1.42995011806488,3.51705026626587,5.77995014190674,-2.30505013465881,-2.78895020484924,0.23805001378059,4.81995010375977,6.75300025939941,4.05404996871948,5.34366226196289,14.999324798584,21.7072620391846,-2.21773743629456,-3.58599996566772,-10.3398628234863,0.0173249989748,-4.21822500228882,-10.8715753555298,5.77995014190674,3.95295023918152,3.42795014381409,0.23805001378059,3.5310001373291,3.92295026779175,4.05404996871948,4.57800006866455,3.132000207901,23.1096248626709,21.0454750061035,11.6483125686646,-14.8868503570557,-16.5067367553711,-15.0364503860474,-11.6876373291016,-11.2964496612549,-7.22590017318726,1.93395006656647,-1.82805013656616,-10.4670009613037,2.22300004959106,-1.17705011367798,-8.33805084228516,0.39705002307892,-2.33295011520386,-6.13800048828125,SHAKE
-13.9555625915527,-13.9555625915527,-6.59821224212646,8.40977478027344,8.40977478027344,-0.6154500246048,9.3150749206543,9.3150749206543,1.47207498550415,-23.8399505615234,-23.8399505615234,-14.308051109314,-11.4799509048462,-11.4799509048462,-5.53305006027222,-6.54105043411255,-6.54105043411255,-1.6840500831604,-4.00234985351562,-2.12918758392334,0.73342502117157,-3.04741239547729,-3.08027505874634,-2.58376240730286,-0.34375,-0.11495000123978,0.26413750648499,-7.17600011825562,-1.42995011806488,3.51705026626587,-2.94900012016296,-2.30505013465881,-2.78895020484924,2.34105014801025,4.81995010375977,6.75300025939941,5.34366226196289,5.34366226196289,14.999324798584,-2.21773743629456,-2.21773743629456,-3.58599996566772,0.0173249989748,0.0173249989748,-4.21822500228882,5.77995014190674,5.77995014190674,3.95295023918152,0.23805001378059,0.23805001378059,3.5310001373291,4.05404996871948,4.05404996871948,4.57800006866455,21.7072620391846,23.1096248626709,21.0454750061035,-10.3398628234863,-14.8868503570557,-16.5067367553711,-10.8715753555298,-11.6876373291016,-11.2964496612549,3.42795014381409,1.93395006656647,-1.82805013656616,3.92295026779175,2.22300004959106,-1.17705011367798,3.132000207901,0.39705002307892,-2.33295011520386,11.6483125686646,11.6483125686646,-5.70597505569458,-15.0364503860474,-15.0364503860474,1.32508754730225,-7.22590017318726,-7.22590017318726,6.53069972991943,-10.4670009613037,-10.4670009613037,-22.734001159668,-8.33805084228516,-8.33805084228516,-20.356050491333,-6.13800048828125,-6.13800048828125,-6.80895042419434,-9.76249980926514,-12.6163120269775,-13.7887744903564,6.17443752288818,7.66026258468628,7.41248750686646,6.51585006713867,6.27742481231689,6.31881237030029,-29.8570518493652,-26.9490013122559,-19.4209518432617,-24.9139518737793,-17.6760005950928,-10.9339504241943,-8.30400085449219,-8.65995025634766,-4.74900007247925,-4.33922481536865,-4.33922481536865,-2.99873757362366,-2.61964988708496,-2.61964988708496,-3.27126240730286,-0.97184997797012,-0.97184997797012,-0.38238748908043,-11.4289503097534,-11.4289503097534,-5.514000415802,-5.43495035171509,-5.43495035171509,-3.35205006599426,0.39195001125336,0.39195001125336,3.20595026016235,-0.90213751792908,2.11681246757507,8.23239994049072,-2.89217495918274,-2.03788757324219,-1.17012500762939,0.08731249719858,0.61847501993179,0.03162499889731,-1.15500009059906,2.32905006408691,4.75995016098022,-2.27100014686584,-1.29705011844635,1.24800002574921,5.06895017623901,5.06700038909912,4.15200042724609,19.0641002655029,19.0641002655029,24.6559505462646,-1.77622497081757,-1.77622497081757,-8.02999973297119,-5.51553726196289,-5.51553726196289,-10.0299377441406,2.99700021743774,2.99700021743774,1.9939501285553,3.84000015258789,3.84000015258789,3.1690502166748,3.51195025444031,3.51195025444031,3.23505020141602,0.00013749999925,23.3213748931885,8.64448738098145,0.00439999997616,-11.7052373886108,-6.7846622467041,-0.00219999998808,-10.2055253982544,-2.96188759803772,-0.09105000644922,-3.8970000743866,-11.1630001068115,0.36000001430512,-2.48895001411438,-9.99495029449463,0.44895002245903,-4.48605012893677,-8.3230504989624,SHAKE
-13.7887744903564,-4.33922481536865,-4.33922481536865,7.41248750686646,-2.61964988708496,-2.61964988708496,6.31881237030029,-0.97184997797012,-0.97184997797012,-19.4209518432617,-11.4289503097534,-11.4289503097534,-10.9339504241943,-5.43495035171509,-5.43495035171509,-4.74900007247925,0.39195001125336,0.39195001125336,-2.99873757362366,-0.90213751792908,2.11681246757507,-3.27126240730286,-2.89217495918274,-2.03788757324219,-0.38238748908043,0.08731249719858,0.61847501993179,-5.514000415802,-1.15500009059906,2.32905006408691,-3.35205006599426,-2.27100014686584,-1.29705011844635,3.20595026016235,5.06895017623901,5.06700038909912,8.23239994049072,19.0641002655029,19.0641002655029,-1.17012500762939,-1.77622497081757,-1.77622497081757,0.03162499889731,-5.51553726196289,-5.51553726196289,4.75995016098022,2.99700021743774,2.99700021743774,1.24800002574921,3.84000015258789,3.84000015258789,4.15200042724609,3.51195025444031,3.51195025444031,24.6559505462646,0.00013749999925,23.3213748931885,-8.02999973297119,0.00439999997616,-11.7052373886108,-10.0299377441406,-0.00219999998808,-10.2055253982544,1.9939501285553,-0.09105000644922,-3.8970000743866,3.1690502166748,0.36000001430512,-2.48895001411438,3.23505020141602,0.44895002245903,-4.48605012893677,8.64448738098145,-12.9186744689941,-12.9186744689941,-6.7846622467041,2.8272750377655,2.8272750377655,-2.96188759803772,9.54951286315918,9.54951286315918,-11.1630001068115,-20.4589500427246,-20.4589500427246,-9.99495029449463,-20.1529502868652,-20.1529502868652,-8.3230504989624,-8.76600074768066,-8.76600074768066,-17.7504253387451,-19.6524620056152,-14.4797124862671,8.04416275024414,8.68298721313477,3.18326258659363,10.6826496124268,10.2339878082275,5.41694974899292,-27.8040008544922,-24.5950508117676,-16.6339511871338,-23.3170509338379,-15.256950378418,-7.84905052185059,-9.550950050354,-7.74105024337769,-4.54095029830933,-3.19673752784729,-2.1067750453949,-2.1067750453949,-3.01743745803833,-3.21749997138977,-3.21749997138977,-0.35667499899864,-0.04111250117421,-0.04111250117421,-10.9620008468628,-6.03105020523071,-6.03105020523071,-4.69005012512207,-2.82195019721985,-2.82195019721985,0.46605002880096,3.04095005989075,3.04095005989075,-0.50366252660751,2.16603755950928,7.16471242904663,-3.002037525177,-2.76677489280701,-2.50992488861084,0.55137497186661,1.28823745250702,0.92619997262955,-1.74900007247925,2.28795003890991,4.86795043945312,-1.99095010757446,-1.29000008106232,0.99195003509521,4.41495037078857,3.7300500869751,3.19905018806458,17.2908992767334,22.8115253448486,22.8115253448486,-3.72322487831116,-9.31589984893799,-9.31589984893799,-3.98488736152649,-9.74063777923584,-9.74063777923584,2.34300017356873,1.45005011558533,1.45005011558533,2.70705008506775,2.17005014419556,2.17005014419556,3.92895007133484,3.96000027656555,3.96000027656555,23.7439117431641,20.2846870422363,1.32577502727509,-13.2705373764038,-14.0431499481201,-3.31498742103577,-11.0210371017456,-10.6094999313354,2.20687508583069,0.24105000495911,-4.89105033874512,-14.6269502639771,0.94605004787445,-2.76195001602173,-11.5039501190186,0.77295005321503,-3.82995009422302,-7.389000415802,SHAKE
-19.6524620056152,-14.4797124862671,-3.19673752784729,8.68298721313477,3.18326258659363,-3.01743745803833,10.2339878082275,5.41694974899292,-0.35667499899864,-24.5950508117676,-16.6339511871338,-10.9620008468628,-15.256950378418,-7.84905052185059,-4.69005012512207,-7.74105024337769,-4.54095029830933,0.46605002880096,-2.1067750453949,-2.1067750453949,-0.50366252660751,-3.21749997138977,-3.21749997138977,-3.002037525177,-0.04111250117421,-0.04111250117421,0.55137497186661,-6.03105020523071,-6.03105020523071,-1.74900007247925,-2.82195019721985,-2.82195019721985,-1.99095010757446,3.04095005989075,3.04095005989075,4.41495037078857,2.16603755950928,7.16471242904663,17.2908992767334,-2.76677489280701,-2.50992488861084,-3.72322487831116,1.28823745250702,0.92619997262955,-3.98488736152649,2.28795003890991,4.86795043945312,2.34300017356873,-1.29000008106232,0.99195003509521,2.70705008506775,3.7300500869751,3.19905018806458,3.92895007133484,22.8115253448486,22.8115253448486,23.7439117431641,-9.31589984893799,-9.31589984893799,-13.2705373764038,-9.74063777923584,-9.74063777923584,-11.0210371017456,1.45005011558533,1.45005011558533,0.24105000495911,2.17005014419556,2.17005014419556,0.94605004787445,3.96000027656555,3.96000027656555,0.77295005321503,20.2846870422363,1.32577502727509,-11.7964000701904,-14.0431499481201,-3.31498742103577,7.20843744277954,-10.6094999313354,2.20687508583069,8.21590042114258,-4.89105033874512,-14.6269502639771,-24.9250507354736,-2.76195001602173,-11.5039501190186,-21.4699516296387,-3.82995009422302,-7.389000415802,-7.02195024490356,-15.5548248291016,-15.5548248291016,-18.0863380432129,11.6304378509521,11.6304378509521,12.5281753540039,8.23432540893555,8.23432540893555,8.07647514343262,-29.9020519256592,-29.9020519256592,-24.6709518432617,-23.2879505157471,-23.2879505157471,-14.1750011444092,-8.19600009918213,-8.19600009918213,-7.48005056381226,-10.5866746902466,-4.02737474441528,-4.02737474441528,3.07944989204407,-2.0873875617981,-2.0873875617981,-0.10779999941587,-0.87285000085831,-0.87285000085831,-15.9199504852295,-8.73300075531006,-8.73300075531006,-7.56900024414062,-3.89805006980896,-3.89805006980896,-3.14205026626587,1.89600014686584,1.89600014686584,0.04661250114441,0.04661250114441,3.62683749198914,-2.5946249961853,-2.5946249961853,-2.44612503051758,0.28600001335144,0.28600001335144,0.82156246900559,1.6270500421524,1.6270500421524,4.77405023574829,-0.6690000295639,-0.6690000295639,0.46695002913475,6.19995021820068,6.19995021820068,4.63095045089722,12.1904745101929,22.6235618591309,22.6235618591309,-2.81792497634888,-7.09747505187988,-7.09747505187988,-1.12419998645782,-9.67257499694824,-9.67257499694824,3.99600028991699,1.90305006504059,1.90305006504059,2.22495007514954,2.56500005722046,2.56500005722046,3.78300023078918,4.18305015563965,4.18305015563965,23.8988742828369,23.8988742828369,15.8101625442505,-13.6397247314453,-13.6397247314453,-11.3838996887207,-11.5401000976562,-11.5401000976562,-9.63627529144287,-2.88405013084412,-2.88405013084412,-7.37205028533936,-0.76995003223419,-0.76995003223419,-5.14995002746582,-1.48995006084442,-1.48995006084442,-5.29095029830933,SHAKE
-19.7763500213623,-19.7763500213623,-4.97598743438721,13.0872497558594,13.0872497558594,-0.64240002632141,6.91239976882935,6.91239976882935,-2.12011241912842,-20.5849514007568,-20.5849514007568,-13.4749507904053,-12.0529508590698,-12.0529508590698,-6.39300012588501,-7.14195013046265,-7.14195013046265,-2.60805010795593,-3.35568737983704,-1.91345000267029,-1.91345000267029,-2.6747875213623,-2.91183757781982,-2.91183757781982,-0.81193751096725,-0.20845000445843,-0.20845000445843,-7.7029504776001,-2.73300004005432,-2.73300004005432,-3.94095015525818,-2.35095000267029,-2.35095000267029,1.83405005931854,4.10205030441284,4.10205030441284,3.02060008049011,3.02060008049011,12.49049949646,-2.71040010452271,-2.71040010452271,-3.24541258811951,1.10632503032684,1.10632503032684,-0.57516247034073,3.73695015907288,3.73695015907288,3.32805013656616,1.51905012130737,1.51905012130737,3.76800012588501,3.85005021095276,3.85005021095276,4.66200017929077,24.6560878753662,27.0957489013672,27.0957489013672,-7.12868738174438,-12.215087890625,-12.215087890625,-10.8603000640869,-12.1314878463745,-12.1314878463745,2.382000207901,1.27500009536743,1.27500009536743,3.17100024223328,1.49505007266998,1.49505007266998,4.42694997787476,1.62300002574921,1.62300002574921,11.8896245956421,11.8896245956421,-14.5809125900269,-3.13582491874695,-3.13582491874695,5.37020015716553,-5.82065010070801,-5.82065010070801,9.38148784637451,-13.606050491333,-13.606050491333,-21.586950302124,-12.2539501190186,-12.2539501190186,-20.9569511413574,-6.53805017471313,-6.53805017471313,-7.55205059051514,-19.7152996063232,-22.3251876831055,-22.3251876831055,11.6183376312256,12.7330503463745,12.7330503463745,9.67092514038086,9.45353698730469,9.45353698730469,-25.5190505981445,-24.3220520019531,-24.3220520019531,-22.9570503234863,-16.3450508117676,-16.3450508117676,-9.14205074310303,-8.43495082855225,-8.43495082855225,-4.50298738479614,-4.50298738479614,-2.48228740692139,-0.83751249313355,-0.83751249313355,-2.01011252403259,-0.60183751583099,-0.60183751583099,0.01828750036657,-9.92295074462891,-9.92295074462891,-4.54095029830933,-5.09295034408569,-5.09295034408569,-2.91795015335083,-0.44805002212524,-0.44805002212524,2.79195022583008,-0.60004997253418,1.95318746566772,1.95318746566772,-2.06332492828369,-1.84813749790192,-1.84813749790192,0.41964998841286,1.05613744258881,1.05613744258881,0.42300000786781,3.74505019187927,3.74505019187927,-0.85800004005432,1.29405009746552,1.29405009746552,4.78200006484985,4.33395004272461,4.33395004272461,23.2187995910645,23.2187995910645,27.8007125854492,-3.65846252441406,-3.65846252441406,-10.9540748596191,-7.33576250076294,-7.33576250076294,-10.1902627944946,2.5639500617981,2.5639500617981,1.93905007839203,3.25800013542175,3.25800013542175,2.26800012588501,4.92795038223267,4.92795038223267,2.92605018615723,28.1491374969482,23.1463375091553,23.1463375091553,-13.0647001266479,-9.98978710174561,-9.98978710174561,-10.3916997909546,-11.1306247711182,-11.1306247711182,-2.07000017166138,-9.67905044555664,-9.67905044555664,-0.97605001926422,-7.02795028686523,-7.02795028686523,-1.12604999542236,-5.67900037765503,-5.67900037765503,SHAKE
-19.7152996063232,-22.3251876831055,-22.3251876831055,11.6183376312256,12.7330503463745,12.7330503463745,9.67092514038086,9.45353698730469,9.45353698730469,-25.5190505981445,-24.3220520019531,-24.3220520019531,-22.9570503234863,-16.3450508117676,-16.3450508117676,-9.14205074310303,-8.43495082855225,-8.43495082855225,-4.50298738479614,-4.50298738479614,-2.48228740692139,-0.83751249313355,-0.83751249313355,-2.01011252403259,-0.60183751583099,-0.60183751583099,0.01828750036657,-9.92295074462891,-9.92295074462891,-4.54095029830933,-5.09295034408569,-5.09295034408569,-2.91795015335083,-0.44805002212524,-0.44805002212524,2.79195022583008,-0.60004997253418,1.95318746566772,1.95318746566772,-2.06332492828369,-1.84813749790192,-1.84813749790192,0.41964998841286,1.05613744258881,1.05613744258881,0.42300000786781,3.74505019187927,3.74505019187927,-0.85800004005432,1.29405009746552,1.29405009746552,4.78200006484985,4.33395004272461,4.33395004272461,23.2187995910645,23.2187995910645,27.8007125854492,-3.65846252441406,-3.65846252441406,-10.9540748596191,-7.33576250076294,-7.33576250076294,-10.1902627944946,2.5639500617981,2.5639500617981,1.93905007839203,3.25800013542175,3.25800013542175,2.26800012588501,4.92795038223267,4.92795038223267,2.92605018615723,28.1491374969482,23.1463375091553,23.1463375091553,-13.0647001266479,-9.98978710174561,-9.98978710174561,-10.3916997909546,-11.1306247711182,-11.1306247711182,-2.07000017166138,-9.67905044555664,-9.67905044555664,-0.97605001926422,-7.02795028686523,-7.02795028686523,-1.12604999542236,-5.67900037765503,-5.67900037765503,-18.6136493682861,-18.6136493682861,-21.8446254730225,11.9004878997803,11.9004878997803,14.3798875808716,7.22136259078979,7.22136259078979,6.39993762969971,-26.2189521789551,-26.2189521789551,-25.0519504547119,-24.4639511108398,-24.4639511108398,-20.1220512390137,-10.0879507064819,-10.0879507064819,-9.62805080413818,-22.8454875946045,-5.64341259002686,-5.64341259002686,11.8138628005981,0.54243749380112,0.54243749380112,6.69033765792847,-2.01203751564026,-2.01203751564026,-19.7020511627197,-11.4529504776001,-11.4529504776001,-13.9540510177612,-6.94905042648315,-6.94905042648315,-6.80400037765503,-1.55205011367798,-1.55205011367798,-2.54416251182556,2.18638753890991,2.18638753890991,-1.49792504310608,-0.60541248321533,-0.60541248321533,-0.69739997386932,0.20308749377728,0.20308749377728,-4.60605001449585,5.58600044250488,5.58600044250488,-3.36795020103455,-0.13500000536442,-0.13500000536442,1.774050116539,3.51495027542114,3.51495027542114,5.85241270065308,14.6660251617432,25.6625881195068,0.82445001602173,1.16655004024506,-8.40248775482178,-0.43078750371933,-5.39769983291626,-13.1436252593994,7.67205047607422,2.09700012207031,3.07395005226135,2.19405007362366,4.72605037689209,3.38895010948181,0.26205000281334,0.57600003480911,3.10095024108887,25.6625881195068,26.5186614990234,26.5186614990234,-8.40248775482178,-13.7347373962402,-13.7347373962402,-13.1436252593994,-12.0180501937866,-12.0180501937866,3.07395005226135,-1.81305003166199,-1.81305003166199,3.38895010948181,-2.76705002784729,-2.76705002784729,3.10095024108887,-2.38800001144409,-2.38800001144409,SHAKE
-22.8454875946045,-5.64341259002686,-5.64341259002686,11.8138628005981,0.54243749380112,0.54243749380112,6.69033765792847,-2.01203751564026,-2.01203751564026,-19.7020511627197,-11.4529504776001,-11.4529504776001,-13.9540510177612,-6.94905042648315,-6.94905042648315,-6.80400037765503,-1.55205011367798,-1.55205011367798,-2.54416251182556,2.18638753890991,2.18638753890991,-1.49792504310608,-0.60541248321533,-0.60541248321533,-0.69739997386932,0.20308749377728,0.20308749377728,-4.60605001449585,5.58600044250488,5.58600044250488,-3.36795020103455,-0.13500000536442,-0.13500000536442,1.774050116539,3.51495027542114,3.51495027542114,5.85241270065308,14.6660251617432,25.6625881195068,0.82445001602173,1.16655004024506,-8.40248775482178,-0.43078750371933,-5.39769983291626,-13.1436252593994,7.67205047607422,2.09700012207031,3.07395005226135,2.19405007362366,4.72605037689209,3.38895010948181,0.26205000281334,0.57600003480911,3.10095024108887,25.6625881195068,26.5186614990234,26.5186614990234,-8.40248775482178,-13.7347373962402,-13.7347373962402,-13.1436252593994,-12.0180501937866,-12.0180501937866,3.07395005226135,-1.81305003166199,-1.81305003166199,3.38895010948181,-2.76705002784729,-2.76705002784729,3.10095024108887,-2.38800001144409,-2.38800001144409,20.926399230957,14.6618995666504,14.6618995666504,-18.4663867950439,-16.3895874023438,-16.3895874023438,-5.10702514648438,2.62322497367859,2.62322497367859,-8.61795043945312,-21.7900505065918,-21.7900505065918,-9.01800060272217,-19.8370513916016,-19.8370513916016,-5.94405031204224,-6.01905012130737,-6.01905012130737,8.60241222381592,8.60241222381592,3.71483755111694,-15.1810998916626,-15.1810998916626,-11.5890502929688,1.82833743095398,1.82833743095398,0.02364999987185,-30.6060009002686,-30.6060009002686,-20.0920505523682,-21.166051864624,-21.166051864624,-10.7950506210327,-5.64705038070679,-5.64705038070679,-3.29595017433167,-2.6108500957489,-3.44987487792969,-3.44987487792969,-5.14524984359741,-4.17381238937378,-4.17381238937378,-0.06751249730587,0.3119874894619,0.3119874894619,-12.082950592041,-5.02005004882812,-5.02005004882812,-7.08300018310547,-3.39705014228821,-3.39705014228821,0.98805004358292,2.85105013847351,2.85105013847351,1.84126245975494,1.84126245975494,8.36275005340576,-2.0538375377655,-2.0538375377655,-0.3242250084877,0.37894999980927,0.37894999980927,-1.47276246547699,6.30495023727417,6.30495023727417,7.5930004119873,-0.72000002861023,-0.72000002861023,1.32495009899139,5.2819504737854,5.2819504737854,3.79305028915405,18.5125865936279,23.209587097168,25.0266494750977,-0.88398748636246,-8.1119499206543,-12.2468500137329,-10.0567502975464,-14.7140121459961,-14.9704494476318,3.16695022583008,3.58200025558472,0.86595004796982,2.07000017166138,3.11205005645752,1.71300005912781,4.14000034332275,1.46505010128021,-2.48595023155212,22.0890998840332,22.5396881103516,22.5396881103516,-16.0063743591309,-24.114200592041,-24.114200592041,-12.8458003997803,-1.54879999160767,-1.54879999160767,-2.51295018196106,-10.7680501937866,-10.7680501937866,-1.75200009346008,-11.6220006942749,-11.6220006942749,-6.28695011138916,-8.69204998016357,-8.69204998016357,SHAKE
8.60241222381592,3.71483755111694,-2.6108500957489,-15.1810998916626,-11.5890502929688,-5.14524984359741,1.82833743095398,0.02364999987185,-0.06751249730587,-30.6060009002686,-20.0920505523682,-12.082950592041,-21.166051864624,-10.7950506210327,-7.08300018310547,-5.64705038070679,-3.29595017433167,0.98805004358292,-3.44987487792969,-3.44987487792969,1.84126245975494,-4.17381238937378,-4.17381238937378,-2.0538375377655,0.3119874894619,0.3119874894619,0.37894999980927,-5.02005004882812,-5.02005004882812,6.30495023727417,-3.39705014228821,-3.39705014228821,-0.72000002861023,2.85105013847351,2.85105013847351,5.2819504737854,1.84126245975494,8.36275005340576,18.5125865936279,-2.0538375377655,-0.3242250084877,-0.88398748636246,0.37894999980927,-1.47276246547699,-10.0567502975464,6.30495023727417,7.5930004119873,3.16695022583008,-0.72000002861023,1.32495009899139,2.07000017166138,5.2819504737854,3.79305028915405,4.14000034332275,23.209587097168,25.0266494750977,22.0890998840332,-8.1119499206543,-12.2468500137329,-16.0063743591309,-14.7140121459961,-14.9704494476318,-12.8458003997803,3.58200025558472,0.86595004796982,-2.51295018196106,3.11205005645752,1.71300005912781,-1.75200009346008,1.46505010128021,-2.48595023155212,-6.28695011138916,22.5396881103516,22.5396881103516,21.7732620239258,-24.114200592041,-24.114200592041,-27.0485877990723,-1.54879999160767,-1.54879999160767,-0.53006249666214,-10.7680501937866,-10.7680501937866,-22.7100009918213,-11.6220006942749,-11.6220006942749,-23.5849514007568,-8.69204998016357,-8.69204998016357,-9.24195003509521,18.6749744415283,18.6749744415283,4.68421268463135,-25.3376750946045,-25.3376750946045,-15.0877370834351,-0.2926000058651,-0.2926000058651,-3.30206251144409,-31.5400524139404,-31.5400524139404,-17.8309516906738,-30.1159515380859,-30.1159515380859,-10.5340509414673,-6.19605016708374,-6.19605016708374,-2.33505010604858,4.68421268463135,0.04042499884963,-0.07479999959469,-15.0877370834351,-5.51429986953735,-3.81026244163513,-3.30206251144409,0.28283751010895,0.37441250681877,-17.8309516906738,-9.76005077362061,-3.58305025100708,-10.5340509414673,-5.43495035171509,-2.38394999504089,-2.33505010604858,1.56300008296967,3.82905006408691,1.380499958992,3.43213748931885,3.43213748931885,-2.87347507476807,-2.22832489013672,-2.22832489013672,0.59785002470017,1.0558625459671,1.0558625459671,2.07300019264221,6.42900037765503,6.42900037765503,0.07695000618696,2.89095020294189,2.89095020294189,4.72395038604736,3.61500024795532,3.61500024795532,21.0398368835449,21.0398368835449,23.9041004180908,-7.98544979095459,-7.98544979095459,-14.098837852478,-9.68233776092529,-9.68233776092529,-10.7505750656128,3.57195019721985,3.57195019721985,3.74205017089844,3.42495012283325,3.42495012283325,1.32195007801056,5.15295028686523,5.15295028686523,4.20900011062622,24.279748916626,19.8332748413086,7.48013734817505,-15.990837097168,-15.7971000671387,-9.62541198730469,-10.2653369903564,-9.07018756866455,0.76999998092651,3.10695004463196,-1.2960000038147,-5.73405027389526,0.78600001335144,-0.39900001883507,-3.8950502872467,1.81200003623962,-1.06605005264282,-5.73900032043457,SHAKE
4.68421268463135,0.04042499884963,-0.07479999959469,-15.0877370834351,-5.51429986953735,-3.81026244163513,-3.30206251144409,0.28283751010895,0.37441250681877,-17.8309516906738,-9.76005077362061,-3.58305025100708,-10.5340509414673,-5.43495035171509,-2.38394999504089,-2.33505010604858,1.56300008296967,3.82905006408691,1.380499958992,3.43213748931885,3.43213748931885,-2.87347507476807,-2.22832489013672,-2.22832489013672,0.59785002470017,1.0558625459671,1.0558625459671,2.07300019264221,6.42900037765503,6.42900037765503,0.07695000618696,2.89095020294189,2.89095020294189,4.72395038604736,3.61500024795532,3.61500024795532,21.0398368835449,21.0398368835449,23.9041004180908,-7.98544979095459,-7.98544979095459,-14.098837852478,-9.68233776092529,-9.68233776092529,-10.7505750656128,3.57195019721985,3.57195019721985,3.74205017089844,3.42495012283325,3.42495012283325,1.32195007801056,5.15295028686523,5.15295028686523,4.20900011062622,24.279748916626,19.8332748413086,7.48013734817505,-15.990837097168,-15.7971000671387,-9.62541198730469,-10.2653369903564,-9.07018756866455,0.76999998092651,3.10695004463196,-1.2960000038147,-5.73405027389526,0.78600001335144,-0.39900001883507,-3.8950502872467,1.81200003623962,-1.06605005264282,-5.73900032043457,7.48013734817505,-4.39394998550415,-8.20269966125488,-9.62541198730469,3.36338758468628,6.86840009689331,0.76999998092651,8.12240028381348,8.11758708953857,-5.73405027389526,-14.8780508041382,-24.7789516448975,-3.8950502872467,-12.0289506912231,-25.47705078125,-5.73900032043457,-7.28295040130615,-5.1060004234314,-10.3435745239258,-10.3435745239258,-4.32148742675781,7.26288747787476,7.26288747787476,-0.96799999475479,7.97114992141724,7.97114992141724,1.48692500591278,-33.435001373291,-33.435001373291,-17.3760013580322,-29.5840511322021,-29.5840511322021,-9.03495025634766,-7.67100048065186,-7.67100048065186,-3.80595016479492,-4.32148742675781,-2.92751240730286,-1.82036244869232,-0.96799999475479,-2.99351239204407,-3.11739993095398,1.48692500591278,0.51810002326965,0.57076251506805,-17.3760013580322,-11.4169502258301,-6.08595037460327,-9.03495025634766,-5.66295003890991,-3.28695011138916,-3.80595016479492,0.26205000281334,2.72205018997192,-0.50146251916885,-0.50146251916885,6.79896259307861,-2.47211241722107,-2.47211241722107,-1.712975025177,0.59523749351501,0.59523749351501,0.4641999900341,-0.89595001935959,-0.89595001935959,7.92405033111572,-1.8550500869751,-1.8550500869751,2.66595005989075,4.03695011138916,4.03695011138916,1.91700005531311,6.79896259307861,16.2361373901367,21.5672874450684,-1.712975025177,-4.00317478179932,-11.6081628799438,0.4641999900341,-6.73983764648438,-11.8637752532959,7.92405033111572,4.26705026626587,2.93505024909973,2.66595005989075,1.52595007419586,1.7940000295639,1.91700005531311,3.1600501537323,5.22495031356812,23.0334491729736,23.0334491729736,13.1896877288818,-15.3052625656128,-15.3052625656128,-15.6509370803833,-12.642162322998,-12.642162322998,-7.68336248397827,3.25605010986328,3.25605010986328,-9.80505084991455,2.01705002784729,2.01705002784729,-8.20604991912842,2.0179500579834,2.0179500579834,-6.95505046844482,SHAKE
-4.32148742675781,-4.32148742675781,-2.92751240730286,-0.96799999475479,-0.96799999475479,-2.99351239204407,1.48692500591278,1.48692500591278,0.51810002326965,-17.3760013580322,-17.3760013580322,-11.4169502258301,-9.03495025634766,-9.03495025634766,-5.66295003890991,-3.80595016479492,-3.80595016479492,0.26205000281334,-1.82036244869232,-0.50146251916885,-0.50146251916885,-3.11739993095398,-2.47211241722107,-2.47211241722107,0.57076251506805,0.59523749351501,0.59523749351501,-6.08595037460327,-0.89595001935959,-0.89595001935959,-3.28695011138916,-1.8550500869751,-1.8550500869751,2.72205018997192,4.03695011138916,4.03695011138916,6.79896259307861,6.79896259307861,16.2361373901367,-1.712975025177,-1.712975025177,-4.00317478179932,0.4641999900341,0.4641999900341,-6.73983764648438,7.92405033111572,7.92405033111572,4.26705026626587,2.66595005989075,2.66595005989075,1.52595007419586,1.91700005531311,1.91700005531311,3.1600501537323,21.5672874450684,23.0334491729736,23.0334491729736,-11.6081628799438,-15.3052625656128,-15.3052625656128,-11.8637752532959,-12.642162322998,-12.642162322998,2.93505024909973,3.25605010986328,3.25605010986328,1.7940000295639,2.01705002784729,2.01705002784729,5.22495031356812,2.0179500579834,2.0179500579834,13.1896877288818,13.1896877288818,-8.84936237335205,-15.6509370803833,-15.6509370803833,-0.01484999991953,-7.68336248397827,-7.68336248397827,15.4533500671387,-9.80505084991455,-9.80505084991455,-22.3630504608154,-8.20604991912842,-8.20604991912842,-18.2850017547607,-6.95505046844482,-6.95505046844482,-8.36805057525635,-13.5426502227783,-15.8511371612549,-15.8511371612549,5.78338766098022,7.48467493057251,7.48467493057251,18.1307506561279,18.0712127685547,18.0712127685547,-33.0990028381348,-28.0960521697998,-28.0960521697998,-34.3099517822266,-23.8410015106201,-23.8410015106201,-7.78095054626465,-6.49995040893555,-6.49995040893555,-2.44227504730225,-2.44227504730225,-1.22911250591278,-0.93596249818802,-0.93596249818802,-0.75762498378754,2.05150008201599,2.05150008201599,1.05379998683929,-9.05595016479492,-9.05595016479492,-3.29295015335083,-2.86800003051758,-2.86800003051758,-0.1710000038147,-0.59895002841949,-0.59895002841949,1.23195004463196,0.60857498645783,2.29734992980957,2.29734992980957,-0.39091250300407,-0.13474999368191,-0.13474999368191,1.03812503814697,1.60105001926422,1.60105001926422,0.90405005216599,4.52100038528442,4.52100038528442,1.01805007457733,1.37805008888245,1.37805008888245,2.29605007171631,2.51100015640259,2.51100015640259,-2.02427506446838,-2.02427506446838,-0.37867498397827,-0.57708752155304,-0.57708752155304,-2.92490005493164,6.87486267089844,6.87486267089844,21.6777000427246,2.33400011062622,2.33400011062622,4.42694997787476,4.30200004577637,4.30200004577637,4.47705030441284,-2.81895017623901,-2.81895017623901,-0.69195002317429,0.02351249940693,0.34732499718666,0.34732499718666,-4.2759747505188,-5.96103763580322,-5.96103763580322,22.1758632659912,20.7497119903564,20.7497119903564,4.60200023651123,0.48000001907349,0.48000001907349,4.18200016021729,1.10205006599426,1.10205006599426,-2.2110002040863,-4.62495040893555,-4.62495040893555,SHAKE
-15.8511371612549,-2.44227504730225,-2.44227504730225,7.48467493057251,-0.93596249818802,-0.93596249818802,18.0712127685547,2.05150008201599,2.05150008201599,-28.0960521697998,-9.05595016479492,-9.05595016479492,-23.8410015106201,-2.86800003051758,-2.86800003051758,-6.49995040893555,-0.59895002841949,-0.59895002841949,-1.22911250591278,0.60857498645783,2.29734992980957,-0.75762498378754,-0.39091250300407,-0.13474999368191,1.05379998683929,1.03812503814697,1.60105001926422,-3.29295015335083,0.90405005216599,4.52100038528442,-0.1710000038147,1.01805007457733,1.37805008888245,1.23195004463196,2.29605007171631,2.51100015640259,2.29734992980957,-2.02427506446838,-2.02427506446838,-0.13474999368191,-0.57708752155304,-0.57708752155304,1.60105001926422,6.87486267089844,6.87486267089844,4.52100038528442,2.33400011062622,2.33400011062622,1.37805008888245,4.30200004577637,4.30200004577637,2.51100015640259,-2.81895017623901,-2.81895017623901,-0.37867498397827,0.02351249940693,0.34732499718666,-2.92490005493164,-4.2759747505188,-5.96103763580322,21.6777000427246,22.1758632659912,20.7497119903564,4.42694997787476,4.60200023651123,0.48000001907349,4.47705030441284,4.18200016021729,1.10205006599426,-0.69195002317429,-2.2110002040863,-4.62495040893555,0.34732499718666,9.10126209259033,14.1451749801636,-5.96103763580322,-10.0142621994019,-16.5929508209229,20.7497119903564,15.7730369567871,-4.32423734664917,0.48000001907349,-5.95395040512085,-16.2430515289307,1.10205006599426,-5.23395013809204,-13.6669502258301,-4.62495040893555,-8.03805065155029,-7.96605014801025,18.166088104248,18.4828872680664,15.756537437439,-23.1691627502441,-23.7875003814697,-20.0917739868164,-10.3727245330811,-10.6734371185303,-9.58746242523193,-25.1340007781982,-30.9460506439209,-24.9040508270264,-24.6979503631592,-24.2220020294189,-13.9380006790161,-5.68095016479492,-4.72800016403198,-3.84405016899109,15.756537437439,8.51235008239746,4.86254978179932,-20.0917739868164,-11.6561498641968,-3.34413743019104,-9.58746242523193,-3.91833758354187,1.48802495002747,-24.9040508270264,-17.4930000305176,-11.8480501174927,-13.9380006790161,-6.29295015335083,-2.97300004959106,-3.84405016899109,-2.36595010757446,-0.28305000066757,6.28732490539551,5.1130747795105,2.47005009651184,0.78196251392365,1.06768751144409,0.18796250224114,2.76388740539551,3.07917499542236,3.45441246032715,-6.58905029296875,-1.12395000457764,4.29795026779175,-0.66405004262924,0.49905002117157,0.4650000333786,-0.11700000613928,0.2790000140667,0.67005002498627,2.47005009651184,-2.80582499504089,-2.80582499504089,0.18796250224114,-3.40491247177124,-3.40491247177124,3.45441246032715,-1.14578747749329,-1.14578747749329,4.29795026779175,5.72505044937134,5.72505044937134,0.4650000333786,0.18495000898838,0.18495000898838,0.67005002498627,0.14505000412464,0.14505000412464,1.128737449646,3.17886257171631,3.24554991722107,-9.70117473602295,-10.340274810791,-12.444712638855,-6.01026248931885,-7.32462501525879,-6.57098770141602,4.61400032043457,2.60700011253357,-4.49595022201538,3.79905009269714,1.5040500164032,-4.32195043563843,1.96800005435944,-2.13195013999939,-6.23400020599365,SHAKE
-5.9417872428894,-2.77172493934631,-8.36041259765625,-38.3844985961914,-32.5594482421875,-14.3961124420166,-12.0565500259399,-10.4391374588013,-9.37846279144287,-29.5909519195557,-20.1949501037598,-12.3010501861572,-18.7729511260986,-9.50895023345947,-3.61005020141602,-8.2339506149292,-5.19195032119751,-3.19695019721985,-5.93876266479492,-5.93876266479492,-3.40903759002686,-5.42176246643066,-5.42176246643066,-3.54901242256165,-1.88361251354218,-1.88361251354218,-0.62328749895096,-6.28695011138916,-6.28695011138916,-0.9300000667572,-0.65205001831055,-0.65205001831055,-0.28605002164841,-1.26495003700256,-1.26495003700256,-0.2710500061512,-1.64326250553131,0.07204999774694,2.37737488746643,-2.24413752555847,-0.64583748579025,1.14345002174377,0.33880001306534,0.87835001945496,1.18016254901886,5.08800029754639,7.65795040130615,3.59595012664795,-0.55695003271103,-0.12795001268387,3.65805006027222,0.68595004081726,0.89205002784729,2.69595003128052,5.00376224517822,5.00376224517822,3.6452624797821,-11.1990995407104,-11.1990995407104,-16.915111541748,0.78856247663498,0.78856247663498,-0.94503748416901,4.03200006484985,4.03200006484985,-2.39505004882812,5.43900012969971,5.43900012969971,0.97800004482269,4.12095022201538,4.12095022201538,-5.88000011444092,3.6452624797821,-10.7710628509521,-5.20231246948242,-16.915111541748,-33.9814758300781,-35.246337890625,-0.94503748416901,-2.83524990081787,-11.268949508667,-2.39505004882812,-10.443000793457,-20.0680503845215,0.97800004482269,-4.64505004882812,-13.5379505157471,-5.88000011444092,-11.0550003051758,-8.19600009918213,-7.97197484970093,-7.97197484970093,-2.86508750915527,-39.6085243225098,-39.6085243225098,-27.5541744232178,-19.7810249328613,-19.7810249328613,-23.2127494812012,-28.2619514465332,-28.2619514465332,-21.2779502868652,-24.1810512542725,-24.1810512542725,-10.4290504455566,-6.97395038604736,-6.97395038604736,-5.28105020523071,-2.86508750915527,-11.6191625595093,-10.5844745635986,-27.5541744232178,-14.5685377120972,-9.77239990234375,-23.2127494812012,-14.7721748352051,-6.70450019836426,-21.2779502868652,-12.8419504165649,-7.35300016403198,-10.4290504455566,-4.07295036315918,-0.68805003166199,-5.28105020523071,-2.88795018196106,-1.61700010299683,-3.66464996337891,-3.66464996337891,-1.22732496261597,-4.8538875579834,-4.8538875579834,-2.75055003166199,-1.56034994125366,-1.56034994125366,0.23704999685288,-2.62305021286011,-2.62305021286011,2.65500020980835,-0.26399999856949,-0.26399999856949,-1.92900013923645,-0.57000005245209,-0.57000005245209,1.96995007991791,0.69616252183914,1.4111624956131,9.80663776397705,-1.66003751754761,-3.07958745956421,-20.5701370239258,0.49128749966621,-1.09147500991821,-6.61443758010864,8.2300500869751,5.3299503326416,2.40300011634827,-2.30505013465881,3.22395014762878,3.69600009918213,3.43305015563965,1.64895009994507,4.77705001831055,12.3970003128052,12.3970003128052,9.73527526855469,-25.1752872467041,-25.1752872467041,-28.4455871582031,-9.46605014801025,-9.46605014801025,-10.9531126022339,3.43995022773743,3.43995022773743,-1.05195009708405,4.28295040130615,4.28295040130615,0.66600000858307,0.42300000786781,0.42300000786781,-5.48895025253296,SHAKE
-2.86508750915527,-2.86508750915527,-11.6191625595093,-27.5541744232178,-27.5541744232178,-14.5685377120972,-23.2127494812012,-23.2127494812012,-14.7721748352051,-21.2779502868652,-21.2779502868652,-12.8419504165649,-10.4290504455566,-10.4290504455566,-4.07295036315918,-5.28105020523071,-5.28105020523071,-2.88795018196106,-10.5844745635986,-3.66464996337891,-3.66464996337891,-9.77239990234375,-4.8538875579834,-4.8538875579834,-6.70450019836426,-1.56034994125366,-1.56034994125366,-7.35300016403198,-2.62305021286011,-2.62305021286011,-0.68805003166199,-0.26399999856949,-0.26399999856949,-1.61700010299683,-0.57000005245209,-0.57000005245209,-1.22732496261597,0.69616252183914,1.4111624956131,-2.75055003166199,-1.66003751754761,-3.07958745956421,0.23704999685288,0.49128749966621,-1.09147500991821,2.65500020980835,8.2300500869751,5.3299503326416,-1.92900013923645,-2.30505013465881,3.22395014762878,1.96995007991791,3.43305015563965,1.64895009994507,9.80663776397705,12.3970003128052,12.3970003128052,-20.5701370239258,-25.1752872467041,-25.1752872467041,-6.61443758010864,-9.46605014801025,-9.46605014801025,2.40300011634827,3.43995022773743,3.43995022773743,3.69600009918213,4.28295040130615,4.28295040130615,4.77705001831055,0.42300000786781,0.42300000786781,9.73527526855469,-1.00828754901886,-4.9246997833252,-28.4455871582031,-36.8824501037598,-38.9537506103516,-10.9531126022339,-10.9525623321533,-7.10599994659424,-1.05195009708405,-7.95405054092407,-21.5479507446289,0.66600000858307,-4.91295003890991,-15.0919504165649,-5.48895025253296,-11.6539506912231,-8.25795078277588,-11.5590753555298,-16.8229866027832,-16.8229866027832,-42.7337608337402,-44.9933013916016,-44.9933013916016,-12.994987487793,-15.7244997024536,-15.7244997024536,-32.1559524536133,-30.5539512634277,-30.5539512634277,-26.5399513244629,-19.1610012054443,-19.1610012054443,-10.1290502548218,-7.4170503616333,-7.4170503616333,-15.8408250808716,-15.8408250808716,-12.2760000228882,-18.4915504455566,-18.4915504455566,-11.1662378311157,-14.3882751464844,-14.3882751464844,-6.10018730163574,-12.9049501419067,-12.9049501419067,-8.26095008850098,-2.5639500617981,-2.5639500617981,-0.43695002794266,-2.23695015907288,-2.23695015907288,-0.69495004415512,-6.30066251754761,-3.64883756637573,-3.64883756637573,-6.57566261291504,-4.64529991149902,-4.64529991149902,-1.83438754081726,0.00481249997392,0.00481249997392,-3.13095021247864,3.94605016708374,3.94605016708374,-0.47505003213882,-2.36505007743835,-2.36505007743835,0.13305000960827,1.79295003414154,1.79295003414154,-0.49843749403954,1.33553743362427,10.5289249420166,-2.8356626033783,-4.22097492218018,-17.169075012207,0.38376250863075,-3.21928739547729,-12.8801746368408,9.96405029296875,5.35905027389526,2.65995001792908,-2.97795009613037,0.54405003786087,3.31005024909973,1.32795011997223,2.94195008277893,5.67000007629395,13.1404628753662,10.7109746932983,10.7109746932983,-21.1498374938965,-23.7813129425049,-23.7813129425049,-17.5923004150391,-19.2332248687744,-19.2332248687744,3.48105025291443,-1.53105008602142,-1.53105008602142,4.62495040893555,1.30305004119873,1.30305004119873,0.49005001783371,-4.24905014038086,-4.24905014038086,SHAKE
-16.8229866027832,-15.8408250808716,-15.8408250808716,-44.9933013916016,-18.4915504455566,-18.4915504455566,-15.7244997024536,-14.3882751464844,-14.3882751464844,-30.5539512634277,-12.9049501419067,-12.9049501419067,-19.1610012054443,-2.5639500617981,-2.5639500617981,-7.4170503616333,-2.23695015907288,-2.23695015907288,-12.2760000228882,-6.30066251754761,-3.64883756637573,-11.1662378311157,-6.57566261291504,-4.64529991149902,-6.10018730163574,-1.83438754081726,0.00481249997392,-8.26095008850098,-3.13095021247864,3.94605016708374,-0.43695002794266,-0.47505003213882,-2.36505007743835,-0.69495004415512,0.13305000960827,1.79295003414154,-3.64883756637573,-0.49843749403954,1.33553743362427,-4.64529991149902,-2.8356626033783,-4.22097492218018,0.00481249997392,0.38376250863075,-3.21928739547729,3.94605016708374,9.96405029296875,5.35905027389526,-2.36505007743835,-2.97795009613037,0.54405003786087,1.79295003414154,1.32795011997223,2.94195008277893,10.5289249420166,13.1404628753662,10.7109746932983,-17.169075012207,-21.1498374938965,-23.7813129425049,-12.8801746368408,-17.5923004150391,-19.2332248687744,2.65995001792908,3.48105025291443,-1.53105008602142,3.31005024909973,4.62495040893555,1.30305004119873,5.67000007629395,0.49005001783371,-4.24905014038086,10.7109746932983,3.01523756980896,-4.31419992446899,-23.7813129425049,-27.0478992462158,-33.8633613586426,-19.2332248687744,-17.0754375457764,-5.93174982070923,-1.53105008602142,-7.42200040817261,-18.6190509796143,1.30305004119873,-4.81005001068115,-13.0800008773804,-4.24905014038086,-9.83400058746338,-7.35795021057129,-16.9702491760254,-19.663049697876,-14.6400375366211,-40.6774482727051,-41.2306137084961,-36.7681884765625,-11.4936246871948,-11.9475126266479,-10.9723625183105,-31.2289524078369,-33.8560523986816,-23.3640003204346,-25.8379516601562,-23.9179515838623,-10.8840007781982,-6.92595052719116,-6.46905040740967,-4.85700035095215,-14.6400375366211,-16.7173881530762,-6.62461233139038,-36.7681884765625,-17.1703128814697,-6.82508754730225,-10.9723625183105,-12.6682872772217,-2.87100005149841,-23.3640003204346,-14.4040508270264,-9.63105010986328,-10.8840007781982,-4.01999998092651,-2.37405014038086,-4.85700035095215,-2.63700008392334,0.42300000786781,-3.41632509231567,-1.9959499835968,0.16224999725819,-4.78609991073608,-3.75512504577637,-2.97164988517761,-0.56058752536774,0.24241249263287,0.52511250972748,-4.20105028152466,3.21795010566711,10.4890508651733,-1.39695012569427,-2.14904999732971,-0.54704999923706,1.66095006465912,2.55000019073486,1.85295009613037,0.16224999725819,3.2569625377655,10.7761497497559,-2.97164988517761,-4.86186265945435,-16.4146118164062,0.52511250972748,-1.61548745632172,-8.35422515869141,10.4890508651733,6.11805009841919,3.06705021858215,-0.54704999923706,1.17405009269714,2.41695022583008,1.85295009613037,3.81705021858215,5.43795013427734,13.3240251541138,9.52572536468506,0.23567499220371,-22.0900630950928,-26.4301128387451,-30.9269123077393,-13.3721494674683,-17.3320121765137,-16.051887512207,1.63695013523102,-1.32495009899139,-6.33300018310547,3.5550000667572,2.11304998397827,-6.40800046920776,-0.39000001549721,-6.30900049209595,-8.50695037841797,SHAKE
-14.6400375366211,-14.6400375366211,-16.7173881530762,-36.7681884765625,-36.7681884765625,-17.1703128814697,-10.9723625183105,-10.9723625183105,-12.6682872772217,-23.3640003204346,-23.3640003204346,-14.4040508270264,-10.8840007781982,-10.8840007781982,-4.01999998092651,-4.85700035095215,-4.85700035095215,-2.63700008392334,-6.62461233139038,-3.41632509231567,-1.9959499835968,-6.82508754730225,-4.78609991073608,-3.75512504577637,-2.87100005149841,-0.56058752536774,0.24241249263287,-9.63105010986328,-4.20105028152466,3.21795010566711,-2.37405014038086,-1.39695012569427,-2.14904999732971,0.42300000786781,1.66095006465912,2.55000019073486,0.16224999725819,0.16224999725819,3.2569625377655,-2.97164988517761,-2.97164988517761,-4.86186265945435,0.52511250972748,0.52511250972748,-1.61548745632172,10.4890508651733,10.4890508651733,6.11805009841919,-0.54704999923706,-0.54704999923706,1.17405009269714,1.85295009613037,1.85295009613037,3.81705021858215,10.7761497497559,13.3240251541138,9.52572536468506,-16.4146118164062,-22.0900630950928,-26.4301128387451,-8.35422515869141,-13.3721494674683,-17.3320121765137,3.06705021858215,1.63695013523102,-1.32495009899139,2.41695022583008,3.5550000667572,2.11304998397827,5.43795013427734,-0.39000001549721,-6.30900049209595,0.23567499220371,0.23567499220371,-2.81641244888306,-30.9269123077393,-30.9269123077393,-37.7150115966797,-16.051887512207,-16.051887512207,-5.24205017089844,-6.33300018310547,-6.33300018310547,-22.0800018310547,-6.40800046920776,-6.40800046920776,-17.0419502258301,-8.50695037841797,-8.50695037841797,-5.0460000038147,-10.5439128875732,-8.56597518920898,-2.66323757171631,-36.9892883300781,-33.0478515625,-26.3148880004883,-4.23816251754761,-0.34430000185966,0.50751250982285,-34.855052947998,-30.0460510253906,-19.2780017852783,-29.1270008087158,-17.7600002288818,-7.49505043029785,-7.30995035171509,-5.70705032348633,-3.86595010757446,-7.12896251678467,-7.12896251678467,-1.99072504043579,-7.98159980773926,-7.98159980773926,-3.60470008850098,-3.76227498054504,-3.76227498054504,0.14231249690056,-12.9019508361816,-12.9019508361816,-7.31700038909912,-4.03200006484985,-4.03200006484985,-1.15500009059906,-0.15795001387596,-0.15795001387596,1.16805005073547,-1.8463499546051,-1.42573750019073,0.47740000486374,-3.57224988937378,-3.55684995651245,-4.31309986114502,0.41662499308586,1.48252499103546,2.15778756141663,-1.7370001077652,5.6100001335144,10.663950920105,1.40100002288818,1.41300010681152,-0.37500002980232,0.96900004148483,3.47700023651123,3.8209502696991,5.55183744430542,5.55183744430542,8.75352478027344,-13.2558250427246,-13.2558250427246,-25.8196125030518,-0.03575000166893,-0.03575000166893,-6.6420750617981,6.44895029067993,6.44895029067993,6.67800045013428,1.2150000333786,1.2150000333786,0.07200000435114,3.19905018806458,3.19905018806458,3.85005021095276,7.67910003662109,4.2986626625061,-4.23802518844604,-28.7750377655029,-28.9001617431641,-20.7383003234863,-9.08792495727539,-9.80210018157959,-5.10551261901855,6.81300020217896,2.85105013847351,-14.1120004653931,-0.1300500035286,-1.4760000705719,-9.528000831604,2.07300019264221,-3.18105006217957,-7.7790002822876,SHAKE
-2.66323757171631,-7.12896251678467,-7.12896251678467,-26.3148880004883,-7.98159980773926,-7.98159980773926,0.50751250982285,-3.76227498054504,-3.76227498054504,-19.2780017852783,-12.9019508361816,-12.9019508361816,-7.49505043029785,-4.03200006484985,-4.03200006484985,-3.86595010757446,-0.15795001387596,-0.15795001387596,-1.99072504043579,-1.8463499546051,-1.42573750019073,-3.60470008850098,-3.57224988937378,-3.55684995651245,0.14231249690056,0.41662499308586,1.48252499103546,-7.31700038909912,-1.7370001077652,5.6100001335144,-1.15500009059906,1.40100002288818,1.41300010681152,1.16805005073547,0.96900004148483,3.47700023651123,0.47740000486374,5.55183744430542,5.55183744430542,-4.31309986114502,-13.2558250427246,-13.2558250427246,2.15778756141663,-0.03575000166893,-0.03575000166893,10.663950920105,6.44895029067993,6.44895029067993,-0.37500002980232,1.2150000333786,1.2150000333786,3.8209502696991,3.19905018806458,3.19905018806458,8.75352478027344,7.67910003662109,4.2986626625061,-25.8196125030518,-28.7750377655029,-28.9001617431641,-6.6420750617981,-9.08792495727539,-9.80210018157959,6.67800045013428,6.81300020217896,2.85105013847351,0.07200000435114,-0.1300500035286,-1.4760000705719,3.85005021095276,2.07300019264221,-3.18105006217957,-4.23802518844604,-11.3409996032715,-11.3409996032715,-20.7383003234863,-12.9001121520996,-12.9001121520996,-5.10551261901855,19.1164875030518,19.1164875030518,-14.1120004653931,-31.5019512176514,-31.5019512176514,-9.528000831604,-24.6820507049561,-24.6820507049561,-7.7790002822876,-8.30100059509277,-8.30100059509277,-19.6679992675781,-23.0555877685547,-25.8003616333008,-22.0980377197266,-24.3402500152588,-26.7775745391846,19.786111831665,19.6098365783691,15.6707372665405,-37.044002532959,-32.1130523681641,-23.4589519500732,-26.824951171875,-14.9149503707886,-6.30495023727417,-11.1970500946045,-10.735050201416,-7.65195035934448,-25.637149810791,-18.0094757080078,-18.0094757080078,-24.1674118041992,-12.8360376358032,-12.8360376358032,-3.07642507553101,-2.73487496376038,-2.73487496376038,-15.3000011444092,-7.95195055007935,-7.95195055007935,-2.41800022125244,-1.76400005817413,-1.76400005817413,-3.3120002746582,-0.4650000333786,-0.4650000333786,-15.6084499359131,-12.8647747039795,2.07583737373352,-10.0830125808716,-8.02174949645996,-1.51084995269775,-2.59352493286133,-1.90299999713898,2.57193756103516,-2.22300004959106,1.0069500207901,5.39505004882812,0.23295001685619,-0.10605000704527,-0.84600001573563,-1.0969500541687,0.39705002307892,3.86700010299683,16.0554618835449,12.3227500915527,12.3227500915527,1.8293000459671,-17.1650867462158,-17.1650867462158,4.87629985809326,6.36473751068115,6.36473751068115,11.6820001602173,8.66400051116943,8.66400051116943,-0.87300002574921,1.68900012969971,1.68900012969971,5.51700019836426,5.31795024871826,5.31795024871826,16.5610504150391,6.94017505645752,-6.45851230621338,-22.6621990203857,-26.7405872344971,-28.0743370056152,3.3099000453949,0.08497499674559,0.67704999446869,6.58305025100708,0.98805004358292,-12.0570001602173,-0.99000006914139,-3.12600016593933,-9.52605056762695,6.38205051422119,0.17895001173019,-8.54100036621094,SHAKE
-23.0555877685547,-25.8003616333008,-25.637149810791,-24.3402500152588,-26.7775745391846,-24.1674118041992,19.6098365783691,15.6707372665405,-3.07642507553101,-32.1130523681641,-23.4589519500732,-15.3000011444092,-14.9149503707886,-6.30495023727417,-2.41800022125244,-10.735050201416,-7.65195035934448,-3.3120002746582,-18.0094757080078,-18.0094757080078,-15.6084499359131,-12.8360376358032,-12.8360376358032,-10.0830125808716,-2.73487496376038,-2.73487496376038,-2.59352493286133,-7.95195055007935,-7.95195055007935,-2.22300004959106,-1.76400005817413,-1.76400005817413,0.23295001685619,-0.4650000333786,-0.4650000333786,-1.0969500541687,-12.8647747039795,2.07583737373352,16.0554618835449,-8.02174949645996,-1.51084995269775,1.8293000459671,-1.90299999713898,2.57193756103516,4.87629985809326,1.0069500207901,5.39505004882812,11.6820001602173,-0.10605000704527,-0.84600001573563,-0.87300002574921,0.39705002307892,3.86700010299683,5.51700019836426,12.3227500915527,12.3227500915527,16.5610504150391,-17.1650867462158,-17.1650867462158,-22.6621990203857,6.36473751068115,6.36473751068115,3.3099000453949,8.66400051116943,8.66400051116943,6.58305025100708,1.68900012969971,1.68900012969971,-0.99000006914139,5.31795024871826,5.31795024871826,6.38205051422119,6.94017505645752,-6.45851230621338,-6.97674989700317,-26.7405872344971,-28.0743370056152,-8.52472496032715,0.08497499674559,0.67704999446869,12.2018871307373,0.98805004358292,-12.0570001602173,-25.689001083374,-3.12600016593933,-9.52605056762695,-18.9049510955811,0.17895001173019,-8.54100036621094,-10.5330009460449,-19.6202869415283,-19.6202869415283,-24.1082878112793,-15.2725372314453,-15.2725372314453,-17.110912322998,20.3746128082275,20.3746128082275,20.3572864532471,-31.4040012359619,-31.4040012359619,-28.0050010681152,-20.2030506134033,-20.2030506134033,-14.6350507736206,-15.9460506439209,-15.9460506439209,-15.1320009231567,-24.0873870849609,-18.8599128723145,-8.32686233520508,-17.9788131713867,-17.982250213623,-5.40306234359741,18.3044128417969,5.82229995727539,1.15458750724792,-22.0729503631592,-14.5930509567261,-7.53300046920776,-5.29905033111572,-1.8139500617981,0.79095005989075,-9.99705028533936,-1.68900012969971,1.6800000667572,-2.03252506256104,-2.03252506256104,3.87062501907349,-2.09508752822876,-2.09508752822876,-3.74825000762939,2.51831245422363,2.51831245422363,5.15625,-3.06105017662048,-3.06105017662048,5.7610502243042,1.68195009231567,1.68195009231567,-1.42800009250641,2.97405004501343,2.97405004501343,7.39005041122437,-5.78256225585938,-8.65796279907227,-8.65796279907227,-12.8775625228882,-24.0502624511719,-24.0502624511719,10.3310623168945,17.7007865905762,17.7007865905762,8.92305088043213,4.96095037460327,4.96095037460327,0.01695000007749,3.56205010414124,3.56205010414124,5.04795026779175,6.29100036621094,6.29100036621094,-10.4849252700806,-11.3304128646851,-6.03267478942871,-27.6023006439209,-25.6690502166748,-15.9248371124268,16.6036758422852,15.4560995101929,12.0062246322632,2.79600024223328,-1.46100008487701,-12.4740009307861,0.84600001573563,-1.34505009651184,-14.0550003051758,6.28305006027222,-0.7590000629425,-9.24000072479248,SHAKE
-19.6202869415283,-24.1082878112793,-24.0873870849609,-15.2725372314453,-17.110912322998,-17.9788131713867,20.3746128082275,20.3572864532471,18.3044128417969,-31.4040012359619,-28.0050010681152,-22.0729503631592,-20.2030506134033,-14.6350507736206,-5.29905033111572,-15.9460506439209,-15.1320009231567,-9.99705028533936,-18.8599128723145,-8.32686233520508,-2.03252506256104,-17.982250213623,-5.40306234359741,-2.09508752822876,5.82229995727539,1.15458750724792,2.51831245422363,-14.5930509567261,-7.53300046920776,-3.06105017662048,-1.8139500617981,0.79095005989075,1.68195009231567,-1.68900012969971,1.6800000667572,2.97405004501343,-2.03252506256104,3.87062501907349,-5.78256225585938,-2.09508752822876,-3.74825000762939,-12.8775625228882,2.51831245422363,5.15625,10.3310623168945,-3.06105017662048,5.7610502243042,8.92305088043213,1.68195009231567,-1.42800009250641,0.01695000007749,2.97405004501343,7.39005041122437,5.04795026779175,-8.65796279907227,-8.65796279907227,-10.4849252700806,-24.0502624511719,-24.0502624511719,-27.6023006439209,17.7007865905762,17.7007865905762,16.6036758422852,4.96095037460327,4.96095037460327,2.79600024223328,3.56205010414124,3.56205010414124,0.84600001573563,6.29100036621094,6.29100036621094,6.28305006027222,-11.3304128646851,-6.03267478942871,-14.8699369430542,-25.6690502166748,-15.9248371124268,-5.56077480316162,15.4560995101929,12.0062246322632,17.5379867553711,-1.46100008487701,-12.4740009307861,-27.79905128479,-1.34505009651184,-14.0550003051758,-19.5130500793457,-0.7590000629425,-9.24000072479248,-3.77505016326904,-27.4004497528076,-27.4004497528076,-28.8787117004395,-9.97507476806641,-9.97507476806641,-8.56212520599365,20.4693508148193,20.4693508148193,20.7017250061035,-29.3920516967773,-29.3920516967773,-29.5050010681152,-23.521951675415,-23.521951675415,-14.3620510101318,-23.5309505462646,-23.5309505462646,-14.3010005950928,-25.8076496124268,-15.9145250320435,-15.9145250320435,-8.79326248168945,-8.34226226806641,-8.34226226806641,18.8344745635986,4.99276256561279,4.99276256561279,-21.0070514678955,-12.1890001296997,-12.1890001296997,-5.05395030975342,-0.05100000277162,-0.05100000277162,-10.2649507522583,-2.68005013465881,-2.68005013465881,-0.37014999985695,1.53133749961853,0.61049997806549,-0.06875000149012,-2.17387509346008,-10.9866628646851,2.8089873790741,2.85078740119934,3.68046259880066,-0.27600002288818,4.7790002822876,8.41499996185303,0.63300001621246,-5.73900032043457,1.07595002651215,6.53295040130615,16.1220016479492,10.6330509185791,0.61049997806549,-7.31651258468628,-7.31651258468628,-10.9866628646851,-28.4701995849609,-28.4701995849609,3.68046259880066,20.5327377319336,20.5327377319336,8.41499996185303,0.73200005292893,0.73200005292893,1.07595002651215,-2.14005017280579,-2.14005017280579,10.6330509185791,6.264000415802,6.264000415802,-8.88016223907471,-12.2710494995117,-13.2969369888306,-27.597074508667,-17.1927242279053,-2.27644991874695,20.4296131134033,21.2975120544434,12.965012550354,-3.3600001335144,-10.6030502319336,-17.0740509033203,-2.64300012588501,-15.5299510955811,-12.6949510574341,-1.99305009841919,1.72305011749268,-8.12205028533936,SHAKE
-26.5527629852295,-22.9967365264893,-14.6861000061035,-8.08513736724854,-9.23821258544922,-12.0517377853394,13.9991502761841,12.5251502990723,5.9818000793457,-34.0020027160645,-25.2580509185791,-17.131950378418,-19.8150005340576,-8.21805000305176,-3.8689501285553,-11.6449508666992,-9.82695007324219,-4.91205024719238,2.52436256408691,2.52436256408691,7.87160015106201,1.54467499256134,1.54467499256134,4.68421268463135,3.97003746032715,3.97003746032715,5.02961254119873,-10.1860504150391,-10.1860504150391,-4.20795011520386,-2.88195013999939,-2.88195013999939,-7.56405019760132,0.65505003929138,0.65505003929138,7.47405052185059,7.37178754806519,5.45338726043701,-3.3411123752594,1.78474998474121,-2.12437510490417,-13.0755624771118,3.76942491531372,3.50363755226135,4.3058123588562,-0.22800001502037,6.2590503692627,10.7550001144409,-1.39695012569427,2.13705015182495,7.95900058746338,12.8119506835938,3.82905006408691,0.86400002241135,-11.7728872299194,-11.7728872299194,-8.09861278533936,-25.5754127502441,-25.5754127502441,-25.8531627655029,16.3865623474121,16.3865623474121,16.9906005859375,5.44695043563843,5.44695043563843,-3.96195030212402,1.80105006694794,1.80105006694794,-8.56995010375977,6.82200050354004,6.82200050354004,-0.550950050354,-8.09861278533936,-8.16268730163574,-10.6933746337891,-25.8531627655029,-20.5059242248535,-13.5103378295898,16.9906005859375,15.4681997299194,14.9304370880127,-3.96195030212402,-6.639000415802,-17.0290508270264,-8.56995010375977,-11.2890005111694,-15.9520511627197,-0.550950050354,-6.48795032501221,-6.16995048522949,-17.6473007202148,-17.6473007202148,-17.0181007385254,-19.2645740509033,-19.2645740509033,-15.4167747497559,20.6217002868652,20.6217002868652,21.7731246948242,-31.677001953125,-31.677001953125,-20.8780517578125,-23.6250019073486,-23.6250019073486,-6.46005010604858,-10.3920001983643,-10.3920001983643,-9.06795024871826,-17.0181007385254,-6.03583765029907,-6.03583765029907,-15.4167747497559,-8.09049987792969,-8.09049987792969,21.7731246948242,11.3430624008179,11.3430624008179,-20.8780517578125,-14.0539503097534,-14.0539503097534,-6.46005010604858,-4.20195007324219,-4.20195007324219,-9.06795024871826,-3.47295022010803,-3.47295022010803,6.63726234436035,6.63726234436035,4.50546264648438,4.38721227645874,4.38721227645874,0.96621251106262,5.64836263656616,5.64836263656616,4.06559991836548,-3.95205020904541,-3.95205020904541,-0.98505002260208,-6.81195020675659,-6.81195020675659,-0.74805003404617,7.9480504989624,7.9480504989624,7.30905055999756,-1.62511253356934,-7.83557510375977,-11.9332122802734,-5.78283739089966,-15.796275138855,-24.1818504333496,2.38892507553101,1.08597505092621,10.9496746063232,3.93105030059814,7.5450005531311,3.35700011253357,2.03400015830994,3.8730001449585,1.25100004673004,2.67900013923645,3.70905017852783,3.682950258255,-7.83846235275269,-7.83846235275269,-4.48978757858276,-26.1508502960205,-26.1508502960205,-24.613187789917,11.0177373886108,11.0177373886108,9.46329975128174,0.17805001139641,0.17805001139641,-2.2350001335144,-2.74995017051697,-2.74995017051697,-3.71295022964478,4.22595024108887,4.22595024108887,1.08405005931854,SHAKE
-17.0181007385254,-6.03583765029907,-6.03583765029907,-15.4167747497559,-8.09049987792969,-8.09049987792969,21.7731246948242,11.3430624008179,11.3430624008179,-20.8780517578125,-14.0539503097534,-14.0539503097534,-6.46005010604858,-4.20195007324219,-4.20195007324219,-9.06795024871826,-3.47295022010803,-3.47295022010803,6.63726234436035,6.63726234436035,4.50546264648438,4.38721227645874,4.38721227645874,0.96621251106262,5.64836263656616,5.64836263656616,4.06559991836548,-3.95205020904541,-3.95205020904541,-0.98505002260208,-6.81195020675659,-6.81195020675659,-0.74805003404617,7.9480504989624,7.9480504989624,7.30905055999756,-1.62511253356934,-7.83557510375977,-11.9332122802734,-5.78283739089966,-15.796275138855,-24.1818504333496,2.38892507553101,1.08597505092621,10.9496746063232,3.93105030059814,7.5450005531311,3.35700011253357,2.03400015830994,3.8730001449585,1.25100004673004,2.67900013923645,3.70905017852783,3.682950258255,-7.83846235275269,-7.83846235275269,-4.48978757858276,-26.1508502960205,-26.1508502960205,-24.613187789917,11.0177373886108,11.0177373886108,9.46329975128174,0.17805001139641,0.17805001139641,-2.2350001335144,-2.74995017051697,-2.74995017051697,-3.71295022964478,4.22595024108887,4.22595024108887,1.08405005931854,-5.65001249313354,-9.64878749847412,-22.3665752410889,-18.7174625396729,-8.1934871673584,-15.3902378082275,9.64260005950928,10.4494495391846,18.1719989776611,-5.34405040740967,-11.451000213623,-27.9739513397217,-8.10795021057129,-13.5330009460449,-16.9530010223389,-4.67805004119873,-3.63105010986328,-7.48905038833618,-27.1911754608154,-27.1911754608154,-22.7701377868652,-14.3571996688843,-14.3571996688843,-10.6093626022339,20.37571144104,20.37571144104,21.0905742645264,-33.7699508666992,-33.7699508666992,-24.6949520111084,-20.4640502929688,-20.4640502929688,-7.83495044708252,-11.2420501708984,-11.2420501708984,-11.0749502182007,-5.39027500152588,11.1032629013062,14.664924621582,-5.15019989013672,9.59420013427734,9.86452484130859,14.4247121810913,9.378737449646,8.35656261444092,-16.9210510253906,-11.6329507827759,-6.70395040512085,-3.10305023193359,-5.23395013809204,-5.8759503364563,-6.60795021057129,-0.96000003814697,5.81595039367676,11.148362159729,11.148362159729,-2.14692497253418,5.86630010604858,5.86630010604858,-4.67458724975586,5.9907374382019,5.9907374382019,2.16438746452332,-1.51200008392334,-1.51200008392334,3.04305005073547,-4.29300022125244,-4.29300022125244,2.35905003547668,9.8929500579834,9.8929500579834,4.99995040893555,-15.6875123977661,-30.8837375640869,-26.3665866851807,-14.4211378097534,-28.0576992034912,-32.4486236572266,1.02698755264282,12.2190752029419,12.2567501068115,6.69495010375977,3.21300005912781,-0.20895001292229,3.85605025291443,-1.21800005435944,-0.53295004367828,-0.33105000853539,5.53095006942749,6.9330005645752,-19.6284008026123,-11.0880002975464,-4.64447498321533,-30.7400493621826,-26.2299118041992,-14.6106128692627,11.2912244796753,9.71327495574951,7.15811252593994,-1.16700005531311,-2.29500007629395,-7.64295053482056,-1.66995012760162,-4.16100025177002,-11.0419502258301,0.19095000624657,-3.78195023536682,-5.93295049667358,SHAKE
-22.7701377868652,-5.39027500152588,11.1032629013062,-10.6093626022339,-5.15019989013672,9.59420013427734,21.0905742645264,14.4247121810913,9.378737449646,-24.6949520111084,-16.9210510253906,-11.6329507827759,-7.83495044708252,-3.10305023193359,-5.23395013809204,-11.0749502182007,-6.60795021057129,-0.96000003814697,14.664924621582,11.148362159729,11.148362159729,9.86452484130859,5.86630010604858,5.86630010604858,8.35656261444092,5.9907374382019,5.9907374382019,-6.70395040512085,-1.51200008392334,-1.51200008392334,-5.8759503364563,-4.29300022125244,-4.29300022125244,5.81595039367676,9.8929500579834,9.8929500579834,-2.14692497253418,-15.6875123977661,-30.8837375640869,-4.67458724975586,-14.4211378097534,-28.0576992034912,2.16438746452332,1.02698755264282,12.2190752029419,3.04305005073547,6.69495010375977,3.21300005912781,2.35905003547668,3.85605025291443,-1.21800005435944,4.99995040893555,-0.33105000853539,5.53095006942749,-26.3665866851807,-19.6284008026123,-11.0880002975464,-32.4486236572266,-30.7400493621826,-26.2299118041992,12.2567501068115,11.2912244796753,9.71327495574951,-0.20895001292229,-1.16700005531311,-2.29500007629395,-0.53295004367828,-1.66995012760162,-4.16100025177002,6.9330005645752,0.19095000624657,-3.78195023536682,-4.64447498321533,-11.900899887085,-11.900899887085,-14.6106128692627,-14.5392503738403,-14.5392503738403,7.15811252593994,18.1304740905762,18.1304740905762,-7.64295053482056,-18.1590003967285,-18.1590003967285,-11.0419502258301,-16.4569511413574,-16.4569511413574,-5.93295049667358,0.56700003147125,0.56700003147125,-18.922887802124,-16.5404243469238,-16.5404243469238,-14.2245121002197,-7.62561225891113,-7.62561225891113,21.4171371459961,23.5538883209229,23.5538883209229,-28.2019519805908,-26.086950302124,-26.086950302124,-23.9509506225586,-15.8800506591797,-15.8800506591797,-9.25695037841797,-5.89395046234131,-5.89395046234131,-2.76484990119934,4.22042512893677,9.50152492523193,-0.07026249915361,7.63840007781982,9.42727470397949,16.7140865325928,7.36670017242432,5.33472490310669,-17.8699512481689,-11.2999505996704,-7.97805023193359,-8.57295036315918,-6.56100034713745,-3.96705007553101,-6.83505010604858,-1.68600010871887,1.72095012664795,5.76881265640259,-1.40868747234344,-1.40868747234344,4.5324125289917,-3.0222499370575,-3.0222499370575,3.62505006790161,1.57822501659393,1.57822501659393,-4.52205038070679,-3.21000003814697,-3.21000003814697,-4.44600009918213,-2.47695016860962,-2.47695016860962,2.95695018768311,5.75400018692017,5.75400018692017,-6.41272497177124,-7.9539623260498,-3.62463736534119,-8.26045036315918,-12.7612371444702,-17.2565250396729,0.81042498350143,1.21206247806549,0.43683749437332,-0.23295001685619,2.47800016403198,3.82605028152466,-0.06105000153184,3.47805023193359,1.77795004844666,4.18095016479492,2.78700017929077,0.59295004606247,1.96858751773834,5.65565013885498,4.88702487945557,-15.4933624267578,-14.0438375473022,-9.19792461395264,-5.10441255569458,-6.57827472686768,-6.70546245574951,0.85095006227493,-1.6429500579834,-4.27095031738281,-2.80800008773804,-3.39495015144348,-5.55495023727417,4.36500024795532,2.581050157547,-3.11595010757446,SHAKE
-2.76484990119934,4.22042512893677,9.50152492523193,-0.07026249915361,7.63840007781982,9.42727470397949,16.7140865325928,7.36670017242432,5.33472490310669,-17.8699512481689,-11.2999505996704,-7.97805023193359,-8.57295036315918,-6.56100034713745,-3.96705007553101,-6.83505010604858,-1.68600010871887,1.72095012664795,5.76881265640259,-1.40868747234344,-1.40868747234344,4.5324125289917,-3.0222499370575,-3.0222499370575,3.62505006790161,1.57822501659393,1.57822501659393,-4.52205038070679,-3.21000003814697,-3.21000003814697,-4.44600009918213,-2.47695016860962,-2.47695016860962,2.95695018768311,5.75400018692017,5.75400018692017,-6.41272497177124,-7.9539623260498,-3.62463736534119,-8.26045036315918,-12.7612371444702,-17.2565250396729,0.81042498350143,1.21206247806549,0.43683749437332,-0.23295001685619,2.47800016403198,3.82605028152466,-0.06105000153184,3.47805023193359,1.77795004844666,4.18095016479492,2.78700017929077,0.59295004606247,1.96858751773834,5.65565013885498,4.88702487945557,-15.4933624267578,-14.0438375473022,-9.19792461395264,-5.10441255569458,-6.57827472686768,-6.70546245574951,0.85095006227493,-1.6429500579834,-4.27095031738281,-2.80800008773804,-3.39495015144348,-5.55495023727417,4.36500024795532,2.581050157547,-3.11595010757446,4.88702487945557,-20.2630996704102,-20.2630996704102,-9.19792461395264,-17.2200870513916,-17.2200870513916,-6.70546245574951,13.8635749816895,13.8635749816895,-4.27095031738281,-19.0690517425537,-19.0690517425537,-5.55495023727417,-15.1879510879517,-15.1879510879517,-3.11595010757446,0.32205000519753,0.32205000519753,-22.9959125518799,-18.7607746124268,-18.7607746124268,-15.7837619781494,-12.7788372039795,-12.7788372039795,16.6860370635986,17.6660003662109,17.6660003662109,-28.4149513244629,-26.6569519042969,-26.6569519042969,-23.6830520629883,-14.6509504318237,-14.6509504318237,-8.14095020294189,-4.48395013809204,-4.48395013809204,-3.34743738174438,6.55778741836548,7.67140007019043,-2.49837493896484,7.72571229934692,7.43228769302368,9.81571197509766,6.4880747795105,5.15570020675659,-17.5150508880615,-12.3730506896973,-9.65205001831055,-5.94300031661987,-3.96000027656555,-4.0339503288269,-7.33095026016235,-3.58500027656555,1.66395008563995,3.00038743019104,-4.732337474823,-4.732337474823,2.933424949646,-4.41650009155273,-4.41650009155273,3.42691254615784,1.49696254730225,1.49696254730225,-5.89005041122437,-2.007000207901,-2.007000207901,-3.57000017166138,-3.32805013656616,-3.32805013656616,4.38705015182495,7.16700029373169,7.16700029373169,-10.3112621307373,-11.9865627288818,-16.9545745849609,-10.059775352478,-13.1176376342773,-20.5882873535156,0.53432500362396,1.17301249504089,8.16763782501221,1.47405004501343,3.97200012207031,2.23605012893677,-0.91095006465912,4.2199501991272,2.09100008010864,5.68695020675659,-4.4719500541687,3.09300017356873,-16.4896869659424,-13.0286750793457,-13.0286750793457,-26.8588371276855,-28.5320739746094,-28.5320739746094,19.0858249664307,20.6031379699707,20.6031379699707,0.50400000810623,0.10395000129938,0.10395000129938,0.19005000591278,-4.21905040740967,-4.21905040740967,3.91995024681091,-1.91805005073547,-1.91805005073547,SHAKE
-18.7607746124268,-3.34743738174438,6.55778741836548,-12.7788372039795,-2.49837493896484,7.72571229934692,17.6660003662109,9.81571197509766,6.4880747795105,-26.6569519042969,-17.5150508880615,-12.3730506896973,-14.6509504318237,-5.94300031661987,-3.96000027656555,-4.48395013809204,-7.33095026016235,-3.58500027656555,7.67140007019043,3.00038743019104,-4.732337474823,7.43228769302368,2.933424949646,-4.41650009155273,5.15570020675659,3.42691254615784,1.49696254730225,-9.65205001831055,-5.89005041122437,-2.007000207901,-4.0339503288269,-3.57000017166138,-3.32805013656616,1.66395008563995,4.38705015182495,7.16700029373169,-4.732337474823,-10.3112621307373,-11.9865627288818,-4.41650009155273,-10.059775352478,-13.1176376342773,1.49696254730225,0.53432500362396,1.17301249504089,-2.007000207901,1.47405004501343,3.97200012207031,-3.32805013656616,-0.91095006465912,4.2199501991272,7.16700029373169,5.68695020675659,-4.4719500541687,-16.9545745849609,-16.4896869659424,-13.0286750793457,-20.5882873535156,-26.8588371276855,-28.5320739746094,8.16763782501221,19.0858249664307,20.6031379699707,2.23605012893677,0.50400000810623,0.10395000129938,2.09100008010864,0.19005000591278,-4.21905040740967,3.09300017356873,3.91995024681091,-1.91805005073547,-13.0286750793457,-14.6269750595093,-12.2760000228882,-28.5320739746094,-31.7953624725342,-31.1911869049072,20.6031379699707,23.6689739227295,28.3327007293701,0.10395000129938,-0.38595002889633,-13.1680507659912,-4.21905040740967,-9.31500053405762,-18.5359516143799,-1.91805005073547,-2.5770001411438,-2.90805006027222,-9.98635005950928,-8.7624626159668,-1.08171248435974,-26.6191749572754,-18.4728507995605,-4.81497478485107,22.0457878112793,21.8794116973877,20.1033248901367,-23.9359512329102,-22.7530517578125,-18.3529510498047,-24.928050994873,-19.326000213623,-11.4160509109497,-4.39305019378662,-7.44105052947998,-8.48295021057129,-1.08171248435974,7.61433744430542,9.7626371383667,-4.81497478485107,7.74111223220825,13.1965627670288,20.1033248901367,10.3358745574951,6.63959980010986,-18.3529510498047,-14.6790008544922,-10.3900508880615,-11.4160509109497,-10.3570508956909,-8.66400051116943,-8.48295021057129,-3.25005006790161,1.74495005607605,8.43576240539551,4.83243751525879,0.70633751153946,10.0618371963501,3.27126240730286,-2.24207496643066,5.55692481994629,3.87461256980896,2.37214994430542,-7.20405054092407,-3.88005018234253,-0.96105003356934,-4.82505035400391,-2.76000022888184,-1.06200003623962,3.99105024337769,3.46005010604858,3.75195026397705,0.70633751153946,-0.21463750302792,2.93617486953735,-2.24207496643066,-6.44173765182495,-9.20136260986328,2.37214994430542,1.34571254253387,0.20473749935627,-0.96105003356934,1.35705006122589,3.79200029373169,-1.06200003623962,1.03005003929138,4.29704999923706,3.75195026397705,4.38195037841797,1.3860000371933,13.1378498077393,18.5879383087158,16.1334247589111,-10.5565624237061,-15.5887870788574,-13.8092622756958,-6.13043737411499,-12.1077003479004,-13.2225503921509,2.49195003509521,0.55905002355576,-4.5600004196167,3.81300020217896,-2.47695016860962,-6.53505039215088,-0.52500003576279,2.74095010757446,-0.01395000051707,SHAKE
7.61433744430542,9.7626371383667,8.43576240539551,7.74111223220825,13.1965627670288,10.0618371963501,10.3358745574951,6.63959980010986,5.55692481994629,-14.6790008544922,-10.3900508880615,-7.20405054092407,-10.3570508956909,-8.66400051116943,-4.82505035400391,-3.25005006790161,1.74495005607605,3.99105024337769,4.83243751525879,0.70633751153946,0.70633751153946,3.27126240730286,-2.24207496643066,-2.24207496643066,3.87461256980896,2.37214994430542,2.37214994430542,-3.88005018234253,-0.96105003356934,-0.96105003356934,-2.76000022888184,-1.06200003623962,-1.06200003623962,3.46005010604858,3.75195026397705,3.75195026397705,-0.21463750302792,2.93617486953735,13.1378498077393,-6.44173765182495,-9.20136260986328,-10.5565624237061,1.34571254253387,0.20473749935627,-6.13043737411499,1.35705006122589,3.79200029373169,2.49195003509521,1.03005003929138,4.29704999923706,3.81300020217896,4.38195037841797,1.3860000371933,-0.52500003576279,18.5879383087158,16.1334247589111,1.90629994869232,-15.5887870788574,-13.8092622756958,-5.65798759460449,-12.1077003479004,-13.2225503921509,-8.22126293182373,0.55905002355576,-4.5600004196167,-9.6109504699707,-2.47695016860962,-6.53505039215088,-12.0889501571655,2.74095010757446,-0.01395000051707,-2.74200010299683,1.90629994869232,-25.8303375244141,-27.0777378082275,-5.65798759460449,-2.80568742752075,0.60912501811981,-8.22126293182373,7.04233741760254,9.39028739929199,-9.6109504699707,-21.984001159668,-21.984001159668,-12.0889501571655,-14.6230506896973,-14.6230506896973,-2.74200010299683,-9.53205013275146,-9.53205013275146,-23.0657615661621,-10.6525373458862,1.7297500371933,3.99904990196228,0.54958748817444,3.70301246643066,11.6441869735718,8.42737483978271,4.88922500610352,-26.4460506439209,-21.1410007476807,-13.6380004882812,-21.1249504089355,-12.4380006790161,-7.2940502166748,-8.90505027770996,-5.1109504699707,-3.72900009155273,1.7297500371933,3.73188757896423,0.59427499771118,3.70301246643066,3.57582497596741,0.40892499685287,4.88922500610352,3.37136244773865,2.3423125743866,-13.6380004882812,-7.60005044937134,-4.72305011749268,-7.2940502166748,-5.58600044250488,-2.0749499797821,-3.72900009155273,-0.37800002098084,3.94395017623901,-2.20137500762939,-3.64883756637573,-1.57286250591278,-3.23908758163452,-6.72897481918335,-9.132887840271,0.72173750400543,0.02213750034571,0.67925000190735,-0.92700004577637,1.8840000629425,2.10405015945435,-1.19895005226135,0.36705002188683,4.29704999923706,4.08000040054321,4.65195035934448,1.30695009231567,-1.57286250591278,5.87647485733032,13.2924003601074,-9.132887840271,-11.3779878616333,-14.7615871429443,0.67925000190735,-0.81702500581741,-9.53108787536621,2.10405015945435,1.26105010509491,-0.33600002527237,4.29704999923706,-1.89300012588501,-5.08095026016235,1.30695009231567,1.70400011539459,2.7940502166748,8.22002506256104,-0.50668752193451,-0.50668752193451,-12.4881620407104,-5.54551267623901,-5.54551267623901,-11.0908870697021,-10.6152753829956,-10.6152753829956,-5.83905029296875,-9.8730001449585,-9.8730001449585,-11.6740503311157,-16.1459999084473,-16.1459999084473,0.94305002689362,-2.26095008850098,-2.26095008850098,SHAKE
0.89099997282028,-0.79337501525879,-0.79337501525879,1.66361248493195,-0.62026250362396,-0.62026250362396,4.88922500610352,4.21465015411377,4.21465015411377,-10.8499507904053,-10.0470008850098,-10.0470008850098,-3.08295011520386,-2.45100021362305,-2.45100021362305,-2.62500023841858,0.05895000323653,0.05895000323653,-1.47399997711182,-1.17328751087189,0.88852500915527,-2.37916254997253,-3.56826257705688,-4.51962518692017,3.44781255722046,3.06363749504089,2.79867506027222,-7.56600046157837,-3.82500028610229,-0.45300000905991,-2.43195009231567,-2.86305022239685,-1.60605013370514,1.84800004959106,4.03695011138916,5.38800048828125,5.29333734512329,5.29333734512329,13.6147003173828,-4.4389123916626,-4.4389123916626,-4.3293251991272,1.50851249694824,1.50851249694824,0.26757499575615,3.43995022773743,3.43995022773743,3.21300005912781,1.87305009365082,1.87305009365082,6.63195037841797,2.45400023460388,2.45400023460388,-1.60005009174347,18.2100868225098,15.1562128067017,5.10042476654053,-9.78848743438721,-11.1809501647949,-6.4560375213623,-1.93050003051758,-4.04951238632202,-3.65639996528625,-0.46005001664162,-6.71100044250488,-10.6939506530762,-0.90405005216599,-6.19200038909912,-12.5080509185791,4.02300024032593,2.09895014762878,-2.04105019569397,-13.5524120330811,-13.5524120330811,-24.4256381988525,-4.69040012359619,-4.69040012359619,1.51827502250671,-1.71875,-1.71875,-0.26578751206398,-6.6340503692627,-6.6340503692627,-9.25695037841797,-12.0120010375977,-12.0120010375977,-10.5970506668091,-7.93200016021729,-7.93200016021729,-10.7580003738403,-22.2714252471924,-16.3809242248535,-5.95993757247925,4.55537509918213,1.13987493515015,0.68626248836517,1.04156243801117,1.59334993362427,1.07868754863739,-16.5910511016846,-20.9160003662109,-16.6620006561279,-20.0040016174316,-15.973051071167,-8.86695003509521,-12.8950510025024,-7.69005060195923,-4.8600001335144,-0.41084998846054,-0.41084998846054,-1.84263753890991,1.35217499732971,1.35217499732971,-1.7656375169754,1.72548747062683,1.72548747062683,1.57066249847412,-11.3620510101318,-11.3620510101318,-5.45400047302246,-4.09200000762939,-4.09200000762939,-5.15505027770996,-5.16405010223389,-5.16405010223389,1.44300007820129,-2.09041237831116,-1.81678748130798,-1.81678748130798,-3.75278759002686,-5.1530876159668,-5.1530876159668,1.47922503948212,2.13138747215271,2.13138747215271,-4.90800046920776,-2.22300004959106,-2.22300004959106,-1.64595007896423,1.27695000171661,1.27695000171661,3.10305023193359,-0.19605000317097,-0.19605000317097,-0.74951249361038,3.43268752098083,21.4704875946045,-5.52736234664917,-5.58799982070923,-15.5120620727539,2.79633736610413,4.79352474212646,-3.58311247825623,2.29800009727478,3.55305027961731,-1.15905010700226,3.09705018997192,3.70995020866394,-3.36105012893677,3.65895009040833,-2.22705006599426,4.29105043411255,21.4704875946045,19.604887008667,6.25198745727539,-15.5120620727539,-16.9173126220703,-13.4231624603271,-3.58311247825623,-5.66623735427856,-7.54008722305298,-1.15905010700226,-2.99595022201538,-5.6380500793457,-3.36105012893677,-4.90605020523071,-11.2789506912231,4.29105043411255,2.73600006103516,-3.50595021247864,SHAKE
-0.41084998846054,-0.41084998846054,-1.84263753890991,1.35217499732971,1.35217499732971,-1.7656375169754,1.72548747062683,1.72548747062683,1.57066249847412,-11.3620510101318,-11.3620510101318,-5.45400047302246,-4.09200000762939,-4.09200000762939,-5.15505027770996,-5.16405010223389,-5.16405010223389,1.44300007820129,-2.09041237831116,-1.81678748130798,-1.81678748130798,-3.75278759002686,-5.1530876159668,-5.1530876159668,1.47922503948212,2.13138747215271,2.13138747215271,-4.90800046920776,-2.22300004959106,-2.22300004959106,-1.64595007896423,1.27695000171661,1.27695000171661,3.10305023193359,-0.19605000317097,-0.19605000317097,-0.74951249361038,3.43268752098083,21.4704875946045,-5.52736234664917,-5.58799982070923,-15.5120620727539,2.79633736610413,4.79352474212646,-3.58311247825623,2.29800009727478,3.55305027961731,-1.15905010700226,3.09705018997192,3.70995020866394,-3.36105012893677,3.65895009040833,-2.22705006599426,4.29105043411255,21.4704875946045,19.604887008667,6.25198745727539,-15.5120620727539,-16.9173126220703,-13.4231624603271,-3.58311247825623,-5.66623735427856,-7.54008722305298,-1.15905010700226,-2.99595022201538,-5.6380500793457,-3.36105012893677,-4.90605020523071,-11.2789506912231,4.29105043411255,2.73600006103516,-3.50595021247864,6.25198745727539,-16.6801242828369,-20.962287902832,-13.4231624603271,-6.86083745956421,1.82531249523163,-7.54008722305298,-1.16242504119873,4.08704996109009,-5.6380500793457,-8.80200004577637,-24.2449512481689,-11.2789506912231,-14.8210506439209,-24.6840019226074,-3.50595021247864,-8.22900009155273,-7.25700044631958,-19.5652866363525,-9.83083724975586,-9.83083724975586,5.3579626083374,4.49240016937256,4.49240016937256,6.39375019073486,7.74730014801025,7.74730014801025,-28.3000507354736,-21.6340503692627,-21.6340503692627,-25.5250511169434,-10.1220006942749,-10.1220006942749,-8.93595027923584,-5.22600030899048,-5.22600030899048,-1.16489994525909,-0.5711749792099,-0.96016252040863,3.51106238365173,2.03953742980957,-0.39599999785423,6.42097473144531,4.37098741531372,3.54158759117126,-15.1200008392334,-10.7320508956909,-6.2989501953125,-3.83295011520386,-1.99095010757446,-4.51605033874512,-3.27195024490356,0.46605002880096,4.25699996948242,-1.552374958992,-0.94201248884201,-0.94201248884201,-3.14022493362427,-5.41612482070923,-5.41612482070923,2.90317487716675,3.82978749275208,3.82978749275208,-4.23195028305054,-1.60500001907349,-1.60500001907349,-1.1580001115799,0.91095006465912,0.91095006465912,7.2940502166748,3.4789502620697,3.4789502620697,2.72167491912842,11.1208620071411,15.782112121582,-6.57153749465942,-7.89305019378662,-11.8232126235962,4.32905006408691,2.01410007476807,-1.88718748092651,1.35405004024506,3.12900018692017,1.69395005702972,2.72100019454956,2.62500023841858,-1.32495009899139,1.43595004081726,-1.26705002784729,1.70700013637543,17.6657257080078,16.6898880004883,16.6898880004883,-13.9771499633789,-11.5417499542236,-11.5417499542236,-4.9768123626709,-6.7783374786377,-6.7783374786377,-2.81400012969971,-6.03105020523071,-6.03105020523071,-0.30495002865791,-0.83400005102158,-0.83400005102158,4.18800020217896,3.61500024795532,3.61500024795532,SHAKE
-1.16489994525909,-0.5711749792099,-0.96016252040863,3.51106238365173,2.03953742980957,-0.39599999785423,6.42097473144531,4.37098741531372,3.54158759117126,-15.1200008392334,-10.7320508956909,-6.2989501953125,-3.83295011520386,-1.99095010757446,-4.51605033874512,-3.27195024490356,0.46605002880096,4.25699996948242,-1.552374958992,-0.94201248884201,-0.94201248884201,-3.14022493362427,-5.41612482070923,-5.41612482070923,2.90317487716675,3.82978749275208,3.82978749275208,-4.23195028305054,-1.60500001907349,-1.60500001907349,-1.1580001115799,0.91095006465912,0.91095006465912,7.2940502166748,3.4789502620697,3.4789502620697,2.72167491912842,11.1208620071411,15.782112121582,-6.57153749465942,-7.89305019378662,-11.8232126235962,4.32905006408691,2.01410007476807,-1.88718748092651,1.35405004024506,3.12900018692017,1.69395005702972,2.72100019454956,2.62500023841858,-1.32495009899139,1.43595004081726,-1.26705002784729,1.70700013637543,17.6657257080078,16.6898880004883,16.6898880004883,-13.9771499633789,-11.5417499542236,-11.5417499542236,-4.9768123626709,-6.7783374786377,-6.7783374786377,-2.81400012969971,-6.03105020523071,-6.03105020523071,-0.30495002865791,-0.83400005102158,-0.83400005102158,4.18800020217896,3.61500024795532,3.61500024795532,4.65409994125366,-8.88029956817627,-17.3395748138428,-4.34087514877319,5.50701236724854,10.1620750427246,-6.80130004882812,-3.55671238899231,-2.07308745384216,-8.52705001831055,-5.57805013656616,-14.8159503936768,-6.14400005340576,-6.79605054855347,-10.1820001602173,2.84895014762878,-7.20900011062622,-5.44395017623901,-21.0660991668701,-17.5844631195068,-17.5844631195068,9.78697490692139,5.78462505340576,5.78462505340576,-1.59046244621277,0.27610000967979,0.27610000967979,-26.8080005645752,-26.0050506591797,-26.0050506591797,-20.9100017547607,-15.6360006332397,-15.6360006332397,-7.39095020294189,-3.8970000743866,-3.8970000743866,-8.32631206512451,-2.56781244277954,-0.90653747320175,2.00598740577698,1.82063746452332,0.93940001726151,0.37523749470711,0.54628747701645,1.3223375082016,-16.8130512237549,-9.97095012664795,-7.75500059127808,-6.69000053405762,-1.29900002479553,0.01200000010431,-3.35805010795593,-1.7700001001358,1.87695014476776,-0.90653747320175,1.32316243648529,1.32316243648529,0.93940001726151,-2.02482509613037,-2.02482509613037,1.3223375082016,2.92613744735718,2.92613744735718,-6.61800050735474,-1.68600010871887,-1.68600010871887,0.36405003070831,0.38400000333786,0.38400000333786,3.12000012397766,5.95995044708252,5.95995044708252,13.1953248977661,13.1953248977661,16.4467868804932,-6.50223731994629,-6.50223731994629,-12.7289247512817,2.31632494926453,2.31632494926453,1.14125001430511,4.74105024337769,4.74105024337769,1.40205001831055,1.45395004749298,1.45395004749298,0.60600000619888,-3.86805009841919,-3.86805009841919,3.10995006561279,15.2086000442505,8.74527454376221,-5.97396230697632,-16.6141242980957,-15.937762260437,-9.64136219024658,-0.67966252565384,-2.54333758354187,-2.11901259422302,-2.58705019950867,-4.87200021743774,-6.73695039749146,-0.69300001859665,-2.90400004386902,-8.57805061340332,3.93600010871887,1.78095006942749,-2.99100017547607,SHAKE
-3.40532493591309,-0.1387374997139,-0.29658749699593,5.62031269073486,2.47623753547668,0.78773748874664,7.550950050354,3.79871249198914,2.38658738136292,-23.2849502563477,-16.1280002593994,-8.80200004577637,-10.8120002746582,-7.21500015258789,-4.78605031967163,-3.82695007324219,0.38505002856255,5.53905010223389,0.09844999760389,0.09844999760389,1.70018744468689,-1.0506374835968,-1.0506374835968,-4.81855010986328,1.98164999485016,1.98164999485016,2.25994992256165,-3.16200017929077,-3.16200017929077,1.45500004291534,-1.65105009078979,-1.65105009078979,3.64605021476746,7.1100001335144,7.1100001335144,4.81095027923584,1.70018744468689,5.07416248321533,8.67363739013672,-4.81855010986328,-8.52211284637451,-14.9760875701904,2.25994992256165,2.70682501792908,2.43801259994507,1.45500004291534,4.125,4.56105041503906,3.64605021476746,4.14900016784668,0.32595002651215,4.81095027923584,1.82400012016296,1.52700006961823,9.613037109375,7.98242473602295,2.43966245651245,-19.1371116638184,-18.541187286377,-13.8216371536255,1.51030004024506,-0.9785875082016,-3.53911256790161,0.18300001323223,-3.22200012207031,-4.91505002975464,-3.62505006790161,-2.10600018501282,-3.36600017547607,3.28995013237,2.06100010871887,-2.45700001716614,2.43966245651245,-15.1212873458862,-22.0514240264893,-13.8216371536255,0.33137500286102,7.16429996490479,-3.53911256790161,-3.85976243019104,-0.63029998540878,-4.91505002975464,-5.63595008850098,-10.1650505065918,-3.36600017547607,-8.57805061340332,-12.9870004653931,-2.45700001716614,-4.90694999694824,-4.87395000457764,-22.1284255981445,-22.1284255981445,-5.79218769073486,9.45931243896484,9.45931243896484,3.27964997291565,2.99818754196167,2.99818754196167,7.1328125,-22.0459518432617,-22.0459518432617,-20.7750015258789,-21.4630508422852,-21.4630508422852,-10.993950843811,-6.40905046463013,-6.40905046463013,-1.62105011940002,-5.79218769073486,0.19868749380112,0.57956248521805,3.27964997291565,1.7439124584198,0.47657498717308,7.1328125,4.83944988250732,3.09292507171631,-20.7750015258789,-13.0650005340576,-8.98905086517334,-10.993950843811,-4.90605020523071,-2.44905018806458,-1.62105011940002,-1.83705008029938,1.88895010948181,0.33976250886917,0.33976250886917,-0.03767500072718,-1.28205001354218,-1.28205001354218,-4.76382493972778,2.4672999382019,2.4672999382019,3.53292489051819,-6.70395040512085,-6.70395040512085,-2.68995022773743,-1.47900009155273,-1.47900009155273,-0.23295001685619,2.87805008888245,2.87805008888245,4.42005014419556,-0.03767500072718,1.64573752880096,4.58782482147217,-4.76382493972778,-5.90411233901978,-6.13415002822876,3.53292489051819,3.85701251029968,2.16837501525879,-2.68995022773743,-0.24000000953674,0.89205002784729,-0.23295001685619,-0.83895003795624,-1.85205006599426,4.42005014419556,1.61100006103516,-2.52900004386902,7.47271251678467,7.47271251678467,5.41598749160767,-5.81006240844727,-5.81006240844727,-2.14637494087219,-0.72434997558594,-0.72434997558594,-6.30135011672974,-2.68005013465881,-2.68005013465881,-0.62100005149841,-1.33995008468628,-1.33995008468628,-1.96005010604858,1.69905006885529,1.69905006885529,-0.12705001235008,SHAKE
-5.79218769073486,0.19868749380112,0.57956248521805,3.27964997291565,1.7439124584198,0.47657498717308,7.1328125,4.83944988250732,3.09292507171631,-20.7750015258789,-13.0650005340576,-8.98905086517334,-10.993950843811,-4.90605020523071,-2.44905018806458,-1.62105011940002,-1.83705008029938,1.88895010948181,0.33976250886917,0.33976250886917,-0.03767500072718,-1.28205001354218,-1.28205001354218,-4.76382493972778,2.4672999382019,2.4672999382019,3.53292489051819,-6.70395040512085,-6.70395040512085,-2.68995022773743,-1.47900009155273,-1.47900009155273,-0.23295001685619,2.87805008888245,2.87805008888245,4.42005014419556,-0.03767500072718,1.64573752880096,4.58782482147217,-4.76382493972778,-5.90411233901978,-6.13415002822876,3.53292489051819,3.85701251029968,2.16837501525879,-2.68995022773743,-0.24000000953674,0.89205002784729,-0.23295001685619,-0.83895003795624,-1.85205006599426,4.42005014419556,1.61100006103516,-2.52900004386902,7.47271251678467,7.47271251678467,5.41598749160767,-5.81006240844727,-5.81006240844727,-2.14637494087219,-0.72434997558594,-0.72434997558594,-6.30135011672974,-2.68005013465881,-2.68005013465881,-0.62100005149841,-1.33995008468628,-1.33995008468628,-1.96005010604858,1.69905006885529,1.69905006885529,-0.12705001235008,5.41598749160767,-3.62669992446899,-9.90591239929199,-2.14637494087219,0.39696249365807,2.70888757705688,-6.30135011672974,-7.58064985275269,-5.31932497024536,-0.62100005149841,-0.45795002579689,-11.8990507125854,-1.96005010604858,-2.9850001335144,-13.4659509658813,-0.12705001235008,-2.98695015907288,-3.40095019340515,-10.5718250274658,-10.5718250274658,-3.0387499332428,2.87526249885559,2.87526249885559,2.52449989318848,-2.05425000190735,-2.05425000190735,3.05483746528625,-23.064001083374,-23.064001083374,-18.010950088501,-20.3160018920898,-20.3160018920898,-8.49405002593994,-4.75695037841797,-4.75695037841797,-4.13895034790039,-3.0387499332428,0.64542502164841,0.15482500195503,2.52449989318848,1.20560002326965,0.67223751544952,3.05483746528625,3.54021239280701,2.52670001983643,-18.010950088501,-13.5970506668091,-10.3590002059937,-8.49405002593994,-4.42200040817261,-3.82800006866455,-4.13895034790039,-1.78905010223389,2.49900007247925,0.57901251316071,0.57901251316071,1.93215000629425,-0.43243750929832,-0.43243750929832,-3.32708740234375,2.51267504692078,2.51267504692078,3.92479991912842,-7.76505041122437,-6.91500043869019,-3.63105010986328,-1.75905013084412,-0.96900004148483,0.66600000858307,4.04700040817261,3.94395017623901,4.64805030822754,1.93215000629425,6.09289979934692,6.09289979934692,-3.32708740234375,-7.94433736801147,-7.94433736801147,3.92479991912842,3.82194995880127,3.82194995880127,-3.63105010986328,2.19705009460449,2.19705009460449,0.66600000858307,1.09995007514954,1.09995007514954,4.64805030822754,1.56495010852814,1.56495010852814,8.14756202697754,7.45139980316162,3.06734991073608,-10.219274520874,-11.3119878768921,-7.5758376121521,1.71778750419617,-2.1340000629425,-6.33957481384277,1.70400011539459,-2.70705008506775,-8.65605068206787,-1.74000012874603,-4.74795007705688,-7.10700035095215,0.03495000302792,2.91405010223389,1.93395006656647,SHAKE
-6.79181241989136,-6.79181241989136,-3.61817502975464,4.10258769989014,4.10258769989014,1.16393744945526,2.4950749874115,2.4950749874115,1.95291244983673,-16.9860000610352,-16.9860000610352,-11.5630502700806,-8.30895042419434,-8.30895042419434,-6.29295015335083,-3.95400023460388,-3.95400023460388,-1.92600011825562,-2.66928744316101,-2.3918125629425,-2.3918125629425,-0.09501250088215,-1.05751252174377,-1.05751252174377,1.48018753528595,0.99549996852875,0.99549996852875,-8.12700080871582,-5.10900020599365,-5.10900020599365,-3.83100008964539,-1.91700005531311,-1.91700005531311,0.77505004405975,1.92000007629395,1.92000007629395,-0.74621248245239,-0.74621248245239,3.15122509002686,-4.94999980926514,-4.94999980926514,-8.13903713226318,1.12488746643066,1.12488746643066,1.70761251449585,1.40895009040833,1.40895009040833,6.54000043869019,0.88695001602173,0.88695001602173,6.10995006561279,7.46400022506714,7.46400022506714,1.04100000858307,9.98167514801025,11.6411628723145,11.6411628723145,-14.8741998672485,-20.9919872283936,-20.9919872283936,0.61352497339249,-0.93747496604919,-0.93747496604919,5.08095026016235,-0.28005000948906,-0.28005000948906,0.47505003213882,-3.25605010986328,-3.25605010986328,0.69105005264282,5.25105047225952,5.25105047225952,-5.85048723220825,-5.85048723220825,-19.7469253540039,-8.33401203155518,-8.33401203155518,3.40642499923706,-5.82367515563965,-5.82367515563965,-0.69712501764297,-10.8550500869751,-10.8550500869751,-17.6640014648438,-12.0259504318237,-12.0259504318237,-12.3829507827759,-9.09899997711182,-9.09899997711182,-4.62195014953613,-21.6495132446289,-17.4916496276855,-17.4916496276855,11.5098495483398,11.1564750671387,11.1564750671387,2.46289992332458,6.19561243057251,6.19561243057251,-29.181001663208,-27.0690021514893,-27.0690021514893,-22.8229503631592,-14.6320505142212,-14.6320505142212,-10.4329500198364,-4.54305028915405,-4.54305028915405,-0.74882501363754,-0.74882501363754,-0.03327500075102,1.1950124502182,1.1950124502182,-0.61118751764297,4.33798742294312,4.33798742294312,2.90455007553101,-8.86395072937012,-8.86395072937012,-4.84305000305176,-3.33000016212463,-3.33000016212463,-1.81200003623962,1.55595004558563,1.55595004558563,4.25505018234253,-0.10848750174046,0.94201248884201,0.94201248884201,-1.69289994239807,-3.39267492294312,-3.39267492294312,1.93118751049042,2.03087496757507,2.03087496757507,-1.73400008678436,1.30395007133484,1.30395007133484,-0.72900003194809,1.69605004787445,1.69605004787445,5.44800043106079,3.49605011940002,3.49605011940002,8.28918743133545,8.28918743133545,10.284725189209,-11.2050123214722,-11.2050123214722,-17.8876495361328,-0.43917500972748,-0.43917500972748,-3.42732501029968,3.56295013427734,3.56295013427734,0.58799999952316,-0.73905003070831,-0.73905003070831,-1.87905013561249,0.23100000619888,0.23100000619888,3.64695024490356,9.11583709716797,0.68983751535416,0.68983751535416,-20.2642002105713,-19.5755996704102,-19.5755996704102,-6.22366237640381,-9.96943759918213,-9.96943759918213,-0.97995007038116,-3.23805022239685,-3.23805022239685,-1.82805013656616,-3.78000020980835,-3.78000020980835,0.75105005502701,-2.73495006561279,-2.73495006561279,SHAKE
-17.4916496276855,-0.74882501363754,-0.74882501363754,11.1564750671387,1.1950124502182,1.1950124502182,6.19561243057251,4.33798742294312,4.33798742294312,-27.0690021514893,-8.86395072937012,-8.86395072937012,-14.6320505142212,-3.33000016212463,-3.33000016212463,-4.54305028915405,1.55595004558563,1.55595004558563,-0.03327500075102,-0.10848750174046,0.94201248884201,-0.61118751764297,-1.69289994239807,-3.39267492294312,2.90455007553101,1.93118751049042,2.03087496757507,-4.84305000305176,-1.73400008678436,1.30395007133484,-1.81200003623962,-0.72900003194809,1.69605004787445,4.25505018234253,5.44800043106079,3.49605011940002,0.94201248884201,8.28918743133545,8.28918743133545,-3.39267492294312,-11.2050123214722,-11.2050123214722,2.03087496757507,-0.43917500972748,-0.43917500972748,1.30395007133484,3.56295013427734,3.56295013427734,1.69605004787445,-0.73905003070831,-0.73905003070831,3.49605011940002,0.23100000619888,0.23100000619888,10.284725189209,9.11583709716797,0.68983751535416,-17.8876495361328,-20.2642002105713,-19.5755996704102,-3.42732501029968,-6.22366237640381,-9.96943759918213,0.58799999952316,-0.97995007038116,-3.23805022239685,-1.87905013561249,-1.82805013656616,-3.78000020980835,3.64695024490356,0.75105005502701,-2.73495006561279,0.68983751535416,-20.014087677002,-20.014087677002,-19.5755996704102,0.91355001926422,0.91355001926422,-9.96943759918213,8.26045036315918,8.26045036315918,-3.23805022239685,-24.2520008087158,-24.2520008087158,-3.78000020980835,-18.3040504455566,-18.3040504455566,-2.73495006561279,-1.64100003242493,-1.64100003242493,-19.94602394104,-14.2991752624512,-1.33223748207092,5.18773746490479,7.7019248008728,2.26187491416931,12.1544494628906,16.2783508300781,10.3714876174927,-31.0540523529053,-26.791051864624,-18.5689506530762,-21.0960006713867,-13.3290004730225,-6.77895021438599,-7.09395027160645,-3.7150502204895,-1.24800002574921,-1.33223748207092,0.60706251859665,0.60706251859665,2.26187491416931,-0.20019999146462,-0.20019999146462,10.3714876174927,2.38851237297058,2.38851237297058,-18.5689506530762,-6.35700035095215,-6.35700035095215,-6.77895021438599,-3.3880500793457,-3.3880500793457,-1.24800002574921,5.62200021743774,5.62200021743774,1.17094993591309,2.20797491073608,3.94707489013672,-1.4386625289917,-3.06652498245239,-4.80521249771118,1.67791247367859,1.09133744239807,-0.55082499980927,-0.84105002880096,5.48805046081543,9.8929500579834,-2.60895013809204,-1.33995008468628,1.63395011425018,6.52800035476685,4.22399997711182,-4.5,3.94707489013672,8.31833744049072,8.31833744049072,-4.80521249771118,-17.6453742980957,-17.6453742980957,-0.55082499980927,-12.0929870605469,-12.0929870605469,9.8929500579834,2.04404997825623,2.04404997825623,1.63395011425018,-1.9980001449585,-1.9980001449585,-4.5,4.91805028915405,4.91805028915405,5.72068738937378,-5.0181999206543,-12.8506126403809,-20.4745750427246,-20.2475624084473,-14.5360870361328,-15.8320245742798,-17.6908874511719,-5.328125,2.02305006980896,-1.24800002574921,-11.3890504837036,-0.72900003194809,-4.32600021362305,-12.2869501113892,-0.28500002622604,-1.19805002212524,1.20405006408691,SHAKE
-14.2991752624512,-1.33223748207092,-1.33223748207092,7.7019248008728,2.26187491416931,2.26187491416931,16.2783508300781,10.3714876174927,10.3714876174927,-26.791051864624,-18.5689506530762,-18.5689506530762,-13.3290004730225,-6.77895021438599,-6.77895021438599,-3.7150502204895,-1.24800002574921,-1.24800002574921,0.60706251859665,0.60706251859665,1.17094993591309,-0.20019999146462,-0.20019999146462,-1.4386625289917,2.38851237297058,2.38851237297058,1.67791247367859,-6.35700035095215,-6.35700035095215,-0.84105002880096,-3.3880500793457,-3.3880500793457,-2.60895013809204,5.62200021743774,5.62200021743774,6.52800035476685,2.20797491073608,3.94707489013672,3.94707489013672,-3.06652498245239,-4.80521249771118,-4.80521249771118,1.09133744239807,-0.55082499980927,-0.55082499980927,5.48805046081543,9.8929500579834,9.8929500579834,-1.33995008468628,1.63395011425018,1.63395011425018,4.22399997711182,-4.5,-4.5,8.31833744049072,8.31833744049072,5.72068738937378,-17.6453742980957,-17.6453742980957,-20.4745750427246,-12.0929870605469,-12.0929870605469,-15.8320245742798,2.04404997825623,2.04404997825623,2.02305006980896,-1.9980001449585,-1.9980001449585,-0.72900003194809,4.91805028915405,4.91805028915405,-0.28500002622604,-5.0181999206543,-12.8506126403809,-12.8506126403809,-20.2475624084473,-14.5360870361328,-14.5360870361328,-17.6908874511719,-5.328125,-5.328125,-1.24800002574921,-11.3890504837036,-11.3890504837036,-4.32600021362305,-12.2869501113892,-12.2869501113892,-1.19805002212524,1.20405006408691,1.20405006408691,-13.497275352478,-13.497275352478,-4.38363742828369,-0.60486251115799,-0.60486251115799,2.39043760299683,22.2433757781982,22.2433757781982,26.7111625671387,-36.0979499816895,-36.0979499816895,-28.4050521850586,-21.2809505462646,-21.2809505462646,-10.9800004959106,-7.5400505065918,-7.5400505065918,-2.63700008392334,0.78979998826981,1.22045004367828,1.22045004367828,3.60607504844666,2.67492508888245,2.67492508888245,20.554874420166,6.10101222991943,6.10101222991943,-17.9170513153076,-11.4700508117676,-11.4700508117676,-4.63995027542114,-4.50104999542236,-4.50104999542236,-2.63505005836487,4.34400033950806,4.34400033950806,1.57630002498627,1.57630002498627,1.95305001735687,-0.70674997568131,-0.70674997568131,-2.87567496299744,2.30504989624023,2.30504989624023,2.03994989395142,-3.18300008773804,-3.18300008773804,-0.9300000667572,-1.62495005130768,-1.62495005130768,-0.45405003428459,5.72100019454956,5.72100019454956,3.91695022583008,3.54626250267029,6.52190017700195,6.52190017700195,-4.84109973907471,-8.8070125579834,-8.8070125579834,1.74322497844696,-0.83077502250671,-0.83077502250671,2.83395004272461,6.32895040512085,6.32895040512085,1.51605010032654,0.88695001602173,0.88695001602173,1.06500005722046,-1.19505000114441,-1.19505000114441,7.85551261901855,6.36143732070923,-1.79960000514984,-15.1435623168945,-20.3638877868652,-20.6677627563477,-5.19997501373291,-9.49863719940186,-13.5052499771118,3.90000009536743,0.26505002379417,-3.7390501499176,-1.85700011253357,-1.59795010089874,-3.00195002555847,-0.44595003128052,1.27605009078979,-0.00705000013113,SHAKE
-1.14702498912811,-1.27421247959137,-2.35083746910095,2.03719997406006,0.44123750925064,-1.17521250247955,-0.73837500810623,-0.99371248483658,-1.3307249546051,9.56700038909912,5.19600009918213,7.71300029754639,-9.04500007629395,-6.02205038070679,-0.6240000128746,-16.4179515838623,-15.9319505691528,-12.2100009918213,-3.78427505493164,-3.78427505493164,-4.34087514877319,-2.19903755187988,-2.19903755187988,-1.11127495765686,-1.73607504367828,-1.73607504367828,-1.70403754711151,10.2900009155273,10.2900009155273,9.43305015563965,-0.4420500099659,-0.4420500099659,0.74295002222061,-10.4760007858276,-10.4760007858276,-11.0149507522583,-4.34087514877319,-3.68871259689331,-2.42604994773865,-1.11127495765686,-0.01044999994338,0.83393746614456,-1.70403754711151,-1.62016248703003,-1.31284999847412,9.43305015563965,6.01500034332275,-1.69605004787445,0.74295002222061,0.33795002102852,-6.35700035095215,-11.0149507522583,-5.34795045852661,-1.21005010604858,1.98220002651215,8.46669960021973,12.9985628128052,-1.59458744525909,-9.69801235198975,-15.9378995895386,-1.16022503376007,-0.12966249883175,3.31539988517761,-15.5100011825562,-24.3120002746582,-23.5840511322021,-16.9099502563477,-22.9380016326904,-15.5659503936768,-4.22205018997192,-2.93595004081726,6.14505052566528,15.5618371963501,15.5618371963501,13.7328128814697,-19.008825302124,-19.008825302124,-17.5066375732422,5.91965007781982,5.91965007781982,9.81433773040771,-3.88005018234253,-3.88005018234253,20.2770004272461,8.55795001983643,8.55795001983643,38.4960021972656,6.76695013046265,6.76695013046265,4.62900018692017,22.09446144104,19.6036491394043,16.5363006591797,-16.9400005340576,-19.1771240234375,-17.7986869812012,15.6635875701904,18.9990615844727,18.7096252441406,41.203052520752,32.0370025634766,20.3520011901855,49.3669509887695,34.0960502624512,9.41805076599121,25.5589504241943,28.396951675415,28.6909523010254,14.1674499511719,-0.04853750020266,-0.04853750020266,-17.0853366851807,-9.39441204071045,-9.39441204071045,16.1803131103516,10.2863750457764,10.2863750457764,10.0510501861572,0.64305001497269,0.64305001497269,3.67200016975403,2.44305014610291,2.44305014610291,22.207950592041,12.2760009765625,12.2760009765625,-2.37682509422302,-15.9141120910645,-15.9141120910645,-0.69011247158051,13.415599822998,13.415599822998,3.92686247825623,-2.50456237792969,-2.50456237792969,-13.2469511032104,-31.0350017547607,-31.0350017547607,-4.30500030517578,-33.8550033569336,-33.8550033569336,1.55805003643036,-26.9220008850098,-26.9220008850098,-24.0915126800537,-25.7943115234375,-25.7943115234375,20.103874206543,20.9606380462646,20.9606380462646,-2.57124996185303,-2.14692497253418,-2.14692497253418,-20.2429504394531,-4.66605043411255,-4.66605043411255,-23.5009517669678,0.75000005960465,0.75000005960465,-12.8449506759644,-8.22195053100586,-8.22195053100586,-24.691837310791,-18.6104869842529,-21.2242240905762,19.9509754180908,12.2823247909546,18.725025177002,-1.06204998493195,1.54027497768402,1.70046246051788,23.2540512084961,36.7810516357422,34.5850524902344,30.0150012969971,40.0950012207031,22.0110015869141,-1.97100007534027,13.0020008087158,19.0129508972168,SHAKE
-5.48460006713867,-18.3625755310059,-18.3625755310059,3.12248754501343,10.3727245330811,10.3727245330811,2.9027624130249,7.14738750457764,7.14738750457764,-21.6870002746582,-28.6519508361816,-28.6519508361816,-25.3189506530762,-35.6029510498047,-35.6029510498047,-12.8470506668091,-21.5170516967773,-21.5170516967773,-21.5465240478516,-22.1358489990234,-21.25612449646,10.9698877334595,10.6550121307373,11.0613250732422,13.7720003128052,14.9912128448486,13.4997501373291,-22.2210006713867,-5.90205049514771,28.5190505981445,-20.2530002593994,3.37500023841858,36.6990013122559,-9.99405002593994,-10.1310005187988,1.99605011940002,-21.25612449646,-22.0419368743896,-22.0419368743896,11.0613250732422,19.7355117797852,19.7355117797852,13.4997501373291,4.81676244735718,4.81676244735718,42.3760528564453,45.3559532165527,45.3559532165527,49.1650505065918,30.0870018005371,30.0870018005371,12.292950630188,16.885950088501,16.885950088501,-23.6277256011963,-22.6373119354248,-22.6373119354248,22.5990867614746,22.4769878387451,22.4769878387451,4.09200000762939,3.67056250572205,3.67056250572205,26.3869514465332,11.9400005340576,11.9400005340576,8.26800060272217,1.17195010185242,1.17195010185242,18.3900012969971,16.242000579834,16.242000579834,-16.6781997680664,-5.35947513580322,-3.9423999786377,18.4962253570557,5.40526247024536,3.5619375705719,3.05277490615845,1.92912495136261,1.2421749830246,-1.21695005893707,-14.9380502700806,-31.0279521942139,0.05100000277162,-1.9939501285553,-13.9590005874634,6.05805015563965,-4.2940502166748,-14.8560009002686,-16.1066131591797,-16.1066131591797,-18.6823997497559,15.6815996170044,15.6815996170044,18.2634372711182,0.89746248722076,0.89746248722076,2.46592497825623,-35.3629531860352,-35.3629531860352,-34.3159523010254,-42.5370025634766,-42.5370025634766,-36.1080017089844,-18.9469509124756,-18.9469509124756,-1.45395004749298,-18.5097007751465,-17.3720245361328,-5.02342510223389,17.9693241119385,16.8704242706299,3.68142509460449,3.14751243591309,4.08650016784668,7.12483739852905,-29.4760513305664,-10.3440008163452,36.0319519042969,-17.941951751709,20.5189514160156,71.5200042724609,2.16600012779236,-1.59300005435944,15.0919504165649,8.4544620513916,11.9277124404907,12.1708126068115,-6.87733745574951,-20.4195747375488,-22.0165004730225,13.865912437439,18.8864498138428,20.1309623718262,46.6819534301758,35.7300033569336,17.9280014038086,67.7790069580078,26.3140506744385,2.38095021247864,28.231050491333,21.1129512786865,19.3120517730713,12.1708126068115,-2.25238752365112,-2.25238752365112,-22.0165004730225,-0.69437497854233,-0.69437497854233,20.1309623718262,4.4834623336792,4.4834623336792,17.9280014038086,-20.2999515533447,-20.2999515533447,2.38095021247864,3.78000020980835,3.78000020980835,19.3120517730713,-1.95195007324219,-1.95195007324219,-2.25238752365112,-5.05477476119995,-5.05477476119995,-0.69437497854233,4.30512475967407,4.30512475967407,4.4834623336792,0.68612498044968,0.68612498044968,-20.2999515533447,-35.8470001220703,-35.8470001220703,3.78000020980835,-17.8750514984131,-17.8750514984131,-1.95195007324219,-18.0349502563477,-18.0349502563477,SHAKE
-21.0304870605469,-18.8718757629395,-18.8718757629395,21.9899616241455,19.3656368255615,19.3656368255615,-4.93927478790283,-3.8449125289917,-3.8449125289917,-15.621000289917,11.3460006713867,11.3460006713867,-17.8630504608154,12.7440004348755,12.7440004348755,-6.21300029754639,-4.74195003509521,-4.74195003509521,-6.63547515869141,-17.7447872161865,-17.7447872161865,6.48298740386963,21.5847492218018,21.5847492218018,-0.88137501478195,-1.4198249578476,-1.4198249578476,55.0120544433594,34.0849533081055,34.0849533081055,59.859001159668,13.3000507354736,13.3000507354736,12.9780006408691,7.19100046157837,7.19100046157837,-17.2590007781982,-15.9451875686646,-4.93790006637573,20.938362121582,19.2758502960205,5.89806270599365,-0.67897498607635,-0.48578751087189,0.45210000872612,12.5149507522583,-1.58805012702942,-19.4910011291504,-5.0590500831604,-4.99200010299683,-8.64900016784668,8.050950050354,4.13295030593872,-7.12995052337646,-0.86597502231598,-0.86597502231598,5.42038726806641,0.56168746948242,0.56168746948242,-9.03347492218018,0.99921250343323,0.99921250343323,11.3610754013062,-36.060001373291,-36.060001373291,-32.0699996948242,-25.7980518341064,-25.7980518341064,-27.7429504394531,-19.4400005340576,-19.4400005340576,-4.58895015716553,5.42038726806641,5.22362518310547,4.26415014266968,-9.03347492218018,-9.25938701629639,-8.59567451477051,11.3610754013062,13.1011371612549,14.2911996841431,-32.0699996948242,-18.7720508575439,14.5840511322021,-27.7429504394531,-3.94095015525818,42.1219520568848,-4.58895015716553,-4.58400011062622,3.02400016784668,-3.24706244468689,2.95308756828308,1.27641248703003,-1.58647501468658,-11.1285619735718,-12.261287689209,13.0734996795654,18.6157131195068,22.4158000946045,46.6969528198242,41.0250015258789,23.0989513397217,78.235954284668,50.8039512634277,3.8970000743866,25.3860015869141,22.8570003509521,21.4320011138916,1.15114998817444,1.15114998817444,2.37393736839294,-12.6477994918823,-12.6477994918823,-11.7435998916626,22.2501125335693,22.2501125335693,16.6886501312256,7.20300054550171,7.20300054550171,-1.94295012950897,-7.19100046157837,-7.19100046157837,-1.06005001068115,26.6479511260986,26.6479511260986,18.4770011901855,-4.97241258621216,-6.33462476730347,-19.6102504730225,-0.1175625026226,3.75539994239807,15.9919376373291,7.99933767318726,1.89034998416901,-2.95941257476807,-18.7390518188477,-37.5400505065918,-35.5470008850098,-0.38895002007484,-21.2520008087158,-47.7310523986816,4.09395027160645,-17.4649505615234,-34.7400016784668,-19.6102504730225,-23.0562744140625,-24.2318992614746,15.9919376373291,19.6356868743896,20.4000492095947,-2.95941257476807,-2.75426244735718,-1.80867493152618,-26.9659519195557,-26.9659519195557,-17.8740005493164,-30.1519508361816,-30.1519508361816,-5.85705041885376,-12.4999504089355,-12.4999504089355,-12.0919504165649,-23.2863121032715,-13.7317123413086,-13.7317123413086,18.9102382659912,8.31063747406006,8.31063747406006,0.22948749363422,5.66156244277954,5.66156244277954,13.6770009994507,47.4390029907227,47.4390029907227,38.7589530944824,73.6740036010742,73.6740036010742,-5.42505025863647,24.5340003967285,24.5340003967285,SHAKE
-26.768087387085,-23.0872116088867,-8.70374965667725,20.1862373352051,19.2659492492676,7.71677494049072,9.01793766021729,7.45909976959229,7.33397483825684,6.38400030136108,-4.59900045394897,-21.5700016021729,-7.34895038604736,-7.23405027389526,-13.4299507141113,20.0359516143799,13.7250003814697,-2.18204998970032,-8.70374965667725,-22.9963245391846,-25.0416374206543,7.71677494049072,17.4443492889404,19.2194747924805,7.33397483825684,-0.64006251096725,0.43532499670982,-33.8160018920898,-30.7999515533447,-21.9910507202148,-31.6920013427734,-36.6499519348145,-18.6439514160156,-19.678050994873,-20.8459510803223,-11.8339509963989,-25.0416374206543,-25.7742366790771,-24.6686000823975,19.2194747924805,19.4497871398926,18.5645618438721,0.43532499670982,1.32453751564026,2.63450002670288,-21.9910507202148,-2.59605002403259,42.4219512939453,-18.6439514160156,10.0090503692627,56.8819541931152,-11.8339509963989,-11.53005027771,8.14905071258545,-21.403112411499,-21.403112411499,-27.4221744537354,11.6682500839233,11.6682500839233,22.5747489929199,5.32303762435913,5.32303762435913,6.63217496871948,47.3530540466309,47.3530540466309,9.94800090789795,64.3619995117188,64.3619995117188,-5.08095026016235,18.7969512939453,18.7969512939453,17.6190013885498,-27.4221744537354,-25.5729370117188,-25.5729370117188,22.5747489929199,21.9520130157471,21.9520130157471,6.63217496871948,5.9965124130249,5.9965124130249,9.94800090789795,-4.9960503578186,-4.9960503578186,-5.08095026016235,-18.0120010375977,-18.0120010375977,17.6190013885498,16.3879508972168,16.3879508972168,-11.3887128829956,-11.3887128829956,-24.6872997283936,6.82522487640381,6.82522487640381,17.2991504669189,4.75227499008179,4.75227499008179,2.23616242408752,-33.3529510498047,-33.3529510498047,-29.976001739502,-39.7540512084961,-39.7540512084961,-31.9890022277832,-11.7139501571655,-11.7139501571655,-17.1910514831543,-26.5286998748779,-26.5286998748779,-27.8716621398926,19.2218132019043,19.2218132019043,19.7478866577148,4.4580249786377,4.4580249786377,6.25570011138916,-13.8199510574341,-13.8199510574341,29.9820022583008,4.68495035171509,4.68495035171509,59.3130035400391,-17.7730503082275,-17.7730503082275,-7.7310004234314,-34.5195121765137,-30.6198749542236,-29.1750240325928,20.4524364471436,19.055025100708,18.2667369842529,9.63160037994385,11.3324747085571,11.4956874847412,41.0250015258789,23.7739505767822,11.5830001831055,78.235954284668,42.9690017700195,-5.1259503364563,12.702000617981,12.0529508590698,2.17095017433167,-29.1750240325928,-27.7397994995117,-17.0462875366211,18.2667369842529,17.910062789917,15.749662399292,11.4956874847412,10.7285747528076,7.30936241149902,11.5830001831055,-3.72900009155273,-13.1389503479004,-5.1259503364563,-24.9480018615723,-32.1520500183105,2.17095017433167,6.43005037307739,4.15694999694824,-8.8666877746582,-25.7529239654541,-28.5053997039795,5.82752513885498,13.7901496887207,16.1075744628906,8.65273761749268,6.2422251701355,7.06199979782104,-20.6980514526367,-19.2870006561279,-12.1690502166748,-35.4760513305664,-24.6769504547119,-2.37195014953613,-1.05599999427795,-5.06805038452148,-7.61100053787231,SHAKE
1.92816245555878,1.83933746814728,1.83933746814728,-0.41731250286102,-0.80245000123978,-0.80245000123978,1.22361254692078,1.46217501163483,1.46217501163483,-12.7390508651733,-12.8830509185791,-12.8830509185791,3.05205011367798,4.1050500869751,4.1050500869751,-1.3050000667572,1.64205002784729,1.64205002784729,2.41009998321533,2.41009998321533,2.94249987602234,0.15180000662804,0.15180000662804,0.63442498445511,1.57946252822876,1.57946252822876,2.32127499580383,-9.72600078582764,-9.72600078582764,-6.31800031661987,6.85695028305054,6.85695028305054,5.26500034332275,1.74300003051758,1.74300003051758,-5.7940502166748,3.58104991912842,3.76392507553101,3.76392507553101,2.44681239128113,3.13995003700256,3.13995003700256,2.87870001792908,4.33949995040894,4.33949995040894,1.20300006866455,11.5860004425049,11.5860004425049,1.26705002784729,-2.20005011558533,-2.20005011558533,-5.44200038909912,-4.31595039367676,-4.31595039367676,3.91517496109009,3.95573759078979,5.06178760528564,10.1916370391846,21.0843868255615,23.1731491088867,9.48915004730225,13.7891874313354,15.1717500686646,19.5439510345459,20.0280017852783,6.99195051193237,6.95100021362305,7.92105054855347,1.05900001525879,-3.18300008773804,-2.90295004844666,-0.29700002074242,5.22101259231567,4.89348745346069,4.89348745346069,23.5300998687744,15.8675003051758,15.8675003051758,15.8617248535156,14.3632497787476,14.3632497787476,-6.37305021286011,-27.0499515533447,-27.0499515533447,-7.98105049133301,-12.7260007858276,-12.7260007858276,1.6750500202179,-1.43505001068115,-1.43505001068115,6.22737503051758,6.22737503051758,5.3428373336792,7.10710000991821,7.10710000991821,5.05986261367798,24.7582492828369,24.7582492828369,23.6912498474121,-53.4120025634766,-53.4120025634766,-19.4119510650635,-23.8510513305664,-23.8510513305664,3.03705024719238,23.2429504394531,23.2429504394531,11.3389501571655,4.98822498321533,3.43035006523132,3.43035006523132,5.10179996490479,-1.6632000207901,-1.6632000207901,20.2730007171631,6.94416236877441,6.94416236877441,-6.1080002784729,5.46405029296875,5.46405029296875,5.27700042724609,3.79695010185242,3.79695010185242,7.80000019073486,-5.24505043029785,-5.24505043029785,3.00726246833801,3.00726246833801,6.59436225891113,-2.08271241188049,-2.08271241188049,-8.87906265258789,2.87306237220764,2.87306237220764,5.06041240692139,18.6060009002686,18.6060009002686,17.7000007629395,2.86005020141602,2.86005020141602,0.07695000618696,1.13205003738403,1.13205003738403,-3.50595021247864,9.52682495117188,10.4422998428345,10.4422998428345,-11.9563121795654,-13.2617378234863,-13.2617378234863,8.70691204071045,10.2444372177124,10.2444372177124,5.67300033569336,-13.6609506607056,-13.6609506607056,-1.17705011367798,-7.91895055770874,-7.91895055770874,-4.21500015258789,5.02905035018921,5.02905035018921,10.2959995269775,7.83323764801025,4.50505018234253,-14.1281251907349,-11.6154499053955,-9.56064987182617,13.3720121383667,12.7466621398926,9.67284965515137,-54.2689514160156,-50.427001953125,-34.5079498291016,-13.3410005569458,-18.0139503479004,-12.7500009536743,7.91895055770874,6.74805021286011,10.7410507202148,SHAKE
10.4422998428345,10.2959995269775,7.83323764801025,-13.2617378234863,-14.1281251907349,-11.6154499053955,10.2444372177124,13.3720121383667,12.7466621398926,-13.6609506607056,-54.2689514160156,-50.427001953125,-7.91895055770874,-13.3410005569458,-18.0139503479004,5.02905035018921,7.91895055770874,6.74805021286011,4.50505018234253,2.76416254043579,0.83132499456406,-9.56064987182617,-8.29510021209717,-5.22142505645752,9.67284965515137,8.7362003326416,4.82872486114502,-34.5079498291016,-18.9660015106201,-7.26195049285889,-12.7500009536743,-3.37605023384094,-2.26200008392334,10.7410507202148,0.80805003643036,-7.29000043869019,0.83132499456406,0.16802500188351,0.16802500188351,-5.22142505645752,2.06139993667603,2.06139993667603,4.82872486114502,2.37311244010925,2.37311244010925,-7.26195049285889,16.3620014190674,16.3620014190674,-2.26200008392334,11.4289503097534,11.4289503097534,-7.29000043869019,-1.68900012969971,-1.68900012969971,1.52886247634888,1.13258755207062,2.64508748054504,4.1735372543335,20.6219749450684,21.3034248352051,2.3897500038147,12.6598997116089,13.4814624786377,26.9400005340576,20.6340007781982,12.9919509887695,3.91395020484924,-0.27405002713203,-1.75695013999939,1.21605002880096,-6.84705018997192,-9.77895069122314,2.64508748054504,2.7856125831604,1.96762502193451,21.3034248352051,21.5142116546631,19.890474319458,13.4814624786377,12.6997747421265,13.0171251296997,12.9919509887695,-24.4990520477295,-24.4990520477295,-1.75695013999939,-13.2810010910034,-13.2810010910034,-9.77895069122314,-0.74205005168915,-0.74205005168915,9.2474250793457,5.47469997406006,5.20066261291504,-7.4556622505188,-18.6465129852295,-21.660099029541,11.9351377487183,11.0769996643066,13.7077875137329,-59.430004119873,-50.2999534606934,-30.9990005493164,-26.5000514984131,-24.435001373291,-6.41205024719238,2.6100001335144,14.5080003738403,9.37305068969727,5.20066261291504,-2.22378754615784,-2.22378754615784,-21.660099029541,-11.9963245391846,-11.9963245391846,13.7077875137329,4.02366256713867,4.02366256713867,-30.9990005493164,-1.19505000114441,-1.19505000114441,-6.41205024719238,2.02905011177063,2.02905011177063,9.37305068969727,-6.48600053787231,-6.48600053787231,0.04592499881983,0.50104999542236,3.05469989776611,-2.0934374332428,-0.73425000905991,-3.40009999275208,4.26208734512329,2.97000002861023,11.9547996520996,9.12105083465576,20.3520011901855,25.3980007171631,8.54594993591309,10.3900508880615,1.19595003128052,-4.49100017547607,2.23605012893677,2.71305012702942,3.05469989776611,11.7605123519897,20.0611114501953,-3.40009999275208,3.03242492675781,6.49536228179932,11.9547996520996,14.776575088501,12.0575122833252,25.3980007171631,10.2880506515503,-11.050950050354,1.19595003128052,0.1489500105381,-8.54400062561035,2.71305012702942,-8.18400001525879,-0.46200001239777,20.0611114501953,20.4549121856689,20.9338245391846,6.49536228179932,7.10696268081665,-1.73222494125366,12.0575122833252,7.20651245117188,22.9211120605469,-11.050950050354,-46.9069519042969,-55.9980010986328,-8.54400062561035,-21.8910007476807,-17.5780506134033,-0.46200001239777,-4.36605024337769,15.0679502487183,SHAKE
9.22721290588379,6.1950626373291,6.1950626373291,8.72217464447021,7.78607511520386,7.78607511520386,25.1792755126953,26.6623497009277,26.6623497009277,-0.46695002913475,-31.3849506378174,-31.3849506378174,-4.24695014953613,-16.7730007171631,-16.7730007171631,-2.40900015830994,-3.09405016899109,-3.09405016899109,0.1357125043869,2.44983744621277,0.66385000944138,3.21667504310608,-10.4752998352051,-13.5229873657227,37.0089492797852,28.5740127563477,26.1661128997803,-51.3709526062012,-48.1090507507324,-14.742000579834,-9.16695022583008,-14.6080503463745,-3.04695010185242,6.37905025482178,14.7139511108398,-2.9320502281189,0.66385000944138,3.53430008888245,-1.00650000572205,-13.5229873657227,-11.0103120803833,-1.69867503643036,26.1661128997803,10.7497501373291,3.25558757781982,-14.742000579834,3.06900024414062,17.1660003662109,-3.04695010185242,0.57300001382828,7.91805028915405,-2.9320502281189,-8.58600044250488,-9.83400058746338,-1.00650000572205,5.4287748336792,5.4287748336792,-1.69867503643036,7.45387506484985,7.45387506484985,3.25558757781982,11.5148000717163,11.5148000717163,17.1660003662109,24.1549510955811,24.1549510955811,7.91805028915405,4.67805004119873,4.67805004119873,-9.83400058746338,-8.50695037841797,-8.50695037841797,3.05909991264343,1.45736253261566,-0.6903874874115,12.2119245529175,12.4467744827271,11.5127372741699,17.1903877258301,16.9912872314453,18.1149368286133,18.5719509124756,5.18595027923584,-22.6309509277344,2.14200019836426,-2.19000005722046,-18.3850517272949,-8.60805034637451,-4.79700040817261,-2.48400020599365,-8.42764949798584,-8.42764949798584,-0.08772499859333,1.9042375087738,1.9042375087738,-9.17358779907227,20.9001369476318,20.9001369476318,29.7020626068115,-51.388053894043,-51.388053894043,-55.711051940918,-23.191951751709,-23.191951751709,-17.6119499206543,-4.23195028305054,-4.23195028305054,19.0489501953125,-1.22031247615814,-2.62377500534058,-0.00604999996722,-14.0639123916626,-15.5955247879028,-12.6736497879028,31.5702743530273,30.7113132476807,18.6113128662109,-40.6219520568848,-20.8200016021729,-0.52005004882813,-10.0549507141113,-4.37700033187866,1.00604999065399,11.5240507125854,1.45305001735687,-10.2319507598877,-0.00604999996722,-5.29320001602173,-1.01461243629456,-12.6736497879028,-5.69607496261597,-0.23154999315739,18.6113128662109,4.51123762130737,3.76722502708435,-0.52005004882813,12.4500007629395,23.0359516143799,1.00604999065399,7.46100044250488,11.7979507446289,-10.2319507598877,-14.076000213623,-11.8699502944946,-1.01461243629456,5.24507474899292,5.18801259994507,-0.23154999315739,14.0123500823975,15.9090251922607,3.76722502708435,18.3367252349854,18.3407115936279,24.2410507202148,16.6630516052246,6.63300037384033,8.89605045318604,3.09000015258789,-0.12795001268387,-8.81595039367676,-7.66200017929077,-3.05805015563965,5.18801259994507,-4.73027515411377,-4.73027515411377,15.9090251922607,-0.24502499401569,-0.24502499401569,18.3407115936279,23.9485130310059,23.9485130310059,6.63300037384033,-45.1219520568848,-45.1219520568848,-0.12795001268387,-14.7160511016846,-14.7160511016846,-3.05805015563965,-7.79805040359497,-7.79805040359497,SHAKE
3.56152486801147,4.79572486877441,4.79572486877441,-10.9526996612549,-18.298225402832,-18.298225402832,29.768611907959,30.5519504547119,30.5519504547119,-47.2999534606934,-42.6580505371094,-42.6580505371094,-16.9409999847412,-7.59795045852661,-7.59795045852661,9.43994998931885,16.1650505065918,16.1650505065918,4.62178754806519,7.42486238479614,-1.44347500801086,-20.0160121917725,-17.6968002319336,-7.88040018081665,29.8002376556396,15.9285497665405,4.80919981002808,-29.4420013427734,-14.0400009155273,-2.0460000038147,-4.01700019836426,-0.14699999988079,-1.89495003223419,12.8430004119873,2.91405010223389,-5.96400022506714,-1.89997494220734,-1.89997494220734,0.46997499465942,-0.97886252403259,-0.97886252403259,2.67245006561279,2.84212493896484,2.84212493896484,3.03146243095398,8.23799991607666,8.23799991607666,15.8629503250122,2.56095004081726,2.56095004081726,8.14095020294189,-12.7800006866455,-12.7800006866455,-13.1250009536743,4.49473762512207,4.56458759307861,4.36149978637695,12.7913503646851,15.8923873901367,17.1241130828857,11.9864253997803,14.0104246139526,14.5029497146606,15.6310510635376,15.6310510635376,9.39705085754395,3.25995016098022,3.25995016098022,1.23105001449585,-15.2200508117676,-15.2200508117676,-7.963050365448,3.43584990501404,2.70709991455078,2.70709991455078,16.7853126525879,6.4079122543335,6.4079122543335,11.7403001785278,4.79737520217896,4.79737520217896,-1.11195003986359,-28.992000579834,-28.992000579834,2.32095003128052,-6.52695035934448,-6.52695035934448,4.04400014877319,14.3209505081177,14.3209505081177,3.64869999885559,5.68039989471436,3.72239995002747,0.36066249012947,-11.1563377380371,-14.3063249588013,-7.17364978790283,-7.75046253204346,-5.11348724365234,-51.1630516052246,-43.2139511108398,-29.0299510955811,-20.2630500793457,-12.5250005722046,-5.77800035476685,16.7809505462646,29.1370506286621,13.4059505462646,1.02093744277954,-1.97560000419617,-1.97560000419617,-15.0644998550415,-10.6360378265381,-10.6360378265381,-1.99471247196198,3.10268759727478,3.10268759727478,-7.90605020523071,7.52400016784668,7.52400016784668,0.81000006198883,3.1470000743866,3.1470000743866,-5.20905017852783,-17.8000507354736,-17.8000507354736,-4.29220008850098,-2.19972491264343,-1.03028750419617,0.70372498035431,6.32403755187988,24.7079257965088,2.81916236877441,3.54076242446899,9.97851276397705,19.6240501403809,19.0540504455566,18.0979499816895,10.653000831604,4.61805009841919,1.04205000400543,-22.9540519714355,-10.0879507064819,-7.24305057525635,-1.03028750419617,-1.66017496585846,-1.18208754062653,24.7079257965088,24.5082740783691,23.9514007568359,9.97851276397705,13.8514747619629,13.9801750183105,18.0979499816895,8.98695087432861,-7.48200035095215,1.04205000400543,-3.60105013847351,-2.7240002155304,-7.24305057525635,-1.53795003890991,6.19995021820068,-2.59146237373352,-2.59146237373352,1.39012503623962,19.5204620361328,19.5204620361328,-10.1041870117188,13.6072750091553,13.6072750091553,25.3203506469727,-29.3899517059326,-29.3899517059326,-42.8040008544922,-9.08505058288574,-9.08505058288574,-11.7649507522583,5.79000043869019,5.79000043869019,22.0159511566162,SHAKE
9.40912532806396,1.88388752937317,4.69150018692017,22.3194122314453,10.1391124725342,-0.12938749790192,-2.10787487030029,2.44846248626709,27.0429496765137,-17.3470516204834,-42.4930534362793,-47.2279510498047,-8.27595043182373,-16.7970008850098,-8.97795009613037,4.80105018615723,6.10095024108887,19.2569999694824,0.61036247014999,-2.70696258544922,-0.3075875043869,-5.24947500228882,-7.48316240310669,-7.72777509689331,32.482723236084,34.5542984008789,25.065149307251,-39.340950012207,-23.1580505371094,-7.80300045013428,-5.10495042800903,-1.49100005626678,-0.36000001430512,17.1379508972168,8.62604999542236,-2.96295022964478,-0.3075875043869,-7.89263725280762,-5.4033374786377,-7.72777509689331,-3.74055004119873,-0.62906247377396,25.065149307251,7.79831266403198,4.50903749465942,-7.80300045013428,4.56405019760132,15.0630006790161,-0.36000001430512,1.03995001316071,7.36995029449463,-2.96295022964478,-9.99195003509521,-11.0239505767822,-1.98109996318817,3.63783740997314,3.27909994125366,2.51294994354248,8.05598735809326,9.75590038299561,5.45380020141602,20.6820621490479,25.7339496612549,22.8859519958496,21.0889511108398,15.8539505004883,6.90495014190674,-1.34205007553101,-1.51905012130737,-5.20005035400391,-9.96300029754639,-9.62295055389404,3.0269250869751,1.99787497520447,1.99787497520447,10.501012802124,9.0246753692627,9.0246753692627,24.7281379699707,21.8647003173828,21.8647003173828,7.1100001335144,-14.5639505386353,-14.5639505386353,2.30895018577576,-5.55495023727417,-5.55495023727417,-3.1470000743866,3.08100008964539,3.08100008964539,-8.15938758850098,-0.22921249270439,-2.55708742141724,2.08078742027283,-6.73901224136353,-11.9476499557495,18.1168632507324,28.0858879089355,31.7234497070312,-50.310001373291,-55.2079544067383,-43.2400512695312,-23.5849514007568,-13.4680509567261,-5.49300003051758,4.4370002746582,19.3270511627197,17.0850009918213,-5.13562488555908,-5.13562488555908,-0.16431249678135,-14.2363376617432,-14.2363376617432,-12.9566249847412,33.4182739257812,33.4182739257812,21.5712757110596,-25.4280014038086,-25.4280014038086,-6.16500043869019,-2.43900012969971,-2.43900012969971,-1.16295003890991,8.05605030059814,8.05605030059814,-4.46895027160645,-7.66809988021851,-5.02438735961914,-0.64556246995926,-5.81157493591309,-1.51744997501373,4.74251270294189,6.35208749771118,3.63687491416931,3.76736259460449,12.82200050354,21.7189502716064,23.4120006561279,4.68000030517578,5.48700046539307,0.39105001091957,-14.3250007629395,-8.31599998474121,-13.9510507583618,-0.1134374961257,-0.1134374961257,2.4565749168396,20.2170372009277,20.2170372009277,23.0562744140625,-12.0770378112793,-12.0770378112793,-13.2944622039795,19.8940505981445,19.8940505981445,8.61600017547607,0.56295001506805,0.56295001506805,1.80105006694794,-11.3119506835938,-11.3119506835938,-3.22095012664795,2.32333755493164,1.24203753471375,1.24203753471375,23.6157627105713,-5.43262481689453,-5.43262481689453,-14.3532123565674,25.7031497955322,25.7031497955322,-13.1629505157471,-50.7870025634766,-50.7870025634766,-5.93100023269653,-8.84595012664795,-8.84595012664795,3.78795027732849,16.6039505004883,16.6039505004883,SHAKE
2.4565749168396,2.32333755493164,1.24203753471375,23.0562744140625,23.6157627105713,-5.43262481689453,-13.2944622039795,-14.3532123565674,25.7031497955322,8.61600017547607,-13.1629505157471,-50.7870025634766,1.80105006694794,-5.93100023269653,-8.84595012664795,-3.22095012664795,3.78795027732849,16.6039505004883,1.24203753471375,-0.16898749768734,-2.37998747825623,-5.43262481689453,-14.1131372451782,-16.6269130706787,25.7031497955322,30.511661529541,32.0581245422363,-50.7870025634766,-41.9250030517578,-24.3310508728027,-8.84595012664795,-4.25205039978027,-3.42300009727478,16.6039505004883,17.2309513092041,10.1350507736206,-2.37998747825623,0.32835000753403,-4.08663749694824,-16.6269130706787,-14.7025995254517,-6.88380002975464,32.0581245422363,24.7468376159668,6.17471265792847,-24.3310508728027,-5.19300031661987,14.2200002670288,-3.42300009727478,-1.24200010299683,5.29800033569336,10.1350507736206,-4.1050500869751,-15.2539510726929,-3.4595000743866,-0.7732999920845,-0.7732999920845,-0.67979997396469,7.65366268157959,7.65366268157959,3.43969988822937,4.6215124130249,4.6215124130249,23.8150520324707,24.1669502258301,24.1669502258301,7.20900011062622,0.39105001091957,0.39105001091957,-12.1020002365112,-16.1329498291016,-16.1329498291016,1.2253999710083,2.63120007514954,2.63120007514954,15.9765377044678,17.8612499237061,17.8612499237061,-4.42296266555786,-5.37418746948242,-5.37418746948242,20.7730503082275,11.1139507293701,3.55800008773804,0.32100000977516,1.68600010871887,-1.05494999885559,-11.9800510406494,-4.34895038604736,-1.19295001029968,-2.222825050354,-2.222825050354,-0.47891250252724,9.9389123916626,9.9389123916626,-2.29185009002686,-1.94631254673004,-1.94631254673004,24.9221496582031,-40.7080535888672,-40.7080535888672,-56.9179534912109,-23.7499504089355,-23.7499504089355,-22.2990016937256,2.7199501991272,2.7199501991272,9.81405067443848,-0.2895750105381,-0.2895750105381,-1.71751248836517,-12.0887250900269,-12.0887250900269,-15.2316999435425,31.3604507446289,31.3604507446289,33.1117858886719,-48.9109535217285,-48.9109535217285,-16.0540504455566,-4.50104999542236,-4.50104999542236,-3.5029501914978,17.0610008239746,17.0610008239746,2.53995013237,1.04926252365112,-2.7007749080658,-3.71456241607666,-14.425950050354,-10.3921127319336,-2.55543756484985,26.7665748596191,8.72712516784668,3.47819995880127,-16.0540504455566,-1.75095009803772,10.2180004119873,-3.5029501914978,-3.63705015182495,2.25705003738403,2.53995013237,-6.93405055999756,-13.9410009384155,-0.33962500095367,-3.57926249504089,-3.57926249504089,1.45529997348785,13.7425746917725,13.7425746917725,2.94071245193481,1.12461245059967,1.12461245059967,19.7239513397217,22.4740505218506,22.4740505218506,7.5730504989624,3.11205005645752,3.11205005645752,-13.1680507659912,-16.0080013275146,-16.0080013275146,-3.00822496414185,-3.49786257743835,-1.56007504463196,19.4570751190186,21.1913623809814,7.46418762207031,-8.61382484436035,-10.9107627868652,-7.15219974517822,19.420051574707,-3.26700019836426,-34.8360023498535,1.6840500831604,-3.23700022697449,-18.105001449585,-18.0250511169434,2.7439501285553,6.99495029449463,SHAKE
-0.23649999499321,-0.23649999499321,-4.60432481765747,25.0307750701904,25.0307750701904,18.9989242553711,-2.76746249198914,-2.76746249198914,10.3182744979858,-16.0110015869141,-16.0110015869141,-34.0170021057129,-11.4229507446289,-11.4229507446289,-17.8680000305176,9.10200023651123,9.10200023651123,12.9150009155273,5.98688745498657,6.05563735961914,6.1626124382019,-13.113374710083,-17.6110000610352,-20.3431243896484,30.9834251403809,32.2840385437012,30.9005126953125,-33.7200012207031,-33.7200012207031,-21.5719509124756,-2.16795015335083,-2.16795015335083,-0.50205004215241,20.5030517578125,20.5030517578125,11.6200504302979,9.17386245727539,9.17386245727539,0.64102500677109,-18.9468116760254,-18.9468116760254,-9.21978759765625,16.7359504699707,16.7359504699707,7.09224987030029,-5.40105009078979,-5.40105009078979,13.8640508651733,2.43105006217957,2.43105006217957,10.6369504928589,-3.47505021095276,-3.47505021095276,-19.1050510406494,0.64102500677109,-1.47468745708466,3.18752503395081,-9.21978759765625,-0.25547498464584,10.9459629058838,7.09224987030029,5.97849988937378,12.1907501220703,13.8640508651733,18.469051361084,20.7709503173828,10.6369504928589,8.16000080108643,2.4190502166748,-19.1050510406494,-18.4849510192871,-23.8690509796143,7.34813737869263,7.1920747756958,7.1920747756958,11.3009872436523,11.657525062561,11.657525062561,31.3667755126953,34.6985359191895,34.6985359191895,15.4060506820679,-3.80400013923645,-3.80400013923645,-2.11800003051758,-8.1340503692627,-8.1340503692627,-11.5249509811401,2.800950050354,2.800950050354,3.66245007514954,2.49727487564087,4.39862489700317,8.36646270751953,-4.92057514190674,-13.7086124420166,41.4204978942871,50.5345497131348,35.7847862243652,-35.9400024414062,-47.9149513244629,-42.6409530639648,-21.7770004272461,-18.9889507293701,-5.38995027542114,9.925950050354,18.1480503082275,21.5970001220703,4.9175500869751,6.99957513809204,2.51143741607666,-18.2091255187988,-17.5279502868652,-13.1483001708984,33.7796249389648,26.2124500274658,10.5859870910645,-29.5759506225586,-12.6559505462646,4.79100036621094,-1.52400004863739,1.24095010757446,5.3580002784729,11.8759508132935,-0.34695002436638,-10.3540506362915,2.51143741607666,0.88151252269745,0.88151252269745,-13.1483001708984,0.8399875164032,0.8399875164032,10.5859870910645,7.92495012283325,7.92495012283325,4.79100036621094,22.6680011749268,22.6680011749268,5.3580002784729,3.07800006866455,3.07800006866455,-10.3540506362915,-11.3119506835938,-11.3119506835938,10.5366249084473,11.1819124221802,10.4746122360229,5.64121246337891,8.25852489471436,8.62853717803955,22.8041000366211,29.6168117523193,29.4377880096436,16.8120002746582,10.956000328064,-8.08605003356934,-3.24105024337769,-2.32395005226135,-5.66805028915405,-11.6449508666992,-6.46905040740967,3.85500025749207,2.77076244354248,-0.83792501688003,1.54756247997284,5.38367509841919,-4.36149978637695,-12.8892498016357,34.5350494384766,36.0536003112793,32.858512878418,-43.3759536743164,-52.4539527893066,-41.5990524291992,-20.1480007171631,-15.8989505767822,-6.46500015258789,3.5220000743866,19.8250503540039,21.0300006866455,SHAKE
2.77076244354248,-0.83792501688003,1.54756247997284,5.38367509841919,-4.36149978637695,-12.8892498016357,34.5350494384766,36.0536003112793,32.858512878418,-43.3759536743164,-52.4539527893066,-41.5990524291992,-20.1480007171631,-15.8989505767822,-6.46500015258789,3.5220000743866,19.8250503540039,21.0300006866455,1.4522750377655,1.4522750377655,5.56242513656616,-15.6807746887207,-15.6807746887207,-13.8830995559692,33.3799133300781,33.3799133300781,25.6876125335693,-28.0050010681152,-28.0050010681152,-10.7440509796143,-3.31095004081726,-3.31095004081726,-1.32105004787445,10.3480501174927,10.3480501174927,-2.26800012588501,-0.19634999334812,-1.45736253261566,0.8318749666214,-7.54146242141724,-1.23681247234344,2.40858745574951,8.13848781585693,4.50491237640381,5.66733741760254,5.54595041275024,20.6800518035889,25.1440505981445,2.74305009841919,12.7780504226685,5.38905048370361,-11.4430503845215,-12.3919506072998,-10.1550006866455,0.8318749666214,8.34253787994385,7.73327493667603,2.40858745574951,9.78890037536621,12.5976123809814,5.66733741760254,23.2880992889404,27.3810615539551,25.1440505981445,22.2940502166748,14.7330007553101,5.38905048370361,-1.93095004558563,-1.96500015258789,-10.1550006866455,-15.8790006637573,-8.99100017547607,7.73327493667603,6.71000003814697,2.70187497138977,12.5976123809814,13.3689870834351,11.0687503814697,27.3810615539551,26.9330883026123,26.1409492492676,14.7330007553101,2.30295014381409,-26.6980514526367,-1.96500015258789,0.57795000076294,-13.5709505081177,-8.99100017547607,0.51405000686645,3.42105007171631,-8.70828723907471,-2.38012504577637,-2.38012504577637,0.40810000896454,-13.0202875137329,-13.0202875137329,25.4650001525879,30.117862701416,30.117862701416,-51.6990013122559,-52.1400032043457,-52.1400032043457,-24.6670513153076,-9.76500034332275,-9.76500034332275,6.10095024108887,20.7210006713867,20.7210006713867,-3.31292510032654,-2.63491249084473,-0.14973749220371,-18.1709003448486,-18.9514865875244,-15.5831499099731,32.3476982116699,31.4077491760254,14.2247877120972,-37.7050514221191,-19.6369514465332,3.66795015335083,-4.60200023651123,-2.02500009536743,2.30895018577576,16.8379516601562,4.69800043106079,-9.39600086212158,-6.40323734283447,-2.87237501144409,-3.63687491416931,-4.81524991989136,1.27902495861053,8.51413726806641,5.73512506484985,4.24627494812012,1.61768746376038,20.4760513305664,23.2519512176514,22.2250518798828,8.39505004882812,4.36905002593994,1.39200007915497,-17.2849502563477,-21.7420501708984,-19.3020000457764,-3.63687491416931,-1.82833743095398,-1.82833743095398,8.51413726806641,19.2208499908447,19.2208499908447,1.61768746376038,3.07821249961853,3.07821249961853,22.2250518798828,-6.21495008468628,-6.21495008468628,1.39200007915497,-4.38600015640259,-4.38600015640259,-19.3020000457764,5.02395009994507,5.02395009994507,-2.6331250667572,-2.6331250667572,-1.17548751831055,-2.04682493209839,-2.04682493209839,-20.7671756744385,26.8485240936279,26.8485240936279,30.4352130889893,-51.8599510192871,-51.8599510192871,-41.131950378418,-13.863000869751,-13.863000869751,-6.10395050048828,23.6089515686035,23.6089515686035,24.1240520477295,SHAKE
2.27246260643005,-3.32117509841919,-3.32117509841919,24.2341003417969,20.2992630004883,20.2992630004883,-6.82934999465942,0.37001249194145,0.37001249194145,-0.10305000841618,-37.7430000305176,-37.7430000305176,-1.95495009422302,-19.8720016479492,-19.8720016479492,0.30600002408028,8.11800003051758,8.11800003051758,-2.37187504768372,-1.60366249084473,-4.99551248550415,-1.42931246757507,-19.6765251159668,-26.4666881561279,12.5527877807617,27.6977252960205,28.8227500915527,-57.0739517211914,-46.2700538635254,-33.9139518737793,-23.0220012664795,-0.02295000106096,-5.14095020294189,11.2840509414673,19.3699512481689,14.5750503540039,-4.07591247558594,-4.07591247558594,-7.70494985580444,-25.9425373077393,-25.9425373077393,-18.1618251800537,21.4572868347168,21.4572868347168,6.35139989852905,-14.4090003967285,-14.4090003967285,3.97200012207031,-4.6210503578186,-4.6210503578186,-2.67405009269714,0.33405002951622,0.33405002951622,-11.4220504760742,-10.3677749633789,-3.87117505073547,-0.43779999017715,-6.16123723983765,2.12918758392334,21.8475131988525,3.30329990386963,3.02279996871948,-2.62143754959106,20.6749515533447,27.151050567627,23.5350017547607,2.56500005722046,3.90705013275146,1.32705008983612,-17.1630001068115,-16.9930515289307,-17.8980007171631,3.02018737792969,11.840950012207,11.840950012207,25.946662902832,28.7076625823975,28.7076625823975,-8.86971282958984,-18.1535739898682,-18.1535739898682,18.2509517669678,6.93705034255981,6.93705034255981,4.06500005722046,2.02395009994507,2.02395009994507,-9.7140007019043,-1.86795008182526,-1.86795008182526,1.2780624628067,1.2780624628067,1.49407494068146,4.50367498397827,4.50367498397827,-11.4739627838135,1.1672375202179,1.1672375202179,20.1775741577148,-51.4860038757324,-51.4860038757324,-54.4440040588379,-26.9400005340576,-26.9400005340576,-11.3130006790161,-6.40200042724609,-6.40200042724609,6.61395025253296,-5.11101245880127,-7.97321224212646,-1.89282500743866,-19.9318618774414,-22.5031127929688,-20.2548503875732,27.6731128692627,28.1825504302979,13.1768999099731,-41.5279502868652,-31.3339519500732,-15.9340505599976,3.7390501499176,-1.96305012702942,-1.1290500164032,8.41695022583008,7.33500051498413,1.15605008602142,-1.89282500743866,-3.9780125617981,-3.9780125617981,-20.2548503875732,-3.54681253433228,-3.54681253433228,13.1768999099731,2.29377508163452,2.29377508163452,-15.9340505599976,6.8100004196167,6.8100004196167,-1.1290500164032,-3.45900011062622,-3.45900011062622,1.15605008602142,-6.77100038528442,-6.77100038528442,1.65618753433228,1.13533747196198,1.13533747196198,0.56113749742508,10.7030000686646,10.7030000686646,1.94713747501373,-0.518649995327,-0.518649995327,13.9429502487183,17.2000503540039,17.2000503540039,0.52005004882813,4.60095024108887,4.60095024108887,-14.7510004043579,-24.5419502258301,-24.5419502258301,-1.48761248588562,-2.17318749427795,-6.10720014572144,20.6817874908447,24.0805130004883,22.7771492004395,-17.2335624694824,-21.9496746063232,-21.5088500976562,18.2059516906738,11.6050500869751,-10.5769500732422,9.93495082855225,5.25495004653931,-7.30305051803589,-29.3080520629883,-9.8100004196167,4.44900035858154,SHAKE
18.4516754150391,20.3820381164551,19.5934753417969,4.8365626335144,4.54726266860962,4.64090013504028,-22.5820369720459,-23.3903999328613,-23.3099632263184,17.8009510040283,3.87105011940002,-22.4299507141113,-0.73095005750656,5.77200031280518,15.4240503311157,1.98195004463196,-2.36400008201599,-10.4830503463745,19.5934753417969,17.5906505584717,16.4753875732422,4.64090013504028,0.69272500276566,8.59746265411377,-23.3099632263184,-21.8278503417969,-28.0743370056152,-22.4299507141113,-64.4050521850586,-48.4990539550781,15.4240503311157,20.545051574707,16.2119998931885,-10.4830503463745,-19.1080513000488,-15.622950553894,13.5463628768921,10.2784004211426,-0.29039999842644,9.24164962768555,9.70227527618408,4.42241239547729,-29.2660503387451,-28.6214504241943,-19.3532619476318,-28.9129505157471,-16.0330505371094,-4.2610502243042,0.20400001108646,-5.33700037002563,-7.91700029373169,-2.65905022621155,-3.5110502243042,-3.78405022621155,-1.6938624382019,-1.6938624382019,0.63057500123978,0.22481249272823,0.22481249272823,-0.44453749060631,-6.98623752593994,-6.98623752593994,-5.83274984359741,18.3540000915527,18.3540000915527,33.202953338623,-9.6670503616333,-9.6670503616333,1.3660501241684,2.54205012321472,2.54205012321472,15.1909503936768,8.59856224060059,11.6351127624512,13.6516876220703,2.23533749580383,-2.24166250228882,-2.99585008621216,-11.7921371459961,-16.3964614868164,-17.5463752746582,32.0920524597168,15.1759510040283,-7.84605026245117,3.70500016212463,6.27795028686523,15.2179508209229,14.7589502334595,2.90700006484985,-3.05100011825562,16.2054748535156,18.3874626159668,18.3874626159668,-1.89419996738434,5.77032518386841,5.77032518386841,-20.3706245422363,-26.5479507446289,-26.5479507446289,-51.8239517211914,-63.8899536132812,-63.8899536132812,21.0019512176514,19.7160015106201,19.7160015106201,-19.9339504241943,-19.9099502563477,-19.9099502563477,16.1803131103516,13.6343622207642,8.86159992218018,11.8090496063232,13.4675750732422,13.213475227356,-27.9886741638184,-28.5521507263184,-25.8164501190186,-40.4620513916016,-16.0210514068604,-0.57705003023148,9.0730504989624,-7.79400014877319,-15.2170505523682,-8.03805065155029,-1.97400009632111,-0.10995000600815,0.36203750967979,2.20151257514954,2.20151257514954,2.81434988975525,0.48565000295639,0.48565000295639,-13.5929746627808,-8.44579982757568,-8.44579982757568,18.7210502624512,28.878002166748,28.878002166748,-14.1580505371094,-5.47800016403198,-5.47800016403198,4.44405031204224,11.8159503936768,11.8159503936768,8.86201286315918,11.9140996932983,14.2571001052856,1.81747496128082,-4.14699983596802,-4.93349981307983,-10.0197620391846,-20.1587371826172,-21.772575378418,24.2410507202148,7.19100046157837,-16.6030502319336,6.08400011062622,9.67605018615723,18.3610515594482,9.64605045318604,2.97405004501343,-4.57695007324219,14.2571001052856,20.0752754211426,20.5024871826172,-4.93349981307983,-3.27483749389648,4.72161245346069,-21.772575378418,-26.9861621856689,-35.5932502746582,-16.6030502319336,-48.2860527038574,-40.7080535888672,18.3610515594482,16.8330001831055,10.150050163269,-4.57695007324219,-19.8000011444092,-13.570050239563,SHAKE
-6.15972518920898,-6.15972518920898,12.6040744781494,-20.9948749542236,-20.9948749542236,3.08453750610352,-2.27920007705688,-2.27920007705688,-25.3775501251221,-38.6389503479004,-38.6389503479004,-51.2490005493164,15.0940504074097,15.0940504074097,18.9139499664307,-10.6240501403809,-10.6240501403809,-5.03700017929077,14.2675495147705,14.5942497253418,14.5942497253418,9.56752490997314,11.236499786377,11.236499786377,-27.0110492706299,-26.895824432373,-26.895824432373,-39.493953704834,-27.5650520324707,-27.5650520324707,9.56100082397461,1.27005004882812,1.27005004882812,-4.43100023269653,-0.91995006799698,-0.91995006799698,9.65855026245117,2.87746238708496,0.2255000025034,9.48818778991699,0.44879999756813,-0.26372501254082,-23.2220993041992,-7.25174999237061,-1.58936250209808,-15.2899503707886,-2.06700015068054,16.5,1.9980001449585,5.78700017929077,7.3080005645752,-2.0310001373291,-1.80600011348724,3.16995024681091,-2.74821257591248,-10.0372247695923,-10.0372247695923,-1.61961245536804,-10.4887752532959,-10.4887752532959,1.47757494449615,15.3320751190186,15.3320751190186,29.6539516448975,26.1400508880615,26.1400508880615,-1.35195004940033,-2.97105002403259,-2.97105002403259,15.1879510879517,9.39900016784668,9.39900016784668,-13.8472127914429,-13.7981252670288,-10.8895874023438,-16.854887008667,-18.3271007537842,-17.4305992126465,19.1896381378174,18.9576740264893,16.3735008239746,16.4239501953125,2.83695006370544,-27.4380016326904,-2.40300011634827,3.1039502620697,12.0400505065918,3.49095010757446,-6.17895030975342,-8.20305061340332,3.18807506561279,10.8488874435425,10.8488874435425,-3.34358739852905,9.15282535552979,9.15282535552979,-4.35764980316162,-22.4735507965088,-22.4735507965088,-52.900951385498,-51.4069519042969,-51.4069519042969,20.3340015411377,18.4609508514404,18.4609508514404,-9.33795070648193,-4.98600006103516,-4.98600006103516,12.2897500991821,11.4580125808716,4.13008737564087,11.5145254135132,11.8725748062134,6.63286256790161,-25.0234870910645,-25.1175365447998,-17.8777503967285,-22.6759510040283,-22.6759510040283,-8.77605056762695,-0.18495000898838,-0.18495000898838,4.09095001220703,-5.60400009155273,-5.60400009155273,-3.57105016708374,0.22824999690056,-1.15472495555878,-4.34775018692017,0.53831249475479,-0.53913748264313,-2.6949999332428,-3.37796258926392,-0.44068750739098,4.55482482910156,11.0370006561279,28.9759521484375,29.4570007324219,5.69100046157837,-0.50205004215241,-3.96495008468628,2.0350501537323,9.60300064086914,10.582950592041,-9.46605014801025,-9.46605014801025,-8.3315372467041,-12.7555999755859,-12.7555999755859,-12.6820373535156,15.228949546814,15.228949546814,13.9555625915527,5.98095035552979,5.98095035552979,-19.5559501647949,0.966000020504,0.966000020504,10.9860000610352,-3.13800024986267,-3.13800024986267,-5.5969500541687,-1.4030499458313,-1.4030499458313,10.5429496765137,-7.99466228485107,-7.99466228485107,10.1991996765137,6.24483728408813,6.24483728408813,-20.7190494537354,-48.0660018920898,-48.0660018920898,-59.3820037841797,19.314001083374,19.314001083374,19.7640018463135,-6.64395046234131,-6.64395046234131,-3.99000024795532,SHAKE
-10.3695621490479,-7.47051239013672,6.88448762893677,-19.6872501373291,-17.4633255004883,4.89747476577759,14.5650997161865,12.5225372314453,-13.1977996826172,-44.5480537414551,-44.5480537414551,-66.6540069580078,18.9400501251221,18.9400501251221,23.8399505615234,-8.35605049133301,-8.35605049133301,-7.10100030899048,11.2322378158569,11.1016120910645,11.1016120910645,12.1763124465942,13.7242870330811,13.7242870330811,-23.1794757843018,-24.5236740112305,-24.5236740112305,-52.7790031433105,-29.9070014953613,-29.9070014953613,14.0449504852295,1.30800008773804,1.30800008773804,-5.30505037307739,-5.52795028686523,-5.52795028686523,2.62748742103577,2.62748742103577,-0.65532499551773,3.92988753318787,3.92988753318787,0.51108747720718,-11.4455003738403,-11.4455003738403,-2.22351241111755,3.36900019645691,3.36900019645691,30.187952041626,6.83595037460327,6.83595037460327,1.81800007820129,-2.04795002937317,-2.04795002937317,7.3560004234314,-3.60428738594055,-3.60428738594055,-11.6473503112793,-2.2479875087738,-2.2479875087738,-16.2551116943359,1.52982497215271,1.52982497215271,16.4440364837646,36.211051940918,36.211051940918,30.271951675415,-3.66105008125305,-3.66105008125305,-0.89205002784729,21.4819507598877,21.4819507598877,11.7370510101318,-12.5906000137329,-11.7511625289917,-7.31816244125366,-19.4587249755859,-20.1559867858887,-16.9228115081787,17.8309993743896,17.1271381378174,13.1859750747681,17.4970512390137,-6.12705039978027,-49.9150505065918,2.2300500869751,9.02700042724609,21.4210510253906,2.69100022315979,-6.27000045776367,-10.8780002593994,-7.31816244125366,7.01249980926514,11.3298625946045,-16.9228115081787,6.11448764801025,12.6428499221802,13.1859750747681,-13.4428253173828,-22.7976379394531,-72.6240005493164,-72.6240005493164,-52.6960525512695,26.6089515686035,26.6089515686035,13.068000793457,-6.86205053329468,-6.86205053329468,-4.51500034332275,11.3645124435425,9.55968761444092,2.97962498664856,14.2062253952026,13.4833869934082,4.02325010299683,-24.4534130096436,-23.3106498718262,-10.9113121032715,-29.4229507446289,-11.6209506988525,11.7940502166748,-0.00795000046492,2.66100001335144,5.6100001335144,-1.10699999332428,-3.13500022888184,5.40705013275146,-0.75528746843338,-0.75528746843338,-6.47377490997314,-0.18590000271797,-0.18590000271797,-5.11568737030029,-2.64219999313354,-2.64219999313354,1.14785003662109,32.3890533447266,32.3890533447266,34.935001373291,-3.63900017738342,-3.63900017738342,-6.34305047988892,17.5279502868652,17.5279502868652,16.7779502868652,-13.5357751846313,-11.4585628509521,-11.4585628509521,-19.9665126800537,-21.863187789917,-21.863187789917,12.3833875656128,11.4321622848511,11.4321622848511,24.7900505065918,-12.9310503005981,-12.9310503005981,-1.1869500875473,13.6620006561279,13.6620006561279,8.89395046234131,-1.76805007457733,-1.76805007457733,-4.1454873085022,8.96665000915527,12.1578874588013,-14.9285125732422,9.11487483978271,14.7354621887207,7.32036256790161,-14.8627872467041,-20.3810749053955,-47.368953704834,-64.5460510253906,-40.4550018310547,24.72705078125,24.3820514678955,11.3940010070801,-1.34805011749268,-2.85705018043518,3.91695022583008,SHAKE
26.8783626556396,26.8783626556396,3.45070004463196,-32.5188865661621,-32.5188865661621,-13.5564002990723,-10.4271745681763,-10.4271745681763,-14.2330369949341,1.96995007991791,1.96995007991791,-71.9040069580078,12.153000831604,12.153000831604,24.2500514984131,1.774050116539,1.774050116539,-10.4400005340576,3.45070004463196,10.2874746322632,10.250075340271,-13.5564002990723,-5.31354999542236,-1.72988748550415,-14.2330369949341,-24.1609497070312,-26.2659378051758,-71.9040069580078,-59.3749542236328,-27.2290515899658,24.2500514984131,14.5500011444092,-5.06895017623901,-10.4400005340576,-5.58000040054321,-3.43005013465881,9.95417499542236,8.94987487792969,4.37002515792847,-1.3642749786377,-5.00128746032715,1.22210001945496,-25.520824432373,-16.5017871856689,-6.43101263046265,-10.2510004043579,10.1940002441406,30.5400009155273,-5.47800016403198,-7.0620002746582,-9.91200065612793,-1.17105007171631,3.46905016899109,12.2280006408691,6.59724998474121,6.89273738861084,7.98586225509644,-6.06319999694824,-22.0417995452881,-25.5963115692139,-7.79102516174316,-17.8318252563477,-19.1214370727539,34.1449508666992,21.2550010681152,9.91200065612793,-3.67695021629333,1.91895008087158,8.65605068206787,17.4799499511719,11.392050743103,4.3560004234314,7.98586225509644,8.0693244934082,6.17484998703003,-25.5963115692139,-25.0328369140625,-17.964786529541,-19.1214370727539,-20.0554752349854,-20.0333366394043,9.91200065612793,-12.996000289917,-48.3559532165527,8.65605068206787,15.4510507583618,20.3629512786865,4.3560004234314,-5.00100040435791,-10.0470008850098,9.50510025024414,12.6707620620728,12.9883871078491,-10.08424949646,-7.64720010757446,-6.97784996032715,-24.6384868621826,-27.8804626464844,-27.8783988952637,-64.2160568237305,-36.748950958252,-22.2280502319336,26.5060520172119,8.91900062561035,-4.01999998092651,-4.61295032501221,-2.58705019950867,-0.44805002212524,12.9883871078491,12.8378248214722,9.5728874206543,-6.97784996032715,-9.01656246185303,-1.81431245803833,-27.8783988952637,-24.6864757537842,-9.30655002593994,-22.2280502319336,-11.8890008926392,2.89005017280579,-4.01999998092651,-3.78300023078918,-2.91300010681152,-0.44805002212524,-1.399050116539,-1.18095004558563,5.20932483673096,7.94213724136353,7.94213724136353,-1.33704996109009,-6.10513734817505,-6.10513734817505,-4.7621750831604,-9.38327503204346,-9.38327503204346,29.5840511322021,35.7250518798828,35.7250518798828,-9.8569507598877,-5.31300020217896,-5.31300020217896,5.88600015640259,14.4889507293701,14.4889507293701,9.54043769836426,9.54043769836426,10.2840375900269,-22.9194622039795,-22.9194622039795,-22.6452865600586,-20.4191627502441,-20.4191627502441,-22.3625869750977,3.22500014305115,-10.7920503616333,-27.4620018005371,9.75495052337646,13.899001121521,18.0370502471924,-1.36005008220673,-5.70300006866455,-3.95205020904541,7.65544986724854,10.7740879058838,11.7334251403809,-16.4671382904053,-13.1718120574951,-11.6391000747681,-24.5909118652344,-30.7752494812012,-32.4586639404297,-52.279052734375,-47.5030517578125,-24.4680004119873,24.2520008087158,22.2000007629395,1.35405004024506,-7.49895048141479,-0.11700000613928,0.6360000371933,SHAKE
22.2965869903564,22.2965869903564,17.1791114807129,-0.59991252422333,-0.59991252422333,2.42302489280701,-23.2266368865967,-23.2266368865967,-17.8982372283936,-22.0489501953125,-22.0489501953125,-37.5810012817383,6.06195020675659,6.06195020675659,9.42705059051514,-7.32195043563843,-7.32195043563843,-11.0119504928589,9.08902454376221,9.08902454376221,5.53148746490479,7.48123741149902,7.48123741149902,8.43521213531494,-17.2757740020752,-17.2757740020752,-17.2888374328613,-39.9970512390137,-39.9970512390137,-15.4360504150391,7.42500019073486,7.42500019073486,-2.51100015640259,-8.40195083618164,-8.40195083618164,-2.52705001831055,1.03028750419617,-4.78431224822998,-4.11798763275146,6.17581224441528,3.64416241645813,1.66773748397827,-15.6261873245239,-5.75327491760254,-3.52013754844666,-15.4360504150391,-6.92895030975342,7.09995031356812,-2.51100015640259,-2.24805021286011,-4.0489501953125,-2.52705001831055,-2.19105005264282,1.16805005073547,0.7265499830246,0.7265499830246,8.16131210327148,-0.37468749284744,-0.37468749284744,-6.21224975585938,-3.41989994049072,-3.41989994049072,-12.9732627868652,22.3920001983643,22.3920001983643,21.552001953125,-8.36700057983398,-8.36700057983398,-3.53400015830994,11.3440504074097,11.3440504074097,9.81900024414062,13.5228500366211,14.0794496536255,11.8027248382568,-15.9436750411987,-17.9064865112305,-17.5273990631104,-22.5252494812012,-24.6389007568359,-26.2838115692139,10.7839508056641,-2.12700009346008,-24.6690006256104,-1.23405003547668,5.58600044250488,14.6290502548218,7.52205038070679,-4.06695032119751,-11.5990505218506,6.27096223831177,6.27096223831177,-3.26122498512268,-14.8597621917725,-14.8597621917725,2.53165006637573,-31.814474105835,-31.814474105835,-33.0691604614258,-42.1480522155762,-42.1480522155762,-26.812952041626,22.6810512542725,22.6810512542725,5.79600048065186,-5.81505012512207,-5.81505012512207,-5.81505012512207,-3.26122498512268,-10.2335748672485,-11.1582622528076,2.53165006637573,6.83691263198853,10.0058746337891,-33.0691604614258,-32.5868110656738,-17.3331127166748,-26.812952041626,-18.1830005645752,-12.8640003204346,5.79600048065186,0.23805001378059,1.29105007648468,-5.81505012512207,-5.06595039367676,-3.74295020103455,-16.1019382476807,-2.60975003242493,14.5116128921509,11.118800163269,2.20109987258911,-5.21482515335083,-7.03560018539429,-2.95418739318848,1.55883753299713,-4.39305019378662,3.53400015830994,13.5640506744385,3.82305026054382,3.42300009727478,0.63000005483627,-1.37205004692078,2.18099999427795,6.10095024108887,17.5890007019043,16.8427867889404,12.9500246047974,-10.1554746627808,-7.51863765716553,-6.80047512054443,8.47096252441406,17.6747989654541,18.1721382141113,23.332950592041,16.242000579834,7.87605047225952,-5.38305044174194,-7.33695030212402,-4.10100030899048,5.38800048828125,4.89405012130737,0.8400000333786,12.9500246047974,1.83589994907379,0.80905002355576,-6.80047512054443,-3.48768758773804,0.36561250686646,18.1721382141113,15.8767127990723,7.83571243286133,7.87605047225952,-5.02005004882812,-26.3890514373779,-4.10100030899048,6.71100044250488,15.1680011749268,0.8400000333786,-4.65105009078979,-5.26395034790039,SHAKE
10.4124622344971,10.4124622344971,6.49398756027222,-6.78837490081787,-6.78837490081787,7.84781265258789,-23.2726993560791,-23.2726993560791,-8.26649951934814,-18.9379501342773,-18.9379501342773,-36.4639511108398,7.50900030136108,7.50900030136108,8.45505046844482,-8.93295001983643,-8.93295001983643,-1.87995004653931,6.49398756027222,2.48764991760254,0.71293747425079,7.84781265258789,12.9170246124268,12.7085752487183,-8.26649951934814,-8.62454986572266,-5.65496253967285,-36.4639511108398,-25.0710010528564,-15.1030511856079,8.45505046844482,6.69405031204224,2.83800005912781,-1.87995004653931,-3.36705017089844,-2.5530002117157,-0.59358751773834,0.96085000038147,2.22887492179871,1.3532749414444,0.74057501554489,-0.35914999246597,-1.63968753814697,-1.18841254711151,-2.00942492485046,-6.80505037307739,0.70005005598068,7.62705039978027,-0.13800001144409,-4.67805004119873,-7.90005016326904,-2.08395004272461,-3.58800005912781,0.73695003986359,3.01633739471436,3.01633739471436,4.25507497787476,-0.77536249160767,-0.77536249160767,9.28936290740967,-5.24356269836426,-5.24356269836426,-30.4106006622314,12.5800504684448,12.5800504684448,1.14795005321503,-7.27200031280518,-7.27200031280518,-1.7370001077652,10.6519508361816,10.6519508361816,2.0830500125885,4.25507497787476,2.15599989891052,-0.79612499475479,9.28936290740967,11.4782247543335,18.5887622833252,-30.4106006622314,-31.1062126159668,-30.7015495300293,1.14795005321503,-22.7149505615234,-33.7579498291016,-1.7370001077652,9.17295074462891,15.1440010070801,2.0830500125885,-3.6739501953125,-11.6929502487183,-2.78162503242493,0.01237499993294,0.13626250624657,28.3927879333496,21.4530258178711,20.5460758209229,-4.76382493972778,5.63323736190796,7.0303750038147,-45.1609535217285,-27.631950378418,-15.9919509887695,20.0680503845215,13.3189506530762,4.56494998931885,-7.81995058059692,-6.48600053787231,-3.25200009346008,0.13626250624657,-0.12883749604225,-0.12883749604225,20.5460758209229,3.56743741035461,3.56743741035461,7.0303750038147,-0.4144249856472,-0.4144249856472,-15.9919509887695,-4.18200016021729,-4.18200016021729,4.56494998931885,-5.14305019378662,-5.14305019378662,-3.25200009346008,-3.57105016708374,-3.57105016708374,1.99265003204346,3.7474250793457,3.34014987945557,1.58001244068146,0.62328749895096,-0.95397502183914,-1.41556251049042,-2.66076254844666,-7.2022500038147,-0.92700004577637,1.4190000295639,6.11805009841919,-4.84095001220703,-2.74305009841919,-0.99705004692078,-2.7610502243042,3.79005026817322,7.84500026702881,5.74117517471313,5.74117517471313,8.47371292114258,-5.14772510528564,-5.14772510528564,-6.71742486953735,-19.3973999023438,-19.3973999023438,-27.6810874938965,9.05895042419434,9.05895042419434,5.19105005264282,-2.95905017852783,-2.95905017852783,-3.1600501537323,6.54495048522949,6.54495048522949,2.49705004692078,8.71199989318848,15.1002502441406,16.3718490600586,-6.93962478637695,-7.28007507324219,13.8957500457764,-28.5174999237061,-17.9327507019043,7.44589996337891,-2.17005014419556,-16.4560508728027,-27.5310020446777,-0.6280500292778,4.39800024032593,9.95205020904541,-2.77095007896423,-8.85705089569092,-13.8720006942749,SHAKE
15.489649772644,9.12889957427979,0.45814999938011,7.14821243286133,24.1566867828369,31.6854991912842,-12.8276500701904,0.66948747634888,1.11099994182587,-37.8610534667969,-34.5700531005859,-22.4610004425049,15.702000617981,11.8990507125854,2.16105008125305,-10.78005027771,-1.38405001163483,-2.2110002040863,-10.291187286377,-10.291187286377,-1.95538747310638,11.0250253677368,11.0250253677368,4.13668727874756,-1.03303754329681,-1.03303754329681,-2.25651240348816,-1.76805007457733,-1.76805007457733,4.21605014801025,-4.41000032424927,-4.41000032424927,-4.28595018386841,-3.07995009422302,-3.07995009422302,1.37400007247925,5.30639982223511,5.30639982223511,8.91164970397949,-0.22123749554157,-0.22123749554157,-10.2509002685547,-2.80513739585876,-2.80513739585876,-26.1629505157471,9.61500072479248,9.61500072479248,9.43800067901611,-5.11395025253296,-5.11395025253296,0.28800001740456,6.76995038986206,6.76995038986206,6.25995016098022,8.91164970397949,8.67157459259033,13.5404500961304,-10.2509002685547,-10.9665870666504,-11.7255878448486,-26.1629505157471,-29.8032627105713,-25.6994380950928,9.43800067901611,1.84800004959106,-9.97305011749268,0.28800001740456,0.61095005273819,4.17300033569336,6.25995016098022,1.78605008125305,-3.50595021247864,13.5404500961304,23.6571502685547,27.1970882415771,-11.7255878448486,-2.37517499923706,19.2671871185303,-25.6994380950928,-12.7184753417969,1.33581244945526,-9.97305011749268,-30.2040023803711,-41.5590019226074,4.17300033569336,8.07900047302246,18.7680015563965,-3.50595021247864,0.89505004882813,-10.4970006942749,24.4700508117676,13.740650177002,1.36386251449585,23.9225254058838,27.8634128570557,23.0269870758057,5.23888731002808,1.83603751659393,-2.73569989204407,-35.5300521850586,-22.3189506530762,-14.0140504837036,20.7130508422852,8.91900062561035,1.31295001506805,-0.51705002784729,-2.30400013923645,-2.26095008850098,1.36386251449585,-3.75993752479553,0.13516250252724,23.0269870758057,6.26463747024536,1.8321875333786,-2.73569989204407,-1.46148753166199,-1.32797503471375,-14.0140504837036,-6.44505023956299,0.82995003461838,1.31295001506805,-2.03205013275146,-4.45095014572144,-2.26095008850098,-5.3430004119873,-0.0430500023067,0.13516250252724,4.23280000686646,1.8405749797821,1.8321875333786,-0.84315001964569,-3.70589995384216,-1.32797503471375,-0.87339997291565,-4.83395004272461,5.4810004234314,15.6739511489868,15.6739511489868,-5.62500047683716,-6.61395025253296,-6.61395025253296,0.95895004272461,6.72705030441284,6.72705030441284,-2.60562491416931,-5.91043758392334,-5.63145017623901,-13.2152624130249,-13.4398002624512,-13.201512336731,-21.992712020874,-26.2525997161865,-25.7713489532471,9.05895042419434,-1.72695004940033,-13.9339504241943,-5.38500022888184,-2.35500001907349,4.54905033111572,4.49205017089844,-0.79800003767014,-4.63905000686646,4.10795021057129,4.10795021057129,10.8827123641968,-8.07234954833984,-8.07234954833984,16.908374786377,-11.9886245727539,-11.9886245727539,14.2913370132446,-28.8460521697998,-28.8460521697998,-24.9180011749268,15.1680011749268,15.1680011749268,9.65700054168701,-9.71700000762939,-9.71700000762939,-2.20095014572144,SHAKE
-2.55145001411438,-14.6570873260498,-23.5610370635986,-3.25036239624023,-7.18588733673096,-5.35177516937256,-20.4342880249023,12.0929870605469,21.3122253417969,-16.5589504241943,-29.6869506835938,-33.5110511779785,6.7350001335144,15.7879505157471,20.3250007629395,-6.67695045471191,-5.48700046539307,5.17500019073486,-11.8570375442505,-4.61958742141724,-4.61958742141724,-11.1410751342773,-13.8169622421265,-13.8169622421265,24.4067993164062,21.1407623291016,21.1407623291016,-26.4940509796143,-18.6220512390137,-18.6220512390137,11.9970006942749,2.60595011711121,2.60595011711121,4.93695020675659,1.95300006866455,1.95300006866455,7.11906242370605,16.9190998077393,7.4516749382019,-8.3582124710083,-9.49946212768555,-4.36383724212646,2.7395498752594,0.80836248397827,-2.01602506637573,-11.8170003890991,-4.67295026779175,3.40200018882751,-3.53805017471313,-5.5770001411438,-5.63595008850098,-1.76805007457733,-2.43795013427734,-3.43005013465881,4.63567495346069,4.63567495346069,4.49556255340576,-1.7994624376297,-1.7994624376297,-2.17566251754761,-5.2529125213623,-5.2529125213623,-15.6381502151489,11.5710000991821,11.5710000991821,14.1030006408691,-6.17295026779175,-6.17295026779175,-5.15505027770996,0.09705000370741,0.09705000370741,9.46905040740967,3.85288739204407,2.31728744506836,-0.90144997835159,-2.85835003852844,-2.76292490959167,-2.84542489051819,-28.2657375335693,-31.0891628265381,-29.8458881378174,8.00804996490479,-1.24800002574921,-18.8950500488281,-4.26195001602173,-0.38400000333786,10.6099500656128,3.48105025291443,-4.13895034790039,-7.04400014877319,-16.5464744567871,-4.80191230773926,-4.80191230773926,-3.57224988937378,-12.7220497131348,-12.7220497131348,-18.2781505584717,-4.15346240997314,-4.15346240997314,-38.6650505065918,-38.7919502258301,-38.7919502258301,22.0129508972168,21.2710514068604,21.2710514068604,-5.84100008010864,2.84205007553101,2.84205007553101,-2.52449989318848,-0.37963750958443,14.9507875442505,-13.2796125411987,-13.3097248077393,-11.7235250473022,-0.72269999980927,0.55371248722076,-1.0231374502182,-23.3470516204834,-14.428050994873,-6.49995040893555,9.73095035552979,-1.47900009155273,-10.4119501113892,4.81095027923584,0.07605000585318,-4.2610502243042,3.61721253395081,1.86243748664856,3.2077374458313,-1.41349995136261,-1.02231252193451,-2.39304995536804,-3.17721247673035,-5.07086229324341,-11.7651872634888,2.62095022201538,8.14695072174072,9.88800048828125,-11.9280004501343,-7.18605041503906,-4.06800031661987,-4.10700035095215,1.27800011634827,8.8840503692627,3.2077374458313,2.88034987449646,2.96394991874695,-2.39304995536804,-3.04562497138977,-3.76021242141724,-11.7651872634888,-23.5602130889893,-27.996374130249,9.88800048828125,2.63100004196167,-1.12604999542236,-4.06800031661987,1.25295007228851,3.95700025558472,8.8840503692627,2.82705020904541,1.8550500869751,4.51522493362427,18.8398380279541,30.5837116241455,-4.77839994430542,1.12928748130798,-5.73045015335083,-27.7389755249023,-21.3914241790771,-10.1432371139526,-16.2000007629395,-30.2899513244629,-28.7860507965088,10.150050163269,18.7819499969482,13.9350004196167,-7.44600057601929,-8.65605068206787,-2.3449501991272,SHAKE
-16.0705871582031,-14.4203128814697,-14.4203128814697,-11.0349245071411,2.03500008583069,2.03500008583069,-25.0460376739502,7.21531248092651,7.21531248092651,-18.1039505004883,-35.4900016784668,-35.4900016784668,7.92105054855347,20.8200016021729,20.8200016021729,-5.62395048141479,-2.77095007896423,-2.77095007896423,-3.51876258850098,-3.51876258850098,24.0561752319336,-1.64944994449615,-1.64944994449615,-11.9046125411987,14.3444128036499,14.3444128036499,1.58496248722076,-19.0309505462646,-19.0309505462646,-7.63800048828125,4.81905031204224,4.81905031204224,-6.0600004196167,1.42200005054474,1.42200005054474,-0.58200001716614,24.0561752319336,26.4809875488281,20.3627872467041,-11.9046125411987,-12.699912071228,-8.34446239471436,1.58496248722076,0.31748750805855,-2.93218755722046,-7.63800048828125,-1.46595001220703,5.10495042800903,-6.0600004196167,-6.17805051803589,-5.49495029449463,-0.58200001716614,-3.02700018882751,0.45405003428459,20.3627872467041,3.17556238174438,3.17556238174438,-8.34446239471436,-7.16650009155273,-7.16650009155273,-2.93218755722046,-20.7745990753174,-20.7745990753174,5.10495042800903,9.24600028991699,9.24600028991699,-5.49495029449463,-4.39305019378662,-4.39305019378662,0.45405003428459,4.80795001983643,4.80795001983643,2.75618743896484,-2.65485000610352,2.32760000228882,-8.65053749084473,-8.4601001739502,-8.02298736572266,-26.73508644104,-27.8689117431641,-21.7027244567871,-4.57005023956299,-4.57005023956299,-22.9180507659912,3.47295022010803,3.47295022010803,12.526050567627,-5.3580002784729,-5.3580002784729,-7.0290002822876,8.67487525939941,8.67487525939941,16.0615119934082,-6.10939979553223,-6.10939979553223,-9.9229621887207,-9.28730010986328,-9.28730010986328,-0.86033749580383,-35.4820518493652,-35.4820518493652,-30.7000522613525,22.7550010681152,22.7550010681152,21.0430507659912,-8.87400054931641,-8.87400054931641,0.53505003452301,28.1117382049561,27.9477005004883,22.9308757781982,-16.6691246032715,-16.5063247680664,-15.3197002410889,4.1142749786377,3.76406240463257,1.65123748779297,-20.4030017852783,-15.0000009536743,-7.97100019454956,8.44500064849854,-3.18195009231567,-9.44505023956299,2.16600012779236,-0.06195000186563,-3.60900020599365,16.1836128234863,16.1836128234863,10.3801498413086,-10.1877870559692,-10.1877870559692,-4.31543731689453,-0.99013751745224,-0.99013751745224,-4.72188758850098,0.70800000429153,0.70800000429153,6.08895015716553,-10.4740505218506,-10.4740505218506,-7.88505029678345,-2.16000008583069,-2.16000008583069,2.9520001411438,10.061149597168,6.03102493286133,5.0346999168396,-5.52873754501343,-10.6011123657227,-12.0931253433228,-11.4368371963501,-19.1914253234863,-23.5097503662109,8.35500049591064,4.89705038070679,-1.07805001735687,-4.35300016403198,-1.3330500125885,2.68500018119812,6.80295038223267,3.682950258255,2.41800022125244,3.06707501411438,18.3720626831055,18.3720626831055,-13.1496753692627,-0.3782624900341,-0.3782624900341,-22.5487632751465,-6.73158740997314,-6.73158740997314,-14.3539505004883,-26.6419506072998,-26.6419506072998,11.7289505004883,16.4830513000488,16.4830513000488,-5.84595012664795,-7.1370005607605,-7.1370005607605,SHAKE
8.38323783874512,3.13761258125305,3.13761258125305,-3.21777486801147,1.02341246604919,1.02341246604919,-11.1962127685547,2.65746259689331,2.65746259689331,-8.77305030822754,-25.5930004119873,-25.5930004119873,7.06605052947998,18.6480007171631,18.6480007171631,0.80805003643036,-11.4079504013062,-11.4079504013062,-7.34593725204468,-8.8587121963501,-8.8587121963501,9.31906223297119,9.34848785400391,9.34848785400391,14.5351247787476,14.1575498580933,14.1575498580933,-23.2440013885498,-13.9510507583618,-13.9510507583618,6.22005033493042,-6.12000036239624,-6.12000036239624,-7.40505027770996,-3.01095008850098,-3.01095008850098,-2.45024991035461,4.37690019607544,4.37690019607544,5.78875017166138,-0.5682874917984,-0.5682874917984,1.38929998874664,-3.42017507553101,-3.42017507553101,-7.47300052642822,1.74195003509521,1.74195003509521,-10.9729509353638,-6.44595050811768,-6.44595050811768,1.8139500617981,7.2180004119873,7.2180004119873,11.954662322998,11.954662322998,14.8286876678467,-3.83198738098145,-3.83198738098145,-7.00754976272583,-12.8992872238159,-12.8992872238159,-23.5522365570068,11.0850009918213,11.0850009918213,7.31595039367676,-2.85795021057129,-2.85795021057129,-2.13705015182495,8.32605075836182,8.32605075836182,4.09395027160645,16.5155372619629,19.786937713623,14.2099370956421,-9.36883735656738,-9.54043769836426,-6.21472501754761,-26.5424499511719,-25.7467365264893,-17.6137504577637,1.49100005626678,-5.68605041503906,-20.7270011901855,-0.88200002908707,2.3860502243042,11.5279502868652,3.78495025634766,-1.22100007534027,-10.9930505752563,28.3559379577637,32.9520111083984,32.9520111083984,3.38800001144409,2.46303749084473,2.46303749084473,-15.3338623046875,-10.8630495071411,-10.8630495071411,-34.2199516296387,-33.7510528564453,-33.7510528564453,20.9160003662109,19.066951751709,19.066951751709,-14.4130506515503,-0.84300005435944,-0.84300005435944,35.8214988708496,34.4631385803223,17.8597373962402,-0.0629749968648,-2.90936255455017,-9.76662540435791,-9.36512470245361,-9.46701240539551,0.01649999991059,-30.048002243042,-18.9690017700195,-10.3590002059937,6.12000036239624,0.93900007009506,-2.14904999732971,6.91605043411255,-6.55500030517578,-2.31600022315979,12.4371500015259,4.06642484664917,4.06642484664917,-6.84144973754883,-2.93356251716614,-2.93356251716614,-0.51796251535416,-2.06593751907349,-2.06593751907349,-0.81495004892349,7.97400045394897,7.97400045394897,-2.77395009994507,-4.36995029449463,-4.36995029449463,-3.37200021743774,3.75195026397705,3.75195026397705,-2.03169989585876,5.44665002822876,7.42953729629517,-3.13389992713928,-1.32591247558594,-4.14466238021851,-6.16151237487793,-20.961462020874,-30.5643253326416,13.7080507278442,12.0820503234863,4.71495008468628,-7.35795021057129,-6.05295038223267,-2.7240002155304,12.3930006027222,8.32605075836182,4.05105018615723,8.95716285705566,10.6089496612549,14.1310119628906,-4.72986268997192,-4.52292490005493,-1.21041250228882,-31.360725402832,-31.2147006988525,-26.8562240600586,-4.10295009613037,-4.10295009613037,-18.5020503997803,0.42705002427101,0.42705002427101,7.81305027008057,-0.10500000417233,-0.10500000417233,-5.97300004959106,SHAKE
32.9520111083984,32.9520111083984,35.8214988708496,2.46303749084473,2.46303749084473,-0.0629749968648,-10.8630495071411,-10.8630495071411,-9.36512470245361,-33.7510528564453,-33.7510528564453,-30.048002243042,19.066951751709,19.066951751709,6.12000036239624,-0.84300005435944,-0.84300005435944,6.91605043411255,34.4631385803223,17.8597373962402,12.4371500015259,-2.90936255455017,-9.76662540435791,-6.84144973754883,-9.46701240539551,0.01649999991059,-0.51796251535416,-18.9690017700195,-10.3590002059937,-0.81495004892349,0.93900007009506,-2.14904999732971,-2.77395009994507,-6.55500030517578,-2.31600022315979,-3.37200021743774,4.06642484664917,4.06642484664917,-2.03169989585876,-2.93356251716614,-2.93356251716614,-3.13389992713928,-2.06593751907349,-2.06593751907349,-6.16151237487793,7.97400045394897,7.97400045394897,13.7080507278442,-4.36995029449463,-4.36995029449463,-7.35795021057129,3.75195026397705,3.75195026397705,12.3930006027222,5.44665002822876,7.42953729629517,8.95716285705566,-1.32591247558594,-4.14466238021851,-4.72986268997192,-20.961462020874,-30.5643253326416,-31.360725402832,12.0820503234863,4.71495008468628,-4.10295009613037,-6.05295038223267,-2.7240002155304,0.42705002427101,8.32605075836182,4.05105018615723,-0.10500000417233,10.6089496612549,14.1310119628906,14.1766624450684,-4.52292490005493,-1.21041250228882,10.5802125930786,-31.2147006988525,-26.8562240600586,-13.3644495010376,-4.10295009613037,-18.5020503997803,-35.9569511413574,0.42705002427101,7.81305027008057,20.7340507507324,-0.10500000417233,-5.97300004959106,-13.0620002746582,25.5311374664307,26.3132381439209,25.8817615509033,11.8090496063232,12.0454120635986,10.3545751571655,-4.35531234741211,-2.55529999732971,-3.22121238708496,-38.5030517578125,-28.6639518737793,-17.0119514465332,22.5280513763428,10.570050239563,0.42900002002716,1.81905007362366,3.50505018234253,-3.76995015144348,18.1618251800537,18.1618251800537,4.0836124420166,-3.01963758468628,-3.01963758468628,-0.9150624871254,-2.01671242713928,-2.01671242713928,-1.43935000896454,-9.31005001068115,-9.31005001068115,-0.90300005674362,-4.41000032424927,-4.41000032424927,-3.45900011062622,-2.70600008964539,-2.70600008964539,-2.56005001068115,0.65752500295639,0.65752500295639,-0.85992497205734,-0.7900750041008,-0.7900750041008,-1.79533743858337,-2.2207624912262,-2.2207624912262,-5.37020015716553,7.84200048446655,7.84200048446655,13.6579504013062,-3.94605016708374,-3.94605016708374,-5.6650505065918,0.26205000281334,0.26205000281334,7.62705039978027,16.2204627990723,19.7791004180908,19.7791004180908,1.32921254634857,0.35612499713898,0.35612499713898,-27.934362411499,-28.7564754486084,-28.7564754486084,6.24495029449463,-0.94605004787445,-0.94605004787445,-3.31995010375977,-0.52799999713898,-0.52799999713898,4.33200025558472,-1.92600011825562,-1.92600011825562,22.7118377685547,16.7534122467041,16.7534122467041,1.40043747425079,6.09812498092651,6.09812498092651,-25.5033626556396,-14.4032621383667,-14.4032621383667,-14.6749505996704,-34.7809524536133,-34.7809524536133,8.37105083465576,20.1570014953613,20.1570014953613,-5.20905017852783,-11.2470006942749,-11.2470006942749,SHAKE
19.7791004180908,22.7118377685547,16.7534122467041,0.35612499713898,1.40043747425079,6.09812498092651,-28.7564754486084,-25.5033626556396,-14.4032621383667,-0.94605004787445,-14.6749505996704,-34.7809524536133,-0.52799999713898,8.37105083465576,20.1570014953613,-1.92600011825562,-5.20905017852783,-11.2470006942749,16.7534122467041,29.3467617034912,29.3467617034912,6.09812498092651,8.80274963378906,8.80274963378906,-14.4032621383667,-10.2181749343872,-10.2181749343872,-34.7809524536133,-27.0880508422852,-27.0880508422852,20.1570014953613,12.6049509048462,12.6049509048462,-11.2470006942749,1.8600001335144,1.8600001335144,27.4680995941162,18.3888378143311,3.84917497634888,8.62180042266846,-2.98223757743835,-1.0147500038147,-10.4570121765137,-7.66342496871948,-2.07501244544983,-18.8509502410889,-10.8499507904053,-2.41200017929077,1.52100002765656,-4.85100030899048,-6.08400011062622,-1.23105001449585,-2.21805000305176,-3.96105027198792,-1.15390002727509,-3.27827501296997,-3.27827501296997,0.1545500010252,-0.56801247596741,-0.56801247596741,-3.32557487487793,-6.41354990005493,-6.41354990005493,6.04095029830933,11.5090503692627,11.5090503692627,-6.421950340271,-5.27505016326904,-5.27505016326904,-0.79005002975464,7.72500038146973,7.72500038146973,5.50852489471436,8.12020015716553,12.4052495956421,3.33272504806519,9.65868759155273,8.04471206665039,-18.3225631713867,-30.2839622497559,-32.1186256408691,11.8950004577637,5.00895023345947,-2.47395014762878,-4.51605033874512,-3.08295011520386,1.9980001449585,9.28200054168701,3.82905006408691,0.16695000231266,21.5144882202148,21.5144882202148,28.2112865447998,14.4442377090454,14.4442377090454,6.08533763885498,-26.9436740875244,-26.9436740875244,-16.2791748046875,-36.730052947998,-36.730052947998,-36.5170516967773,21.177001953125,21.177001953125,19.8499507904053,-10.5640506744385,-10.5640506744385,-3.82995009422302,28.0486240386963,28.0486240386963,24.4978256225586,7.32270002365112,7.32270002365112,8.15100002288818,-13.5170745849609,-13.5170745849609,-13.1084251403809,-22.8319511413574,-22.8319511413574,-15.1489505767822,7.51605033874512,7.51605033874512,-2.63595008850098,-0.76200002431869,-0.76200002431869,-2.72295022010803,9.82643699645996,-0.45814999938011,-3.85178756713867,-0.89045000076294,1.14262497425079,0.85428750514984,-4.40151262283325,-3.4537250995636,-4.66386270523071,-8.40900039672852,-0.16095000505447,6.76905012130737,-5.22900009155273,-5.04495000839233,-4.67805004119873,-2.2300500869751,-1.74405002593994,4.16205024719238,-3.31045007705688,-3.31045007705688,8.71969985961914,-2.16328740119934,-2.16328740119934,5.36016225814819,-8.89542484283447,-8.89542484283447,-22.2436504364014,10.5970506668091,10.5970506668091,7.29900026321411,-4.37400007247925,-4.37400007247925,-4.61595010757446,9.47595024108887,9.47595024108887,5.66595029830933,11.2213745117188,15.2007627487183,17.7993755340576,4.16212511062622,3.05964994430542,7.00603723526001,-29.3440132141113,-29.9670257568359,-24.687162399292,2.19705009460449,-4.40505027770996,-17.860050201416,-2.85600018501282,2.16105008125305,11.0610008239746,1.58205008506775,-0.29700002074242,-9.99405002593994,SHAKE
21.5144882202148,21.5144882202148,28.2112865447998,14.4442377090454,14.4442377090454,6.08533763885498,-26.9436740875244,-26.9436740875244,-16.2791748046875,-36.730052947998,-36.730052947998,-36.5170516967773,21.177001953125,21.177001953125,19.8499507904053,-10.5640506744385,-10.5640506744385,-3.82995009422302,28.0486240386963,28.0486240386963,24.4978256225586,7.32270002365112,7.32270002365112,8.15100002288818,-13.5170745849609,-13.5170745849609,-13.1084251403809,-22.8319511413574,-22.8319511413574,-15.1489505767822,7.51605033874512,7.51605033874512,-2.63595008850098,-0.76200002431869,-0.76200002431869,-2.72295022010803,9.82643699645996,-0.45814999938011,-3.85178756713867,-0.89045000076294,1.14262497425079,0.85428750514984,-4.40151262283325,-3.4537250995636,-4.66386270523071,-8.40900039672852,-0.16095000505447,6.76905012130737,-5.22900009155273,-5.04495000839233,-4.67805004119873,-2.2300500869751,-1.74405002593994,4.16205024719238,-3.31045007705688,-3.31045007705688,8.71969985961914,-2.16328740119934,-2.16328740119934,5.36016225814819,-8.89542484283447,-8.89542484283447,-22.2436504364014,10.5970506668091,10.5970506668091,7.29900026321411,-4.37400007247925,-4.37400007247925,-4.61595010757446,9.47595024108887,9.47595024108887,5.66595029830933,11.2213745117188,15.2007627487183,17.7993755340576,4.16212511062622,3.05964994430542,7.00603723526001,-29.3440132141113,-29.9670257568359,-24.687162399292,2.19705009460449,-4.40505027770996,-17.860050201416,-2.85600018501282,2.16105008125305,11.0610008239746,1.58205008506775,-0.29700002074242,-9.99405002593994,22.8973255157471,22.8973255157471,24.9357624053955,8.51564979553223,8.51564979553223,11.2630376815796,-16.1286125183105,-16.1286125183105,-6.58680009841919,-39.4180526733398,-39.4180526733398,-34.9560012817383,26.7889518737793,26.7889518737793,18.0349502563477,-10.7779502868652,-10.7779502868652,3.10995006561279,21.6882877349854,16.981388092041,-0.78608751296997,12.672137260437,12.4965496063232,3.73504996299744,-5.73952484130859,-7.01552486419678,-2.15613746643066,-23.8879508972168,-15.5440511703491,-9.04905033111572,7.68405055999756,0.87000006437302,-1.70895004272461,-4.2940502166748,-3.37200021743774,-2.32995009422302,-0.78608751296997,-4.17504978179932,-3.60758757591248,3.73504996299744,1.86353743076324,2.62061238288879,-2.15613746643066,-4.01665019989014,-3.41219997406006,-9.04905033111572,-7.25505018234253,-7.58295059204102,-1.70895004272461,0.69300001859665,4.79805040359497,-2.32995009422302,-3.42495012283325,-8.69595050811768,0.14423750340939,5.9042501449585,14.2415628433228,0.74497497081757,0.57309997081757,-0.7790749669075,-3.96838736534119,-3.62835001945496,-4.23541259765625,-7.33905029296875,-1.09500002861023,3.79995012283325,-0.64995002746582,-6.10605049133301,-6.10095024108887,-1.40100002288818,5.54100036621094,9.30405044555664,14.2415628433228,29.069149017334,28.1184749603271,-0.7790749669075,-0.37950000166893,1.23199999332428,-4.23541259765625,-6.13359975814819,-4.9919376373291,3.79995012283325,2.23605012893677,-2.29500007629395,-6.10095024108887,-1.5700501203537,2.92200016975403,9.30405044555664,5.03805017471313,-4.40205001831055,SHAKE
-8.65892505645752,-3.9114625453949,-1.17218744754791,1.09298753738403,0.07026249915361,-0.76037502288818,6.84337472915649,4.35710000991821,1.71943747997284,-20.086950302124,-18.1330509185791,-15.0940504074097,15.5149507522583,10.7899503707886,5.99505043029785,-5.5900502204895,-4.34895038604736,-4.21005010604858,-1.17218744754791,0.26303750276566,0.15482500195503,-0.76037502288818,-0.23485000431538,-0.15262499451637,1.71943747997284,0.30208748579025,-0.84864997863769,-15.0940504074097,-12.4930505752563,-8.30895042419434,5.99505043029785,3.18795013427734,1.89000010490417,-4.21005010604858,-5.11800003051758,-2.21805000305176,-0.10931249707937,0.07150000333786,0.07150000333786,0.40177500247955,0.61943751573563,0.61943751573563,-1.45860004425049,-2.25293755531311,-2.25293755531311,-2.83095002174377,1.13895010948181,1.13895010948181,0.78600001335144,-1.85700011253357,-1.85700011253357,-0.1249500066042,1.27800011634827,1.27800011634827,0.63428747653961,3.38882493972778,20.4023876190186,-0.14973749220371,-1.93297493457794,5.40883731842041,-3.40876245498657,-6.62777519226074,-19.0764751434326,4.6429500579834,5.69400024414062,1.58205008506775,-3.48105025291443,-4.125,-4.00500011444092,3.60300016403198,1.81905007362366,-1.61400008201599,19.714750289917,17.0905628204346,17.0905628204346,3.92315006256104,4.39683771133423,4.39683771133423,-24.8510627746582,-21.2266998291016,-21.2266998291016,-3.00405025482178,-9.19005012512207,-9.19005012512207,-2.36505007743835,4.44600009918213,4.44600009918213,-1.86600005626678,-4.0090503692627,-4.0090503692627,-23.2957992553711,-23.2957992553711,-23.883337020874,-8.75833702087402,-8.75833702087402,-7.59398746490479,10.7503004074097,10.7503004074097,18.6190128326416,-27.877950668335,-27.877950668335,-25.560001373291,21.0430507659912,21.0430507659912,20.6839504241943,-5.57805013656616,-5.57805013656616,-3.65205025672913,-21.8583755493164,-8.30953788757324,-0.28242498636246,-7.9374623298645,-0.71114999055862,-1.13286244869232,16.7567119598389,4.76739978790283,0.73479998111725,-19.9819507598877,-14.2170009613037,-9.07005023956299,9.26400089263916,1.38000011444092,-3.21495008468628,-3.32205009460449,-5.29305028915405,-5.10105037689209,0.85607498884201,0.96689999103546,0.96689999103546,-0.91588747501373,-0.48894998431206,-0.48894998431206,-1.04293751716614,-2.55942487716675,-2.55942487716675,-2.15295004844666,3.62505006790161,3.62505006790161,-3.84705018997192,-4.57500028610229,-4.57500028610229,-0.90300005674362,3.15300011634827,3.15300011634827,2.43801259994507,16.8288993835449,22.6406116485596,-1.08088743686676,3.53237509727478,6.64496231079102,-6.24469995498657,-13.3460245132446,-25.0755996704102,6.82695055007935,6.58695030212402,4.13295030593872,-4.58700037002563,-3.77100014686584,-2.0179500579834,6.25500011444092,6.05400037765503,2.71500015258789,22.6406116485596,24.3641757965088,24.3641757965088,6.64496231079102,5.55733728408813,5.55733728408813,-25.0755996704102,-26.2123126983643,-26.2123126983643,-0.20595000684261,-7.26900053024292,-7.26900053024292,-0.47505003213882,3.42300009727478,3.42300009727478,-0.41895002126694,-5.01495027542114,-5.01495027542114,SHAKE
12.5345001220703,14.4271869659424,17.5924377441406,-10.4951000213623,-1.66333746910095,7.04769992828369,-20.7432498931885,-20.0759620666504,-8.14756202697754,-15.3310508728027,-31.7989521026611,-32.8579521179199,9.02205085754395,16.5379505157471,19.2990016937256,-8.33505058288574,-10.6630506515503,-2.08095002174377,19.0816993713379,18.0812492370605,18.0812492370605,7.24982500076294,6.38852500915527,6.38852500915527,-6.72746229171753,-6.48463726043701,-6.48463726043701,-25.9410018920898,-17.9389514923096,-17.9389514923096,11.1880502700806,3.10200023651123,3.10200023651123,-0.47700002789497,-1.12095010280609,-1.12095010280609,6.34617519378662,4.04112482070923,2.22667503356934,-2.48682498931885,-2.47321248054504,-1.97642493247986,-0.12498749792576,-0.53913748264313,-1.28507494926453,-9.7339506149292,-1.47105002403259,6.19905042648315,-1.0480500459671,-1.92705011367798,-5.21700048446655,-4.18695020675659,-0.9220500588417,2.04000020027161,0.07919999957085,9.83331203460693,9.83331203460693,-2.77791237831116,-0.9094250202179,-0.9094250202179,-3.73394989967346,-13.4512128829956,-13.4512128829956,12.2089509963989,9.70800018310547,9.70800018310547,-5.85195016860962,-4.96605014801025,-4.96605014801025,8.35004997253418,6.52305030822754,6.52305030822754,9.33171272277832,11.8622627258301,17.9755115509033,-5.67572498321533,-6.34452486038208,-2.24317502975464,-24.851749420166,-26.2799625396729,-23.6509628295898,2.70300006866455,-6.11205005645752,-22.4320507049561,-1.87605011463165,4.16100025177002,14.2240505218506,2.98800015449524,-1.28595006465912,-6.33195018768311,21.6827869415283,29.0828990936279,29.0828990936279,9.39193725585938,10.6231126785278,10.6231126785278,-23.7182006835938,-11.0677871704102,-11.0677871704102,-34.6950035095215,-30.3829517364502,-30.3829517364502,20.2930507659912,17.0290508270264,17.0290508270264,-9.5110502243042,-2.2870500087738,-2.2870500087738,29.9969997406006,26.7500743865967,11.3444375991821,10.7056121826172,7.40189981460571,-2.82906246185303,-9.09727478027344,-9.5096378326416,-1.47235000133514,-21.3780002593994,-14.4090003967285,-8.00895023345947,6.55605030059814,-0.75105005502701,-2.48700022697449,-1.557000041008,-2.99595022201538,-2.48595023155212,5.7685375213623,1.70953750610352,1.70953750610352,-2.00818753242493,-1.63968753814697,-1.63968753814697,-1.68093752861023,-2.97453737258911,-2.97453737258911,0.06105000153184,7.68900012969971,7.68900012969971,-3.33495020866394,-4.65000009536743,-4.65000009536743,-0.7590000629425,5.25405025482178,5.25405025482178,1.16421246528625,12.6271753311157,13.6208877563477,-3.58063745498657,-0.08277499675751,-4.11042499542236,-7.73423767089844,-23.0390872955322,-29.4618492126465,12.1849508285522,8.81700038909912,2.81805014610291,-5.77800035476685,-2.83395004272461,0.07500000298023,10.2229509353638,6.37200021743774,0.61905002593994,16.9206123352051,19.8621501922607,22.8186740875244,-4.46132516860962,0.44206249713898,8.24339962005615,-29.7584381103516,-25.001350402832,-19.3367614746094,-5.1540002822876,-19.3540515899658,-33.6019515991211,3.35805010795593,10.8499507904053,19.9249515533447,-2.24895000457764,-5.65200042724609,-9.56805038452148,SHAKE
35.021800994873,33.850025177002,27.8757877349854,10.9298753738403,10.3764371871948,2.65182495117188,-6.43967485427856,-4.58397483825684,-6.62529993057251,-28.7410507202148,-23.4790515899658,-18.4440002441406,16.3219509124756,9.59700012207031,4.2679500579834,-7.18695020675659,-0.96000003814697,-3.64005017280579,27.8757877349854,7.45043754577637,1.36413753032684,2.65182495117188,-0.9981124997139,-0.47973749041557,-6.62529993057251,0.43711251020432,-1.35836243629456,-12.7819509506226,-12.7819509506226,-7.41300058364868,1.07595002651215,1.07595002651215,-1.26300001144409,-4.23195028305054,-4.23195028305054,-3.47505021095276,-2.76567506790161,-4.99537515640259,-2.77915000915527,0.92936247587204,1.31752502918243,0.33178749680519,-3.11396241188049,-4.93528747558594,-7.50255012512207,-2.68305015563965,2.98095011711121,8.30700016021729,-2.34795022010803,-4.07295036315918,-4.59900045394897,-1.07100009918213,3.32595014572144,7.39005041122437,14.8277244567871,14.8277244567871,23.5046615600586,4.02063751220703,4.02063751220703,-0.65683752298355,-15.8978872299194,-15.8978872299194,-26.1690006256104,7.66800022125244,7.66800022125244,0.06300000101328,-5.0779504776001,-5.0779504776001,-0.12300000339747,7.78995037078857,7.78995037078857,1.49100005626678,23.5046615600586,22.4439868927002,11.8203248977661,-0.65683752298355,0.19910000264645,4.75392484664917,-26.1690006256104,-23.4579124450684,-11.6485872268677,0.06300000101328,-7.49205017089844,-23.5000514984131,-0.12300000339747,4.00200033187866,11.5110006332397,1.49100005626678,-4.09995031356812,-8.89995002746582,22.8432865142822,22.4875755310059,22.4875755310059,11.1434125900269,12.7315378189087,12.7315378189087,-5.31190013885498,-1.90093743801117,-1.90093743801117,-34.2439498901367,-31.476001739502,-31.476001739502,21.7330513000488,21.4000511169434,21.4000511169434,-13.206000328064,-2.37105011940002,-2.37105011940002,21.4152126312256,16.5427627563477,2.19092488288879,12.5345001220703,3.33368754386902,-0.52827501296997,-1.66567504405975,-4.24819993972778,0.23870000243187,-22.219051361084,-15.3400506973267,-9.59700012207031,11.3190002441406,3.66000008583069,-0.52995002269745,-3.14205026626587,-3.80595016479492,-1.36995005607605,0.24007499217987,-1.43536245822906,-1.43536245822906,-0.23594999313355,-0.32216250896454,-0.32216250896454,-1.17163753509521,-2.30780005455017,-2.30780005455017,-4.14105033874512,0.43005001544952,0.43005001544952,-3.37305021286011,-3.42105007171631,-3.42105007171631,-1.07100009918213,0.96405005455017,0.96405005455017,-2.18363738059998,18.258487701416,18.258487701416,-0.29576250910759,6.4898624420166,6.4898624420166,-4.44894981384277,-22.4889507293701,-22.4889507293701,3.72300028800964,5.64900016784668,5.64900016784668,-2.91795015335083,-3.31995010375977,-3.31995010375977,3.37605023384094,3.49305009841919,3.49305009841919,20.2562255859375,21.140625,17.4697875976562,4.69741249084473,4.10616254806519,5.22486257553101,-29.6543502807617,-29.4507122039795,-24.6152496337891,3.59100008010864,-0.59895002841949,-5.47995042800903,-2.42204999923706,-1.39695012569427,2.6010000705719,1.14105010032654,-0.84300005435944,-4.04295015335083,SHAKE
21.4152126312256,16.5427627563477,2.19092488288879,12.5345001220703,3.33368754386902,-0.52827501296997,-1.66567504405975,-4.24819993972778,0.23870000243187,-22.219051361084,-15.3400506973267,-9.59700012207031,11.3190002441406,3.66000008583069,-0.52995002269745,-3.14205026626587,-3.80595016479492,-1.36995005607605,0.24007499217987,-1.43536245822906,-1.43536245822906,-0.23594999313355,-0.32216250896454,-0.32216250896454,-1.17163753509521,-2.30780005455017,-2.30780005455017,-4.14105033874512,0.43005001544952,0.43005001544952,-3.37305021286011,-3.42105007171631,-3.42105007171631,-1.07100009918213,0.96405005455017,0.96405005455017,-2.18363738059998,18.258487701416,18.258487701416,-0.29576250910759,6.4898624420166,6.4898624420166,-4.44894981384277,-22.4889507293701,-22.4889507293701,3.72300028800964,5.64900016784668,5.64900016784668,-2.91795015335083,-3.31995010375977,-3.31995010375977,3.37605023384094,3.49305009841919,3.49305009841919,20.2562255859375,21.140625,17.4697875976562,4.69741249084473,4.10616254806519,5.22486257553101,-29.6543502807617,-29.4507122039795,-24.6152496337891,3.59100008010864,-0.59895002841949,-5.47995042800903,-2.42204999923706,-1.39695012569427,2.6010000705719,1.14105010032654,-0.84300005435944,-4.04295015335083,17.4697875976562,-5.65977478027344,-5.65977478027344,5.22486257553101,5.99348735809326,5.99348735809326,-24.6152496337891,11.2653751373291,11.2653751373291,-5.47995042800903,-30.2370014190674,-30.2370014190674,2.6010000705719,20.3820018768311,20.3820018768311,-4.04295015335083,-10.7110500335693,-10.7110500335693,-6.89026260375977,-7.6012749671936,-7.08592510223389,6.14528751373291,5.79892492294312,-0.57791250944138,14.0241746902466,14.316499710083,2.01863741874695,-28.4700012207031,-21.9769515991211,-17.0190010070801,21.3280506134033,11.1610507965088,3.91395020484924,-3.14895009994507,-0.62505000829697,-2.05695009231567,-1.08281254768372,-1.55732500553131,-1.92527496814728,-1.3142249584198,-0.17572499811649,0.41868749260902,-0.45127499103546,-1.95057499408722,-2.99804997444153,-13.3740005493164,-9.16800022125244,-5.18505001068115,-0.52095001935959,-2.06100010871887,-1.86900007724762,-5.00595045089722,-4.93905019760132,-1.73595011234283,-1.92527496814728,-1.51827502250671,1.5193749666214,0.41868749260902,0.8203250169754,0.88109999895096,-2.99804997444153,-4.65121269226074,-5.88005018234253,-5.18505001068115,-1.20000004768372,1.70205008983612,-1.86900007724762,-0.95895004272461,-1.09095001220703,-1.73595011234283,0.59805005788803,2.7769501209259,1.5193749666214,24.759349822998,24.759349822998,0.88109999895096,4.14136266708374,4.14136266708374,-5.88005018234253,-11.1781997680664,-11.1781997680664,1.70205008983612,3.89295029640198,3.89295029640198,-1.09095001220703,-2.41995000839233,-2.41995000839233,2.7769501209259,5.04795026779175,5.04795026779175,31.9398746490479,31.3516502380371,25.9265880584717,1.49022495746613,-1.53793752193451,-1.89598751068115,-20.6060256958008,-21.3831748962402,-19.7971115112305,2.4250500202179,-0.27300000190735,-4.14795017242432,-1.60095012187958,-0.57600003480911,0.78795003890991,2.15205001831055,0.8400000333786,-3.22395014762878,SHAKE
-7.08592510223389,-1.08281254768372,-1.55732500553131,-0.57791250944138,-1.3142249584198,-0.17572499811649,2.01863741874695,-0.45127499103546,-1.95057499408722,-17.0190010070801,-13.3740005493164,-9.16800022125244,3.91395020484924,-0.52095001935959,-2.06100010871887,-2.05695009231567,-5.00595045089722,-4.93905019760132,-1.92527496814728,-1.92527496814728,-1.51827502250671,0.41868749260902,0.41868749260902,0.8203250169754,-2.99804997444153,-2.99804997444153,-4.65121269226074,-5.18505001068115,-5.18505001068115,-1.20000004768372,-1.86900007724762,-1.86900007724762,-0.95895004272461,-1.73595011234283,-1.73595011234283,0.59805005788803,1.5193749666214,1.5193749666214,24.759349822998,0.88109999895096,0.88109999895096,4.14136266708374,-5.88005018234253,-5.88005018234253,-11.1781997680664,1.70205008983612,1.70205008983612,3.89295029640198,-1.09095001220703,-1.09095001220703,-2.41995000839233,2.7769501209259,2.7769501209259,5.04795026779175,24.759349822998,31.9398746490479,31.3516502380371,4.14136266708374,1.49022495746613,-1.53793752193451,-11.1781997680664,-20.6060256958008,-21.3831748962402,3.89295029640198,2.4250500202179,-0.27300000190735,-2.41995000839233,-1.60095012187958,-0.57600003480911,5.04795026779175,2.15205001831055,0.8400000333786,25.9265880584717,11.8028621673584,10.6924123764038,-1.89598751068115,3.78180003166199,9.03553771972656,-19.7971115112305,-9.57110023498535,1.69963753223419,-4.14795017242432,-12.2989501953125,-23.4550514221191,0.78795003890991,6.04095029830933,14.392050743103,-3.22395014762878,-7.50600051879883,-11.403000831604,8.94038772583008,8.94038772583008,8.96898746490479,11.6602745056152,11.6602745056152,10.6046876907349,5.55417490005493,5.55417490005493,6.27233743667603,-30.1339511871338,-30.1339511871338,-26.3809509277344,21.4429512023926,21.4429512023926,17.5870513916016,-5.42205047607422,-5.42205047607422,-3.00600004196167,8.1461877822876,1.75326251983643,0.64679998159409,0.67278748750687,-2.03307509422302,-1.63776254653931,1.74088752269745,1.47028744220734,-0.34306249022484,-22.0129508972168,-15.8290510177612,-8.6650505065918,7.51395034790039,1.80405008792877,-1.16505002975464,-2.99895024299622,-5.59995031356812,-4.73505020141602,0.64679998159409,-1.55911254882812,-3.50130009651184,-1.63776254653931,0.00398749997839,1.01131248474121,-0.34306249022484,-2.04201245307922,-3.68788743019104,-8.6650505065918,-1.49205005168915,5.68695020675659,-1.16505002975464,-3.31605005264282,-5.44995021820068,-4.73505020141602,-2.09595012664795,3.07695007324219,-2.97151255607605,-2.97151255607605,15.7903623580933,0.31858751177788,0.31858751177788,3.94721245765686,-7.09527492523193,-7.09527492523193,-29.0402755737305,9.47595024108887,9.47595024108887,4.32195043563843,-5.40705013275146,-5.40705013275146,-2.78400015830994,9.09000015258789,9.09000015258789,4.24305009841919,15.7903623580933,18.8733882904053,21.7482376098633,3.94721245765686,2.68592500686646,3.55767488479614,-29.0402755737305,-29.7911624908447,-26.7419624328613,4.32195043563843,-2.31900000572205,-12.7369508743286,-2.78400015830994,2.83605003356934,11.3599500656128,4.24305009841919,-0.01395000051707,-9.11805057525635,SHAKE
32.2616233825684,30.3789749145508,16.3949489593506,3.82882499694824,7.62533760070801,-1.1200749874115,-19.3881874084473,-10.4094371795654,-1.4716625213623,-27.1909503936768,-25.1530513763428,-15.6060009002686,17.1079502105713,14.2890005111694,1.84005010128021,-7.49895048141479,-2.58405017852783,-1.65300011634827,16.3949489593506,4.72436237335205,1.69468748569489,-1.1200749874115,-1.55375003814697,-0.92441248893738,-1.4716625213623,-0.43546250462532,-1.50314998626709,-15.6060009002686,-9.29295063018799,-2.55600023269653,1.84005010128021,-1.90695011615753,-4.15605020523071,-1.65300011634827,-1.86795008182526,-2.99400019645691,1.69468748569489,-0.7957124710083,-0.7957124710083,-0.92441248893738,-0.01869999989867,-0.01869999989867,-1.50314998626709,-5.44362497329712,-5.44362497329712,-2.55600023269653,9.22395038604736,9.22395038604736,-4.15605020523071,-2.6140501499176,-2.6140501499176,-2.99400019645691,4.29300022125244,4.29300022125244,9.68398761749268,13.9400253295898,15.9625120162964,0.44714999198914,-1.88278746604919,-4.21588754653931,-13.5869245529175,-27.4977989196777,-29.5464115142822,10.0189504623413,3.94605016708374,-2.23200011253357,-3.35400009155273,-3.23895025253296,1.53795003890991,7.14795017242432,3.1560001373291,-1.64505004882812,19.169563293457,19.169563293457,23.9903125762939,-6.14776229858398,-6.14776229858398,-3.3408374786377,-28.9986114501953,-28.9986114501953,-37.1722984313965,-15.1459503173828,-15.1459503173828,-27.0300006866455,9.80295085906982,9.80295085906982,18.3769512176514,-8.16000080108643,-8.16000080108643,-8.33205032348633,25.5444755554199,26.8137378692627,23.83713722229,-4.34362506866455,-3.45042490959167,-1.730299949646,-24.4041881561279,-21.3691501617432,-19.6901378631592,-30.3790512084961,-24.6859512329102,-18.7579517364502,21.3979511260986,11.451000213623,2.91495013237,-4.24200010299683,-1.54500007629395,-1.57605004310608,23.83713722229,8.95895004272461,1.07305002212524,-1.730299949646,-4.96925020217896,-0.84315001964569,-19.6901378631592,-3.37851238250732,-2.43416237831116,-18.7579517364502,-12.6799507141113,0.70800000429153,2.91495013237,-0.60705000162125,-1.86900007724762,-1.57605004310608,-3.78405022621155,-1.73895013332367,-0.71211248636246,-2.25830006599426,-2.25830006599426,-0.02612499892712,0.63538748025894,0.63538748025894,-2.8110499382019,-4.27899980545044,-4.27899980545044,0.70800000429153,6.09900045394897,6.09900045394897,-1.86900007724762,-2.37000012397766,-2.37000012397766,-1.73895013332367,2.47800016403198,2.47800016403198,0.5876749753952,11.0481252670288,11.0481252670288,0.16788749396801,3.09127497673035,3.09127497673035,-7.29217481613159,-18.6819877624512,-18.6819877624512,7.75395059585571,5.18400001525879,5.18400001525879,-3.20295023918152,-4.45095014572144,-4.45095014572144,6.28800010681152,3.95595026016235,3.95595026016235,15.777850151062,15.777850151062,23.9967746734619,0.68873751163483,0.68873751163483,-0.24969999492168,-28.6409740447998,-28.6409740447998,-30.3542251586914,1.21800005435944,-3.5350501537323,-15.5010004043579,-1.97895014286041,4.0770001411438,13.1539506912231,1.59600007534027,-2.66100001335144,-7.51095056533813,SHAKE
22.6018371582031,22.6018371582031,12.6799745559692,-3.33080005645752,-3.33080005645752,-1.17177498340607,-24.2292881011963,-24.2292881011963,-16.8680877685547,-26.7240009307861,-26.7240009307861,-19.7449512481689,19.2180004119873,19.2180004119873,4.80000019073486,-3.60195016860962,-3.60195016860962,-3.94695019721985,12.6799745559692,-1.39053750038147,-1.39053750038147,-1.17177498340607,0.96497499942779,0.96497499942779,-16.8680877685547,-3.06006240844727,-3.06006240844727,-14.3629503250122,-8.08800029754639,-8.08800029754639,0.83100003004074,-0.59295004606247,-0.59295004606247,-3.95895028114319,-4.02405023574829,-4.02405023574829,-2.24853754043579,-1.23447501659393,2.71878743171692,0.94132500886917,0.43051248788834,-1.79684996604919,-3.32598757743835,-4.01335000991821,-5.04514980316162,-1.23405003547668,5.23905038833618,10.8409509658813,-0.59700000286102,-2.13300013542175,-2.99205017089844,-0.57495003938675,3.25095009803772,9.30600070953369,2.71878743171692,17.5863876342773,17.5863876342773,-1.79684996604919,-13.1880378723145,-13.1880378723145,-5.04514980316162,-23.913724899292,-23.913724899292,10.8409509658813,4.46100044250488,4.46100044250488,-2.99205017089844,-4.03905010223389,-4.03905010223389,9.30600070953369,1.68705010414124,1.68705010414124,17.5953254699707,16.7653751373291,11.7133502960205,-14.6236753463745,-13.1150245666504,-1.73511254787445,-23.7872257232666,-22.3056621551514,-17.632999420166,-1.300950050354,-9.50595092773438,-24.9370517730713,1.02795004844666,8.36595058441162,16.5139503479004,-1.14705002307892,-3.97800016403198,-12.1309509277344,23.5050754547119,23.3370494842529,23.3370494842529,1.74542498588562,3.42980003356934,3.42980003356934,-17.5844631195068,-16.5243377685547,-16.5243377685547,-33.9190521240234,-25.2840003967285,-25.2840003967285,26.8290004730225,19.9840507507324,19.9840507507324,-12.1429510116577,-1.12095010280609,-1.12095010280609,20.9090747833252,12.2410745620728,-1.30707502365112,3.28226256370544,-4.67500019073486,0.80726248025894,-16.4782752990723,-8.90958786010742,-2.2210373878479,-19.7980518341064,-14.3389511108398,-8.08605003356934,8.26995086669922,0.72405004501343,-1.96995007991791,-1.46295011043549,-3.34800004959106,-4.24395036697388,-1.30707502365112,-3.81287503242493,-3.46390008926392,0.80726248025894,1.95786249637604,1.84318745136261,-2.2210373878479,-3.20292496681213,-4.09392499923706,-5.80305004119873,-3.61200022697449,1.60605013370514,-2.25,-2.06595015525818,-2.97105002403259,-5.11305046081543,-3.94200015068054,-0.98700004816055,9.4758129119873,16.820650100708,16.820650100708,-0.91121250391007,-3.94927501678467,-3.94927501678467,-12.2491874694824,-25.6466369628906,-25.6466369628906,8.86995029449463,5.46405029296875,5.46405029296875,-4.53705024719238,-3.9019501209259,-3.9019501209259,10.9630508422852,5.02395009994507,5.02395009994507,-0.00027499999851,19.8056373596191,23.6856117248535,-0.00261249998584,-5.59569978713989,3.68568754196167,0.00494999997318,-26.4317626953125,-21.8194618225098,0.57600003480911,-7.58100032806396,-21.7690505981445,-0.50205004215241,6.60795021057129,13.9129505157471,-0.08895000070333,-3.23295021057129,-7.06995010375977,SHAKE
23.3370494842529,23.3370494842529,20.9090747833252,3.42980003356934,3.42980003356934,3.28226256370544,-16.5243377685547,-16.5243377685547,-16.4782752990723,-25.2840003967285,-25.2840003967285,-19.7980518341064,19.9840507507324,19.9840507507324,8.26995086669922,-1.12095010280609,-1.12095010280609,-1.46295011043549,12.2410745620728,-1.30707502365112,-1.30707502365112,-4.67500019073486,0.80726248025894,0.80726248025894,-8.90958786010742,-2.2210373878479,-2.2210373878479,-14.3389511108398,-8.08605003356934,-5.80305004119873,0.72405004501343,-1.96995007991791,-2.25,-3.34800004959106,-4.24395036697388,-5.11305046081543,-3.81287503242493,-3.46390008926392,9.4758129119873,1.95786249637604,1.84318745136261,-0.91121250391007,-3.20292496681213,-4.09392499923706,-12.2491874694824,-3.61200022697449,1.60605013370514,8.86995029449463,-2.06595015525818,-2.97105002403259,-4.53705024719238,-3.94200015068054,-0.98700004816055,10.9630508422852,16.820650100708,16.820650100708,-0.00027499999851,-3.94927501678467,-3.94927501678467,-0.00261249998584,-25.6466369628906,-25.6466369628906,0.00494999997318,5.46405029296875,5.46405029296875,0.57600003480911,-3.9019501209259,-3.9019501209259,-0.50205004215241,5.02395009994507,5.02395009994507,-0.08895000070333,19.8056373596191,23.6856117248535,13.7044878005981,-5.59569978713989,3.68568754196167,13.229700088501,-26.4317626953125,-21.8194618225098,-3.55629992485046,-7.58100032806396,-21.7690505981445,-33.2070007324219,6.60795021057129,13.9129505157471,24.6360015869141,-3.23295021057129,-7.06995010375977,-13.1490001678467,13.7044878005981,11.980375289917,9.64480018615723,13.229700088501,17.178150177002,17.8769245147705,-3.55629992485046,4.77124977111816,5.12311267852783,-33.2070007324219,-27.8950519561768,-22.3549518585205,24.6360015869141,21.2850017547607,8.7810001373291,-13.1490001678467,-2.37600016593933,-0.63495004177093,1.43068754673004,1.43068754673004,2.27878737449646,9.12518787384033,9.12518787384033,0.91313749551773,3.85192489624023,3.85192489624023,-2.04077506065369,-16.617000579834,-16.617000579834,-8.65605068206787,1.16400003433228,1.16400003433228,-1.78800010681152,-4.84500026702881,-4.84500026702881,-4.02795028686523,0.81743746995926,-0.54175001382828,1.35066246986389,0.67993748188019,0.40218749642372,-0.51631247997284,-2.49122500419617,-3.24582505226135,-6.01466226577759,-2.60400009155273,5.24400043487549,13.9500007629395,-2.66400003433228,-3.91695022583008,-6.01995038986206,-4.92705011367798,1.31100010871887,8.23305034637451,3.91902494430542,3.91902494430542,7.69780015945435,-7.41716241836548,-7.41716241836548,-16.0858497619629,-19.5812377929688,-19.5812377929688,-26.4915752410889,12.9270009994507,12.9270009994507,6.8100004196167,-7.54305028915405,-7.54305028915405,-3.4740002155304,11.8039503097534,11.8039503097534,5.32500028610229,10.1234378814697,10.7102870941162,10.7102870941162,-17.6288757324219,-15.6601495742798,-15.6601495742798,-27.0118751525879,-25.1246871948242,-25.1246871948242,-1.11600005626678,-16.9759502410889,-16.9759502410889,2.67600011825562,13.0339508056641,13.0339508056641,-2.93400025367737,-4.97895002365112,-4.97895002365112,SHAKE
11.980375289917,9.64480018615723,1.43068754673004,17.178150177002,17.8769245147705,9.12518787384033,4.77124977111816,5.12311267852783,3.85192489624023,-27.8950519561768,-22.3549518585205,-16.617000579834,21.2850017547607,8.7810001373291,1.16400003433228,-2.37600016593933,-0.63495004177093,-4.84500026702881,1.43068754673004,2.27878737449646,0.81743746995926,9.12518787384033,0.91313749551773,0.67993748188019,3.85192489624023,-2.04077506065369,-2.49122500419617,-16.617000579834,-8.65605068206787,-2.60400009155273,1.16400003433228,-1.78800010681152,-2.66400003433228,-4.84500026702881,-4.02795028686523,-4.92705011367798,-0.54175001382828,1.35066246986389,3.91902494430542,0.40218749642372,-0.51631247997284,-7.41716241836548,-3.24582505226135,-6.01466226577759,-19.5812377929688,5.24400043487549,13.9500007629395,12.9270009994507,-3.91695022583008,-6.01995038986206,-7.54305028915405,1.31100010871887,8.23305034637451,11.8039503097534,3.91902494430542,7.69780015945435,10.1234378814697,-7.41716241836548,-16.0858497619629,-17.6288757324219,-19.5812377929688,-26.4915752410889,-27.0118751525879,12.9270009994507,6.8100004196167,-1.11600005626678,-7.54305028915405,-3.4740002155304,2.67600011825562,11.8039503097534,5.32500028610229,-2.93400025367737,10.7102870941162,10.7102870941162,10.9293251037598,-15.6601495742798,-15.6601495742798,24.7130126953125,-25.1246871948242,-25.1246871948242,-3.14352488517761,-16.9759502410889,-16.9759502410889,-36.5239524841309,13.0339508056641,13.0339508056641,24.1759510040283,-4.97895002365112,-4.97895002365112,-11.1180009841919,10.9293251037598,10.4329500198364,8.3956127166748,24.7130126953125,26.084436416626,24.8138008117676,-3.14352488517761,-2.13358759880066,-1.30102503299713,-36.5239524841309,-25.2030010223389,-16.9429512023926,24.1759510040283,8.70195007324219,0.52305001020431,-11.1180009841919,1.08405005931854,-4.83300018310547,-0.78320002555847,-0.78320002555847,0.65257501602173,11.3955869674683,11.3955869674683,-0.05898749828339,-2.76265001296997,-2.76265001296997,-3.27566242218018,-8.78999996185303,-4.50104999542236,5.14605045318604,-2.75505018234253,-3.29400014877319,-4.30695009231567,-4.29000043869019,-3.40095019340515,2.36505007743835,0.65257501602173,-1.20092499256134,-0.94558751583099,-0.05898749828339,-1.92761254310608,-7.78896236419678,-3.27566242218018,-6.68786239624023,-17.827974319458,5.14605045318604,9.92805004119873,9.45900058746338,-4.30695009231567,-4.97505044937134,-5.09805011749268,2.36505007743835,8.97105026245117,10.1730003356934,2.08381247520447,5.4452748298645,9.171799659729,-17.0304756164551,-18.0225372314453,-14.2257499694824,-24.6441249847412,-25.4101371765137,-22.0354747772217,3.92700028419495,-3.00600004196167,-15.6469507217407,-1.3330500125885,2.16300010681152,9.37695026397705,6.13695049285889,2.5860002040863,-6.8860502243042,9.171799659729,16.7641372680664,8.58825016021729,-14.2257499694824,6.32142496109009,28.1067867279053,-22.0354747772217,-6.20248746871948,3.78578758239746,-15.6469507217407,-26.7619514465332,-33.3720016479492,9.37695026397705,17.1970500946045,18.0160503387451,-6.8860502243042,-12.3439502716064,-8.19795036315918,SHAKE
9.171799659729,16.7641372680664,8.58825016021729,-14.2257499694824,6.32142496109009,28.1067867279053,-22.0354747772217,-6.20248746871948,3.78578758239746,-15.6469507217407,-26.7619514465332,-33.3720016479492,9.37695026397705,17.1970500946045,18.0160503387451,-6.8860502243042,-12.3439502716064,-8.19795036315918,6.74478769302368,4.59731245040894,-2.98594999313354,29.7143001556396,28.1341495513916,13.7711753845215,5.17164993286133,5.08255004882812,0.48523750901222,-27.7680015563965,-20.941951751709,-12.7729501724243,9.02700042724609,2.16105008125305,-0.73905003070831,1.32600009441376,-3.22095012664795,-3.9060001373291,-2.98594999313354,2.06951260566711,0.32161250710487,13.7711753845215,0.81963747739792,-0.2419999986887,0.48523750901222,-2.55832505226135,-2.99571251869202,-12.7729501724243,-4.35900020599365,3.32805013656616,-0.73905003070831,-2.21595001220703,-4.05105018615723,-3.9060001373291,-0.6319500207901,1.98405003547668,-1.56172502040863,-1.56172502040863,-1.44333744049072,-2.03211259841919,-2.03211259841919,-15.9123249053955,-4.97213745117188,-4.97213745117188,-20.9647617340088,9.56205081939697,9.56205081939697,6.37905025482178,-7.08105039596558,-7.08105039596558,-3.83505010604858,8.10900020599365,8.10900020599365,5.65800046920776,-1.44333744049072,1.48912501335144,5.064537525177,-15.9123249053955,-19.4924125671387,-19.4489631652832,-20.9647617340088,-22.4932117462158,-20.3117752075195,6.37905025482178,1.24905002117157,-10.4140501022339,-3.83505010604858,0.44295001029968,9.77895069122314,5.65800046920776,1.01205003261566,-6.40005016326904,15.3594369888306,15.3594369888306,11.4344997406006,-4.90833759307861,-4.90833759307861,19.9051876068115,-12.5401372909546,-12.5401372909546,2.05081248283386,-29.5600509643555,-29.5600509643555,-26.4870014190674,20.0400009155273,20.0400009155273,14.0809507369995,-15.0840005874634,-15.0840005874634,-0.12000000476837,11.4344997406006,9.42617511749268,-0.85689997673035,19.9051876068115,21.4088878631592,11.7353496551514,2.05081248283386,1.987837433815,1.1672375202179,-26.4870014190674,-18.7009506225586,-11.1400508880615,14.0809507369995,3.67005014419556,-2.61600017547607,-0.12000000476837,0.14699999988079,-4.27005004882812,1.16929996013641,-2.49699997901917,-6.39429998397827,0.27087500691414,0.71032500267029,0.44013750553131,-2.74353742599487,-3.95326256752014,-6.64111232757568,-4.36905002593994,2.79105019569397,7.29195022583008,-4.71195030212402,-5.58600044250488,-6.25005006790161,-3.64005017280579,0.25800001621246,6.58800029754639,-6.39429998397827,-8.89542484283447,-8.09366226196289,0.44013750553131,-3.34276247024536,-9.18225002288818,-6.64111232757568,-14.442174911499,-23.7560119628906,7.29195022583008,7.69395017623901,3.65805006027222,-6.25005006790161,-5.60100030899048,-2.12295007705688,6.58800029754639,8.98995018005371,5.68695020675659,-3.35885000228882,2.82480001449585,8.50478744506836,-11.6172370910645,-9.09892463684082,10.105975151062,-26.3927116394043,-22.9715747833252,-0.90557497739792,-3.97395014762878,-18.3769512176514,-28.9849510192871,3.37995004653931,11.4199504852295,19.5730514526367,-0.09795000404119,-12.1759510040283,-12.2029504776001,SHAKE
8.47687530517578,8.47687530517578,4.2554874420166,17.0555000305176,17.0555000305176,17.6448249816895,10.1880626678467,10.1880626678467,13.2881374359131,-27.5190010070801,-27.5190010070801,-14.3659505844116,18.7729511260986,18.7729511260986,-0.44895002245903,-1.9450501203537,-1.9450501203537,-2.30895018577576,4.2554874420166,-2.86536240577698,-2.86536240577698,17.6448249816895,2.06346249580383,2.06346249580383,13.2881374359131,-3.69063758850098,-3.69063758850098,-14.3659505844116,-4.78095006942749,-4.78095006942749,-0.44895002245903,-3.74895024299622,-3.74895024299622,-2.30895018577576,-1.34595000743866,-1.34595000743866,-2.86536240577698,-5.21207475662231,-5.00059986114502,2.06346249580383,1.64711248874664,0.62562501430511,-3.69063758850098,-5.06838750839233,-7.44617509841919,-4.78095006942749,1.04505002498627,4.91595029830933,-3.74895024299622,-2.06805014610291,-2.06100010871887,-1.34595000743866,-0.48600003123283,4.35105037689209,-2.31110000610352,-2.31110000610352,1.94315004348755,-1.1336874961853,-1.1336874961853,-5.40663766860962,-12.9670753479004,-12.9670753479004,-21.0977249145508,6.04095029830933,6.04095029830933,2.76495003700256,-3.20805025100708,-3.20805025100708,-2.65200018882751,5.51505041122437,5.51505041122437,2.35095000267029,6.62213754653931,8.71529960632324,8.71529960632324,-9.69223785400391,-10.0981378555298,-10.0981378555298,-25.0986995697021,-23.628137588501,-23.628137588501,-1.27395009994507,-9.8700008392334,-9.8700008392334,-0.53505003452301,5.45100021362305,5.45100021362305,-1.83000004291534,-6.17895030975342,-6.17895030975342,5.63859987258911,5.63859987258911,2.27425003051758,11.7020750045776,11.7020750045776,16.2277507781982,10.5095376968384,10.5095376968384,15.9918003082275,-30.6970520019531,-29.0209522247314,-26.2590007781982,21.3540000915527,19.534049987793,15.7690505981445,-5.56800031661987,-2.74200010299683,-1.25700008869171,-1.54275000095367,-3.65158748626709,-3.65158748626709,17.7545490264893,2.0402250289917,2.0402250289917,16.996374130249,-0.84892499446869,-0.84892499446869,-20.3509502410889,-13.7430009841919,-13.7430009841919,7.32900047302246,0.5869500041008,0.5869500041008,-1.41495001316071,-3.86295008659363,-3.86295008659363,-4.84247493743896,-4.84247493743896,-2.58486247062683,1.94397497177124,1.94397497177124,0.4311999976635,-3.03902506828308,-3.03902506828308,-3.63178753852844,-0.14595000445843,-0.14595000445843,8.41200065612793,-2.92095017433167,-2.92095017433167,-3.37095022201538,-1.0440000295639,-1.0440000295639,10.4100008010864,1.77512502670288,8.05832481384277,8.85761260986328,-2.68482494354248,-8.6649751663208,-13.3775119781494,-6.24043750762939,-18.2081623077393,-25.6892623901367,8.41200065612793,5.99805021286011,-0.83895003795624,-3.37095022201538,-3.95295023918152,-2.4250500202179,10.4100008010864,6.09405040740967,-0.42195001244545,9.50936222076416,9.50936222076416,2.96147489547729,-13.0528745651245,-13.0528745651245,15.1076745986938,-26.2987995147705,-26.2987995147705,2.60191249847412,-7.14000034332275,-7.14000034332275,-27.5449504852295,3.19305014610291,3.19305014610291,18.082950592041,-3.29595017433167,-3.29595017433167,-12.4759502410889,SHAKE
9.50936222076416,2.96147489547729,2.96147489547729,-13.0528745651245,15.1076745986938,15.1076745986938,-26.2987995147705,2.60191249847412,2.60191249847412,-7.14000034332275,-27.5449504852295,-27.5449504852295,3.19305014610291,18.082950592041,18.082950592041,-3.29595017433167,-12.4759502410889,-12.4759502410889,3.33629989624023,1.91303753852844,-3.79500007629395,22.6634368896484,23.5910129547119,17.2882881164551,10.5473499298096,12.1235122680664,10.7714748382568,-28.6180515289307,-20.2840518951416,-13.5229501724243,16.4520015716553,8.27505016326904,0.53400003910065,-9.03194999694824,-5.1540002822876,-4.20795011520386,-3.79500007629395,-1.06672501564026,-1.06672501564026,17.2882881164551,0.8457624912262,0.8457624912262,10.7714748382568,-2.23272490501404,-2.23272490501404,-13.5229501724243,0.68400001525879,0.68400001525879,0.53400003910065,-4.66395044326782,-4.66395044326782,-4.20795011520386,0.79695004224777,0.79695004224777,-1.61768746376038,1.14606249332428,7.56263732910156,0.07273750007153,-3.48246240615845,-7.5344500541687,-3.64374995231628,-7.64912509918213,-20.1403121948242,5.514000415802,8.17995071411133,4.14900016784668,-5.24100017547607,-5.32500028610229,-3.99300026893616,5.90700006484985,8.85300064086914,5.02095031738281,9.58292484283447,12.1584377288818,12.2511119842529,-11.3449878692627,-11.5440874099731,0.168850004673,-25.0795879364014,-24.1462364196777,-6.56713724136353,-1.59795010089874,-10.8810005187988,-23.5600509643555,-0.10605000704527,7.46805047988892,17.098051071167,-0.00195000006352,-5.84895038604736,-11.332950592041,2.77626252174377,2.4342999458313,2.4342999458313,14.1887626647949,18.1592121124268,18.1592121124268,11.155650138855,17.1078872680664,17.1078872680664,-29.6310005187988,-23.3659515380859,-23.3659515380859,22.10205078125,13.0219507217407,13.0219507217407,-11.2350006103516,-3.28395009040833,-3.28395009040833,0.47863748669624,-2.68592500686646,-0.14272500574589,18.9798126220703,11.0877246856689,1.48018753528595,17.3372383117676,3.3023374080658,-2.33241248130798,-16.9519500732422,-11.167950630188,-4.80195045471191,2.80995011329651,-2.58000016212463,-3.5029501914978,-2.57205009460449,-3.59295010566711,-2.75205016136169,-2.07459998130798,-2.07459998130798,-2.58458757400513,0.90516251325607,0.90516251325607,-1.11154997348785,-3.52591252326965,-3.52591252326965,-5.49518728256226,2.11395001411438,2.11395001411438,6.33600044250488,-3.33000016212463,-3.33000016212463,-4.06305027008057,3.4980001449585,3.4980001449585,7.74705028533936,0.17599999904633,0.17599999904633,3.6761999130249,-4.7221622467041,-4.7221622467041,-7.76778745651245,-11.7815504074097,-11.7815504074097,-20.3997745513916,4.55205011367798,4.55205011367798,-0.60105001926422,-4.14000034332275,-4.14000034332275,-1.06905007362366,5.46705007553101,5.46705007553101,0.88800007104874,7.00383758544922,12.672550201416,12.672550201416,-9.78271198272705,-1.54935002326965,-1.54935002326965,-22.8096008300781,-7.17942476272583,-7.17942476272583,-7.17300033569336,-17.4649505615234,-17.4649505615234,6.41700029373169,14.4780006408691,14.4780006408691,-4.8400502204895,-10.135950088501,-10.135950088501,SHAKE
12.672550201416,10.8222122192383,8.82818698883057,-1.54935002326965,11.6092624664307,14.5202751159668,-7.17942476272583,3.9898374080658,13.4250869750977,-17.4649505615234,-25.324951171875,-23.1580505371094,14.4780006408691,19.9750518798828,16.090051651001,-10.135950088501,-12.5929508209229,-4.76895046234131,8.82818698883057,0.74882501363754,0.74882501363754,14.5202751159668,11.0280494689941,11.0280494689941,13.4250869750977,2.57509994506836,2.57509994506836,-23.1580505371094,-13.0630502700806,-13.0630502700806,16.090051651001,-0.15705001354217,-0.15705001354217,-4.76895046234131,-4.31100034713745,-4.31100034713745,-1.2450624704361,-3.37837505340576,-4.04566240310669,1.98632502555847,2.17621254920959,1.3000625371933,-2.90729999542236,-4.30072498321533,-5.71752500534058,-7.9350004196167,-2.3449501991272,5.98395013809204,-3.20805025100708,-3.52395009994507,-5.43105030059814,-2.84805011749268,-0.87705004215241,8.10105037689209,-1.93215000629425,3.91228747367859,7.740149974823,-0.97253751754761,-4.10629987716675,-7.38526248931885,-9.33033752441406,-17.8495616912842,-24.3259506225586,5.98395013809204,4.82895040512085,0.68595004081726,-5.43105030059814,-4.84095001220703,-2.99505019187927,8.10105037689209,5.46195030212402,1.34505009651184,9.55074977874756,13.1525621414185,13.1525621414185,-9.15213775634766,-4.40219974517822,-4.40219974517822,-24.7006378173828,-16.2504367828369,-16.2504367828369,-5.18805027008057,-14.7919502258301,-14.7919502258301,3.78705024719238,13.4130010604858,13.4130010604858,-5.29800033569336,-7.97505044937134,-7.97505044937134,8.30266284942627,6.96712493896484,5.03607511520386,7.47009992599487,10.674262046814,13.0147876739502,5.0734748840332,13.4891624450684,15.1804122924805,-25.2750015258789,-29.0689506530762,-23.4949512481689,21.2080516815186,20.9899501800537,9.76500034332275,-11.2369508743286,-4.96695041656494,1.34505009651184,-0.80231249332428,-0.80231249332428,-1.62538754940033,10.542537689209,10.542537689209,1.6246999502182,10.5445995330811,10.5445995330811,-1.65976250171661,-16.6150512695312,-16.6150512695312,-10.3440008163452,4.06500005722046,4.06500005722046,0.71700000762939,-5.00805044174194,-5.00805044174194,-3.58995008468628,-4.3961501121521,-4.28546237945557,-1.94576251506805,2.0404999256134,2.07130002975464,0.42473748326302,-3.20801258087158,-3.79733753204346,-4.91122484207153,-5.37495040893555,-0.49605002999306,4.52100038528442,-1.2679500579834,-1.49805009365082,-3.27300024032593,-4.29195022583008,-0.57705003023148,3.59400010108948,-1.94576251506805,7.91917514801025,7.91917514801025,0.42473748326302,-5.61880016326904,-5.61880016326904,-4.91122484207153,-18.982837677002,-18.982837677002,4.52100038528442,4.68795013427734,4.68795013427734,-3.27300024032593,-5.12895011901855,-5.12895011901855,3.59400010108948,3.30900025367737,3.30900025367737,10.735725402832,9.98703765869141,4.81580018997192,-11.0449628829956,-9.94592475891113,0.91987496614456,-25.1102504730225,-24.3747615814209,-6.52341222763062,-1.23795008659363,-10.2510004043579,-21.6490516662598,-0.43905001878738,6.76395034790039,15.3169507980347,-0.98700004816055,-6.33000040054321,-10.6990509033203,SHAKE
4.81580018997192,0.75281250476837,-1.07071244716644,0.91987496614456,8.00511264801025,13.1481628417969,-6.52341222763062,8.20489978790283,15.8130502700806,-21.6490516662598,-26.7289505004883,-22.4130020141602,15.3169507980347,18.2290515899658,12.0210008621216,-10.6990509033203,-9.53895092010498,-4.43805027008057,-1.07071244716644,-1.59032499790192,-0.22962500154972,13.1481628417969,12.9208745956421,1.93998754024506,15.8130502700806,16.5745258331299,1.67062497138977,-22.4130020141602,-17.29905128479,-11.2639503479004,12.0210008621216,3.27705025672913,-1.90695011615753,-4.43805027008057,-4.50705003738403,-3.22905015945435,0.58602499961853,-0.52992498874664,-0.52992498874664,-0.80245000123978,-0.87257498502731,-0.87257498502731,-1.42546248435974,-3.42072486877441,-3.42072486877441,-4.37805032730103,2.41995000839233,2.41995000839233,-5.4190502166748,-7.77000045776367,-7.77000045776367,0.23595000803471,3.60795021057129,3.60795021057129,-0.72380000352859,2.10086250305176,3.11918759346008,-2.64481258392334,-5.81143760681152,-10.2293128967285,-6.89672517776489,-16.0283756256104,-24.1495380401611,9.42300033569336,9.74895000457764,0.92805004119873,-7.54305028915405,-3.53805017471313,0.07905000448227,8.61105060577393,4.68105030059814,-1.99305009841919,4.57861232757568,8.09916210174561,8.09916210174561,-13.6410999298096,-6.55393743515015,-6.55393743515015,-24.8250751495361,-11.6846122741699,-11.6846122741699,-9.62595081329346,-21.060001373291,-21.060001373291,8.42100048065186,17.0890502929688,17.0890502929688,-8.62005043029785,-8.92905044555664,-8.92905044555664,3.02637505531311,3.75209999084473,3.80819988250732,2.933424949646,6.28663730621338,9.44473743438721,4.78912496566772,13.6043872833252,15.0543251037598,-27.7830009460449,-24.7170009613037,-18.8159999847412,21.340051651001,14.6650505065918,4.44300031661987,-8.3899507522583,-2.74695014953613,-1.399050116539,0.26193749904633,0.26193749904633,1.82888746261597,4.19031238555908,4.19031238555908,-2.02716255187988,4.83573770523071,4.83573770523071,-2.84872508049011,-13.4239501953125,-13.4239501953125,-7.5949501991272,-0.52305001020431,-0.52305001020431,-1.6560001373291,-4.84305000305176,-4.84305000305176,-2.82405018806458,-0.52415001392365,-2.18459987640381,-1.72218751907349,-0.68076246976852,-0.21477499604225,-0.76931250095367,-3.8092999458313,-4.84123754501343,-7.67373752593994,-1.79205012321472,3.07605004310608,5.32305002212524,-2.64495015144348,-2.53695011138916,-2.9800500869751,-0.5100000500679,2.32200002670288,4.389000415802,0.21601249277592,-0.00316249998286,3.30962491035461,-1.81169998645782,-0.00316249998286,-6.86303758621216,-13.9881496429443,0.0015124999918,-18.6909255981445,3.58395028114319,-0.74295002222061,-8.89305019378662,-2.76705002784729,-0.35100001096726,6.22695016860962,2.41605019569397,0.15495000779629,-4.36905002593994,3.30962491035461,7.4516749382019,5.6362624168396,-6.86303758621216,2.93039989471436,6.98871231079102,-18.6909255981445,0.33247500658035,7.71361255645752,-8.89305019378662,-18.3270015716553,-24.9229507446289,6.22695016860962,12.7920007705688,17.332950592041,-4.36905002593994,-6.08595037460327,-8.42100048065186,SHAKE
7.4516749382019,5.6362624168396,5.81322479248047,2.93039989471436,6.98871231079102,10.8204250335693,0.33247500658035,7.71361255645752,16.7547874450684,-18.3270015716553,-24.9229507446289,-24.1560020446777,12.7920007705688,17.332950592041,11.7289505004883,-6.08595037460327,-8.42100048065186,-5.12100028991699,4.47026252746582,4.47026252746582,0.47506248950958,12.7333250045776,12.7333250045776,3.50487494468689,17.5641117095947,17.5641117095947,0.42294999957085,-18.5110511779785,-18.5110511779785,-13.4479503631592,3.1039502620697,3.1039502620697,-1.76400005817413,-3.5110502243042,-3.5110502243042,-1.81800007820129,0.22879999876022,-2.72414994239807,-2.72414994239807,0.45773750543594,0.28847500681877,0.28847500681877,-2.88639998435974,-5.11940002441406,-5.11940002441406,-8.28495025634766,2.72205018997192,2.72205018997192,-2.09205007553101,-4.19204998016357,-4.19204998016357,-1.75305008888245,1.61805009841919,1.61805009841919,-1.94218754768372,0.87353748083115,0.87353748083115,-1.14991247653961,-4.21327495574951,-4.21327495574951,-8.65411281585693,-16.0762252807617,-16.0762252807617,6.80295038223267,5.68200016021729,5.68200016021729,-5.2819504737854,-4.58295011520386,-4.58295011520386,5.56500005722046,3.60795021057129,3.60795021057129,2.2592625617981,2.82535004615784,2.09577488899231,-9.53576278686523,-13.0638751983643,-3.76873755455017,-22.6421241760254,-22.8494739532471,-6.87981224060059,-2.99895024299622,-7.69305038452148,-19.3039512634277,1.00604999065399,5.62605047225952,14.1070508956909,-3.77205014228821,-6.34395027160645,-8.37495040893555,-3.1264750957489,-3.26232504844666,-3.26232504844666,0.71513748168945,4.79489994049072,4.79489994049072,10.0524873733521,18.3647747039795,18.3647747039795,-29.5519504547119,-27.363000869751,-27.363000869751,22.2810001373291,17.9460010528564,17.9460010528564,-10.78005027771,-2.83305025100708,-2.83305025100708,-2.27810001373291,0.57873749732971,0.57873749732971,-0.04042499884963,-1.63597500324249,-1.63597500324249,8.10273742675781,-1.19019997119904,-1.19019997119904,-14.1240005493164,-7.50105047225952,-7.50105047225952,-1.6030501127243,-2.94195008277893,-2.94195008277893,-3.60495018959045,-3.37500023841858,-3.37500023841858,-0.3573625087738,-1.85267496109009,-1.85267496109009,-0.56911247968674,-0.67636251449585,-0.67636251449585,-2.71672487258911,-4.2594747543335,-4.2594747543335,-0.57705003023148,5.67300033569336,5.67300033569336,-3.46905016899109,-4.09395027160645,-4.09395027160645,-0.16095000505447,4.16205024719238,4.16205024719238,-1.40071249008179,-0.00123749999329,-0.00123749999329,-2.30436253547668,-7.23827505111694,-7.23827505111694,-8.73867511749268,-19.7367496490479,-19.7367496490479,9.02295017242432,6.43695020675659,6.43695020675659,-4.37700033187866,-4.44405031204224,-4.44405031204224,7.17705011367798,4.86105012893677,4.86105012893677,2.91444993019104,6.69542503356934,6.69542503356934,-13.9871873855591,-15.6849002838135,-15.6849002838135,-25.6618995666504,-25.9909381866455,-25.9909381866455,1.33995008468628,-7.99005031585693,-7.99005031585693,-1.02795004844666,6.38100051879883,6.38100051879883,1.19895005226135,-4.86405038833618,-4.86405038833618,SHAKE
-3.1264750957489,-3.26232504844666,-3.26232504844666,0.71513748168945,4.79489994049072,4.79489994049072,10.0524873733521,18.3647747039795,18.3647747039795,-29.5519504547119,-27.363000869751,-27.363000869751,22.2810001373291,17.9460010528564,17.9460010528564,-10.78005027771,-2.83305025100708,-2.83305025100708,-2.27810001373291,0.57873749732971,0.57873749732971,-0.04042499884963,-1.63597500324249,-1.63597500324249,8.10273742675781,-1.19019997119904,-1.19019997119904,-14.1240005493164,-7.50105047225952,-7.50105047225952,-1.6030501127243,-2.94195008277893,-2.94195008277893,-3.60495018959045,-3.37500023841858,-3.37500023841858,-0.3573625087738,-1.85267496109009,-1.85267496109009,-0.56911247968674,-0.67636251449585,-0.67636251449585,-2.71672487258911,-4.2594747543335,-4.2594747543335,-0.57705003023148,5.67300033569336,5.67300033569336,-3.46905016899109,-4.09395027160645,-4.09395027160645,-0.16095000505447,4.16205024719238,4.16205024719238,-1.40071249008179,-0.00123749999329,-0.00123749999329,-2.30436253547668,-7.23827505111694,-7.23827505111694,-8.73867511749268,-19.7367496490479,-19.7367496490479,9.02295017242432,6.43695020675659,6.43695020675659,-4.37700033187866,-4.44405031204224,-4.44405031204224,7.17705011367798,4.86105012893677,4.86105012893677,2.91444993019104,6.69542503356934,6.69542503356934,-13.9871873855591,-15.6849002838135,-15.6849002838135,-25.6618995666504,-25.9909381866455,-25.9909381866455,1.33995008468628,-7.99005031585693,-7.99005031585693,-1.02795004844666,6.38100051879883,6.38100051879883,1.19895005226135,-4.86405038833618,-4.86405038833618,16.1676616668701,16.1676616668701,15.1742248535156,-2.51212501525879,-2.51212501525879,3.18037509918213,-15.6524496078491,-15.6524496078491,-9.58017539978027,-29.7030010223389,-29.7030010223389,-20.2980003356934,22.6140003204346,22.6140003204346,2.56500005722046,-6.48105049133301,-6.48105049133301,2.02800011634827,12.8299875259399,2.10237503051758,1.40428745746613,4.90503740310669,-0.91836249828339,-1.24533748626709,-8.12790012359619,-2.66282486915588,-3.08591246604919,-20.2980003356934,-13.51305103302,-7.83705043792725,2.56500005722046,-1.09305000305176,0.03600000217557,2.02800011634827,-5.25195026397705,-2.64900016784668,-2.10636258125305,-2.10636258125305,-3.79293751716614,-0.02722499892116,-0.02722499892116,-1.06466245651245,-3.43612504005432,-3.43612504005432,-8.44607448577881,-1.77705013751984,0.66705000400543,6.04905033111572,-1.55805003643036,-2.97795009613037,-5.47395038604736,-0.61605000495911,1.10805010795593,5.35200023651123,-3.79293751716614,-1.67598748207092,2.32567501068115,-1.06466245651245,-2.2430374622345,-9.33198738098145,-8.44607448577881,-16.1474494934082,-23.9311866760254,6.04905033111572,5.35200023651123,0.69600003957748,-5.47395038604736,-4.33800029754639,-2.34600019454956,5.35200023651123,3.81900024414062,1.19895005226135,6.09647512435913,6.09647512435913,6.11421251296997,-11.5975751876831,-11.5975751876831,7.4383373260498,-23.9190864562988,-23.9190864562988,8.57257461547852,-6.6870002746582,-6.6870002746582,-24.7500019073486,4.2679500579834,4.2679500579834,19.6009502410889,-4.04505014419556,-4.04505014419556,-8.26500034332275,SHAKE
9.50111198425293,9.25787448883057,9.25787448883057,2.15269994735718,7.60003757476807,7.60003757476807,-1.3914999961853,9.5867748260498,9.5867748260498,-19.9480514526367,-26.953950881958,-26.953950881958,16.9669513702393,23.5270519256592,23.5270519256592,-6.26100015640259,-9.76500034332275,-9.76500034332275,8.83327484130859,7.84052515029907,2.46633744239807,10.978687286377,11.9316997528076,4.3217625617981,17.348237991333,18.4300880432129,3.18862509727478,-23.5000514984131,-17.3640003204346,-11.5920009613037,15.421950340271,3.08805012702942,-4.93200016021729,-5.16105031967163,-4.921950340271,-4.47405004501343,-0.09927500039339,-3.21860003471375,-3.21860003471375,1.49943745136261,2.18968749046326,2.18968749046326,-2.49548745155334,-4.84343767166138,-4.84343767166138,-3.96600008010864,3.29205012321472,3.29205012321472,-5.3299503326416,-6.17100048065186,-6.17100048065186,-0.29505002498627,1.7659500837326,1.7659500837326,-6.65939998626709,-5.10895013809204,-5.10895013809204,1.37843751907349,-3.18037509918213,-3.18037509918213,-8.80041217803955,-18.4925117492676,-18.4925117492676,7.81095027923584,9.08295059204102,9.08295059204102,-7.76595020294189,-6.29505014419556,-6.29505014419556,9.15000057220459,7.95795059204102,7.95795059204102,2.49452495574951,2.49452495574951,7.81288766860962,-9.89628791809082,-9.89628791809082,-9.54153728485107,-28.1676998138428,-28.1676998138428,-23.8154125213623,-4.48095035552979,-4.48095035552979,-16.9230003356934,5.77695035934448,5.77695035934448,12.8160009384155,-5.43900012969971,-5.43900012969971,-9.93195056915283,9.88941287994385,9.88941287994385,4.53722476959229,5.05752515792847,5.05752515792847,11.3170747756958,-2.41394996643066,-2.41394996643066,9.55253791809082,-28.2709522247314,-28.2709522247314,-21.1960506439209,24.8820018768311,24.8820018768311,12.0019502639771,-13.4500503540039,-13.4500503540039,-2.68695020675659,4.53722476959229,-0.27073749899864,-9.10923767089844,11.3170747756958,13.8837871551514,7.03628730773926,9.55253791809082,8.26086235046387,-4.76918745040894,-21.1960506439209,-15.0630006790161,-7.6360502243042,12.0019502639771,1.79700005054474,-1.97700011730194,-2.68695020675659,-6.30405044555664,-3.82500028610229,-9.91718769073486,-9.91718769073486,-6.5535249710083,7.70096254348755,7.70096254348755,3.82923746109009,-5.4403247833252,-5.4403247833252,-5.20739984512329,-0.95295006036758,-0.95295006036758,7.73505020141602,-3.52605009078979,-3.52605009078979,-4.05299997329712,-0.7590000629425,-0.7590000629425,5.73000049591064,-0.6650875210762,4.92786264419556,8.75297451019287,0.00481249997392,-6.68744993209839,-12.2350254058838,-6.78053760528564,-17.1291999816895,-27.2777996063232,8.55105018615723,6.09600019454956,1.02105009555817,-4.96095037460327,-4.52805042266846,-0.34605002403259,6.88005018234253,3.80700016021729,-0.5869500041008,8.66882514953613,8.66882514953613,17.4963245391846,-10.5964374542236,-10.5964374542236,-0.62534999847412,-30.5468616485596,-30.5468616485596,-24.9349365234375,-7.77495050430298,-7.77495050430298,-19.2709503173828,8.14800071716309,8.14800071716309,15.5509510040283,-3.16095018386841,-3.16095018386841,-2.81400012969971,SHAKE
9.45243740081787,12.9035501480103,16.1044120788574,-7.40162515640259,-6.51805019378662,10.9360628128052,-26.4950122833252,-24.7556381225586,-3.31815004348755,-2.33505010604858,-13.8820505142212,-26.1280517578125,2.53905010223389,12.0550508499146,22.5379505157471,0.21900001168251,-6.68895053863525,-11.8069505691528,14.0965003967285,12.5724496841431,8.55428791046143,12.6890497207642,15.1760120391846,15.6932878494263,8.73950004577637,14.4612874984741,13.9367246627808,-26.6830520629883,-20.7720012664795,-15.5680503845215,22.9260005950928,8.91000080108643,-0.52799999713898,-3.09705018997192,-1.99305009841919,-1.90200006961823,8.55428791046143,0.47877499461174,-3.22258758544922,15.6932878494263,2.0480625629425,2.79413747787476,13.9367246627808,-2.1515998840332,-4.09681224822998,-15.5680503845215,-8.69400024414062,-0.64695000648499,-0.52799999713898,-2.84400010108948,-3.82305026054382,-1.90200006961823,-3.93705010414124,-0.48600003123283,-7.23414993286133,-7.23414993286133,-8.8973503112793,3.4126124382019,3.4126124382019,1.11581254005432,-5.93889999389648,-5.93889999389648,-10.9929876327515,5.95995044708252,5.95995044708252,8.62800025939941,-7.27005052566528,-7.27005052566528,-6.84405040740967,3.92400026321411,3.92400026321411,7.83495044708252,-6.58143758773804,-2.58032488822937,5.39962482452393,-3.02197504043579,-6.78039979934692,-6.71082496643066,-21.4125995635986,-26.7976493835449,-24.2603626251221,4.38195037841797,-3.07995009422302,-16.7440509796143,-4.85805034637451,2.5489501953125,14.9089508056641,4.52100038528442,1.16100001335144,-6.61500024795532,15.3753871917725,15.3753871917725,15.7829370498657,7.87407493591309,7.87407493591309,12.5602121353149,-3.75278759002686,-3.75278759002686,8.69563770294189,-28.2570018768311,-28.2570018768311,-26.0989513397217,26.401050567627,26.401050567627,22.2790508270264,-10.9960508346558,-10.9960508346558,-3.7390501499176,15.329737663269,15.329737663269,10.9085626602173,15.2351369857788,15.2351369857788,15.2651128768921,14.8662252426147,14.8662252426147,13.6372499465942,-18.2410507202148,-18.2410507202148,-8.61000061035156,5.70795011520386,5.70795011520386,-5.21700048446655,-2.94105005264282,-2.94105005264282,-4.27995014190674,2.35509991645813,-1.54577493667603,-5.26391267776489,3.41123747825623,3.06913757324219,3.41000008583069,-1.97642493247986,-4.60253763198853,-6.8171124458313,-8.61000061035156,-2.38305020332336,3.66600012779236,-5.21700048446655,-3.89805006980896,-3.23895025253296,-4.27995014190674,-0.42900002002716,2.49000000953674,-6.08877515792847,-6.08877515792847,-3.63797497749329,1.55320000648499,1.55320000648499,-1.94823753833771,-11.8307752609253,-11.8307752609253,-20.671199798584,7.0090503692627,7.0090503692627,4.02705001831055,-4.25505018234253,-4.25505018234253,-3.27300024032593,8.43900012969971,8.43900012969971,3.97695016860962,1.80372500419617,8.83836269378662,17.9980621337891,-7.23469972610474,-9.52159976959229,-3.91063737869263,-26.3282241821289,-25.953125,-15.9920749664307,1.16805005073547,-6.33705043792725,-18.0439510345459,-1.87905013561249,3.58800005912781,14.6989507675171,2.70300006866455,-0.82905006408691,-9.11505031585693,SHAKE
7.11149978637695,7.11149978637695,4.42282485961914,5.33238744735718,5.33238744735718,8.75517463684082,-3.27029991149902,-3.27029991149902,6.74258756637573,-29.7030010223389,-29.7030010223389,-32.3520011901855,22.1400012969971,22.1400012969971,25.3399505615234,-12.4129505157471,-12.4129505157471,-3.91305017471313,4.42282485961914,4.36177492141724,4.1739501953125,8.75517463684082,13.1021003723145,11.3702878952026,6.74258756637573,14.8611373901367,13.6984376907349,-32.3520011901855,-22.5450019836426,-14.506950378418,25.3399505615234,11.2330503463745,-1.732950091362,-3.91305017471313,-2.62500023841858,-4.52895021438599,4.1739501953125,0.13983750343323,-1.42174994945526,11.3702878952026,0.5292375087738,0.9316999912262,13.6984376907349,0.09776250272989,-2.56506252288818,-14.506950378418,-5.50200033187866,5.14995002746582,-1.732950091362,-5.94495010375977,-10.8700504302979,-4.52895021438599,-1.66905009746552,1.15605008602142,-3.38222503662109,-1.65330004692078,-2.14788746833801,0.32821249961853,-5.26116228103638,-12.5625495910645,-4.43354988098145,-13.5726251602173,-25.9231491088867,12.6490507125854,15.7770004272461,8.56605052947998,-6.07200050354004,-6.53205013275146,-6.46500015258789,8.42700004577637,12.2809505462646,5.27295017242432,-2.14788746833801,0.55715000629425,0.55715000629425,-12.5625495910645,-16.0246620178223,-16.0246620178223,-25.9231491088867,-26.9328117370605,-26.9328117370605,8.56605052947998,-0.47895002365112,-0.47895002365112,-6.46500015258789,-0.39105001091957,-0.39105001091957,5.27295017242432,-2.40705013275146,-2.40705013275146,8.39341259002686,15.2981128692627,15.7398996353149,-14.6455373764038,-20.1045627593994,-18.5820255279541,-31.1104755401611,-24.6130504608154,-24.0813369750977,-31.5160522460938,-32.0170516967773,-26.7000007629395,31.090051651001,26.7460517883301,10.0399503707886,-16.2220516204834,-2.40705013275146,3.73995018005371,15.7398996353149,9.28894996643066,9.28894996643066,-18.5820255279541,-14.2521495819092,-14.2521495819092,-24.0813369750977,-10.0504245758057,-10.0504245758057,-26.7000007629395,-9.76995086669922,-9.76995086669922,10.0399503707886,-4.94400024414062,-4.94400024414062,3.73995018005371,-5.4060001373291,-5.4060001373291,-4.18715000152588,-4.18715000152588,-7.25656223297119,0.96112501621246,0.96112501621246,-0.32683750987053,-4.66523742675781,-4.66523742675781,-8.0184497833252,6.1279501914978,6.1279501914978,7.60095024108887,-2.60205006599426,-2.60205006599426,-1.98405003547668,3.98895025253296,3.98895025253296,5.45205020904541,-6.06443738937378,-3.39886260032654,4.70813751220703,-1.78062498569489,-8.53338718414307,-11.5985374450684,-17.4656620025635,-28.2363128662109,-30.4610614776611,5.08305025100708,2.43900012969971,-2.4019501209259,-3.4980001449585,-2.53005003929138,1.58400011062622,3.57195019721985,1.06200003623962,-2.39505004882812,9.70887470245361,16.4377117156982,16.4377117156982,-11.8470001220703,-23.0212116241455,-23.0212116241455,-28.7372245788574,-35.4792633056641,-35.4792633056641,-11.60205078125,-22.4130020141602,-22.4130020141602,8.75400066375732,18.670051574707,18.670051574707,-7.70505046844482,-12.2959508895874,-12.2959508895874,SHAKE
9.91429996490479,5.78091239929199,8.09586238861084,-16.112663269043,-16.3483371734619,-15.1828870773315,-29.9811878204346,-25.3259868621826,-11.5392751693726,-19.5220508575439,-27.8089504241943,-25.8090019226074,17.3140506744385,23.8909511566162,17.3040008544922,-12.6049509048462,-12.528000831604,-2.52900004386902,8.89817523956299,8.89817523956299,6.44325017929077,-14.3273620605469,-14.3273620605469,-10.256537437439,-9.03677463531494,-9.03677463531494,-7.30262517929077,-19.2780017852783,-19.2780017852783,-13.1080503463745,5.5090503692627,5.5090503692627,0.99195003509521,-1.65300011634827,-1.65300011634827,-3.95400023460388,4.19993734359741,1.64628744125366,-1.6024249792099,-5.44857501983643,-2.61277508735657,-1.47784996032715,-1.04128754138947,-1.91743743419647,-3.26686239242554,-6.91695022583008,-0.14595000445843,5.34000015258789,0.69000005722046,-1.27800011634827,-3.50505018234253,-2.33805012702942,-0.28305000066757,3.84795022010803,-1.6024249792099,-3.09870004653931,-0.53666251897812,-1.47784996032715,-2.26407504081726,-2.74119997024536,-3.26686239242554,-6.8469500541687,-18.3816871643066,5.34000015258789,7.40700054168701,5.15805006027222,-3.50505018234253,-5.11395025253296,-4.37700033187866,3.84795022010803,3.91695022583008,1.93905007839203,2.0211124420166,4.62330007553101,7.63867473602295,-7.43022489547729,-10.0522127151489,-9.83358764648438,-29.2972621917725,-30.4027614593506,-30.2447757720947,-0.7590000629425,-7.83900022506714,-18.7600517272949,-1.45500004291534,7.11600017547607,17.4029998779297,-1.50705003738403,-5.43195009231567,-4.18200016021729,10.2132253646851,10.2132253646851,9.29266262054443,-10.1145000457764,-10.1145000457764,-6.1608247756958,-20.3983993530273,-20.3983993530273,-8.85417461395264,-29.7780017852783,-29.7780017852783,-27.0139503479004,24.2239513397217,24.2239513397217,18.5160007476807,-10.6459503173828,-10.6459503173828,-3.20700025558472,8.89212512969971,6.68717479705811,0.60802501440048,-3.49607491493225,-2.24276256561279,-0.72159999608993,-6.70793724060059,-3.51697492599487,-2.25857496261597,-20.7840003967285,-13.678050994873,-6.13395023345947,5.7940502166748,-0.12300000339747,-2.12805008888245,-5.12805032730103,-6.14595031738281,-1.78905010223389,-1.68134999275208,-3.75265002250671,-3.75265002250671,0.87243747711182,1.036749958992,1.036749958992,-3.14159989356995,-4.03397512435913,-4.03397512435913,1.33800005912781,6.2310004234314,6.2310004234314,-0.98295003175735,-1.55505001544952,-1.55505001544952,3.24195003509521,6.42000007629395,6.42000007629395,5.17041254043579,5.17041254043579,7.17873764038086,-7.18575000762939,-7.18575000762939,-12.6564626693726,-20.0147743225098,-20.0147743225098,-28.3512630462646,4.53705024719238,4.53705024719238,0.02505000121892,-4.15200042724609,-4.15200042724609,-3.36105012893677,4.10205030441284,4.10205030441284,-2.20095014572144,7.17873764038086,8.88084983825684,10.7551126480103,-12.6564626693726,-14.4379119873047,-12.1112747192383,-28.3512630462646,-28.6081123352051,-26.1017627716064,0.02505000121892,-4.59600019454956,-10.6650009155273,-3.36105012893677,1.80105006694794,10.3489503860474,-2.20095014572144,-6.21300029754639,-7.08705043792725,SHAKE
10.7551126480103,12.1855249404907,12.8761873245239,-12.1112747192383,-10.2902250289917,-6.41423749923706,-26.1017627716064,-20.6842632293701,-11.698637008667,-10.6650009155273,-20.590051651001,-25.8190517425537,10.3489503860474,19.2660007476807,20.3839511871338,-7.08705043792725,-9.36495018005371,-6.07395029067993,12.8774251937866,10.1755495071411,-0.37496250867844,-5.20107507705688,-5.0454249382019,-1.80069994926453,-9.90302467346191,-9.12587451934814,-1.33237504959106,-22.5900001525879,-18.4300518035889,-13.5490503311157,15.5580005645752,7.42695045471191,2.74995017051697,-2.17200016975403,-2.32800006866455,-3.76500010490417,-0.37496250867844,-4.82432508468628,-4.82432508468628,-1.80069994926453,1.11539995670319,1.11539995670319,-1.33237504959106,-2.95583748817444,-2.95583748817444,-13.5490503311157,-1.66500008106232,-1.66500008106232,2.74995017051697,-0.81795001029968,-0.81795001029968,-3.76500010490417,-0.16995000839233,-0.16995000839233,-2.64054989814758,-2.64054989814758,4.94216251373291,-0.5292375087738,-0.5292375087738,-4.14383745193481,-5.83728742599487,-5.83728742599487,-15.0342502593994,7.33695030212402,7.33695030212402,7.31595039367676,-5.54100036621094,-5.54100036621094,-4.85295009613037,5.32305002212524,5.32305002212524,3.6540002822876,8.35738754272461,7.69834995269775,7.52950000762939,-5.97313737869263,-7.89923763275146,-8.99744987487793,-29.3946132659912,-30.7966995239258,-30.4552879333496,2.25,-3.62595009803772,-12.6030006408691,-3.7590000629425,1.89495003223419,13.3020009994507,-1.86600005626678,-6.13800048828125,-7.38600015640259,-0.05637500062585,-1.61851251125336,-1.61851251125336,-16.7759628295898,-17.9602508544922,-17.9602508544922,-27.0841999053955,-11.8391628265381,-11.8391628265381,-22.5850505828857,-25.4620513916016,-25.4620513916016,23.5309505462646,23.0359516143799,23.0359516143799,-8.14605045318604,-6.69705009460449,-6.69705009460449,-0.97817498445511,-2.7025625705719,-2.26517510414124,-16.0963001251221,-9.85503768920898,-1.94809997081757,-10.0094499588013,-8.87370014190674,-2.80046248435974,-21.9150009155273,-17.7210006713867,-11.6449508666992,13.0459508895874,5.13300037384033,1.75095009803772,-4.4089503288269,-4.45995044708252,-5.47995042800903,-3.71662497520447,-4.78678750991821,-4.78678750991821,1.16682493686676,2.37187504768372,2.37187504768372,-3.55066251754761,-4.16831254959106,-4.16831254959106,-5.66400003433228,0.27195000648499,0.27195000648499,-0.2790000140667,-1.40895009040833,-1.40895009040833,-2.40495014190674,0.28395000100136,0.28395000100136,-3.87502503395081,-0.41676250100136,8.74912452697754,1.87068748474121,-0.58946251869202,-6.80721235275269,-4.97612476348877,-6.74423742294312,-17.67356300354,4.57605028152466,6.92805051803589,5.09100008010864,-2.10900020599365,-3.34905004501343,-4.17300033569336,3.3469500541687,7.31805038452148,4.27605009078979,10.5782871246338,10.5782871246338,11.227424621582,-11.1758623123169,-11.1758623123169,-12.9064378738403,-28.0324001312256,-28.0324001312256,-27.79026222229,-0.50805002450943,-0.50805002450943,-8.3730001449585,-2.21205019950867,-2.21205019950867,6.07395029067993,-2.29395008087158,-2.29395008087158,-6.67695045471191,SHAKE
11.227424621582,10.4710378646851,3.97058749198914,-12.9064378738403,-8.02945041656494,2.0064001083374,-27.79026222229,-21.1410369873047,-8.95963764190674,-8.3730001449585,-18.082950592041,-25.4520015716553,6.07395029067993,13.4530506134033,19.8550510406494,-6.67695045471191,-8.09295082092285,-8.53095054626465,4.46476268768311,4.26579999923706,2.5086874961853,5.59954977035522,7.2378625869751,4.21877479553223,2.46166253089905,3.47146248817444,-1.09243750572205,-25.8469505310059,-20.7670516967773,-14.9599504470825,14.6580009460449,6.23505020141602,1.42995011806488,-5.65005016326904,-4.08599996566772,-4.73295021057129,2.5086874961853,0.55632501840591,-1.47551250457764,4.21877479553223,-0.31611248850822,0.03973750025034,-1.09243750572205,-1.99416244029999,-2.59820008277893,-14.9599504470825,-8.28705024719238,-1.06095004081726,1.42995011806488,-0.44400003552437,-1.17195010185242,-4.73295021057129,-2.77305006980896,-0.34500002861023,-2.86549997329712,-2.30340003967285,1.48953747749329,0.19456249475479,-1.01777493953705,-4.68861246109009,-3.55684995651245,-5.81624984741211,-14.2350997924805,5.06205034255981,8.34105014801025,5.83305025100708,-2.45295000076294,-4.23495006561279,-4.0339503288269,3.31800007820129,5.79495048522949,3.40200018882751,3.81493759155273,3.81493759155273,3.32557487487793,-11.2987871170044,-11.2987871170044,-15.3275375366211,-25.8105373382568,-25.8105373382568,-26.4244747161865,-2.3689501285553,-2.3689501285553,-16.0369510650635,0.05100000277162,0.05100000277162,11.6110506057739,-3.3120002746582,-3.3120002746582,-10.3470001220703,2.35317492485046,-0.04853750020266,-0.04853750020266,-14.6201000213623,-12.17067527771,-12.17067527771,-21.8769378662109,-12.9657001495361,-12.9657001495361,-27.234001159668,-27.3709506988525,-27.3709506988525,20.3770503997803,17.0170516967773,17.0170516967773,-12.5520009994507,-8.63400077819824,-8.63400077819824,-0.7207750082016,1.41789996623993,1.41789996623993,-6.6987247467041,-3.09375,-3.09375,-1.08047497272491,0.44948750734329,0.44948750734329,-19.5439510345459,-13.8600006103516,-13.8600006103516,5.713050365448,-0.99300003051758,-0.99300003051758,-2.47200012207031,-1.55895006656647,-1.55895006656647,1.50590002536774,1.50590002536774,0.78649997711182,-2.32375001907349,-2.32375001907349,-2.19532489776611,-2.19037508964539,-2.19037508964539,-2.79290008544922,-0.72600001096725,-0.72600001096725,4.29495000839233,-2.28600001335144,-2.28600001335144,-0.51405000686645,0.08295000344515,0.08295000344515,1.87395012378693,1.546875,1.546875,5.10578727722168,-4.21960020065308,-4.21960020065308,-9.13055038452148,-5.19089984893799,-5.19089984893799,-15.0779752731323,7.77105045318604,7.77105045318604,6.47205018997192,-1.44495010375977,-1.44495010375977,-3.31800007820129,4.64505004882812,4.64505004882812,3.73800015449524,5.65619993209839,7.91601228713989,9.05891227722168,-18.8289756774902,-22.5251121520996,-19.7670001983643,-23.9760131835938,-24.4765129089355,-22.5471115112305,2.52105021476746,-2.89095020294189,-13.2660007476807,-2.87505006790161,-0.55200004577637,6.42600011825562,-0.78795003890991,-2.46195006370544,-2.63700008392334,SHAKE
0.38087499141693,0.90708750486374,1.18428754806519,3.64663743972778,16.9393119812012,24.1067752838135,-8.47893714904785,3.42265009880066,11.1640377044678,-31.2940521240234,-31.1880016326904,-25.2730503082275,17.4240016937256,18.0469512939453,11.7460508346558,-10.57200050354,-5.43000030517578,-3.96600008010864,1.23488748073578,1.23488748073578,0.09528750181198,22.604175567627,22.604175567627,3.26108741760254,12.7107753753662,12.7107753753662,1.38476252555847,-16.4370002746582,-16.4370002746582,-8.87400054931641,4.65405035018921,4.65405035018921,0.5059500336647,-4.63200044631958,-4.63200044631958,-2.50800013542175,0.95466250181198,-0.28173750638962,-1.66760003566742,0.09473749995232,-0.5516499876976,-1.69001245498657,0.10367500036955,-0.15331250429153,-0.92523747682571,-0.31395000219345,5.84700012207031,7.56495046615601,-0.37695002555847,-0.21900001168251,-2.4060001373291,0.91605001688003,4.96605014801025,5.0310001373291,-1.66760003566742,-1.55402493476868,-3.82139992713928,-1.69001245498657,-8.61203765869141,-22.0445499420166,-0.92523747682571,-4.45843744277954,-16.3110752105713,7.56495046615601,7.28895044326782,4.34805011749268,-2.4060001373291,-3.99600028991699,-3.96000027656555,5.0310001373291,5.99595022201538,2.81805014610291,-2.5532374382019,-2.5532374382019,0.40521249175072,-19.9916744232178,-19.9916744232178,-1.30308747291565,-17.8102378845215,-17.8102378845215,-11.0926752090454,-8.76600074768066,-8.76600074768066,-25.6270503997803,2.9610002040863,2.9610002040863,12.7320003509521,2.41605019569397,2.41605019569397,-5.08905029296875,-3.62573742866516,-3.62573742866516,-3.79816246032715,25.1842250823975,25.1842250823975,28.4059867858887,9.69347476959229,9.69347476959229,11.8793125152588,-35.1660003662109,-35.1660003662109,-30.4030513763428,22.2720012664795,22.2720012664795,19.2799510955811,-9.98700046539307,-9.98700046539307,-0.80205005407333,-5.29608726501465,-12.1735620498657,-10.3971996307373,26.8094749450684,16.976713180542,6.88751268386841,12.3858623504639,8.61973762512207,-0.94297498464584,-23.0550003051758,-15.2470502853394,-8.17199993133545,8.67795085906982,4.28505039215088,2.76900005340576,-0.91500002145767,-1.96395003795624,-4.12200021743774,-12.0495376586914,-12.0495376586914,-6.91308736801147,6.81669998168945,6.81669998168945,3.52811241149902,-1.95937502384186,-1.95937502384186,-1.28287494182587,-0.39300000667572,-0.39300000667572,4.82505035400391,1.10205006599426,1.10205006599426,-0.16605000197887,-1.62105011940002,-1.62105011940002,3.06000018119812,-1.08501243591309,-1.08501243591309,0.4492124915123,-1.57904994487762,-1.57904994487762,-26.2264747619629,-0.91836249828339,-0.91836249828339,-16.8258743286133,10.0170001983643,10.0170001983643,0.92100006341934,-3.14100003242493,-3.14100003242493,-3.83100008964539,10.5559501647949,10.5559501647949,-1.15905010700226,0.4492124915123,-10.5831003189087,-10.5831003189087,-26.2264747619629,-15.64488697052,-15.64488697052,-16.8258743286133,-16.7138118743896,-16.7138118743896,0.92100006341934,-17.860050201416,-17.860050201416,-3.83100008964539,8.35200023651123,8.35200023651123,-1.15905010700226,-7.66605043411255,-7.66605043411255,SHAKE
-13.4106502532959,-9.808424949646,-7.13033723831177,8.81319999694824,22.0935001373291,23.0256118774414,-0.58093750476837,13.8824119567871,15.0697250366211,-29.4709510803223,-32.2230033874512,-23.7040519714355,17.0310001373291,20.8300514221191,11.881950378418,-9.94200038909912,-9.58695030212402,-4.34505033493042,-4.31832504272461,-4.31832504272461,-0.95933747291565,16.8746871948242,16.8746871948242,2.0761125087738,14.1567249298096,14.1567249298096,1.65123748779297,-14.0179510116577,-14.0179510116577,-3.1039502620697,3.4830002784729,3.4830002784729,0.69000005722046,-3.96105027198792,-3.96105027198792,0.1950000077486,0.00233749998733,0.00233749998733,-2.58596253395081,-1.03056252002716,-1.03056252002716,-2.94497489929199,0.88192498683929,0.88192498683929,-0.54175001382828,7.83000040054321,7.83000040054321,15.01305103302,-3.19395017623901,-3.19395017623901,-4.50405025482178,4.75305032730103,4.75305032730103,9.55695056915283,2.92105007171631,1.33402502536774,0.7013875246048,-10.6383752822876,-22.2080383300781,-24.2882747650146,-3.85508751869202,-15.0665626525879,-15.9502744674683,15.01305103302,9.08295059204102,0.25500002503395,-4.50405025482178,-2.45295000076294,-1.70400011539459,9.55695056915283,8.52300071716309,-0.15600000321865,0.6736124753952,-0.88384997844696,-0.88384997844696,-23.690975189209,-7.16333723068237,-7.16333723068237,-15.5163249969482,-10.7170248031616,-10.7170248031616,-15.2640008926392,-24.2449512481689,-24.2449512481689,1.26705002784729,14.4760503768921,14.4760503768921,-3.92100024223328,4.77705001831055,4.77705001831055,1.15926253795624,1.15926253795624,5.87510013580322,23.8056507110596,23.8056507110596,22.6385498046875,7.69257497787476,7.69257497787476,8.08431243896484,-36.7849502563477,-36.7849502563477,-21.9360008239746,25.4190006256104,25.4190006256104,11.9749507904053,-6.97200012207031,-6.97200012207031,-2.46495008468628,5.16656255722046,7.3701376914978,8.64063739776611,14.1169872283936,0.83654999732971,-3.27373743057251,7.38278722763062,1.65013754367828,1.26472496986389,-13.5679502487183,-5.37495040893555,3.9190502166748,2.73600006103516,-2.26200008392334,-2.90895009040833,-5.34105014801025,-5.87700033187866,5.69700050354004,8.64063739776611,3.4713249206543,-3.24252510070801,-3.27373743057251,-2.32539987564087,-6.49673748016357,1.26472496986389,0.31858751177788,-2.59421253204346,3.9190502166748,13.3990507125854,12.0739507675171,-2.90895009040833,-4.79100036621094,-4.83705043792725,5.69700050354004,12.0790510177612,7.62495040893555,-8.32975006103516,-12.6682872772217,-10.646900177002,-18.7906131744385,-20.6885242462158,-18.3677997589111,-17.3210124969482,-20.3295116424561,-20.9939117431641,4.84095001220703,-5.92800045013428,-15.2880010604858,-3.97005009651184,-1.4479501247406,6.78495025634766,5.91000032424927,-6.14805030822754,-6.61695051193237,-1.64037501811981,-1.64037501811981,-7.31637477874756,0.61586248874664,0.61586248874664,24.856424331665,-13.3537244796753,-13.3537244796753,7.56002473831177,-27.3799514770508,-27.3799514770508,-35.9280014038086,12.3199510574341,12.3199510574341,17.1940517425537,-6.0949501991272,-6.0949501991272,-9.09405040740967,SHAKE
