gyro_x_0,gyro_y_0,gyro_z_0,acc_x_0,acc_y_0,acc_z_0,gyro_x_1,gyro_y_1,gyro_z_1,acc_x_1,acc_y_1,acc_z_1,gyro_x_2,gyro_y_2,gyro_z_2,acc_x_2,acc_y_2,acc_z_2,gyro_x_3,gyro_y_3,gyro_z_3,acc_x_3,acc_y_3,acc_z_3,gyro_x_4,gyro_y_4,gyro_z_4,acc_x_4,acc_y_4,acc_z_4,gyro_x_5,gyro_y_5,gyro_z_5,acc_x_5,acc_y_5,acc_z_5,gyro_x_6,gyro_y_6,gyro_z_6,acc_x_6,acc_y_6,acc_z_6,gyro_x_7,gyro_y_7,gyro_z_7,acc_x_7,acc_y_7,acc_z_7,gyro_x_8,gyro_y_8,gyro_z_8,acc_x_8,acc_y_8,acc_z_8,gyro_x_9,gyro_y_9,gyro_z_9,acc_x_9,acc_y_9,acc_z_9,gyro_x_10,gyro_y_10,gyro_z_10,acc_x_10,acc_y_10,acc_z_10,gyro_x_11,gyro_y_11,gyro_z_11,acc_x_11,acc_y_11,acc_z_11,gyro_x_12,gyro_y_12,gyro_z_12,acc_x_12,acc_y_12,acc_z_12,gyro_x_13,gyro_y_13,gyro_z_13,acc_x_13,acc_y_13,acc_z_13,gyro_x_14,gyro_y_14,gyro_z_14,acc_x_14,acc_y_14,acc_z_14,motion_type
-1.57272493839264,-1.13038754463196,-1.31986248493195,-5.58900022506714,1.71105003356934,6.01605033874512,0.12086249887943,-0.42281249165535,-0.12952500581741,3.42429995536804,3.51353740692139,2.68881249427795,1.06095004081726,0.71205002069473,4.34895038604736,3.10605025291443,1.58505010604858,-3.04905009269714,0.64226251840591,0.40163749456406,0.28668749332428,10.9410009384155,10.9600505828857,10.0890007019043,-1.57121253013611,-1.80688750743866,-1.97560000419617,-0.57309997081757,-1.77044999599457,-3.18147492408752,9.84600067138672,10.2930002212524,10.7530508041382,-15.9810009002686,-15.5329504013062,-13.7770509719849,0.18782499432564,0.18039999902248,0.10463749617338,3.3070502281189,-2.14500021934509,-1.57605004310608,-0.32381248474121,1.06411254405975,1.31697499752045,-3.21323752403259,-0.83586251735687,0.12938749790192,19.3620014190674,14.356050491333,11.076000213623,19.4359512329102,19.8450012207031,19.3570518493652,-1.43096244335175,-1.25633752346039,-0.38637501001358,-5.11695003509521,-1.30305004119873,4.88400030136108,-0.46309998631477,0.45443749427795,1.32673752307892,4.25012493133545,3.41701245307922,1.98880004882813,1.32195007801056,2.41995000839233,4.03605031967163,5.29800033569336,2.85795021057129,-1.04700005054474,1.06617498397827,0.83036249876022,0.66907501220703,11.6220006942749,9.4980001449585,7.42995023727417,-2.66089987754822,-2.12217497825623,-1.51250004768372,-1.07153749465942,-2.43869996070862,-3.28776240348816,8.95095062255859,10.3510503768921,12.3870010375977,-11.0110502243042,-7.91205024719238,-5.84895038604736,STIR
-1.69372498989105,-1.68506252765656,-1.14138746261597,-3.06405019760132,-1.44195008277893,3.02505016326904,0.36396250128746,-0.16623750329018,-0.44962498545647,3.01496243476868,3.64540004730225,3.39377498626709,3.41100025177002,1.63995003700256,2.06400012969971,8.95500087738037,2.4100501537323,0.16995000839233,1.25193750858307,1.32027494907379,1.29346251487732,8.93505001068115,8.97600078582764,8.54295063018799,-0.49843749403954,-0.9590625166893,-1.80454993247986,-1.56763744354248,-2.46674990653992,-3.92177486419678,9.99900054931641,11.5489501953125,15.6010503768921,-12.69105052948,-13.94700050354,-7.99305057525635,0.69726252555847,-1.29662501811981,-1.56296253204346,-1.35300004482269,1.58205008506775,-3.82995009422302,1.83136248588562,2.39456248283386,1.99746251106262,-2.46317505836487,-1.68726253509521,0.05238749831915,13.8730506896973,12.0160503387451,9.71595001220703,22.0249519348145,20.1750011444092,15.1159505844116,-1.86230003833771,-1.84882497787476,-1.43096244335175,3.05100011825562,2.60400009155273,3.0130500793457,0.02681249938905,-0.01594999991357,-0.15276250243187,3.56963753700256,3.68568754196167,3.50006246566772,1.95405006408691,1.83195006847382,2.16195011138916,5.26995038986206,1.23000001907349,-2.48700022697449,0.47244998812675,0.93541246652603,0.98559999465942,9.62205028533936,8.6220006942749,8.44500064849854,-1.08611249923706,-0.88824999332428,-0.90530002117157,-1.30982494354248,-2.4594624042511,-3.07395005226135,10.1140508651733,11.3410501480103,12.9130506515503,-9.5080509185791,-8.66295051574707,-7.83495044708252,STIR
-1.42367494106293,-1.86230003833771,-1.84882497787476,0.40200001001358,3.05100011825562,2.60400009155273,0.05609999969602,0.02681249938905,-0.01594999991357,3.25819993019104,3.56963753700256,3.68568754196167,3.33705019950867,1.95405006408691,1.83195006847382,7.78005027770996,5.26995038986206,1.23000001907349,0.37097498774529,0.47244998812675,0.93541246652603,8.05005073547363,9.62205028533936,8.6220006942749,-1.28768754005432,-1.08611249923706,-0.88824999332428,1.10178744792938,-1.30982494354248,-2.4594624042511,7.62495040893555,10.1140508651733,11.3410501480103,-9.97500038146973,-9.5080509185791,-8.66295051574707,0.8926500082016,0.57502502202988,-0.0114124994725,2.16795015335083,-1.57095003128052,-1.99005007743835,-0.10271249711514,0.1220999956131,0.39820000529289,-1.75697493553162,-0.86872500181198,0.32120001316071,15.5119504928589,13.5619506835938,9.81900024414062,14.4970502853394,14.998950958252,16.1479511260986,-1.65330004692078,-1.15486252307892,-0.66866248846054,-2.25495004653931,2.31195020675659,3.76200008392334,0.00357499998063,0.26991251111031,0.35667499899864,3.56963753700256,3.2520124912262,2.90867495536804,1.77900004386902,1.94205009937286,2.47305011749268,7.44705057144165,4.65900039672852,-0.09900000691414,1.17369997501373,1.44980001449585,1.40456247329712,10.9879503250122,10.6960506439209,11.3040008544922,-0.06723749637604,-0.70867496728897,-1.3281124830246,-0.38005000352859,-1.30858755111694,-1.97560000419617,8.69204998016357,9.48705005645752,10.068000793457,-12.1830005645752,-14.8990507125854,-13.8439502716064,STIR
-1.15486252307892,-0.66866248846054,0.02529999986291,2.31195020675659,3.76200008392334,5.00400018692017,0.26991251111031,0.35667499899864,0.02557500079274,3.2520124912262,2.90867495536804,2.67300009727478,1.94205009937286,2.47305011749268,3.76500010490417,4.65900039672852,-0.09900000691414,-5.36100006103516,1.44980001449585,1.40456247329712,1.10288751125336,10.6960506439209,11.3040008544922,10.9960508346558,-0.70867496728897,-1.3281124830246,-1.77760004997253,-1.30858755111694,-1.97560000419617,-2.45451259613037,9.48705005645752,10.068000793457,10.921950340271,-14.8990507125854,-13.8439502716064,-11.1520509719849,0.79502499103546,0.65326249599457,0.61297500133514,1.03395009040833,-3.90405011177063,-6.02205038070679,0.12704999744892,0.4311999976635,0.75253748893738,-1.69592499732971,0.22824999690056,0.47506248950958,17.9460010528564,12.5880002975464,10.4010000228882,16.7149505615234,16.4040012359619,17.9520015716553,-1.3503874540329,-1.26238751411438,-1.21109998226166,-4.78905010223389,-0.1540500074625,3.4939501285553,0.29067498445511,0.09886249899864,0.13310000300407,4.05597496032715,4.0314998626709,3.48658752441406,0.53700000047684,0.10905000567436,0.50400000810623,7.04505014419556,4.88700008392334,1.71900010108948,1.20298755168915,1.3252249956131,0.95493751764297,12.6490507125854,11.8879508972168,10.4089508056641,-1.2694000005722,-1.22663748264313,-1.05311250686646,-2.08312487602234,-3.0714750289917,-3.77038741111755,10.8750009536743,15.1939506530762,17.1460514068604,-12.5160007476807,-7.89000034332275,-4.31295013427734,STIR
-1.68506252765656,-1.41515004634857,-1.10962498188019,-1.26705002784729,0.68205004930496,3.48405027389526,-0.66467499732971,-0.53886252641678,-0.25409999489784,3.55629992485046,3.44753742218018,2.94291257858276,2.00595021247864,2.10900020599365,3.33000016212463,5.94405031204224,4.06095027923584,1.46505010128021,0.93059998750687,0.83160001039505,0.77660000324249,12.2329502105713,11.3899507522583,7.85100030899048,-0.9345874786377,-1.28163754940033,-1.06906247138977,-1.89007496833801,-2.77461242675781,-3.71909999847412,10.5970506668091,13.9369506835938,16.5889511108398,-12.327000617981,-8.18205070495605,-3.55005025863647,0.60678750276566,-0.32051250338554,-1.30638754367828,-6.74700021743774,-3.91395020484924,-3.98295021057129,0.57296252250671,1.03234994411469,1.46478748321533,-0.58052498102188,-0.2419999986887,0.50806248188019,14.7319507598877,12.5689506530762,10.1779508590698,17.9160003662109,18.8730010986328,18.8250007629395,-1.42491245269775,-1.2586749792099,-1.06933748722076,-3.01200008392334,0.2250000089407,3.40800023078919,0.05733750015497,-0.11247500032187,-0.11371249705553,3.72968745231628,4.00454998016357,3.77492499351501,2.56605005264282,1.97295010089874,2.12595009803772,9.2160005569458,6.75105047225952,3.91800022125244,1.01241254806519,1.23227500915527,1.30322504043579,10.7470502853394,12.4650001525879,13.3909502029419,-0.21876250207424,-0.51810002326965,-0.7929624915123,0.99921250343323,-0.24447499215603,-1.57863748073578,7.89300060272217,9.05805015563965,10.0230007171631,-9.76605033874512,-12.211950302124,-13.3530006408691,STIR
-1.42491245269775,-1.2586749792099,-1.06933748722076,-3.01200008392334,0.2250000089407,3.40800023078919,0.05733750015497,-0.11247500032187,-0.11371249705553,3.72968745231628,4.00454998016357,3.77492499351501,2.56605005264282,1.97295010089874,2.12595009803772,9.2160005569458,6.75105047225952,3.91800022125244,1.01241254806519,1.23227500915527,1.30322504043579,10.7470502853394,12.4650001525879,13.3909502029419,-0.21876250207424,-0.51810002326965,-0.7929624915123,0.99921250343323,-0.24447499215603,-1.57863748073578,7.89300060272217,9.05805015563965,10.0230007171631,-9.76605033874512,-12.211950302124,-13.3530006408691,0.55797499418259,0.05582499876618,-0.34251248836517,5.81700038909912,0.83295005559921,-9.86505031585693,-0.7537750005722,1.1923999786377,0.70482498407364,-4.15030002593994,-1.18277502059937,-0.35571250319481,18.0799503326416,15.1030511856079,12.65505027771,17.1619510650635,16.7959499359131,13.9510507583618,-1.81211245059967,-0.78842496871948,0.21092499792576,1.11495006084442,5.20005035400391,7.88205051422119,0.19662499427795,0.3994374871254,0.73053747415543,3.27401256561279,2.57647490501404,1.73951244354248,1.79295003414154,3.80805015563965,5.32095003128052,1.41495001316071,-0.6810000538826,-3.55005025863647,1.41432499885559,1.32027494907379,1.30075001716614,12.1150503158569,10.452000617981,8.86305046081543,-1.04211246967316,-1.26568746566772,-1.3194500207901,-1.06920003890991,-2.05631256103516,-2.86384987831116,9.72105026245117,10.2499504089355,11.28600025177,-12.7429504394531,-11.3719501495361,-9.550950050354,STIR
-0.78842496871948,0.21092499792576,0.90364998579025,5.20005035400391,7.88205051422119,7.74795055389404,0.3994374871254,0.73053747415543,0.66329997777939,2.57647490501404,1.73951244354248,0.98092502355576,3.80805015563965,5.32095003128052,6.80895042419434,-0.6810000538826,-3.55005025863647,-7.42605018615723,1.32027494907379,1.30075001716614,1.25798749923706,10.452000617981,8.86305046081543,7.44405031204224,-1.26568746566772,-1.3194500207901,-1.28892505168915,-2.05631256103516,-2.86384987831116,-3.35376238822937,10.2499504089355,11.28600025177,13.1959505081177,-11.3719501495361,-9.550950050354,-7.91700029373169,1.02093744277954,0.96593749523163,-0.14203749597073,-4.71000003814697,-4.72500038146973,-0.8320500254631,-0.31652501225471,-0.04276249930263,0.18562500178814,-2.51803755760193,-1.10453748703003,-0.27994999289513,16.6200008392334,14.9569511413574,12.8130006790161,15.8850011825562,16.0780506134033,16.570951461792,-1.72053754329681,-1.42614996433258,-1.09862494468689,-4.07895040512085,-1.87995004653931,1.51200008392334,-0.24928750097752,-0.07218749821186,0.92729997634888,3.19219994544983,3.31924986839294,2.38466238975525,3.35805010795593,2.9850001335144,4.60305023193359,9.0,6.27495050430298,1.98405003547668,1.27874994277954,1.13464999198914,1.14922499656677,11.4000005722046,10.1629505157471,8.6650505065918,-0.98353749513626,-1.21687495708466,-1.52845001220703,-1.68244993686676,-2.35564994812012,-3.87048745155334,10.627950668335,12.3769502639771,16.5049514770508,-11.9299507141113,-10.9129505157471,-4.26495027542114,STIR
-1.36496245861053,-1.28933751583099,-0.90323752164841,0.71595001220703,6.29100036621094,6.67605018615723,-0.84672498703003,0.00604999996722,0.5350124835968,4.38088750839233,3.87021255493164,2.1733250617981,2.49495005607605,2.99505019187927,5.9040002822876,7.26300048828125,6.29595041275024,-2.99700021743774,1.25551247596741,1.1944625377655,1.04541254043579,11.1490507125854,10.7200508117676,10.2010507583618,-0.11247500032187,-0.34333750605583,-1.1143000125885,-1.00443744659424,-1.92554998397827,-3.02994990348816,10.1419506072998,10.2019500732422,11.2480506896973,-10.8190507888794,-11.5110006332397,-9.30705070495606,0.5847874879837,0.43092501163483,-0.47685000300407,-2.99700021743774,-7.82400035858154,-4.46895027160645,0.01952499896288,0.15633749961853,0.35296249389648,-0.59386247396469,-0.41552498936653,0.24543750286102,12.9130506515503,11.9200506210327,10.4490003585815,14.9560508728027,15.528000831604,16.2580509185791,-1.26486253738403,-0.99852502346039,-0.63937497138977,-0.29295000433922,2.8090500831604,5.77395009994507,0.11962500214577,0.47643750905991,0.56677502393723,3.70658755302429,3.7676374912262,3.31553745269775,4.50195026397705,3.63405013084412,3.45195007324219,11.0149507522583,7.25595045089722,2.39595007896423,0.98065000772476,1.09188747406006,0.98669999837875,10.7850008010864,11.7880506515503,11.6629505157471,-0.20899999141693,-0.42762500047684,-0.48510000109673,0.69987499713898,-0.06489999592304,-1.1339625120163,7.71105051040649,8.71605014801025,9.58005046844482,-10.4890508651733,-11.5399503707886,-11.9650506973267,STIR
-1.37843751907349,-0.9178124666214,0.10463749617338,5.58495044708252,6.78900051116943,9.28200054168701,-0.2223374992609,-0.25533750653267,-0.11728750169277,2.88557505607605,2.41394996643066,1.88856244087219,1.3819500207901,3.48000025749207,5.89305019378662,-0.17595000565052,-3.64800024032593,-6.91395044326782,1.06865000724792,0.95383751392365,0.84136247634888,11.0410509109497,9.71295070648193,7.99200057983398,-0.71719998121262,-0.9285374879837,-0.96635001897812,-2.25293755531311,-3.10571241378784,-3.78138756752014,12.247950553894,14.2990503311157,15.4120512008667,-13.8319501876831,-11.7550506591797,-7.51005029678345,0.79612499475479,0.08387500047684,-0.64789998531342,-2.27895021438599,-1.81995010375977,-4.04805040359497,0.9590625166893,0.9260625243187,0.82211250066757,-2.68674993515015,-1.79973745346069,-0.88948750495911,17.2680015563965,14.9830503463745,13.5709505081177,13.0510501861572,14.0059509277344,15.7579507827759,-1.8183000087738,-1.61672496795654,-0.92028748989105,-5.29395008087158,-0.67800003290176,6.5590500831604,-0.22976249456406,-0.58396250009537,-0.52167499065399,3.66492509841919,3.71992492675781,3.23372507095337,3.36105012893677,1.97100007534027,2.31795001029968,7.27500057220459,1.97700011730194,-0.81495004892349,1.09917497634888,1.21770000457764,1.1394624710083,12.4050006866455,10.407000541687,8.1670503616333,-1.30487501621246,-1.63226246833801,-1.67131245136261,-1.80097496509552,-3.31347489356995,-4.1588249206543,9.74295043945312,13.6099510192871,16.9000511169434,-17.0310001373291,-12.2719507217407,-8.50500011444092,STIR
-1.89158749580383,-1.56901252269745,-1.30391252040863,-4.37295007705688,-1.36005008220673,3.07500004768372,0.78429996967316,0.06957499682903,-0.42762500047684,3.21667504310608,3.75168752670288,4.02050018310547,1.96800005435944,0.89400005340576,0.32205000519753,8.02095031738281,5.24805021286011,2.5969500541687,0.5322625041008,0.70083749294281,0.8926500082016,11.017050743103,12.9220504760742,12.6180009841919,-0.54862499237061,-0.91272497177124,-1.40497493743896,0.46777498722076,-0.55962496995926,-2.56080007553101,8.6419506072998,9.44595050811768,12.1450510025024,-12.1950006484985,-14.062050819397,-14.5549507141113,0.91712498664856,0.62507498264313,-1.69482493400574,-1.75500011444092,-6.51495027542114,-1.62405002117157,1.24973750114441,1.7433625459671,1.28645002841949,-1.08377504348755,0.33453750610352,1.70293748378754,15.8040008544922,10.2169504165649,8.02695083618164,23.1540012359619,17.0279998779297,14.8150510787964,-1.36743748188019,-0.81152498722076,0.43944999575615,6.35595035552979,6.98295021057129,9.20595073699951,-0.41181248426437,-0.80643749237061,-0.85525000095367,2.99186253547669,2.69376254081726,2.068274974823,2.49195003509521,4.22205018997192,6.55095052719116,-2.31495022773743,-5.14095020294189,-6.56205034255981,1.06012499332428,0.98793751001358,0.9843624830246,9.81600093841553,9.4980001449585,7.80795049667358,-0.98834997415543,-1.29016244411469,-1.39273750782013,-2.44241237640381,-3.08618760108948,-3.52357506752014,11.5639505386353,12.8029508590698,14.3389511108398,-13.1980504989624,-12.1549501419067,-9.33795070648193,STIR
-1.77801251411438,-1.80853748321533,-0.90694999694824,-4.93305015563965,-2.52105021476746,3.21900010108948,-0.52167499065399,0.97240000963211,0.78182500600815,3.26796245574951,2.46895003318787,2.30395007133484,2.11695003509521,3.3229501247406,5.12700033187866,12.738000869751,3.73095011711121,-2.86995005607605,1.04665005207062,0.88288748264313,1.08446252346039,11.9910001754761,10.7539501190186,6.28605031967163,-0.78196251392365,-0.92482501268387,-0.99825000762939,-2.8833749294281,-3.48562502861023,-3.66409993171692,11.3269500732422,12.2310009002686,13.2360010147095,-11.2450504302979,-9.23505020141602,-5.19795036315918,0.69354999065399,0.21958750486374,-0.7541875243187,-8.14695072174072,-8.43900012969971,-6.04095029830933,1.04692494869232,2.08669996261597,2.22227501869202,-0.54505002498627,0.20638750493526,1.06878745555878,15.2299509048462,13.2340507507324,11.1810007095337,23.2669506072998,21.4120502471924,16.7029514312744,-1.60077500343323,-1.62153744697571,-1.35891246795654,-2.80605006217957,1.75200009346008,4.8550500869751,0.68901246786118,0.59743750095367,-0.08428750187159,3.75044989585876,3.18848752975464,2.85381245613098,3.43995022773743,3.45705008506775,4.09500026702881,7.8870005607605,2.50095009803772,-2.97495007514954,0.47602498531342,0.58973747491837,1.11017501354218,10.9140005111694,9.21795082092285,4.66395044326782,-0.18081249296665,-1.25234997272491,-1.85831248760223,-2.91884994506836,-4.05130004882813,-4.78307485580444,9.8700008392334,13.9969511032104,16.9409999847412,-12.3559503555298,-12.5520009994507,-5.1889500617981,STIR
-1.18181252479553,-1.16462504863739,-0.56608748435974,0.1489500105381,3.21600008010864,2.95500016212463,-1.1143000125885,-0.08318749815226,0.68653750419617,4.30636262893677,3.57706236839294,2.75852489471436,0.21705001592636,0.57495003938675,2.19105005264282,12.2640008926392,8.671950340271,3.62100028991699,1.6990875005722,1.55732500553131,1.37898755073547,14.484001159668,14.5540504455566,13.9099502563477,-0.0354750007391,-0.91025000810623,-1.33787500858307,-0.76614999771118,-1.68492496013641,-2.58651256561279,10.5990009307861,11.1760501861572,11.4460506439209,-14.7240009307861,-15.4780511856079,-12.1930503845215,0.55549997091293,0.65931248664856,0.32821249961853,3.22305011749268,-4.02104997634888,-4.11195039749146,1.30226254463196,1.111687541008,1.18745005130768,-1.78145003318787,-0.35571250319481,1.13973748683929,16.78005027771,14.5399503707886,9.58995056152344,16.7560501098633,15.5500507354736,15.1519508361816,-1.42614996433258,-1.2196249961853,-1.13905000686646,-4.36800003051758,-0.12600000202656,8.09805011749268,0.01828750036657,-0.67320001125336,-1.15458750724792,3.86292505264282,3.39858746528625,2.91238737106323,4.03605031967163,3.69300007820129,4.20105028152466,4.56900024414063,-0.97695004940033,-3.38205027580261,0.52373749017715,0.42350000143051,0.5823125243187,13.5970506668091,12.5410509109497,9.45000076293945,-1.04458749294281,-0.95301246643066,-0.7099124789238,-0.47533750534058,-1.76178753376007,-2.62803745269775,9.48900032043457,9.82905006408691,10.756950378418,-10.8649501800537,-11.1300001144409,-9.48405075073242,STIR
-1.45048749446869,-1.52872502803802,-1.4884375333786,-6.58695030212402,-3.97305011749268,-0.68805003166199,0.21257500350475,-0.14904999732971,0.03176249936223,3.43653750419617,3.9386875629425,3.38401246070862,3.61005020141602,2.1739501953125,1.81695008277893,10.4190006256104,7.86600017547607,2.02500009536743,0.91588747501373,1.17974996566772,1.06988751888275,11.1799507141113,12.4030504226685,11.778000831604,-1.00911247730255,-1.66773748397827,-2.00612497329712,-1.94149994850159,-2.57427501678467,-3.03489995002747,9.73095035552978,10.6300506591797,12.1309509277344,-14.2120504379272,-13.1479501724243,-9.81900024414062,0.28545001149178,-0.27651250362396,-1.17204999923706,-3.78000020980835,-1.38405001163483,-1.38000011444092,0.56677502393723,0.52043747901917,0.33838748931885,-2.10155010223389,-0.9091500043869,0.12196250259876,16.7680511474609,14.2440004348755,11.4340505599976,18.0169506072998,16.7509498596191,16.1550006866455,-1.85377502441406,-1.57767498493195,-1.27957499027252,-5.00505018234253,-1.26495003700256,2.47695016860962,0.56443750858307,-0.3091000020504,-1.23763751983643,2.88186240196228,3.67111253738403,4.14273738861084,1.21695005893707,0.0679500028491,0.19005000591278,9.49605083465576,4.04400014877319,0.01200000010431,0.86941248178482,1.01488745212555,1.03812503814697,10.4760007858276,11.907000541687,11.5990505218506,-0.32257500290871,0.42748749256134,0.03176249936223,0.44948750734329,-2.06112504005432,-2.96889996528625,7.77105045318604,10.6140003204346,12.5160007476807,-5.99295043945313,-9.69000053405762,-12.2890510559082,STIR
-1.57767498493195,-1.27957499027252,-0.77976250648499,-1.26495003700256,2.47695016860962,4.74495029449463,-0.3091000020504,-1.23763751983643,-1.67378747463226,3.67111253738403,4.14273738861084,3.89345002174377,0.0679500028491,0.19005000591278,1.57800006866455,4.04400014877319,0.01200000010431,-1.8510000705719,1.01488745212555,1.03812503814697,1.24822497367859,11.907000541687,11.5990505218506,9.93495082855225,0.42748749256134,0.03176249936223,-0.88577497005463,-2.06112504005432,-2.96889996528625,-3.76172494888306,10.6140003204346,12.5160007476807,16.2060012817383,-9.69000053405762,-12.2890510559082,-7.53405046463013,0.76436251401901,0.0362999998033,-0.76394999027252,-2.7529501914978,-1.49205005168915,-2.33700013160706,1.4305499792099,1.27902495861053,0.9345874786377,-2.12588739395142,-1.24134993553162,-0.38376250863075,17.5630512237549,15.4669504165649,13.1880006790161,15.3150005340576,13.4749507904053,13.8360004425049,-1.71572494506836,-1.4334374666214,-1.25510001182556,-3.24105024337769,2.35500001907349,5.51295042037964,-0.0867625027895,-0.51686251163483,-0.42638748884201,4.50670003890991,4.82927513122559,4.36507511138916,0.86295002698898,-0.79005002975464,0.53205001354218,9.12495040893555,5.28600025177002,2.6140501499176,1.24327504634857,1.30927503108978,1.15775001049042,12.3570003509521,14.403000831604,14.0080509185791,-0.62438750267029,-2.15269994735718,-2.23574995994568,0.15496249496937,-1.58963751792908,-2.50951242446899,7.89105033874512,10.0939502716064,11.7430505752563,-16.6819515228271,-16.2030010223389,-12.1710004806519,STIR
-1.4334374666214,-1.25510001182556,-0.72490000724792,2.35500001907349,5.51295042037964,6.35100030899048,-0.51686251163483,-0.42638748884201,0.05376249924302,4.82927513122559,4.36507511138916,3.53058743476868,-0.79005002975464,0.53205001354218,2.34105014801025,5.28600025177002,2.6140501499176,-0.83100003004074,1.30927503108978,1.15775001049042,0.90859997272491,14.403000831604,14.0080509185791,12.5890502929688,-2.15269994735718,-2.23574995994568,-1.8240749835968,-1.58963751792908,-2.50951242446899,-3.47462487220764,10.0939502716064,11.7430505752563,14.2030506134033,-16.2030010223389,-12.1710004806519,-7.27095031738281,0.76931250095367,0.55797499418259,-0.60995000600815,-5.20800018310547,-4.36094999313354,0.4240500330925,0.65477502346039,0.91987496614456,1.07511246204376,-1.5908750295639,-0.7233874797821,0.62287497520447,16.7440509796143,13.5570011138916,10.6930503845215,17.1169509887695,18.409049987793,17.4810009002686,-2.25816249847412,-2.1041624546051,-1.66553747653961,-0.59700000286102,1.81905007362366,3.25200009346008,0.03781250119209,-0.19057500362396,-0.16981250047684,3.4047749042511,3.77863740921021,3.60263752937317,0.37005001306534,-0.69405001401901,-0.12495000660419,7.75605058670044,4.94205045700073,2.44395017623901,0.97817498445511,1.294562458992,1.51813745498657,9.42300033569336,10.1290502548218,10.3519506454468,0.29438748955727,-1.1032999753952,-1.48926246166229,-0.9286749958992,-2.56080007553101,-3.0801374912262,9.19200038909912,12.0210008621216,13.5349502563477,-12.2890510559082,-15.8400011062622,-12.178050994873,STIR
-1.87811243534088,-1.25510001182556,-0.62218749523163,1.59105002880096,3.0990002155304,6.47100019454956,0.30167499184608,0.19304999709129,-0.46186250448227,3.50734996795654,3.20319986343384,2.13537502288818,1.44900012016296,1.87500011920929,3.80100011825562,4.03995037078857,0.16095000505447,-6.5310001373291,0.9953625202179,1.17369997501373,1.29098749160767,9.94500064849854,7.4850001335144,5.73795032501221,-1.60421252250671,-1.65178751945496,-1.64078748226166,-2.18817496299744,-2.69527506828308,-3.33052492141724,9.61605072021484,11.8770008087158,14.5090503692627,-12.1450510025024,-9.83805084228516,-7.10100030899048,1.33732497692108,0.48702499270439,-0.89099997282028,-4.72200012207031,-1.62795007228851,0.27795001864433,0.31638750433922,0.76958751678467,1.07263743877411,-1.31229996681213,-0.34828749299049,0.49953749775887,19.3309516906738,16.4950504302979,12.9160509109497,18.3679504394531,17.8780517578125,16.7920513153076,-2.26421236991882,-2.01740002632141,-1.65453743934631,-3.77700018882751,-1.98495006561279,0.68505001068115,-0.01347499992698,-0.39957499504089,-0.50091248750687,2.8610999584198,3.70658755302429,3.95945000648499,2.67600011825562,1.0440000295639,0.78600001335144,9.23895072937012,7.73400020599365,5.03805017471313,0.53955000638962,0.83160001039505,0.92317497730255,9.94305038452148,11.7090005874634,12.2760009765625,-0.58396250009537,-0.60596251487732,-0.5681499838829,1.44141244888306,0.2576749920845,-1.17906248569489,7.18905019760132,9.05100059509277,10.0990505218506,-8.8879508972168,-11.0800504684448,-12.1039505004883,STIR
-1.61301243305206,-1.36619997024536,-1.07428753376007,-6.55095052719116,-0.56400001049042,5.35095024108887,-0.35310000181198,-0.40438750386238,-0.17352500557899,3.31072497367859,2.74381256103516,2.02551245689392,2.99700021743774,2.65695023536682,3.61695027351379,5.0590500831604,1.73805010318756,-1.06305003166199,0.8291249871254,1.14317500591278,0.92936247587204,11.3710508346558,10.0960502624512,9.35205078125,-1.90464997291565,-2.45685005187988,-2.32127499580383,-1.38558745384216,-1.80221247673035,-2.10031247138977,9.91005039215088,11.0250005722046,12.985050201416,-13.4610004425049,-11.0179500579834,-6.91605043411255,0.59950000047684,0.57997500896454,0.07535000145435,-4.97100019454956,-7.93395042419434,-6.56700038909912,0.42267498373985,0.79406249523163,0.8038250207901,-2.52174997329712,-1.08872497081757,0.07562500238419,18.6709499359131,16.6270503997803,13.6260004043579,14.2069511413574,15.4590005874634,14.8720502853394,-1.66072499752045,-1.50067496299744,-1.1866250038147,-6.85005044937134,-4.45905017852783,-1.30800008773804,0.59001249074936,-0.05252499878407,-0.32010000944138,2.66323757171631,2.99667501449585,2.67052507400513,3.34395027160645,2.9280002117157,2.96400022506714,6.80805015563965,4.82895040512085,1.57500004768372,0.83531248569489,0.8095999956131,0.7595499753952,10.5940504074097,11.2800006866455,9.41595077514648,-2.29322504997253,-2.10870003700256,-1.16682493686676,-1.54068744182587,-2.46317505836487,-3.38304996490479,9.44400024414062,10.3429508209229,14.1480007171631,-9.79305076599121,-5.93805027008057,-2.51295018196106,STIR
-1.02904999256134,-0.83723747730255,-0.55508750677109,-6.6870002746582,-4.01894998550415,-0.70695000886917,1.09092497825623,-0.0244750007987,-0.70248746871948,2.0462749004364,2.86233758926392,3.53663754463196,5.31795024871826,4.71495008468628,3.37500023841858,6.8710503578186,5.47095012664795,5.70000028610229,-0.08470000326633,0.51521247625351,0.97817498445511,8.95395088195801,9.06405067443848,10.1599502563477,0.73782497644424,-0.50709998607635,-1.54068744182587,1.07126247882843,0.26124998927116,-1.68492496013641,4.45395040512085,7.74195051193237,10.0180501937866,-3.04200005531311,-11.1259508132935,-11.7739505767822,0.2549250125885,0.14011250436306,0.35763749480247,5.9389500617981,-0.35505002737045,-4.78695011138916,1.08611249923706,0.77082496881485,-0.1357125043869,-3.91448736190796,-1.48940002918243,-0.16142499446869,18.1470012664795,16.0050010681152,13.3080005645752,13.0939502716064,8.66295051574707,8.8279504776001,-2.08711242675781,-1.64230000972748,-1.15238749980927,-7.54095029830933,-6.76605033874512,1.11495006084442,1.06411254405975,0.0867625027895,-0.36286249756813,2.61923742294312,2.95391249656677,3.34977507591248,4.16205024719238,3.66705012321472,3.5550000667572,7.23705053329468,4.41105031967163,4.00605010986328,0.10230000317097,0.33797499537468,0.61173748970032,12.2040004730225,12.6630010604858,11.9890508651733,0.05128749832511,-0.27004998922348,-1.14606249332428,1.12255001068115,0.47753748297691,-0.22371250391006,6.71805047988892,7.72305059432983,8.67795085906982,-6.04995012283325,-9.64200019836426,-13.0590009689331,STIR
-0.49513748288155,-0.1567499935627,0.10230000317097,7.08600044250488,10.2559509277344,12.2040004730225,0.05376249924302,0.08057499676943,0.05128749832511,2.63257503509521,1.78846251964569,1.12255001068115,3.66495013237,5.05695009231567,6.71805047988892,0.46905001997948,-2.9800500869751,-6.04995012283325,0.76078748703003,0.5713124871254,0.48949998617172,11.1250505447388,9.2629508972168,6.55005025863647,-2.39951252937317,-1.97188746929169,-1.33663749694824,-1.37335002422333,-2.07831239700317,-2.79784989356995,9.91695022583008,11.2620000839233,13.0879507064819,-9.74505043029785,-5.31795024871826,-2.81700015068054,0.75459998846054,0.09982500225306,-1.37238752841949,-4.70100021362305,-4.11195039749146,-6.2590503692627,0.70248746871948,1.89488744735718,1.84593749046326,0.33948749303818,1.35959994792938,1.87151253223419,13.252950668335,8.78999996185303,7.34295034408569,16.0639514923096,14.3770503997803,10.7140502929688,-1.14633750915527,-0.74690002202988,0.12787500023842,3.39300012588501,4.36199998855591,7.42995023727417,-0.03795000165701,0.12457499653101,-0.57062500715256,1.96198749542236,1.24602496623993,0.12196250259876,3.31095004081726,4.91400003433228,8.16795063018799,1.84095013141632,-1.64505004882813,-8.03400039672852,0.64831250905991,0.50050002336502,0.46626248955727,9.60000038146973,8.028000831604,6.2839503288269,-1.58702504634857,-1.36097502708435,-1.12406253814697,-2.46070003509521,-2.70132493972778,-2.91761255264282,11.9629507064819,13.123950958252,14.4930009841919,-4.71000003814697,-2.26005005836487,-0.47505003213882,STIR
-0.91671252250671,-0.74442499876022,-0.67718750238419,-9.52500057220459,-7.44300031661987,-3.85905027389526,1.14839994907379,0.44714999198914,0.00123749999329,2.59352493286133,3.02238750457764,2.92957496643066,4.06905031204224,3.52605009078979,3.21195006370544,7.80405044555664,5.96805047988892,2.95995020866394,0.41497498750687,0.97817498445511,0.78883749246597,10.8540000915527,11.8399505615234,11.9599504470825,-2.04765009880066,-2.19546246528625,-1.42092502117157,-0.88948750495911,-1.62497496604919,-2.7502748966217,9.73995018005371,10.2499504089355,13.0740003585815,-11.9440507888794,-7.92405033111572,-3.39195013046265,0.49678748846054,-0.05169999971986,-0.96071249246597,-4.96695041656494,-6.53895044326782,-5.07705020904541,1.02368748188019,1.55402493476868,1.95841252803802,0.53130000829697,0.86116248369217,1.3888875246048,12.127950668335,10.2600002288818,8.2300500869751,16.7580013275146,15.8530511856079,14.5090503692627,-0.86528748273849,-0.87271249294281,-0.72847497463226,-1.68105006217957,1.84005010128021,4.63305044174194,-0.20281249284744,-0.26399999856949,-0.14671249687672,2.89038753509521,2.80252504348755,2.46276259422302,2.83695006370544,2.41800022125244,2.34405016899109,5.25795030593872,5.32005023956299,3.3120002746582,0.3587374985218,0.57378751039505,0.71431249380112,10.8469505310059,10.7280006408691,10.3210506439209,-0.53267496824265,-0.5791500210762,-0.92248749732971,-0.66233748197556,-1.76673746109009,-2.83332490921021,10.0039501190186,11.4610509872437,14.1960010528564,-7.77495050430298,-9.28800010681152,-8.92905044555664,STIR
-0.86528748273849,-0.87271249294281,-0.72847497463226,-1.68105006217957,1.84005010128021,4.63305044174194,-0.20281249284744,-0.26399999856949,-0.14671249687672,2.89038753509521,2.80252504348755,2.46276259422302,2.83695006370544,2.41800022125244,2.34405016899109,5.25795030593872,5.32005023956299,3.3120002746582,0.3587374985218,0.57378751039505,0.71431249380112,10.8469505310059,10.7280006408691,10.3210506439209,-0.53267496824265,-0.5791500210762,-0.92248749732971,-0.66233748197556,-1.76673746109009,-2.83332490921021,10.0039501190186,11.4610509872437,14.1960010528564,-7.77495050430298,-9.28800010681152,-8.92905044555664,0.80231249332428,-0.08717499673367,-0.89099997282028,-0.03705000132322,-4.50705003738403,-5.45700025558472,0.6682500243187,0.98463749885559,1.94122493267059,-0.35694998502731,0.39930000901222,1.52212500572205,12.9490509033203,10.7070007324219,7.00800037384033,14.9490003585815,15.9040508270264,17.0119514465332,-0.86171251535416,-0.50737500190735,-0.20198750495911,-0.09900000691414,6.20700025558472,8.58795070648193,-0.25409999489784,-0.8955374956131,-0.88701248168945,3.26053738594055,3.1469624042511,2.71204996109009,2.44695019721985,2.77005004882813,4.39200019836426,2.19195008277893,-0.48900002241135,-1.00800001621246,0.65450000762939,0.83654999732971,0.92317497730255,11.4840002059937,10.4910001754761,9.85905075073242,-1.18758749961853,-1.41473746299744,-1.38668751716614,-0.91643750667572,-1.89007496833801,-2.84185004234314,10.1419506072998,11.2650003433228,12.7030506134033,-12.0990009307861,-12.0490503311157,-10.2690000534058,STIR
-1.60572504997253,-1.52020001411438,-1.13409996032715,-5.43795013427734,-1.41300010681152,3.8860502243042,0.32120001316071,-0.36286249756813,-0.71843749284744,3.24101257324219,3.07491254806519,2.71452498435974,3.13095021247864,1.774050116539,1.93905007839203,7.26495027542114,2.50305008888245,0.24495001137257,0.92193746566772,1.20917499065399,1.17617499828339,9.96900081634522,10.3519506454468,9.04995059967041,-1.5222624540329,-1.9181250333786,-1.90836250782013,-1.4161125421524,-2.0685498714447,-2.46551251411438,9.85305023193359,10.6210508346558,12.2430009841919,-11.2189502716064,-9.80505084991455,-7.11300039291382,0.91712498664856,0.99164998531342,1.08322501182556,-1.41495001316071,-6.04605007171631,-9.38895034790039,0.19538749754429,0.76958751678467,0.83682501316071,-2.89066243171692,-2.05631256103516,-0.94572502374649,20.2810516357422,19.3620014190674,17.0389499664307,8.2630500793457,11.4910507202148,11.050950050354,-1.70348751544952,-1.7462500333786,-1.7742999792099,-6.71295022964478,-5.45205020904541,-2.6290500164032,0.86611247062683,-0.00618749996647,-0.47162500023842,2.31866240501404,3.12743759155273,3.62958741188049,5.52405023574829,3.46395015716553,1.09500002861023,12.6349506378174,8.71305084228516,7.04805040359497,0.32216250896454,0.47121250629425,0.88536250591278,10.1530504226685,11.7799501419067,9.53295040130615,-0.37386250495911,-0.52786248922348,-1.1813999414444,0.25025001168251,-2.11007499694824,-2.72084999084473,8.03205013275146,10.8700504302979,11.9560508728027,-5.76300048828125,-12.0040502548218,-13.2769508361816,STIR
-1.79135000705719,-1.42243754863739,-0.17379999160767,4.15200042724609,5.07105016708374,8.12595081329346,-0.22976249456406,-0.15399999916553,-0.68791252374649,3.00162506103516,2.44090008735657,1.3388375043869,1.6189501285553,2.49900007247925,5.713050365448,4.98195028305054,1.45800006389618,-5.50500011444092,1.10769999027252,1.11622500419617,1.07098746299744,8.99295043945313,7.58595037460327,6.43005037307739,-1.63473749160767,-1.11539995670319,0.30786249041557,-3.63109993934631,-4.31516265869141,-3.96701240539551,14.5480508804321,16.5270004272461,18.4789505004883,-6.61500024795532,-1.55895006656647,9.13199996948242,-1.08404994010925,-1.89763748645782,-1.63996243476868,-5.49105024337769,-7.96500015258789,-8.1540002822876,1.80688750743866,2.42508745193481,1.92774999141693,0.78911250829697,1.34007501602173,2.20866250991821,8.62005043029785,7.25595045089722,6.75405025482178,19.4790000915527,17.260950088501,11.7229509353638,-0.942287504673,-0.62466251850128,-0.12498749792576,5.37195014953613,7.12095022201538,8.32695007324219,0.42638748884201,0.88687497377396,0.60953748226166,3.14324998855591,2.35166239738464,1.72493743896484,2.31795001029968,3.05205011367798,4.22504997253418,5.14005041122437,1.29300010204315,-5.42295026779175,0.73878747224808,0.67526251077652,0.76683747768402,12.4840507507324,9.76995086669922,8.1739501953125,-1.4832124710083,-1.40497493743896,-1.18263745307922,-3.20347499847412,-3.58338737487793,-4.37511253356934,10.7500505447388,12.6810007095337,18.1249504089355,-7.79700040817261,-6.54600048065186,0.82800006866455,STIR
-0.88494998216629,-0.74442499876022,-0.40603750944138,5.3100004196167,8.91405010223389,9.90000057220459,-0.44962498545647,-0.42281249165535,-0.55110001564026,3.46101236343384,2.88557505607605,2.37971258163452,1.73805010318756,2.11905002593994,2.89695024490356,3.1230001449585,1.00995004177094,-2.08500003814697,1.15417504310608,1.34475004673004,1.43027496337891,10.7470502853394,10.4310007095337,9.84495067596436,-0.48138749599457,-1.36963748931885,-2.22598743438721,-1.546875,-2.27988743782043,-2.37146258354187,8.77395057678223,10.2550506591797,12.3649501800537,-13.06605052948,-15.4180507659912,-14.3490009307861,0.71307498216629,0.95617496967316,0.67883747816086,-2.45595002174377,-5.69895029067993,-3.74895024299622,0.75253748893738,0.29686251282692,0.79530000686646,-2.29212498664856,-0.82719999551773,1.3888875246048,22.2240009307861,19.6639518737793,10.8409509658813,12.3550510406494,13.5679502487183,18.1819515228271,-2.17263746261597,-1.27338755130768,-0.66866248846054,-4.03095006942749,3.07995009422302,5.72400045394897,-0.22728750109673,-0.36533749103546,-0.41057500243187,3.66135001182556,3.10667490959167,1.5416499376297,0.63795000314713,1.57095003128052,5.713050365448,2.96805024147034,-0.61605000495911,-5.64795017242432,1.2115124464035,0.95617496967316,0.87931251525879,10.9600505828857,8.73405075073242,7.06395053863525,-1.89131247997284,-1.92417502403259,-1.62249994277954,-2.76979994773865,-3.47352504730225,-4.12458753585815,10.9030504226685,13.0860004425049,15.76305103302,-10.4239501953125,-7.35000038146973,-2.39595007896423,STIR
-1.98687493801117,-1.82311248779297,-1.49448752403259,-7.16100025177002,-3.25305008888245,-0.56805002689362,0.65848749876022,0.5655375123024,0.30043751001358,3.19343757629395,3.41577506065369,2.68523740768433,1.66395008563995,0.95805007219315,1.85595011711121,9.3850507736206,6.10200023651123,-1.36995005607605,1.17617499828339,1.51208746433258,1.48637497425079,11.2440004348755,9.74595069885254,9.52200031280518,-0.7429124712944,-0.88096249103546,-1.2974499464035,-1.52240002155304,-2.63903737068176,-3.14366245269775,9.20895004272461,10.2840003967285,11.8390502929688,-9.16095066070557,-10.4560508728027,-10.6020002365112,1.24093747138977,1.11870002746582,0.71555000543594,0.82605004310608,-2.85600018501282,-2.55195021629334,0.00604999996722,0.4959625005722,0.18933749198914,-3.7899124622345,-2.55598759651184,-1.27077496051788,21.2650508880615,19.7590503692627,16.0579509735107,13.6710004806519,14.4820508956909,13.4940004348755,-2.4169750213623,-2.27521252632141,-1.83906245231628,-7.57500028610229,-6.69705009460449,-4.31295013427734,1.98274993896484,2.00598740577698,1.40497493743896,2.0963249206543,2.51294994354248,2.84157490730286,6.9190502166748,4.87604999542236,3.42495012283325,17.545051574707,12.1440010070801,6.65505027770996,-0.4658499956131,-0.02969999983907,0.35763749480247,10.2540006637573,11.0770502090454,11.7949504852295,-0.33605000376701,-0.11371249705553,-0.20528750121593,2.43966245651245,1.49888753890991,0.72187501192093,3.6910502910614,5.70105028152466,7.15605020523071,-2.77005004882813,-4.70504999160767,-7.95300054550171,STIR
-0.8787624835968,-0.4658499956131,-0.02969999983907,8.88300037384033,10.2540006637573,11.0770502090454,-0.48633748292923,-0.33605000376701,-0.11371249705553,3.08467507362366,2.43966245651245,1.49888753890991,2.32500004768372,3.6910502910614,5.70105028152466,-2.00894999504089,-2.77005004882813,-4.70504999160767,0.7705500125885,0.72159999608994,1.02464997768402,11.4019508361816,9.64605045318604,4.69695043563843,-1.33787500858307,-0.70015001296997,-0.34705001115799,-2.67327499389648,-3.84972500801086,-4.49240016937256,10.4080505371094,14.5519504547119,17.215950012207,-9.82095050811768,-3.37305021286011,1.64895009994507,-0.87628751993179,-1.37609994411469,-1.69606244564056,-4.91100025177002,-6.93105030059814,-6.14100027084351,0.29562500119209,1.0506374835968,1.27049994468689,1.91674995422363,2.18308758735657,2.86838746070862,9.68505001068115,7.0770001411438,3.33705019950867,20.0080509185791,18.2680511474609,8.66805076599121,0.02653750032187,0.74731248617172,0.92688751220703,10.5820503234863,11.8620004653931,12.0480003356934,0.00728749996051,-0.4448125064373,-0.95548748970032,1.34860002994537,0.65230000019073,0.06943749636412,6.12495040893555,7.3279504776001,8.08395004272461,-7.27995014190674,-9.63000011444092,-11.1379508972168,0.75459998846054,0.85483747720718,0.91588747501373,6.06600046157837,4.15200042724609,1.75905013084412,-0.93830001354218,-0.93582499027252,-1.24258744716644,-3.08866238594055,-3.52357506752014,-3.72143745422363,12.9490509033203,14.356050491333,16.9530010223389,-6.37605047225952,-4.0570502281189,-0.31905001401901,STIR
-0.26798748970032,0.08882500231266,0.41992500424385,11.66100025177,11.9140501022339,12.0319509506226,-0.29576250910759,-0.04042499884963,-0.6182000041008,3.21172499656677,2.18061256408691,0.10615000128746,4.17405033111572,6.07905006408691,8.36205005645752,-3.60900020599365,-6.22695016860962,-13.7770509719849,1.1394624710083,1.18222498893738,1.25427496433258,6.97095012664795,5.09505033493042,3.02505016326904,-1.67983746528625,-1.74707496166229,-1.79478752613068,-3.47957491874695,-4.14177513122559,-4.66702508926392,12.2740507125854,14.26305103302,16.7830505371094,-8.18205070495605,-4.4040002822876,1.62495005130768,-0.19703750312328,-1.2783374786377,-2.01382493972778,-3.18105006217957,-2.15505003929138,-3.77700018882751,0.14781250059605,1.09092497825623,1.67365002632141,-0.25176250934601,0.3077250123024,1.18497502803802,11.8129501342773,9.47700023651123,7.88295030593872,21.457950592041,22.2690010070801,19.2750015258789,-1.36510002613068,-1.07428753376007,-0.7566624879837,1.48905003070831,4.86705017089844,7.67895030975342,0.13557499647141,0.33715000748634,0.52648746967316,3.81768751144409,3.82621240615845,3.44024991989136,2.48505020141602,2.51100015640259,3.23895025253296,6.55500030517578,4.16205024719238,0.28800001740456,1.21027493476868,1.1944625377655,1.1944625377655,12.271050453186,11.038950920105,8.33505058288574,-0.64515000581741,-1.33292496204376,-1.68478751182556,-2.07707500457764,-3.55781245231628,-3.91324996948242,10.3410005569458,13.5520505905151,15.1819505691528,-11.050950050354,-10.957950592041,-5.95395040512085,STIR
-1.41019999980927,-0.34003749489784,0.47726249694824,5.41500043869019,8.06205081939697,9.28200054168701,0.7012500166893,0.76477497816086,0.14409999549389,3.18724989891052,2.36637496948242,1.95456254482269,1.4230500459671,2.84205007553101,4.68600034713745,2.24505019187927,-2.85105013847351,-8.49795055389404,1.3362250328064,1.28246247768402,1.12117505073547,10.7179508209229,9.86400032043457,8.43795013427734,-0.78443747758865,-0.71348750591278,-1.61026251316071,-1.98302495479584,-2.9603750705719,-3.72267508506775,10.5010509490967,11.6089506149292,15.7699508666992,-11.4130506515503,-10.3380002975464,-7.0290002822876,0.2231625020504,-1.69001245498657,-2.36802506446838,-2.3970000743866,-2.39400005340576,-4.90694999694824,0.23938749730587,1.38531243801117,1.93764996528625,-0.63305002450943,0.39930000901222,2.11832499504089,6.93795013427734,5.86605024337769,5.10300016403198,22.276050567627,21.9630012512207,13.7239503860474,-0.39737498760223,-0.00769999995828,0.41126251220703,8.14095020294189,12.01305103302,11.4430503845215,-0.08071249723434,-0.22123749554157,-0.48510000109673,2.64123749732971,1.75051248073578,0.9589250087738,5.6050500869751,6.7350001335144,7.51005029678345,-5.94495010375977,-7.56705045700073,-9.98205089569092,1.04665005207062,1.18098747730255,1.3532749414444,6.23805046081543,4.67295026779175,2.63505005836487,-0.11604999750853,-0.3286249935627,-0.92248749732971,-3.28047490119934,-3.72638750076294,-4.07329988479614,11.1349506378174,12.9400510787964,15.5790004730225,-10.4290504455566,-10.2090005874634,-7.86195039749146,STIR
-1.13905000686646,-2.08463740348816,-2.02963757514954,-7.49100017547607,2.24895000457764,2.66100001335144,1.23749995231628,1.10687494277954,0.01223750039935,2.80128741264343,3.06762504577637,3.53058743476868,5.29905033111572,3.62205028533936,2.40105009078979,12.1519508361816,6.50895023345947,-3.19305014610291,0.55921250581741,1.05022501945496,1.16517496109009,12.2329502105713,10.7040004730225,9.15795040130615,-1.02135002613068,-1.34763753414154,-1.52845001220703,-1.3501124382019,-2.32498741149902,-3.59081244468689,8.66100025177002,9.76200008392334,13.827000617981,-13.2289505004883,-11.7810001373291,-6.36105012893677,0.90364998579025,-0.44137498736382,-1.92087495326996,-3.58095026016235,-0.35505002737045,0.37095001339912,-0.59262502193451,0.40314999222755,1.37197494506836,-0.68914997577667,0.35543748736382,1.14097499847412,16.5030002593994,12.6840009689331,9.06795024871826,21.178050994873,22.8580513000488,21.1300506591797,-1.84029996395111,-1.46272504329681,-1.09010004997253,-3.49005007743835,0.63405001163483,5.76705026626587,0.35420000553131,-0.2895750105381,-0.41786250472069,3.3767249584198,4.0497875213623,4.05226230621338,2.54205012321472,2.31495022773743,2.66400003433228,4.04400014877319,2.57505011558533,1.4479501247406,0.6153125166893,1.10274994373322,1.20903754234314,11.3140506744385,11.0220003128052,10.53600025177,-0.22481249272823,-0.23828749358654,-0.49114999175072,1.03097498416901,-1.9157874584198,-2.70503759384155,8.45100021362305,10.4850006103516,11.4180002212524,-9.22095012664795,-12.5680503845215,-13.3410005569458,STIR
-0.72118747234344,-0.40479999780655,0.12306249886751,9.31800079345703,10.9140005111694,10.6489505767822,-0.20405000448227,-0.29576250910759,-0.32504999637604,3.44630002975464,2.16713738441467,1.91551244258881,3.16500020027161,5.79195022583008,7.39005041122437,-0.09900000691414,-5.97105026245117,-7.61805057525635,1.11017501354218,1.33498752117157,1.39603745937347,9.65805053710938,4.6230001449585,3.78600025177002,-1.00306248664856,-1.24987494945526,-1.09711253643036,-3.24994993209839,-4.12953758239746,-5.12393760681152,13.8010501861572,16.4520015716553,18.1319999694824,-13.0260009765625,-8.46705055236816,-1.29300010204315,-0.2923249900341,-2.27149987220764,-2.28745007514954,1.03395009040833,-4.66305017471313,-8.71605014801025,0.03904999792576,0.60720002651215,1.08239996433258,1.13973748683929,2.20385003089905,3.30220007896423,8.21805000305176,7.01700019836426,5.05995035171509,19.1370010375977,18.9930000305176,11.9460000991821,-0.35832500457764,-0.00288749998435,0.30744999647141,5.06400012969971,9.82800006866455,12.4840507507324,0.02199999988079,-0.21133749186993,-0.30305001139641,3.28020000457764,2.77557492256165,2.17689990997314,4.79700040817261,4.96395015716553,6.13200044631958,-0.83400005102158,-3.68100023269653,-5.12895011901855,0.78512501716614,0.80712497234344,0.73012501001358,12.4150505065918,10.2250509262085,8.70600032806396,-1.18992495536804,-1.54302501678467,-1.46368753910065,-0.7539125084877,-1.64573752880096,-2.65003752708435,9.08205032348633,9.13500022888184,9.73605060577393,-11.9250001907349,-11.3149509429932,-8.82600021362305,STIR
-0.45237499475479,0.11439999938011,0.69726252555847,11.4690008163452,11.1769504547119,11.6059503555298,-0.17723749577999,0.07809999585152,0.17215000092983,3.49277496337891,2.68757510185242,1.83851253986359,2.27700018882751,4.08795022964478,5.83695030212402,-1.63500010967255,-4.2960000038147,-7.92405033111572,1.33980000019073,1.27874994277954,1.31903743743896,10.3420505523682,9.03795051574707,7.16895055770874,-1.66773748397827,-2.16122508049011,-2.33227491378784,-2.5694625377655,-3.3842875957489,-3.98530006408691,9.92505073547363,11.3820009231567,13.5139503479004,-16.6939506530762,-14.320050239563,-10.1490001678467,0.72778749465942,0.60073751211166,-0.4658499956131,-2.34195017814636,-3.29400014877319,0.27795001864433,-0.81853747367859,0.07328750193119,1.31449997425079,-2.62803745269775,-0.9592000246048,1.13355004787445,19.8910503387451,15.8730010986328,9.41205024719238,22.3930511474609,24.7429504394531,22.185001373291,-1.75601243972778,-1.56420004367828,-0.67594999074936,-2.67195010185242,2.4580500125885,8.94705009460449,-0.01471249945462,-0.02942499890924,0.53143751621246,3.90926241874695,3.68939995765686,1.81293749809265,0.44400003552437,0.58500003814697,3.42795014381409,3.90105009078979,2.23095011711121,-4.65495014190674,0.83407497406006,1.11993753910065,1.21893751621246,13.4550008773804,8.28404998779297,5.71905040740967,-1.20958745479584,-1.13506245613098,-1.28411245346069,-2.7355625629425,-4.26634979248047,-4.89554977416992,10.827000617981,15.5790004730225,19.2139511108398,-14.1379508972168,-8.91195011138916,-2.6620500087738,STIR
-1.67419993877411,-1.44072496891022,-0.87628751993179,6.03000020980835,8.30805015563965,9.52605056762695,0.13557499647141,0.06586249917746,0.23691250383854,4.29783725738525,3.65516257286072,2.8000500202179,0.30705001950264,0.77895003557205,2.4060001373291,3.72900009155273,0.52005004882813,-2.31195020675659,0.92936247587204,0.99646252393723,0.83888751268387,11.9530506134033,11.2800006866455,8.68200016021729,-1.56873750686646,-2.00117492675781,-1.69331252574921,-1.66416251659393,-3.40628743171692,-4.2688250541687,9.39105033874512,11.998950958252,14.22705078125,-15.7200012207031,-10.1280002593994,-5.31600046157837,1.0784125328064,-0.49637499451637,-1.47014999389648,-4.57605028152466,-0.49905002117157,-2.02605009078979,0.5460125207901,1.49778747558594,1.45873749256134,-0.60610002279282,1.45131254196167,2.37490010261536,14.6670007705688,8.81895065307617,6.52395009994507,23.3700008392334,17.7730503082275,14.0110502243042,-1.20738744735718,-0.96428751945496,-0.40479999780655,4.09905004501343,7.30095052719116,7.85400056838989,0.25286251306534,-0.01952499896288,-0.42515000700951,3.79211258888245,3.24720001220703,2.74876236915588,1.20705008506775,1.45095002651215,1.99005007743835,2.17994999885559,-0.46005001664162,-3.57105016708374,1.08446252346039,1.12241244316101,1.13451254367828,11.3760004043579,11.3160009384155,9.67200088500977,-0.43133750557899,-0.65367501974106,-1.19982504844666,-0.83572500944138,-1.89131247997284,-2.67079997062683,8.62800025939941,9.71895027160644,11.121000289917,-11.4649505615234,-12.8650503158569,-13.5930004119873,STIR
-1.32838749885559,-0.94847500324249,-0.23622499406338,0.42600002884865,5.30505037307739,8.48295021057129,0.75253748893738,1.31697499752045,0.19415000081062,4.36507511138916,3.29353737831116,1.97408747673035,1.38705003261566,2.40105009078979,5.11695003509521,4.54005002975464,0.40005001425743,-13.2070503234863,0.84136247634888,0.56402498483658,0.72778749465942,12.1230001449585,9.23895072937012,5.21400022506714,-1.41240000724792,-1.08858752250671,-0.42281249165535,-3.17899990081787,-3.50886249542236,-4.11853742599487,10.1380500793457,11.6910009384155,14.6940002441406,-12.621000289917,-8.29500007629395,-2.43705010414124,1.27503752708435,0.4809750020504,-0.62961250543594,-6.97905015945435,-5.671950340271,-3.94995021820068,0.93940001726151,1.08611249923706,1.0506374835968,-1.89007496833801,-0.51686251163483,0.49953749775887,20.5470008850098,17.9029502868652,14.8300504684448,16.4560508728027,17.6220016479492,16.1310005187988,-2.28745007514954,-2.01258754730225,-1.64477503299713,3.04905009269714,6.40605020523071,9.86100006103516,-0.39586248993874,-0.39214998483658,-0.22481249272823,3.56606245040894,3.8139750957489,3.28996253013611,2.05200004577637,0.35505002737045,0.97500002384186,7.82505035400391,1.75905013084412,-1.16400003433228,1.36179995536804,1.75518751144409,1.64285004138947,8.62395000457764,7.08600044250488,4.84095001220703,-1.62373745441437,-2.13922500610352,-2.01588749885559,-2.12341237068176,-3.74591255187988,-4.78073740005493,10.7880001068115,15.4570503234863,19.1089515686035,-18.4309501647949,-9.04395008087158,-2.31705021858215,STIR
-2.37654995918274,-2.18487501144409,-1.77553749084473,-3.67695021629334,-1.92495012283325,4.50795030593872,0.88563752174377,0.18314999341965,-0.11604999750853,3.7175874710083,4.36988735198975,4.00221252441406,2.73600006103516,1.28595006465912,1.63995003700256,8.08395004272461,0.16800001263618,-3.32895016670227,0.71431249380112,1.06122493743896,1.28851246833801,13.396050453186,12.373950958252,11.6730003356934,-1.11539995670319,-2.68042492866516,-2.58279991149902,0.03533750027418,-1.72397494316101,-2.6195125579834,6.77805042266846,8.65605068206787,10.3410005569458,-15.8250007629395,-13.5660009384155,-9.25695037841797,1.22127497196198,1.16627502441406,0.23911249637604,-1.38900005817413,-3.6910502910614,-0.99000006914139,-0.44110000133514,-0.0622874982655,0.41772499680519,-2.16507506370544,-0.37881249189377,1.45131254196167,19.699951171875,15.3250503540039,7.764000415802,17.22705078125,18.5239505767822,16.1329498291016,-2.33144998550415,-1.20009994506836,-0.71142500638962,-3.28005003929138,5.0179500579834,8.17905044555664,-0.83819997310638,-1.13135004043579,-0.81620001792908,4.51412487030029,4.62769985198975,4.18055009841919,1.48500001430511,1.57605004310608,2.70795011520386,3.37200021743774,2.10900020599365,1.47000002861023,1.44856250286102,1.3055624961853,1.29951250553131,12.6829509735107,13.7160005569458,12.2490005493164,-0.09047500044107,-0.19923749566078,-0.49843749403954,0.58877497911453,-0.81386250257492,-2.47046256065369,9.00600051879883,9.92700004577637,10.7329502105713,-10.2330007553101,-12.9199504852295,-14.4109506607056,STIR
-0.18122500181198,0.50545001029968,1.19198751449585,9.45000076293945,9.7900505065918,10.7080507278442,-0.41414999961853,-0.27128750085831,-0.21381250023842,3.16167497634888,2.11103749275208,1.45131254196167,4.12395000457764,5.73495006561279,7.77600049972534,-0.70905005931854,-4.36605024337769,-7.76805019378662,1.2335125207901,1.23475003242493,1.34227502346039,10.8970508575439,8.53995037078857,6.0400505065918,-0.97377496957779,-1.48692500591278,-1.98769998550415,-3.51133751869202,-3.83267498016357,-4.34087514877319,11.4490509033203,12.8299503326416,15.2059507369995,-14.6910009384155,-12.7890005111694,-8.74695014953613,1.07222497463226,0.21711249649525,-0.95328748226166,-5.40900039672852,-3.08595013618469,-2.22900009155273,1.77993750572205,2.159987449646,1.75793743133545,-2.03060007095337,-1.09106254577637,-0.03918749839067,18.4120502471924,15.9400510787964,12.8629503250122,23.0080509185791,20.0650501251221,16.2030010223389,-2.12135004997253,-2.25939989089966,-2.11268758773804,-1.62405002117157,4.42500019073486,7.48800039291382,0.39462500810623,0.13928750157356,-0.23457500338554,3.75044989585876,3.92273736000061,3.59039998054504,3.10500025749207,0.57495003938675,1.17405009269714,10.6579504013062,3.28605008125305,-0.61800003051758,0.4809750020504,1.08446252346039,1.1004124879837,12.6420001983643,10.4809503555298,9.81105041503906,-0.33357501029968,-1.19116246700287,-2.79771256446838,-2.18336248397827,-3.02994990348816,-3.82167506217957,8.9239501953125,9.52305030822754,12.3679504394531,-15.9660005569458,-17.1990013122559,-9.49095058441162,STIR
-2.13468742370605,-2.20440006256104,-2.0150625705719,-2.05695009231567,0.05295000225306,2.13705015182495,1.26692497730255,0.83682501316071,0.42515000700951,2.96986246109009,3.43529987335205,3.81287503242493,3.76995015144348,1.14705002307892,-0.47895002365112,11.4790506362915,7.38495016098022,4.2049503326416,0.1363999992609,0.43202498555183,1.08941245079041,12.2020502090454,13.1800508499146,8.84895038604736,-0.09047500044107,-0.71224999427795,-1.38792502880096,0.49706250429153,-1.58221244812012,-2.26036238670349,7.54395055770874,10.312050819397,11.320050239563,-11.496000289917,-15.0040502548218,-15.1339511871338,1.29827499389648,1.26651251316071,-0.31679999828339,0.03405000269413,-2.53095006942749,0.4240500330925,-0.36286249756813,0.99316251277924,1.19968748092651,-1.99154996871948,-0.15289999544621,0.60334998369217,17.5270500183105,12.1399507522583,10.1380500793457,16.5330009460449,18.2440509796143,16.7440509796143,-1.16833746433258,-1.09504997730255,-0.80066251754761,-0.22605000436306,2.88405013084412,5.33205032348633,0.43972501158714,0.26757499575615,0.27486249804497,3.03819990158081,3.29972505569458,3.40106248855591,3.07095003128052,2.87505006790161,2.40405011177063,6.78000020980835,5.02305030822754,2.67105007171631,0.35268750786781,0.56526249647141,0.81936252117157,12.7879505157471,12.997950553894,11.9980506896973,0.67196249961853,0.64377498626709,0.01457499992102,0.90268748998642,-0.33605000376701,-1.40992498397827,7.08705043792725,8.27595043182373,9.38400077819824,-8.56995010375977,-12.6979503631592,-16.7269515991211,STIR
-1.09504997730255,-0.80066251754761,-0.37427499890327,2.88405013084412,5.33205032348633,8.27505016326904,0.26757499575615,0.27486249804497,0.27610000967979,3.29972505569458,3.40106248855591,3.12496256828308,2.87505006790161,2.40405011177063,2.6140501499176,5.02305030822754,2.67105007171631,-0.2119500041008,0.56526249647141,0.81936252117157,0.91712498664856,12.997950553894,11.9980506896973,11.0190000534058,0.64377498626709,0.01457499992102,-0.95658749341965,-0.33605000376701,-1.40992498397827,-2.14912509918213,8.27595043182373,9.38400077819824,10.3980007171631,-12.6979503631592,-16.7269515991211,-18.3469505310059,0.95988750457764,0.66549998521805,-0.90818750858307,-2.10705018043518,-7.59900045394897,-1.25505006313324,-0.30057498812675,0.71101248264313,1.01639997959137,-1.66526246070862,0.99673748016357,1.71764993667603,17.6370010375977,12.1480503082275,8.92200088500977,22.2450008392334,21.7399501800537,19.1170501708984,-1.45914995670319,-0.71142500638962,-0.01622499898076,5.43900012969971,7.28895044326782,8.65305042266846,0.40067499876022,0.35914999246597,-0.7537750005722,2.77681255340576,2.10485005378723,1.09078752994537,1.60395002365112,3.5590500831604,6.76605033874512,-0.55605000257492,-5.06895017623901,-11.9370002746582,1.29827499389648,1.36179995536804,1.32027494907379,8.24805068969727,5.24505043029785,4.03200006484985,-1.71902501583099,-2.24070000648499,-2.35922503471375,-3.60786247253418,-4.24063730239868,-4.39216232299805,14.146050453186,16.7200508117676,19.0990505218506,-9.57300090789795,-5.65305042266846,2.050950050354,STIR
-1.75601243972778,-1.97229993343353,-1.50919997692108,-5.99100017547607,-1.28595006465912,2.00100016593933,0.77453750371933,0.90763747692108,0.78182500600815,3.71868753433228,3.86292505264282,3.64058756828308,4.09095001220703,2.11199998855591,2.5860002040863,9.3589506149292,3.77595019340515,-0.85500001907349,0.65560001134872,0.43450000882149,0.47973749041557,11.3209505081177,13.5439510345459,10.326000213623,-1.01901245117188,-1.20711255073547,-1.20340001583099,0.31020000576973,-0.64886248111725,-1.72026252746582,8.84805011749268,9.20400047302246,9.4480504989624,-11.6380500793457,-10.4389505386353,-8.33295059204102,1.57684993743896,1.99471247196198,1.12722504138947,-4.18200016021729,-8.41005039215088,-5.41605043411255,1.01034998893738,0.88563752174377,0.11233749985695,-3.50762486457825,-1.9157874584198,-0.66357499361038,18.7860012054443,17.9290504455566,16.314001083374,16.7599506378174,13.47705078125,11.0010004043579,-2.503737449646,-2.74436259269714,-2.47802495956421,-0.64500004053116,0.38805001974106,0.95505005121231,0.29809999465942,0.3799124956131,0.04399999976158,2.45918750762939,2.97591257095337,3.30453753471375,4.11705017089844,2.40795016288757,0.52995002269745,14.5110006332397,11.7040510177612,8.15805053710938,-0.07975000143051,0.68007498979568,1.44980001449585,8.40900039672852,9.59805011749268,12.9859504699707,0.98587501049042,0.36767500638962,-0.60238748788834,1.39631247520447,-0.49252501130104,-1.31106245517731,6.40905046463013,10.4290504455566,11.7360010147095,-8.67300033569336,-16.9360504150391,-19.6489505767822,STIR
-0.96676248311996,-0.53432500362396,0.42350000143051,2.93400025367737,5.36700010299683,10.452000617981,0.24186250567436,-0.08195000141859,-0.18081249296665,2.96257495880127,2.47994995117188,1.90575003623962,2.54205012321472,3.3510000705719,5.38500022888184,1.66395008563995,-2.62605023384094,-4.78905010223389,1.1834625005722,0.96841251850128,0.604312479496,11.4480009078979,11.5630502700806,10.2150001525879,-1.44773745536804,-1.80331254005432,-1.68107497692108,-1.15225005149841,-1.9658374786377,-3.02637505531311,10.3270502090454,11.2770004272461,12.6840009689331,-13.5570011138916,-11.8099508285522,-8.20394992828369,0.56526249647141,0.2268749922514,-0.63085001707077,-2.18099999427795,-3.42300009727478,-1.75305008888245,-0.3616249859333,0.1733874976635,1.01392495632172,-1.62016248703003,-0.48510000109673,1.39259994029999,14.7319507598877,11.2549505233765,6.33495044708252,15.9829511642456,17.3010005950928,16.3780498504639,-1.11705005168915,-0.45361250638962,-0.06764999777079,-1.53705012798309,5.48700046539307,8.17199993133545,-0.06723749637604,0.16005000472069,0.75734996795654,3.25572490692139,2.56299996376038,0.82087498903275,2.27895021438599,4.26495027542114,7.51305055618286,1.58205008506775,-0.89805006980896,-7.43100023269653,0.92688751220703,0.7790749669075,1.04046249389648,12.1390504837036,9.25095081329346,5.51805019378662,-2.14417505264282,-1.75931251049042,-1.39645004272461,-2.40693759918213,-3.32447504997253,-3.93525004386902,10.9009504318237,12.4200010299683,15.3130502700806,-12.2839508056641,-7.27800035476685,-4.80300045013428,STIR
-1.00223743915558,-0.71871250867844,-0.35708749294281,3.45105028152466,7.50405025482178,9.58095073699951,-0.60596251487732,0.03176249936223,0.39091250300407,4.04250001907349,3.75292491912842,2.93933749198914,4.08795022964478,3.40905022621155,3.67005014419556,8.28705024719238,5.76000022888184,1.35495007038116,1.29222500324249,1.29332494735718,1.29222500324249,12.7090501785278,12.1560001373291,10.4929504394531,0.24062499403954,-0.11495000123978,-1.65426254272461,-1.5358749628067,-2.62432503700256,-3.80572509765625,9.33600044250488,10.1710500717163,13.2580509185791,-14.9470510482788,-17.6629505157471,-14.4490509033203,0.78636246919632,-1.18538749217987,-2.07968759536743,-6.07695007324219,-2.47995018959045,-5.32800006866455,0.40438750386238,0.96263748407364,0.84177500009537,-1.00196254253387,1.49407494068146,2.63876247406006,15.2179508209229,9.26700019836426,5.99805021286011,22.9510517120361,19.0030517578125,15.1980009078979,-1.24905002117157,-0.49390000104904,0.29521250724792,3.02700018882751,5.21700048446655,7.68105030059814,-0.07328750193119,-0.21504999697208,-0.47767499089241,3.52206254005432,3.07367491722107,2.64357495307922,1.31205010414124,1.94205009937286,3.91095018386841,3.3550500869751,0.65895003080368,-2.60400009155273,1.47908747196198,1.59389996528625,1.43508744239807,12.1200008392334,12.0100507736206,11.9479503631592,-0.55220001935959,-1.08006250858307,-1.40744996070862,-1.09972500801086,-1.93159997463226,-2.79908752441406,10.0200004577637,10.9870500564575,12.0589504241943,-14.3460006713867,-15.877950668335,-14.5090503692627,STIR
-2.49149990081787,-1.97339999675751,-1.14152503013611,-0.8029500246048,1.08900010585785,3.07305026054382,0.50943750143051,0.43848749995232,0.29438748955727,4.40288734436035,4.44083738327026,4.1414999961853,-0.16500000655651,-0.43800002336502,0.63795000314713,11.8650007247925,7.84200048446655,3.66900014877319,1.56832504272461,1.66842496395111,1.65384995937347,15.4009504318237,13.8000001907349,11.9599504470825,-0.41538751125336,-2.31027507781982,-2.70008754730225,-2.24688744544983,-3.62614989280701,-4.27734994888306,9.89100074768066,12.6640510559082,14.8060503005981,-17.7180004119873,-18.4500007629395,-11.9250001907349,0.76188749074936,-1.713250041008,-2.49273753166199,-3.25995016098022,-0.48900002241135,-4.81305027008057,0.30414998531342,1.90341246128082,1.60283744335175,-0.79062497615814,0.88687497377396,2.10237503051758,14.5759506225586,7.86195039749146,4.93995046615601,25.9830017089844,22.4410514831543,18.5790004730225,-1.64477503299713,-1.24781250953674,-0.37303748726845,4.79295015335083,6.74295043945313,6.74805021286011,-0.10147500038147,-0.16623750329018,-0.09776250272989,3.81287503242493,3.53182506561279,2.67547488212585,-1.83600008487701,-0.52905005216599,1.24305009841919,0.82800006866455,-2.62095022201538,-6.66000032424927,1.28246247768402,1.68795001506805,1.76247501373291,12.6490507125854,10.4449501037598,11.0149507522583,-1.02382504940033,-1.70678746700287,-2.10746240615845,-1.62139999866486,-2.65127491950989,-3.31457495689392,10.1590509414673,11.6209506988525,13.1190004348755,-15.6120004653931,-15.2149505615234,-12.2050504684448,STIR
-0.81894999742508,0.33068749308586,0.88660001754761,10.0650005340576,11.8069505691528,13.7470502853394,0.4641999900341,0.49472498893738,-0.62191247940063,2.86962509155273,2.23189997673035,0.3089624941349,2.05395007133484,4.66005039215088,8.16795063018799,-0.90795004367828,-5.80605030059814,-15.8470506668091,1.03565001487732,0.90859997272491,0.82788747549057,10.0189504623413,7.38000011444092,5.14005041122437,-2.18446254730225,-1.38063752651215,-1.06287503242493,-3.12166237831116,-3.67262506484985,-4.4936375617981,11.7910509109497,13.2319507598877,17.1490516662598,-6.95505046844482,-3.79605007171631,-2.18805003166199,1.29222500324249,0.022824998945,-1.67048752307892,-9.87195014953613,-0.9700500369072,-0.2569500207901,0.43738749623299,1.20092499256134,1.67365002632141,-0.32752498984337,-0.38623750209808,0.07067500054836,15.117000579834,12.4510507583618,10.0939502716064,21.0799503326416,19.0530014038086,18.0649509429932,-1.90258753299713,-1.79753744602203,-1.73153746128082,-1.44405007362366,2.33805012702942,7.10700035095215,0.04028749838471,0.12828749418259,-0.11728750169277,3.3987250328064,3.79211258888245,3.79087495803833,3.55695009231567,1.24500000476837,1.24800002574921,11.4670505523682,7.19595050811768,1.96695005893707,0.81688749790192,1.22127497196198,1.3165625333786,14.8339509963989,12.2230501174927,10.1599502563477,-1.60421252250671,-2.32979989051819,-1.65549993515015,-2.19793748855591,-3.54804992675781,-4.59621238708496,9.21105003356934,12.0330009460449,14.6700010299683,-22.0519504547119,-11.6520004272461,-4.80795001983643,STIR
-1.92211246490479,-1.21605002880096,-0.28380000591278,4.72095012664795,5.1540002822876,5.7480001449585,-0.22852499783039,0.00852499995381,0.23209999501705,3.9337375164032,3.37782502174377,2.87581253051758,-1.82100009918213,-0.90195006132126,1.41495001316071,4.389000415802,1.99095010757446,-2.00100016593933,1.52789998054504,1.50961244106293,1.36551249027252,13.5990009307861,12.7590007781982,11.2060508728027,-0.88824999332428,-1.77402496337891,-2.12946248054504,-1.86202502250671,-2.67451238632202,-3.26081252098084,9.33600044250488,10.6230001449585,11.6520004272461,-18.223051071167,-17.3449516296387,-13.4080505371094,1.12969994544983,0.93664997816086,-1.2196249961853,-2.0350501537323,-3.05700016021729,-1.2960000038147,0.16609999537468,1.4305499792099,1.49160003662109,-1.38682496547699,0.07809999585152,1.06149995326996,17.2709999084473,12.046950340271,10.627950668335,19.0720500946045,21.0529518127441,18.7920017242432,-1.96363747119904,-1.47991251945496,-0.83723747730255,6.19305038452148,6.44895029067993,8.7649507522583,0.10133749991655,-0.04276249930263,-0.17847499251366,3.81287503242493,3.48906254768372,3.12015008926392,1.08795011043549,1.58505010604858,2.59500002861023,3.54705023765564,0.31905001401901,-2.80800008773804,0.54449999332428,0.93417501449585,1.07717502117157,12.9480009078979,10.7299509048462,9.99795055389404,-0.21876250207424,-1.33663749694824,-2.20151257514954,-1.08377504348755,-2.01478743553162,-2.71961259841919,7.71105051040649,8.84295082092285,9.62805080413818,-15.234001159668,-18.8590507507324,-16.6030502319336,STIR
-0.24474999308586,0.07658749818802,0.26344999670982,10.6249504089355,13.5079507827759,14.5129508972168,-0.37633749842644,-0.21381250023842,0.08786249905825,2.51776242256165,1.50383746623993,0.12815000116825,3.75795006752014,5.79195022583008,6.99105024337769,-6.31800031661987,-8.32800006866455,-10.7040004730225,1.01241254806519,1.18593752384186,1.40456247329712,8.64795017242432,5.40795040130615,3.73095011711121,-2.10746240615845,-1.45997500419617,-1.24863743782043,-3.42952489852905,-4.17229986190796,-4.75873756408691,11.2309503555298,14.2680006027222,18.7620010375977,-10.5460500717163,-5.39895009994507,-1.48500001430511,0.74978750944138,-0.52208751440048,-1.1866250038147,-4.87095022201538,-3.13095021247864,-6.87405014038086,1.03358745574951,1.84112501144409,2.39332509040833,0.92344999313354,1.93022501468658,2.75357508659363,13.8300008773804,11.6160001754761,8.778000831604,22.6920013427734,23.2830009460449,19.7470512390137,-1.455437541008,-1.25881254673004,-1.01557505130768,5.43900012969971,10.5600004196167,12.0439510345459,-0.8955374956131,-0.55838751792908,0.0867625027895,4.08278751373291,3.54034996032715,2.56052494049072,-0.49800002574921,-0.17700000107288,1.89405012130737,1.42695009708405,0.07500000298023,-2.86995005607605,0.7900750041008,0.90859997272491,1.2335125207901,12.01305103302,9.58905029296875,7.22400045394897,-2.37503743171692,-1.86559998989105,-1.35616254806519,-2.91761255264282,-4.04153728485107,-4.62673759460449,9.00600051879883,10.5780000686646,13.9020004272461,-12.0990009307861,-7.84695053100586,-5.74905014038086,STIR
-1.28686249256134,-0.72242498397827,-0.21779999136925,2.16795015335083,6.23805046081543,10.0960502624512,0.53020000457764,0.1575749963522,-0.04152499884367,3.87268757820129,3.55134987831116,3.06515002250671,0.53205001354218,0.55200004577637,1.44600009918213,3.38895010948181,-0.70395004749298,-4.07805013656616,1.30322504043579,1.20903754234314,1.14317500591278,14.0989503860474,12.271050453186,9.78705024719238,-2.2199375629425,-1.76536250114441,-1.37444996833801,-2.53880000114441,-3.60786247253418,-4.67568731307983,11.3290500640869,14.3659505844116,17.6580009460449,-13.6549510955811,-9.31695079803467,-5.9089503288269,-0.61008751392365,-2.14321255683899,-2.80060005187988,0.1489500105381,-0.03705000132322,-7.82805013656616,0.80877500772476,1.98769998550415,2.6949999332428,0.50682497024536,1.552649974823,2.79152488708496,9.92700004577637,7.27995014190674,2.47800016403198,24.6190509796143,24.2359504699707,13.1179504394531,-0.26427498459816,0.18658749759197,0.49926251173019,9.51900005340576,11.0410509109497,12.1150503158569,-0.0709500014782,-0.14423750340939,-0.75019997358322,2.18556237220764,1.24849998950958,0.43724998831749,2.82495021820068,4.60500001907349,6.07200050354004,-4.92600011825562,-8.47695064544678,-11.7190504074097,0.84631252288818,0.86336249113083,1.10522496700287,10.1290502548218,8.2369499206543,5.52300024032593,-2.24193739891052,-1.04706251621246,-1.06658744812012,-2.93218755722046,-3.69462490081787,-3.90967488288879,10.8120002746582,15.4830007553101,19.0609512329102,-6.67695045471191,-2.69100022315979,-0.23295001685619,STIR
-2.11144995689392,-1.47262501716614,-0.86047500371933,-3.70800018310547,1.12695002555847,3.55605006217957,0.38596248626709,0.98587501049042,0.78553748130798,3.88121247291565,3.58806252479553,2.62171244621277,0.0,0.52500003576279,3.33705019950867,9.54300022125244,7.60995054244995,-6.20595026016235,1.36784994602203,1.40332496166229,1.43261253833771,15.564001083374,11.9460000991821,10.5190505981445,-0.75748747587204,-1.24616253376007,-2.26270008087158,-3.46362495422363,-4.09530019760132,-3.89124989509583,9.78795051574707,10.6020002365112,13.3339509963989,-11.4750003814697,-12.0990009307861,-11.1949501037598,0.42597499489784,-0.03093750029802,-0.66385000944138,-2.31000018119812,-7.77795028686523,-7.5319504737854,0.36396250128746,0.60953748226166,0.7097749710083,-2.63298749923706,-1.03620004653931,0.17943750321865,19.3219509124756,18.0559501647949,16.3470001220703,18.79905128479,17.3629512786865,18.5310001373291,-2.74683737754822,-2.4670250415802,-2.05287504196167,-2.31000018119812,2.40000009536743,5.08995008468628,-0.25409999489784,-0.87229996919632,-0.0709500014782,3.44148755073547,3.81768751144409,3.31924986839294,2.43195009231567,0.42705002427101,0.81495004892349,6.37800025939941,7.03095054626465,4.93200016021729,1.00388753414154,1.24451243877411,1.4412750005722,14.1450004577637,11.778000831604,9.31800079345703,-0.79048746824265,-1.47468745708466,-2.00736260414124,-2.74161243438721,-3.43681240081787,-4.21011257171631,11.5639505386353,12.69105052948,15.8209505081177,-15.0880508422852,-14.8540506362915,-3.77205014228821,STIR
-1.61067497730255,-1.74129998683929,-1.75724995136261,-6.74400043487549,-1.11405003070831,3.25005006790161,0.76725000143051,-0.19676250219345,-0.68296247720718,3.11767506599426,3.45001244544983,3.79087495803833,3.74805021286011,2.38905000686646,0.87900006771088,10.0630502700806,6.76995038986206,5.00400018692017,0.50421249866486,0.94765001535416,1.24822497367859,14.3719511032104,14.9869508743286,14.3700008392334,0.34319999814034,-0.58891248703003,-1.96336245536804,-0.39228749275208,-1.53216254711151,-3.07395005226135,7.67505025863647,9.06300067901611,12.2719507217407,-14.2170009613037,-18.235050201416,-14.506950378418,1.10398745536804,0.31721249222755,-0.88618749380112,-1.557000041008,-5.94300031661987,-3.85905027389526,0.84053748846054,1.37197494506836,1.12144994735718,-0.96167498826981,-0.28847500681877,2.47994995117188,14.2099504470825,13.7269506454468,11.2480506896973,21.502950668335,20.8909511566162,17.5360507965088,-2.20192503929138,-0.86047500371933,-0.16293749213219,5.76000022888184,7.73205041885376,11.4670505523682,-0.2578125,-0.81496250629425,-0.02571249939501,3.34124994277954,2.72552490234375,0.1733874976635,0.94395005702972,2.45400023460388,7.55595016479492,-2.26200008392334,-6.67995023727417,-8.62695026397705,1.74542498588562,1.74047493934631,1.67694997787476,9.96195030212402,8.63595008850098,6.75495052337646,-2.17717504501343,-1.81183743476868,-1.21192502975464,-3.23771238327026,-3.68114995956421,-4.75007486343384,13.6260004043579,15.877950668335,19.6470012664795,-12.892050743103,-6.22695016860962,1.12305009365082,STIR
-3.80971240997315,-2.88241243362427,-2.17992496490479,-4.96905040740967,-1.95405006408691,4.34100008010864,0.13062499463558,-1.27916252613068,-1.93764996528625,4.09626245498657,4.8793249130249,5.23242473602295,-0.17505000531673,-1.12200009822845,-1.8139500617981,5.64495038986206,3.21405005455017,3.19305014610291,1.46313750743866,1.74790000915527,1.88223743438721,9.77295017242432,14.1300010681152,12.4909505844116,-1.49545001983643,-1.23035001754761,-1.19363749027252,1.08597505092621,-1.86078751087189,-3.50528740882874,10.3270502090454,12.4039506912231,13.8660011291504,-12.5350503921509,-14.63805103302,-14.4420003890991,0.9843624830246,0.74978750944138,-0.91176247596741,0.83805006742477,-2.7199501991272,-7.44600057601929,1.62483751773834,0.80011248588562,0.52043747901917,-3.83515000343323,-1.987837433815,2.46399998664856,21.6499519348145,18.4270515441895,8.08905029296875,19.2850513458252,19.8070507049561,25.1209506988525,-2.99970006942749,-0.57213747501373,0.10216250270605,-0.89595001935959,6.19305038452148,11.6509504318237,0.24310000240803,-0.5656750202179,-1.02382504940033,4.46036243438721,4.29412508010864,3.82016253471375,1.01595008373261,2.10195016860962,3.83505010604858,2.48700022697449,-2.40300011634827,-4.35795021057129,1.39603745937347,1.40208745002747,1.33251249790192,14.3260507583618,13.8790502548218,11.8350009918213,-1.57245004177094,-2.27727508544922,-2.25775003433228,-0.80891251564026,-1.8547375202179,-3.13871240615845,9.50595092773438,10.1520004272461,10.8580503463745,-17.6029510498047,-16.150951385498,-11.5590009689331,STIR
-3.21722507476807,-1.99058747291565,-1.49943745136261,-7.23000049591064,-6.55305051803589,1.42605006694794,0.76477497816086,0.51301246881485,0.13310000300407,4.91603755950928,5.15432500839233,3.55863738059998,1.58295011520386,1.08000004291534,3.44700026512146,8.48295021057129,6.52395009994507,-1.67100012302399,0.95136249065399,0.75212502479553,0.55054998397827,17.7510013580322,15.9750003814697,12.1249504089355,-2.02441239356995,-1.86931252479553,-1.32192504405975,-1.55897498130798,-2.68179988861084,-3.75814986228943,9.93195056915283,10.6570501327515,12.327000617981,-16.9639511108398,-14.4520511627197,-11.0490007400513,1.69661247730255,1.38256251811981,1.03193747997284,-5.35200023651123,-9.5149507522583,-10.1539506912231,0.48496249318123,0.68529999256134,0.20157499611378,-4.36892509460449,-2.72703742980957,-1.23777496814728,19.7260513305664,18.5269508361816,16.9450511932373,15.2940006256104,15.6979503631592,15.4369506835938,-2.33268737792969,-2.54278755187988,-2.51102495193481,-3.93495011329651,-0.22095000743866,3.00600004196167,0.65972501039505,-0.1515250056982,-0.85772502422333,3.62106251716614,3.90197491645813,4.22702503204346,4.92300033569336,2.67405009269714,1.07100009918213,10.443000793457,6.17205047607422,2.80695009231567,0.6678375005722,1.01846253871918,1.70761251449585,14.5780506134033,13.8859510421753,10.0860004425049,0.35914999246597,-0.31886249780655,-2.48256254196167,-0.33605000376701,-1.87783753871918,-3.49662494659424,6.61305046081543,8.1040506362915,11.568000793457,-14.1240005493164,-19.056001663208,-17.5650005340576,STIR
-2.29349994659424,-1.34309995174408,-0.92523747682571,6.98295021057129,7.85100030899048,13.3980007171631,-0.70496249198914,-0.39957499504089,-0.05376249924302,3.40972495079041,2.85986256599426,2.02180004119873,1.80495011806488,2.62605023384094,4.17900037765503,1.00305008888245,-2.14995002746582,-5.34705018997192,1.19198751449585,1.28727495670319,1.4803249835968,11.1030006408691,8.99505043029785,6.16200017929077,-1.59554994106293,-2.07570004463196,-1.9351749420166,-2.50827503204346,-3.32681250572205,-3.89372491836548,9.43905067443848,10.5990009307861,13.8490505218506,-17.3610000610352,-14.5260009765625,-8.90700054168701,1.61961245536804,1.15775001049042,-0.28022500872612,-6.01695013046265,-5.10795021057129,-1.21695005893707,-0.5791500210762,0.70853751897812,1.122687458992,-2.12712502479553,0.51424998044968,1.42065000534058,20.8530006408691,12.8749504089355,10.7980508804321,16.5589504241943,21.1939506530762,21.1129512786865,-1.61177504062653,-1.42367494106293,-0.78113746643066,5.07300043106079,8.61195087432861,9.6870002746582,-0.53267496824265,-0.29205000400543,0.38843750953674,4.52264976501465,3.79087495803833,2.38342499732971,-2.30505013465881,-1.80705010890961,0.32400000095367,2.85000014305115,1.60800004005432,-0.74805003404617,1.35685002803802,1.38751244544983,1.54508745670319,15.0709505081177,13.2540006637573,11.0269508361816,-1.95112502574921,-2.06469988822937,-1.85707497596741,-0.85896247625351,-2.26517510414124,-3.41481256484985,9.0730504989624,10.5990009307861,12.3559503555298,-13.3170003890991,-10.885950088501,-9.45105075836182,STIR
0.78264999389648,1.27874994277954,1.35685002803802,11.8399505615234,13.8310508728027,15.0709505081177,-0.00742499995977,-1.197350025177,-1.95112502574921,0.51424998044968,-0.06242499873042,-0.85896247625351,5.32095003128052,7.42605018615723,9.0730504989624,-11.3620510101318,-14.5309505462646,-13.3170003890991,1.27380001544952,1.23227500915527,1.07222497463226,9.80100059509277,7.02600049972534,3.26205015182495,-1.22416245937347,-1.28645002841949,-1.70678746700287,-4.2358250617981,-4.79531240463257,-4.41292476654053,16.606050491333,20.1640510559082,21.6160507202148,-5.24595022201538,-1.54005002975464,4.04700040817261,-1.3223375082016,-2.40473747253418,-2.6478374004364,-3.91605019569397,-5.06505012512207,-8.91195011138916,0.85153746604919,1.91441249847412,2.69871258735657,1.24849998950958,1.97298753261566,3.11272501945496,9.33795070648193,8.17304992675781,5.82105016708374,25.9849510192871,27.6859512329102,23.8669509887695,-1.19652497768402,-1.0205249786377,-0.59289997816086,10.171950340271,12.9480009078979,15.0780010223389,1.24616253376007,0.7732999920845,-0.51314997673035,4.24902486801147,3.55134987831116,2.14884996414185,0.57300001382828,1.34595000743866,4.45695018768311,0.06000000238419,-4.33695030212402,-10.2469501495361,0.85841250419617,0.96236246824265,1.1004124879837,11.038950920105,9.09794998168945,5.90295028686523,-1.10687494277954,-0.58396250009537,-0.48138749599457,-4.01830005645752,-4.49473762512207,-4.43011236190796,12.7789506912231,14.473051071167,20.8669509887695,-8.26800060272217,-5.23200035095215,3.38895010948181,STIR
-0.30951249599457,0.60678750276566,1.20780003070831,10.2040500640869,10.5580501556396,12.2779502868652,1.46602499485016,1.0176374912262,0.21862499415874,1.30955004692078,0.4507249891758,-0.16018749773502,5.02095031738281,7.27095031738281,8.73795032501221,-6.7350001335144,-13.8130502700806,-17.5890007019043,1.69166254997253,1.6464250087738,1.58042502403259,7.98495054244995,6.47100019454956,5.04705047607422,-2.28951239585876,-1.74831247329712,-1.16558754444122,-3.74714994430542,-4.45445013046265,-4.13201236724854,13.6099510192871,17.8120517730713,20.1109504699707,-2.55900001525879,5.37705039978027,11.8650007247925,-0.86171251535416,-1.15376245975494,-1.15981245040894,-8.91495037078857,-10.5610504150391,-7.44795036315918,1.96322500705719,3.10433745384216,2.31137490272522,1.16778755187988,2.34189987182617,3.86897492408752,12.1380004882813,10.1280002593994,4.48095035552979,30.574951171875,25.1500511169434,9.28995037078857,-1.32467496395111,-0.35598748922348,0.21216249465942,12.8140506744385,14.4940509796143,15.2530508041382,0.58520001173019,-0.03918749839067,-0.46557500958443,2.48476243019104,0.58753746747971,-0.2909500002861,1.32195007801056,4.49505043029785,6.20400047302246,-3.4830002784729,-13.5229501724243,-16.0050010681152,1.45832502841949,1.46313750743866,1.59032499790192,6.64995050430298,5.6980504989624,3.4459502696991,-2.15022492408752,-2.17717504501343,-2.30298757553101,-4.58521270751953,-5.07264995574951,-5.33046245574951,11.6160001754761,15.6840009689331,19.3740005493164,-10.1160001754761,-5.29395008087158,1.47705006599426,STIR
-2.03706240653992,-1.81582498550415,-1.48596251010895,-5.40705013275146,-1.53000009059906,8.81805038452148,1.07621252536774,0.58396250009537,1.09216248989105,4.12926244735718,4.37607479095459,3.35101246833801,3.70500016212463,1.57800006866455,1.80300009250641,5.47095012664795,3.03705024719238,0.45300000905991,0.91341251134872,0.81936252117157,1.2115124464035,15.1830005645752,12.7279510498047,7.34400033950806,-1.54426252841949,-1.65178751945496,-1.70307493209839,-3.14476251602173,-4.23458766937256,-5.03483724594116,7.49595022201538,10.6350002288818,14.9419507980347,-13.5640506744385,-11.1589508056641,-5.87805032730103,0.60678750276566,-1.0975250005722,-2.03706240653992,0.25605002045631,1.64400005340576,-1.25295007228851,0.86982500553131,1.66636252403259,1.67241251468658,0.2441999912262,0.79640001058578,1.51236248016357,14.6820011138916,12.6360006332397,11.4919509887695,24.576000213623,22.03005027771,17.2129516601563,-1.80358743667603,-1.52872502803802,-1.10728752613068,4.2810001373291,7.34595012664795,9.24405002593994,0.26867499947548,0.34938749670982,0.348149985075,4.51893758773804,4.10973739624023,3.5708749294281,1.6470000743866,0.90795004367828,0.87900006771088,6.23895025253296,3.29805016517639,-0.27405002713203,0.76064997911453,0.71060001850128,0.90364998579025,14.6449508666992,13.8720006942749,11.1250505447388,-0.59619998931885,-0.16499999165535,-1.63597500324249,-0.67457497119904,-2.42398738861084,-3.56633758544922,7.83300018310547,9.42705059051514,13.3440008163452,-10.2000007629395,-12.2410507202148,-16.7029514312744,STIR
-0.71995002031326,0.67154997587204,1.08446252346039,10.0140008926392,12.5680503845215,13.6180505752563,0.93211251497269,0.65106248855591,0.04633750021458,2.06456255912781,1.54783749580383,0.61435002088547,2.41995000839233,4.87995004653931,6.85695028305054,-6.95505046844482,-11.5830001831055,-15.3709506988525,1.75766253471375,1.85047495365143,1.96899998188019,9.33705043792725,7.014000415802,5.51805019378662,-2.48379993438721,-2.91376256942749,-3.00176239013672,-3.72514986991882,-4.10382509231567,-4.92483758926392,12.6169509887695,14.9640007019043,19.3890018463135,-13.956000328064,-9.24495029449463,-1.54395008087158,-0.08717499673367,-2.43278741836548,-2.72112488746643,-0.37200000882149,-2.02800011634827,-6.26100015640259,0.79901248216629,3.38648748397827,3.13362503051758,1.01145005226135,2.72909998893738,3.18243741989136,12.2719507217407,4.88505029678345,1.89900004863739,28.5619506835938,22.678050994873,12.939001083374,-1.26857495307922,0.06806249916553,0.63359999656677,8.89200019836426,11.9479503631592,14.8620004653931,0.84177500009537,0.79777497053146,-0.41662499308586,1.94603753089905,0.76092499494553,0.04386249929667,3.28395009040833,6.22305011749268,7.86705017089844,-5.31105041503906,-11.5009508132935,-18.6060009002686,1.21770000457764,1.22979998588562,1.17727494239807,9.43800067901611,7.07805013656616,5.41800022125244,-1.77760004997253,-1.16558754444122,-1.54797494411469,-4.19787502288818,-4.93212509155273,-4.97254991531372,12.8940010070801,16.4640007019043,20.3050518035889,-7.50705051422119,-4.23195028305054,-1.96995007991791,STIR
-1.99182498455048,-1.92830002307892,-2.03334999084473,-6.86700010299683,-1.75500011444092,3.63705015182495,1.71036243438721,0.9785875082016,0.21738749742508,3.75911259651184,4.01073741912842,4.14397478103638,3.59295010566711,1.28100001811981,0.79095005989075,11.8669509887695,7.02105045318604,3.66195011138916,0.03987500071526,0.31597501039505,1.04898750782013,14.6850004196167,14.9959506988525,11.4100503921509,0.12828749418259,-1.91688752174377,-2.53137493133545,-0.30071249604225,-2.18459987640381,-2.92737507820129,7.10295057296753,9.37695026397705,10.4920501708984,-14.6340007781982,-19.6110000610352,-15.363000869751,1.44856250286102,1.26527500152588,0.15963749587536,1.82400012016296,-4.45395040512085,-1.24995005130768,-0.75019997358322,0.74758750200272,1.40002501010895,-2.49974989891052,0.48977500200272,1.51717495918274,21.8820018768311,14.1150007247925,10.1329507827759,18.8250007629395,23.5159511566162,21.2490005493164,-1.57519996166229,-1.22086250782013,-0.87395000457764,-2.41995000839233,1.54395008087158,6.24105024337769,0.05981250107288,-0.33109998703003,-0.22852499783039,3.34606242179871,3.48534989356995,3.35596251487732,3.1360502243042,2.90400004386902,2.46300005912781,3.3600001335144,3.58005023002625,2.65695023536682,0.45897498726845,0.79983747005463,0.95741248130798,13.9630508422852,13.3789510726929,12.4819507598877,0.0671000033617,-0.48867499828339,-1.12158751487732,0.38953748345375,-0.45704999566078,-1.57863748073578,7.19895029067993,8.33805084228516,8.93895053863525,-12.2890510559082,-15.7819509506226,-16.9879512786865,STIR
-0.52456247806549,-0.23251250386238,0.10587500035763,9.16005039215088,11.7610502243042,13.2690010070801,0.02804999984801,0.22962500154972,0.32367500662804,2.80252504348755,2.08408737182617,1.25826251506805,3.06405019760132,4.57200002670288,6.27105045318604,-0.12795001268387,-3.93495011329651,-7.75605058670044,0.85483747720718,0.90612500905991,1.13093745708466,11.5270509719849,8.54505062103271,5.5900502204895,-2.01588749885559,-2.12465000152588,-2.25046253204346,-3.68596243858337,-4.09530019760132,-4.19058752059937,9.62100028991699,10.7910003662109,13.1550006866455,-12.8290510177612,-8.37105083465576,-4.03095006942749,0.83283752202988,-0.04069999977946,-1.39686250686646,-8.15595054626465,-6.96495056152344,-5.89995050430298,1.30721247196198,1.14592504501343,0.88934999704361,-1.85350000858307,0.00838750042021,2.05108737945557,19.03005027771,17.2590007781982,14.5669507980347,23.8459510803223,21.3120002746582,20.6230506896973,-2.41945004463196,-2.20440006256104,-1.56420004367828,2.19405007362366,4.29300022125244,5.87505006790161,0.90639996528625,0.31143748760223,0.15633749961853,3.88739991188049,3.95216250419617,3.5795373916626,1.64505004882813,0.60405004024506,0.97305005788803,5.08995008468628,1.35705006122589,-0.6280500292778,0.38692501187325,0.69231247901917,1.13574993610382,13.9200010299683,12.6870002746582,9.84705066680908,-0.56691247224808,-0.81853747367859,-1.33539998531342,0.7011125087738,-0.62933748960495,-1.80702495574951,5.3779501914978,6.38295030593872,7.63695049285889,-13.1760005950928,-15.234001159668,-16.8090000152588,STIR
-0.98628747463226,-0.40356248617172,0.06063750013709,9.06195068359375,11.3070001602173,13.2450008392334,0.21257500350475,0.05499999970198,-0.36657500267029,3.07243752479553,2.41147494316101,1.65288746356964,1.61595010757446,2.07300019264221,3.43005013465881,-3.61905026435852,-7.55505037307739,-11.4820508956909,1.51689994335175,1.54508745670319,1.63789999485016,8.91900062561035,8.50500011444092,6.24105024337769,-1.86559998989105,-2.11969995498657,-2.23217487335205,-2.63779997825623,-3.28171253204346,-4.17106246948242,9.03000068664551,10.9819507598877,13.9759502410889,-16.0260009765625,-12.8580007553101,-8.43405055999756,1.57932496070862,0.43450000882149,-0.71266251802444,-1.08300006389618,1.5289500951767,0.65595000982285,-0.24681249260902,0.25891250371933,1.44031250476837,-1.72026252746582,-0.49376249313354,1.35602498054504,20.6350517272949,17.2660503387451,10.8910503387451,21.223051071167,21.178050994873,22.3740005493164,-2.2092125415802,-1.63872504234314,-0.91176247596741,0.35895001888275,5.44395017623901,6.2839503288269,-0.0599500015378,0.12938749790192,0.21986250579357,3.59658741950989,2.79152488708496,1.83122503757477,-0.46695002913475,0.88395005464554,2.73900008201599,-0.23805001378059,-3.49695014953613,-7.44795036315918,1.23722493648529,1.535325050354,1.6574250459671,10.3780508041382,8.33205032348633,7.23900032043457,-2.35179996490479,-1.97683751583099,-1.71159994602203,-3.43062496185303,-4.24187517166138,-4.81731224060059,12.3220510482788,14.8950004577637,18.4650001525879,-9.10800075531006,-3.3030002117157,2.34600019454956,STIR
-1.90258753299713,-1.70829999446869,-1.49338746070862,-1.75305008888245,1.42200005054474,4.33605003356934,0.35791251063347,-0.33962500095367,-0.55591249465942,3.34248757362366,3.67482495307922,3.45606255531311,1.99005007743835,1.40100002288818,1.14300000667572,2.69205021858215,1.14195001125336,0.33495002985001,0.46021249890327,0.66426247358322,1.25674998760223,9.55995082855225,10.4550008773804,7.42500019073486,-0.86129999160767,-0.91753751039505,-0.98229998350143,-0.45952498912811,-1.85954999923706,-3.06900000572205,6.5029501914978,8.02005004882813,11.7000007629395,-11.6449508666992,-11.9340009689331,-10.40505027771,1.799187541008,1.54013752937317,0.26963749527931,-0.38895002007484,-1.61595010757446,1.56705009937286,-0.14176249504089,-0.12099999934435,-0.44233748316765,-3.83501243591309,-1.54192495346069,0.23196250200272,25.5859508514404,22.5810012817383,18.1270503997803,13.6300506591797,17.4349498748779,18.9810009002686,-3.02417492866516,-2.60136246681213,-1.96487498283386,-7.3279504776001,-5.96205043792725,-2.4060001373291,2.13427495956421,1.07140004634857,0.10009999573231,3.47324991226196,4.03026247024536,4.47617483139038,2.17905020713806,1.07805001735687,0.68805003166199,11.4270009994507,4.45095014572144,1.62300002574921,0.17668749392033,0.77288746833801,0.90364998579025,8.4330005645752,10.0530004501343,12.8790006637573,-0.7294374704361,-0.60362499952316,-0.92482501268387,2.50318741798401,1.25083744525909,0.09033749997616,4.08105039596558,6.19605016708374,7.69905042648315,-6.20100021362305,-9.60105037689209,-13.8250503540039,STIR
-0.942287504673,-0.47685000300407,0.17668749392033,5.74995040893555,7.25505018234253,8.4330005645752,-0.67567497491837,-0.79543751478195,-0.7294374704361,4.00578737258911,3.2716748714447,2.50318741798401,1.0110000371933,1.71705007553101,4.08105039596558,-1.07295000553131,-3.17205023765564,-6.20100021362305,1.21274995803833,1.08693754673004,0.90612500905991,13.2540006637573,13.5490503311157,12.4309501647949,-2.53013753890991,-2.74037504196167,-2.64385008811951,-1.91454994678497,-2.99213743209839,-3.60057497024536,8.88600063323975,9.30000019073486,10.7410507202148,-15.3730506896973,-10.7740507125854,-7.0339503288269,0.6873624920845,0.87917500734329,-0.36079999804497,-2.59500002861023,-10.0230007171631,-4.014000415802,-0.26276248693466,0.26386249065399,0.96016252040863,-2.24070000648499,0.26248750090599,1.88498747348785,20.4750003814697,16.488000869751,12.0949506759644,22.7550010681152,23.5489501953125,22.5439510345459,-2.42673754692078,-2.01382493972778,-1.58867502212524,-4.69905042648315,-2.19105005264282,1.66605007648468,1.2644499540329,-0.38238748908043,-1.15939998626709,3.27401256561279,3.58187508583069,3.48658752441406,1.15005004405975,0.07500000298023,0.01605000160635,5.47095012664795,1.00800001621246,-2.15205001831055,1.32151246070862,1.74418747425079,2.11928749084473,10.3159503936768,10.5169506072998,8.26500034332275,-0.00742499995977,-2.26751255989075,-1.91317498683929,-3.55533742904663,-3.78372502326965,-4.59250020980835,11.4730501174927,14.6580009460449,18.6990013122559,-17.3020515441895,-10.6039505004883,-0.85800004005432,STIR
-2.67231249809265,-2.43402504920959,-2.01740002632141,-6.87600040435791,-4.78695011138916,-1.46295011043549,1.6163125038147,0.45443749427795,-0.29081249237061,3.75416254997253,3.76034998893738,3.55987501144409,4.25804996490479,3.17895007133484,2.98995018005371,9.12900066375732,3.97995018959045,1.08900010585785,-0.12017499655485,0.65326249599457,0.93293750286102,13.723051071167,13.7550010681152,12.7180509567261,-0.79172497987747,-1.21192502975464,-1.93764996528625,-0.68062502145767,-1.72521245479584,-3.59067487716675,7.95300054550171,8.61300086975098,10.8870000839233,-12.2719507217407,-14.2669506072998,-11.5590009689331,1.39479994773865,0.862124979496,-0.57832497358322,-1.21005010604858,-8.17304992675781,-3.3229501247406,-1.43068754673004,-1.17658746242523,-0.2065249979496,-3.00671243667603,-0.18823750317097,1.41583752632141,20.8630504608154,15.8350505828857,10.8769502639771,18.2659511566162,21.106050491333,23.2600517272949,-2.33516240119934,-1.32591247558594,-0.94352501630783,-9.08205032348633,-4.31295013427734,4.06995010375977,1.30226254463196,0.20157499611378,0.0,3.03943753242493,4.15607500076294,4.39064979553223,1.57095003128052,1.46805012226105,0.95595002174377,7.22895050048828,4.95900011062622,4.88205003738403,1.11251246929169,1.4693249464035,1.71490001678467,11.8909502029419,13.6729507446289,13.1179504394531,-0.05252499878407,-0.59991252422333,-0.99577498435974,2.15008759498596,1.22526252269745,-0.35076248645782,5.31300020217896,6.78300046920776,8.16105079650879,-12.3790502548218,-14.4589509963989,-15.7249507904053,STIR
-0.94352501630783,-0.8897625207901,-0.39985001087189,4.06995010375977,9.51195049285889,10.2750005722046,0.0,0.57296252250671,1.04334998130798,4.39064979553223,3.79940009117126,2.9991500377655,0.95595002174377,1.5130500793457,2.21205019950867,4.88205003738403,3.3270001411438,-1.15905010700226,1.71490001678467,2.01904988288879,2.0520498752594,13.1179504394531,12.0510005950928,11.8620004653931,-0.99577498435974,-1.34021246433258,-1.57602500915527,-0.35076248645782,-1.77773749828339,-3.4270498752594,8.16105079650879,9.40305042266846,13.1689510345459,-15.7249507904053,-16.4520015716553,-12.3049507141113,1.66471254825592,1.39479994773865,-1.95511245727539,-2.5860002040863,-3.66000008583069,2.59605002403259,-0.14671249687672,1.14097499847412,2.08780002593994,-1.34158754348755,-0.30305001139641,0.67787498235703,20.860050201416,15.7249507904053,11.0680503845215,23.9509506225586,26.1499519348145,23.3380508422852,-2.15187501907349,-2.3339250087738,-1.59720003604889,2.75400018692017,8.69099998474121,7.62900018692017,-1.24863743782043,0.49348750710487,1.11045002937317,4.16473770141602,3.0492000579834,2.3724250793457,0.73800003528595,3.23400020599365,5.31795024871826,3.00600004196167,-1.31895005702972,-7.90005016326904,1.4913250207901,1.57684993743896,1.41803753376007,8.75100040435791,8.19105052947998,8.24400043487549,-2.69142508506775,-2.28827500343323,-1.54921245574951,-3.64443755149841,-4.25782489776611,-5.11293745040894,10.0390501022339,11.2650003433228,14.8159503936768,-12.247950553894,-5.671950340271,1.20405006408691,STIR
0.69836246967316,-0.66990000009537,-1.33086252212524,-7.57695055007935,-4.14600038528442,-6.04305028915405,0.64501249790192,2.25403738021851,0.45319998264313,0.96621251106262,2.31618738174438,4.21107482910156,13.9140005111694,9.89595031738281,5.54100036621094,24.4339504241943,18.8110504150391,5.87700033187866,-0.80066251754761,-0.22646249830723,0.65807497501373,12.4819507598877,12.256950378418,12.8620510101318,-0.60238748788834,0.42019999027252,-0.32628750801086,1.62841248512268,-1.38682496547699,-2.37146258354187,4.94700002670288,8.66595077514648,10.1449508666992,-7.20795011520386,-12.3790502548218,-17.5840511322021,1.42161250114441,1.27998745441437,-0.18975000083447,0.90705001354218,-5.28000020980835,-5.30595016479492,0.67801249027252,1.42202496528625,1.91922497749329,-3.00918745994568,-0.45952498912811,0.65106248855591,22.8799514770508,19.6519508361816,15.7440004348755,19.2490501403809,22.2690010070801,21.6990013122559,-2.71507501602173,-2.49149990081787,-2.26063752174377,-6.22500038146973,-1.357950091362,4.46295022964478,0.681725025177,-0.62919998168945,-1.69578754901886,3.52935004234314,4.14631271362305,4.68270015716553,2.88495016098022,0.88695001602173,-0.83505004644394,7.27995014190674,4.58295011520386,2.70900011062622,-0.02612499892712,0.82665002346039,1.30308747291565,9.8899507522583,10.7659502029419,11.6299505233765,-1.32192504405975,-0.52786248922348,-0.65738749504089,2.06208753585815,-0.96401250362396,-2.69403743743896,4.88295030593872,8.95305061340332,10.5900001525879,-9.93405055999756,-12.3820505142212,-15.1069507598877,STIR
-2.71507501602173,-2.49149990081787,-2.26063752174377,-6.22500038146973,-1.357950091362,4.46295022964478,0.681725025177,-0.62919998168945,-1.69578754901886,3.52935004234314,4.14631271362305,4.68270015716553,2.88495016098022,0.88695001602173,-0.83505004644394,7.27995014190674,4.58295011520386,2.70900011062622,-0.02612499892712,0.82665002346039,1.30308747291565,9.8899507522583,10.7659502029419,11.6299505233765,-1.32192504405975,-0.52786248922348,-0.65738749504089,2.06208753585815,-0.96401250362396,-2.69403743743896,4.88295030593872,8.95305061340332,10.5900001525879,-9.93405055999756,-12.3820505142212,-15.1069507598877,1.89199995994568,0.93912500143051,0.46378749608994,8.93805027008057,0.57900005578995,-2.20800018310547,-0.66467499732971,-0.04152499884367,2.28208756446838,-3.53691244125366,-1.51621246337891,0.81963747739792,21.7140007019043,17.8399505615234,8.87595081329346,17.1940517425537,20.578950881958,21.892951965332,-1.70596253871918,-1.48967504501343,-1.15128743648529,-5.73705005645752,4.6210503578186,6.50205039978027,-1.35245001316071,-0.64020001888275,-0.19676250219345,3.87021255493164,3.52701258659363,3.01633739471436,1.88205003738403,2.77005004882813,5.24205017089844,7.33200025558472,4.81500005722046,-0.75495004653931,1.14303743839264,1.28603744506836,1.036749958992,14.2240505218506,13.7190008163452,14.2710008621216,-0.5741999745369,-0.76120001077652,-1.37816250324249,-1.38558745384216,-2.87113738059998,-3.71538758277893,11.5450506210327,12.5020503997803,13.6650009155273,-12.2310009002686,-13.8889503479004,-13.6000509262085,STIR
0.06806249916553,0.49321249127388,0.87064999341965,9.48600006103516,12.4500007629395,13.6249504089355,-0.6182000041008,-1.03853750228882,-0.83448749780655,2.70957493782043,1.9375125169754,0.38843750953674,6.8710503578186,9.22800064086914,10.4869508743286,-8.01195049285889,-11.0250005722046,-10.8000001907349,0.85841250419617,1.0587500333786,1.22979998588562,11.6580009460449,7.89000034332275,4.82400035858154,-1.93888747692108,-1.9181250333786,-1.40744996070862,-4.11730003356934,-4.51797485351563,-4.99083757400513,14.9020509719849,16.5100517272949,18.631950378418,-10.2589502334595,-4.0639500617981,3.26205015182495,-0.62589997053146,-1.41638743877411,-2.12987494468689,-9.96300029754639,-9.4079999923706,-8.83095073699951,1.86064994335175,2.88447499275208,2.61071252822876,0.69258749485016,1.49160003662109,2.38837504386902,7.74000024795532,5.36805009841919,3.57405018806458,23.5969505310059,21.9240016937256,14.5369510650635,-1.0144749879837,-0.44151249527931,0.31968748569489,3.77400016784668,6.76995038986206,11.6080503463745,1.27049994468689,1.17040002346039,-1.8191249370575,3.27043747901917,2.88062500953674,2.06951260566711,3.37305021286011,4.2199501991272,7.44300031661987,7.9069504737854,-1.5660001039505,-14.9689502716064,0.86583751440048,0.97693747282028,1.28480005264282,12.5440502166748,7.66695022583008,4.24005031585693,-1.05311250686646,-1.22911250591278,-1.19611251354218,-3.9010124206543,-3.78014993667603,-3.57362508773804,14.1310510635376,16.6080017089844,18.3139514923096,-8.73495006561279,-3.37305021286011,4.60200023651123,STIR
-0.33151251077652,-0.67237502336502,-0.82018750905991,-4.71000003814697,5.70000028610229,9.85200023651123,0.80629998445511,-0.32257500290871,-1.17906248569489,4.12307500839233,4.47259998321533,4.40164995193481,3.61905026435852,1.91295003890991,1.84095013141632,8.31105041503906,2.54400014877319,-1.27905011177063,0.29768750071526,0.98793751001358,1.60613751411438,16.3680000305176,12.7540502548218,10.4380502700806,0.30167499184608,-0.77948749065399,-1.4025000333786,-1.16448748111725,-3.80572509765625,-4.22235012054443,9.1230001449585,11.896050453186,13.8510007858276,-10.1659507751465,-18.3810005187988,-14.9970006942749,0.84136247634888,-0.51713746786118,-2.82012510299683,-5.58600044250488,-4.48095035552979,-9.21405029296875,0.42872500419617,1.70541250705719,1.79341244697571,0.24543750286102,2.98814988136292,3.18120002746582,13.9849510192871,6.33300018310547,3.67905020713806,25.582950592041,20.6490001678467,16.4730014801025,-0.82389998435974,-0.45484998822212,0.07535000145435,10.6270503997803,14.2159509658813,15.3199510574341,-1.47592496871948,-1.20340001583099,-0.44357499480247,3.43406248092651,2.36266255378723,0.88687497377396,3.73200011253357,5.06700038909912,7.23000049591064,-1.49205005168915,-3.4830002784729,-5.23695039749146,1.78447496891022,1.96171247959137,1.93104994297028,11.8620004653931,10.4809503555298,8.50500011444092,-1.85088753700256,-1.99512493610382,-0.84672498703003,-3.68720006942749,-4.03177499771118,-5.28275012969971,13.0450506210327,14.6700010299683,19.9870510101318,-18.2659511566162,-11.7360010147095,3.56400012969971,STIR
-0.64308750629425,-0.67966252565384,0.25368750095367,10.207950592041,13.0129508972168,13.9870510101318,-1.10811245441437,-1.04211246967316,-0.09528750181198,3.0908625125885,2.33213758468628,-0.35681250691414,3.79905009269714,5.75595045089722,9.64200019836426,-3.1360502243042,-5.36805009841919,-8.96205043792725,1.11746251583099,1.24698746204376,1.18703746795654,10.5790500640869,7.57605028152466,6.90795040130615,-2.0818874835968,-1.42449998855591,-0.85896247625351,-3.95353746414185,-4.38845014572144,-4.94683742523193,13.0450506210327,14.614951133728,18.3600006103516,-9.16305065155029,-3.49500012397766,1.17300009727478,-0.20074999332428,-1.32714998722076,-2.11516237258911,-7.32600021362305,-5.96400022506714,-7.49805021286011,0.47891250252724,1.54907500743866,2.30656242370605,0.41648748517036,1.68341243267059,2.33089995384216,11.5369501113892,8.13705062866211,5.84895038604736,24.9660015106201,23.427001953125,19.4670009613037,-0.87766247987747,-0.69437497854233,-0.56237500905991,-4.01894998550415,2.23305010795593,6.65700054168701,-1.00429999828339,-0.66591250896454,-0.24433749914169,3.79445004463196,3.60634994506836,2.84404993057251,3.46095013618469,3.45195007324219,4.30605030059814,5.30805015563965,6.0949501991272,3.35295009613037,1.33251249790192,1.24574995040894,1.32385003566742,13.2619504928589,13.8120002746582,8.22195053100586,-1.18992495536804,-1.7850250005722,-1.70183753967285,-2.76003742218018,-3.63343739509583,-4.39216232299805,11.4439506530762,12.1600503921509,14.8300504684448,-13.711950302124,-12.9940509796143,-3.60900020599365,STIR
-0.75171250104904,-0.24474999308586,-0.1214125007391,6.49005031585693,10.3210506439209,15.3700504302979,-0.6707249879837,-0.60114997625351,-0.41057500243187,4.04745006561279,3.61363744735718,2.59971237182617,3.88995027542114,4.45695018768311,5.32305002212524,4.81995010375977,1.28100001811981,-1.1539500951767,1.04417502880096,1.0954624414444,1.10274994373322,13.1590509414673,12.5890502929688,10.8949508666992,0.13433749973774,-0.12828749418259,-1.49792504310608,-1.03729999065399,-2.59008741378784,-3.98777508735657,10.7790002822876,11.4340505599976,13.8510007858276,-11.3580007553101,-14.8320007324219,-14.308051109314,0.96964997053146,0.47244998812675,-1.01928746700287,-0.43905001878738,-3.48795008659363,-4.33995008468628,0.75625002384186,1.96941244602203,2.21003746986389,-2.48379993438721,-0.17723749577999,0.65106248855591,17.1610507965088,11.2099504470825,9.24000072479248,20.7090015411377,21.2280006408691,19.242000579834,-1.94177496433258,-1.63625001907349,-0.55013751983643,4.389000415802,6.89205026626587,12.6900005340576,-0.99701249599457,-0.91148751974106,-0.87229996919632,4.3223123550415,3.56358742713928,2.58018755912781,2.3490002155304,5.03295040130615,6.59595012664795,2.76705002784729,-3.55395007133484,-6.44505023956299,1.3532749414444,1.53161251544952,1.68795001506805,12.4500007629395,10.9330501556396,9.24600028991699,-0.73672497272491,-1.23268747329712,-1.77883744239807,-2.32870006561279,-3.48562502861023,-4.05130004882813,11.4109506607056,12.7939510345459,14.4109506607056,-15.1740007400513,-15.5520009994507,-12.693000793457,STIR
-1.50314998626709,-0.91671252250671,0.30621248483658,5.50395011901855,7.98000049591064,13.2070503234863,-0.3603875041008,-0.05747500061989,0.15510000288486,3.98997497558594,3.19343757629395,1.3034999370575,2.79600024223328,4.35405015945435,7.45695018768311,2.92500019073486,-1.20705008506775,-9.05100059509277,1.64890003204346,1.63913750648499,1.47908747196198,13.0530004501343,9.16499996185303,7.2529501914978,-2.1038875579834,-1.26692497730255,-0.57296252250671,-4.62550020217896,-5.83494997024536,-6.48614978790283,16.9500007629395,22.3290004730225,23.4330005645752,-4.78200006484985,2.22300004959106,9.29700088500977,-1.63748753070831,-2.76512503623962,-2.79565000534058,-2.9610002040863,-3.40605020523071,-8.57700061798096,2.67190003395081,3.65406250953674,1.79217493534088,2.6302375793457,3.23620009422302,4.54946231842041,4.97595024108887,2.68395018577576,1.5090000629425,29.5429515838623,21.4339504241943,4.60695028305054,-0.48785001039505,0.28063750267029,0.70454996824265,9.39705085754394,11.4840002059937,12.9529504776001,-0.34938749670982,-0.97734999656677,-1.61878752708435,3.14943742752075,1.16778755187988,0.64006251096725,3.882000207901,6.4980001449585,8.1870002746582,-1.48500001430511,-10.1230506896973,-12.492000579834,0.87683749198914,1.04417502880096,1.13451254367828,12.5460004806519,8.88000011444092,8.74395084381104,-2.85518741607666,-1.81554996967316,-0.96153748035431,-4.50821256637573,-5.15088748931885,-5.71037483215332,12.1360502243042,16.4620513916016,20.8050003051758,-5.15295028686523,4.70700025558472,10.1680507659912,STIR
-2.38768744468689,-1.9930624961853,-1.55567502975464,-1.20495009422302,2.0029501914978,4.69995021820068,-0.43491250276566,-1.36468744277954,-1.28287494182587,3.42801237106323,4.25754976272583,4.79998731613159,0.55905002355576,0.16200000047684,0.03900000080466,2.53695011138916,4.27200031280518,6.19095039367676,0.85717499256134,1.76123750209808,1.90671253204346,14.7139511108398,13.0369510650635,13.1659507751465,-1.51373744010925,-1.62249994277954,-2.15146255493164,0.54834997653961,-0.91148751974106,-3.51738739013672,8.65395069122314,9.92505073547363,11.5450506210327,-9.47895050048828,-10.5180006027222,-11.3820009231567,1.55608749389648,1.05393743515015,0.70331251621246,7.26000022888184,-0.82395005226135,-1.675950050354,0.30291250348091,0.80134999752045,1.23392498493195,-3.10323739051819,-1.45887494087219,0.07686249911785,23.4919509887695,20.3719501495361,10.9729509353638,17.3299503326416,17.5840511322021,16.5739517211914,-3.00946259498596,-1.73648750782013,-1.3553375005722,-7.39095020294189,-3.62895011901855,-0.41805002093315,0.90530002117157,0.04276249930263,-0.6707249879837,3.2386748790741,3.65887498855591,4.07797479629517,2.39400005340576,2.35605001449585,2.13795018196106,8.8609504699707,6.2790002822876,5.89200019836426,0.47973749041557,0.45897498726845,0.48702499270439,10.2589502334595,14.0320510864258,14.5710010528564,-0.20528750121593,-0.38981249928474,-0.16981250047684,2.89409995079041,2.39194989204407,1.74941253662109,4.81305027008057,6.17700052261353,7.8400502204895,-0.50805002450943,-4.15500020980835,-5.35605049133301,STIR
0.45897498726845,0.48702499270439,0.8095999956131,14.0320510864258,14.5710010528564,13.1830501556396,-0.38981249928474,-0.16981250047684,0.1538625061512,2.39194989204407,1.74941253662109,0.58630001544952,6.17700052261353,7.8400502204895,8.78595066070557,-4.15500020980835,-5.35605049133301,-7.23495054244995,0.90859997272491,0.99769997596741,1.0674124956131,11.4049501419067,9.26100063323975,8.15295028686523,-3.33162498474121,-3.43543744087219,-3.099524974823,-3.23276257514954,-4.13434982299805,-4.59002494812012,10.0710000991821,10.7860507965088,12.0330009460449,-10.6690502166748,-5.62395048141479,-1.49895012378693,0.23168750107288,0.53597497940063,0.18892499804497,0.6730500459671,-4.95900011062622,-6.93105030059814,-0.64638751745224,-0.1357125043869,1.9351749420166,-4.85031270980835,-3.23152494430542,1.05792498588562,22.0540504455566,19.7830505371094,11.7739505767822,15.1740007400513,18.3780002593994,22.7040004730225,-2.86412501335144,-2.36073756217957,-1.3613874912262,-6.25200033187866,-4.82100009918213,1.4719500541687,0.72324997186661,0.16362500190735,-0.17957499623299,3.90692496299744,3.80544996261597,3.25324988365173,2.14005017280579,1.78605008125305,2.22900009155273,6.56205034255981,6.75600051879883,0.99600005149841,0.73865002393723,1.02341246604919,1.2725625038147,11.0080509185791,11.2110004425049,11.1529502868652,0.20762500166893,-0.45210000872612,-1.27187502384186,0.48001250624657,-0.34581249952316,-0.97143751382828,8.52495002746582,8.96295070648193,9.33405017852783,-9.88800048828125,-13.5349502563477,-14.8470010757446,STIR
-1.14633750915527,-0.38898751139641,0.37097498774529,6.14805030822754,9.63900089263916,11.3809509277344,-0.43133750557899,-0.1515250056982,0.32738751173019,2.99433755874634,2.33818745613098,1.46231245994568,3.35595011711121,5.41605043411255,7.47900056838989,-2.05395007133484,-3.17400026321411,-5.47395038604736,1.41803753376007,1.39603745937347,1.40332496166229,10.7539501190186,10.40505027771,9.36600017547607,-2.01093745231628,-2.32375001907349,-1.78983747959137,-1.88883745670319,-4.00372505187988,-4.28463745117188,9.62805080413818,10.5799503326416,11.2600507736206,-13.5640506744385,-5.74905014038086,-1.07504999637604,1.33127498626709,-0.42803749442101,-1.49462497234344,1.27305006980896,-1.7700001001358,-2.4300000667572,1.54536247253418,2.02427506446838,1.62112498283386,-0.17847499251366,-0.04771250113845,0.18438750505447,12.9469509124756,11.4610509872437,10.3000507354736,19.9960517883301,13.792950630188,9.16095066070557,-2.01382493972778,-1.62401247024536,-1.59596252441406,-1.73895013332367,3.78300023078919,6.50400018692017,0.19181250035763,0.16609999537468,0.26138749718666,3.76145005226135,4.3173623085022,4.47012519836426,6.41205024719238,4.64595031738281,3.58095026016235,9.2590503692627,6.70095014572144,3.78600025177002,0.08992499858141,0.41126251220703,0.76683747768402,11.2780504226685,11.2990503311157,10.407000541687,-0.948062479496,-0.66467499732971,-0.25299999117851,2.51171255111694,1.69193744659424,0.10491249710321,5.62500047683716,6.5310001373291,7.48395013809204,-7.08405017852783,-7.06500053405762,-7.72305059432983,STIR
-0.98023748397827,-0.38403749465942,0.08992499858141,9.12405014038086,10.2040500640869,11.2780504226685,0.08057499676943,-0.55962496995926,-0.948062479496,3.17267489433289,2.78286242485046,2.51171255111694,3.77205014228821,4.57395029067993,5.62500047683716,-2.49900007247925,-6.01695013046265,-7.08405017852783,1.09917497634888,1.03193747997284,1.16875004768372,10.7040004730225,9.74895000457764,7.18800020217896,-1.45749998092651,-2.28827500343323,-2.5058000087738,-1.98412501811981,-2.5645124912262,-3.3012375831604,8.64900016784668,8.96505069732666,9.63300037384033,-13.7509508132935,-11.896050453186,-7.19895029067993,1.20656251907349,1.06617498397827,0.9842249751091,4.10895013809204,0.57405000925064,-4.81800031661987,0.27967500686646,0.48743748664856,-0.67925000190735,-4.8685998916626,-3.83143758773804,-0.48881250619888,20.6380500793457,19.276050567627,13.0519504547119,12.2500505447388,11.97705078125,11.053050994873,-2.73336243629456,-1.73772501945496,-1.52143752574921,-3.28395009040833,-2.0350501537323,1.14405000209808,0.85277497768402,-0.03052499890327,-0.18081249296665,3.11767506599426,3.9386875629425,4.09502506256104,4.44495010375977,3.32505011558533,2.6140501499176,6.04500007629395,4.57305002212524,4.49895000457764,0.26468750834465,1.04898750782013,1.14303743839264,10.687050819397,10.945050239563,10.7830505371094,-0.38238748908043,-0.60114997625351,-1.00911247730255,1.0896874666214,-0.01361249946058,-1.0922999382019,7.6080002784729,8.94105052947998,9.55395030975342,-11.1450004577637,-11.2050008773804,-11.5729503631592,STIR
-0.70894998311996,-0.07246249914169,0.26468750834465,7.24095010757446,10.078950881958,10.687050819397,0.72201251983643,0.02433750033379,-0.38238748908043,2.15613746643066,1.61246252059937,1.0896874666214,5.425950050354,6.21795034408569,7.6080002784729,-5.84205007553101,-9.96705055236816,-11.1450004577637,1.21879994869232,1.09917497634888,0.97817498445511,9.84495067596436,9.08400058746338,7.8919506072998,-2.48379993438721,-2.65608739852905,-2.48132491111755,-2.93273758888245,-3.72308754920959,-4.13490009307861,9.98205089569092,10.10205078125,11.2740001678467,-9.55305004119873,-5.47395038604736,-2.21700000762939,1.10893750190735,1.12117505073547,0.74250000715256,0.80895006656647,-1.79595005512238,-3.02805018424988,0.10133749991655,-0.09652499854565,-0.30057498812675,-4.37799978256226,-3.34922504425049,-1.78419995307922,19.9099502563477,18.738000869751,15.8110504150391,12.1800003051758,11.69700050354,12.4870510101318,-2.70641255378723,-2.37778759002686,-1.9074000120163,-2.94000005722046,-4.22205018997192,-2.87295007705688,1.35231244564056,0.27238750457764,-1.1863499879837,2.5173499584198,3.22959995269775,3.60717487335205,6.68505048751831,6.7900505065918,5.78205013275146,5.64495038986206,3.69495010375977,5.39595031738281,-0.48771250247955,0.21106250584126,0.4822124838829,8.78205013275146,11.6820001602173,11.3809509277344,0.41414999961853,-0.15895000100136,-1.05435001850128,2.26448750495911,1.98714995384216,-0.21312500536442,6.56505012512207,7.4170503616333,8.95800018310547,-8.4460506439209,-9.62805080413818,-10.9530000686646,STIR
0.21106250584126,0.4822124838829,1.15541243553162,11.6820001602173,11.3809509277344,10.0579500198364,-0.15895000100136,-1.05435001850128,-1.90355002880096,1.98714995384216,-0.21312500536442,-1.22223746776581,7.4170503616333,8.95800018310547,9.15195083618164,-9.62805080413818,-10.9530000686646,-11.8000507354736,1.18112504482269,1.33869993686676,1.5219874382019,4.32405042648315,4.12095022201538,3.06495022773743,-1.50768744945526,-1.32439994812012,-1.27558743953705,-4.1116623878479,-4.2594747543335,-4.33881235122681,10.5679502487183,12.8730001449585,15.6720008850098,0.7140000462532,0.39495003223419,1.54095005989075,1.02231252193451,0.25011250376701,-0.94104999303818,-3.53805017471313,-2.73405003547669,-0.23295001685619,-0.0709500014782,0.31143748760223,1.22402501106262,-1.66209995746613,-0.46117499470711,0.3255999982357,16.2540016174316,14.1720008850098,9.82605075836182,13.3000507354736,14.881950378418,14.32200050354,-1.87687504291534,-1.83039999008179,-1.36372494697571,-2.72895002365112,1.29705011844635,2.42700004577637,-0.02694999985397,-0.45938751101494,-0.13928750157356,2.9412624835968,3.59975004196167,4.20818758010864,5.77005004882813,5.46705007553101,4.91895008087158,5.51100015640259,6.31305027008057,4.89195013046265,0.49445000290871,0.74978750944138,0.89155000448227,12.0439510345459,11.368950843811,10.9069509506226,0.32972499728203,-0.3935250043869,-1.17053747177124,0.8925125002861,0.06668750196695,-0.83380001783371,8.11800003051758,8.70405006408691,8.8879508972168,-10.0060501098633,-12.2410507202148,-12.6019506454468,STIR
0.89155000448227,0.96112501621246,1.10164999961853,10.9069509506226,8.13794994354248,6.32505035400391,-1.17053747177124,-1.89488744735718,-2.34327507019043,-0.83380001783371,-1.79286253452301,-2.5636875629425,8.8879508972168,9.1560001373291,9.79305076599121,-12.6019506454468,-11.6260509490967,-9.22800064086914,1.2861750125885,1.34722495079041,1.59885001182556,1.48395001888275,-1.68105006217957,-3.94995021820068,-0.1552374958992,-0.02199999988079,-0.57667499780655,-5.04872512817383,-4.37676239013672,-3.36393737792969,17.4259510040283,18.4170017242432,17.7040500640869,5.11905002593994,5.62605047225952,5.96400022506714,-1.62401247024536,-2.23231244087219,-2.48888754844666,-0.98700004816055,-1.96305012702942,-1.8510000705719,0.8233500123024,1.74212503433228,1.23749995231628,-0.0945999994874,2.12891244888306,2.66639995574951,9.38400077819824,6.94995021820068,5.99505043029785,19.7280006408691,12.3450002670288,8.5890007019043,-1.07786250114441,-0.85428750514984,-0.02846249938011,9.17505073547363,10.5499505996704,11.907000541687,1.65412497520447,0.3286249935627,-0.61586248874664,2.6701123714447,1.67557501792908,1.40318751335144,5.46195030212402,7.47900056838989,8.61300086975098,-0.8890500664711,-11.9269504547119,-12.9799509048462,0.41745001077652,0.84631252288818,1.15664994716644,5.72205018997192,2.7850501537323,0.79200005531311,-1.10453748703003,-0.66591250896454,-0.39462500810623,-4.17766237258911,-4.97172498703003,-5.38216257095337,12.6430501937866,15.3949508666992,18.2209510803223,-3.93195009231567,0.37605002522469,4.09995031356812,STIR
-1.19143748283386,-0.94104999303818,-0.47066250443459,5.84400033950806,7.389000415802,8.95905017852783,0.07809999585152,0.24186250567436,0.13186250627041,3.74646258354187,2.94868755340576,2.57730007171631,3.38700008392334,3.95895028114319,4.72995042800903,2.16600012779236,-0.90105003118515,-4.90200042724609,1.18112504482269,1.29098749160767,1.22870004177094,9.20595073699951,8.89005088806152,7.90395021438599,-1.19611251354218,-1.91207504272461,-2.32127499580383,-0.45141249895096,-0.98766249418259,-1.70967495441437,8.00505065917969,8.71095085144043,8.89800071716309,-12.5089502334595,-11.9389505386353,-9.71895027160644,1.78213751316071,1.95318746566772,2.03500008583069,3.19695019721985,-0.83400005102158,-1.95405006408691,-0.78691250085831,-1.01653754711151,-0.79543751478195,-3.6510374546051,-2.34506249427795,-1.32976245880127,21.5059509277344,19.9720516204834,16.7520008087158,6.52605009078979,9.75195026397705,13.4100008010864,-2.73941254615784,-2.50483751296997,-2.12849998474121,-4.42605018615723,-5.65605020523071,-3.53595018386841,1.61383748054504,1.69812500476837,1.40855002403259,2.24001240730286,3.02802491188049,3.47036242485046,7.00305032730103,5.7679500579834,4.48095035552979,15.892050743103,13.4269504547119,10.2010507583618,-1.30515003204346,-0.88357502222061,-0.39861249923706,7.69605016708374,8.74095058441162,10.1220006942749,0.02681249938905,0.35048750042915,0.71334999799728,4.70786237716675,3.84174990653992,2.87649989128113,1.73100006580353,2.54205012321472,3.8539502620697,1.61595010757446,0.01695000007749,-3.37005019187927,STIR
-1.78763747215271,-1.65206253528595,-1.53601253032684,-0.00795000046492,3.331050157547,6.21900033950806,0.862399995327,0.28586250543594,-0.05266249924898,3.84298753738403,4.34623765945435,4.84962511062622,3.58800005912781,2.82705020904541,1.96095013618469,7.08600044250488,4.5130500793457,2.76195001602173,0.01306249946356,0.36368748545647,0.7790749669075,10.9840507507324,11.4790506362915,10.9549503326416,0.96263748407364,0.34938749670982,-0.90777498483658,2.03843760490417,-0.09955000132322,-0.79103749990463,5.63400030136108,6.88095045089722,7.8400502204895,-7.07895040512085,-14.5549507141113,-18.2089500427246,1.10893750190735,0.80973750352859,0.65450000762939,3.85500025749207,0.79200005531311,-5.31105041503906,-0.73672497272491,-1.41968750953674,-1.37087500095367,-6.04312515258789,-1.73538744449615,0.14973749220371,25.078950881958,18.7690505981445,13.042950630188,7.38705015182495,14.4130506515503,18.1000499725342,-2.48764991760254,-1.39672493934631,-0.61366248130798,-5.68395042419434,-2.85105013847351,5.83395004272461,-0.02571249939501,-0.60486251115799,-0.33728748559952,4.63333749771118,5.01091241836548,4.56500005722046,-0.26295000314713,-0.07695000618696,0.57795000076294,3.99705028533936,2.7480001449585,2.78595018386841,1.48651254177094,1.74790000915527,1.79808747768402,10.1580009460449,11.497950553894,12.703950881958,-0.23457500338554,-0.96648746728897,-2.13317489624023,0.76669996976852,-0.38664999604225,-1.29071247577667,9.08505058288574,10.1689500808716,10.828950881958,-11.9299507141113,-15.0120010375977,-16.5910511016846,STIR
0.00206249998882,0.60321247577667,0.75349998474121,12.5650501251221,12.8449506759644,13.4719505310059,0.13310000300407,-0.39586248993874,-1.5382125377655,1.95662498474121,-0.28407499194145,-1.04266250133514,6.07395029067993,7.86900043487549,8.10599994659424,-6.7300500869751,-13.6759510040283,-16.6030502319336,1.13093745708466,1.33498752117157,1.40951251983643,6.4680004119873,5.29095029830933,3.19500017166138,-1.13382494449615,-0.60843747854233,-0.66219997406006,-4.9264874458313,-5.97354984283447,-6.34369993209839,13.7290506362915,18.7590007781982,22.4920501708984,-3.54495024681091,-1.98195004463196,1.4479501247406,0.16582499444485,-1.97587502002716,-3.3148500919342,-0.25005000829697,2.19405007362366,-3.7390501499176,-0.42281249165535,0.57406252622604,2.35056257247925,0.72393751144409,1.33113753795624,2.9082624912262,13.4920501708984,10.1179504394531,4.95000028610229,21.8640003204346,22.5420017242432,16.9180507659912,-1.09862494468689,-1.01681244373322,-0.19827499985695,6.21900033950806,9.47399997711182,11.9260501861572,0.10862500220537,-0.21752500534058,-1.11553752422333,3.75746250152588,3.02926254272461,2.24977493286133,2.14995002746582,3.15705013275146,6.06195020675659,-0.807000041008,-4.50705003738403,-9.32400035858154,0.84754997491837,0.79983747005463,1.39603745937347,10.3140001296997,9.19395065307617,5.0779504776001,-1.69097495079041,-1.66649997234344,-1.65178751945496,-3.05731248855591,-3.76337504386902,-4.54286241531372,10.3240509033203,11.1349506378174,13.2820510864258,-9.62295055389404,-7.95705032348633,-5.46195030212402,STIR
-1.97216248512268,-1.67034995555878,-1.18043744564056,3.95595026016235,5.79300022125244,7.32000017166138,-0.50214999914169,-0.10147500038147,0.10133749991655,4.40976238250732,3.26754999160767,2.54553747177124,0.76905006170273,1.85805010795593,3.33900022506714,3.66600012779236,0.72795003652573,-2.97795009613037,1.02107501029968,1.19817495346069,1.27874994277954,9.55005073547363,9.89505004882812,7.42095041275024,-2.38122487068176,-2.42027497291565,-0.96648746728897,-2.95350003242493,-3.57046246528625,-4.91067504882813,11.0640001296997,13.1449508666992,19.8190517425537,-14.0740509033203,-8.13899993896484,7.02600049972534,-0.58671247959137,-1.29538750648499,-2.38631248474121,-7.14600038528442,-6.7350001335144,-6.61305046081543,0.86982500553131,1.63212502002716,1.44760000705719,0.43807500600815,2.61139988899231,3.48136258125305,12.1740007400513,7.92600059509277,5.70300006866455,20.9100017547607,16.1260509490967,12.6540002822876,-1.45296251773834,-0.89209997653961,-0.26303750276566,6.65205049514771,7.34400033950806,9.22695064544678,-0.33728748559952,-0.3605250120163,-0.41428750753403,3.75979995727539,3.12578749656677,2.60658740997314,1.932000041008,2.7480001449585,3.882000207901,1.81905007362366,-0.71895003318787,-3.78900027275085,1.04912495613098,1.38022494316101,1.59761250019073,9.18705081939697,9.1200008392334,8.00205039978027,0.08304999768734,-1.8631249666214,-2.06236243247986,-1.97119998931885,-3.35293745994568,-3.85013747215271,8.88600063323975,10.5439500808716,11.5350008010864,-15.5929508209229,-14.7910509109497,-9.33795070648193,STIR
-1.11210000514984,-0.73576247692108,-0.32532501220703,6.58305025100708,9.99105072021484,11.4240007400513,-0.63896250724792,0.88440001010895,0.60224997997284,3.84903740882874,1.80633747577667,0.99879997968674,3.07095003128052,6.85200023651123,7.97400045394897,2.60400009155273,-3.72000026702881,-10.5900001525879,1.28974997997284,1.23846244812012,1.15293753147125,10.7250003814697,9.28005027770996,7.46400022506714,-1.7800749540329,-1.37816250324249,-1.20106244087219,-3.15383744239807,-3.87337493896484,-4.62357521057129,10.6140003204346,11.7289505004883,14.0599508285522,-8.95995044708252,-6.03600025177002,-3.60900020599365,1.19336247444153,0.42844998836517,-0.50861251354218,-7.86405038833618,-6.62505054473877,-6.92595052719116,0.17091250419617,0.68282496929169,1.0616375207901,-1.79767501354218,-0.53941249847412,0.46364998817444,16.7200508117676,13.7719507217407,12.082950592041,16.6620006561279,18.1080017089844,17.6909999847412,-1.26362502574921,-1.29291248321533,-1.21220004558563,-4.27305030822754,-0.33105000853539,2.5729501247406,0.89058750867844,0.16114999353886,-0.64638751745224,2.97178745269775,3.31031250953674,3.77698755264282,5.93595027923584,4.57395029067993,3.1429500579834,8.61495018005371,6.34395027160645,3.49905014038086,0.25506249070168,0.47740000486374,0.98931246995926,10.5190505981445,10.8760509490967,8.89695072174072,0.00728749996051,-0.12347500026226,-0.75996249914169,1.19913744926453,-1.86862504482269,-2.87526249885559,7.49295043945313,8.86200046539307,9.57000064849854,-7.35000038146973,-14.6070003509521,-16.0050010681152,STIR
-1.10714995861053,-0.19827499985695,0.25506249070168,8.78205013275146,9.4950008392334,10.5190505981445,-0.18576249480247,-0.26757499575615,0.00728749996051,2.37201237678528,2.0934374332428,1.19913744926453,5.46405029296875,6.90000009536743,7.49295043945313,-3.15000009536743,-5.61495018005371,-7.35000038146973,1.68684995174408,1.88842499256134,1.69303750991821,5.82405042648315,5.32695007324219,0.54795002937317,-1.53450000286102,-0.96648746728897,-1.01048743724823,-4.84219980239868,-5.36882495880127,-5.08282518386841,16.1749515533447,20.0560512542725,21.5920505523682,-4.85895013809204,2.19495010375977,5.89905023574829,-1.50425004959106,-2.26173758506775,-2.44378757476807,-2.47800016403198,-5.31600046157837,-5.68200016021729,0.4959625005722,2.12698745727539,2.24056243896484,-0.46970000863075,0.95356249809265,2.28896260261536,9.80295085906982,7.921950340271,6.7300500869751,28.2940521240234,26.5810508728027,17.8399505615234,-1.85239994525909,-1.49819993972778,-0.88728749752045,5.0590500831604,7.64295053482056,8.4330005645752,-0.41428750753403,0.21243749558926,0.72806251049042,4.41099977493286,3.28955006599426,1.22361254692078,2.11199998855591,3.08295011520386,6.64905023574829,-0.15600000321865,-2.65500020980835,-11.202000617981,1.21041250228882,1.02464997768402,1.22622501850128,11.4019508361816,8.17905044555664,4.99695014953613,-2.35069990158081,-1.61878752708435,-0.85043752193451,-3.52769994735718,-4.91548728942871,-5.35163736343384,11.7019510269165,17.7210006713867,20.2429504394531,-8.31405067443848,2.7810001373291,11.1510009765625,STIR
-1.40772497653961,-1.69729995727539,-1.29896247386932,5.47305011749268,10.3810501098633,9.0930004119873,-1.63102495670319,-0.79543751478195,0.20391249656677,4.27666234970093,3.86608743667603,2.99021244049072,1.56405007839203,2.53305006027222,4.50900030136108,3.63105010986328,4.18095016479492,1.18500006198883,0.7900750041008,0.99659997224808,1.36193752288818,12.35205078125,10.9380006790161,9.18195056915283,-0.34333750605583,-0.53157502412796,-1.54192495346069,-0.69932502508163,-2.24977493286133,-3.60456252098084,8.56995010375977,9.77895069122314,12.4849510192871,-13.9969511032104,-14.0710506439209,-12.951000213623,1.83713746070862,1.88361251354218,0.55921250581741,-2.84205007553101,-8.27400016784668,-4.63905000686646,0.52896249294281,0.31872498989105,0.19538749754429,-2.47458744049072,0.43188750743866,1.36523747444153,19.4119510650635,14.3749504089355,10.6590003967285,16.3560009002686,18.6799507141113,19.3500003814697,-2.24097490310669,-1.15733754634857,-0.41690000891685,0.96705007553101,6.08505010604858,9.18900012969971,-0.55715000629425,-0.19923749566078,-0.47905001044273,4.90215015411377,3.61446237564087,2.35730004310608,0.23595000803471,2.3490002155304,3.71700024604797,4.49400043487549,-3.51600027084351,-8.58195018768311,1.51579999923706,1.47179996967316,1.52927494049072,12.1470003128052,11.5530004501343,6.55005025863647,-1.96459996700287,-1.79836249351501,-1.23035001754761,-4.11647510528564,-4.84467506408691,-5.73649978637695,15.3760509490967,19.7070007324219,23.5930519104004,-10.8580503463745,-4.90905046463013,3.24795007705688,STIR
-2.8089873790741,-3.06432509422302,-2.62336254119873,-3.75105023384094,-5.87805032730103,-0.28095000982285,1.35602498054504,0.65106248855591,-0.69162499904633,3.53869986534119,4.39271259307861,4.77138757705688,3.83205008506775,1.42005002498627,-1.93605005741119,16.7050514221191,12.1969509124756,5.16900014877319,0.51644998788834,1.27393746376038,1.25565004348755,12.4309501647949,13.5370502471924,12.9910507202148,-0.94572502374649,-0.53391247987747,-0.11618749797344,-0.64569997787476,-2.09948754310608,-4.5929126739502,10.3980007171631,11.7600002288818,15.153000831604,-13.8700504302979,-13.4320507049561,-11.4679508209229,1.55127501487732,0.95878750085831,-1.63501250743866,-1.95105004310608,-3.83700013160706,-3.20505023002625,1.51112496852875,-0.3103374838829,-0.77096247673035,-3.62903738021851,-0.33412501215935,2.42701244354248,19.1730003356934,10.9249505996704,6.47205018997192,22.6470012664795,15.7960510253906,17.3200511932373,-2.57936239242554,-1.49077498912811,-0.33989998698235,1.71795010566711,2.25195002555847,6.20700025558472,0.05004999786615,-0.75872498750687,-1.45392501354218,4.63952493667603,4.8080997467041,4.14108753204346,1.03005003929138,1.54200005531311,2.28194999694824,3.98700022697449,-1.51605010032654,-4.14495038986206,0.95383751392365,1.48280000686646,1.76508748531342,13.9009504318237,11.9670009613037,11.9929504394531,0.75006252527237,-0.33976250886917,-1.49916243553162,-1.99677503108978,-3.38470005989075,-3.57651257514954,9.45795059204102,11.5470008850098,12.3919506072998,-7.44300031661987,-15.3660011291504,-15.2839508056641,STIR
-2.51088738441467,-1.2196249961853,-0.44261249899864,8.05695056915283,7.64100027084351,8.87805080413818,-0.33852499723434,0.06586249917746,-0.05142499879003,3.89674997329712,3.36407494544983,2.70916247367859,0.38595002889633,1.25505006313324,2.32500004768372,4.02495002746582,1.40700006484985,-2.63100004196167,1.47427499294281,1.86395001411438,2.09728741645813,10.9260005950928,9.74400043487549,9.3919506072998,0.18067499995232,0.27486249804497,-0.49238750338554,-0.89361250400543,-2.36582493782043,-3.12331247329712,8.4790506362915,10.0609502792358,11.521050453186,-10.0270500183105,-12.903000831604,-16.2199516296387,1.84194993972778,1.53174996376038,-0.17379999160767,4.49595022201538,1.66800010204315,2.32095003128052,-1.41968750953674,-0.8369625210762,0.05733750015497,-3.8061375617981,-2.5306875705719,-0.98037499189377,19.9870510101318,17.9119510650635,12.1810503005981,14.5800008773804,17.0550003051758,19.1650505065918,-2.49136257171631,-2.37654995918274,-2.06992506980896,-3.22200012207031,1.86705005168915,3.56805014610291,-0.53267496824265,-0.78443747758865,-0.65986251831055,3.78922486305237,3.91008758544922,3.73779988288879,1.26195001602173,1.03005003929138,1.03305006027222,6.35595035552979,5.8609504699707,4.9680004119873,1.05888748168945,1.21288752555847,1.35946249961853,11.3740501403809,11.2279500961304,9.81795024871826,0.94558751583099,0.16362500190735,-0.70620000362396,-0.33893749117851,-1.71957504749298,-3.12083745002747,9.5110502243042,9.88395023345947,10.4269504547119,-15.2440509796143,-18.8880004882813,-18.1819515228271,STIR
0.1182499974966,1.05888748168945,1.21288752555847,12.1660509109497,11.3740501403809,11.2279500961304,1.18621253967285,0.94558751583099,0.16362500190735,0.79474997520447,-0.33893749117851,-1.71957504749298,7.9150505065918,9.5110502243042,9.88395023345947,-9.73305034637451,-15.2440509796143,-18.8880004882813,2.050950050354,1.80413746833801,1.28741252422333,4.93905019760132,4.21200037002563,1.84305012226105,-2.25046253204346,-2.15764999389648,-1.46121251583099,-4.25699996948242,-4.99372482299805,-4.89348745346069,16.5289516448975,19.2040500640869,19.8600006103516,-6.43305015563965,3.0990002155304,12.6280508041382,-1.11691248416901,-1.95621252059937,-1.85982501506805,-3.62400007247925,-3.70305013656616,-7.14900016784668,0.99935001134872,1.68217504024506,1.63941252231598,0.69093751907349,1.44595003128052,3.78551244735718,12.2269506454468,10.3480501174927,4.93800020217896,22.2709503173828,23.439001083374,14.3100004196167,-1.62029993534088,-0.92509996891022,0.51163750886917,10.5670509338379,9.95895004272461,12.8839502334595,1.02987504005432,0.41648748517036,-0.11247500032187,2.67135000228882,2.35372495651245,1.90767502784729,1.3050000667572,2.80800008773804,4.56704998016357,-4.16895008087158,-9.34995079040527,-12.4390506744385,1.386274933815,1.56103754043579,1.85542500019073,10.9020004272461,7.81305027008057,3.48405027389526,-1.93407499790192,0.30414998531342,1.03468751907349,-3.66575002670288,-4.61381244659424,-4.36933755874634,14.3610010147095,22.2220516204834,23.6050510406494,-5.3710503578186,8.28495025634766,11.0490007400513,STIR
-0.2080374956131,0.27706250548363,0.72297501564026,7.18395042419434,9.84195041656494,11.6779508590698,0.31267499923706,0.64377498626709,1.23873746395111,3.13926243782043,2.72263741493225,1.48623752593994,2.10195016860962,3.7390501499176,5.34900045394897,-0.09405000507832,-1.83405005931854,-4.2480001449585,1.37651252746582,1.32893753051758,1.29470002651215,12.6970510482788,10.7400007247925,9.16995048522949,-2.40680003166199,-2.5058000087738,-1.99759995937347,-1.61562502384186,-2.72992491722107,-4.42805004119873,8.95800018310547,10.2810001373291,15.553050994873,-15.9469509124756,-11.5990505218506,-5.20995044708252,0.81331247091293,-1.31491243839264,-2.24702501296997,-0.78105002641678,0.01905000023544,-2.39895009994507,0.69629997014999,2.23685002326965,2.01574993133545,0.16926249861717,1.33347499370575,2.02386260032654,10.5370502471924,6.56700038909912,5.22495031356812,21.541051864624,17.3680515289307,13.5060005187988,-0.75528746843338,-0.14203749597073,0.74731248617172,2.52900004386902,6.26205015182495,13.6009502410889,0.42391249537468,-0.37509998679161,-1.09835004806519,3.16359996795654,2.63339996337891,2.18748760223389,4.1100001335144,4.57605028152466,5.36805009841919,-5.08800029754639,-7.94295024871826,-9.68505001068115,0.43944999575615,0.41511249542236,0.25863748788834,12.0990009307861,11.1420001983643,9.77295017242432,-1.96088743209839,-2.35922503471375,-2.54608750343323,-1.73291254043579,-2.58445000648499,-3.41893744468689,9.29505062103272,9.93405055999756,10.7239503860474,-10.8600006103516,-10.4010000228882,-7.89000034332275,STIR
-0.10422500222921,0.27706250548363,0.56773751974106,8.44200038909912,11.6680507659912,11.3190002441406,0.09033749997616,-0.66962498426437,-1.28768754005432,2.61758756637573,1.48500001430511,0.951087474823,6.09600019454956,7.18695020675659,7.74495029449463,-6.38295030593872,-8.65799999237061,-9.59895038604736,0.64597499370575,0.7460749745369,0.82802498340607,7.28205013275146,6.38895034790039,5.06400012969971,-1.84854996204376,-2.00117492675781,-2.2479875087738,-2.6284499168396,-3.71456241607666,-4.01637506484985,9.25695037841797,9.93705081939697,10.5040502548218,-6.63195037841797,-5.95395040512085,-4.7839503288269,1.60256254673004,1.38503754138947,1.14317500591278,2.55105018615723,1.80900013446808,1.07700002193451,-0.19552500545979,0.15138749778271,-0.32504999637604,-4.21547508239746,-3.45070004463196,-1.6828625202179,17.496000289917,17.4100513458252,14.0550003051758,10.1629505157471,9.52395057678223,9.09794998168945,-1.64835000038147,-1.58248746395111,-1.54096245765686,-3.507000207901,-3.17700004577637,-2.55900001525879,0.96387499570847,0.57406252622604,0.45801249146461,1.56323754787445,2.02743744850159,2.86192488670349,7.70205020904541,7.56495046615601,7.10595035552979,6.68895053863525,6.79905033111572,9.08205032348633,-0.78952497243881,-0.07851249724627,0.05101250112057,9.30600070953369,10.6030502319336,12.2419509887695,0.88440001010895,0.67553746700287,0.07562500238419,3.24554991722107,2.87045001983643,2.05438756942749,4.45905017852783,5.50200033187866,6.54105043411255,-0.84105002880096,-3.48000025749207,-6.8779501914978,STIR
-2.30931258201599,-2.22378754615784,-1.96116244792938,-3.37995004653931,-3.11700010299683,0.0,0.48867499828339,0.32120001316071,0.15633749961853,3.06226253509521,3.21131253242493,3.66698741912842,7.01205015182495,6.10500049591064,5.19405031204224,10.6150503158569,10.4809503555298,9.75195026397705,-0.46461248397827,-0.28132501244545,-0.1017500013113,8.59500026702881,10.2319507598877,11.3260507583618,-0.11976250261068,-0.30181249976158,0.0536249987781,4.11413764953613,3.59122490882874,3.29559993743896,3.64095020294189,4.84200000762939,6.78000020980835,2.84100008010864,-1.06305003166199,-2.14305019378662,1.43522500991821,0.82926249504089,0.65326249599457,16.6480503082275,15.3840007781982,11.1820507049561,-1.01777493953705,-2.91513752937317,-3.74948740005493,-0.61379998922348,-1.15871250629425,-1.91743743419647,8.9239501953125,8.06505012512207,7.36695051193237,-19.9480514526367,-18.6870002746582,-12.41100025177,0.7375500202179,0.89759999513626,1.30446255207062,4.8120002746582,2.757000207901,-0.15900000929832,-0.55962496995926,-0.3299999833107,-0.98106247186661,-5.77073764801025,-5.50921249389648,-5.02177476882935,15.3589506149292,17.002950668335,17.5650005340576,4.49700021743774,6.40905046463013,7.75305032730103,-1.60448753833771,-2.3570249080658,-2.22145009040833,2.4340500831604,1.42905008792877,-0.61395001411438,1.98027503490448,1.91798746585846,1.28754997253418,1.81238746643066,2.59682488441467,3.28955006599426,6.81900024414063,6.3139500617981,6.40500020980835,12.9130506515503,9.35400009155273,5.3730001449585,STIR
-0.51342499256134,-0.39613750576973,-0.26179999113083,13.4719505310059,12.9670505523682,12.3979501724243,0.69877499341965,-0.22123749554157,-1.33539998531342,2.62611246109009,2.14720010757446,1.97615003585815,5.7610502243042,6.13200044631958,6.27300024032593,-5.38005018234253,-8.40195083618164,-9.79500007629394,-0.06875000149012,0.09858749806881,0.33687499165535,6.91305017471313,5.63100004196167,4.14900016784668,-1.20106244087219,-1.35987496376038,-1.65921247005463,-1.9186749458313,-3.03159999847412,-3.32846260070801,8.26905059814453,8.9839506149292,9.175950050354,-6.85905027389526,-7.75200033187866,-7.60995054244995,1.50108754634857,1.24341249465942,1.33746254444122,2.85000014305115,1.20105004310608,-2.2630500793457,0.53624999523163,0.73053747415543,0.2223374992609,-4.2630500793457,-3.89908742904663,-2.92283749580383,18.6630001068115,18.5959510803223,17.2800006866455,7.56705045700073,7.13100051879883,5.80305004119873,-1.79258751869202,-2.52188754081726,-2.48655009269714,1.61295008659363,-0.51794999837875,-0.64695000648499,0.76477497816086,0.96992498636246,0.87958747148514,1.34818744659424,2.14348745346069,3.5069375038147,7.30695056915283,6.97905015945435,5.06205034255981,14.5849504470825,12.8740501403809,9.68205070495606,-0.71747499704361,-0.15551249682903,0.33316248655319,7.08105039596558,7.6690502166748,9.00705051422119,0.78553748130798,0.94916248321533,1.09573745727539,4.15208768844604,3.5766499042511,3.14902496337891,2.7529501914978,2.7940502166748,4.22895002365112,2.42700004577637,-0.60900002717972,-3.46605014801025,STIR
0.48963749408722,0.47740000486374,0.80726248025894,11.4720001220703,12.6420001983643,11.6440505981445,1.27902495861053,1.16050004959106,0.35543748736382,2.48434996604919,1.45076251029968,0.53941249847412,5.40405035018921,6.03795051574707,6.55800008773804,-5.83500051498413,-8.87895011901855,-12.6450004577637,0.56650000810623,0.6569749712944,0.54216247797012,8.53305053710938,7.4089503288269,8.2339506149292,-3.04576253890991,-2.90895009040833,-2.73913741111755,-2.44516253471375,-3.71703743934631,-4.32299995422363,9.39105033874512,10.2049503326416,10.792950630188,-5.27295017242432,-2.91495013237,-1.17105007171631,1.16764998435974,1.55608749389648,1.4999874830246,0.4909500181675,-2.35800004005432,-2.16705012321472,1.14716243743896,1.14592504501343,0.22714999318123,-5.06948757171631,-3.93208742141724,-2.74326252937317,17.5390510559082,17.5480499267578,17.131950378418,9.67695045471191,6.69300031661987,4.5799503326416,-1.50672495365143,-1.86216247081757,-1.90368747711182,-3.23400020599365,-1.71495008468628,-0.91800004243851,1.1006875038147,0.35296249389648,0.13186250627041,1.61699998378754,2.47101259231567,2.76663756370544,9.16605091094971,7.72800016403198,6.12195014953613,9.57900047302246,7.87305021286011,7.39200019836426,-0.41813749074936,0.11935000121593,0.15111249685287,7.5930004119873,9.80100059509277,13.3930501937866,0.65848749876022,0.46901249885559,0.37743750214577,3.254075050354,3.39817500114441,3.34207487106323,4.61895036697388,4.97805023193359,6.13905048370361,1.08195006847382,-2.30100011825562,-3.80805015563965,STIR
0.15111249685287,-0.04675000160933,0.0937749966979,13.3930501937866,14.4409503936768,12.6799507141113,0.37743750214577,0.26262500882149,0.05486249923706,3.34207487106323,2.47335004806519,1.25413751602173,6.13905048370361,6.71100044250488,6.91395044326782,-3.80805015563965,-5.21295022964478,-6.64800024032593,0.56526249647141,0.75831252336502,0.94036251306534,8.35905075073242,6.66000032424927,5.72895050048828,-1.69949996471405,-1.85336244106293,-1.95607495307922,-1.87948751449585,-3.2491250038147,-4.00413751602173,8.68994998931885,9.06795024871826,9.66405010223389,-8.36700057983398,-7.49100017547607,-6.16695022583008,1.1834625005722,1.02341246604919,0.28311249613762,1.00800001621246,-0.54405003786087,0.2080500125885,-0.70743751525879,-0.57791250944138,-0.55357497930527,-4.80796241760254,-3.65227508544922,-2.0237250328064,18.6850509643555,17.4570007324219,15.2130002975464,9.91395092010498,10.9960508346558,11.9460000991821,-1.988112449646,-1.58482503890991,-1.41748750209808,-4.57395029067993,-3.91800022125244,2.08004999160767,1.380499958992,0.39214998483658,-0.0489500015974,2.67492508888245,3.48370003700256,3.51546239852905,7.21095037460327,5.34195041656494,5.10000038146973,7.61505031585693,3.97305011749268,3.52305006980896,0.02529999986291,0.13777500391006,0.67650002241135,12.5269508361816,12.3550510406494,10.5739507675171,-0.03189999982715,-0.1870000064373,0.04757500067353,2.68963742256165,2.40129995346069,1.62552499771118,5.72700023651123,6.2989501953125,7.47195053100586,-4.2460503578186,-5.49000024795532,-5.78205013275146,STIR
0.13777500391006,0.67650002241135,0.68021249771118,12.3550510406494,10.5739507675171,10.6249504089355,-0.1870000064373,0.04757500067353,0.31267499923706,2.40129995346069,1.62552499771118,0.49293750524521,6.2989501953125,7.47195053100586,8.17304992675781,-5.49000024795532,-5.78205013275146,-7.55100059509277,1.06988751888275,1.32027494907379,1.52556252479553,5.00400018692017,3.70695018768311,3.18705010414124,-2.21374988555908,-2.35922503471375,-1.98412501811981,-3.42746257781982,-3.89661240577698,-4.86296224594116,9.92205047607422,11.1400508880615,14.0880002975464,-11.4559507369995,-6.96195030212402,-1.65705013275146,1.14317500591278,-0.61847501993179,-1.730299949646,-0.20205001533031,2.10105013847351,1.45500004291534,-0.23347499966621,1.01639997959137,1.88498747348785,0.26826250553131,1.00485002994537,1.8356249332428,11.451000213623,8.85000038146973,7.15395021438599,20.9239501953125,20.3160018920898,16.8780002593994,-1.58977496623993,-1.40648746490479,-1.14509999752045,-1.24605000019073,4.37895011901855,6.05400037765503,0.2576749920845,0.27362498641014,0.41525000333786,4.19718742370605,4.26195001602173,3.90651249885559,5.93295049667358,5.45700025558472,5.42400026321411,4.80300045013428,4.6360502243042,3.31500005722046,-0.12622499465942,0.16706250607967,0.49816250801086,11.2920007705688,11.2279500961304,11.2320003509521,-0.28476250171661,-0.34828749299049,-0.70867496728897,2.7251124382019,2.16315007209778,1.45942497253418,7.213050365448,7.02705049514771,7.16805028915405,-4.16895008087158,-5.72205018997192,-8.06505012512207,STIR
-0.12622499465942,0.16706250607967,0.49816250801086,11.2920007705688,11.2279500961304,11.2320003509521,-0.28476250171661,-0.34828749299049,-0.70867496728897,2.7251124382019,2.16315007209778,1.45942497253418,7.213050365448,7.02705049514771,7.16805028915405,-4.16895008087158,-5.72205018997192,-8.06505012512207,0.70578747987747,1.11388754844666,1.3142249584198,5.80500030517578,4.8550500869751,4.91295003890991,-1.67378747463226,-1.81431245803833,-1.95841252803802,-2.6284499168396,-3.53622508049011,-4.07247495651245,8.36700057983398,9.44400024414062,10.4610004425049,-8.296950340271,-6.95505046844482,-5.98095035552979,1.37527501583099,1.58056247234344,1.49503743648529,-0.36000001430511,-4.42799997329712,-4.60500001907349,0.10009999573231,0.03286249935627,-0.38252499699593,-5.53973770141602,-4.53433752059937,-1.3249499797821,19.9600505828857,19.4509506225586,14.1150007247925,9.82095050811768,9.04995059967041,12.0799503326416,-2.21897506713867,-1.62524998188019,-1.74611246585846,-3.83700013160706,-0.98505002260208,3.50100016593933,0.7207750082016,0.10738749802113,-0.86377501487732,3.44464993476868,3.91627502441406,4.84838724136353,6.97395038604736,5.39505004882813,2.80800008773804,9.19200038909912,7.25595045089722,5.47800016403198,-0.24461250007153,0.50063747167587,0.95383751392365,11.0790004730225,13.0489501953125,12.2419509887695,0.40796250104904,-0.1710499972105,-1.95112502574921,1.61823749542236,0.61146247386932,-1.53381252288818,6.77805042266846,7.74495029449463,8.86905002593994,-12.5110502243042,-13.5420007705688,-15.5190010070801,STIR
-1.63377499580383,-0.62823748588562,-0.24461250007153,6.36495018005371,9.57705020904541,11.0790004730225,1.33526253700256,1.61864995956421,0.40796250104904,3.42265009880066,2.39401245117188,1.61823749542236,3.81795024871826,5.05995035171509,6.77805042266846,1.53900003433228,-3.81300020217896,-12.5110502243042,0.80849999189377,0.8817874789238,1.12612497806549,12.9580507278442,7.68405055999756,5.90295028686523,-2.58637499809265,-2.07088756561279,-1.69578754901886,-3.99918746948242,-4.81772518157959,-5.4421124458313,9.5580005645752,10.8960008621216,13.0309505462646,-7.49295043945313,-3.66405010223389,-1.69800007343292,1.64903748035431,1.16641247272491,-0.25808748602867,-5.76600027084351,-3.73395013809204,0.34200000762939,-0.85525000095367,-0.29328748583794,0.53020000457764,-3.1073625087738,-1.33471250534058,0.07026249915361,19.0750503540039,15.2940006256104,11.2600507736206,18.4669513702393,20.4139518737793,21.0169506072998,-2.21168756484985,-1.84263753890991,-0.99962496757507,-3.5550000667572,-2.21205019950867,4.52505016326904,0.82582497596741,-0.24557499587536,-0.14671249687672,3.14654994010925,3.7427499294281,4.36466264724731,6.89805030822754,6.65295028686523,5.81595039367676,5.26500034332275,1.96695005893707,1.4190000295639,-0.19703750312328,0.17558750510216,0.66178750991821,13.3860006332397,11.3520002365112,8.81100082397461,-1.44292497634888,-1.34516251087189,-1.20587503910065,1.43247497081757,0.11673749983311,-2.9632625579834,6.40005016326904,6.74400043487549,8.25900077819824,-11.4340505599976,-8.93595027923584,-9.43095016479492,STIR
-0.19703750312328,0.17558750510216,0.66178750991821,13.3860006332397,11.3520002365112,8.81100082397461,-1.44292497634888,-1.34516251087189,-1.20587503910065,1.43247497081757,0.11673749983311,-2.9632625579834,6.40005016326904,6.74400043487549,8.25900077819824,-11.4340505599976,-8.93595027923584,-9.43095016479492,2.17676258087158,2.15228748321533,1.97518754005432,1.72095012664795,0.86895006895065,-2.18595004081726,-0.16994999349117,0.13557499647141,-0.31404998898506,-5.0498251914978,-5.55692481994629,-5.30158758163452,17.965051651001,20.5590019226074,21.4489517211914,-0.38595002889633,2.96295022964478,5.72700023651123,-1.41624999046326,-1.80482494831085,-1.76687502861023,-0.91095006465912,-3.78705024719238,-4.17900037765503,0.26743748784065,1.40002501010895,1.73112499713898,0.83751249313354,1.69757497310638,2.5783998966217,10.6969509124756,8.29995059967041,6.75900030136108,22.8960018157959,21.5770511627197,16.0330505371094,-1.27462494373322,-1.06809997558594,-0.69671249389648,3.64200019836426,5.83395004272461,6.58095026016235,0.34567499160767,-0.19799999892712,-0.43738749623299,4.32423734664917,3.0549750328064,3.00973749160767,2.85405015945435,3.3030002117157,5.60295009613037,2.66895008087158,-2.90595006942749,-5.14995002746582,0.98931246995926,1.01859998703003,1.27269995212555,13.3669509887695,10.7950506210327,8.7610502243042,-2.27246260643005,-2.01836252212524,-0.65367501974106,-2.3058750629425,-3.69379997253418,-4.92401266098022,11.0350503921509,15.2680511474609,16.8979511260986,-8.65095043182373,-3.65295028686523,2.19495010375977,STIR
-0.68323749303818,-0.75652498006821,-0.57942497730255,6.78405046463013,9.23205089569092,8.95200061798096,0.61077499389648,0.97116249799728,1.17026245594025,4.92910003662109,4.73962497711182,3.74769997596741,3.75300025939941,3.33900022506714,3.33405017852783,5.46795034408569,4.3840503692627,-2.23395013809204,0.85978752374649,1.03688752651215,0.68378752470016,13.5679502487183,13.1749505996704,12.0150003433228,-1.87288749217987,-2.95790004730225,-2.67313742637634,-0.11783749610186,-1.66333746910095,-2.7664999961853,6.89295053482056,6.96495056152344,8.03400039672852,-14.0190010070801,-9.62295055389404,-5.53095006942749,1.03441250324249,1.66237497329712,1.13712501525879,1.8139500617981,-3.64095020294189,-1.43505001068115,-0.50462502241135,-1.34035003185272,-1.03125,-4.61738729476929,-2.63339996337891,-1.85143744945526,20.4630012512207,18.1180515289307,15.2179508209229,3.32205009460449,8.25405025482178,12.8790006637573,-2.73212504386902,-2.55131244659424,-2.27878737449646,-2.11905002593994,-2.88495016098022,-1.87695014476776,0.24914999306202,0.32367500662804,0.64501249790192,1.12461245059967,2.80940008163452,3.80022501945496,7.37400054931641,6.16995048522949,5.41605043411255,13.9800004959106,14.4610509872437,14.9149503707886,-0.65890002250671,-0.2727999985218,0.2758249938488,6.21000051498413,7.91295051574707,9.00495052337646,0.84163749217987,0.6377249956131,0.16362500190735,5.51182508468628,4.66386270523071,3.68293738365173,1.4800500869751,1.66695010662079,2.97105002403259,2.86005020141602,-0.82200002670288,-4.53299999237061,STIR
-1.53972494602203,-1.05104994773865,-0.65890002250671,2.10405015945435,3.68505024909973,6.21000051498413,0.90887498855591,0.85387498140335,0.84163749217987,4.85333728790283,5.43853759765625,5.51182508468628,2.63100004196167,2.02800011634827,1.4800500869751,9.19395065307617,5.7460503578186,2.86005020141602,0.92812502384186,1.01983749866486,0.93307501077652,12.5680503845215,13.1560506820679,14.5489511489868,-1.34268748760223,-3.51614999771118,-3.74577498435974,1.31271255016327,-0.02378750033677,-0.86913746595383,6.66795015335083,8.16600036621094,8.85000038146973,-13.2289505004883,-12.9679508209229,-8.11005020141602,0.1205874979496,0.31968748569489,0.60802501440048,1.04595005512238,-0.33105000853539,-4.09800004959106,0.68406248092651,0.83063751459122,0.52772498130798,-4.83724975585938,-1.7598625421524,-0.68722498416901,19.4580001831055,14.3970003128052,11.3440504074097,7.39500045776367,13.8100509643555,13.4959506988525,-2.42178750038147,-1.71077501773834,-1.19033753871918,-6.24705028533936,-6.34200048446655,-3.22200012207031,2.21361255645752,1.81898748874664,1.03221249580383,1.87481248378754,2.64316248893738,3.32488751411438,4.81605005264282,4.74405002593994,4.67505025863647,13.5970506668091,9.39000034332275,6.7150502204895,-0.51466250419617,-0.24103750288486,0.07053750008345,8.56395053863525,10.2250509262085,10.9020004272461,-0.2578125,-0.24681249260902,0.13557499647141,4.07013750076294,3.66341257095337,2.52587509155273,3.70800018310547,4.41795015335083,5.98095035552979,0.28305000066757,-2.09700012207031,-3.21495008468628,STIR
-0.73218750953674,-0.51466250419617,-0.24103750288486,6.26205015182495,8.56395053863525,10.2250509262085,-0.09418749809265,-0.2578125,-0.24681249260902,4.28147506713867,4.07013750076294,3.66341257095337,3.42495012283325,3.70800018310547,4.41795015335083,2.75505018234253,0.28305000066757,-2.09700012207031,1.02960002422333,1.04788744449615,1.04059994220734,11.2470006942749,11.6419506072998,10.7610006332397,-1.49297499656677,-2.71342492103577,-2.59627509117126,0.34883749485016,0.06668750196695,-2.21182489395142,7.86195039749146,7.76595020294189,8.7810001373291,-14.157000541687,-13.4950504302979,-5.00505018234253,1.25069999694824,1.67213749885559,1.76261246204376,3.30195021629334,-1.26495003700256,-2.73195004463196,1.31202495098114,1.09340000152588,-0.20899999141693,-5.09025001525879,-3.19536256790161,-0.55522501468658,20.1180000305176,19.1680507659912,14.1720008850098,9.44295024871826,9.68505001068115,10.5600004196167,-1.88787496089935,-1.74129998683929,-1.76082503795624,-4.70805025100708,1.17000007629395,3.65205025672913,0.45925000309944,-0.36781248450279,-0.83819997310638,2.55406260490417,2.92545008659363,3.49346256256104,6.55095052719116,6.13905048370361,5.13195037841797,7.67895030975342,7.19100046157837,7.65105056762695,-0.85552501678467,-0.20556250214577,0.48468750715256,10.326000213623,9.87600040435791,10.207950592041,-0.18823750317097,-0.0086624994874,0.21862499415874,3.55946254730225,2.65182495117188,2.48311257362366,2.85105013847351,3.98100018501282,5.43795013427734,2.37405014038086,-1.88700008392334,-4.93305015563965,STIR
-0.20556250214577,0.48468750715256,0.89155000448227,9.87600040435791,10.207950592041,10.9170007705688,-0.0086624994874,0.21862499415874,0.34567499160767,2.65182495117188,2.48311257362366,1.79533743858337,3.98100018501282,5.43795013427734,6.87600040435791,-1.88700008392334,-4.93305015563965,-7.83300018310547,1.18841254711151,1.03688752651215,0.95631247758865,10.7539501190186,8.92305088043213,7.50000047683716,-2.59503746032715,-2.6108500957489,-1.60902500152588,-2.27301239967346,-3.98213744163513,-4.96677494049072,11.0640001296997,13.5190505981445,15.0139503479004,-13.9660511016846,-3.83895015716553,1.61295008659363,-0.05403750017285,-1.06328749656677,-2.23849987983704,0.62205004692078,0.51705002784729,-2.7240002155304,-0.20405000448227,1.77993750572205,2.11956238746643,-0.65546250343323,1.35918748378754,1.90038752555847,10.8940505981445,7.67295026779175,7.03605031967163,19.5150012969971,20.053050994873,16.2049503326416,-1.08762502670288,-0.94476246833801,-0.77123749256134,4.31895017623901,7.16700029373169,9.29700088500977,0.3603875041008,0.31872498989105,0.31762498617172,4.16542482376099,3.60470008850098,2.80568742752075,3.03495025634766,2.74605011940002,3.5550000667572,2.40105009078979,-0.60900002717972,-3.17205023765564,0.6875,0.77673751115799,0.69121247529984,12.0630006790161,11.4930009841919,11.038950920105,-1.78626251220703,-1.71902501583099,-1.71050000190735,-0.63346248865128,-2.1678249835968,-3.32488751411438,6.90705013275146,8.00100040435791,9.11295032501221,-11.0200500488281,-8.68994998931885,-7.94505023956299,STIR
0.31116250157356,0.78031247854233,1.02464997768402,12.2520008087158,11.4210004806519,11.2230005264282,-0.37276250123978,-0.93953746557236,-1.50397503376007,0.69574999809265,-0.21807499229908,-1.28699994087219,4.80405044555664,6.00000047683716,6.81600046157837,-13.1520004272461,-13.863000869751,-13.3579502105713,1.35946249961853,1.56351244449615,1.64532494544983,7.09995031356812,5.57805013656616,4.03695011138916,-2.28346252441406,-1.81554996967316,-1.41240000724792,-4.65891265869141,-5.2893500328064,-5.46287488937378,11.5590009689331,15.784951210022,19.5010509490967,-1.42695009708405,3.08700013160706,7.25100040435791,0.26234999299049,-0.82871252298355,-1.39191246032715,1.69200003147125,0.87600004673004,-1.55895006656647,-0.0757625028491,1.41226243972778,2.49713754653931,-0.28764998912811,0.50765001773834,1.45076251029968,15.2110509872437,12.576000213623,9.03404998779297,20.8330516815186,21.5610008239746,14.2099504470825,-1.86216247081757,-1.69729995727539,-1.51277494430542,2.53200006484985,4.26900005340576,5.88705015182495,0.09157499670982,0.06104999780655,0.29438748955727,3.85632491111755,4.11042499542236,4.14218759536743,3.44505023956299,2.96595025062561,3.22200012207031,5.82495021820068,5.25795030593872,4.08795022964478,-0.0614624992013,0.14011250436306,0.40287500619888,10.9620008468628,9.72300052642822,9.30405044555664,-0.37881249189377,-1.33292496204376,-2.58761239051819,1.32371246814728,0.87656247615814,-0.4281750023365,7.00500011444092,7.74000024795532,8.94105052947998,-9.64695072174072,-10.4269504547119,-4.83900022506714,STIR
