gyro_x_0,gyro_y_0,gyro_z_0,acc_x_0,acc_y_0,acc_z_0,gyro_x_1,gyro_y_1,gyro_z_1,acc_x_1,acc_y_1,acc_z_1,gyro_x_2,gyro_y_2,gyro_z_2,acc_x_2,acc_y_2,acc_z_2,gyro_x_3,gyro_y_3,gyro_z_3,acc_x_3,acc_y_3,acc_z_3,gyro_x_4,gyro_y_4,gyro_z_4,acc_x_4,acc_y_4,acc_z_4,gyro_x_5,gyro_y_5,gyro_z_5,acc_x_5,acc_y_5,acc_z_5,gyro_x_6,gyro_y_6,gyro_z_6,acc_x_6,acc_y_6,acc_z_6,gyro_x_7,gyro_y_7,gyro_z_7,acc_x_7,acc_y_7,acc_z_7,gyro_x_8,gyro_y_8,gyro_z_8,acc_x_8,acc_y_8,acc_z_8,gyro_x_9,gyro_y_9,gyro_z_9,acc_x_9,acc_y_9,acc_z_9,gyro_x_10,gyro_y_10,gyro_z_10,acc_x_10,acc_y_10,acc_z_10,gyro_x_11,gyro_y_11,gyro_z_11,acc_x_11,acc_y_11,acc_z_11,gyro_x_12,gyro_y_12,gyro_z_12,acc_x_12,acc_y_12,acc_z_12,gyro_x_13,gyro_y_13,gyro_z_13,acc_x_13,acc_y_13,acc_z_13,gyro_x_14,gyro_y_14,gyro_z_14,acc_x_14,acc_y_14,acc_z_14,motion_type
2.11188673973084,3.72522974014282,3.99314379692078,-2.91775941848755,-3.58301711082459,-3.0860710144043,10.6589860916138,8.52335834503174,4.1347861289978,18.9405288696289,19.3714866638184,15.9382009506226,-7.16337060928345,-7.87656545639038,-8.55939960479736,13.4386539459229,8.7077112197876,0.35194763541222,3.25278496742249,1.94890129566193,0.60400491952896,-2.78087282180786,-2.03039407730103,-2.29085111618042,-12.5599822998047,-14.9182710647583,-14.0635404586792,0.83797061443329,-1.53707754611969,-0.48602294921875,-3.63148641586304,0.79415464401245,6.90557670593262,-25.1534824371338,-37.5506591796875,-45.2456245422363,1.64103984832764,1.2287825345993,-0.38136467337608,1.38058269023895,2.54491686820984,3.5569179058075,-27.3082637786865,-27.3082637786865,-51.7913703918457,5.564124584198,5.564124584198,-6.59123706817627,5.9340558052063,0.85966843366623,-0.41172471642494,72.4964294433594,35.1037864685059,28.5867691040039,0.37710362672806,-2.11827826499939,-2.81922245025635,0.28655612468719,0.84581995010376,1.27725207805634,10.4147777557373,8.99740982055664,7.2616138458252,-10.8600988388062,-5.74847841262817,3.86663579940796,-1.31347107887268,-1.04236125946045,-0.92784535884857,6.27999114990234,5.73890161514282,7.47469758987427,-0.16831178963184,-0.37657099962234,-0.08202536404133,-0.79042625427246,-0.32490566372871,-0.0042610578239,4.1659107208252,4.54898309707642,4.30956315994263,2.95205068588257,4.49631071090698,5.37737703323364,-0.05379585549235,-0.27590349316597,-0.54275226593018,7.67820501327515,7.66862821578979,7.49624538421631,HIT
0.86659264564514,0.69508504867554,1.13397395610809,0.02343581803143,0.10066749155521,-0.59761333465576,10.1178960800171,9.49300956726074,9.0859956741333,5.18344688415527,5.61200857162476,8.97346782684326,-4.8980860710144,-6.19770860671997,-7.47549343109131,19.8383560180664,16.4745025634766,6.58166027069092,2.0932445526123,1.59043979644775,0.04793690145016,-1.67139995098114,-2.50496935844421,-3.51537275314331,-2.15717577934265,-4.55137729644775,-9.82101535797119,-0.3256114423275,-1.52750062942505,-0.84994161128998,-6.72128629684448,-5.61926984786987,-2.08418989181519,-8.7268648147583,-14.2502889633179,-35.1732177734375,0.87458211183548,2.73559904098511,2.45969557762146,0.29614353179932,1.14995300769806,2.3803334236145,-23.5565509796143,-43.095630645752,-68.2538986206055,18.5287265777588,7.95832633972168,-7.37414121627808,5.34389925003052,-2.32920074462891,-1.75022947788239,78.4508056640625,78.4508056640625,16.7905368804932,4.75267744064331,0.10546118021011,-2.89059519767761,-2.14171409606934,2.47514200210571,1.85622334480286,8.55448246002197,9.0668420791626,8.39646530151367,-9.36132907867432,-20.4201469421387,4.34787034988403,-0.42876893281937,0.08042746782303,0.04527373984456,3.12443327903748,3.22020125389099,8.5903959274292,-0.63915866613388,-0.49268481135368,0.10279802232981,-0.3339604139328,-0.30519825220108,-0.31212249398232,4.36223554611206,4.75967311859131,4.8099513053894,2.782062292099,6.3087215423584,6.9814920425415,0.00213052891195,0.06498113274574,0.08735168725252,7.30231523513794,6.53138208389282,7.01501083374023,HIT
0.76166409254074,0.53369748592377,1.17658460140228,-0.99921804666519,-0.74834829568863,-1.07698237895966,8.7077112197876,8.7077112197876,3.67988801002502,1.51313543319702,1.51313543319702,4.70939493179321,-7.42595863342285,-8.08322715759277,-8.36339092254639,11.3796405792236,4.21140098571777,1.3718775510788,0.67111659049988,0.49215218424797,-0.63702815771103,-1.62878930568695,-1.86474537849426,-2.90497612953186,-8.12113189697266,-8.87530612945557,-7.41484260559082,1.54665434360504,0.46926352381706,1.27850365638733,-4.17317342758179,-2.33079862594604,1.66873681545258,-10.6996870040894,-20.4728183746338,-40.0142936706543,0.40160471200943,2.24025106430054,1.50095760822296,-0.12357068061829,3.01469850540161,4.49435091018677,-22.7616748809814,-64.0305328369141,-78.4508056640625,20.2262153625488,7.04374122619629,-1.02711248397827,17.4453029632568,10.7703561782837,-1.80509066581726,71.6297302246094,78.4508056640625,18.4066219329834,4.73243713378906,1.45568382740021,-3.04931950569153,-3.7795581817627,2.68712949752808,2.16035628318787,9.55286502838135,11.7363767623901,9.40681838989258,-0.91458505392075,-13.2926082611084,0.12210428714752,-1.11426663398743,-0.66632294654846,-0.78403460979462,7.76439619064331,6.61757326126099,11.7028579711914,0.60347229242325,-0.25406557321548,-0.42504051327705,-1.08443915843964,-0.44794371724129,-0.13156016170979,2.92571449279785,3.43328523635864,3.86424160003662,-1.0486603975296,0.26815059781075,2.91853189468384,-0.02982740476727,-0.01491370238364,0.03142530098557,6.61039066314697,7.22330665588379,7.53215837478638,HIT
1.36673426628113,0.65780079364777,0.6077333688736,-1.7555558681488,-1.5712651014328,-1.27884995937347,-0.66319388151169,-2.26970314979553,-2.76769709587097,0.50757074356079,0.58657944202423,1.4867992401123,-6.54285430908203,-6.38679313659668,-5.97347021102905,-4.32153415679932,-4.32153415679932,-8.04212379455566,1.60748410224915,1.33051526546478,0.55393749475479,-1.76461052894592,-1.93025922775269,-1.88072443008423,-5.15950489044189,-4.63278007507324,-4.61362648010254,2.62165093421936,0.24660277366638,-1.61848032474518,-0.85647261142731,0.42983421683311,1.88924646377563,-12.5504055023193,-13.9294652938843,-14.3604221343994,-2.24344682693481,-1.97553288936615,-2.15236687660217,0.78829568624496,0.5091964006424,3.3353431224823,-11.0755767822266,-18.6795616149902,-48.7028503417969,1.23061966896057,6.26802015304565,10.1394443511963,17.4453029632568,7.17189311981201,0.67111659049988,19.3116302490234,70.0447616577148,35.3216590881348,2.60457158088684,4.29994010925293,-0.47031426429749,-8.30693244934082,-5.58624696731567,0.94222640991211,4.00310516357422,7.68059921264648,10.2016935348511,42.9831047058105,12.5073099136353,-6.12436771392822,1.29855740070343,0.62584286928177,0.46552056074142,13.3117618560791,11.4490728378296,9.87608242034912,0.44687843322754,1.00560963153839,0.80693781375885,-0.1257012039423,-0.16351810097694,-0.19547602534294,5.01106405258179,4.55137729644775,4.31913995742798,9.80425548553467,6.23210716247559,2.76530289649963,-0.19654129445553,-0.33449304103851,-0.30413299798965,10.8433399200439,8.65264511108398,7.65905141830444,HIT
1.8748654127121,1.61866939067841,1.39017009735107,-0.1272991001606,-0.02982740476727,0.2306297570467,3.96000957489014,2.36307716369629,0.75896191596985,2.06859016418457,1.28329205513,1.29286897182465,-6.96256828308105,-6.95990514755249,-6.84272623062134,1.32638776302338,-1.05823719501495,-3.17710566520691,2.01121926307678,1.93984651565552,1.80296003818512,-0.07776430249214,-0.37071204185486,-1.11426663398743,-6.44997930526733,-7.5776481628418,-8.86333465576172,0.31842881441116,-1.49398183822632,-1.9943699836731,-4.45813179016113,-0.6615292429924,3.06370067596436,-13.2590894699097,-21.5454216003418,-30.3704490661621,-2.00003409385681,-1.92653071880341,-1.58085250854492,-0.24394555389881,0.57311224937439,3.11536598205566,-17.0084095001221,-41.0318298339844,-78.4508056640625,0.43574470281601,5.20020627975464,-0.28730419278145,17.4453029632568,7.7482008934021,-0.95980328321457,78.4508056640625,78.4508056640625,12.7874317169189,2.5598304271698,1.14196348190308,-0.44474792480469,-5.93086004257202,-1.29376363754272,1.64583361148834,7.2616138458252,5.95916795730591,7.6183500289917,8.71968269348145,0.76614451408386,-0.03591302409768,-0.4548679292202,-0.27324032783508,-0.17417073249817,12.5839242935181,6.47631549835205,9.73003578186035,0.48629322648048,0.37124466896057,0.4932174384594,0.29774141311646,0.07563377916813,-0.33822146058083,4.80755710601807,4.35505294799805,4.30716896057129,2.35589456558228,2.70784211158752,3.67509961128235,-0.31531828641891,-0.07456851005554,-0.04261057823896,7.28555583953857,7.77876138687134,8.06127738952637,HIT
1.0876350402832,1.32359111309052,1.39017009735107,-0.67111659049988,-0.91825795173645,-1.12332141399384,0.13168109953403,-2.4899697303772,-4.68784713745117,4.30477476119995,3.20583605766296,2.26970314979553,-9.2667350769043,-9.16926383972168,-8.12903308868408,3.52187061309814,-0.06943184882402,-5.47793340682983,0.79149150848389,0.44261738657951,-0.10013485699892,-1.91747605800629,-1.55102503299713,-1.04715490341187,-7.71172380447388,-8.46350288391113,-10.2160587310791,2.12365698814392,1.23301386833191,0.07661445438862,-2.0293288230896,2.23918581008911,8.25526714324951,-21.1695308685303,-33.3416519165039,-40.742130279541,0.60826599597931,1.52545869350433,1.24529409408569,2.14277935028076,2.81549406051636,4.13961744308472,-39.5258750915527,-59.7473030090332,-60.6906204223633,9.01177501678467,6.23210716247559,-6.72531270980835,1.89031171798706,1.0274475812912,1.41147541999817,75.5969161987305,13.7618713378906,19.5630226135254,0.45859634876251,-0.75687038898468,-0.69135665893555,1.6996294260025,0.61199444532394,0.23968450725079,8.85854625701904,9.30865573883057,6.32069253921509,-3.83551120758057,-2.18111777305603,4.98233366012573,-0.04154531285167,0.01491370238364,-0.4516721367836,5.99986934661865,10.4889974594116,10.0484647750854,0.01065264455974,0.25086978077888,0.17896443605423,-0.54115432500839,-0.48522797226906,0.02396845072508,4.66629934310913,4.49391651153564,4.65911674499512,2.99993467330933,3.29202723503113,1.75255560874939,0.0042610578239,-0.00585895450786,0.09693906456232,8.22168827056885,7.85058736801147,7.7763671875,HIT
1.11586451530457,1.22718465328217,1.28950262069702,-0.77018618583679,-0.98750013113022,-1.18297612667084,3.60087943077087,2.92571449279785,2.06859016418457,1.27371525764465,1.26174426078796,0.90500825643539,-5.18251180648804,-5.15108633041382,-5.05361461639404,-3.96240377426147,-4.73812532424927,-5.81791019439697,0.35473304986954,-0.06817692518234,-0.39041942358017,-0.64128917455673,-0.05379585549235,0.45540055632591,-2.91374349594116,-4.42448472976685,-6.63672733306885,-0.94810384511948,-1.46285724639893,-1.95845699310303,-0.66951870918274,3.09193015098572,8.47151565551758,-20.779275894165,-30.8229522705078,-36.9066200256348,-2.06714558601379,-1.26020789146423,0.06018744036555,1.51693654060364,0.69828087091446,-0.23276028037071,-23.8199119567871,-62.1151695251465,-54.2286682128906,1.87226569652557,4.44124412536621,-10.2807016372681,10.5375957489014,1.19043302536011,0.3275688290596,78.4508056640625,56.9628486633301,15.7562417984009,3.17981433868408,1.69909679889679,-0.95714008808136,-0.86339682340622,0.03568635880947,-0.14114753901958,8.91840171813965,8.77474880218506,8.34618759155273,7.01022243499756,-2.02070617675781,0.75177931785583,-0.45007422566414,0.07563377916813,0.31904670596123,5.72932481765747,4.93923807144165,7.56328296661377,0.57417756319046,0.22477079927921,0.2130528986454,-0.5374259352684,-0.68549770116806,-0.52197957038879,5.40131902694702,5.16189908981323,5.1379566192627,0.83557641506195,2.00634098052979,2.18830037117004,0.14700649678707,0.40053942799568,0.33023199439049,6.49307489395142,7.77397298812866,8.32463932037354,HIT
2.25409960746765,1.31240582466125,0.89428949356079,-1.04928553104401,-0.896952688694,-1.00827276706696,4.46039772033691,3.7038300037384,1.98718738555908,-1.97761058807373,-1.46525144577026,-1.10133278369904,-7.22568893432617,-6.2807993888855,-5.80995225906372,-1.10133278369904,-5.45159721374512,-6.63912153244019,-0.65726816654205,-0.74621772766113,-1.08976554870605,-0.98217380046844,-1.45834708213806,-2.24131631851196,-6.00226354598999,-7.18739366531372,-9.39963626861572,1.61608612537384,1.60172092914581,0.77093297243118,-1.84344017505646,0.372309923172,11.6486663818359,-11.7890491485596,-19.9676418304443,-40.0956954956055,1.05620968341827,1.92173707485199,2.63759469985962,2.9156289100647,1.75928425788879,2.08365726470947,-37.4979858398438,-57.9779891967773,-74.4668579101563,10.7786960601807,6.55771827697754,-3.05021286010742,16.2559356689453,0.23489081859589,2.68233585357666,78.4508056640625,26.5971870422363,17.3962688446045,0.67058396339417,0.05326322466135,-0.71958613395691,2.02133941650391,0.75314199924469,0.03675162419677,9.17218685150146,8.4299840927124,8.08282470703125,3.89297199249268,0.85712420940399,0.28251579403877,-0.52890378236771,-0.38988679647446,-0.15180018544197,9.82580375671387,7.14908647537231,7.92001914978027,0.6295713186264,0.50706589221954,0.01810949668288,-0.90068107843399,-0.68816083669662,-0.01012001186609,4.99191045761108,4.54419469833374,4.42209053039551,3.28963303565979,1.5945383310318,2.72460150718689,0.14381070435047,0.17736652493477,0.02396845072508,6.92881965637207,8.00621032714844,8.21929454803467,HIT
0.98483699560165,0.65780079364777,0.60347229242325,-0.44155210256577,-0.91346424818039,-1.03543710708618,6.59841966629028,4.61362648010254,4.61362648010254,1.4484920501709,1.69988322257996,1.69988322257996,-5.48717737197876,-5.60861730575562,-5.63897752761841,1.10133278369904,1.10133278369904,-3.23935484886169,0.29827404022217,0.08735168725252,-0.60933125019073,-0.34408041834831,-0.38669100403786,-0.39254996180534,-3.1699230670929,-4.87459468841553,-5.3749828338623,2.03028297424316,0.74220252037048,0.91458505392075,-1.66926944255829,-0.02716424316168,2.97688150405884,-12.7491245269775,-17.0610809326172,-27.0736331939697,-0.87564736604691,-1.32252585887909,-1.72413051128387,1.75449061393738,2.12253952026367,2.86076760292053,-23.9324398040771,-40.1603393554688,-63.6905517578125,3.73974299430847,2.71023631095886,2.50433492660522,17.4453029632568,1.08017814159393,-1.1861720085144,46.9981803894043,72.7789459228516,14.8201084136963,2.31854820251465,2.31481957435608,-0.86179894208908,-3.48661065101624,-0.51505535840988,0.836765229702,6.50983428955078,12.0141038894653,10.0125513076782,28.5676155090332,4.80516290664673,0.92655605077744,-0.89269161224365,-0.56831860542297,-0.14966966211796,6.61278486251831,4.57292509078979,4.61841487884521,0.48576059937477,0.30732879042625,0.448476344347,-0.57044911384583,-0.59654808044434,-0.6551376581192,5.33906984329224,4.63996267318726,4.95599746704102,1.42215585708618,2.61207413673401,4.51546430587769,0.19547602534294,0.2705771625042,0.07297061383724,6.60320806503296,9.17458057403564,8.79629707336426,HIT
1.75022947788239,1.50628399848938,1.55581879615784,-0.432497382164,-0.91452956199646,-1.14675724506378,4.27125597000122,1.04626619815826,-0.03351882472634,0.82121115922928,0.03112462162971,0.16998831927776,-5.19050121307373,-5.17345666885376,-5.09143161773682,-4.29759216308594,-5.71017122268677,-6.7348895072937,-0.14221280813217,-1.16060566902161,-3.11589860916138,-2.14224672317505,-1.58458089828491,-0.82291680574417,-5.95198535919189,-7.71890640258789,-10.2160587310791,-3.06697249412537,-3.33272886276245,-1.71185421943665,3.0439932346344,8.91945934295654,15.3733644485474,-32.0344200134277,-42.7388954162598,-38.055835723877,-0.04633900523186,1.22505414485931,-0.08788431435823,0.82025361061096,1.50734925270081,2.90018248558044,-46.5265197753906,-66.0344772338867,-62.019401550293,8.93516063690186,2.20505976676941,-16.1800155639648,11.4808874130249,1.48018491268158,0.97951066493988,78.4508056640625,57.278881072998,4.16830539703369,2.27061128616333,0.81599259376526,-0.48789110779762,-2.4921863079071,0.48629322648048,0.37337517738342,8.20971775054932,6.90966606140137,7.6183500289917,11.2910556793213,1.87226569652557,3.31596946716309,-0.51452273130417,-0.67005133628845,-0.58483016490936,11.2551422119141,7.41005420684814,6.94557905197144,1.29429626464844,0.51079428195953,0.24554345011711,-0.72278195619583,-0.87032103538513,-0.54594802856445,4.48194551467896,4.14436292648315,4.49152231216431,2.46842193603516,1.33357036113739,2.79403328895569,-0.17576862871647,0.27856665849686,0.27590349316597,5.84903478622437,6.83305168151855,8.28154373168945,HIT
1.08497190475464,1.13077819347382,1.15900778770447,-0.31265512108803,-0.79468727111816,-0.94275903701782,3.44765043258667,1.53947174549103,0.36152446269989,1.80522811412811,1.30483996868134,1.38384854793549,-6.27920150756836,-6.0491042137146,-5.78758192062378,-2.93768548965454,-4.58010768890381,-5.51145219802856,1.05514442920685,0.740891456604,0.31531828641891,-1.0657970905304,-0.97311908006668,-0.89801794290543,-3.62003302574158,-4.16112232208252,-4.27365016937256,0.23702596127987,-0.54587799310684,-0.68234747648239,-3.06210279464722,1.43917226791382,5.82220268249512,-12.5288572311401,-17.142484664917,-33.949779510498,-2.71429371833801,-2.1278657913208,0.67324715852737,0.46019423007965,0.07829693704844,0.57897120714188,-15.1337490081787,-26.9012508392334,-54.1664199829102,3.51947641372681,6.99106884002686,0.50517654418945,6.04377794265747,0.50759851932526,-0.72437983751297,64.66259765625,64.66259765625,19.436128616333,2.20030379295349,0.83303678035736,-1.35927748680115,-0.94435691833496,0.07510114461184,0.75687038898468,7.71651220321655,7.88650035858154,7.02458763122559,2.74614930152893,-2.51630592346191,-2.50194072723389,-0.39574575424194,-0.32330775260925,-0.40000680088997,7.76439619064331,7.44596719741821,8.71010589599609,0.4676510989666,0.45060685276985,0.48948901891708,-0.6013417840004,-0.46232476830482,-0.32810145616531,3.78523278236389,3.54341840744019,3.71340680122375,2.68390011787415,2.91853189468384,3.22020125389099,0.10120012611151,0.16511599719524,0.20559604465961,6.67024612426758,8.17380428314209,8.48026275634766,HIT
0.51079428195953,0.41225734353065,0.20879183709621,-0.41811630129814,-0.70893347263336,-1.49563133716583,-0.1723825186491,-2.35589456558228,-6.48349809646606,0.97444009780884,0.17717093229294,0.60573303699493,-9.05368232727051,-8.64302349090576,-8.05286693572998,-0.85473001003265,-3.30878663063049,-4.9296612739563,-0.29561087489128,-0.87404948472977,-1.52652394771576,-1.96647822856903,-1.33903741836548,-0.24288029968739,-8.90403652191162,-9.5624418258667,-10.4698438644409,1.59214413166046,0.62967503070831,0.26815059781075,-3.31670093536377,4.06771230697632,9.18737316131592,-18.6268882751465,-34.4573516845703,-34.8547897338867,0.5182511806488,2.26848077774048,3.56171178817749,0.89748531579971,-0.46871635317802,-0.2418150305748,-25.6395053863525,-56.4241523742676,-53.5965995788574,7.36456441879272,1.85071790218353,-10.8265800476074,11.4649085998535,3.59473490715027,0.14540860056877,73.0159683227539,58.0665740966797,34.5124168395996,2.31375432014465,2.10549521446228,1.02105593681335,0.24767398834229,0.68017137050629,0.78243672847748,8.45392608642578,8.99022769927979,9.50019264221191,11.4706201553345,1.31920516490936,-5.32470464706421,-0.73822826147079,-0.45593318343163,0.08522115647793,8.35576438903809,5.22414827346802,5.53299999237061,-0.1272991001606,-0.1257012039423,-0.00958738010377,-0.07456851005554,-0.45593318343163,-0.33182987570763,4.65911674499512,4.08450794219971,3.67749381065369,2.64559292793274,2.12126278877258,3.7732617855072,-0.2370213419199,0.05113269388676,-0.19813919067383,6.84981107711792,7.15387487411499,9.06205368041992,HIT
0.0,0.41651839017868,0.95234644412994,-0.74941354990005,-0.95394432544708,-0.5949501991272,5.56173038482666,4.43884992599487,2.77727389335632,3.40694904327393,5.34625244140625,4.25210237503052,-7.49413537979126,-8.35540199279785,-8.94715595245361,13.4075298309326,10.7332057952881,7.82185697555542,0.99602228403091,1.16007304191589,1.93185710906982,0.89269161224365,0.60347229242325,-1.17818248271942,-5.35822343826294,-6.71813011169434,-8.02536392211914,0.45968672633171,1.58735573291779,1.87465989589691,-5.96441555023193,-2.59764742851257,0.42024683952332,-12.7898254394531,-20.0562267303467,-20.0562267303467,-2.75051283836365,-2.14384460449219,-0.46818372607231,1.43544387817383,1.50042498111725,1.44556391239166,-18.3874683380127,-26.1949615478516,-53.6588478088379,3.69425320625305,7.68538761138916,2.09013819694519,12.8273820877075,1.71028208732605,-0.3946804702282,78.4508056640625,67.8349151611328,20.7170276641846,4.46771907806396,2.33772277832031,-1.48284816741943,-1.76461052894592,0.7600662112236,1.37259328365326,6.8545994758606,6.8545994758606,7.75481939315796,4.01747035980225,4.01747035980225,-2.09013819694519,-1.03756761550903,-0.98323911428452,-0.75207668542862,9.57201862335205,7.05331802368164,6.71813011169434,0.41172471642494,0.03408846259117,-0.02343581803143,-0.84901577234268,-0.59761333465576,-0.41758367419243,3.96479797363281,4.07014274597168,4.04859495162964,-0.18914192914963,1.12288057804108,2.52109432220459,-0.23595607280731,0.07936219871044,0.15765914320946,6.12676191329956,6.63433313369751,7.10838460922241,HIT
0.13901701569557,0.97152119874954,1.62506091594696,-1.10148346424103,-2.10016894340515,-1.74863159656525,8.48265647888184,6.90248346328735,4.79798030853271,1.85790050029755,6.41167211532593,4.48194551467896,-8.0411491394043,-9.72692966461182,-9.61827278137207,17.1999454498291,6.10042572021484,0.63925182819366,0.1145159304142,-0.25992453098297,-1.1430287361145,-1.99524033069611,-1.85142958164215,-1.84237492084503,-7.7260890007019,-6.97191524505615,-6.01423454284668,0.33279404044151,1.02711248397827,0.94092124700546,-4.40912961959839,-3.22881650924683,1.04875290393829,-9.75397777557373,-11.1378259658813,-23.0896816253662,-0.25353294610977,2.04370975494385,3.2453281879425,1.31773209571838,1.19735729694366,1.71081471443176,-19.1775550842285,-30.7846450805664,-49.8161544799805,17.8655338287354,13.0220632553101,6.3278751373291,17.4453029632568,6.27973413467407,-2.83200550079346,70.9832916259766,78.4508056640625,52.9477691650391,-0.08362326025963,1.89989912509918,0.9139968752861,-3.5313515663147,1.39869225025177,1.38164794445038,18.2222690582275,12.45703125,9.897629737854,35.9752731323242,-0.18435353040695,-2.2170307636261,-1.44130277633667,-1.42425858974457,-0.93796533346176,15.3851404190063,6.7348895072937,5.93762016296387,-0.37603834271431,-0.09108011424541,0.35579833388329,0.5054680109024,0.06817692518234,-0.2370213419199,3.53863000869751,3.30639243125916,3.72777199745178,2.43250894546509,3.42849683761597,3.03584766387939,-0.21891184151173,-0.08149272948503,0.10759171098471,6.87135887145996,6.52419948577881,7.0126166343689,HIT
0.41651839017868,0.32224249839783,0.26631611585617,0.14753912389278,0.18588864803314,0.17097494006157,6.31111574172974,6.31111574172974,1.83395850658417,2.05661916732788,2.05661916732788,1.56820213794708,-7.49093961715698,-7.99747276306152,-7.9122519493103,6.9814920425415,0.91219085454941,-1.96085119247437,1.64689886569977,1.94890129566193,1.64530098438263,-0.99655491113663,-1.39389848709106,-1.63677883148193,-5.82509279251099,-6.39012432098389,-5.46356821060181,3.12443327903748,1.84592950344086,1.44609785079956,-1.6266587972641,0.79149150848389,8.68723201751709,-17.4249992370605,-21.3945865631104,-30.1238460540771,-1.59150505065918,-1.97926139831543,-1.77739369869232,3.79393935203552,4.35267066955566,2.37234401702881,-17.3124732971191,-30.8828067779541,-49.2559127807617,4.02944135665894,6.93121385574341,-1.55862534046173,-1.00880539417267,-3.83761525154114,2.92947721481323,74.5602264404297,15.0930471420288,13.7810249328613,-0.43942159414291,-0.87191897630692,-0.42024683952332,0.85913580656052,0.01651159860194,-1.2069445848465,8.32942771911621,7.52497577667236,6.74686050415039,-2.4899697303772,1.64721071720123,4.83628749847412,-1.43118274211884,-0.40053942799568,0.10333064943552,3.62003302574158,3.53863000869751,8.40125370025635,-0.17736652493477,0.28975194692612,0.26205506920815,-0.35047200322151,-0.56831860542297,-0.09693906456232,4.84586429595947,4.65672206878662,4.69742393493652,0.75177931785583,2.26970314979553,0.71586632728577,0.37816888093948,0.46392267942429,0.28442561626434,7.7572135925293,8.46829128265381,9.03332328796387,HIT
0.16245283186436,0.33182987570763,0.20453077554703,0.00585895450786,-0.07456851005554,0.37710362672806,7.75481939315796,6.6056022644043,5.93283176422119,2.38223075866699,2.31998133659363,0.20829555392265,-10.0582265853882,-10.6824722290039,-9.41800308227539,14.745888710022,6.07408952713013,-5.96635055541992,3.35771346092224,2.20136904716492,0.40160471200943,-3.29859137535095,-3.47702312469482,-1.86953914165497,-13.1250133514404,-11.0827598571777,-10.2711248397827,-0.60573303699493,-0.79966336488724,0.34955343604088,5.94151258468628,10.5072355270386,15.2242269515991,-30.0304718017578,-29.2667217254639,-26.8653373718262,-0.88630002737045,-1.97606551647186,-2.8554413318634,3.23041439056396,3.53508019447327,1.58937454223633,-40.8019866943359,-40.8019866943359,-54.5542793273926,3.40934324264526,3.40934324264526,-0.59376204013824,8.81666088104248,-2.3073627948761,2.72121810913086,78.4508056640625,57.338737487793,3.02387666702271,1.60641884803772,0.26312032341957,0.3147856593132,-1.72359788417816,1.70016205310822,-0.74461984634399,4.85065269470215,8.01578712463379,7.26640224456787,13.9605903625488,-2.34631776809692,4.35744714736938,-1.12651717662811,-0.68656295537949,-0.48842376470566,6.91445446014404,6.28717374801636,7.8266453742981,0.33236250281334,0.36645096540451,0.12623383104801,-0.54328489303589,-0.42024683952332,-0.16990968585014,3.96479797363281,3.83311700820923,4.39096593856812,2.41814374923706,2.12365698814392,1.92014980316162,0.21358552575111,0.16032229363918,0.14753912389278,8.2911205291748,8.97346782684326,9.00459289550781,HIT
1.27032780647278,1.78911161422729,1.75821900367737,-0.18002969026566,-1.02531707286835,-1.10627710819244,6.56490087509155,-0.60573303699493,-3.49074602127075,4.86262369155884,2.11886858940125,1.90817880630493,-8.58603191375732,-7.9245023727417,-7.23580884933472,-0.1723825186491,-3.67031121253967,-5.27203226089478,0.58642810583115,0.06764429062605,-0.39574575424194,-2.83946251869202,-2.70470643043518,-2.50230622291565,-5.82748699188232,-5.12359142303467,-4.44363832473755,1.23301386833191,1.56101953983307,1.95127439498901,-0.41758367419243,1.8407769203186,4.85014915466309,-15.7466650009155,-19.194314956665,-24.593240737915,-1.85142958164215,-1.26979517936707,-1.55315554141998,3.76464462280273,2.74358868598938,4.15772724151611,-11.0851535797119,-29.6306400299072,-48.9805793762207,5.65989303588867,5.59285497665405,6.16267538070679,17.4453029632568,15.2418041229248,-1.52492606639862,24.3825492858887,24.3825492858887,19.1775550842285,1.6996294260025,2.69778227806091,1.33264589309692,-4.72551298141479,-5.65389108657837,-1.94037926197052,-1.58735573291779,3.88818359375,4.29759216308594,26.0608863830566,9.78270816802978,0.2777273952961,-0.97684752941132,-1.50894713401794,-1.30388367176056,18.614917755127,11.4993505477905,7.53215837478638,1.11213612556458,1.42692172527313,0.91186636686325,0.34301516413689,-0.80320942401886,-0.75580513477325,1.67594122886658,2.10450339317322,2.79642748832703,8.75559520721436,5.05655384063721,1.52510643005371,-0.96140116453171,-0.65300709009171,-0.29028457403183,6.05254173278809,5.09486103057861,5.28879165649414,HIT
0.60879862308502,0.82185155153275,0.82078623771667,-0.63756078481674,-0.60933125019073,-0.8884305357933,-0.53151279687881,-4.41730213165283,-4.41730213165283,4.23055458068848,1.26653265953064,1.26653265953064,-8.71066761016846,-8.07363891601563,-7.38228273391724,-2.94965648651123,-5.61200857162476,-6.49546909332275,-0.45593318343163,-0.80054622888565,-0.90227901935577,-1.03756761550903,-0.60507023334503,-0.33236250281334,-9.14824485778809,-7.6183500289917,-7.40287160873413,-0.08858546614647,1.02711248397827,1.78368031978607,1.79230749607086,5.93032741546631,10.5956525802612,-28.1558113098145,-30.9689998626709,-30.9689998626709,-2.06554770469666,-3.16862916946411,-2.5731463432312,3.85412669181824,3.44879364967346,0.06125270575285,-24.6459121704102,-46.3565330505371,-59.6706886291504,0.45010992884636,3.40934324264526,2.72460150718689,15.778697013855,4.0240364074707,-1.8109495639801,75.7597274780273,78.4508056640625,78.4508056640625,-0.93636745214462,-0.43303000926971,0.2306297570467,1.44609653949738,1.23410892486572,0.47830373048782,12.6892690658569,9.44512557983398,9.44512557983398,12.9478425979614,7.21851825714111,7.21851825714111,-0.5028048157692,0.4932174384594,0.77977359294891,5.08049583435059,4.12042093276978,7.38132381439209,0.21571604907513,-0.18216022849083,-0.17843179404736,-0.51399010419846,-0.75793564319611,-0.87671262025833,5.41568422317505,4.69502973556519,4.8099513053894,-1.38384854793549,0.56742578744888,3.18668246269226,0.14274543523788,0.16085493564606,0.02503371424973,8.49941635131836,9.14106178283691,9.44033718109131,HIT
-0.67644292116165,-1.2884373664856,-1.55954718589783,-0.95714008808136,-0.55287224054337,0.41065946221352,3.21541285514832,1.26653265953064,-4.07493114471436,-3.20104765892029,-3.33272886276245,0.71107792854309,-8.58443355560303,-8.05446434020996,-7.31730175018311,4.35984134674072,-4.80037450790405,-4.80037450790405,1.01306653022766,0.480434268713,-0.79042625427246,-0.73556512594223,-1.11906027793884,-1.58990716934204,-5.05894804000854,-5.66468143463135,-6.13155078887939,2.19308876991272,-1.09654438495636,0.83078801631927,0.84049367904663,3.8914110660553,7.57562828063965,-19.3978214263916,-24.126371383667,-24.126371383667,-0.64768075942993,-0.27217507362366,-1.35554897785187,2.53799247741699,2.6418559551239,4.59448575973511,-16.1632556915283,-26.8868846893311,-58.7369499206543,7.00543403625488,6.82826328277588,0.23942017555237,14.6148958206177,-4.55027723312378,0.34621095657349,78.4508056640625,14.1377611160278,14.1377611160278,2.95610880851746,1.3102753162384,-0.8303736448288,-3.13880181312561,0.36751624941826,0.55074173212051,9.61511421203613,9.61511421203613,6.98388624191284,7.74284839630127,7.74284839630127,3.15316367149353,-0.72757560014725,-0.03302319720387,-0.02609897963703,3.46440982818604,5.00627565383911,7.63271522521973,1.33743953704834,0.5693838596344,-0.02609897963703,-1.3102753162384,-0.98057591915131,-0.55606806278229,4.61362648010254,4.23773717880249,4.47476291656494,-1.08457338809967,-1.35990655422211,0.17477671802044,0.15393070876598,0.27963191270828,0.2130528986454,7.50342798233032,7.55370616912842,8.81305599212646,HIT
0.75473988056183,0.57151436805725,0.53795856237411,-0.50706589221954,-0.53902381658554,-0.73769563436508,4.87698888778687,1.87465989589691,-0.15562310814857,4.40533113479614,2.61446833610535,2.41574954986572,-8.09760761260986,-7.97243928909302,-7.68907880783081,3.02148246765137,-0.12210428714752,-3.1004912853241,0.48948901891708,0.41864892840385,-0.07137271761894,-0.8841695189476,-0.96299904584885,-1.22718465328217,-5.41089582443237,-5.41089582443237,-5.71017122268677,1.44609785079956,1.44609785079956,0.70150107145309,-4.43363046646118,-3.30445027351379,1.02584969997406,-10.0580415725708,-11.5232925415039,-24.7009792327881,0.37177729606628,0.73077142238617,0.83569997549057,3.04718899726868,2.43040084838867,3.41097688674927,-15.4473896026611,-27.4327621459961,-60.0513687133789,10.8529167175293,8.06606578826904,-10.6541976928711,1.74064207077026,-1.45089018344879,1.14143085479736,76.4612274169922,14.6022357940674,11.5041389465332,0.50972902774811,-1.00028336048126,-1.08443915843964,1.71986949443817,0.49161955714226,0.248206615448,8.08043098449707,8.38928318023682,7.72369480133057,-7.11317348480225,-2.19308876991272,3.80917501449585,-0.11824435740709,0.06924218684435,-0.37124466896057,4.65672206878662,7.83382797241211,9.86889934539795,0.06444849818945,0.12303804606199,0.30945932865143,-0.81652522087097,-0.9225190281868,-0.41278997063637,4.26407337188721,4.25210237503052,4.77882671356201,1.07978498935699,3.63679242134094,1.91775560379028,0.02876213937998,-0.17949706315994,-0.00532632227987,8.83221054077148,8.7484130859375,7.7763671875,HIT
1.22718465328217,0.91506218910217,0.71852087974548,-0.2306297570467,-0.5182511806488,-0.8303736448288,4.41251373291016,2.35828876495361,-2.07337856292725,0.29448682069778,0.90740245580673,2.21463656425476,-8.64035987854004,-8.70853710174561,-8.57431316375732,3.87621259689331,1.15879356861115,-1.32399356365204,0.73876088857651,0.81066626310349,0.49161955714226,-0.6615292429924,-0.32650354504585,-1.18457412719727,-7.42202520370483,-7.56088876724243,-7.21612405776978,2.29603934288025,2.19548296928406,0.56742578744888,-2.58166837692261,1.54942715167999,4.74735116958618,-13.7403240203857,-19.1967086791992,-25.8789253234863,-0.77604514360428,1.28683948516846,0.03408846259117,1.70495581626892,1.6138756275177,5.00621032714844,-15.1409311294556,-37.9648551940918,-64.4638824462891,9.25598335266113,7.48427438735962,-14.061146736145,13.2050180435181,-0.356330960989,1.11533188819885,78.4508056640625,13.268666267395,16.2446594238281,-1.58031976222992,-1.91321492195129,1.02212119102478,3.26290512084961,1.40934491157532,-0.80960100889206,7.2113356590271,7.2113356590271,4.89614248275757,-5.7819972038269,-5.7819972038269,5.48990440368652,-0.82611256837845,-0.27590349316597,-0.28708878159523,6.03578233718872,6.58884286880493,7.96550893783569,-0.04900216311216,0.04420847445726,0.08735168725252,-0.11185276508331,-0.2769687473774,-0.19600865244865,3.13161587715149,3.41652584075928,3.56975483894348,3.36385345458984,3.24653744697571,3.25611424446106,0.1304948925972,0.14860439300537,0.1113201379776,8.22647666931152,8.55208873748779,9.09557247161865,HIT
0.55606806278229,0.53423011302948,0.46285739541054,-1.22079300880432,-0.00532632227987,-0.09001484513283,4.78122091293335,2.73417830467224,0.07422025501728,2.55461311340332,0.94570964574814,0.74220252037048,-8.55567169189453,-8.20253658294678,-7.1324782371521,5.45877981185913,-7.13950967788696,-10.0340995788574,1.20428144931793,0.55713331699371,-1.35448372364044,-2.99605631828308,-2.95823931694031,-0.83569997549057,-6.49307489395142,-6.09563732147217,-5.71974802017212,0.56981998682022,-0.35913026332855,-0.9720458984375,0.32170987129211,3.05837416648865,6.54232168197632,-17.6213245391846,-23.2548809051514,-27.7057018280029,1.68365049362183,2.00056672096252,1.12864768505096,1.63091993331909,3.05890679359436,5.88878202438354,-26.4678993225098,-45.1474609375,-61.9284210205078,7.78354978561401,5.2480902671814,-2.47321033477783,17.364875793457,-2.3116238117218,1.15048563480377,78.4508056640625,20.1735439300537,19.2302284240723,-0.94595485925674,-2.52361154556274,-1.63464832305908,3.95799016952515,2.8644962310791,0.97152119874954,9.64384460449219,7.57046556472778,6.19379997253418,-15.1576910018921,-4.32632255554199,6.1890115737915,-0.72118401527405,-0.43036684393883,-0.16085493564606,7.16345167160034,5.99986934661865,5.99986934661865,-0.45859634876251,0.01597896590829,0.31372037529945,0.1193096190691,0.00639158673584,-0.2577939927578,3.56496644020081,3.72298359870911,3.72298359870911,0.62728083133698,4.95599746704102,4.95599746704102,0.13901701569557,0.20026971399784,0.21038973331451,8.25520706176758,8.01339340209961,8.48744487762451,HIT
1.00987064838409,0.5028048157692,0.124103307724,-0.86126631498337,-1.10627710819244,-1.16806244850159,-1.13963997364044,-2.74854350090027,-4.95120906829834,-1.10612118244171,-1.21146607398987,-0.23942017555237,-9.14369773864746,-8.6265115737915,-6.82568216323853,1.06063139438629,-3.60806202888489,-7.87452936172485,0.65620291233063,0.59068912267685,0.14540860056877,-1.95742344856262,-2.3547670841217,-3.83282160758972,-7.11796188354492,-6.90487766265869,-5.93043756484985,2.59052634239197,2.47560453414917,4.87698888778687,-0.73396718502045,1.55794930458069,4.81552791595459,-14.0659351348877,-17.9253883361816,-25.3067111968994,1.68205261230469,1.16060566902161,-0.58483016490936,4.54974460601807,5.53085327148438,7.61291265487671,-11.0564231872559,-40.2369537353516,-65.7136535644531,11.1067018508911,4.72854852676392,2.06380176544189,17.4453029632568,8.34155368804932,-3.17289018630981,56.5630149841309,78.4508056640625,47.4794120788574,5.5319185256958,4.18116283416748,-0.10279802232981,-8.00439739227295,-2.43839025497437,3.28740620613098,2.55700731277466,8.05888271331787,9.47385597229004,21.4448642730713,-9.33499240875244,-17.3148670196533,-0.37603834271431,-0.76965355873108,-0.4580637216568,13.6397666931152,8.94952583312988,7.39568901062012,0.80747044086456,-0.33555829524994,-0.50706589221954,-0.50173956155777,0.18748654425144,-0.02450108155608,4.87220048904419,4.82910490036011,3.95043277740479,-3.08373188972473,-3.62242722511292,4.74291372299194,-0.26684874296188,-0.07989483326674,-0.12942963838577,6.88811826705933,6.88811826705933,8.44434928894043,HIT
0.02556634694338,0.14114753901958,0.05486112087965,-0.02716424316168,-0.06231797114015,-0.05912217870355,4.29759216308594,4.32153415679932,4.53701210021973,2.11168599128723,1.55862534046173,1.20907187461853,-0.00106526445597,0.00106526445597,0.01278317347169,8.32224464416504,8.34379291534424,8.42519569396973,-0.08202536404133,-0.04154531285167,-0.11398329585791,0.01970739290118,-0.10066749155521,-0.1113201379776,4.83628749847412,4.69981813430786,4.51546430587769,2.4588451385498,1.95845699310303,1.72382521629334,-0.10226538777351,-0.09267801046371,-0.17150758206844,8.88248825073242,9.04290008544922,9.42597198486328,0.09747169911861,0.19707392156124,0.42823630571365,0.17789916694164,-0.03302319720387,-0.74568510055542,5.43962621688843,6.03578233718872,7.89607715606689,2.12126278877258,2.58334374427795,2.64559292793274,-3.36037683486938,-4.69834899902344,-5.2405686378479,21.3730392456055,17.4202117919922,14.0922708511353,1.94197714328766,0.77764302492142,-0.51665323972702,-4.04800510406494,-3.9942090511322,-3.10524582862854,6.40927791595459,4.75488471984863,2.1284453868866,-4.86262369155884,-6.30632734298706,-6.14831018447876,-7.57616090774536,-7.49466800689697,-7.22994995117188,6.26562595367432,2.23857855796814,-0.81402856111526,-2.25143647193909,-1.78857898712158,-1.33371114730835,-0.74941354990005,-0.79362201690674,-0.95820540189743,-4.02465295791626,-4.02465295791626,-4.62559747695923,2.76530289649963,2.76530289649963,3.6343982219696,-3.84933304786682,-2.74252343177795,-1.3358416557312,-10.4004125595093,-12.3684463500977,-15.3947172164917,HIT
0.77764302492142,-0.51665323972702,-1.64370310306549,-3.9942090511322,-3.10524582862854,-1.86953914165497,4.75488471984863,2.1284453868866,-0.05746084079146,-6.30632734298706,-6.14831018447876,-4.68545293807983,-7.49466800689697,-7.22994995117188,-6.77667999267578,2.23857855796814,-0.81402856111526,-3.64636921882629,-1.78857898712158,-1.33371114730835,-0.86126631498337,-0.79362201690674,-0.95820540189743,-1.35182058811188,-4.02465295791626,-4.62559747695923,-4.77643251419067,2.76530289649963,3.6343982219696,3.79241538047791,-2.74252343177795,-1.3358416557312,3.67782545089722,-12.3684463500977,-15.3947172164917,-23.6714725494385,0.04367584362626,0.40533313155174,-0.04314320906997,3.04133009910584,3.15531325340271,7.050452709198,-13.9174947738647,-31.9218921661377,-60.7432899475098,7.48427438735962,10.9103775024414,-12.5815296173096,11.5815553665161,1.18084561824799,-1.16593194007874,78.4508056640625,38.4628486633301,19.4026107788086,1.69110727310181,-3.2101743221283,-1.75608849525452,0.95394432544708,3.20005440711975,1.71134734153748,6.11718511581421,6.18422317504883,5.25287866592407,-10.433931350708,3.62721562385559,14.3269033432007,-0.70413982868195,-0.62637549638748,-0.43622580170631,11.1474027633667,8.98543930053711,8.58321285247803,-0.11398329585791,0.26258769631386,0.30519825220108,0.07936219871044,-0.2577939927578,-0.33822146058083,3.65115761756897,3.16752886772156,3.19147086143494,3.18189406394959,3.27287364006042,3.23935484886169,-0.10333064943552,-0.04048004746437,0.05645901709795,7.80749177932739,7.89368295669556,8.44434928894043,HIT
1.08870029449463,0.39681100845337,-0.43356263637543,-1.67353045940399,-1.44130277633667,-1.35554897785187,-1.13963997364044,-3.26329684257507,-5.0876784324646,-0.2777273952961,-2.03746557235718,-2.53067111968994,-9.0755205154419,-8.6568717956543,-8.20306873321533,0.08619125932455,-2.12365698814392,-3.84987640380859,-0.32490566372871,-0.26897928118706,-0.04793690145016,-1.92546546459198,-1.54782927036285,-0.79948097467422,-8.927978515625,-9.05965900421143,-9.04050540924072,4.80276870727539,5.23851346969604,8.21450614929199,2.36861562728882,11.9847574234009,17.0421009063721,-30.9689998626709,-29.9131565093994,-27.818229675293,3.5446674823761,-8.14447975158691,-12.7980871200562,1.28630685806274,11.6523952484131,11.7035284042358,-54.6955375671387,-37.9457015991211,-16.1919860839844,8.28154373168945,-34.1604690551758,26.8773078918457,3.06849431991577,-2.48579454421997,-3.15371537208557,48.7794647216797,38.08935546875,10.9774150848389,2.29937338829041,-2.25889325141907,-1.40668165683746,-1.98938131332397,3.63042116165161,2.19764065742493,6.74446630477905,6.40688371658325,6.40688371658325,-10.1490211486816,1.75255560874939,1.75255560874939,0.03462109342217,-0.64768075942993,-0.6231797337532,12.5599822998047,10.7786960601807,9.16979217529297,0.42450788617134,0.03195793181658,0.01278317347169,-0.42504051327705,0.2609897851944,0.40693101286888,3.12443327903748,3.28723883628845,3.28723883628845,0.90979665517807,2.15478157997131,2.15478157997131,0.07403588294983,0.05006742849946,-0.07510114461184,7.33343982696533,8.19535255432129,8.36055278778076,HIT
0.51399010419846,-0.13582122325897,-0.02609897963703,-0.62903863191605,-0.72278195619583,-0.9076052904129,-0.75656771659851,-3.17231726646423,-3.1387984752655,-1.89381349086761,0.33997663855553,2.16435837745667,-6.97535181045532,-6.28772354125977,-4.5428204536438,-4.33589935302734,-8.18098735809326,-11.049241065979,0.33609092235565,0.20932446420193,-0.1193096190691,-2.03145933151245,-1.93398761749268,-2.13905096054077,-2.48278713226318,-2.17872357368469,-2.52348852157593,2.55221891403198,3.13401007652283,2.80600428581238,2.84478878974915,4.73616600036621,7.30238771438599,-13.445837020874,-15.4090824127197,-18.5574569702148,1.32572162151337,1.40029013156891,1.26074051856995,3.26876401901245,3.21922922134399,2.89751935005188,-15.9525661468506,-30.3656597137451,-40.3351173400879,8.83699893951416,6.24647235870361,-2.2553379535675,17.1044178009033,-1.18350875377655,-0.36165729165077,52.5814590454102,37.6727638244629,8.47307968139648,5.06160402297974,3.71351194381714,-1.28311109542847,-4.19394636154175,-0.84155893325806,1.35714685916901,6.76601409912109,5.20260047912598,6.81629228591919,13.4625959396362,-3.84987640380859,-5.14513921737671,-0.51984906196594,-0.16245283186436,0.19547602534294,6.8545994758606,4.40054273605347,8.78193187713623,0.18162758648396,-0.39947417378426,-0.26365295052528,-0.388288885355,-0.1432780623436,-0.07829693704844,3.78283858299255,3.64397501945496,4.01268196105957,-0.07900865375996,2.10689759254456,5.31033945083618,0.1272991001606,0.24234765768051,0.19174760580063,6.97430944442749,7.41244840621948,8.9088249206543,HIT
0.71212929487228,0.69561767578125,0.57471019029617,-1.51054501533508,-1.44343328475952,-1.46686911582947,0.34715923666954,0.34715923666954,-1.8866308927536,-0.08619125932455,-0.08619125932455,0.67755907773972,-5.09356212615967,-4.30153799057007,-3.42162942886353,-9.20091724395752,-10.2208471298218,-11.6813097000122,-0.36858150362968,-0.52038168907166,-0.5544701218605,-1.9393138885498,-1.55581879615784,-1.1174623966217,-2.13083958625793,-2.0135235786438,-3.06697249412537,1.04387199878693,1.74297881126404,1.7405846118927,2.96889209747314,7.6331524848938,11.527759552002,-12.8975648880005,-21.4400768280029,-25.0122261047363,-2.79259085655212,-2.72601175308228,-2.09644055366516,1.98884868621826,2.06501507759094,1.60535359382629,-19.5654163360596,-39.1188621520996,-50.7163734436035,5.69820022583008,7.42920780181885,6.21055936813354,15.9070615768433,3.771568775177,-1.54250288009644,70.1094055175781,72.0199813842773,23.6906261444092,3.13400793075562,1.34915745258331,-1.17978036403656,-7.175621509552,0.45327001810074,1.39496386051178,3.27287364006042,7.54412937164307,7.93677854537964,28.8046398162842,-7.82903957366943,-6.892906665802,-0.34940674901009,-0.42397525906563,-0.4548679292202,9.2057056427002,8.40604209899902,9.46906757354736,0.31638354063034,-0.27963191270828,0.04633900523186,-0.43782368302345,-0.09693906456232,-0.09693906456232,4.18267059326172,4.01986455917358,4.07732534408569,-2.00634098052979,2.27449154853821,5.87297677993774,-0.00905474834144,-0.06657902896404,-0.13582122325897,7.6375036239624,8.35336971282959,7.63032102584839,HIT
1.01413178443909,0.92305165529251,1.00720751285553,-0.76485985517502,-0.52304482460022,-0.61785340309143,3.13161587715149,2.48757553100586,2.31519293785095,0.67516487836838,1.06063139438629,1.88423669338226,-6.00329780578613,-5.58624696731567,-4.99609041213989,-3.25132584571838,-5.74608421325684,-7.89128875732422,1.26446890830994,1.1004182100296,0.93583482503891,-1.65755152702332,-1.72572839260101,-1.59576618671417,0.57221418619156,0.22505496442318,-0.217872351408,1.19710087776184,1.0989385843277,1.21146607398987,-0.37444046139717,1.09349393844604,3.61870336532593,-11.9614315032959,-13.8743991851807,-21.2676944732666,0.35473304986954,0.62531024217606,-0.33555829524994,2.63386631011963,3.23361015319824,5.38970565795898,-8.04691219329834,-30.504524230957,-54.9732666015625,6.68221712112427,4.78600931167603,1.07020819187164,17.4453029632568,-0.31957933306694,-1.64050722122192,43.0333824157715,43.5672874450684,18.8327903747559,4.50447082519531,1.57712399959564,-2.22107648849487,-5.34443187713623,1.76514315605164,4.10712718963623,7.14669227600098,8.09000778198242,8.31266784667969,6.35181713104248,-12.3277444839478,-11.2671127319336,-0.74834829568863,-1.17392146587372,-1.11906027793884,10.5368814468384,7.953537940979,5.74129581451416,-0.75420725345612,-1.04875290393829,-0.29081720113754,0.25885927677155,0.76379460096359,0.35260254144669,3.79959797859192,3.79959797859192,3.46680402755737,-2.94965648651123,-2.94965648651123,7.03895282745361,0.13102753460407,0.00479369005188,-0.01065264455974,7.62792682647705,8.34379291534424,7.71411800384521,HIT
-0.03675162419677,0.06125270575285,0.45699843764305,-0.94702011346817,-0.80533993244171,-1.09189605712891,-4.07493114471436,-5.29597425460815,-5.33428144454956,0.63685762882233,2.32716393470764,4.18985319137573,-6.76496171951294,-5.9340558052063,-4.9614691734314,-7.65665721893311,-9.01177501678467,-10.5656118392944,0.55873119831085,-0.00905474834144,-0.67804080247879,-2.99445843696594,-2.6839337348938,-0.94542223215103,-4.48433971405029,-4.1347861289978,-6.10760831832886,1.52031803131104,2.30801033973694,4.11323833465576,3.76464462280273,7.24486351013184,11.1645040512085,-19.7713184356689,-24.6028175354004,-24.7847766876221,0.740891456604,1.47006499767303,0.31265512108803,3.96917533874512,4.43682622909546,5.94257783889771,-13.8576393127441,-40.2513198852539,-56.7138481140137,11.9853734970093,10.2711248397827,-4.55137729644775,17.4453029632568,-3.57502746582031,1.9435750246048,58.0929107666016,51.2766189575195,7.5273699760437,2.06927609443665,-1.39762699604034,-0.63063657283783,-0.53369748592377,2.5555694103241,0.04261057823896,9.45230865478516,7.09162521362305,4.04859495162964,-13.4841442108154,-9.72764110565186,9.19612884521484,-0.47137951850891,-0.6551376581192,-0.52570801973343,9.00459289550781,8.56405925750732,6.52659368515015,-0.09001484513283,-0.05060006305575,-0.24447819590569,-0.01278317347169,0.28229507803917,0.29667615890503,3.30399823188782,3.19147086143494,3.31596946716309,3.24653744697571,2.57376670837402,1.55383694171906,0.06817692518234,-0.03515372797847,0.0042610578239,9.09078407287598,8.53772354125977,8.17380428314209,HIT
1.13397395610809,0.9161274433136,0.80107885599136,-1.10361397266388,-0.97365170717239,-0.8820389509201,0.69671267271042,-0.63925182819366,-3.00711727142334,2.67671751976013,2.07816696166992,1.33835875988007,-9.03930187225342,-8.81772613525391,-8.30959510803223,1.79086291790009,-1.46525144577026,-4.48912811279297,1.01519703865051,0.6998787522316,0.38882151246071,-2.00269722938538,-2.23492479324341,-3.02375316619873,-7.90565395355225,-6.8737530708313,-5.41329002380371,1.61848032474518,1.86987149715424,4.24970817565918,-1.36247324943542,5.72526359558105,9.99431133270264,-17.1448783874512,-30.1525764465332,-31.9649868011475,0.86978840827942,0.80533993244171,0.41705104708672,3.29752612113953,3.97130584716797,5.14469480514526,-22.2301635742188,-42.0062675476074,-61.9619407653809,7.92720174789429,6.82586908340454,1.99676418304443,9.02119159698486,-3.20644593238831,-2.09004878997803,78.4508056640625,55.4497108459473,55.4497108459473,2.27220916748047,-1.38324594497681,-2.722815990448,1.97020661830902,2.78566646575928,1.24742472171783,7.1227502822876,7.20415306091309,6.93839645385742,-12.3061971664429,-13.8169384002686,0.73023152351379,-0.75473988056183,0.27483823895454,-0.03781688958406,10.0580415725708,9.5408935546875,11.9159421920776,-0.02609897963703,0.46019423007965,0.28549087047577,0.00532632227987,-0.06178534030914,-0.07137271761894,3.45722723007202,3.56975483894348,3.42610263824463,4.75967311859131,1.8171991109848,0.74220252037048,0.07669904083014,-0.05006742849946,-0.10386328399181,9.59117221832275,9.49061584472656,9.36611747741699,HIT
-1.4423680305481,-1.47752177715302,-1.26446890830994,-1.30761206150055,-1.20374882221222,-0.97311908006668,-0.56742578744888,-1.9632453918457,-2.10689759254456,0.46686932444572,2.3056161403656,3.83072280883789,-6.42034864425659,-5.71567630767822,-4.88263940811157,-3.09809708595276,-7.66862821578979,-11.2431707382202,1.01359915733337,0.4996090233326,-0.29241508245468,-1.17072558403015,0.24873925745487,1.63251781463623,-4.75967311859131,-5.96635055541992,-7.45075559616089,5.61919116973877,1.90817880630493,1.54665434360504,5.11220407485962,8.14128398895264,11.6800918579102,-19.6587905883789,-19.6587905883789,-22.4216995239258,-0.16884441673756,-3.71031618118286,-6.86243343353271,5.83658409118652,8.00706005096436,3.75239396095276,-39.4013786315918,-48.3700561523438,-32.3097534179688,-1.62326872348785,-8.2504186630249,-0.87627780437469,3.00298047065735,-0.00905474834144,1.79923164844513,78.4508056640625,9.05247688293457,8.87769985198975,-0.83729785680771,-0.59708070755005,0.33236250281334,1.36833214759827,-0.27590349316597,-1.0061422586441,8.42040729522705,8.42040729522705,5.655104637146,-4.09408473968506,-4.09408473968506,5.01106405258179,-0.13475595414639,-0.2354234457016,-0.30146983265877,6.90966606140137,9.94551372528076,7.29034423828125,0.33822146058083,0.15765914320946,-0.16298545897007,-0.43196472525597,-0.19387812912464,-0.25193503499031,4.065354347229,4.29040956497192,4.30477476119995,2.27449154853821,-0.36631286144257,1.14921677112579,0.02769687585533,0.06924218684435,-0.00266316113994,8.66940402984619,8.78672027587891,8.54011726379395,HIT
-0.17843179404736,0.09906959533691,0.64075654745102,0.88736528158188,0.70946609973907,0.08309062570333,-4.37899494171143,-5.01106405258179,-5.9711389541626,0.61052143573761,2.19069457054138,3.54820680618286,-7.87709808349609,-6.68559980392456,-5.83338832855225,-3.57933163642883,-7.92241334915161,-9.64863300323486,1.07325398921967,0.01544633507729,-0.45859634876251,-1.7853832244873,-1.47805440425873,-0.78936094045639,-6.01902294158936,-4.71897172927856,-4.84825849533081,0.64882868528366,0.36631286144257,1.71185421943665,3.07861423492432,6.29624557495117,13.7941093444824,-21.5621795654297,-24.9763126373291,-24.1598892211914,2.66049790382385,4.83363723754883,2.27966594696045,1.04555702209473,-0.49375006556511,1.27299106121063,-36.2913093566895,-58.0426330566406,-46.1195068359375,9.95509052276611,0.98401689529419,-30.3943901062012,9.33864116668701,-0.27856665849686,2.8000476360321,78.4508056640625,57.7026557922363,13.4817495346069,-0.23169502615929,-0.53689330816269,-0.73290193080902,2.67328119277954,1.0146644115448,-0.5091964006424,9.4020299911499,9.57680702209473,7.58483076095581,-2.9161376953125,-2.62643933296204,-3.23456645011902,0.2577939927578,0.16511599719524,-0.40426784753799,7.97987413406372,11.6166667938232,12.6174430847168,-0.83410209417343,-0.59388494491577,-0.16351810097694,-0.21678131818771,0.41278997063637,0.51931643486023,3.32794046401978,3.43807363510132,3.37103605270386,1.60650932788849,3.47877502441406,3.88578939437866,-0.03462109342217,-0.05912217870355,0.04793690145016,8.7268648147583,8.53293514251709,7.8266453742981,HIT
-0.14860439300537,0.02609897963703,0.09427590668201,0.06125270575285,-0.07030745595694,-0.06711166352034,4.03422975540161,3.93606758117676,4.08690214157104,1.34554135799408,2.11886858940125,1.79325711727142,-0.06285060197115,-0.10226538777351,-0.07669904083014,9.2033109664917,8.86812305450439,8.7675666809082,0.03568635880947,0.04633900523186,0.00639158673584,-0.02929477207363,-0.06551376730204,-0.04687163606286,4.21140098571777,4.37660074234009,4.45082092285156,1.87705409526825,1.48201084136963,1.56101953983307,-0.11185276508331,-0.17363810539246,-0.232227653265,9.17697525024414,9.68694019317627,10.0652236938477,0.00639158673584,0.08522115647793,0.04953479766846,-0.02237055450678,-0.124103307724,-0.15393070876598,5.71495962142944,6.51701688766479,7.14669227600098,1.83156430721283,2.20266556739807,2.04464817047119,-1.64743149280548,-2.54864525794983,-3.26343774795532,19.7545585632324,19.6252708435059,17.7937068939209,0.96193379163742,1.15847504138947,0.95181381702423,-0.63862603902817,-0.77178412675858,-0.4868258535862,5.95437955856323,5.1786584854126,5.1786584854126,4.15393972396851,2.27449154853821,2.27449154853821,-6.45496988296509,-7.20065498352051,-8.50986480712891,14.3340854644775,11.1737394332886,5.66228723526001,0.18429075181484,1.42692172527313,1.99577295780182,0.00106526445597,-1.31347107887268,-2.06767821311951,-5.85621738433838,-6.50744009017944,-6.63912153244019,1.30483996868134,3.8379054069519,3.47877502441406,-6.10396528244019,-4.54974460601807,-2.54012298583984,-12.0452289581299,-14.8512334823608,-17.1903686523438,HIT
0.95181381702423,0.4772384762764,0.00798948295414,-0.4868258535862,0.02876213937998,0.60720074176788,5.1786584854126,2.18351197242737,-0.22505496442318,2.27449154853821,-1.25456166267395,-1.45806884765625,-8.50986480712891,-8.73623371124268,-7.96178674697876,5.66228723526001,1.79565131664276,-5.90888977050781,1.99577295780182,2.18006372451782,1.6996294260025,-2.06767821311951,-2.47514200210571,-2.69831490516663,-6.63912153244019,-6.2584433555603,-4.84586429595947,3.47877502441406,2.00873517990112,-0.00718260509893,-2.54012298583984,1.99950134754181,5.11806297302246,-17.1903686523438,-19.716251373291,-27.1789779663086,-0.56352490186691,0.59761333465576,-0.81226414442062,2.1278657913208,2.98274040222168,5.50581932067871,-11.8584814071655,-37.0861854553223,-49.1769027709961,10.0963487625122,3.85227060317993,-5.14035081863403,14.2420530319214,5.96068716049194,3.69167399406433,61.2460746765137,54.2909164428711,21.7800521850586,0.32170987129211,-0.28069719672203,-0.13102753460407,-0.40586575865746,0.39894154667854,0.70467245578766,7.64708042144775,8.52096366882324,8.61673164367676,-0.24420857429504,4.75967311859131,4.55137729644775,-0.07989483326674,-0.26791399717331,-0.36538571119308,14.0108680725098,9.87608242034912,9.75158309936523,0.24607609212399,0.21252025663853,0.35206991434097,-0.16245283186436,-0.20879183709621,-0.32543829083443,3.73734879493713,3.24653744697571,3.33033466339111,1.08217918872833,2.96402168273926,2.91134929656982,-0.11664646118879,-0.1320927888155,-0.06125270575285,8.38210010528564,8.52575206756592,7.82903957366943,HIT
0.08628641813993,0.07243798673153,0.06764429062605,-0.07936219871044,-0.11238539963961,-0.06444849818945,4.31195735931396,4.35505294799805,4.17069959640503,2.20745396614075,2.20505976676941,2.20984816551209,-0.00852211564779,0.03142530098557,-0.03941478580236,8.34858131408691,8.79869079589844,9.29907894134522,0.05858954414725,0.10226538777351,0.16351810097694,-0.08948221802711,-0.14594122767448,-0.07084008306265,4.33829355239868,4.33829355239868,4.52504110336304,2.08534979820251,2.47081613540649,2.48518133163452,-0.11504855751991,-0.22210763394833,-0.48256480693817,9.56723022460938,9.76115989685059,10.1131076812744,0.41811630129814,0.44474792480469,0.53209960460663,-0.12996226549149,-0.4612595140934,-1.95369505882263,5.97353315353394,6.30632734298706,6.58884286880493,2.2864625453949,1.87465989589691,2.90416669845581,-3.62669277191162,-4.28928756713867,-4.95614290237427,18.8615207672119,16.536750793457,16.8025074005127,0.00585895450786,-0.15446335077286,-0.29933932423592,-0.85380947589874,-0.73023879528046,-0.26205506920815,5.02303504943848,3.17231726646423,0.641646027565,0.00478840339929,-0.34955343604088,-0.61770403385162,-8.5444860458374,-8.51252841949463,-8.32184600830078,7.13232707977295,2.6623523235321,0.12449848651886,0.61891865730286,0.90387690067291,1.03650236129761,-0.95554220676422,-1.49350070953369,-2.0469057559967,-5.92804336547852,-7.2304892539978,-7.83382797241211,1.4484920501709,1.95127439498901,1.7788919210434,-5.72100257873535,-4.01498174667358,-1.9094865322113,-10.9223480224609,-14.1664915084839,-16.2805709838867,HIT
-0.21252025663853,0.05273059010506,0.34301516413689,0.16671389341354,0.13422332704067,-0.35473304986954,-1.25216746330261,-2.08056116104126,-3.80678081512451,0.30406361818314,1.08696758747101,1.17076468467712,-8.09441184997559,-7.60279226303101,-6.83313894271851,-2.18830037117004,-5.11401462554932,-7.97747993469238,0.80267679691315,0.09853696078062,-0.90387690067291,-2.5640914440155,-3.06849431991577,-3.04292798042297,-7.7763671875,-7.17542266845703,-6.74446630477905,0.96246910095215,0.01197100803256,0.0981622710824,0.68230187892914,4.06398391723633,8.22384166717529,-20.1950912475586,-26.6809844970703,-30.42551612854,-0.25086978077888,0.52996909618378,-0.04474110901356,3.16063952445984,2.82827711105347,1.13663721084595,-17.5638637542725,-49.1888732910156,-61.1814308166504,10.6925048828125,4.28801536560059,-12.6916627883911,16.0322303771973,1.19522666931152,1.21812987327576,76.3008117675781,78.4508056640625,0.99359369277954,0.39095205068588,-2.02719831466675,1.26659941673279,0.66365975141525,1.31293845176697,-2.102299451828,7.86734676361084,7.0820484161377,4.11084413528442,-5.22893667221069,6.60799646377563,7.87931776046753,-0.35473304986954,0.27324032783508,-0.23435817658901,5.83466958999634,9.41400146484375,8.36294651031494,0.40426784753799,0.18855181336403,-0.33502566814423,-0.44421526789665,-0.07510114461184,0.4548679292202,3.40216064453125,3.55778384208679,3.56975483894348,2.76769709587097,1.57299053668976,2.47799873352051,0.04207794740796,-0.07456851005554,-0.14114753901958,9.11472606658936,9.50019264221191,8.53532886505127,HIT
0.88363689184189,0.79308938980103,0.84795051813126,-0.04101268202066,-0.06764429062605,-0.06711166352034,6.49068069458008,6.36618232727051,5.71735382080078,1.72382521629334,2.2361843585968,2.36547136306763,-5.6757287979126,-6.98014545440674,-7.36790180206299,12.033257484436,9.64623832702637,6.90008926391602,0.4293015897274,1.37632167339325,1.99524033069611,-0.00905474834144,-0.34141725301743,-0.89642006158829,-1.49398183822632,-3.12682747840881,-3.93606758117676,3.40455484390259,4.13718032836914,3.87860679626465,-4.44960975646973,-1.50734925270081,0.47936901450157,-11.6406087875366,-15.5503396987915,-16.6109714508057,-0.87085372209549,-0.6077333688736,-1.18723726272583,3.08287525177002,2.33878803253174,2.93586874008179,-7.33343982696533,-22.6898498535156,-51.8943214416504,3.82832860946655,4.77643251419067,0.44771572947502,13.4606819152832,2.23172903060913,0.08628641813993,78.4508056640625,58.4640121459961,20.9013805389404,1.5968314409256,0.15020228922367,-0.86126631498337,-4.93377256393433,1.06206870079041,2.28712272644043,8.54730033874512,8.13070869445801,7.73566579818726,4.73333692550659,-1.27371525764465,-0.16041150689125,-0.81013363599777,-0.96832537651062,-0.49428272247314,13.7690544128418,13.7690544128418,5.94959115982056,-0.03142530098557,-0.17310547828674,-0.03994741663337,-0.04633900523186,-0.18269285559654,-0.43036684393883,3.6152446269989,3.6152446269989,3.1387984752655,2.03028297424316,2.03028297424316,3.98634576797485,-0.32170987129211,-0.01917476020753,0.2338255494833,6.95515584945679,6.86417627334595,7.1227502822876,HIT
-0.2833603322506,2.00109934806824,2.70577168464661,0.13954964280128,-0.46924898028374,-0.32490566372871,4.66390514373779,3.35427665710449,0.98162269592285,7.26640224456787,9.37569427490234,4.55137729644775,-9.40042591094971,-9.69071102142334,-8.72078704833984,12.4929447174072,-1.06541979312897,-5.53060579299927,1.96328234672546,0.48629322648048,0.00479369005188,-1.52386081218719,-1.36353850364685,-1.54995977878571,-6.41885471343994,-5.43723201751709,-4.97515106201172,-0.05985504388809,-1.3718775510788,-0.18435353040695,-0.69295454025269,1.81734120845795,4.73350238800049,-17.3459911346436,-20.4728183746338,-26.2141151428223,-1.23304355144501,-1.23783731460571,-0.58429753780365,1.94836866855621,3.62402963638306,3.33161449432373,-8.87051773071289,-39.5091171264649,-63.7695617675781,4.13957452774048,9.19612884521484,4.67348194122314,17.4453029632568,-1.60854935646057,0.56991648674011,66.4343109130859,28.2420024871826,10.7619361877441,1.74596846103668,-1.25861001014709,-1.97180449962616,0.77657777070999,4.14707469940186,2.25037121772766,8.47786808013916,7.07486581802368,7.69017601013184,-8.10916137695313,-8.66940402984619,3.42131423950195,-0.37657099962234,-0.84155893325806,-0.32064458727837,14.1521263122559,9.3828763961792,9.3828763961792,0.46445530653,-0.09747169911861,-0.28762140870094,0.05912217870355,0.50440269708633,0.14540860056877,3.44765043258667,3.64397501945496,3.4620156288147,-0.69192427396774,-0.48602294921875,1.64002811908722,-0.17789916694164,0.14913702011108,0.04261057823896,7.94396114349365,8.95192050933838,9.96466732025146,HIT
0.57098174095154,0.50120693445206,0.26951190829277,-0.95500957965851,-0.51612061262131,-0.73609775304794,0.11731588095427,-2.65756392478943,-3.26808524131775,2.84191751480103,0.85473001003265,0.28490999341011,-7.2475266456604,-6.79478931427002,-5.5484299659729,-1.56580793857574,-3.5003228187561,-7.23527765274048,-0.24394555389881,0.18961706757545,0.85647261142731,0.37816888093948,0.43729105591774,0.08096009492874,-3.18189406394959,-3.18189406394959,-2.35350036621094,2.14999318122864,2.14999318122864,3.91212558746338,-0.15552860498428,1.79923164844513,4.68343496322632,-16.3236675262451,-17.9205989837646,-22.9172992706299,2.62055063247681,0.06604639440775,-3.83015823364258,1.10894024372101,5.90529346466064,7.54793119430542,-5.72453641891479,-31.268274307251,-41.0390129089355,-1.19949507713318,3.07894349098206,-12.4378776550293,8.80441093444824,-1.46580386161804,-0.82291680574417,67.8708267211914,16.2015628814697,11.9734029769897,3.13294267654419,0.89215898513794,-0.93743270635605,-1.14143085479736,1.57925450801849,2.24451231956482,5.7436900138855,5.82030439376831,5.49229860305786,-2.8969841003418,-8.02536392211914,-6.03338813781738,-0.36485308408737,-0.46072688698769,-0.32490566372871,9.61271953582764,7.62792682647705,8.28393745422363,0.47297742962837,0.09321063756943,-0.24447819590569,-1.11852765083313,-0.37177729606628,0.28921929001808,3.08373188972473,2.8012158870697,2.85149431228638,1.52510643005371,0.56981998682022,1.39342534542084,-0.05539375171065,-0.00532632227987,-0.15020228922367,8.83221054077148,8.77474880218506,9.22725296020508,HIT
-0.86179894208908,-0.86659264564514,-0.60507023334503,1.02158856391907,1.11533188819885,0.42504051327705,5.02064085006714,4.93205547332764,2.8658595085144,-1.29765737056732,-0.18435353040695,0.96007490158081,-5.3247241973877,-4.97904586791992,-4.15399885177612,-3.90973138809204,-5.65031623840332,-8.67658710479736,0.9480853676796,0.97791278362274,0.48789110779762,-1.63997459411621,-1.69110727310181,-1.5025554895401,-0.51714754104614,-0.86670100688934,-2.97120428085327,2.08056116104126,1.76931500434875,-0.83557641506195,-0.31372037529945,2.63759469985962,13.3898420333862,-13.3093671798706,-26.5205726623535,-37.0359077453613,-1.66074728965759,-0.98643487691879,-1.38271331787109,3.00457835197449,2.81762456893921,1.18297612667084,-33.8707733154297,-51.6932106018066,-42.5641174316406,8.5712423324585,4.23055458068848,-4.09408473968506,9.52932357788086,0.83623260259628,2.29457974433899,77.3758087158203,40.7325553894043,16.7713832855225,1.06632971763611,-0.75420725345612,-0.50706589221954,1.53238296508789,1.67938935756683,-0.18908444046974,8.00142192840576,8.20253467559814,6.0597243309021,-2.39899015426636,-5.16908168792725,8.82263278961182,0.51665323972702,0.35739621520042,-0.28708878159523,7.8266453742981,11.5568113327026,9.97663879394531,-0.06817692518234,0.3850930929184,0.22690132260323,-0.40107205510139,-0.36432045698166,-0.28176245093346,4.52504110336304,4.35265874862671,4.24970817565918,6.59123706817627,3.87381839752197,1.38624274730682,-0.38562572002411,-0.49215218424797,-0.46179214119911,10.223240852356,9.50258636474609,8.9471321105957,HIT
0.05965480953455,0.27803403139114,0.16032229363918,-0.13156016170979,-0.18162758648396,-0.15233281254768,4.25928497314453,4.32153415679932,4.41730213165283,2.76769709587097,2.17872357368469,1.33357036113739,-0.03675162419677,-0.02556634694338,0.03834952041507,8.81545066833496,8.26957225799561,8.26957225799561,0.05379585549235,0.07456851005554,-0.00106526445597,-0.04527373984456,-0.07084008306265,-0.07723167538643,4.503493309021,4.5920786857605,4.53222370147705,2.37265396118164,2.07098436355591,1.50355863571167,-0.01118527725339,-0.02663161233068,-0.07669904083014,8.60715484619141,8.82023906707764,9.16739845275879,0.07456851005554,0.09693906456232,-0.05219795927405,-0.08202536404133,0.06551376730204,0.08522115647793,4.8602294921875,5.87776517868042,6.42364311218262,1.91296720504761,2.21942496299744,1.07978498935699,-1.44343328475952,-2.74465394020081,-3.33001661300659,21.7896289825439,20.8798332214355,15.8208847045898,1.38431119918823,1.45728182792664,1.35874485969543,0.31851407885551,0.14860439300537,-0.03249056637287,6.67024612426758,5.66707563400269,3.87381839752197,4.35265874862671,2.25054955482483,1.57059633731842,-6.47947120666504,-6.80917024612427,-7.12502145767212,8.46350288391113,3.79720377922058,4.29040956497192,1.88871383666992,1.37312591075897,1.22558677196503,-1.52226293087006,-0.91080111265182,-0.8175904750824,0.3016694188118,-1.54186594486237,-1.71185421943665,2.93050289154053,1.76213240623474,1.15161097049713,-5.05840826034546,-4.14015007019043,-2.21415209770203,-9.03092861175537,-10.7667245864868,-12.1769094467163,HIT
2.10283207893372,1.88871383666992,1.37312591075897,-1.81680858135223,-1.52226293087006,-0.91080111265182,0.3016694188118,0.3016694188118,-1.54186594486237,2.93050289154053,2.93050289154053,1.76213240623474,-5.91381549835205,-5.05840826034546,-4.14015007019043,-7.58243656158447,-9.03092861175537,-10.7667245864868,0.35047200322151,0.19920445978642,0.00372842559591,-1.14728987216949,-0.79468727111816,-0.31212249398232,-1.10133278369904,-1.27850365638733,-1.37666594982147,0.88346040248871,0.7972691655159,0.58897364139557,1.19629204273224,4.139084815979,5.9340558052063,-13.5032978057861,-12.5144920349121,-14.3843641281128,-1.37525641918182,-0.81865572929382,-0.82078623771667,1.22185838222504,1.053013920784,4.62963914871216,-14.2478942871094,-25.3929023742676,-56.6348419189453,1.51313543319702,9.0836009979248,-14.4801321029663,14.4263439178467,3.71031618118286,1.28737211227417,69.4964904785156,61.969123840332,61.969123840332,1.57925450801849,-0.8303736448288,-1.83704853057861,0.3850930929184,1.96967399120331,1.69856417179108,7.83143377304077,8.64067363739014,7.4387845993042,-2.94247388839722,-5.4444146156311,2.48518133163452,-0.45859634876251,-0.45859634876251,-0.57630807161331,14.061146736145,9.33259868621826,9.52892303466797,-0.02609897963703,-0.00905474834144,0.24288029968739,-0.17310547828674,-0.32011196017265,-0.34088462591171,3.3423056602478,3.02866506576538,2.9352912902832,0.8451532125473,3.11006808280945,2.76051449775696,-0.33236250281334,-0.31744879484177,-0.25566345453262,8.99262142181396,8.65503883361816,8.32703304290771,HIT
0.08415589481592,0.01544633507729,-0.01438106968999,-0.04793690145016,-0.00213052891195,-0.01012001186609,4.0270471572876,3.8187518119812,3.9576153755188,2.79642748832703,2.1978771686554,2.4205379486084,-0.02024002373219,-0.07030745595694,-0.05379585549235,8.65025043487549,8.64067363739014,8.38449478149414,0.10759171098471,0.02343581803143,-0.06657902896404,-0.02929477207363,0.08628641813993,0.14966966211796,4.17309379577637,4.27843856811523,4.24970817565918,2.3056161403656,2.07098436355591,2.69108271598816,-0.12996226549149,-0.20932446420193,-0.35260254144669,9.26077175140381,9.73482418060303,10.6015253067017,0.17630127072334,0.15339808166027,0.00479369005188,0.32863408327103,0.20346550643444,0.77391463518143,5.68862342834473,7.22570085525513,8.21450614929199,2.58813214302063,3.91930818557739,4.89853668212891,-2.49484944343567,-3.81258153915405,-6.61902046203613,23.1639022827148,22.0769348144531,20.3938102722168,2.39258408546448,2.29244899749756,1.9909793138504,0.28868666291237,0.55873119831085,0.45912897586823,1.16597628593445,-1.87705409526825,-3.81396341323853,3.29442143440247,0.90021985769272,0.19153612852097,-9.48724555969238,-9.088303565979,-8.24994087219238,4.53940629959106,-0.37588965892792,-3.62003302574158,2.46235871315002,1.84663593769073,1.13557195663452,-0.58802598714828,-1.58245038986206,-1.56221032142639,-4.18506479263306,-5.57848978042603,-5.37737703323364,1.47722244262695,-0.70628952980042,-0.58897364139557,-4.96040391921997,-3.78275418281555,-2.48739242553711,-11.5568113327026,-13.8959465026855,-15.2606420516968,HIT
2.46235871315002,1.84663593769073,1.13557195663452,-0.58802598714828,-1.58245038986206,-1.56221032142639,-4.18506479263306,-5.57848978042603,-5.37737703323364,1.47722244262695,-0.70628952980042,-0.58897364139557,-4.96040391921997,-3.78275418281555,-2.48739242553711,-11.5568113327026,-13.8959465026855,-15.2606420516968,0.04793690145016,0.19174760580063,0.07243798673153,-0.96885800361633,-0.9480853676796,-0.68603032827377,-5.04937124252319,-5.42765522003174,-5.99986934661865,2.95923328399658,2.62165093421936,1.25695586204529,3.2921998500824,7.55059432983398,10.4518423080444,-15.7634239196777,-19.0410861968994,-19.3954277038574,-1.73425054550171,-1.80509066581726,-3.1334753036499,0.48203217983246,1.18776988983154,1.19043302536011,-23.1447486877441,-34.8907012939453,-60.7815971374512,2.36307716369629,1.41736745834351,-3.43567943572998,14.9398012161255,4.95294713973999,2.44424939155579,69.0511703491211,69.0511703491211,18.176778793335,0.41918155550957,0.66472500562668,-0.36432045698166,-5.84457349777222,-4.34148550033569,-1.38750696182251,-2.1475989818573,0.25139117240906,2.01831197738647,12.5025215148926,2.9161376953125,0.90740245580673,1.46154284477234,0.06125270575285,-0.53316485881805,30.4590339660645,24.6171817779541,17.4585189819336,-0.40000680088997,0.31425300240517,0.1161138266325,0.57630807161331,-0.04687163606286,-0.26365295052528,2.37504816055298,1.89381349086761,1.50116443634033,10.7667245864868,5.64552783966064,2.29125094413757,-1.42106282711029,-1.26872992515564,-0.83250415325165,10.1825399398804,8.22408294677734,7.71172380447388,HIT
0.05432848632336,-0.02716424316168,-0.00798948295414,0.01012001186609,0.07510114461184,-0.00479369005188,2.65516972541809,2.60967993736267,2.85388851165771,2.60489153862,2.75093770027161,3.3734302520752,-0.01278317347169,-0.06870955973864,-0.07510114461184,8.96149730682373,8.91840171813965,8.89206504821777,0.14753912389278,0.1145159304142,0.10333064943552,-0.04846953228116,0.01704423129559,0.04953479766846,2.80839848518372,2.96162748336792,3.06457805633545,3.14598107337952,3.1196448802948,3.22259545326233,-0.1384843736887,-0.21038973331451,-0.25992453098297,10.046070098877,10.0628299713135,10.3956241607666,0.37390783429146,0.35206991434097,0.40693101286888,0.05592638254166,0.02982740476727,-0.09960222989321,4.34787034988403,4.5418004989624,5.02542924880981,3.02387666702271,3.38061285018921,4.25928497314453,-3.53081893920898,-4.70793628692627,-5.65761947631836,19.5678100585938,18.8423671722412,17.1353015899658,1.65808415412903,0.84635263681412,0.23648871481419,-1.31080794334412,-1.14995300769806,-0.98643487691879,3.00711727142334,1.76692080497742,0.11492168158293,2.6240451335907,-0.22505496442318,-0.29927521944046,-8.32078075408936,-8.04647541046143,-7.3684344291687,5.45877981185913,1.4676456451416,-2.86825370788574,0.8884305357933,1.29110050201416,1.60482084751129,-1.08870029449463,-1.54889452457428,-1.94304239749908,-3.62721562385559,-4.08211374282837,-4.16351652145386,2.43729734420776,2.83712911605835,2.54982471466064,-2.75157809257507,-0.83729785680771,1.49190282821655,-15.7179346084595,-17.7769470214844,-19.548656463623,HIT
0.23648871481419,-0.07030745595694,0.03568635880947,-0.98643487691879,-0.54488277435303,-0.29880666732788,0.11492168158293,-0.89543145895004,-1.12288057804108,-0.29927521944046,1.39581954479218,2.66714072227478,-7.3684344291687,-6.88480424880981,-6.26322221755981,-2.86825370788574,-5.21217727661133,-7.72369480133057,1.60482084751129,1.37632167339325,1.05141603946686,-1.94304239749908,-1.68205261230469,-1.29962265491486,-4.16351652145386,-3.51947641372681,-2.88501310348511,2.54982471466064,0.8164227604866,0.91697925329208,1.49190282821655,4.10393142700195,11.079815864563,-19.548656463623,-19.548656463623,-25.2468566894531,-1.6740630865097,-1.2500878572464,-0.6013417840004,2.29724287986755,2.51189351081848,2.00269722938538,-21.3921928405762,-35.6736068725586,-52.3444328308105,7.04134702682495,6.42603731155396,3.63918662071228,17.4453029632568,1.6266587972641,0.92571479082108,44.4914512634277,33.0687141418457,13.7953901290894,0.68443238735199,-0.27750140428543,-0.7062703371048,-6.40596771240234,-0.6593986749649,0.93796533346176,-2.33674097061157,5.07570743560791,4.4029369354248,15.0978355407715,4.60883808135986,3.79720377922058,0.26525086164474,-0.08841694891453,-0.65673553943634,13.3404922485352,12.7874317169189,9.93354320526123,0.33609092235565,0.19068233668804,0.15819177031517,-0.42290997505188,-0.29507824778557,0.17363810539246,2.79882168769836,2.37504816055298,2.37504816055298,2.05183076858521,2.42772054672241,2.42772054672241,-0.05432848632336,-0.01757686398923,-0.09906959533691,7.76200199127197,8.82023906707764,9.33499240875244,HIT
0.35846149921417,0.27004453539848,-0.03036003746092,-0.71159666776657,-0.54648065567017,-0.4740426838398,0.96486330032349,-0.36631286144257,-2.2553379535675,3.87860679626465,1.49637603759766,0.67516487836838,-8.91413307189941,-8.68297100067139,-8.0022668838501,7.99423933029175,-2.09492659568787,-5.56651878356934,0.37710362672806,0.78190410137177,1.03703498840332,-0.36112466454506,-0.43036684393883,-0.92731273174286,-5.07331323623657,-4.53461790084839,-3.73974299430847,2.88740730285645,2.59531474113464,2.98317527770996,0.90920323133469,3.43174934387207,6.65151119232178,-18.1193180084229,-20.3028297424316,-20.3028297424316,-0.25086978077888,-0.15020228922367,2.55130839347839,1.23464155197144,1.16167092323303,0.90227901935577,-11.0707883834839,-21.7417449951172,-46.181755065918,2.05901336669922,4.97036266326904,-3.70143580436707,17.4453029632568,10.2158861160278,3.46264219284058,41.6327743530273,55.7705345153809,38.8794403076172,3.74866557121277,2.12307214736938,-0.36378780007362,-4.31325578689575,-0.80587255954742,0.64981132745743,3.34469985961914,4.27365016937256,5.18823528289795,11.8177795410156,-4.60883808135986,-5.54975938796997,-0.09853696078062,-0.41864892840385,-0.49907639622688,13.4410486221313,13.4410486221313,10.6398324966431,0.60507023334503,-0.05912217870355,0.13475595414639,-0.70200926065445,0.07616640627384,-0.15339808166027,3.1387984752655,2.99514627456665,2.66714072227478,1.88423669338226,3.38779544830322,4.05098915100098,-0.38456046581268,-0.26791399717331,-0.29987195134163,8.17859268188477,8.43477249145508,9.05008220672607,HIT
0.83197152614594,1.33051526546478,1.96701085567474,1.24209833145142,0.72597771883011,0.21571604907513,-2.06619596481323,-2.06619596481323,-2.9161376953125,3.80678081512451,3.80678081512451,4.52025270462036,-7.25604867935181,-6.10236740112305,-5.33750772476196,-4.39096593856812,-8.70052909851074,-10.8481283187866,1.29163312911987,0.41758367419243,-1.75235998630524,-2.36382174491882,-2.47833776473999,-1.53078496456146,-2.56658411026001,-2.72460150718689,-4.41490793228149,-1.2449848651886,-1.45806884765625,-0.00478840339929,2.04477500915527,4.31059265136719,10.3794040679932,-15.6101951599121,-18.839973449707,-23.2069969177246,-0.19654129445553,0.52943640947342,0.5629922747612,1.1259845495224,0.89961582422256,1.6223977804184,-19.6970977783203,-32.7383155822754,-49.1409912109375,8.76517200469971,5.18584108352661,1.92254400253296,17.4453029632568,0.90174633264542,0.77178412675858,37.4285545349121,49.9430465698242,-3.02148246765137,-0.53955644369125,1.15101826190948,0.60666811466217,-5.52020025253296,-5.08876848220825,-1.31719946861267,-0.2537853717804,3.19386506080627,4.71897172927856,25.9052619934082,17.6189308166504,8.36534118652344,-0.04953479766846,0.28975194692612,0.19920445978642,10.9893856048584,10.5847654342651,10.5847654342651,0.15126755833626,0.24128240346909,0.37816888093948,-0.06072007492185,-0.93104112148285,-1.3401026725769,3.95043277740479,3.14598107337952,2.83952331542969,3.81396341323853,4.6112322807312,5.40131902694702,-0.65833342075348,-0.47191214561462,-0.32916671037674,7.43399620056152,7.52497577667236,7.74045419692993,HIT
-0.01012001186609,0.03036003746092,0.11664646118879,0.02343581803143,-0.00745685119182,-0.06870955973864,4.02944135665894,3.9576153755188,4.00310516357422,3.24414324760437,3.8379054069519,3.9073371887207,0.00852211564779,-0.1161138266325,-0.18162758648396,8.87291145324707,8.96149730682373,8.22408294677734,0.02769687585533,0.07297061383724,0.17044231295586,-0.15180018544197,-0.25885927677155,-0.36112466454506,4.06296014785767,4.04859495162964,3.99831676483154,3.38540124893188,3.83551120758057,3.90015459060669,0.10492854565382,0.1416801661253,-0.01438106968999,8.61912631988525,9.09317779541016,11.0420579910278,0.40213733911514,0.57417756319046,0.72011876106262,0.18109495937824,-0.15393070876598,0.07723167538643,6.17225217819214,7.07965421676636,9.46667385101318,3.01429986953735,3.60087943077087,4.45560932159424,-2.00003409385681,-3.58088636398315,-5.03603792190552,25.9292049407959,26.587610244751,23.8965263366699,1.22771728038788,2.13265943527222,2.52307891845703,0.57737332582474,-0.38349521160126,-0.72278195619583,3.72058939933777,-0.34237083792686,-6.63912153244019,10.144232749939,10.2256355285645,4.82671070098877,-9.97140789031982,-9.98951721191406,-9.60229396820068,6.48828649520874,2.31519293785095,-2.50433492660522,2.21574997901917,2.14970374107361,1.99151194095612,-1.17498672008514,-1.70655369758606,-2.31535220146179,-11.4275245666504,-11.1881046295166,-10.6518030166626,1.40539634227753,1.10851538181305,1.11330378055573,-5.09516000747681,-2.86343097686768,0.01597896590829,-15.2103633880615,-20.6452007293701,-23.4464168548584,HIT
2.17473745346069,2.11721301078796,2.21574997901917,-1.04236125946045,-0.91239899396896,-1.17498672008514,-11.0899419784546,-11.7962322235107,-11.4275245666504,2.7317841053009,2.24815535545349,1.40539634227753,-7.55698585510254,-6.56522464752197,-5.09516000747681,-9.31823348999023,-12.0931129455566,-15.2103633880615,1.09083080291748,0.51132690906525,0.02237055450678,-3.71777296066284,-3.13560581207275,-0.52411013841629,-7.87692356109619,-7.10838460922241,-8.62870311737061,1.76452660560608,3.05021286010742,4.94642066955566,7.1367392539978,10.6414594650269,13.9842596054077,-26.3027000427246,-23.2285442352295,-20.8846206665039,-0.82664519548416,-1.02158856391907,-1.32199323177338,3.47542524337769,3.63681292533875,3.55212426185608,-32.6832466125488,-43.4978561401367,-50.8791809082031,5.99747514724731,4.51546430587769,1.39581954479218,5.96015453338623,0.15606124699116,1.47645652294159,64.0161666870117,45.1259155273438,6.50025749206543,1.01093602180481,0.57630807161331,0.40480050444603,-2.35103869438171,-2.26102375984192,-2.16728043556213,2.39899015426636,4.97275686264038,5.98310995101929,11.3317565917969,4.70939493179321,5.80354499816895,-1.07644975185394,-1.3310478925705,-0.80747044086456,20.4967613220215,14.5351982116699,10.1274728775024,0.40799629688263,0.86392945051193,1.00827276706696,-0.07030745595694,-1.05993819236755,-1.63198518753052,3.72298359870911,3.58172583580017,2.39180755615234,4.58729028701782,3.40694904327393,1.7788919210434,-0.85807049274445,-0.11664646118879,-0.01491370238364,6.47152709960938,7.90565395355225,8.65025043487549,HIT
0.38935416936874,0.45220476388931,0.63223445415497,-0.36538571119308,-0.26525086164474,-0.41119208931923,3.1196448802948,-2.60489153862,-2.60489153862,2.87064790725708,1.15639936923981,1.15639936923981,-8.08109569549561,-7.37163019180298,-6.48852586746216,-3.82593441009521,-6.3781533241272,-8.36534118652344,0.62637549638748,-0.36165729165077,-0.46232476830482,-2.25250172615051,-1.29056787490845,-0.37976679205894,-7.5776481628418,-6.68939971923828,-6.68939971923828,0.86430680751801,2.27209734916687,2.27209734916687,4.03948259353638,7.66298007965088,11.2571821212769,-25.8430137634277,-25.8430137634277,-21.8662433624268,-1.61760401725769,-1.19309616088867,-1.12119078636169,2.23066377639771,1.98032665252686,1.71933686733246,-33.039981842041,-42.243293762207,-38.4341201782227,4.23773717880249,3.11725068092346,-2.19308876991272,0.94329166412354,-2.15822577476501,-0.15393070876598,58.3395118713379,26.4080448150635,4.82192230224609,0.9763149023056,0.94222640991211,0.53636068105698,-1.44449865818024,0.58110177516937,0.03142530098557,6.11239671707153,5.29836845397949,4.28562116622925,6.09563732147217,0.7781155705452,-1.80522811412811,-1.06686234474182,-0.67058396339417,-0.07243798673153,12.3181676864624,6.33505773544312,7.18260526657104,0.02929477207363,0.14966966211796,0.2354234457016,-0.16671389341354,-0.36325517296791,-0.6679208278656,1.97282218933105,1.93212080001831,2.71981310844421,2.05661916732788,1.94888019561768,2.20984816551209,-0.11984225362539,-0.248206615448,-0.05113269388676,9.96227359771728,9.67496871948242,8.99740982055664,HIT
0.99495702981949,0.87298423051834,0.56459015607834,0.25033715367317,0.18002969026566,0.32170987129211,4.50109910964966,4.04141235351563,2.95923328399658,0.74220252037048,0.03351882472634,-1.92972660064697,-8.67870998382568,-8.53276824951172,-7.71890640258789,5.7819972038269,-0.41180267930031,-5.66707563400269,2.15023636817932,2.62214851379395,2.78566646575928,-0.73822826147079,-1.28630685806274,-1.8748654127121,-3.20104765892029,-4.38138914108276,-4.38138914108276,4.83628749847412,3.02627086639404,3.02627086639404,-2.29564499855042,-0.30892670154572,2.17527008056641,-11.925518989563,-16.9677066802979,-16.9677066802979,-0.31691616773605,-0.77870833873749,-1.33424377441406,3.40085673332214,3.91591215133667,2.20776057243347,-12.3804168701172,-20.6044998168945,-66.0201110839844,1.84114110469818,2.63122773170471,4.21618938446045,17.4453029632568,6.43366479873657,-2.60616946220398,56.0051651000977,78.4508056640625,39.6264305114746,-2.17580270767212,-0.59601545333862,0.59974390268326,-0.80906838178635,-2.04051399230957,1.65542101860046,8.32224464416504,7.01979923248291,9.2057056427002,4.16830539703369,12.9741792678833,8.03015232086182,-0.1368864774704,-0.78776305913925,-0.94648748636246,20.8558902740479,14.0443868637085,12.2583122253418,-0.11185276508331,-0.18109495937824,-0.30679616332054,-0.42663842439651,0.57098174095154,0.76592516899109,5.2863974571228,5.2863974571228,4.18506479263306,-1.60890352725983,-1.60890352725983,-1.51074123382568,-0.37017938494682,-0.3499393761158,-0.38083204627037,8.18816947937012,8.54011726379395,8.75080680847168,HIT
-0.17363810539246,-0.06018744036555,-0.92358428239822,-0.77391463518143,-0.81972098350525,-0.85167890787125,7.20654726028442,6.98388624191284,4.53222370147705,2.58813214302063,2.9855694770813,-2.50672912597656,-9.08510780334473,-9.78658485412598,-8.99456024169922,18.997989654541,11.3054208755493,-2.55221891403198,1.35022270679474,1.50308811664581,1.42745435237885,-1.35395109653473,-1.87646329402924,-1.6138756275177,-7.85298156738281,-7.33343982696533,-5.61440277099609,3.34469985961914,2.89937829971313,2.92332029342651,-0.32543829083443,1.67033469676971,7.72955894470215,-16.3619747161865,-16.816873550415,-23.2046031951904,1.38963747024536,-0.59548282623291,-2.58486413955688,4.8160605430603,5.57559394836426,4.65999937057495,-10.1083192825317,-23.412899017334,-44.6710166931152,-0.26336219906807,-0.83557641506195,-0.62728083133698,12.3442840576172,2.90550875663757,-0.2434129267931,60.5685157775879,60.5685157775879,22.069751739502,2.26688265800476,2.58805990219116,0.2194444835186,-2.77980756759644,-3.31084203720093,0.78669780492783,2.21224236488342,5.3366756439209,6.58884286880493,17.9732723236084,3.97198057174683,-1.25695586204529,-0.26791399717331,-0.94329166412354,-1.37312591075897,15.2965545654297,13.7379293441772,10.0484647750854,0.48469531536102,0.6013417840004,0.52411013841629,-1.09775507450104,-1.10254871845245,-0.68123662471771,3.33751726150513,2.64798712730408,2.2864625453949,3.48356342315674,1.40779054164886,1.01514148712158,-0.36698359251022,-0.08575379103422,-0.18535602092743,7.04374122619629,8.81545066833496,9.34217548370361,HIT
1.5883092880249,1.13610458374023,0.69188928604126,-1.60641884803772,-1.80562329292297,-1.8066885471344,-2.05901336669922,-4.76446151733398,-8.13549709320068,0.84994161128998,-0.31603461503983,0.43574470281601,-9.98632144927978,-8.10133647918701,-6.92368650436401,1.22822546958923,-8.19295787811279,-9.4044246673584,0.47564056515694,0.49215218424797,0.9225190281868,-0.32810145616531,-0.78083884716034,-2.85703921318054,-7.64229202270508,-7.64229202270508,-4.62559747695923,0.4955997467041,0.4955997467041,2.38941335678101,1.8194717168808,4.51565599441528,12.5094003677368,-20.671537399292,-22.2948055267334,-26.8413944244385,2.77927494049072,3.59686541557312,1.45035755634308,0.9480853676796,2.5944516658783,4.79369020462036,-29.0057544708252,-43.5840492248535,-45.8489608764649,6.37097072601318,0.25139117240906,-19.9437007904053,4.08475637435913,-0.00532632227987,0.40639838576317,60.6690711975098,18.7154750823975,18.0881938934326,-0.02396845072508,-1.09083080291748,-1.34223318099976,1.83971166610718,2.08578777313232,1.56913459300995,5.90410137176514,5.11162042617798,3.70861840248108,-4.95360326766968,-3.79241538047791,0.77332717180252,0.05858954414725,0.01651159860194,-0.16032229363918,9.01656341552734,9.93114852905273,10.3022499084473,-0.22370553016663,-0.38083204627037,-0.28069719672203,-0.47564056515694,-0.1161138266325,0.09853696078062,1.66636443138123,1.69748902320862,2.30082774162292,0.34237083792686,1.71903681755066,2.82994651794434,-0.07190535217524,-0.03302319720387,-0.07723167538643,9.23204135894775,9.09796619415283,9.10993766784668,HIT
0.06604639440775,0.06391586363316,-0.01544633507729,-0.27110978960991,-0.18269285559654,-0.1097222417593,2.81558108329773,3.08612608909607,2.98317527770996,1.45567464828491,1.10612118244171,1.19231247901917,0.13475595414639,0.20346550643444,0.18109495937824,9.63905620574951,9.67018032073975,10.2807016372681,0.15552860498428,0.02290318533778,-0.18748654425144,0.00159789668396,0.37603834271431,1.18084561824799,3.42131423950195,3.24174904823303,3.22259545326233,1.31202256679535,1.18512988090515,0.59615623950958,0.53582799434662,0.86392945051193,0.72864091396332,9.5600471496582,10.2759132385254,13.6900453567505,-0.86872315406799,-0.08309062570333,0.52357745170593,0.32170987129211,-1.39869225025177,-1.4471617937088,4.0270471572876,4.31674575805664,3.99831676483154,6.00226354598999,7.35259342193604,6.47392129898071,-3.74333930015564,-4.8160605430603,-5.90529346466064,21.2605113983154,21.2605113983154,19.5438690185547,1.84130966663361,2.16514992713928,2.79099297523499,0.25939190387726,0.48629322648048,0.7254450917244,0.24420857429504,-1.4484920501709,-3.3423056602478,4.52743530273438,5.64313364028931,5.26006126403809,-8.42198085784912,-8.72238540649414,-8.76552867889404,8.02775859832764,4.2760443687439,0.75417351722717,2.24238157272339,2.06874346733093,1.61440825462341,-1.59470093250275,-1.05940544605255,-0.96299904584885,-7.25921964645386,-6.90487766265869,-5.77720880508423,0.65361708402634,-0.87867200374603,-2.39420175552368,-4.48050212860107,-1.30974268913269,0.52677327394485,-14.3939409255981,-17.1640319824219,-17.1233310699463,HIT
2.24238157272339,2.06874346733093,1.61440825462341,-1.59470093250275,-1.05940544605255,-0.96299904584885,-7.25921964645386,-6.90487766265869,-5.77720880508423,0.65361708402634,-0.87867200374603,-2.39420175552368,-4.48050212860107,-1.30974268913269,0.52677327394485,-14.3939409255981,-17.1640319824219,-17.1233310699463,-0.05752427875996,-0.47617322206497,-0.87298423051834,-2.37127876281738,-0.91026848554611,1.37578904628754,-3.97437477111816,-5.216965675354,-5.216965675354,0.05985504388809,0.48123455047607,0.48123455047607,9.51174640655518,12.7512159347534,16.3576679229736,-19.5055618286133,-18.397045135498,-12.2535238265991,-0.73290193080902,-1.28204572200775,-3.05464577674866,3.79074358940125,3.97929549217224,3.96331644058228,-24.4064922332764,-36.2338485717773,-21.7896289825439,6.60081386566162,-0.95768070220947,-1.03668928146362,5.63737964630127,-0.21997711062431,-0.94382429122925,59.189453125,35.8364105224609,13.6948337554932,0.27856665849686,1.71560835838318,2.09750580787659,-3.37369251251221,-3.74919819831848,-2.26315426826477,4.66869354248047,3.7541081905365,5.47314500808716,16.9126415252686,10.5608234405518,4.62799167633057,0.18162758648396,-0.36858150362968,-0.33822146058083,17.7506122589111,11.5256872177124,9.74200630187988,-0.50600063800812,0.1209075152874,0.46818372607231,0.80640518665314,0.36005938053131,-0.12516857683659,3.20583605766296,3.08852028846741,2.49954652786255,4.36941814422607,4.62559747695923,2.69826531410217,-0.21731394529343,-0.09853696078062,-0.02343581803143,8.16422748565674,8.05170059204102,8.391676902771,HIT
-0.03621899336576,-0.05432848632336,-0.03994741663337,-0.05379585549235,-0.06604639440775,-0.04580637067556,2.99275207519531,3.09330868721008,3.00232887268066,1.83156430721283,1.84353530406952,1.96563959121704,0.01810949668288,-0.04048004746437,-0.11025486886501,9.25598335266113,9.73482418060303,9.7396125793457,0.13582122325897,0.24394555389881,0.26897928118706,-0.05752427875996,-0.05006742849946,-0.07456851005554,3.65594601631165,3.9767689704895,4.05577754974365,1.84832370281219,1.75255560874939,1.21864867210388,-0.31372037529945,-0.49747851490974,-0.53423011302948,11.0779714584351,11.0324811935425,11.7100400924683,-0.00159789668396,-0.05805691331625,-0.21571604907513,-0.12942963838577,0.1336906850338,0.06817692518234,4.55616569519043,4.85783529281616,5.0876784324646,1.80043971538544,1.63523972034454,1.74537301063538,-2.69032549858093,-3.80565738677979,-4.44055509567261,20.6882972717285,19.4002170562744,17.1257247924805,1.09615707397461,0.48576059937477,-0.50333744287491,-0.76379460096359,-0.73769563436508,-0.70946609973907,4.05577754974365,4.05577754974365,-1.41976165771484,-1.46525144577026,-1.46525144577026,-1.60172092914581,-7.69919872283936,-7.26403856277466,-6.92421913146973,6.11957931518555,-0.45489832758904,-2.57855534553528,-0.65673553943634,-0.36112466454506,0.00053263222799,0.14434333145618,0.00585895450786,-0.56352490186691,-3.56257224082947,-3.58651423454285,-2.99035787582397,1.32638776302338,1.88184249401093,1.40539634227753,-3.9212384223938,-2.95344567298889,-2.06288456916809,-11.197681427002,-11.6334257125854,-11.5927248001099,HIT
-0.78456729650497,-0.91080111265182,-0.85167890787125,-0.42717105150223,-0.01012001186609,0.09374327212572,-2.32716393470764,-3.05260705947876,-3.31836366653442,-0.91937345266342,0.22984336316586,0.56503158807755,-6.61262893676758,-6.18705606460571,-4.77824354171753,-4.5418004989624,-6.40448951721191,-9.91438961029053,-0.01491370238364,-0.03888215124607,0.01438106968999,-0.75260931253433,-0.98323911428452,-1.09775507450104,-2.19069457054138,-1.76213240623474,-1.94169759750366,1.35032975673676,1.53707754611969,1.93212080001831,-1.06047081947327,0.35473304986954,6.55563735961914,-12.2487354278564,-14.6501197814941,-30.5093116760254,1.62079989910126,3.42908620834351,-0.27483823895454,0.28549087047577,3.3774209022522,8.00279903411865,-14.4083061218262,-58.4831657409668,-59.4169044494629,11.9734029769897,-1.82677590847015,-18.5909767150879,11.3424034118652,1.70175993442535,2.16461730003357,74.2633514404297,53.2278938293457,15.8807401657104,0.4900216460228,-0.54754590988159,-0.76432722806931,1.20161831378937,0.92891061306,-0.07989483326674,4.58250188827515,6.45955610275269,4.24252557754517,-2.74136090278625,-1.12766897678375,3.75889658927917,-0.55393749475479,-0.17789916694164,0.00692421896383,9.55286502838135,8.56884765625,9.41878986358643,0.19014970958233,0.17470337450504,0.32170987129211,0.03302319720387,-0.27909928560257,-0.3787015080452,1.8866308927536,1.8866308927536,2.48757553100586,0.58179098367691,0.58179098367691,2.29364514350891,-0.27217507362366,-0.09693906456232,-0.01970739290118,8.746018409729,8.78432559967041,9.07881259918213,HIT
0.47617322206497,0.24234765768051,-0.07776430249214,-0.07616640627384,-0.00585895450786,0.01917476020753,1.13006317615509,-0.25139117240906,-1.04387199878693,0.43335050344467,-0.4955997467041,-0.48841714859009,-7.24965715408325,-6.23446035385132,-5.63418388366699,-2.1978771686554,-5.97832155227661,-7.91283655166626,0.92198640108109,1.36353850364685,1.17285621166229,-1.40135538578033,-2.23172903060913,-1.58245038986206,-3.36864185333252,-2.9664158821106,-2.57616114616394,2.03507137298584,2.82994651794434,1.0223240852356,1.14143085479736,5.31939792633057,11.249192237854,-14.7626476287842,-17.0802345275879,-17.767370223999,-1.74969685077667,-0.90707266330719,1.03117597103119,3.3220272064209,1.07858026027679,-3.01256799697876,-19.5103492736816,-40.4811630249023,-40.4811630249023,5.15232229232788,4.57292509078979,4.57292509078979,9.42759037017822,1.14995300769806,-1.88977909088135,68.1868667602539,55.619701385498,27.0281429290771,-2.36648488044739,-1.44609653949738,-0.44634580612183,-0.25033715367317,-0.42184472084045,0.70360720157623,9.09796619415283,5.55933618545532,4.55377149581909,9.27274322509766,8.37970638275146,8.95910263061523,-0.29827404022217,-0.53849118947983,-0.54062169790268,13.1633205413818,10.965443611145,9.02853488922119,0.81492727994919,0.2434129267931,-0.09108011424541,-1.01626229286194,-0.07510114461184,0.20293287932873,1.95845699310303,1.70227742195129,1.12288057804108,2.54264211654663,-0.105344876647,0.42377370595932,-0.18642127513885,0.05965480953455,0.07456851005554,7.58243656158447,8.08521938323975,9.28710842132568,HIT
-1.34915745258331,0.19867181777954,0.75473988056183,1.63411569595337,1.1302455663681,0.40746363997459,-4.51785850524902,-4.58968448638916,-5.50666379928589,3.62482142448425,3.44046783447266,3.62960982322693,-7.69813346862793,-6.05869150161743,-4.99289464950562,-6.2584433555603,-10.8720703125,-12.8257389068604,2.11508250236511,1.77526319026947,1.11799502372742,-2.05596041679382,-2.27167654037476,-0.43622580170631,-4.80276870727539,-4.65911674499512,-5.2672438621521,2.06859016418457,2.44208574295044,2.46363353729248,3.74227404594421,6.50184154510498,12.2899560928345,-20.9899654388428,-19.9389114379883,-17.7290630340576,-0.59122174978256,0.2290318608284,0.49747851490974,2.01388239860535,0.98536962270737,1.09402656555176,-22.699426651001,-37.3208160400391,-50.5822982788086,5.69101762771606,2.87543630599976,-1.4484920501709,9.52026844024658,1.27299106121063,-0.14860439300537,69.4342422485352,44.9726829528809,9.59356594085693,0.8948221206665,1.56913459300995,0.27643612027168,-4.86612796783447,-5.12179136276245,-0.14594122767448,-1.21625447273254,2.43490314483643,3.60566782951355,14.8344736099243,8.09958457946777,-0.09337386488914,0.01917476020753,0.00213052891195,-0.07297061383724,14.1904335021973,12.1074781417847,9.46667385101318,1.17179095745087,1.14782249927521,0.72331458330154,-0.51292484998703,-1.12704980373383,-1.28417634963989,2.05183076858521,1.34793555736542,1.41736745834351,4.56574249267578,2.0326771736145,0.74699091911316,-0.55233961343765,-0.34780883789063,0.13582122325897,8.52814674377441,8.04212379455566,8.84178733825684,HIT
0.01970739290118,-0.02077265642583,-0.03142530098557,-0.02982740476727,0.02290318533778,0.03621899336576,2.55700731277466,2.61925673484802,2.54503631591797,2.74854350090027,2.91134929656982,3.07894349098206,-0.09427590668201,-0.11877698451281,-0.16298545897007,9.44752025604248,9.55047035217285,9.90481281280518,0.06125270575285,0.15659387409687,0.19228023290634,0.02609897963703,-0.07669904083014,-0.20399814844131,2.81318688392639,2.83473491668701,2.86107110977173,3.04303026199341,3.28963303565979,3.11485648155212,-0.49268481135368,-0.58589547872543,-0.59974390268326,10.1562032699585,10.5727949142456,11.5161104202271,0.34727621078491,0.05113269388676,-0.32277512550354,0.77497988939285,1.62026727199554,2.09004878997803,4.37420654296875,4.49152231216431,4.62080907821655,2.3247697353363,2.2864625453949,2.87304210662842,-3.49779582023621,-5.05467987060547,-6.13911914825439,22.5414085388184,19.7904720306396,16.9222183227539,2.21202158927917,1.94836866855621,1.68791151046753,-0.60933125019073,-0.8713863492012,-0.99708753824234,1.18991827964783,-2.53306531906128,-4.69263553619385,8.63827991485596,1.04626619815826,0.48841714859009,-8.92318725585938,-7.60705327987671,-6.89865255355835,-1.92254400253296,-6.82826328277588,-8.5880012512207,0.28602349758148,0.52091431617737,0.95820540189743,-0.91293162107468,-0.78509992361069,-0.58696073293686,-4.4029369354248,-3.62482142448425,-3.76607918739319,3.1699230670929,4.66869354248047,5.27442646026611,1.31240582466125,6.63979339599609,12.5797080993652,-19.4457054138184,-19.44091796875,-16.8432083129883,HIT
1.77313268184662,2.21202158927917,1.94836866855621,-0.5480785369873,-0.60933125019073,-0.8713863492012,1.18991827964783,1.18991827964783,-2.53306531906128,8.63827991485596,8.63827991485596,1.04626619815826,-9.18044948577881,-8.92318725585938,-7.60705327987671,5.84903478622437,-1.92254400253296,-6.82826328277588,0.84688526391983,0.28602349758148,0.52091431617737,-1.62612617015839,-0.91293162107468,-0.78509992361069,-5.29597425460815,-4.4029369354248,-3.62482142448425,0.64643448591232,3.1699230670929,4.66869354248047,-0.89588743448257,1.31240582466125,6.63979339599609,-18.6963214874268,-19.4457054138184,-19.44091796875,-0.77977359294891,-1.15101826190948,-1.42905223369598,2.52627468109131,2.13638782501221,1.65542101860046,-15.6796264648438,-24.9308223724365,-36.1308975219727,1.33357036113739,1.81241071224213,0.94570964574814,17.4453029632568,8.69522094726563,0.68389976024628,45.1163368225098,45.1163368225098,45.0373268127441,0.56245964765549,0.8586031794548,0.83836311101913,-4.91140174865723,-4.53749418258667,-1.9052255153656,1.34314715862274,1.34314715862274,1.99676418304443,8.68855762481689,8.68855762481689,4.55377149581909,-0.82185155153275,-0.21038973331451,-0.49055427312851,16.7665939331055,10.0364933013916,10.6972932815552,-0.00053263222799,0.01704423129559,-0.08788431435823,-0.28122982382774,-0.63756078481674,-0.31744879484177,1.49158763885498,1.49158763885498,0.47884035110474,3.78762698173523,3.78762698173523,3.28005623817444,-0.2545982003212,0.0,-0.04953479766846,8.10197830200195,8.56884765625,10.1346559524536,HIT
0.02822950854897,0.01704423129559,0.07030745595694,-0.00958738010377,0.05858954414725,-0.00266316113994,2.80839848518372,2.63122773170471,2.67671751976013,2.32716393470764,2.76530289649963,2.7317841053009,0.04420847445726,-0.03195793181658,-0.07403588294983,9.15542697906494,9.43315505981445,9.14106178283691,-0.00585895450786,0.00159789668396,-0.00639158673584,-0.00692421896383,0.00905474834144,-0.04474110901356,2.87783050537109,2.86825370788574,2.89219570159912,2.7126305103302,2.63362193107605,2.66714072227478,-0.02343581803143,0.00532632227987,-0.1193096190691,9.01416969299316,9.52892303466797,11.0205106735229,0.10173275321722,0.30253511667252,0.40107205510139,0.18695391714573,-0.01597896590829,-0.94861799478531,3.85227060317993,4.4029369354248,4.93444967269897,3.5314474105835,3.38061285018921,4.11323833465576,-3.15371537208557,-6.49331951141357,-8.32131290435791,25.1223583221436,22.3762092590332,15.44020652771,1.053013920784,0.83356940746307,0.67005133628845,-0.87191897630692,-0.75154405832291,-0.54328489303589,-2.3056161403656,-5.94959115982056,-8.56166553497314,0.37828385829926,-0.36631286144257,0.28490999341011,-9.8062915802002,-9.19376468658447,-8.2424840927124,-0.73980832099915,-5.16908168792725,-8.06845951080322,1.25062048435211,0.99442434310913,0.77444726228714,-1.63997459411621,-2.27327442169189,-3.07914686203003,-8.57842445373535,-8.13549709320068,-7.13950967788696,0.56981998682022,0.54587799310684,1.66636443138123,-2.75157809257507,-0.40107205510139,2.61948537826538,-17.3986644744873,-20.2070617675781,-23.9970836639404,HIT
0.83356940746307,0.67005133628845,0.78083884716034,-0.75154405832291,-0.54328489303589,-0.31904670596123,-5.94959115982056,-8.56166553497314,-8.86572933197021,-0.36631286144257,0.28490999341011,1.67354702949524,-9.19376468658447,-8.2424840927124,-7.17189311981201,-5.16908168792725,-8.06845951080322,-9.86889934539795,0.99442434310913,0.77444726228714,0.66685557365417,-2.27327442169189,-3.07914686203003,-3.7284255027771,-8.13549709320068,-7.13950967788696,-6.12197351455688,0.54587799310684,1.66636443138123,2.97359848022461,-0.40107205510139,2.61948537826538,9.70828723907471,-20.2070617675781,-23.9970836639404,-25.0457439422607,-0.36964675784111,-0.53423011302948,-0.7254450917244,4.079430103302,3.55904865264893,3.4461305141449,-16.1345252990723,-28.8405532836914,-45.473072052002,5.89213037490845,5.87776517868042,4.28562116622925,14.3299379348755,4.06558179855347,-0.56459015607834,64.1813659667969,65.7088623046875,33.6121978759766,1.37525641918182,0.16032229363918,-0.89002847671509,0.91666007041931,-0.52890378236771,-0.47137951850891,5.44202041625977,4.83628749847412,3.71340680122375,2.2553379535675,-1.86508309841156,3.76847338676453,-0.06498113274574,-0.67910611629486,-0.50813114643097,22.9723644256592,11.757924079895,10.6374378204346,0.40160471200943,0.3818973004818,0.28229507803917,-0.37124466896057,-0.30413299798965,-0.25672873854637,3.44525623321533,2.88980150222778,2.44926834106445,-0.20350714027882,-0.61052143573761,-1.01753568649292,-0.44048684835434,-0.27217507362366,-0.16884441673756,8.9471321105957,8.75798988342285,9.18176364898682,HIT
0.77125144004822,1.04182863235474,1.33317852020264,0.30413299798965,0.35792887210846,0.09374327212572,0.5243301987648,0.5243301987648,-2.82515811920166,2.71741890907288,2.71741890907288,1.40300214290619,-6.86935806274414,-6.54125642776489,-5.39503192901611,-4.38138914108276,-5.98310995101929,-9.82580375671387,1.59523355960846,1.68631362915039,1.6266587972641,-1.95848870277405,-2.56462407112122,-2.90604138374329,-3.49792861938477,-3.48835182189941,-4.0964789390564,0.68234747648239,0.98401689529419,0.61770403385162,0.80533993244171,5.56813716888428,8.87631607055664,-15.5742816925049,-20.6404132843018,-23.5014839172363,-2.21521735191345,-2.65197587013245,-2.06821084022522,3.78381943702698,3.09352803230286,2.4314661026001,-26.1327114105225,-43.5457420349121,-50.979736328125,4.81952810287476,3.11485648155212,0.44292730093002,5.88931465148926,-0.42131209373474,-0.65087658166885,65.3401565551758,65.3401565551758,12.3325328826904,2.25729537010193,1.94144451618195,-0.41385525465012,-6.97961282730103,-4.1406831741333,1.59576618671417,2.47560453414917,4.44842672348022,6.15788698196411,12.0835361480713,2.28406834602356,0.65840548276901,-0.3531351685524,-0.70041137933731,-0.7707188129425,15.6796264648438,11.939884185791,9.87368774414062,0.80693781375885,0.72224932909012,0.524642765522,-0.98696750402451,-0.93690007925034,-0.72331458330154,3.20104765892029,2.9352912902832,2.44447994232178,3.07894349098206,1.3910311460495,1.15639936923981,-0.496413230896,-0.1304948925972,0.26045715808868,6.52659368515015,6.36857652664185,7.64468622207642,HIT
-0.07403588294983,-0.06817692518234,-0.03941478580236,-0.01225054077804,0.03781688958406,-0.04740426689386,3.48835182189941,3.49074602127075,3.43567943572998,1.35511815547943,1.66875863075256,1.81241071224213,0.07669904083014,-0.01970739290118,-0.07084008306265,9.62947940826416,9.57680702209473,9.2631664276123,0.01491370238364,0.02450108155608,0.10066749155521,-0.04580637067556,0.00106526445597,0.07563377916813,3.5506010055542,3.73974299430847,4.03183555603027,1.67354702949524,1.94169759750366,2.00155258178711,-0.1416801661253,-0.15978966653347,-0.15978966653347,9.79467868804932,9.88565921783447,10.2256355285645,0.41332259774208,0.40480050444603,0.10173275321722,-0.13102753460407,-0.29720878601074,-0.80960100889206,4.9105076789856,5.32949304580688,6.21055936813354,1.13963997364044,0.35194763541222,0.06464344263077,-1.86421275138855,-4.95134925842285,-5.54363632202148,25.5700740814209,20.9301109313965,20.9301109313965,0.05113269388676,-0.03036003746092,0.1129180341959,-0.02609897963703,-0.33023199439049,-0.08362326025963,2.97838687896729,0.00478840339929,-4.55377149581909,0.1963245421648,0.86191260814667,1.74776721000671,-7.9575252532959,-6.36495494842529,-5.48131847381592,-3.88818359375,-8.18816947937012,-9.76115989685059,1.99257719516754,1.86740863323212,1.41200804710388,-2.58007049560547,-2.73559904098511,-2.54012298583984,-2.79882168769836,-2.33674097061157,-2.28406834602356,2.24815535545349,1.63045132160187,0.73741412162781,0.10759171098471,3.64213919639587,6.2195463180542,-13.5511817932129,-15.6963863372803,-18.8471565246582,HIT
-0.03036003746092,0.1129180341959,0.6551376581192,-0.33023199439049,-0.08362326025963,-0.06072007492185,0.00478840339929,-4.55377149581909,-4.3454761505127,0.86191260814667,1.74776721000671,2.47081613540649,-6.36495494842529,-5.48131847381592,-3.61657285690308,-8.18816947937012,-9.76115989685059,-11.6693391799927,1.86740863323212,1.41200804710388,0.82291680574417,-2.73559904098511,-2.54012298583984,-1.91001915931702,-2.33674097061157,-2.28406834602356,-2.33674097061157,1.63045132160187,0.73741412162781,0.91219085454941,3.64213919639587,6.2195463180542,9.28750801086426,-15.6963863372803,-18.8471565246582,-21.7608985900879,-0.35206991434097,0.93157374858856,1.2884373664856,1.84290754795074,0.47830373048782,2.30789542198181,-27.0401134490967,-46.7108764648438,-48.135425567627,7.35738182067871,3.71580100059509,-6.6654577255249,11.1043167114258,1.73904418945313,-0.42077946662903,73.039909362793,54.6644134521484,16.0243911743164,-0.08681905269623,0.79894834756851,1.0189254283905,-4.5428204536438,-3.67995595932007,-0.13422332704067,2.37744235992432,4.50828170776367,4.58489608764648,13.2902135848999,9.3637228012085,5.22175407409668,0.73716300725937,0.30999195575714,-0.75953358411789,17.0012264251709,15.878345489502,11.1330375671387,0.73343455791473,1.14569187164307,0.91506218910217,-0.24394555389881,-0.70733559131622,-0.75314199924469,2.8467059135437,2.73417830467224,2.02310037612915,4.24252557754517,2.81797528266907,-0.28490999341011,-0.35579833388329,-0.26951190829277,-0.1145159304142,8.63109683990479,8.35097599029541,8.32942771911621,HIT
-0.52197957038879,1.25754463672638,1.83012437820435,1.41307330131531,0.29188245534897,-0.62104916572571,-2.98317527770996,-4.44363832473755,-5.07570743560791,4.10366153717041,2.84910011291504,1.95127439498901,-6.64245653152466,-6.07360506057739,-3.56171178817749,-7.18739366531372,-9.49540424346924,-16.3763389587402,2.36808300018311,1.96221709251404,1.14036560058594,-2.86023497581482,-1.93984651565552,-0.1129180341959,-5.23851346969604,-5.07810163497925,-6.37336492538452,1.48201084136963,0.26575639843941,-0.9911994934082,6.01980924606323,9.68591690063477,14.4343338012695,-21.6507663726807,-24.368185043335,-26.2835464477539,-2.3073627948761,-3.29433035850525,-3.64853072166443,4.99502515792847,4.60087728500366,3.58248448371887,-34.0527305603027,-52.8663673400879,-52.8663673400879,4.18506479263306,1.93930339813232,1.93930339813232,1.51001238822937,-1.49882709980011,1.41041016578674,63.3745193481445,20.8726501464844,3.16034626960754,0.62371236085892,-0.01331580616534,-0.73716300725937,-1.54569876194,0.22849921882153,0.49694585800171,5.95677375793457,5.7819972038269,5.94240856170654,1.02471828460693,0.93613284826279,-1.05584299564362,-0.81439465284348,-0.4772384762764,-0.20825919508934,11.3676700592041,7.88889455795288,7.87213516235352,0.30200245976448,0.3755057156086,0.3307646214962,-0.74568510055542,-0.73822826147079,-0.62424498796463,2.84910011291504,2.28167414665222,2.15238738059998,3.26329684257507,2.18830037117004,1.49398183822632,-0.39254996180534,-0.29614353179932,-0.21145498752594,8.85136413574219,8.82023906707764,8.92079544067383,HIT
-0.52038168907166,-0.46072688698769,-0.01012001186609,-0.05752427875996,0.33662357926369,0.38988679647446,4.12520933151245,1.48201084136963,0.24660277366638,0.3687070608139,0.72065472602844,1.77649760246277,-6.04537582397461,-5.3902382850647,-4.59075736999512,-7.62792682647705,-7.62792682647705,-11.0947303771973,2.12733316421509,2.04370975494385,1.26659941673279,-1.96115183830261,-2.89964985847473,-2.42028093338013,-2.63601613044739,-2.59052634239197,-3.2968156337738,2.50672912597656,0.16280572116375,-1.29047477245331,3.80938577651978,6.25097179412842,9.6608829498291,-18.0211563110352,-18.5861873626709,-22.0362319946289,1.27405631542206,0.78456729650497,-0.18162758648396,3.53081893920898,4.33562612533569,4.47517585754395,-16.1010055541992,-44.2448463439941,-50.7666511535645,6.05254173278809,1.89141929149628,-2.64080452919006,1.34649431705475,-2.67647695541382,0.68656295537949,63.1877708435059,21.0785522460938,-2.94486808776855,1.47006499767303,0.83356940746307,-0.1272991001606,-1.57499349117279,0.40533313155174,0.54328489303589,4.68545293807983,4.26646757125854,4.26407337188721,5.13316822052002,0.24899697303772,-1.91296720504761,-0.2450108230114,-0.5054680109024,-0.39308258891106,13.2758483886719,11.3964004516602,9.15542697906494,0.59654808044434,0.49428272247314,0.37337517738342,-0.45753109455109,-0.57737332582474,-0.69828087091446,1.97521638870239,1.71664261817932,1.25456166267395,1.93930339813232,1.17315888404846,1.42455005645752,-0.04793690145016,-0.05965480953455,-0.07350324839354,9.23204135894775,9.53610515594482,9.47146224975586,HIT
-0.15712650120258,0.05166532471776,0.47777110338211,0.62850600481033,0.92198640108109,1.1302455663681,0.4716577231884,-2.14520478248596,-4.23055458068848,0.87148940563202,1.01274728775024,1.3407529592514,-9.2049503326416,-9.06326961517334,-8.18708992004395,4.09408473968506,0.651222884655,-4.77403831481934,1.76620841026306,0.78669780492783,-0.27537086606026,-1.87273490428925,-2.18059635162354,-0.60560286045074,-7.55370616912842,-6.74925470352173,-5.82269859313965,0.69192427396774,1.1755530834198,2.90416669845581,2.51349139213562,8.45340633392334,11.6763639450073,-22.2660751342773,-21.0929164886475,-20.9636306762695,-0.76272934675217,-0.96619486808777,-2.3718113899231,2.7015106678009,3.30231976509094,4.02456903457642,-23.5924644470215,-37.2298355102539,-43.962329864502,4.63517427444458,3.04781866073608,-2.64559292793274,3.28367757797241,-0.85753786563873,2.24397969245911,56.2421913146973,31.0336418151855,20.2573413848877,2.31375432014465,1.35981011390686,0.29720878601074,-2.02293729782104,-1.11959290504456,-0.69082397222519,3.5769374370575,3.21541285514832,4.03183555603027,4.35265874862671,-0.30406361818314,-1.18273568153381,-1.19256353378296,-1.16539931297302,-0.76592516899109,13.9151000976563,10.4530849456787,7.53934097290039,0.68176925182343,0.97205382585526,0.81918835639954,0.17204020917416,-0.3627225458622,-0.63276708126068,1.85550630092621,1.74297881126404,1.74297881126404,4.02465295791626,1.89860188961029,1.89860188961029,-0.5118595957756,-0.29081720113754,-0.11398329585791,7.86016416549683,7.66862821578979,8.08043098449707,HIT
0.02609897963703,0.09374327212572,0.14753912389278,-0.00319579336792,0.06817692518234,0.02237055450678,2.38941335678101,2.20745396614075,2.59292054176331,2.19548296928406,1.98479318618774,1.75734400749207,-0.09906959533691,-0.09321063756943,-0.04154531285167,9.43315505981445,9.15063858032227,9.0836009979248,0.00053263222799,-0.00266316113994,0.01118527725339,0.05113269388676,0.08841694891453,0.06018744036555,2.59770894050598,2.82994651794434,2.88261890411377,1.58496153354645,1.76931500434875,1.80522811412811,-0.1145159304142,-0.31904670596123,-0.69455242156982,10.5799770355225,13.1872625350952,14.5351982116699,0.16724652051926,0.18961706757545,0.26045715808868,-0.28389298915863,-0.5480785369873,-0.7984157204628,4.23294878005981,4.37181234359741,4.68545293807983,2.34392356872559,2.54743051528931,3.29442143440247,-4.17743444442749,-4.59128999710083,-5.08290958404541,20.3028297424316,17.5925941467285,17.4896430969238,0.66419237852097,0.68762820959091,0.95500957965851,1.11799502372742,0.97045594453812,0.56405752897263,-0.63685762882233,-4.17788219451904,-5.99747514724731,-1.13006317615509,-1.12527477741241,0.43813890218735,-8.85660839080811,-8.19401454925537,-7.3252911567688,-3.03824186325073,-5.92564916610718,-8.67419242858887,1.25754463672638,0.94702011346817,0.4548679292202,-2.52627468109131,-2.71429371833801,-2.71429371833801,-5.44680881500244,-4.53701210021973,-3.64158082008362,-0.01675941236317,0.63685762882233,1.94648599624634,0.264185577631,2.07300472259521,4.37397575378418,-16.0531215667725,-15.193603515625,-17.1257247924805,HIT
0.95500957965851,1.86634337902069,1.92706334590912,0.56405752897263,-1.00667488574982,-1.81467795372009,-5.99747514724731,-7.11796188354492,-7.11077928543091,0.43813890218735,1.52271223068237,0.1723825186491,-7.3252911567688,-6.26641798019409,-4.94655561447144,-8.67419242858887,-10.936713218689,-13.4051351547241,0.4548679292202,0.34780883789063,0.39201730489731,-2.71429371833801,-2.18538999557495,-1.12225615978241,-3.64158082008362,-4.36702394485474,-6.33984613418579,1.94648599624634,2.65038132667542,3.20583605766296,4.37397575378418,7.33008480072021,11.7551937103271,-17.1257247924805,-22.5390148162842,-25.7807636260986,-0.76858830451965,-1.32199323177338,-0.68336713314056,4.54335308074951,3.57928848266602,1.82266747951508,-24.0234203338623,-46.1290855407715,-51.4537887573242,5.45638561248779,3.98634576797485,-0.36152446269989,5.89251041412354,-0.65886604785919,0.83569997549057,77.0071029663086,34.4884757995605,6.02859973907471,0.94275903701782,1.07325398921967,1.04395914077759,-2.48632717132568,-1.79869902133942,-0.5310343503952,0.76853877305984,1.76213240623474,-0.08379705995321,11.2168350219727,5.4444146156311,4.8410758972168,1.74703371524811,-0.27856665849686,-1.18084561824799,23.0082778930664,20.4823951721191,12.8424978256226,0.09747169911861,0.34727621078491,0.52197957038879,-0.88896316289902,-0.65460503101349,-0.33289512991905,-0.36391866207123,0.59615623950958,0.86430680751801,1.13963997364044,2.79642748832703,2.02788877487183,0.18056233227253,0.03249056637287,-0.12516857683659,8.98783302307129,10.5201225280762,10.9678382873535,HIT
0.02769687585533,0.04527373984456,0.03834952041507,-0.09534116834402,-0.02822950854897,0.04527373984456,1.55623114109039,1.62566292285919,1.47482824325562,1.85790050029755,1.83395850658417,1.57777893543243,-0.1384843736887,-0.1320927888155,-0.11345066130161,9.60793113708496,9.35414600372314,9.41878986358643,0.00213052891195,-0.00159789668396,-0.02024002373219,0.01384843792766,0.00319579336792,0.00053263222799,1.56101953983307,1.80043971538544,1.77170920372009,1.85311210155487,1.74537301063538,1.75255560874939,-0.16937704384327,-0.1177117228508,-0.09214537590742,9.94790840148926,9.89523601531982,10.9079828262329,0.11717908829451,-0.04793690145016,0.03355583176017,-0.12357068061829,-0.28815403580666,-0.87458211183548,2.85628271102905,2.88740730285645,3.99113416671753,1.44609785079956,1.2258312702179,3.14358687400818,-2.6716833114624,-4.48636102676392,-4.49914455413818,21.3395195007324,17.9876365661621,14.8991174697876,0.54541540145874,0.47137951850891,0.15925703942776,0.23595607280731,1.33051526546478,1.53824186325073,3.82593441009521,3.82593441009521,-2.43729734420776,1.91536140441895,1.91536140441895,-0.86191260814667,-8.19667720794678,-8.36019515991211,-8.11784744262695,6.6271505355835,2.34871196746826,-1.55623114109039,2.26741528511047,2.17367219924927,2.02346992492676,-1.13503932952881,-1.83332014083862,-2.21788048744202,-4.2257661819458,-3.4308910369873,-2.87783050537109,0.14604631066322,-0.06224924325943,0.27293899655342,-3.76464462280273,-0.45327001810074,1.29376363754272,-14.0084743499756,-15.3085260391235,-15.0499515533447,HIT
0.40373522043228,0.99282646179199,1.73318529129028,0.93690007925034,0.45966160297394,0.15978966653347,-3.71340680122375,-3.64158082008362,-3.83551120758057,1.14203417301178,2.70784211158752,2.58094954490662,-7.15804433822632,-6.42993640899658,-5.31353902816772,-5.92804336547852,-8.88009452819824,-11.8129911422729,1.68418312072754,0.27217507362366,-0.03515372797847,-2.51189351081848,-2.15289950370789,-1.00081598758698,-2.17393517494202,-1.71664261817932,-2.92332029342651,-0.45489832758904,-0.14604631066322,1.54665434360504,3.16916179656982,5.82646417617798,13.5182056427002,-16.4361953735352,-19.6204833984375,-24.1024284362793,-0.09321063756943,0.01651159860194,-1.44609653949738,3.17821645736694,2.45277142524719,2.58273363113403,-33.5954399108887,-53.2398643493652,-45.8274154663086,5.86579418182373,0.85473001003265,-6.16746377944946,8.7330379486084,2.19337940216064,2.24930596351624,69.0990524291992,20.1017169952393,23.0513744354248,-1.27884995937347,0.56192702054977,0.70147663354874,0.56885123252869,1.92173707485199,0.97471696138382,0.00478840339929,1.60890352725983,1.70706582069397,-1.7788919210434,3.73734879493713,-0.63685762882233,-0.48469531536102,-0.67164921760559,-0.38775625824928,13.5847005844116,13.5847005844116,8.71249961853027,-0.372309923172,-0.47351005673409,0.05006742849946,0.46924898028374,0.63223445415497,-0.09960222989321,0.10773907601833,0.34955343604088,-0.1508347094059,-0.3016694188118,0.91458505392075,3.10288548469543,-0.11238539963961,-0.2178465873003,-0.38882151246071,9.20809936523438,10.6374378204346,10.2280292510986,HIT
0.29614353179932,0.79362201690674,1.51374077796936,0.15765914320946,-0.11504855751991,-0.35792887210846,0.35194763541222,-0.72544312477112,-1.46525144577026,1.93690919876099,2.47560453414917,3.3231520652771,-5.50581932067871,-4.99555778503418,-4.26638412475586,-7.9846625328064,-10.2567596435547,-13.2207813262939,3.18993449211121,2.12467002868652,-0.36059200763702,-3.04985213279724,-2.46502184867859,-0.05060006305575,-3.30878663063049,-2.71502470970154,-3.50511121749878,-0.90740245580673,-1.98239898681641,-0.4764461517334,4.3233757019043,6.27440786361694,8.10506439208984,-14.8703870773315,-13.5559701919556,-11.2790842056274,-0.63383233547211,-0.63436496257782,-0.13262543082237,4.18009757995605,2.9321403503418,1.05514442920685,-12.555193901062,-24.4711360931396,-41.1946334838867,4.23773717880249,4.64475107192993,2.14281058311462,9.93891716003418,2.46661972999573,0.3435477912426,70.822883605957,45.0109901428223,20.8439197540283,1.76620841026306,1.01945805549622,-0.01012001186609,-3.69646763801575,-1.61760401725769,0.70520508289337,2.39180755615234,4.82192230224609,4.97515106201172,10.335768699646,-1.69988322257996,-2.89458990097046,-0.02716424316168,-0.140082269907,-0.55287224054337,12.1481790542603,11.8920001983643,9.5600471496582,0.36645096540451,0.51718586683273,0.388288885355,-0.69295454025269,-1.01626229286194,-1.08017814159393,1.87705409526825,1.36469495296478,1.36469495296478,4.11802673339844,2.10210919380188,2.10210919380188,-0.38083204627037,-0.15073491632938,0.01438106968999,8.14986228942871,8.04212379455566,8.49941635131836,HIT
1.15900778770447,1.15368139743805,0.72224932909012,-0.98377174139023,-1.18404150009155,-1.83278751373291,6.23450136184692,6.3278751373291,6.66785192489624,1.03190088272095,-0.40222588181496,0.04309562966228,-4.44108772277832,-3.69966340065002,-3.03227519989014,-7.22570085525513,-8.88009452819824,-9.32062721252441,0.35153725743294,0.50173956155777,0.3659183382988,-1.03117597103119,-1.52652394771576,-1.06153607368469,1.49158763885498,-1.06063139438629,-1.8866308927536,0.75177931785583,0.09576806426048,0.01197100803256,1.47752177715302,3.39126944541931,9.99537658691406,-13.2231760025024,-15.4761199951172,-24.7057666778564,0.80320942401886,2.34997344017029,1.84184229373932,2.63120317459106,3.0738205909729,5.5771918296814,-14.8153200149536,-39.1164665222168,-72.3168640136719,11.5304756164551,10.8888292312622,1.97282218933105,6.10183477401733,-2.5044367313385,-0.94542223215103,78.4508056640625,35.819652557373,2.04943656921387,-0.07723167538643,-0.86978840827942,-0.86819052696228,1.43704175949097,4.11298608779907,2.66422629356384,3.96958637237549,5.4252610206604,3.1699230670929,-1.7788919210434,1.24019646644592,2.90895509719849,-0.90707266330719,-0.70733559131622,-0.22317290306091,11.8105974197388,6.28477954864502,9.80425548553467,-0.18855181336403,0.36645096540451,-0.24873925745487,0.01704423129559,-0.64128917455673,-0.16192018985748,0.80924016237259,1.52989482879639,0.79008656740189,3.92888498306274,1.73100781440735,1.944091796875,0.09054747968912,-0.02609897963703,-0.20772656798363,8.83699893951416,10.2064819335938,9.43554878234863,HIT
0.03888215124607,0.00905474834144,-0.03834952041507,-0.1193096190691,-0.11345066130161,-0.30466562509537,8.40364837646484,8.40364837646484,8.59997272491455,1.19949507713318,1.19949507713318,1.42694425582886,-2.86183285713196,-3.13081216812134,-3.31030941009521,4.65193367004395,3.30878663063049,2.74375510215759,-1.34596168994904,-1.29802477359772,-0.30466562509537,1.23836994171143,1.15527927875519,0.4388889670372,8.50420475006104,6.22971296310425,1.40779054164886,-0.28012159466743,0.89064306020737,3.36145925521851,-4.72924137115479,-4.34414863586426,-3.35398507118225,-6.39012432098389,-7.46751499176025,-11.0061454772949,1.99577295780182,4.13216066360474,4.18968486785889,-2.99339318275452,-0.57950389385223,2.25250172615051,-14.8584156036377,-35.2881393432617,-78.4508056640625,12.1266317367554,11.8153858184814,0.50996494293213,17.4453029632568,-1.02584969997406,-1.39815962314606,78.4508056640625,78.4508056640625,-6.24647235870361,1.57339560985565,-0.5757754445076,-1.46793437004089,-3.7028591632843,2.7915256023407,-0.44741106033325,0.20111294090748,0.20111294090748,4.29998636245728,3.69664740562439,3.69664740562439,7.73327159881592,-1.22984778881073,-1.05674231052399,0.23276028037071,14.8919343948364,14.8919343948364,9.10275459289551,0.65993130207062,0.18908444046974,0.22636869549751,-0.06657902896404,-0.16192018985748,-0.2194444835186,2.11886858940125,0.66319388151169,1.03668928146362,0.96965169906616,1.28808057308197,2.47799873352051,0.17843179404736,0.04687163606286,0.16831178963184,8.88967132568359,8.96628570556641,8.52575206756592,HIT
0.28282770514488,0.41758367419243,0.60613548755646,0.09640643000603,-0.07030745595694,-0.30040457844734,6.51222848892212,6.50504589080811,6.08127212524414,1.76931500434875,1.97521638870239,2.02549457550049,-5.08344221115112,-5.10421466827393,-4.69834899902344,3.61285042762756,1.07020819187164,-2.166752576828,0.66365975141525,0.66365975141525,0.77977359294891,-1.51161026954651,-1.67885673046112,-2.02719831466675,3.28484463691711,2.34152936935425,2.63601613044739,-0.06703764945269,0.4955997467041,1.47722244262695,-2.11934351921082,-1.32731950283051,0.61838603019714,-8.67179870605469,-8.67179870605469,-17.3435974121094,0.01917476020753,0.3179814517498,0.18002969026566,2.22533750534058,1.74490320682526,5.09942102432251,-2.37983655929565,-15.179238319397,-78.4508056640625,4.29998636245728,10.0963487625122,2.04704236984253,17.4453029632568,-2.02346992492676,-0.21252025663853,59.8957443237305,78.4508056640625,-4.78600931167603,-1.12225615978241,-1.40721440315247,0.06231797114015,-3.65598750114441,1.30814480781555,2.72974014282227,-2.71502470970154,2.65516972541809,2.73417830467224,-5.29358005523682,10.4602670669556,-0.07182604819536,-1.07325398921967,-1.11533188819885,-0.78669780492783,12.1984577178955,12.1984577178955,7.1227502822876,-0.14647386968136,0.04580637067556,0.14061491191387,0.10439591854811,-0.26258769631386,-0.41438788175583,0.02633621916175,0.30645781755447,0.4525041282177,2.33434677124023,3.39737224578857,2.25773215293884,-0.10066749155521,-0.00159789668396,-0.20240025222301,8.24802494049072,10.3309803009033,10.8170032501221,HIT
0.8239820599556,1.29642689228058,1.58671140670776,0.30945932865143,0.12676647305489,-0.61146181821823,3.30878663063049,2.28406834602356,1.94888019561768,5.94001436233521,4.9296612739563,2.01591777801514,-8.9732551574707,-9.86914253234863,-9.14156723022461,15.4904851913452,8.93994903564453,-1.03429508209229,-0.41332259774208,-0.06338323652744,0.33662357926369,-1.73265266418457,-1.41946494579315,-0.24288029968739,-6.99346303939819,-8.28154373168945,-11.7148284912109,3.1699230670929,3.99831676483154,1.43652105331421,-1.97393500804901,2.37553977966309,8.71865653991699,-23.1279888153076,-34.9122505187988,-44.2855491638184,0.95287907123566,1.0828412771225,1.1813782453537,2.34091854095459,1.55954718589783,1.33530902862549,-25.6203517913818,-46.023738861084,-46.023738861084,4.4340615272522,2.38462495803833,2.38462495803833,17.4453029632568,8.57378101348877,-3.92443418502808,67.0280685424805,67.0280685424805,62.5987968444824,2.05223202705383,3.68741297721863,2.54917788505554,-4.18169546127319,-4.1305627822876,1.27405631542206,4.87459468841553,3.85227060317993,2.74854350090027,32.2522926330566,7.93199014663696,-3.53623580932617,1.7379789352417,-0.51239222288132,-0.66685557365417,11.9757966995239,12.3085908889771,7.66383981704712,-0.57044911384583,0.38296258449554,0.2178465873003,-1.15314877033234,-0.73609775304794,0.20879183709621,0.99598789215088,0.99598789215088,2.09013819694519,7.75960779190063,7.75960779190063,2.16914677619934,-0.06657902896404,0.04261057823896,-0.09800432622433,9.33259868621826,9.36611747741699,10.5871601104736,HIT
0.5054680109024,1.51267552375793,1.61707139015198,1.68418312072754,1.15527927875519,0.60400491952896,1.39342534542084,1.97521638870239,-2.35589456558228,5.66707563400269,2.8969841003418,1.13485157489777,-9.4739294052124,-9.87074089050293,-9.96927738189697,9.720458984375,9.720458984375,-1.30723416805267,2.22587013244629,2.11987638473511,1.87806129455566,-2.51455664634705,-3.16649866104126,-4.32657146453857,-10.2591543197632,-10.4171714782715,-11.9446725845337,1.40060794353485,2.67432332038879,2.80839848518372,-5.01047134399414,-0.98430436849594,5.41686964035034,-14.4729490280151,-30.3034114837646,-48.4299125671387,0.11664646118879,1.18830251693726,1.18031299114227,4.76492786407471,4.30100536346436,3.49939370155334,-31.5986747741699,-46.4379348754883,-77.4452438354492,18.7729358673096,11.7938375473022,4.39575433731079,17.4453029632568,1.6522251367569,-2.82667922973633,78.4508056640625,78.4508056640625,-1.45806884765625,2.93853211402893,-0.79308938980103,-1.64317047595978,-5.12605237960815,2.01068663597107,1.1430287361145,6.18661737442017,6.39491271972656,6.39491271972656,4.29998636245728,-1.05823719501495,-1.05823719501495,-1.10414659976959,0.19600865244865,0.340351998806,8.16422748565674,5.5832781791687,9.23922443389893,0.92997586727142,0.50600063800812,0.31957933306694,-0.53902381658554,-0.26205506920815,-0.18056233227253,1.29286897182465,1.29286897182465,1.58735573291779,0.70868372917175,0.70868372917175,3.24653744697571,0.29348036646843,0.1225054115057,0.05060006305575,6.83784008026123,8.81066226959229,8.78911399841309,HIT
1.41041016578674,1.12172341346741,0.96566224098206,-0.66525763273239,-0.78456729650497,-1.09455919265747,4.08450794219971,2.76051449775696,1.02950668334961,2.08534979820251,0.28969839215279,0.40462008118629,-7.45152473449707,-7.25604867935181,-6.30530023574829,5.50905799865723,1.3718775510788,-2.73896670341492,1.12012553215027,1.04822027683258,0.8586031794548,-2.00216460227966,-3.1334753036499,-4.22803449630737,0.03830722719431,-0.73501992225647,-1.81480491161346,0.99598789215088,1.43173265457153,2.08056116104126,-2.65357375144959,0.42077946662903,5.61767196655273,-12.555193901062,-25.51979637146,-45.2336540222168,1.27405631542206,1.61920201778412,0.47191214561462,3.13986706733704,3.02375316619873,3.28740620613098,-16.7354698181152,-39.2888488769531,-71.2658081054688,11.9590377807617,3.80917501449585,-2.74136090278625,17.4453029632568,9.90376377105713,-2.8080370426178,46.1865463256836,78.4508056640625,62.1965713500977,1.67086732387543,1.8668760061264,0.49907639622688,-2.77448129653931,-3.02428579330444,1.49509871006012,3.40694904327393,0.74699091911316,5.16429328918457,23.3817729949951,4.30477476119995,-1.14682257175446,0.90813797712326,-0.24234765768051,-0.79468727111816,19.8072299957275,14.6046304702759,10.6709566116333,0.73023879528046,0.63329970836639,0.30573090910912,-0.77231675386429,-0.02822950854897,0.37816888093948,2.10450339317322,2.10450339317322,2.9855694770813,2.22421336174011,2.22421336174011,0.09097966551781,-0.32170987129211,-0.34940674901009,-0.2514024078846,9.80186176300049,9.15303325653076,8.39407157897949,HIT
0.09267801046371,0.06498113274574,0.08096009492874,-0.15659387409687,-0.03994741663337,-0.08841694891453,5.91846656799316,6.54814147949219,6.54814147949219,0.87388360500336,1.42215585708618,1.42215585708618,-7.93462228775024,-8.29042053222656,-8.45021057128906,8.56884765625,4.37899494171143,1.05105459690094,0.98696750402451,0.2498045116663,-0.1320927888155,-2.15236687660217,-3.278883934021,-2.86928987503052,-7.07726001739502,-11.0779714584351,-10.9343194961548,2.17154097557068,1.25456166267395,2.4013843536377,-5.65655422210693,0.13954964280128,5.62992286682129,-10.8553104400635,-30.2890453338623,-35.2234954833984,2.69778227806091,0.77338200807571,-4.09381151199341,4.97265434265137,6.66908836364746,4.2887544631958,-15.6796264648438,-15.6796264648438,-58.8901786804199,3.52665901184082,3.52665901184082,-2.28885674476624,17.4453029632568,9.09469509124756,-2.57367897033691,57.7792701721191,78.4508056640625,57.973201751709,-2.36435437202454,2.79951500892639,1.76567578315735,3.69273924827576,-5.45521926879883,-2.30150389671326,10.8361568450928,-0.217872351408,5.25048446655273,39.1835060119629,19.7904720306396,-1.98718738555908,0.1416801661253,-0.62211441993713,-0.55287224054337,18.485631942749,8.81305599212646,9.22007083892822,-0.02609897963703,0.30360037088394,0.58003652095795,0.11078750342131,0.27537086606026,0.22636869549751,1.6903064250946,1.46046304702759,1.46046304702759,4.39096593856812,4.23534297943115,4.23534297943115,0.20399814844131,0.06657902896404,-0.14540860056877,8.16183376312256,9.44991397857666,9.44991397857666,HIT
1.40668165683746,1.56487345695496,1.42372596263886,0.05752427875996,-0.81332939863205,-0.50759851932526,3.21062445640564,0.98401689529419,-2.48039293289185,3.38061285018921,1.95845699310303,-0.44532153010368,-10.6931247711182,-11.3748941421509,-10.3719472885132,13.3093671798706,8.20971775054932,-8.04930591583252,0.76592516899109,-0.34621095657349,-1.28683948516846,-5.63098812103271,-4.70420789718628,-0.19813919067383,-12.6892690658569,-14.4466133117676,-10.8912239074707,1.38384854793549,1.64721071720123,10.1945104598999,0.78137147426605,5.55322360992432,10.0023002624512,-32.1086387634277,-31.3951663970947,-26.6594352722168,2.18645524978638,2.22480487823486,0.46179214119911,2.77554655075073,0.06018744036555,5.55375623703003,-26.420015335083,-73.8299942016602,-73.8299942016602,3.99592256546021,-3.84029960632324,-3.84029960632324,8.6121301651001,3.14625859260559,0.92837798595428,78.4508056640625,28.0744094848633,36.937744140625,2.19284677505493,1.14409399032593,-1.37578904628754,-1.60375559329987,0.15233281254768,1.74969685077667,4.26646757125854,3.39497804641724,2.92571449279785,6.17225217819214,-4.76685571670532,-5.72693061828613,-0.60720074176788,-0.81599259376526,-0.54488277435303,10.9415016174316,9.77791976928711,7.64229202270508,0.07350324839354,0.07084008306265,0.09853696078062,-0.20772656798363,-0.2769687473774,-0.2498045116663,0.29209262132645,0.29209262132645,1.4484920501709,2.78445649147034,2.78445649147034,3.10767388343811,-0.03675162419677,-0.0042610578239,0.02769687585533,9.31344413757324,8.94234371185303,9.19373416900635,HIT
1.47485864162445,1.35501635074615,1.21599936485291,-0.62637549638748,-1.38803958892822,-1.64743149280548,1.09654438495636,-1.21625447273254,-3.34469985961914,1.96803379058838,0.80924016237259,0.08858546614647,-9.1170654296875,-8.65154552459717,-7.97723293304443,3.24653744697571,-2.72460150718689,-5.00627565383911,0.05912217870355,0.20240025222301,0.55287224054337,-2.14544272422791,-2.46395659446716,-2.55663466453552,-6.42603731155396,-5.34385824203491,-5.47075080871582,2.53545951843262,4.64714527130127,6.40209531784058,-2.1534321308136,2.04903626441956,7.35937929153442,-17.8751106262207,-30.9857578277588,-38.130054473877,1.41520380973816,0.34461304545403,-0.06444849818945,4.31858205795288,3.40991163253784,2.42613983154297,-12.6988458633423,-34.8069038391113,-59.665901184082,5.91128396987915,2.43490314483643,-0.0526724383235,17.4453029632568,9.68378639221191,-0.7898935675621,50.3716087341309,78.4508056640625,49.6581382751465,2.55184102058411,4.59448575973511,2.47141361236572,-3.5446674823761,-8.57697677612305,-0.59974390268326,2.53306531906128,4.42448472976685,4.42448472976685,32.522834777832,5.60003757476807,5.60003757476807,1.88711595535278,1.5584819316864,-0.08575379103422,8.36294651031494,13.8504571914673,16.8456039428711,0.07616640627384,0.25939190387726,-0.12197277694941,-1.28417634963989,0.25353294610977,0.36538571119308,2.8969841003418,2.45645093917847,2.66714072227478,8.32224464416504,1.76931500434875,2.07816696166992,-0.10226538777351,-0.27750140428543,-0.32863408327103,9.93114852905273,9.67018032073975,8.32942771911621,HIT
0.40746363997459,0.44794371724129,0.45912897586823,-0.09800432622433,-0.3914846777916,-0.51345747709274,3.97916316986084,3.47159242630005,3.04063606262207,2.08534979820251,1.54186594486237,1.36230075359344,-7.44726371765137,-8.19827556610107,-8.6206521987915,14.4418249130249,11.595118522644,6.87614727020264,1.28790473937988,1.39709436893463,0.9997506737709,-1.01200127601624,-1.32199323177338,-1.79443800449371,-4.36702394485474,-5.30794525146484,-5.66468143463135,1.40060794353485,0.30406361818314,-1.07020819187164,-4.1571946144104,-3.10311532020569,-1.4514228105545,-9.50976943969727,-10.8122148513794,-17.0515041351318,-0.75846827030182,-0.04207794740796,-0.70573770999908,-0.18429075181484,1.6266587972641,1.53131771087646,-7.89128875732422,-16.1656494140625,-60.7672348022461,4.09169054031372,4.84825849533081,5.8131217956543,17.4453029632568,14.6777467727661,-2.10762572288513,38.3431396484375,78.4508056640625,78.4508056640625,1.2543488740921,1.03330647945404,-0.00319579336792,-2.80963492393494,0.34088462591171,3.56650543212891,0.79966336488724,5.61200857162476,2.56418991088867,11.0229043960571,0.60094463825226,-0.01436521019787,-1.31347107887268,-1.49350070953369,-0.99389171600342,10.8744640350342,7.31668043136597,5.02782344818115,0.20932446420193,-0.63010394573212,-0.50227218866348,-0.4293015897274,0.05060006305575,-0.44954159855843,1.7980455160141,1.05344879627228,1.07978498935699,0.04070143029094,1.99915838241577,3.87142419815064,-0.23116238415241,-0.01171790901572,0.10918960720301,7.95832633972168,8.08282470703125,8.45392608642578,HIT
0.2609897851944,0.57257962226868,1.11799502372742,-1.44556391239166,-0.34887412190437,1.06100344657898,4.51785850524902,2.87783050537109,1.11330378055573,6.2392897605896,6.03817653656006,4.53940629959106,-8.25526714324951,-9.20654773712158,-10.088586807251,14.4681606292725,11.4059772491455,3.23696064949036,2.34358191490173,1.7811222076416,1.19629204273224,-2.63865995407104,-3.02055740356445,-3.35078930854797,-10.1394443511963,-10.3381633758545,-9.02853488922119,-0.96965169906616,-1.8171991109848,-0.81163436174393,-2.52201366424561,1.03437173366547,6.13911914825439,-19.4672546386719,-27.5333194732666,-33.8252830505371,0.96299904584885,-0.93370431661606,-1.10947299003601,2.62481164932251,3.70392441749573,2.19018363952637,-15.3420448303223,-56.2254333496094,-78.4508056640625,5.26245546340942,4.8793830871582,0.71586632728577,17.4453029632568,4.06984281539917,0.47351005673409,78.4508056640625,78.4508056640625,31.5603675842285,1.1302455663681,-0.18642127513885,-0.74675035476685,-4.03096055984497,1.37312591075897,2.00163197517395,3.65834021568298,3.74453139305115,4.01986455917358,0.00239420169964,0.10295066982508,2.16914677619934,-0.20559604465961,-0.42077946662903,-0.23915186524391,11.678915977478,10.6087074279785,8.43716716766357,0.92358428239822,0.22636869549751,0.05273059010506,-0.51079428195953,-0.34301516413689,-0.39254996180534,1.89381349086761,0.75896191596985,1.21625447273254,0.42616790533066,0.651222884655,1.64242231845856,0.20559604465961,-0.01917476020753,-0.15819177031517,9.48103904724121,10.4387197494507,10.1609916687012,HIT
1.32572162151337,1.87806129455566,2.69565176963806,0.16671389341354,-0.19973708689213,-1.0748518705368,3.45243883132935,2.77009129524231,1.80522811412811,5.37977123260498,4.8410758972168,3.73734879493713,-4.20193576812744,-4.0362868309021,-3.67036867141724,-6.04775333404541,-7.05571222305298,-8.53293514251709,1.28044784069061,0.87351685762405,0.56245964765549,-1.70175993442535,-1.67832410335541,-1.81893908977509,0.64882868528366,-0.07182604819536,-0.07182604819536,-0.22266076505184,0.5434837937355,0.5434837937355,0.22796659171581,2.64664959907532,5.46001291275024,-11.3964004516602,-13.268666267395,-22.9244804382324,0.27643612027168,1.55581879615784,0.75740301609039,1.88392019271851,2.24717545509338,1.99470770359039,-14.7626476287842,-62.6945648193359,-78.4508056640625,9.31823348999023,4.64235687255859,-2.4205379486084,17.4453029632568,3.52762317657471,5.45681715011597,78.4508056640625,78.4508056640625,-2.99275207519531,-1.09509181976318,-1.15634453296661,-0.52517539262772,2.92574882507324,2.11188673973084,-0.71106404066086,5.88015937805176,3.37103605270386,0.61770403385162,3.44525623321533,4.3837833404541,11.2719011306763,-0.73876088857651,-0.40799629688263,-0.64341974258423,5.99268674850464,11.4801969528198,9.75637149810791,-0.10599381476641,0.55819857120514,-0.00692421896383,0.11984225362539,-0.93796533346176,0.11185276508331,-0.76375031471252,-1.00795888900757,0.49799394607544,5.08289003372192,6.75883150100708,0.40940847992897,0.18535602092743,0.5949501991272,0.1320927888155,6.84502267837524,9.84495735168457,11.1354322433472,HIT
-0.16831178963184,-0.36858150362968,-0.60293966531754,-0.28549087047577,-0.41492050886154,-0.51931643486023,5.51145219802856,5.23611927032471,4.84825849533081,-1.15639936923981,-0.98641109466553,-1.01992988586426,-2.90124773979187,-2.46821784973145,-2.37127876281738,-6.48828649520874,-5.47075080871582,-4.52982950210571,-1.64210510253906,-1.97713088989258,-1.73584842681885,-1.92173707485199,-1.10201609134674,-0.37444046139717,3.32075786590576,1.24259066581726,0.86670100688934,0.53630119562149,2.8012158870697,4.84347009658813,-0.88630002737045,-0.07829693704844,6.0283317565918,-9.27274322509766,-12.5815296173096,-27.8756904602051,1.71187996864319,1.32625424861908,1.13184344768524,1.73265266418457,1.79710114002228,2.33239650726318,-15.4282360076904,-37.9744338989258,-66.4127578735352,6.69658231735229,3.52426481246948,0.94810384511948,17.4453029632568,1.72785890102386,3.23574090003967,29.9706172943115,59.390567779541,8.00621032714844,2.47567462921143,-0.46924898028374,-0.78137147426605,-5.49996042251587,1.84024429321289,0.48522797226906,1.45328044891357,6.31590414047241,0.45010992884636,-0.57700258493423,0.66079968214035,0.78290396928787,-0.73769563436508,-0.15499597787857,0.11984225362539,3.67749381065369,2.9855694770813,9.90960121154785,-0.36059200763702,0.05539375171065,-0.10226538777351,0.372309923172,0.31744879484177,0.15126755833626,-0.43813890218735,-0.78769236803055,-0.82121115922928,5.29597425460815,5.69101762771606,2.82276391983032,0.10386328399181,0.05113269388676,-0.06817692518234,9.05008220672607,10.0771951675415,10.2759132385254,HIT
0.19920445978642,0.41119208931923,0.68017137050629,-0.30945932865143,-0.16884441673756,-0.16990968585014,0.26096799969673,-0.5147533416748,-0.88106620311737,3.16034626960754,3.23456645011902,3.1387984752655,-6.87681484222412,-6.3915867805481,-5.92127227783203,-3.5506010055542,-5.51863479614258,-6.93360805511475,1.22558677196503,0.47137951850891,0.01118527725339,-2.52680730819702,-2.87727928161621,-2.52361154556274,-3.93127918243408,-3.85466480255127,-3.35188245773315,0.16280572116375,0.44053310155869,2.1284453868866,0.55979645252228,3.2112398147583,6.74205875396729,-15.7849721908569,-20.1783313751221,-23.8294887542725,-0.27217507362366,-1.76461052894592,-2.94172787666321,5.09622526168823,3.97396898269653,3.2277512550354,-25.2037620544434,-59.8789863586426,-75.1132888793945,6.2584433555603,2.27927994728088,3.39018964767456,4.36545372009277,1.76407790184021,-0.6593986749649,78.4508056640625,73.7414093017578,25.6754188537598,-1.02052330970764,1.48710918426514,0.63063657283783,0.1416801661253,-0.11238539963961,0.58909124135971,-1.86268889904022,-0.44532153010368,-2.57855534553528,9.8401689529419,4.78840351104736,-0.651222884655,0.88150632381439,-0.2737729549408,0.00692421896383,8.5496940612793,12.9430541992188,8.927978515625,-0.05060006305575,-0.17204020917416,-0.19334550201893,0.22050973773003,0.45060685276985,0.49694585800171,-0.65601128339767,-1.06063139438629,-1.3910311460495,1.76692080497742,2.58813214302063,3.73734879493713,-0.07510114461184,-0.14540860056877,-0.17683389782906,10.3022499084473,10.3788642883301,9.77313137054443,HIT
0.01704423129559,0.00053263222799,0.00905474834144,-0.11185276508331,-0.1097222417593,-0.08096009492874,-0.88585460186005,-0.91219085454941,-0.97444009780884,3.14119267463684,3.13401007652283,3.21062445640564,0.00852211564779,0.00213052891195,0.00479369005188,9.38048267364502,9.50976943969727,9.56962394714356,-0.02183792181313,0.03249056637287,0.12303804606199,0.15659387409687,0.01651159860194,-0.14807176589966,-0.97922849655151,-0.93373864889145,-0.50038814544678,3.34709405899048,3.79720377922058,4.0270471572876,-0.17576862871647,-0.17417073249817,-0.22210763394833,10.6350440979004,11.4466781616211,12.8448925018311,0.6998787522316,0.77391463518143,0.80640518665314,-0.63010394573212,-0.37763625383377,-0.43196472525597,-0.40701428055763,-0.61291563510895,0.02633621916175,5.03500604629517,4.53940629959106,4.70700073242188,-3.53774333000183,-5.14522743225098,-7.22249317169189,23.1974201202393,23.1974201202393,19.2828998565674,0.99602228403091,0.75260931253433,0.46978163719177,-1.17764985561371,-0.99708753824234,-0.79575252532959,-2.82515811920166,-3.35906505584717,-4.24731397628784,2.28406834602356,1.42455005645752,1.01992988586426,-8.49282073974609,-7.98682022094727,-7.55165958404541,5.3749828338623,2.4013843536377,0.20829555392265,-0.06072007492185,0.53849118947983,0.99602228403091,-0.37390783429146,0.07989483326674,0.07243798673153,-3.04542446136475,-4.80755710601807,-4.75488471984863,2.10689759254456,2.20266556739807,2.10450339317322,-5.59423637390137,-4.66798877716064,-2.12733316421509,-9.01895809173584,-11.2455654144287,-14.484920501709,HIT
-0.10226538777351,-0.06072007492185,0.53849118947983,-0.62903863191605,-0.37390783429146,0.07989483326674,-2.9161376953125,-3.04542446136475,-4.80755710601807,1.61608612537384,2.10689759254456,2.20266556739807,-6.24351501464844,-5.59423637390137,-4.66798877716064,-6.57687187194824,-9.01895809173584,-11.2455654144287,0.98217380046844,0.60826599597931,0.49907639622688,-2.64558434486389,-3.20484805107117,-2.98007726669312,-3.05021286010742,-3.1004912853241,-3.41892004013062,0.0981622710824,0.97683429718018,2.45405673980713,2.83626651763916,7.56817150115967,10.8310766220093,-14.8225030899048,-16.4146461486816,-19.4504947662354,1.87806129455566,1.18563938140869,-0.03728425502777,3.57715797424316,4.64082479476929,3.99527430534363,-23.2069969177246,-23.2069969177246,-68.687255859375,6.27280855178833,6.27280855178833,-0.41898530721664,10.0390520095825,-0.33875408768654,0.10439591854811,78.4508056640625,63.9658851623535,20.3578968048096,0.10492854565382,-0.98483699560165,0.63276708126068,-0.44581317901611,0.1272991001606,0.18748654425144,0.00718260509893,-1.31681096553802,-2.19548296928406,-6.22253036499023,11.4538612365723,11.954249382019,1.60055983066559,0.97205382585526,-0.17736652493477,6.715735912323,11.4969568252563,9.82341003417969,-0.2450108230114,0.30146983265877,0.36378780007362,-0.34887412190437,-0.36804887652397,-0.09480853378773,-2.89458990097046,-2.1978771686554,-1.37666594982147,6.24886655807495,5.81791019439697,1.40060794353485,-0.03675162419677,-0.09108011424541,-0.17417073249817,9.47625064849854,9.45230865478516,9.45230865478516,HIT
0.25992453098297,-0.65300709009171,-0.51239222288132,-0.17257283627987,1.43384599685669,1.48284816741943,0.80684596300125,-3.88339519500732,-2.559401512146,1.50595283508301,0.27054479718208,1.98239898681641,-7.98682022094727,-7.32049751281738,-6.62274932861328,2.67671751976013,-3.35906505584717,-5.99508094787598,2.10656046867371,2.06608033180237,1.82586324214935,-2.10656046867371,-2.68020534515381,-3.18514060974121,-5.80115079879761,-5.68862342834473,-5.11640882492065,1.35990655422211,0.39264908432961,0.14365209639072,2.24717545509338,4.75587320327759,7.64327239990234,-19.2206516265869,-17.6739978790283,-19.548656463623,1.02265381813049,-2.39684510231018,-4.02350378036499,4.04267883300781,4.53696155548096,3.94893527030945,-14.9062995910645,-57.4776000976563,-69.0104675292969,4.06296014785767,-0.14365209639072,-2.166752576828,13.0617399215698,4.20300102233887,4.24507904052734,78.4508056640625,48.4777946472168,13.1441669464111,0.588558614254,-0.54861122369766,-0.69828087091446,0.38296258449554,0.6679208278656,1.24263095855713,12.978967666626,-3.94085597991943,-1.02471828460693,-2.559401512146,2.28406834602356,5.54018259048462,0.14274543523788,0.06444849818945,0.60347229242325,6.93600225448608,1.51074123382568,1.8866308927536,0.07723167538643,0.11238539963961,-0.03888215124607,-0.40746363997459,-0.6141249537468,-0.36751624941826,-2.60728573799133,-1.61608612537384,-2.54982471466064,3.51229381561279,3.67749381065369,2.58813214302063,-0.17044231295586,-0.02343581803143,-0.06764429062605,8.36773490905762,8.8872766494751,8.96149730682373,HIT
-0.95927065610886,-0.89535474777222,-0.49215218424797,1.52918708324432,1.4727281332016,1.85515809059143,-0.38067805767059,-3.50511121749878,-2.89937829971313,0.74699091911316,1.77410340309143,2.47560453414917,-5.29915809631348,-4.13588905334473,-2.25250172615051,-5.15232229232788,-9.32541561126709,-10.5704002380371,2.58007049560547,2.37926816940308,1.83118963241577,-2.87461614608765,-3.6943371295929,-3.37635564804077,-1.24977326393127,-0.41180267930031,-0.92895025014877,0.33518823981285,-2.18590617179871,-3.11725068092346,5.26187372207642,13.4431047439575,17.4453029632568,-21.4951419830322,-20.2764949798584,-13.2519063949585,-2.97741413116455,-1.62878930568695,1.96807610988617,1.58458089828491,-1.29802477359772,-2.57261371612549,-50.1273994445801,-24.6602783203125,-6.47870969772339,-0.15801730751991,16.9437656402588,20.2764949798584,0.46445530653,-2.7393274307251,0.7792409658432,78.4508056640625,12.923900604248,15.6915979385376,-0.85807049274445,-0.62584286928177,0.27803403139114,2.13319206237793,1.83758115768433,1.06313395500183,-0.51954174041748,-0.66558808088303,-2.07816696166992,3.7541081905365,6.74207210540771,7.82185697555542,-0.140082269907,-0.3275688290596,-0.3850930929184,9.10275459289551,10.7068700790405,11.063606262207,-0.00585895450786,-0.04261057823896,0.00745685119182,-0.02024002373219,0.11984225362539,0.19014970958233,-2.47321033477783,-2.1475989818573,-2.20505976676941,3.6846764087677,3.68228220939636,4.28083276748657,-0.19867181777954,-0.17150758206844,-0.1161138266325,8.16422748565674,8.80587387084961,8.49941635131836,HIT
0.10120012611151,0.06285060197115,-0.00958738010377,-0.17789916694164,-0.14594122767448,-0.06391586363316,-2.37744235992432,-2.34871196746826,-2.34871196746826,3.9073371887207,3.5960910320282,3.5960910320282,0.03302319720387,0.03834952041507,0.04474110901356,8.80108547210693,8.71010589599609,8.67419242858887,0.01331580616534,0.01438106968999,-0.00585895450786,-0.06338323652744,-0.06391586363316,-0.05645901709795,-2.27927994728088,-2.29843354225159,-2.27688574790955,3.8187518119812,3.73016619682312,3.83072280883789,0.04420847445726,0.04953479766846,0.05912217870355,8.86094093322754,8.99262142181396,9.37329959869385,0.18801917135715,0.17683389782906,-0.59974390268326,-0.65886604785919,-1.00507700443268,-0.97471696138382,-1.25216746330261,-0.12928688526154,-4.5920786857605,4.43645572662354,4.01747035980225,4.32871675491333,-3.85838794708252,-5.1750545501709,-6.11035680770874,24.2125625610352,23.2285442352295,20.8056125640869,1.13131082057953,1.29589426517487,1.23836994171143,0.79521989822388,0.9827064871788,0.9076052904129,-3.13401007652283,-4.66629934310913,-3.8187518119812,5.4444146156311,1.48440504074097,1.88902509212494,-7.31623649597168,-7.57616090774536,-7.62942409515381,7.1012020111084,3.79480957984924,-0.11013327538967,2.041579246521,1.82320010662079,0.82771050930023,-1.23357629776001,-1.22558677196503,-1.42319333553314,-3.88339519500732,-3.34948825836182,-3.36624765396118,-0.11492168158293,-0.91219085454941,-2.1475989818573,-2.42933559417725,-0.42717105150223,5.14469480514526,-12.9717845916748,-16.3739452362061,-18.9908084869385,HIT
1.29589426517487,1.23836994171143,1.40934491157532,0.9827064871788,0.9076052904129,0.80906838178635,-4.66629934310913,-3.8187518119812,-2.83234071731567,1.48440504074097,1.88902509212494,2.17154097557068,-7.57616090774536,-7.62942409515381,-7.08507394790649,3.79480957984924,-0.11013327538967,-4.56813669204712,1.82320010662079,0.82771050930023,0.23329292237759,-1.22558677196503,-1.42319333553314,-1.69803154468536,-3.34948825836182,-3.36624765396118,-3.16513466835022,-0.91219085454941,-2.1475989818573,-1.94888019561768,-0.42717105150223,5.14469480514526,13.2641401290894,-16.3739452362061,-18.9908084869385,-24.5381736755371,-5.8275294303894,-6.60730266571045,-1.32199323177338,3.83974575996399,-2.89538884162903,-7.64859867095947,-36.0686492919922,-76.1811065673828,-40.1627349853516,-1.80043971538544,8.51856994628906,25.2995300292969,-3.96970796585083,-3.8701057434082,0.77604514360428,78.4508056640625,-10.1562032699585,24.317907333374,-1.02371919155121,-0.00852211564779,1.32465636730194,2.38565969467163,2.6285400390625,2.17686796188354,-3.67749381065369,-1.75016140937805,-1.37427175045013,4.6830587387085,11.1761331558228,8.25760173797607,-0.28602349758148,1.03117597103119,0.30573090910912,3.74692559242249,3.65115761756897,12.0021333694458,-0.42876893281937,-0.3531351685524,-0.14114753901958,-0.3147856593132,0.02982740476727,0.4356931746006,-1.48919343948364,-3.74453139305115,-5.15711069107056,3.27047944068909,4.61362648010254,5.41568422317505,-0.03142530098557,-0.06391586363316,-0.06178534030914,11.0516347885132,8.77714347839355,7.76679039001465,HIT
1.1941614151001,1.10574448108673,0.83303678035736,-0.47936901450157,-0.08096009492874,-0.20133498311043,-1.43652105331421,-2.82515811920166,-1.79086291790009,3.35188245773315,1.39581954479218,2.70544791221619,-8.13648986816406,-8.40014266967773,-7.9591236114502,7.91762495040894,4.2760443687439,-0.52672439813614,0.59974390268326,0.37763625383377,0.16458335518837,-1.67353045940399,-1.18563938140869,-0.91772532463074,-3.03345346450806,-3.03345346450806,-1.60650932788849,-0.87627780437469,-0.87627780437469,-0.91937345266342,-1.90149700641632,2.56196093559265,5.43657732009888,-13.1633205413818,-15.1672677993774,-17.7961006164551,-1.46793437004089,-2.47088098526001,-1.66287779808044,1.16007304191589,1.25594675540924,-3.76837301254272,-5.79636240005493,-15.8974990844727,-51.0156517028809,-2.41335535049438,-2.25294375419617,5.14274501800537,17.4453029632568,11.9203090667725,-4.62644338607788,39.0542182922363,55.861515045166,55.861515045166,-1.5536881685257,-0.87298423051834,-0.85114628076553,1.00507700443268,1.95902132987976,2.70417380332947,5.27921485900879,-6.19619417190552,-6.19619417190552,-11.0252990722656,2.07577276229858,2.07577276229858,1.37525641918182,0.96193379163742,0.232227653265,4.97993946075439,4.97993946075439,8.0540943145752,0.26525086164474,-0.02556634694338,-0.1288969963789,0.66951870918274,0.74621772766113,0.67005133628845,-3.87860679626465,-3.71819519996643,-3.74453139305115,1.97282218933105,1.63763391971588,2.7629086971283,0.09214537590742,0.06604639440775,0.02290318533778,9.19852256774902,8.72447109222412,8.64785671234131,HIT
0.57417756319046,0.47297742962837,0.20133498311043,0.15925703942776,0.24447819590569,-0.21358552575111,2.03985977172852,5.09007263183594,5.60722017288208,1.12048637866974,0.56503158807755,-0.25617957115173,-5.74869966506958,-5.76095008850098,-5.31300640106201,8.4706859588623,8.4706859588623,1.60172092914581,0.6231797337532,1.28737211227417,1.32678687572479,-0.15925703942776,-0.59601545333862,-1.38910484313965,2.52588272094727,0.0526724383235,-2.19069457054138,3.62960982322693,2.05901336669922,0.217872351408,-3.4205641746521,-2.40483450889587,2.24131631851196,-8.391676902771,-9.91438961029053,-26.1087703704834,-0.27590349316597,-1.34596168994904,-5.54576683044434,0.06551376730204,0.85540735721588,6.48905849456787,-22.4145164489746,-57.9612274169922,-63.520565032959,-2.64080452919006,-2.33674097061157,-2.11168599128723,5.32578945159912,-1.54995977878571,1.01253390312195,78.4508056640625,38.6663589477539,-6.27041435241699,-2.26155638694763,0.57364493608475,0.07989483326674,-4.44694662094116,0.73929351568222,-0.03089267015457,8.54490566253662,1.03908348083496,1.28089785575867,-13.0962829589844,6.64869832992554,-1.5945383310318,-0.78723043203354,-0.30945932865143,0.2609897851944,9.66299819946289,6.31350994110107,6.1698579788208,0.84262418746948,0.61519020795822,0.38882151246071,0.13102753460407,-0.07776430249214,-0.29401299357414,-0.33518823981285,-0.11492168158293,-1.01514148712158,2.61925673484802,1.7788919210434,1.80762231349945,0.06125270575285,0.31957933306694,0.37390783429146,7.11796188354492,8.30069732666016,9.73482418060303,HIT
0.18642127513885,0.02822950854897,0.01491370238364,-0.03515372797847,-0.24607609212399,-0.33928671479225,1.19949507713318,0.96486330032349,-0.05506663769484,2.33434677124023,3.16513466835022,4.04380655288696,-6.91836023330688,-7.57935667037964,-7.99108123779297,13.4195003509521,5.61679697036743,3.35667085647583,1.29056787490845,1.08976554870605,0.73716300725937,-1.54516613483429,-1.64530098438263,-2.21574997901917,-4.82192230224609,-4.12760353088379,-5.42765522003174,1.25695586204529,0.05746084079146,1.02950668334961,-4.3830304145813,0.27004453539848,10.6190891265869,-8.66701030731201,-22.9675769805908,-37.1316757202149,-1.53824186325073,-3.23946928977966,-5.71248054504395,3.19046711921692,1.485511302948,2.07833099365234,-22.2804412841797,-78.4508056640625,-78.4508056640625,-0.56263738870621,-6.88093566894531,-6.88093566894531,5.0434947013855,-4.23176288604736,-3.04079747200012,78.4508056640625,42.6670684814453,7.31189203262329,-0.96406435966492,-0.2673813700676,0.65087658166885,0.12144014984369,0.65460503101349,0.92678010463715,7.75003099441528,0.46686932444572,0.3016694188118,-7.18260526657104,9.94072532653809,4.95599746704102,-0.05699164792895,0.62850600481033,0.39095205068588,4.09408473968506,9.55047035217285,11.6238489151001,0.18748654425144,-0.03781688958406,-0.08042746782303,-0.08202536404133,-0.12144014984369,-0.23808661103249,-1.45806884765625,-1.48201084136963,-1.13006317615509,4.13239192962646,3.94085597991943,4.7907977104187,0.07882957160473,-0.00798948295414,-0.06817692518234,8.95431423187256,9.0859956741333,9.12190818786621,HIT
0.39840891957283,0.06711166352034,0.5028048157692,1.27192580699921,2.7015106678009,4.01285123825073,-1.42455005645752,-1.42455005645752,-4.63756847381592,9.6989107131958,9.6989107131958,10.5320930480957,-8.9402322769165,-10.1322631835938,-11.0052471160889,15.291766166687,11.3533048629761,6.25365495681763,4.74149227142334,4.28342819213867,3.46796846389771,-2.4911208152771,-3.9089879989624,-5.70768690109253,-18.7873001098633,-17.7697658538818,-17.7697658538818,-0.03591302409768,0.3208230137825,0.3208230137825,-5.29915809631348,-0.9827064871788,11.2886075973511,-9.03571701049805,-35.1277275085449,-35.5634727478027,3.39659571647644,3.02109003067017,0.95287907123566,2.45490193367004,1.93398761749268,3.15318274497986,-20.9779949188232,-54.3555603027344,-77.8187408447266,8.0924015045166,-2.05901336669922,-10.433931350708,3.44080424308777,2.86236548423767,2.2477080821991,78.4508056640625,20.1615734100342,42.5305976867676,0.33236250281334,2.36914825439453,1.83864641189575,0.67591029405594,-2.37767028808594,-2.8336033821106,-2.11408019065857,-3.35906505584717,-2.25054955482483,24.5453567504883,5.63834476470947,-0.96007490158081,0.76539248228073,1.30761206150055,1.10894024372101,-1.37666594982147,4.34068775177002,10.9391078948975,-0.07350324839354,-0.05752427875996,0.11238539963961,-0.27324032783508,-0.33502566814423,-0.22956448793411,-2.15956997871399,-2.15956997871399,-1.96563959121704,5.04218864440918,5.04218864440918,5.57130718231201,0.35686358809471,0.13262543082237,0.08309062570333,7.98945093154907,8.74123001098633,8.72447109222412,HIT
