gyro_x_0,gyro_y_0,gyro_z_0,acc_x_0,acc_y_0,acc_z_0,gyro_x_1,gyro_y_1,gyro_z_1,acc_x_1,acc_y_1,acc_z_1,gyro_x_2,gyro_y_2,gyro_z_2,acc_x_2,acc_y_2,acc_z_2,gyro_x_3,gyro_y_3,gyro_z_3,acc_x_3,acc_y_3,acc_z_3,gyro_x_4,gyro_y_4,gyro_z_4,acc_x_4,acc_y_4,acc_z_4,gyro_x_5,gyro_y_5,gyro_z_5,acc_x_5,acc_y_5,acc_z_5,gyro_x_6,gyro_y_6,gyro_z_6,acc_x_6,acc_y_6,acc_z_6,gyro_x_7,gyro_y_7,gyro_z_7,acc_x_7,acc_y_7,acc_z_7,gyro_x_8,gyro_y_8,gyro_z_8,acc_x_8,acc_y_8,acc_z_8,gyro_x_9,gyro_y_9,gyro_z_9,acc_x_9,acc_y_9,acc_z_9,gyro_x_10,gyro_y_10,gyro_z_10,acc_x_10,acc_y_10,acc_z_10,gyro_x_11,gyro_y_11,gyro_z_11,acc_x_11,acc_y_11,acc_z_11,gyro_x_12,gyro_y_12,gyro_z_12,acc_x_12,acc_y_12,acc_z_12,gyro_x_13,gyro_y_13,gyro_z_13,acc_x_13,acc_y_13,acc_z_13,gyro_x_14,gyro_y_14,gyro_z_14,acc_x_14,acc_y_14,acc_z_14,motion_type
0.1368864774704,0.30999195575714,0.04474110901356,0.08948221802711,0.11984225362539,-0.81545996665955,-0.61530983448029,-0.23702596127987,-0.62967503070831,11.1665563583374,10.6206789016724,7.89607715606689,0.21731394529343,-0.41651839017868,-0.37177729606628,4.18267059326172,5.3175220489502,2.166752576828,-0.30999195575714,-0.03089267015457,0.36858150362968,-0.33875408768654,-0.22849921882153,0.40320259332657,-0.20350714027882,1.27610945701599,-0.428562104702,10.2950668334961,9.49300956726074,10.4722385406494,0.18695391714573,0.14061491191387,-0.35420042276382,1.67833542823792,3.31596946716309,7.0509238243103,0.33182987570763,0.23116238415241,0.11238539963961,0.25353294610977,0.05006742849946,-1.05940544605255,-0.50038814544678,-0.217872351408,0.50517654418945,11.757924079895,12.978967666626,18.6412544250488,0.11717908829451,0.07243798673153,0.1145159304142,-0.11252748221159,-0.11252748221159,0.52193599939346,-0.59548282623291,-0.23169502615929,0.27909928560257,-8.77564811706543,-8.93650341033936,-8.15246868133545,-0.15562310814857,-0.8164227604866,-1.17794728279114,13.5344219207764,8.71489429473877,-1.82438170909882,-0.19014970958233,-0.17150758206844,-0.20293287932873,0.40462008118629,0.29448682069778,0.77572137117386,0.30945932865143,-0.20080235600471,-0.17896443605423,-1.44023752212524,3.43973898887634,5.92073965072632,-0.85473001003265,0.6033388376236,0.67995327711105,-12.5216751098633,-14.5567464828491,-13.1226196289063,-0.65567028522491,-0.30253511667252,-0.26951190829277,1.2449848651886,-1.50834703445435,-7.56807136535645,FAN
-0.59548282623291,-0.23169502615929,0.27909928560257,-8.77564811706543,-8.93650341033936,-8.15246868133545,-0.15562310814857,-0.8164227604866,-1.17794728279114,13.5344219207764,8.71489429473877,-1.82438170909882,-0.19014970958233,-0.17150758206844,-0.20293287932873,0.40462008118629,0.29448682069778,0.77572137117386,0.30945932865143,-0.20080235600471,-0.17896443605423,-1.44023752212524,3.43973898887634,5.92073965072632,-0.85473001003265,0.6033388376236,0.67995327711105,-12.5216751098633,-14.5567464828491,-13.1226196289063,-0.65567028522491,-0.30253511667252,-0.26951190829277,1.2449848651886,-1.50834703445435,-7.56807136535645,0.73290193080902,0.87032103538513,-0.57044911384583,13.317403793335,9.36580467224121,1.46154284477234,1.93690919876099,1.89620769023895,0.28012159466743,19.002779006958,26.178201675415,30.9354801177979,0.14114753901958,0.2673813700676,0.28229507803917,-4.4532151222229,-3.19625926017761,-2.19069457054138,-1.15740978717804,-0.57098174095154,-0.05379585549235,-10.3772735595703,-10.5977830886841,-10.2094945907593,1.25216746330261,-0.58897364139557,-0.22744916379452,22.2229804992676,11.1928930282593,6.1698579788208,0.52943640947342,0.36538571119308,0.30413299798965,-1.98718738555908,-1.98718738555908,-1.73819041252136,0.40426784753799,0.39787626266479,0.14913702011108,-6.38306474685669,-3.58301711082459,-0.46498793363571,-1.51074123382568,-1.7980455160141,-1.7980455160141,-11.7483472824097,-14.9541835784912,-14.9541835784912,-0.57364493608475,-0.60080915689468,-0.6141249537468,0.98162269592285,0.428562104702,1.12048637866974,FAN
0.16671389341354,0.2178465873003,0.29720878601074,-10.0598249435425,-9.95489597320557,-8.72185230255127,-0.27054479718208,-0.27054479718208,-0.96007490158081,1.42215585708618,1.42215585708618,-7.59201335906982,0.25939190387726,0.06391586363316,-0.20825919508934,-0.49799394607544,2.24815535545349,2.24815535545349,-0.69242191314697,-0.80374205112457,-0.71585774421692,4.48955726623535,6.49971103668213,8.24994087219238,-0.36152446269989,-0.89064306020737,-0.72783732414246,-14.3292970657349,-10.886435508728,-8.75559520721436,-0.50813114643097,-0.17363810539246,-0.34887412190437,-0.4955997467041,-4.25689077377319,-4.25689077377319,1.37259328365326,0.97471696138382,0.91666007041931,10.9940614700317,10.396448135376,7.05684423446655,0.40940847992897,1.7980455160141,2.99754047393799,12.6294136047363,26.1398944854736,28.3018589019775,-0.00372842559591,0.00905474834144,0.10013485699892,-8.2504186630249,-5.62637376785278,-4.0270471572876,-0.92092114686966,-0.97152119874954,-0.81279677152634,-4.24401378631592,-6.83207368850708,-9.08617305755615,2.72460150718689,1.95845699310303,1.44130945205688,24.1024284362793,21.9883480072021,18.1312885284424,0.47244477272034,0.33182987570763,0.27164244651794,-2.74375510215759,-1.31441676616669,-1.36230075359344,-0.68230187892914,-0.43196472525597,-0.05432848632336,-9.86914253234863,-8.98550605773926,-7.86964130401611,0.9528923034668,-0.11013327538967,-0.56742578744888,-0.51235914230347,-3.5506010055542,-7.11317348480225,0.54168695211411,0.48096689581871,0.19760656356812,0.72783732414246,2.46123933792114,2.05183076858521,FAN
-0.68230187892914,-0.43196472525597,-0.05432848632336,-9.86914253234863,-8.98550605773926,-7.86964130401611,0.9528923034668,-0.11013327538967,-0.56742578744888,-0.51235914230347,-3.5506010055542,-7.11317348480225,0.54168695211411,0.48096689581871,0.19760656356812,0.72783732414246,2.46123933792114,2.05183076858521,-0.45540055632591,-0.54008907079697,-0.69881349802017,4.16092300415039,4.94389247894287,6.83313894271851,0.20590133965015,-0.45968672633171,-0.31124621629715,-11.1713447570801,-10.1514148712158,-9.48103904724121,0.55553543567657,0.79415464401245,0.86659264564514,0.94570964574814,-1.08696758747101,-1.71424841880798,1.20321619510651,1.28470897674561,1.297492146492,10.0587596893311,6.73247146606445,1.88551807403564,1.28089785575867,-0.88106620311737,-3.50271701812744,24.1886196136475,24.6866130828857,27.9068145751953,0.60879862308502,0.29720878601074,0.30040457844734,-4.21140098571777,-2.3319525718689,-1.82438170909882,-0.25619611144066,-0.42450788617134,-0.74888092279434,-7.85792303085327,-9.52080154418945,-9.85848999023438,0.48841714859009,1.68551802635193,1.04387199878693,18.9309520721436,14.125789642334,7.9343843460083,0.21358552575111,0.06444849818945,0.12357068061829,-0.31603461503983,-0.37349545955658,-0.54587799310684,-0.5949501991272,-0.84475469589233,-0.77125144004822,-1.36833214759827,2.42028093338013,5.16173887252808,-0.82121115922928,0.54827219247818,0.73980832099915,-14.513650894165,-18.1336841583252,-14.5519580841064,-0.05060006305575,0.16192018985748,0.5182511806488,2.46842193603516,1.40539634227753,-0.23463176190853,FAN
-0.74888092279434,-1.07325398921967,-1.01626229286194,-9.85848999023438,-9.77966022491455,-8.18229675292969,1.04387199878693,-0.61770403385162,-1.10133278369904,7.9343843460083,0.48362874984741,-5.69820022583008,0.12357068061829,0.25300031900406,0.09001484513283,-0.54587799310684,0.24660277366638,1.4676456451416,-0.77125144004822,-0.39840891957283,0.53263223171234,5.16173887252808,6.33938884735107,9.55755233764648,0.73980832099915,1.23780226707459,1.47482824325562,-14.5519580841064,-9.95269680023193,-5.83706378936768,0.5182511806488,0.84102630615234,0.80906838178635,-0.23463176190853,-4.76685571670532,-9.30865573883057,0.9203884601593,-0.02130528911948,-0.84528732299805,12.6691904067993,9.06007385253906,3.85146355628967,3.45722723007202,1.68312382698059,1.68312382698059,23.3171310424805,25.0864448547363,25.0864448547363,-0.02024002373219,-0.44900897145271,-0.45540055632591,-11.9470663070679,-4.31913995742798,-4.67108774185181,-0.01065264455974,0.22210763394833,0.51665323972702,-9.96182060241699,-11.0973920822144,-11.4707679748535,-1.95845699310303,0.35194763541222,-0.17956513166428,14.5160446166992,7.92241334915161,2.97359848022461,-0.09534116834402,-0.00745685119182,0.28122982382774,-2.84431171417236,-1.45806884765625,1.56820213794708,-0.03621899336576,-0.15233281254768,-0.08309062570333,-1.82320010662079,0.41278997063637,2.53479671478271,-1.34314715862274,-1.2258312702179,-0.63206923007965,-14.4226713180542,-13.7810249328613,-13.3692226409912,-0.05965480953455,-0.07456851005554,0.00479369005188,2.13323378562927,1.97761058807373,-0.14365209639072,FAN
0.22210763394833,0.51665323972702,0.69082397222519,-11.0973920822144,-11.4707679748535,-10.7218866348267,0.35194763541222,-0.17956513166428,-0.58897364139557,7.92241334915161,2.97359848022461,-2.827552318573,-0.00745685119182,0.28122982382774,0.24554345011711,-1.45806884765625,1.56820213794708,1.93690919876099,-0.15233281254768,-0.08309062570333,-0.00639158673584,0.41278997063637,2.53479671478271,4.74042701721191,-1.2258312702179,-0.63206923007965,-0.11013327538967,-13.7810249328613,-13.3692226409912,-13.0651588439941,-0.07456851005554,0.00479369005188,-0.17417073249817,1.97761058807373,-0.14365209639072,-4.23055458068848,0.58269965648651,0.05805691331625,-0.30040457844734,14.0337944030762,11.4222984313965,5.98731899261475,1.69748902320862,2.67432332038879,-1.23780226707459,15.4928789138794,21.8614559173584,30.5164947509766,0.00479369005188,-0.02077265642583,-0.00319579336792,-8.48026275634766,-2.06140756607056,-1.06063139438629,-0.73236930370331,-0.50493532419205,-0.57524281740189,-7.28960466384888,-9.15488243103027,-9.86275100708008,0.33039984107018,-0.23942017555237,-1.14203417301178,27.1119403839111,19.4552822113037,12.6222314834595,-0.27803403139114,-0.42504051327705,-0.54328489303589,0.80205756425858,0.37588965892792,-0.45968672633171,0.13954964280128,-0.1129180341959,-0.41918155550957,-6.97215604782104,-5.08717060089111,-2.81975507736206,-0.10773907601833,-0.40940847992897,-0.49320554733276,-8.79390239715576,-12.3564748764038,-13.7259578704834,-0.53156697750092,-0.52304482460022,-0.02237055450678,0.38546648621559,-0.46926352381706,0.0454898327589,FAN
-0.57524281740189,-0.50600063800812,-0.33555829524994,-9.86275100708008,-9.88938236236572,-10.2899217605591,-1.14203417301178,-1.16837048530579,-0.61530983448029,12.6222314834595,8.73404788970947,5.26484966278076,-0.54328489303589,-0.61039650440216,-0.50759851932526,-0.45968672633171,-0.96246910095215,-0.07900865375996,-0.41918155550957,-0.56032907962799,-0.45912897586823,-2.81975507736206,-0.87245160341263,1.32092797756195,-0.49320554733276,-0.77332717180252,0.12449848651886,-13.7259578704834,-14.5399866104126,-14.5280160903931,-0.02237055450678,0.264185577631,0.41225734353065,0.0454898327589,0.93134444952011,1.09175598621368,1.23410892486572,0.70360720157623,-0.19600865244865,14.8295469284058,14.3160886764526,12.1855602264404,1.1947066783905,1.35032975673676,1.35032975673676,3.79002118110657,19.4720420837402,19.4720420837402,0.04900216311216,-0.06817692518234,-0.19228023290634,-12.3971767425537,-7.42681360244751,-4.22337198257446,-0.49268481135368,-0.30999195575714,0.14913702011108,-6.60197639465332,-8.28882312774658,-10.6228170394897,-0.75417351722717,-1.71903681755066,2.15478157997131,22.1870670318604,21.351490020752,11.21204662323,-0.2354234457016,-0.1336906850338,-0.00798948295414,-3.38779544830322,-3.09570288658142,-2.26252055168152,-0.55340486764908,-0.75101143121719,0.19867181777954,-6.24244976043701,-4.27756929397583,1.0876350402832,-0.1963245421648,-0.13646949827671,0.6703764796257,-9.19612884521484,-13.1441669464111,-14.8799638748169,0.10759171098471,0.48203217983246,0.32863408327103,1.82677590847015,2.68868851661682,2.38223075866699,FAN
-0.30999195575714,0.14913702011108,0.19068233668804,-8.28882312774658,-10.6228170394897,-10.8976554870605,-1.71903681755066,2.15478157997131,0.13646949827671,21.351490020752,11.21204662323,4.75009632110596,-0.1336906850338,-0.00798948295414,0.11558119207621,-3.09570288658142,-2.26252055168152,0.83078801631927,-0.75101143121719,0.19867181777954,0.92784535884857,-4.27756929397583,1.0876350402832,4.39102029800415,-0.13646949827671,0.6703764796257,-0.50757074356079,-13.1441669464111,-14.8799638748169,-14.9781255722046,0.48203217983246,0.32863408327103,-0.30146983265877,2.68868851661682,2.38223075866699,-3.91451978683472,0.20186761021614,-0.25726136565208,-0.83942836523056,13.6684083938599,12.6420259475708,9.70615673065186,-1.65439331531525,-1.69748902320862,-1.03908348083496,7.4579381942749,15.6868095397949,31.0599784851074,0.18695391714573,0.05006742849946,-0.05486112087965,-9.21528244018555,-5.3749828338623,-3.68707060813904,0.16990968585014,0.60027652978897,0.17044231295586,-6.50929832458496,-9.31680297851562,-11.1676998138428,1.01274728775024,0.78769236803055,-1.28568625450134,25.6658420562744,21.3179721832275,6.89769506454468,-0.30093720555305,-0.248206615448,0.09587380290031,-2.06619596481323,-3.28245043754578,-1.36948335170746,-1.08870029449463,-0.86126631498337,-0.57524281740189,-6.05869150161743,-2.96569633483887,0.02237055450678,0.29927521944046,0.86191260814667,0.37588965892792,-13.156138420105,-15.8352499008179,-16.8240547180176,0.58642810583115,0.87298423051834,0.97578221559525,0.33758243918419,-0.58418524265289,0.44771572947502,FAN
0.60027652978897,0.17044231295586,-0.46072688698769,-9.31680297851562,-11.1676998138428,-10.8555774688721,0.78769236803055,-1.28568625450134,-0.48123455047607,21.3179721832275,6.89769506454468,3.15316367149353,-0.248206615448,0.09587380290031,0.23169502615929,-3.28245043754578,-1.36948335170746,-0.78050976991653,-0.86126631498337,-0.57524281740189,-0.29294773936272,-2.96569633483887,0.02237055450678,2.69405388832092,0.86191260814667,0.37588965892792,-0.02633621916175,-15.8352499008179,-16.8240547180176,-16.3763389587402,0.87298423051834,0.97578221559525,0.84954839944839,-0.58418524265289,0.44771572947502,0.97922849655151,0.67058396339417,0.98430436849594,0.72597771883011,16.1249084472656,14.6969213485718,9.70296096801758,0.96246910095215,-1.51313543319702,-1.60890352725983,6.17225217819214,24.6483058929443,28.2324256896973,0.32330775260925,0.56245964765549,0.10173275321722,-14.6429376602173,-7.60877323150635,-4.26167917251587,0.7190535068512,0.79308938980103,0.16884441673756,-7.77270221710205,-9.45901584625244,-11.6039257049561,2.57855534553528,0.54587799310684,0.0981622710824,25.4838829040527,20.4105701446533,8.40843677520752,0.14114753901958,0.23116238415241,0.31691616773605,-2.20505976676941,-1.78368031978607,-1.21864867210388,-0.25672873854637,-0.52197957038879,-0.41278997063637,-8.64355564117432,-2.58859252929688,-0.16884441673756,-1.01992988586426,-1.5179238319397,-1.5179238319397,-10.0245227813721,-16.2829666137695,-16.2829666137695,0.02237055450678,0.04154531285167,-0.04687163606286,0.13407529890537,1.42455005645752,-0.06943184882402,FAN
0.6593986749649,0.7190535068512,0.79308938980103,-6.45070886611938,-7.77270221710205,-9.45901584625244,2.24576115608215,2.57855534553528,0.54587799310684,27.6434535980225,25.4838829040527,20.4105701446533,0.06551376730204,0.14114753901958,0.23116238415241,-2.77487969398499,-2.20505976676941,-1.78368031978607,-0.2370213419199,-0.25672873854637,-0.52197957038879,-9.96661472320557,-8.64355564117432,-2.58859252929688,-0.9911994934082,-1.01992988586426,-1.5179238319397,-4.80276870727539,-10.0245227813721,-16.2829666137695,0.26471820473671,0.02237055450678,0.04154531285167,0.84275901317596,0.13407529890537,1.42455005645752,0.11504855751991,-0.22796659171581,-1.30761206150055,11.2859439849854,13.0233907699585,13.9118213653564,-0.86670100688934,-1.77170920372009,-0.10295066982508,-8.40364837646484,-1.24737906455994,8.33900451660156,0.2210423797369,0.63862603902817,0.232227653265,-18.6053409576416,-11.1545858383179,-6.73010110855103,-0.04420847445726,-0.06764429062605,0.00532632227987,-4.74468803405762,-6.91409873962402,-9.95969009399414,0.34237083792686,2.49954652786255,-0.641646027565,25.0648975372314,25.9100513458252,14.293384552002,-0.40373522043228,-0.44101947546005,-0.31691616773605,-3.54820680618286,-2.79403328895569,-2.56418991088867,0.03408846259117,0.25086978077888,0.08202536404133,-10.52161693573,-6.92155599594116,-4.37344312667847,0.05985504388809,-0.50996494293213,-0.53151279687881,-2.3247697353363,-10.7164468765259,-12.8855934143066,-0.16618125140667,0.19973708689213,0.17257283627987,1.25695586204529,2.71981310844421,5.27921485900879,FAN
0.00532632227987,-0.07084008306265,-0.21518342196941,-9.95969009399414,-10.2286691665649,-10.6696891784668,-0.641646027565,-0.73980832099915,-0.45968672633171,14.293384552002,9.05726528167725,5.42047262191772,-0.31691616773605,-0.20293287932873,-0.08735168725252,-2.56418991088867,-2.36068296432495,-0.14604631066322,0.08202536404133,0.02503371424973,0.99016332626343,-4.37344312667847,-1.95902132987976,2.56036305427551,-0.53151279687881,-1.20188927650452,-1.13485157489777,-12.8855934143066,-13.3931646347046,-12.9430541992188,0.17257283627987,0.02237055450678,-0.25193503499031,5.27921485900879,5.27921485900879,3.17949986457825,-0.72384721040726,-0.72491246461868,-1.26074051856995,13.4542903900146,13.2002248764038,13.234845161438,-0.63446342945099,-1.23780226707459,-1.20188927650452,6.93600225448608,12.3828115463257,14.5423812866211,-0.21837921440601,-0.16138756275177,-0.2769687473774,-13.2375411987305,-10.9103775024414,-4.19942998886108,-0.39201730489731,0.30413299798965,0.43462789058685,-7.30931186676025,-9.73918056488037,-9.7343864440918,-2.35589456558228,0.87388360500336,-0.48123455047607,20.8918037414551,14.8153200149536,7.55610036849976,-0.22796659171581,-0.35047200322151,-0.46232476830482,-1.66636443138123,-0.39983168244362,-0.03112462162971,-0.74461984634399,-0.67324715852737,-0.49481534957886,-6.88533687591553,-4.27756929397583,-1.53930711746216,1.29765737056732,1.29765737056732,0.74699091911316,-11.3221797943115,-11.3221797943115,-15.6269540786743,0.00319579336792,0.05273059010506,0.26897928118706,2.52588272094727,2.52588272094727,0.34955343604088,FAN
0.43462789058685,0.15499597787857,-0.27430561184883,-9.7343864440918,-10.0763368606567,-10.2947158813477,-0.48123455047607,-1.3910311460495,-1.63045132160187,7.55610036849976,2.65756392478943,-1.34554135799408,-0.46232476830482,-0.37337517738342,-0.2226402759552,-0.03112462162971,0.63446342945099,0.63446342945099,-0.49481534957886,-0.01491370238364,0.37017938494682,-1.53930711746216,3.8402783870697,6.34684562683105,0.74699091911316,0.82599955797195,0.82599955797195,-15.6269540786743,-15.1074123382568,-15.1074123382568,0.26897928118706,0.59015649557114,0.82025361061096,0.34955343604088,-1.11330378055573,-2.00394678115845,1.57925450801849,0.80054622888565,-0.61891865730286,13.7094211578369,13.436713218689,7.21610164642334,1.24977326393127,0.83318221569061,2.31758713722229,7.03416442871094,13.800178527832,29.2906627655029,-0.47617322206497,-0.62637549638748,-0.63756078481674,-9.84495735168457,-9.82341003417969,-8.04451751708984,-0.67591029405594,-0.11238539963961,0.25193503499031,-8.35912990570068,-9.20175457000732,-9.17192649841309,-0.67277067899704,-0.93134444952011,-0.90021985769272,24.1287651062012,17.9708786010742,14.0970592498779,-0.79042625427246,-0.99176120758057,-0.90281164646149,-3.65594601631165,-2.40856695175171,-1.68791222572327,0.39734363555908,0.25726136565208,-0.37177729606628,-7.98682022094727,-6.44698047637939,-1.3102753162384,-1.28089785575867,-1.61608612537384,0.70628952980042,-6.97430944442749,-10.8074264526367,-16.2183227539063,-0.29667615890503,-0.05006742849946,0.17417073249817,2.04943656921387,1.09175598621368,1.09175598621368,FAN
0.39414784312248,0.33289512991905,0.37710362672806,-9.6582202911377,-10.1583614349365,-9.27046394348144,-0.90021985769272,-0.89064306020737,-0.88346040248871,14.0970592498779,0.52911859750748,-3.45483303070068,-0.67750817537308,-0.42290997505188,-0.34088462591171,-1.30962836742401,0.06943184882402,2.85388851165771,-0.232227653265,0.2370213419199,0.57364493608475,1.42692172527313,3.91324901580811,5.79397344589233,1.32399356365204,0.38307225704193,0.38307225704193,-15.0930471420288,-13.1250133514404,-13.1250133514404,0.48203217983246,0.42131209373474,0.14381070435047,0.06224924325943,0.15322890877724,-1.68312382698059,-0.00106526445597,-0.30253511667252,-1.60269033908844,13.6795930862427,13.1453638076782,5.23257923126221,0.62488663196564,-0.55545479059219,1.33596456050873,5.25766706466675,16.8216609954834,29.7264080047607,-0.83516734838486,-0.57950389385223,-0.02183792181313,-9.62229633331299,-9.55765342712402,-5.6024317741394,0.03142530098557,0.43675842881203,0.57684069871902,-8.44754695892334,-8.81772613525391,-9.25235462188721,0.92176765203476,0.41659110784531,-1.19231247901917,20.8056125640869,15.0762882232666,11.4299192428589,-0.15446335077286,-0.16777914762497,-0.04154531285167,-2.15956997871399,-2.15956997871399,-2.07337856292725,-0.40053942799568,-0.53902381658554,-0.73290193080902,-8.92105674743652,-6.64032602310181,-3.25491547584534,-0.33997663855553,-1.03908348083496,-0.93852704763412,-8.46110916137695,-13.7906017303467,-16.2159290313721,0.09853696078062,0.08202536404133,0.16990968585014,2.58094954490662,1.82438170909882,1.62087452411652,FAN
-0.37444046139717,-0.43409526348114,-0.40053942799568,-10.0273342132568,-9.78019332885742,-8.92105674743652,-0.23463176190853,0.16041150689125,-0.33997663855553,2.23857855796814,-4.12999773025513,-8.46110916137695,0.21997711062431,0.20133498311043,0.09853696078062,0.14365209639072,1.06781399250031,2.58094954490662,-0.32969933748245,0.29081720113754,0.82451468706131,2.29244899749756,5.10527992248535,7.40092468261719,0.12449848651886,-0.14125789701939,-1.0486603975296,-15.8496150970459,-13.2590894699097,-11.1090955734253,0.03249056637287,-0.25033715367317,-0.25513082742691,2.20027136802673,-0.04309562966228,-3.40694904327393,1.37099540233612,-1.18723726272583,-1.66021466255188,15.092134475708,12.7176599502563,7.62622833251953,-1.25216746330261,1.90578460693359,-0.96725749969482,2.02549457550049,18.3156433105469,28.7759094238281,-0.62797337770462,-0.40906155109406,-0.20612867176533,-12.8879880905151,-8.59997272491455,-6.04535913467407,0.3211772441864,0.49801114201546,0.54701328277588,-7.73861360549927,-9.81747722625732,-9.81002044677734,-3.67988801002502,-1.33835875988007,-0.71347212791443,25.1702423095703,19.3236026763916,12.5958948135376,-0.95873802900314,-1.05940544605255,-0.90920323133469,-2.60010313987732,-2.70544791221619,-2.70544791221619,0.56672066450119,1.10734236240387,0.89269161224365,-9.12239170074463,-7.62303256988525,-1.98778343200684,1.26653265953064,1.52031803131104,-2.30082774162292,-4.60404968261719,-10.4123830795288,-16.6540660858154,0.51718586683273,0.34461304545403,0.13262543082237,1.18512988090515,2.29603934288025,2.73657250404358,FAN
0.54701328277588,0.20346550643444,-0.06924218684435,-9.81002044677734,-10.0513029098511,-10.1871242523193,-0.71347212791443,-0.9241618514061,-1.17315888404846,12.5958948135376,5.60482597351074,1.60890352725983,-0.90920323133469,-0.55074173212051,-0.1336906850338,-2.70544791221619,-1.88902509212494,-2.02549457550049,0.89269161224365,0.49854376912117,0.58962386846542,-1.98778343200684,-0.33662357926369,4.63443279266357,-2.30082774162292,-1.58256733417511,0.13407529890537,-16.6540660858154,-15.8544034957886,-14.1856451034546,0.13262543082237,-0.15765914320946,-0.45753109455109,2.73657250404358,2.80839848518372,2.80839848518372,-0.10013485699892,0.07297061383724,0.25300031900406,13.8207406997681,12.4470825195313,11.0542488098145,1.23301386833191,-2.24336695671082,-3.07176089286804,6.37575912475586,12.7156047821045,26.7288684844971,0.03515372797847,0.19973708689213,-0.20186761021614,-9.89284133911133,-7.32386302947998,-2.36547136306763,-0.02024002373219,0.10226538777351,-0.3179814517498,-6.62647771835327,-7.53568077087402,-10.8981876373291,-0.15322890877724,-0.15322890877724,0.3447650372982,22.8742027282715,22.8742027282715,8.29830265045166,0.41811630129814,0.33023199439049,0.20186761021614,-0.92655605077744,-0.69431847333908,-1.12527477741241,-0.47670584917068,-0.16990968585014,-0.08202536404133,-7.77856111526489,-2.97634887695313,-0.12996226549149,0.28490999341011,-0.72544312477112,-0.77093297243118,-5.37737703323364,-15.7466650009155,-17.5016136169434,-0.19068233668804,-0.15339808166027,-0.02609897963703,0.24181437492371,0.0454898327589,1.31202256679535,FAN
-0.3179814517498,-0.53156697750092,-0.64288711547852,-10.8981876373291,-11.185809135437,-10.5583686828613,0.3447650372982,-0.25857377052307,-0.25139117240906,8.29830265045166,2.10450339317322,-2.0326771736145,0.20186761021614,0.12516857683659,-0.05539375171065,-1.12527477741241,-1.12527477741241,0.02633621916175,-0.08202536404133,-0.01491370238364,0.2386192381382,-0.12996226549149,2.70364117622375,5.42965316772461,-0.77093297243118,-0.68234747648239,-0.81402856111526,-17.5016136169434,-17.1472721099854,-15.6844148635864,-0.02609897963703,-0.2386192381382,-0.40320259332657,1.31202256679535,-0.20829555392265,-6.30393314361572,-0.86286419630051,-1.4088122844696,-1.30707943439484,15.6886825561523,13.1805171966553,8.29042053222656,-0.86191260814667,-0.59136784076691,-2.54503631591797,6.57687187194824,21.272481918335,30.061595916748,0.53529536724091,0.61891865730286,0.51771855354309,-13.9127063751221,-10.8648872375488,-3.60566782951355,0.04420847445726,0.1272991001606,0.09054747968912,-8.09760761260986,-10.1631555557251,-10.6089687347412,1.22822546958923,1.68312382698059,0.22744916379452,22.5892925262451,16.2446594238281,8.88967132568359,-0.66206187009811,-0.65620291233063,-0.59335231781006,-2.53067111968994,-2.93289709091187,-2.8012158870697,-0.18855181336403,0.30786141753197,0.56405752897263,-8.98071193695068,-4.24987268447876,-1.37578904628754,-1.01514148712158,-1.27132105827332,-0.96965169906616,-7.66623401641846,-14.6453313827515,-16.7426528930664,0.09108011424541,-0.02237055450678,-0.1177117228508,1.86268889904022,2.41574954986572,2.63601613044739,FAN
0.1272991001606,0.09054747968912,-0.27963191270828,-10.1631555557251,-10.6089687347412,-10.9530487060547,1.68312382698059,0.22744916379452,-0.44771572947502,16.2446594238281,8.88967132568359,4.52025270462036,-0.65620291233063,-0.59335231781006,-0.4612595140934,-2.93289709091187,-2.8012158870697,-2.85867691040039,0.30786141753197,0.56405752897263,0.71745562553406,-4.24987268447876,-1.37578904628754,1.57818925380707,-1.27132105827332,-0.96965169906616,-1.01514148712158,-14.6453313827515,-16.7426528930664,-17.5159797668457,-0.02237055450678,-0.1177117228508,-0.25726136565208,2.41574954986572,2.63601613044739,1.41497325897217,1.87273490428925,0.82930839061737,-0.00213052891195,13.4431047439575,12.5173902511597,9.10960865020752,-1.2449848651886,4.23534297943115,4.55855989456177,0.11492168158293,15.10023021698,27.8158359527588,-0.40746363997459,-0.58802598714828,-0.87671262025833,-6.80671548843384,-5.7436900138855,-3.66073441505432,-1.03863286972046,-0.61625546216965,0.03249056637287,-6.23446035385132,-6.63766288757324,-7.56071424484253,-0.06703764945269,0.35913026332855,1.92014980316162,29.7647151947021,25.6059875488281,21.5238723754883,-0.02024002373219,0.07829693704844,0.27750140428543,-1.26892685890198,-0.62009823322296,-1.26174426078796,-0.54648065567017,-0.16884441673756,-0.03515372797847,-9.87926292419434,-9.5948371887207,-8.9647331237793,-0.76135611534119,-0.76135611534119,-0.28012159466743,4.68545293807983,4.68545293807983,-5.77960300445557,0.46871635317802,0.42024683952332,0.27270770072937,-1.21625447273254,-0.45968672633171,0.48362874984741,FAN
-0.54648065567017,-0.16884441673756,-0.03515372797847,-9.87926292419434,-9.5948371887207,-8.9647331237793,-0.76135611534119,-0.76135611534119,-0.28012159466743,4.68545293807983,4.68545293807983,-5.77960300445557,0.46871635317802,0.42024683952332,0.27270770072937,-1.21625447273254,-0.45968672633171,0.48362874984741,-0.21837921440601,0.33342778682709,0.81652522087097,2.67594432830811,5.70449113845825,7.97936344146729,0.3016694188118,-0.41419690847397,-1.46046304702759,-17.029956817627,-14.5591402053833,-11.1497974395752,0.04740426689386,-0.1352885812521,-0.3914846777916,1.19231247901917,0.12928688526154,-3.89297199249268,1.22079300880432,0.9139968752861,0.71692299842834,14.1126232147217,12.4428215026855,9.55222606658936,-2.59292054176331,1.94648599624634,8.68376922607422,7.01740503311157,21.6172466278076,30.1693363189697,-0.3595267534256,-0.15286545455456,-0.24927188456059,-7.97508573532104,-5.53539419174194,-0.27293899655342,-1.32945001125336,-0.77178412675858,-0.52251219749451,-4.22537136077881,-8.83690166473389,-10.381534576416,1.31441676616669,-2.4205379486084,0.33518823981285,27.7272491455078,25.3258647918701,15.3181028366089,-0.16351810097694,-0.21252025663853,-0.24234765768051,-1.27610945701599,-1.4484920501709,-1.83156430721283,-0.13422332704067,-0.20825919508934,-0.2306297570467,-9.1761884689331,-7.99108123779297,-5.43870782852173,0.07900865375996,0.56742578744888,1.07020819187164,-5.38695383071899,-10.3980178833008,-14.6860332489014,-0.65140920877457,-0.75154405832291,-0.77817571163177,0.14604631066322,0.23942017555237,0.24660277366638,FAN
-0.17204020917416,-0.13422332704067,-0.20825919508934,-9.93785190582275,-9.1761884689331,-7.99108123779297,0.20829555392265,0.07900865375996,0.56742578744888,-0.63206923007965,-5.38695383071899,-10.3980178833008,-0.54435014724731,-0.65140920877457,-0.75154405832291,-0.74220252037048,0.14604631066322,0.23942017555237,0.51612061262131,0.81545996665955,1.10734236240387,4.27117776870728,6.83473682403564,8.78896427154541,-1.03668928146362,-0.84754741191864,-0.29448682069778,-16.9246120452881,-15.3372564315796,-12.5839242935181,-0.49534797668457,-0.32384037971497,-0.43729105591774,0.22505496442318,-2.1978771686554,-7.11796188354492,1.04555702209473,0.2466087192297,-1.01839280128479,15.9768362045288,13.9278001785278,11.4105806350708,1.02711248397827,2.65995812416077,0.84275901317596,6.9623384475708,12.8065853118896,21.5885162353516,-1.00933802127838,-0.7536746263504,-0.64288711547852,-16.177619934082,-13.1082544326782,-13.977349281311,-0.44634580612183,0.09374327212572,0.17683389782906,-5.0823769569397,-5.49676465988159,-7.70239448547363,1.0989385843277,0.13646949827671,-0.86430680751801,30.4901580810547,25.0457439422607,22.8813858032227,-0.06178534030914,-0.07510114461184,-0.03781688958406,-6.35660552978516,-5.21457147598267,-5.27442646026611,-0.54701328277588,-0.74461984634399,-0.75314199924469,-11.0808811187744,-11.2055168151855,-10.7362680435181,0.97922849655151,0.34237083792686,0.63446342945099,4.62559747695923,0.78769236803055,-4.18506479263306,0.50067430734634,0.44900897145271,0.45859634876251,-0.65361708402634,0.06464344263077,0.73980832099915,FAN
-0.74461984634399,-0.75314199924469,-0.73716300725937,-11.2055168151855,-10.7362680435181,-9.15648078918457,0.34237083792686,0.63446342945099,0.66079968214035,0.78769236803055,-4.18506479263306,-9.16739845275879,0.44900897145271,0.45859634876251,0.40107205510139,0.06464344263077,0.73980832099915,0.73980832099915,-0.28069719672203,-0.15339808166027,0.03302319720387,0.86392945051193,3.60751819610596,5.82326793670654,-0.62967503070831,-0.60812723636627,-1.10851538181305,-17.2526168823242,-16.0172100067139,-12.8855934143066,0.01171790901572,-0.02716424316168,-0.11877698451281,1.24737906455994,1.93690919876099,-0.26336219906807,1.82852649688721,1.78857898712158,-0.19121496379375,15.0250225067139,16.1286373138428,10.5722169876099,0.22266076505184,-1.10133278369904,2.06380176544189,2.53067111968994,8.12113189697266,17.0515041351318,-0.50387006998062,-0.24394555389881,-0.30200245976448,-9.68694019317627,-7.73566579818726,0.03830722719431,-0.44101947546005,-0.13475595414639,0.06604639440775,-4.72657823562622,-7.49626588821411,-9.74131107330322,-1.27850365638733,-2.24576115608215,-0.36631286144257,28.3090400695801,25.4336051940918,17.3172607421875,0.1288969963789,0.08575379103422,0.00852211564779,-2.52109432220459,-1.59693253040314,-1.59693253040314,0.32490566372871,0.29667615890503,0.23009711503983,-9.38231658935547,-8.42890453338623,-6.67281675338745,-1.25216746330261,-1.4484920501709,-1.3407529592514,-2.85149431228638,-6.23210716247559,-10.6350440979004,-0.12144014984369,-0.19760656356812,-0.2338255494833,0.40222588181496,2.03746557235718,2.94726228713989,FAN
0.432497382164,0.32490566372871,0.29667615890503,-9.52239894866943,-9.38231658935547,-8.42890453338623,1.23301386833191,-1.25216746330261,-1.4484920501709,6.22253036499023,-2.85149431228638,-6.23210716247559,-0.00852211564779,-0.12144014984369,-0.19760656356812,-0.64404028654099,0.40222588181496,2.03746557235718,0.46445530653,0.56618803739548,0.05645901709795,0.70360720157623,4.26478624343872,7.20278549194336,-0.72304892539978,-0.75896191596985,-1.3215993642807,-18.4281711578369,-19.0913639068604,-16.5199909210205,-0.77764302492142,-1.00081598758698,-1.01519703865051,1.51313543319702,-0.56503158807755,-5.39413642883301,-0.94116115570068,-0.8303736448288,-0.71106404066086,13.1054162979126,10.6116323471069,10.3708820343018,-0.52911859750748,-1.7405846118927,0.12928688526154,9.7396125793457,16.5750579833984,29.5875453948975,0.92464953660965,0.6423544883728,0.23276028037071,-8.28154373168945,-7.13950967788696,-4.76685571670532,0.2769687473774,0.48096689581871,0.11504855751991,-6.66376161575317,-7.02914762496948,-9.5128116607666,0.99838209152222,0.73262572288513,-0.16280572116375,28.088773727417,23.250093460083,19.0075664520264,0.02663161233068,0.16245283186436,0.19600865244865,-3.65355181694031,-3.58172583580017,-1.78846871852875,-0.33289512991905,-0.26152241230011,-0.09161274135113,-10.2893896102905,-9.79457378387451,-8.54714965820313,-0.19153612852097,-0.84036481380463,-0.86670100688934,-1.4676456451416,-4.44842672348022,-8.53772354125977,-0.09214537590742,-0.26684874296188,-0.32650354504585,-1.1755530834198,-0.30885201692581,0.84275901317596,FAN
-0.10705907642841,-0.23276028037071,-0.28655612468719,-10.7969875335693,-11.0499877929688,-10.6521120071411,-0.16280572116375,0.94092124700546,0.1963245421648,19.0075664520264,7.3501992225647,2.09253239631653,0.15712650120258,0.08149272948503,-0.03195793181658,-1.98479318618774,-1.52271223068237,-1.53947174549103,0.04633900523186,0.48469531536102,0.63915866613388,-6.06614828109741,-0.18908444046974,2.56515669822693,-0.47405192255974,-0.46447512507439,-1.18752408027649,-12.6629323959351,-15.0738935470581,-17.8894748687744,-0.37124466896057,-0.32384037971497,-0.18322548270226,0.91697925329208,0.45489832758904,-1.68312382698059,-0.10386328399181,-1.62399566173553,-1.49669659137726,15.1560497283936,16.1787033081055,11.4734306335449,0.56981998682022,-2.46363353729248,-0.3016694188118,-7.96550893783569,14.4561901092529,34.3304595947266,-0.43782368302345,0.36645096540451,0.48576059937477,-12.4067535400391,-9.83777523040772,-3.85705900192261,1.0402307510376,1.19788992404938,1.26233839988709,-5.03816843032837,-8.15992546081543,-10.3298692703247,0.03112462162971,0.5746083855629,0.84754741191864,29.6186695098877,26.2428455352783,17.5423164367676,0.63223445415497,0.59068912267685,0.60187441110611,-3.79002118110657,-1.68551802635193,-2.07098436355591,-0.82504731416702,-0.11025486886501,0.20186761021614,-10.0513029098511,-7.26457118988037,-4.24987268447876,0.74699091911316,0.64643448591232,-0.37828385829926,-2.47799873352051,-10.8265800476074,-15.5120325088501,0.29933932423592,-0.21145498752594,-1.1084076166153,3.28245043754578,3.28245043754578,2.20266556739807,FAN
1.26233839988709,0.10013485699892,-0.61465758085251,-10.3298692703247,-9.34183692932129,-9.58738040924072,0.84754741191864,0.22505496442318,-0.60573303699493,17.5423164367676,9.75876617431641,3.75650238990784,0.60187441110611,0.59388494491577,0.63010394573212,-2.07098436355591,-2.52588272094727,-2.07816696166992,0.20186761021614,0.39787626266479,0.56565541028976,-4.24987268447876,-1.17978036403656,1.70974946022034,-0.37828385829926,-2.00394678115845,-2.00394678115845,-15.5120325088501,-17.9493293762207,-17.9493293762207,-1.1084076166153,-1.45834708213806,-1.88551807403564,2.20266556739807,1.20667767524719,-1.52510643005371,-0.07936219871044,-0.78083884716034,-0.9033442735672,15.7488698959351,16.383768081665,13.3440351486206,-0.14125789701939,-0.14125789701939,-1.68312382698059,-2.45166254043579,-2.45166254043579,20.2142448425293,-0.76059883832932,-0.33342778682709,0.23808661103249,-17.3076839447021,-17.3076839447021,-11.2216234207153,-0.79948097467422,-0.25406557321548,-0.2258360683918,-5.21606731414795,-4.76599311828613,-6.62434720993042,-0.21068975329399,1.45806884765625,0.96486330032349,19.6755504608154,19.8958168029785,21.2269916534424,-0.82078623771667,-0.85167890787125,-0.68603032827377,-4.71657752990723,-5.42286682128906,-6.08606052398682,-0.08575379103422,0.2833603322506,0.66951870918274,-11.8484039306641,-9.73172378540039,-7.34553098678589,-0.42377370595932,0.64404028654099,1.43173265457153,5.98550415039063,-4.99430465698242,-8.24323654174805,-0.07456851005554,-0.07243798673153,-0.21997711062431,0.23942017555237,3.04303026199341,3.4620156288147,FAN
-0.41705104708672,-0.41811630129814,-0.28921929001808,-9.49576759338379,-9.97353839874268,-10.9855394363403,0.49320554733276,0.44053310155869,-0.01197100803256,13.9677724838257,11.4825916290283,9.71567058563232,-0.496413230896,-0.45699843764305,-0.2705771625042,-5.34625244140625,-2.95205068588257,-1.45567464828491,1.04129600524902,1.05248129367828,0.8713863492012,-4.77344989776611,-0.9544769525528,1.44343328475952,0.30645781755447,-1.89381349086761,-2.3056161403656,-11.0444526672363,-14.7937726974487,-15.8352499008179,-0.31105720996857,-0.35846149921417,-0.43409526348114,3.92888498306274,4.51546430587769,-0.64882868528366,0.04953479766846,-0.00958738010377,0.09853696078062,16.1312999725342,16.9488906860352,15.4569873809814,-0.3016694188118,-1.97521638870239,-1.64242231845856,-2.49715232849121,5.91128396987915,14.5711116790771,-0.27909928560257,-0.23329292237759,-0.680703997612,-16.0674877166748,-10.7116584777832,-6.2201361656189,0.30146983265877,0.77497988939285,0.77444726228714,-0.33129724860191,-0.11025486886501,-0.65407240390778,1.88902509212494,-0.11013327538967,-0.08140286058187,20.5063381195068,20.8175830841064,18.2701530456543,-0.1352885812521,-0.08042746782303,0.03142530098557,-4.54419469833374,-6.33984613418579,-6.3781533241272,-0.13795174658298,-0.5028048157692,-0.72597771883011,-11.2214956283569,-12.0396184921265,-12.4817037582397,0.1508347094059,-1.52750062942505,-1.2258312702179,12.349292755127,7.55849456787109,4.07732534408569,-0.04793690145016,0.04367584362626,0.10120012611151,-4.56574249267578,-4.33350515365601,-3.11485648155212,FAN
-0.72597771883011,-0.54701328277588,0.03195793181658,-12.4817037582397,-12.2569332122803,-11.0286827087402,-1.2258312702179,-0.35673606395721,0.21308395266533,4.07732534408569,1.74776721000671,-1.6136919260025,0.10120012611151,0.1065264493227,0.09321063756943,-3.11485648155212,-1.31681096553802,0.10055647045374,0.94915062189102,0.28495824337006,0.08522115647793,-0.59122174978256,5.89570617675781,8.69788455963135,-1.95127439498901,-1.71424841880798,-1.23301386833191,-19.1033344268799,-16.7785663604736,-14.0946655273438,-1.05248129367828,-0.83623260259628,-0.55074173212051,-0.13168109953403,-4.12042093276978,-8.63349151611328,0.42397525906563,0.69881349802017,-0.05432848632336,16.7528820037842,14.86256980896,12.7608032226563,-2.14281058311462,0.6033388376236,4.73812532424927,3.38540124893188,13.3357038497925,13.6182193756104,-0.37284255027771,-1.06313395500183,-0.96459698677063,-15.3779573440552,-12.3516864776611,-13.0412168502808,0.24288029968739,0.43516051769257,0.280164539814,-0.19121496379375,-0.7898935675621,-2.80856966972351,1.58017313480377,0.51954174041748,0.1508347094059,21.1838970184326,21.7944183349609,23.0178546905518,-0.09321063756943,-0.14221280813217,-0.12463594228029,-10.4435081481934,-10.527304649353,-9.73003578186035,-0.14487597346306,-0.09374327212572,-0.00692421896383,-10.5546398162842,-10.5541076660156,-10.9802131652832,-0.28251579403877,-0.26096799969673,-0.59855043888092,11.6334257125854,9.19852256774902,7.55131196975708,0.54435014724731,0.66046398878098,0.59388494491577,-6.71813011169434,-5.22414827346802,-3.07176089286804,FAN
0.78296935558319,0.94275903701782,0.68017137050629,-11.2284202575684,-10.4379940032959,-9.06699848175049,0.05746084079146,0.91697925329208,0.5147533416748,2.45405673980713,-3.2968156337738,-8.32703304290771,0.15446335077286,-0.16138756275177,-0.16990968585014,2.81797528266907,3.64636921882629,3.70143580436707,0.32650354504585,0.44741106033325,0.2450108230114,1.76887166500092,4.2125883102417,6.49172163009644,-1.47243404388428,-0.77093297243118,-0.69192427396774,-13.0891008377075,-13.170503616333,-12.9191122055054,-0.79362201690674,-1.13131082057953,-1.35128796100616,4.04380655288696,0.02394201606512,-4.11802673339844,-0.40000680088997,-0.1193096190691,0.58802598714828,15.6636486053467,15.6306257247925,13.8644170761108,-0.77332717180252,-1.60650932788849,-0.32321724295616,0.73262572288513,9.37329959869385,16.1464958190918,1.14036560058594,0.72704297304153,-0.14700649678707,-17.1688213348389,-9.77791976928711,-11.7267999649048,-0.04633900523186,-0.25832661986351,-0.33342778682709,2.41175866127014,0.62637549638748,-0.39041942358017,2.79882168769836,3.4811692237854,2.827552318573,16.2422637939453,16.2207164764404,16.6851921081543,-0.680703997612,-0.3691141307354,-0.14061491191387,-9.43794345855713,-9.43554878234863,-9.51695156097412,-0.91825795173645,-0.60507023334503,-0.58323228359222,-7.25072240829468,-9.36260890960693,-11.1671676635742,1.06781399250031,1.14203417301178,0.89782565832138,21.030668258667,20.1950912475586,15.7346935272217,-0.36005938053131,-0.09427590668201,0.25086978077888,-9.30147361755371,-9.13387966156006,-7.84819316864014,FAN
0.36698359251022,0.45646581053734,0.57417756319046,3.33321237564087,6.30050659179688,8.85873889923096,-1.8674772977829,-1.13485157489777,-0.65361708402634,-15.8352499008179,-13.2207813262939,-11.1569795608521,-0.92518216371536,-1.02265381813049,-1.07538449764252,1.45328044891357,-2.77727389335632,-12.2678899765015,0.46605318784714,-0.60560286045074,-0.63116919994354,15.5459365844727,13.3349800109863,9.71787452697754,1.08457338809967,3.05739545822144,2.72938990592957,7.5776481628418,13.9079179763794,19.9652481079102,-0.45273739099503,0.08202536404133,0.27537086606026,-16.0100269317627,-10.2328176498413,-5.01585245132446,-0.67324715852737,-1.11692976951599,-1.05194866657257,0.73822826147079,-0.38402783870697,-3.4072482585907,-1.28568625450134,-0.59855043888092,0.62488663196564,16.2853603363037,21.3347320556641,26.1231346130371,-0.03568635880947,-0.05060006305575,-0.31372037529945,-10.5584297180176,-10.704475402832,-9.83059215545654,-0.23648871481419,-0.16298545897007,0.07030745595694,-11.365306854248,-11.9272336959839,-12.0433473587036,0.48602294921875,0.50278234481812,0.28490999341011,14.4178829193115,11.6549739837646,7.3190746307373,-0.03195793181658,0.09214537590742,0.12144014984369,-7.27837324142456,-6.03099393844604,-5.20020627975464,0.78030622005463,0.64768075942993,0.49481534957886,-9.88032817840576,-7.81904125213623,-4.94442510604858,-1.10851538181305,-0.34715923666954,-0.217872351408,-6.1890115737915,-9.90241813659668,-13.1920509338379,-0.24607609212399,-0.56618803739548,-0.7344998717308,5.39413642883301,6.25126075744629,4.93205547332764,FAN
0.64768075942993,0.49481534957886,0.28602349758148,-7.81904125213623,-4.94442510604858,-1.12918031215668,-0.34715923666954,-0.217872351408,-0.97444009780884,-9.90241813659668,-13.1920509338379,-16.074670791626,-0.56618803739548,-0.7344998717308,-0.72970616817474,6.25126075744629,4.93205547332764,2.72938990592957,-0.15499597787857,-0.26365295052528,-0.21145498752594,9.24862575531006,11.2651720046997,13.100622177124,-0.32321724295616,-0.16280572116375,-0.21308395266533,-9.45230865478516,-6.95994424819946,-3.12203907966614,-0.44954159855843,-0.28815403580666,-0.30466562509537,-8.47547435760498,-11.2695074081421,-13.5703353881836,-0.70946609973907,-1.12971293926239,-1.83811378479004,12.6617336273193,10.3634252548218,5.3987603187561,0.69910687208176,-0.06703764945269,0.55545479059219,14.415488243103,18.4257755279541,24.5860576629639,-1.26127314567566,-0.63756078481674,0.0,-13.6014595031738,-10.9869918823242,-7.7260890007019,0.68283450603485,0.61625546216965,0.78403460979462,-2.53745985031128,-5.22938299179077,-8.45447158813477,-3.24893164634705,-2.91374349594116,-0.71107792854309,25.6514778137207,27.1670074462891,26.2979106903076,0.40746363997459,0.06817692518234,-0.01864212751389,-10.6015253067017,-8.97107410430908,-9.46427917480469,0.28122982382774,0.3179814517498,0.09534116834402,-12.5418910980225,-13.3205995559692,-13.2444334030151,0.96725749969482,-0.74459671974182,-1.55383694171906,9.62469100952148,3.33033466339111,-1.06541979312897,0.52890378236771,0.34940674901009,0.28069719672203,-5.20260047912598,-3.93127918243408,-1.88423669338226,FAN
-0.12303804606199,-0.21997711062431,-0.32064458727837,-12.0449447631836,-10.4864635467529,-8.41718673706055,-0.9911994934082,-0.48362874984741,-0.28490999341011,-4.02225875854492,-6.99346303939819,-11.0252990722656,0.09906959533691,-0.09640643000603,-0.15659387409687,0.40701428055763,1.25456166267395,1.54665434360504,-0.25193503499031,0.108124345541,0.37124466896057,3.60059380531311,6.13379287719727,8.38576221466064,0.1723825186491,0.7781155705452,0.76375031471252,-15.6796264648438,-11.5711765289307,-10.1562032699585,-0.3787015080452,-0.86392945051193,-1.17551934719086,0.66079968214035,-2.26252055168152,-8.08521938323975,0.71479243040085,1.0104033946991,0.99868541955948,15.3057193756104,15.5789604187012,14.7310094833374,-0.56742578744888,-0.22744916379452,0.43574470281601,4.74530792236328,9.43794345855713,16.6444892883301,0.69828087091446,0.97365170717239,0.21837921440601,-18.4138050079346,-14.1976156234741,-8.08282470703125,-1.15527927875519,-1.5536881685257,-1.20161831378937,1.51480603218079,1.89297497272491,1.77739369869232,3.94085597991943,0.91458505392075,0.62488663196564,20.1112937927246,18.9836254119873,25.0433502197266,-0.07616640627384,-0.40160471200943,-0.92411690950394,-6.74207210540771,-7.02458763122559,-7.03895282745361,-0.46818372607231,0.28868666291237,0.37603834271431,-9.27312755584717,-9.48245143890381,-10.1738080978394,1.96085119247437,0.41898530721664,-0.65361708402634,22.064962387085,18.4736595153809,14.0994539260864,-0.19547602534294,-0.14381070435047,0.09001484513283,-9.21049404144287,-9.53371143341064,-9.60793113708496,FAN
0.17470337450504,0.49588060379028,0.98323911428452,-5.89623880386353,-2.92734670639038,1.2543488740921,-0.72065472602844,-0.40940847992897,-1.65678763389587,-11.2934494018555,-15.5862531661987,-18.6388607025146,-0.69881349802017,-0.70520508289337,-0.60240703821182,2.94726228713989,1.19710087776184,-0.61052143573761,0.06018744036555,-0.79894834756851,-1.62452828884125,11.2598457336426,11.9586591720581,12.4806385040283,0.20590133965015,0.6224924325943,0.46447512507439,-6.86178207397461,-3.36624765396118,-0.217872351408,-0.836765229702,-0.92784535884857,-0.47564056515694,-6.89051246643066,-15.0355863571167,-19.1895275115967,-1.77579581737518,-1.56647133827209,-1.04502439498901,11.0883378982544,8.24887561798096,3.97609949111938,-1.62087452411652,-0.77093297243118,-4.44363832473755,24.9212455749512,24.8733615875244,28.2994632720947,0.62211441993713,0.86925578117371,0.54115432500839,-13.3907699584961,-8.25520706176758,-4.12281513214111,-0.06498113274574,-0.02609897963703,0.06817692518234,-5.50209093093872,-7.79507255554199,-9.03930187225342,-1.86508309841156,-2.14520478248596,-2.14520478248596,23.6499252319336,21.7728710174561,21.7728710174561,-0.63702815771103,-0.57098174095154,-0.7472830414772,-4.98951625823975,-3.33033466339111,-2.6431987285614,0.56459015607834,0.46924898028374,0.41385525465012,-10.1077613830566,-10.2430505752563,-9.28378009796143,-0.82121115922928,-0.79966336488724,-0.79966336488724,5.08289003372192,1.48440504074097,1.48440504074097,-0.61199444532394,-0.45380264520645,-0.32650354504585,-1.01514148712158,1.03668928146362,2.48039293289185,FAN
0.50173956155777,0.57524281740189,0.65034395456314,-7.6331524848938,-5.58571434020996,-3.11749649047852,-0.49320554733276,-0.04309562966228,0.12928688526154,-4.45560932159424,-7.84101057052612,-9.57680702209473,-0.15393070876598,0.00319579336792,0.03888215124607,3.92170238494873,5.08289003372192,6.34463453292847,0.47297742962837,0.43036684393883,0.42823630571365,6.23073196411133,8.68563365936279,10.50670337677,-1.54665434360504,-0.35194763541222,0.38546648621559,-9.94790840148926,-6.5361704826355,-3.3423056602478,-0.43942159414291,-0.52783852815628,-0.69029134511948,-2.20266556739807,-6.73728370666504,-8.87530612945557,-0.24767398834229,-0.62690812349319,-0.75154405832291,11.0409336090088,10.8374681472778,9.41107845306396,0.67995327711105,1.54665434360504,2.6240451335907,10.9343194961548,13.8648223876953,18.2557888031006,-0.60293966531754,0.33555829524994,0.77817571163177,-14.3245086669922,-12.5336456298828,-9.13866806030273,1.23517417907715,0.78190410137177,0.60826599597931,0.92145377397537,-0.17257283627987,-2.11241936683655,0.61770403385162,1.49398183822632,1.10133278369904,17.8655338287354,19.9556713104248,22.2038269042969,-0.07882957160473,-0.11984225362539,-0.48149952292442,-8.08282470703125,-8.87530612945557,-8.87530612945557,-0.29241508245468,-0.06072007492185,-0.07563377916813,-9.11972904205322,-9.98685455322266,-10.9887351989746,1.78128612041473,1.02471828460693,0.39743748307228,17.4800662994385,15.3276796340942,11.1019134521484,-0.02822950854897,0.26045715808868,0.60240703821182,-8.0947961807251,-7.12753868103027,-5.54018259048462,FAN
-0.43462789058685,-0.27909928560257,-0.02343581803143,-8.92798137664795,-6.2893214225769,-2.16887831687927,-0.39504328370094,-0.39504328370094,1.01753568649292,-8.01818180084229,-8.01818180084229,-13.6445550918579,0.216248691082,0.16458335518837,0.1416801661253,4.29759216308594,2.59770894050598,1.65678763389587,0.89109373092651,1.10201609134674,0.93157374858856,8.86033725738525,9.81747722625732,10.9919309616089,-0.92176765203476,-0.46926352381706,0.07422025501728,-3.45004463195801,-1.95127439498901,-1.0223240852356,-0.25672873854637,-0.02396845072508,0.3179814517498,-3.96719217300415,-6.0788779258728,-8.2504186630249,0.97844541072845,0.57364493608475,-0.35473304986954,12.5163249969482,11.2129735946655,8.10826015472412,-1.47003984451294,1.18512988090515,3.37821865081787,13.0675525665283,16.9940433502197,25.2827701568604,0.07510114461184,0.31425300240517,0.15765914320946,-11.2216234207153,-8.09958457946777,-4.72615432739258,0.50014168024063,0.34461304545403,0.27590349316597,-0.77125144004822,-2.93746662139893,-5.65229320526123,3.61285042762756,2.82994651794434,2.20505976676941,21.9715881347656,26.1686248779297,25.5581035614014,-0.48842376470566,-0.65194183588028,-0.65673553943634,-8.70531749725342,-7.63271522521973,-7.63271522521973,-0.76379460096359,-0.712661921978,-0.67005133628845,-9.59323883056641,-10.1961784362793,-10.4891262054443,0.33997663855553,-0.1963245421648,-0.15322890877724,10.4147777557373,7.49145698547363,3.73974299430847,0.08681905269623,0.14434333145618,0.03568635880947,-3.62960982322693,-1.05584299564362,0.63446342945099,FAN
-0.67005133628845,-0.83996105194092,-0.80054622888565,-10.4891262054443,-8.72078704833984,-6.81343126296997,-0.15322890877724,0.31364041566849,-0.22984336316586,3.73974299430847,-3.91451978683472,-5.77002620697021,0.03568635880947,-0.10918960720301,-0.08681905269623,0.63446342945099,2.03507137298584,2.38701915740967,0.70041137933731,1.1861720085144,1.0657970905304,0.94702011346817,4.29195070266724,7.21503639221191,0.651222884655,-0.3447650372982,-0.50278234481812,-10.6829280853271,-11.049241065979,-9.39724159240723,0.49481534957886,0.5757754445076,0.54062169790268,0.02873042039573,-2.94726228713989,-6.1507043838501,-0.62744075059891,-0.64821344614029,0.28069719672203,12.5658597946167,12.8865041732788,12.688364982605,-0.91697925329208,-1.27850365638733,-0.73501992225647,6.55771827697754,11.8489046096802,23.4296569824219,1.63091993331909,1.42532384395599,0.72011876106262,-15.1959981918335,-9.98142719268799,-6.59841966629028,-0.51771855354309,-0.30413299798965,-0.09747169911861,2.79844975471497,1.84770119190216,0.20932446420193,-0.27533319592476,-0.83797061443329,-0.72783732414246,23.1567192077637,23.8893451690674,25.9076557159424,-0.42077946662903,-0.81918835639954,-1.11639714241028,-6.06690692901611,-6.06690692901611,-9.55765342712402,0.01065264455974,-0.124103307724,-0.3115898668766,-7.96072149276733,-9.81587886810303,-11.0302810668945,-1.36948335170746,-1.02471828460693,-0.58179098367691,22.4336700439453,17.4273948669434,13.1034660339355,-1.04289388656616,-0.88470214605331,-0.61305969953537,-9.72524738311768,-8.50420475006104,-8.16183376312256,FAN
-0.11664646118879,0.16458335518837,0.2545982003212,-11.1724939346313,-11.2545185089111,-11.339207649231,0.42137950658798,0.84036481380463,0.66798228025436,10.158597946167,5.9902925491333,1.68791222572327,-0.31851407885551,-0.21092236042023,-0.14381070435047,-8.16183376312256,-4.3143515586853,-1.94888019561768,0.50333744287491,0.17363810539246,-0.22157500684261,-4.74468803405762,-2.30256915092468,1.27938258647919,0.30406361818314,0.43095630407333,-0.41898530721664,-11.2527475357056,-14.111424446106,-14.8488388061523,0.16724652051926,0.28868666291237,0.47564056515694,2.58573794364929,1.89141929149628,-0.80445176362991,0.4996090233326,0.93956327438354,0.94648748636246,12.2239093780518,13.7674779891968,13.9102230072021,-2.27449154853821,0.01436521019787,0.43095630407333,3.14119267463684,4.8099513053894,10.8505220413208,0.95927065610886,0.68656295537949,-0.14381070435047,-18.9309520721436,-12.5073099136353,-7.52497577667236,-1.01200127601624,0.48469531536102,-0.01917476020753,1.03969812393188,0.83463472127914,-2.15130162239075,-0.55066639184952,-0.45010992884636,-0.45010992884636,19.2134685516357,25.7879467010498,25.7879467010498,-0.42184472084045,-0.43462789058685,-0.56245964765549,-6.44519090652466,-7.70214700698853,-7.21372985839844,-0.17204020917416,0.20825919508934,0.55180698633194,-10.2158861160278,-11.2673025131226,-11.7200393676758,0.31364041566849,0.31364041566849,1.03668928146362,19.1512203216553,19.1512203216553,10.3716821670532,-0.65726816654205,-0.60560286045074,-0.54221957921982,-6.04775333404541,-4.13957452774048,-3.1699230670929,FAN
0.29507824778557,0.30360037088394,0.6785734295845,-9.30828094482422,-8.63130569458008,-7.52609348297119,-0.96007490158081,-1.13963997364044,-0.20829555392265,-1.57059633731842,-3.07654929161072,-4.55377149581909,-0.33822146058083,-0.17630127072334,-0.37390783429146,-1.68791222572327,2.02070617675781,3.79241538047791,0.67644292116165,0.29561087489128,0.03621899336576,6.16575050354004,8.52850723266602,10.0017681121826,-4.14196872711182,-3.07415509223938,-1.17076468467712,-12.7084226608276,-8.927978515625,-6.04296493530273,-0.42717105150223,-0.38083204627037,-0.3371562063694,-2.70784211158752,-6.19140577316284,-6.12197351455688,-2.06235194206238,-2.46448922157288,-1.42053020000458,11.8191089630127,11.5400094985962,10.954647064209,0.90979665517807,2.08056116104126,-1.56101953983307,4.75249052047729,16.4481658935547,24.7608337402344,0.43835631012917,0.83463472127914,-0.14753912389278,-15.9358062744141,-11.7387704849243,-9.23682975769043,-0.60080915689468,-0.83356940746307,-1.15794241428375,-3.67143392562866,-5.5260591506958,-7.98682022094727,-0.1723825186491,-0.95528650283813,-1.69748902320862,22.369026184082,22.6850605010986,21.4352874755859,-0.59122174978256,-0.52197957038879,-0.216248691082,-9.93114852905273,-9.93114852905273,-10.5560350418091,0.35260254144669,0.66525763273239,0.89961582422256,-10.2366590499878,-10.060357093811,-9.74184322357178,-1.93212080001831,-1.58256733417511,-0.51714754104614,7.51539897918701,4.42687892913818,2.04943656921387,-0.33555829524994,-0.41438788175583,-0.50653326511383,-4.79319190979004,-3.1387984752655,-1.44130945205688,FAN
0.61199444532394,0.05379585549235,-0.37017938494682,-6.861900806427,-2.88313817977905,-0.54541540145874,-0.07422025501728,-0.45010992884636,-1.31920516490936,-7.47469758987427,-12.1194486618042,-13.6373729705811,0.07456851005554,0.33023199439049,0.29667615890503,3.90494298934936,2.20984816551209,2.20984816551209,-0.66472500562668,0.89428949356079,0.76113146543503,12.283031463623,13.8702754974365,13.2002248764038,-0.38546648621559,0.85951840877533,-1.20428347587585,-1.46285724639893,11.5448408126831,11.0181159973145,0.27164244651794,0.53582799434662,0.46179214119911,-17.1257247924805,-16.1680431365967,-11.743558883667,0.33662357926369,-0.08628641813993,-0.356330960989,3.60378956794739,2.47141361236572,-0.33129724860191,1.19710087776184,-1.05105459690094,-1.40060794353485,20.8032188415527,21.1862907409668,28.2300319671631,-0.52144694328308,-0.52304482460022,-0.49375006556511,-11.4969568252563,-10.6565914154053,-10.7140522003174,-0.2418150305748,0.03302319720387,0.43356263637543,-8.87418556213379,-10.49338722229,-11.325891494751,-2.71981310844421,0.56981998682022,0.02154781483114,17.3819046020508,15.5886468887329,11.1689510345459,0.50706589221954,-0.08255799859762,-0.34727621078491,-11.911153793335,-4.11084413528442,-3.91451978683472,-0.51718586683273,-0.64501762390137,-0.68176925182343,-6.59451961517334,-3.89726996421814,-0.53529536724091,1.56820213794708,0.11252748221159,-1.11090958118439,-8.96867942810059,-12.1242370605469,-13.8959465026855,-0.74195671081543,-0.06977482140064,0.31265512108803,0.53390699625015,1.70946002006531,0.65361708402634,FAN
0.43356263637543,0.70786821842194,0.23648871481419,-11.325891494751,-11.8830251693726,-10.7863349914551,0.02154781483114,0.02154781483114,-0.34237083792686,11.1689510345459,11.1689510345459,-2.75333189964294,-0.34727621078491,-0.62850600481033,-0.89322423934937,-3.91451978683472,-0.14844051003456,0.79248076677322,-0.68176925182343,-0.51718586683273,0.44261738657951,-0.53529536724091,2.53532934188843,6.39957618713379,-1.11090958118439,-1.11090958118439,-0.20590133965015,-13.8959465026855,-13.8959465026855,-9.10036087036133,0.31265512108803,0.48948901891708,0.42557314038277,0.65361708402634,-0.11971008777618,-2.48278713226318,-0.25885927677155,-1.37365853786469,-2.01441502571106,14.2825336456299,12.5115308761597,9.25022411346436,-1.19949507713318,-4.02465295791626,0.98401689529419,9.57201862335205,17.058687210083,23.5661277770996,-0.12676647305489,-0.08468852192163,-0.47457531094551,-14.401123046875,-4.05577754974365,-3.51708221435547,1.19735729694366,1.2628710269928,0.14700649678707,-4.22270822525024,-6.75377655029297,-9.61028289794922,1.35990655422211,-0.35434186458588,0.8164227604866,29.5492382049561,24.1191883087158,15.6245603561401,0.448476344347,0.7835019826889,0.98377174139023,-5.75326681137085,-5.35104084014893,-5.35104084014893,-0.40799629688263,-0.4740426838398,-0.42823630571365,-9.60122871398926,-8.44222068786621,-7.56923675537109,0.91697925329208,1.1180921792984,0.30885201692581,-2.14041638374329,-3.8379054069519,-5.46835660934448,0.32064458727837,-0.19600865244865,-0.57311224937439,1.59214413166046,2.18111777305603,2.72699570655823,FAN
-0.40799629688263,-0.4740426838398,-0.42823630571365,-9.60122871398926,-8.44222068786621,-7.56923675537109,0.91697925329208,1.1180921792984,0.30885201692581,-2.14041638374329,-3.8379054069519,-5.46835660934448,0.32064458727837,-0.19600865244865,-0.57311224937439,1.59214413166046,2.18111777305603,2.72699570655823,0.52357745170593,1.19043302536011,1.60162508487701,4.43948984146118,6.49331951141357,8.59934711456299,-1.64960491657257,-0.20829555392265,-0.03351882472634,-11.9853734970093,-10.144232749939,-11.0276927947998,-0.70840084552765,-1.04502439498901,-1.69909679889679,-3.84748220443726,-7.66144561767578,-9.72524738311768,-3.22455549240112,-1.67353045940399,-0.91293162107468,12.4518766403198,10.0486392974854,5.8520302772522,-1.82198750972748,2.57616114616394,1.21146607398987,21.7944183349609,29.0727920532227,32.4749526977539,-0.19494339823723,0.16298545897007,0.3307646214962,-11.5232925415039,-8.82981586456299,-5.22175407409668,0.97152119874954,0.67377978563309,0.21678131818771,-5.15321683883667,-7.03980016708374,-8.52690887451172,-2.46363353729248,-3.28723883628845,-0.74459671974182,27.4854354858398,21.8566665649414,19.2709293365479,-0.06711166352034,0.25726136565208,0.13954964280128,-7.19936466217041,-7.04613542556763,-5.55454778671265,-0.03675162419677,-0.4612595140934,-0.6141249537468,-10.592456817627,-8.57697677612305,-7.97030878067017,-0.73741412162781,0.03351882472634,0.40222588181496,-0.9720458984375,-4.03662395477295,-6.42364311218262,0.14753912389278,0.13475595414639,0.09747169911861,-0.40222588181496,0.58418524265289,1.28568625450134,FAN
-0.4612595140934,-0.6141249537468,-0.72970616817474,-8.57697677612305,-7.97030878067017,-6.42194700241089,0.03351882472634,0.40222588181496,0.68234747648239,-4.03662395477295,-6.42364311218262,-9.67496871948242,0.13475595414639,0.09747169911861,-0.1304948925972,0.58418524265289,1.28568625450134,3.02866506576538,-0.18642127513885,0.14913702011108,0.76858830451965,7.23421096801758,10.1050987243652,13.966682434082,0.5243301987648,-0.72065472602844,-0.59136784076691,-13.8336973190308,-10.6972932815552,-2.70784211158752,0.01810949668288,0.25939190387726,0.07243798673153,-12.5719528198242,-15.8687686920166,-17.4010581970215,0.79521989822388,0.85700523853302,0.19600865244865,9.5431718826294,5.98785161972046,1.0274475812912,1.76452660560608,1.07739078998566,2.20027136802673,21.63161277771,24.3873386383057,27.0568733215332,-0.99815279245377,-0.15020228922367,0.29667615890503,-8.65025043487549,-8.78432559967041,-7.41244840621948,-0.63649553060532,-0.54701328277588,0.03888215124607,-7.67043685913086,-8.71333026885986,-11.0276174545288,-0.59615623950958,1.04626619815826,-0.23942017555237,22.1990375518799,19.5438690185547,11.3676700592041,0.20186761021614,-0.01757686398923,-0.07297061383724,-5.18105268478394,-4.53461790084839,-3.67270541191101,-0.50759851932526,-0.55287224054337,-0.62850600481033,-7.26084232330322,-3.99793744087219,-0.97418433427811,1.09654438495636,1.09654438495636,0.75656771659851,-10.4267482757568,-10.4267482757568,-14.6860332489014,-0.60879862308502,-0.18908444046974,0.06657902896404,0.02873042039573,-0.75177931785583,0.23463176190853,FAN
-0.37976679205894,-0.50759851932526,-0.55287224054337,-9.87287139892578,-7.26084232330322,-3.99793744087219,0.11252748221159,1.09654438495636,1.09654438495636,-2.44447994232178,-10.4267482757568,-10.4267482757568,-0.57151436805725,-0.60879862308502,-0.18908444046974,2.26970314979553,0.02873042039573,-0.75177931785583,1.04289388656616,1.19256353378296,0.96193379163742,8.33995532989502,13.295033454895,15.4852170944214,-0.82599955797195,2.12365698814392,1.65678763389587,-9.05965900421143,-5.27203226089478,0.83078801631927,-0.51292484998703,-0.75633776187897,-1.42372596263886,-14.9709434509277,-15.21275806427,-13.1345901489258,-0.17896443605423,-0.3211772441864,-0.69881349802017,10.6041746139526,8.37670707702637,4.12949752807617,4.71418333053589,4.31913995742798,1.18991827964783,17.0610809326172,20.6308364868164,26.065673828125,-0.3435477912426,0.07030745595694,0.18855181336403,-16.8096904754639,-12.0667762756348,-8.54490566253662,-1.26926255226135,-1.01999068260193,-1.00827276706696,-5.16972827911377,-6.93327379226685,-8.82358551025391,-0.39504328370094,-1.49398183822632,-0.44532153010368,23.0609512329102,22.6611194610596,20.6404132843018,-0.31372037529945,-0.45113950967789,-0.40266996622086,-7.2807674407959,-7.48906278610229,-7.34780502319336,0.19174760580063,0.41758367419243,0.48522797226906,-10.6601009368896,-10.8811435699463,-10.7687587738037,-1.32878196239471,-0.69192427396774,-0.13407529890537,8.66461563110352,4.84347009658813,1.42215585708618,-0.60720074176788,-0.68762820959091,-0.78243672847748,-3.83311700820923,-1.91536140441895,-0.11013327538967,FAN
-0.26525086164474,-0.34514567255974,-0.65726816654205,6.0283317565918,8.75966930389404,10.912036895752,-1.47243404388428,-1.40539634227753,-1.32878196239471,-13.1010713577271,-11.4011888504028,-8.2719669342041,0.4932174384594,0.60507023334503,0.89269161224365,-3.95043277740479,-6.66306352615356,-11.4825916290283,1.21120572090149,1.16593194007874,1.23517417907715,13.750433921814,12.8103380203247,11.4521255493164,0.52193599939346,2.22421336174011,1.65678763389587,14.5447750091553,18.2749423980713,19.8599033355713,-0.05539375171065,-0.26791399717331,-0.264185577631,-16.3811283111572,-14.5806884765625,-13.4099235534668,-0.19707392156124,-0.83303678035736,-1.26074051856995,0.37763625383377,-1.31293845176697,-3.63574767112732,3.05021286010742,3.05021286010742,1.49158763885498,20.312406539917,20.312406539917,23.7576637268066,-0.57098174095154,-0.23915186524391,-0.2514024078846,-10.9127712249756,-10.1226844787598,-10.1226844787598,-0.79308938980103,-0.58269965648651,-0.18269285559654,-10.4539728164673,-11.3232288360596,-11.1964616775513,0.22266076505184,0.05506663769484,-0.22505496442318,16.1297359466553,13.2231760025024,9.22725296020508,0.28549087047577,0.3115898668766,0.30146983265877,-8.28393745422363,-6.50983428955078,-5.05894804000854,-0.05166532471776,-0.09480853378773,0.01970739290118,-10.0246715545654,-8.75966930389404,-4.86772584915161,0.08619125932455,-0.8164227604866,-2.15478157997131,-2.90177249908447,-6.94797325134277,-11.8896055221558,-0.04420847445726,-0.5054680109024,-0.8948221206665,5.52821159362793,4.97275686264038,3.43807363510132,FAN
-0.09480853378773,0.01970739290118,-0.02876213937998,-8.75966930389404,-4.86772584915161,-0.89109373092651,-0.8164227604866,-2.15478157997131,-2.7126305103302,-6.94797325134277,-11.8896055221558,-13.9246768951416,-0.5054680109024,-0.8948221206665,-1.18191087245941,4.97275686264038,3.43807363510132,2.09971499443054,1.06313395500183,1.22771728038788,1.21333622932434,9.01266956329346,10.8150978088379,11.3562517166138,-1.38145434856415,-0.6703764796257,0.85473001003265,-7.29273843765259,-5.49229860305786,7.30710363388062,-0.54914385080338,-0.84954839944839,-1.16912770271301,-5.39653062820435,-7.43399620056152,-11.7483472824097,-0.88683265447617,-0.65300709009171,-1.5110776424408,8.5029411315918,7.51597356796265,3.54733061790466,-0.45489832758904,-0.52193599939346,0.50757074356079,21.3682498931885,18.6939277648926,25.0888404846191,-0.6998787522316,-0.42024683952332,-0.19920445978642,-10.9606552124023,-10.9271364212036,-9.62469100952148,-0.7792409658432,-0.06817692518234,0.73982614278793,-6.52953863143921,-9.23903846740723,-11.1740913391113,-0.90740245580673,0.54827219247818,1.36469495296478,25.7161197662354,26.0967979431152,19.7234344482422,-0.13422332704067,0.52144694328308,0.80214411020279,-14.0180511474609,-11.1474027633667,-11.1474027633667,0.48096689581871,-1.44982492923737,-1.91374754905701,-11.5213680267334,-6.62807559967041,-2.70097804069519,-1.95127439498901,-2.13802218437195,-0.58657944202423,-6.90966606140137,-15.0499515533447,-16.9030647277832,-0.30093720555305,-0.05805691331625,0.2274339646101,4.05577754974365,4.05577754974365,1.30723416805267,FAN
1.41307330131531,1.26872992515564,0.48096689581871,-11.8265657424927,-11.8819599151611,-11.5213680267334,-0.77572137117386,-0.77572137117386,-1.95127439498901,3.76129078865051,3.76129078865051,-6.90966606140137,0.28176245093346,-0.16351810097694,-0.30093720555305,1.93930339813232,4.05338335037231,4.05577754974365,-1.46101021766663,-0.0042610578239,0.67591029405594,4.31591892242432,9.30242156982422,11.1245565414429,0.09576806426048,-1.23301386833191,-0.53151279687881,-15.5862531661987,-7.17302846908569,-4.12042093276978,-0.09693906456232,-0.03888215124607,-0.05752427875996,-5.53060579299927,-7.71411800384521,-9.16021537780762,1.8066885471344,1.04875290393829,0.83836311101913,13.5256624221802,7.86324977874756,2.79472136497498,1.92254400253296,2.72460150718689,0.86430680751801,11.2335939407349,24.638729095459,25.3258647918701,-0.30786141753197,-0.2402171343565,0.12357068061829,-9.35893440246582,-9.01416969299316,-8.31506252288818,-0.87724530696869,-1.03863286972046,-1.09136343002319,-7.19745922088623,-8.75327777862549,-9.59856510162354,0.86430680751801,1.88423669338226,1.60890352725983,21.1288299560547,18.0618572235107,13.8169384002686,0.4836300611496,0.52943640947342,0.55766594409943,-6.54095888137817,-5.71735382080078,-4.57292509078979,0.1129180341959,-0.30839407444,-0.68975871801376,-10.4305372238159,-8.23449420928955,-6.49118900299072,-0.74699091911316,0.0454898327589,-0.13407529890537,1.41018486022949,-6.43561410903931,-9.00698661804199,-0.26205506920815,-0.40213733911514,0.12996226549149,3.49553442001343,3.49553442001343,3.68946480751038,FAN
-0.05858954414725,0.1129180341959,-0.30839407444,-10.6063051223755,-10.4305372238159,-8.23449420928955,-1.05105459690094,-0.74699091911316,0.0454898327589,4.64235687255859,1.41018486022949,-6.43561410903931,0.07563377916813,-0.26205506920815,-0.40213733911514,1.91775560379028,3.49553442001343,3.49553442001343,0.23755396902561,0.34461304545403,0.17736652493477,4.67597818374634,7.44087219238281,9.12026119232178,0.31124621629715,-0.26575639843941,-0.69910687208176,-13.1034660339355,-11.1067018508911,-7.78594398498535,-0.52517539262772,-0.86978840827942,-0.38402783870697,-1.78368031978607,-7.29034423828125,-15.3276796340942,0.40320259332657,0.59015649557114,0.25193503499031,13.6987686157227,10.1242733001709,6.59025859832764,1.07260239124298,1.63523972034454,-1.03429508209229,19.1679782867432,21.1791076660156,22.6228122711182,0.07456851005554,-0.16618125140667,-0.77977359294891,-13.4889326095581,-11.8465099334717,-11.7028579711914,-0.92571479082108,-0.39574575424194,-0.08788431435823,-8.9673957824707,-9.76581192016602,-10.5647602081299,-2.49715232849121,-2.49715232849121,-0.7182605266571,23.245304107666,23.245304107666,16.0124206542969,0.37657099962234,0.44261738657951,0.28495824337006,-9.73482418060303,-7.72369480133057,-6.09563732147217,1.66554093360901,1.24848997592926,0.90920323133469,-10.3804693222046,-8.77991008758545,-6.31169176101685,-0.9720458984375,-1.15639936923981,-1.85790050029755,-0.29448682069778,-8.04451751708984,-12.7922201156616,0.44741106033325,-0.01810949668288,-0.20240025222301,3.94564437866211,6.0597243309021,3.90254878997803,FAN
1.20321619510651,1.66181254386902,1.73957681655884,-11.1096429824829,-10.4699516296387,-10.3128252029419,-0.3256114423275,-0.73501992225647,-0.9528923034668,9.94312000274658,5.58806657791138,2.9161376953125,0.18588864803314,0.45699843764305,0.588558614254,-5.12359142303467,-2.34871196746826,-0.23223756253719,0.09214537590742,-0.9076052904129,-1.3401026725769,-3.39180207252502,-0.64821344614029,2.81442880630493,-3.30878663063049,-2.76530289649963,-0.61052143573761,-17.772159576416,-19.4600715637207,-18.0738277435303,-0.02450108155608,0.09374327212572,-0.20719394087791,2.90177249908447,2.07816696166992,-1.33117616176605,-1.19735729694366,-1.35128796100616,-1.33424377441406,14.1866598129272,14.9211587905884,14.7565755844116,-1.20907187461853,-1.30244576931,-2.4013843536377,-5.10443782806396,-0.67995327711105,5.54018259048462,1.28896999359131,1.95742344856262,1.01253390312195,-21.7561111450195,-14.5399866104126,-9.49540424346924,1.36407113075256,1.86154961585999,1.67459571361542,1.58191776275635,-0.44155210256577,-2.78939509391785,3.20344185829163,3.28484463691711,4.40533113479614,25.0744743347168,27.9139976501465,23.3434658050537,0.10865697264671,-0.05805691331625,1.17978036403656,-9.39484786987305,-9.39484786987305,-9.33020401000977,-0.81279677152634,-1.2500878572464,-1.52279555797577,-10.6095008850098,-10.1887216567993,-10.3298692703247,0.83797061443329,0.86430680751801,1.31920516490936,7.16345167160034,4.91529607772827,5.15950489044189,1.26553416252136,1.22718465328217,1.11373400688171,-3.09330868721008,-2.61207413673401,-0.91219085454941,FAN
-0.46232476830482,-0.11504855751991,0.31212249398232,-9.8222713470459,-8.73783206939697,-6.19824123382568,0.00478840339929,-0.9433154463768,-2.53306531906128,-3.03824186325073,-5.8514289855957,-10.1490211486816,0.33822146058083,0.2545982003212,0.03834952041507,2.51870012283325,2.92092609405518,4.01507616043091,-0.00852211564779,-0.23329292237759,-0.14594122767448,4.62164974212646,6.39531517028809,8.65154552459717,-0.06464344263077,0.96965169906616,0.428562104702,-12.6605386734009,-12.0691709518433,-11.6190605163574,-1.4168016910553,-1.64157247543335,-1.8322548866272,0.96965169906616,-3.03824186325073,-8.67898082733154,-0.19973708689213,-0.61305969953537,-1.22079300880432,15.5496654510498,13.4526920318604,10.2664861679077,-0.86191260814667,-1.0989385843277,1.46525144577026,4.8099513053894,14.7075805664063,21.4281044006348,-0.20772656798363,0.87511473894119,0.68176925182343,-17.0969944000244,-12.3325328826904,-7.81467437744141,-0.63063657283783,-0.06178534030914,0.21092236042023,-2.64878010749817,-4.86559534072876,-8.3905553817749,0.58179098367691,-1.18273568153381,-0.0454898327589,27.4806480407715,27.5548667907715,22.9484233856201,0.05486112087965,-0.30892670154572,-0.27270770072937,-4.45800352096558,-3.79002118110657,-4.36941814422607,-0.15499597787857,-0.36165729165077,-0.2418150305748,-10.2558336257935,-10.6601009368896,-10.6712865829468,-0.02873042039573,-0.01197100803256,-0.19153612852097,6.03338813781738,3.82593441009521,0.73262572288513,-0.06924218684435,0.04314320906997,-0.19441075623035,-0.91219085454941,-0.72304892539978,3.04781866073608,FAN
0.36378780007362,-0.03036003746092,-0.2402171343565,-2.19124889373779,0.27004453539848,2.15023636817932,-0.39983168244362,-0.9528923034668,-0.93852704763412,-15.0571346282959,-14.6309661865234,-13.0555820465088,-0.51558798551559,-0.20186761021614,-0.12516857683659,1.43412685394287,0.52193599939346,1.41497325897217,-0.12942963838577,-0.53955644369125,-0.62158179283142,12.3490781784058,14.3389921188354,15.1805515289307,0.29448682069778,-0.5243301987648,-0.92176765203476,-7.80749177932739,-2.64798712730408,3.06697249412537,-0.33609092235565,-0.47137951850891,-0.40213733911514,-14.4274597167969,-19.3164196014404,-18.5742168426514,-1.75289261341095,-0.86552739143372,-0.67963874340057,8.06298637390137,5.41846752166748,1.60269033908844,-0.46686932444572,1.74297881126404,0.26096799969673,22.6228122711182,23.166296005249,23.0226440429688,0.19813919067383,0.58483016490936,0.40639838576317,-17.7362461090088,-14.2071924209595,-9.28232002258301,0.680703997612,0.324373036623,0.2274339646101,-5.73378610610962,-6.95085048675537,-8.47950553894043,-0.88824880123138,-2.20027136802673,-1.37666594982147,17.6356887817383,17.496826171875,17.492036819458,-0.26951190829277,-0.19121496379375,-0.15765914320946,-10.6063137054443,-9.12669658660889,-7.14908647537231,1.02691495418549,1.09882032871246,1.04981815814972,-10.5487813949585,-9.72959327697754,-8.51572418212891,-1.93690919876099,-2.27927994728088,-2.48518133163452,-0.75656771659851,-3.1196448802948,-6.32069253921509,0.79042625427246,0.85753786563873,0.65460503101349,-2.56897830963135,1.41497325897217,4.66390514373779,FAN
1.06206870079041,1.02691495418549,1.09882032871246,-11.4894094467163,-10.5487813949585,-9.72959327697754,-0.46208092570305,-1.93690919876099,-2.27927994728088,4.05817174911499,-0.75656771659851,-3.1196448802948,0.62690812349319,0.79042625427246,0.85753786563873,-3.00232887268066,-2.56897830963135,1.41497325897217,0.53582799434662,0.15126755833626,-0.23435817658901,-2.10283207893372,1.66447567939758,4.50606870651245,-1.31681096553802,0.82599955797195,-0.3256114423275,-15.2654304504395,-15.9836902618408,-14.9877023696899,-0.45540055632591,-0.59761333465576,-0.86286419630051,4.74530792236328,1.75016140937805,-1.06541979312897,-0.31638354063034,-0.03195793181658,0.11025486886501,14.4487142562866,15.5464696884155,15.2577829360962,1.3910311460495,1.05344879627228,-0.43095630407333,-0.16998831927776,6.14112758636475,11.8728466033936,-1.00241386890411,-0.31585091352463,-0.17310547828674,-15.3468332290649,-12.880805015564,-7.88650035858154,0.28495824337006,0.08096009492874,0.13795174658298,-3.29273247718811,-3.66823816299438,-5.47545909881592,1.50595283508301,0.52193599939346,0.48123455047607,22.3522663116455,22.8598384857178,24.672248840332,0.6231797337532,0.71532505750656,0.55340486764908,-5.49708700180054,-4.82671070098877,-3.69185900688171,0.05060006305575,0.23489081859589,0.54861122369766,-9.9026985168457,-10.8577079772949,-10.9493207931519,0.85951840877533,-0.17717093229294,-1.04387199878693,12.1290254592896,8.12592029571533,3.62721562385559,0.80587255954742,0.58749336004257,0.34621095657349,-2.26970314979553,-0.63925182819366,0.83557641506195,FAN
0.05539375171065,0.01438106968999,0.15020228922367,-5.46533918380737,-2.94172787666321,-0.6998787522316,-1.0414776802063,-0.75417351722717,-0.38546648621559,-10.3333749771118,-10.9199542999268,-11.2000751495361,-0.44634580612183,-0.54328489303589,-0.77231675386429,3.44046783447266,3.30399823188782,2.5282769203186,0.27430561184883,0.40266996622086,0.52357745170593,12.2649221420288,14.2159538269043,15.3722991943359,-0.20829555392265,-0.30645781755447,-1.18273568153381,-7.98226833343506,-4.21379518508911,0.78769236803055,-0.91506218910217,-0.63489758968353,-0.6141249537468,-15.4785137176514,-14.8775691986084,-13.5799121856689,-0.39521312713623,-1.46633648872375,-1.29909002780914,6.30476760864258,2.29777550697327,0.13582122325897,5.23611927032471,5.02782344818115,3.16034626960754,19.7138576507568,20.5183086395264,25.3689613342285,-0.28655612468719,-0.27963191270828,-0.356330960989,-9.64623832702637,-7.56328296661377,-7.74763679504395,0.14114753901958,0.14807176589966,0.02663161233068,-9.30615043640137,-10.2126903533936,-10.0763368606567,2.82276391983032,3.40455484390259,1.42694425582886,21.576545715332,16.0555171966553,11.990161895752,0.42077946662903,0.74302196502686,0.92145377397537,-5.50666379928589,-4.60644388198853,-3.77565598487854,0.38935416936874,0.45380264520645,0.27750140428543,-9.53518199920654,-8.07523727416992,-6.79585456848145,-0.91937345266342,-0.14365209639072,-0.14365209639072,1.67594122886658,-5.42047262191772,-5.42047262191772,0.35739621520042,-0.02929477207363,-0.33342778682709,1.64960491657257,1.944091796875,1.72621941566467,FAN
0.09587380290031,0.38935416936874,0.45380264520645,-10.443320274353,-9.53518199920654,-8.07523727416992,-0.91937345266342,-0.91937345266342,-0.14365209639072,1.67594122886658,1.67594122886658,-5.42047262191772,0.70520508289337,0.35739621520042,-0.02929477207363,-1.35751235485077,1.64960491657257,1.944091796875,-0.16618125140667,-0.16085493564606,-0.44155210256577,-0.1320927888155,3.16117238998413,5.97240495681763,-0.09337386488914,-0.82839381694794,-1.77410340309143,-13.9845323562622,-15.8017311096191,-17.6141414642334,-0.85114628076553,-0.62424498796463,-0.45646581053734,3.38779544830322,-3.76368498802185,-7.87931776046753,-0.20879183709621,-0.36538571119308,-1.90096437931061,17.4522266387939,17.4522266387939,12.5179224014282,-1.38624274730682,-1.32638776302338,-0.24181437492371,-5.74847841262817,4.1347861289978,26.8677310943604,-0.66951870918274,-0.37390783429146,0.06657902896404,-20.0059490203857,-13.9988975524902,-12.7108163833618,-0.52411013841629,-0.35526570677757,-0.29880666732788,-1.16539931297302,-0.17949706315994,0.52091431617737,-1.88184249401093,-0.94810384511948,-0.40222588181496,16.4960498809814,13.9079179763794,12.4809732437134,0.18429075181484,-0.06338323652744,-0.22956448793411,-3.70622420310974,-3.8690299987793,-4.14675712585449,0.3179814517498,0.40320259332657,0.46179214119911,-0.76379460096359,-0.44634580612183,-0.27217507362366,-0.428562104702,-0.74459671974182,-0.77093297243118,9.21049404144287,8.35815811157227,7.90325975418091,-0.10865697264671,-0.04314320906997,0.13582122325897,-5.0876784324646,-6.93600225448608,-7.72848320007324,FAN
1.15740978717804,1.09988558292389,0.91293162107468,-10.7202892303467,-10.6457204818726,-10.221212387085,-0.22984336316586,-0.61052143573761,-1.48440504074097,3.56496644020081,-0.13407529890537,-2.97599267959595,0.35792887210846,0.15446335077286,-0.1177117228508,-2.93289709091187,-1.19710087776184,0.63685762882233,-0.06870955973864,-0.1432780623436,-0.03408846259117,-2.69618439674377,-0.23116238415241,2.99712157249451,-2.0829553604126,-2.70784211158752,-2.35350036621094,-13.9294652938843,-16.0124206542969,-16.7378635406494,-0.81705784797668,-1.11426663398743,-1.53238296508789,0.10295066982508,-2.72938990592957,-7.76200199127197,-2.42613983154297,-2.63493156433105,-2.40376925468445,17.0090770721436,17.4522266387939,16.7321090698242,-0.87148940563202,-1.78128612041473,-4.59926128387451,-3.80917501449585,8.73644161224365,21.5286617279053,-0.84741789102554,-0.2466087192297,0.16884441673756,-26.616340637207,-18.8016662597656,-14.5304098129272,0.33289512991905,0.61785340309143,0.74994617700577,-1.30867743492126,-0.52304482460022,0.20559604465961,-0.96246910095215,-2.90177249908447,-1.40539634227753,16.6397018432617,13.9797439575195,12.619836807251,0.53209960460663,0.32224249839783,0.13635385036469,-3.31357526779175,-3.75171399116516,-4.05577754974365,0.29827404022217,0.15020228922367,-0.00266316113994,0.00745685119182,0.08149272948503,-0.08522115647793,0.65361708402634,0.45729252696037,0.35913026332855,7.15387487411499,7.17542266845703,7.39329481124878,-0.11238539963961,-0.07776430249214,-0.02183792181313,-5.23851346969604,-5.59764337539673,-5.88734197616577,FAN
0.2514024078846,0.18535602092743,-0.22530342638493,-0.53423011302948,-0.50972902774811,0.08948221802711,0.17956513166428,0.17956513166428,-0.16519992053509,10.2998561859131,10.2998561859131,9.19134044647217,0.20772656798363,-0.04846953228116,-0.20879183709621,1.06302559375763,1.05344879627228,-0.00957680679858,-0.24927188456059,-0.08628641813993,0.00213052891195,0.34940674901009,0.07829693704844,-0.49854376912117,-0.22984336316586,0.00718260509893,0.05985504388809,9.73242950439453,9.03571701049805,8.91121864318848,-0.18588864803314,-0.10066749155521,0.05699164792895,-0.21547815203667,-0.08140286058187,0.73262572288513,0.16351810097694,-0.11238539963961,-0.37177729606628,-0.84155893325806,1.27032780647278,2.84212565422058,1.10612118244171,-0.24660277366638,0.05506663769484,9.61990261077881,14.2455005645752,17.9780597686768,0.3914846777916,0.16351810097694,-0.0042610578239,1.7980455160141,2.72460150718689,1.77170920372009,0.48576059937477,0.52783852815628,0.4708468914032,10.2020378112793,10.1812648773193,10.3538379669189,1.63284552097321,1.91536140441895,0.88346040248871,14.9062995910645,11.2240171432495,6.11479091644287,0.08841694891453,0.07403588294983,0.02343581803143,2.55461311340332,1.28808057308197,1.79086291790009,-0.19920445978642,0.14807176589966,0.556600689888,3.24319767951965,-0.16458335518837,-1.90735602378845,1.90817880630493,1.0989385843277,0.38067805767059,-9.72524738311768,-10.6350440979004,-11.1689510345459,-0.61465758085251,-0.25406557321548,-0.02183792181313,-2.08056116104126,-2.08056116104126,-3.004723072052,FAN
0.88736528158188,0.74142408370972,0.79308938980103,9.21720027923584,8.01451683044434,5.88984727859497,0.61291563510895,1.07739078998566,1.52271223068237,-2.18351197242737,-4.01028776168823,-6.25365495681763,0.00852211564779,-0.07350324839354,0.02077265642583,0.36391866207123,-0.41419690847397,-1.51313543319702,-0.19654129445553,-0.61572283506393,-1.12225615978241,-9.61241340637207,-11.3125762939453,-13.2806520462036,0.42616790533066,1.0486603975296,-0.13886369764805,-10.4363250732422,-7.5273699760437,-2.96881008148193,0.18908444046974,-0.39095205068588,-0.75527250766754,6.57926607131958,9.98142719268799,12.4833679199219,-0.55553543567657,-1.10308134555817,-1.12651717662811,-11.0915336608887,-8.12849998474121,-1.01146864891052,-0.41419690847397,-1.47003984451294,-1.48440504074097,20.1663608551025,22.5198612213135,24.4280395507813,-0.00798948295414,0.2386192381382,0.74568510055542,5.41568422317505,3.03584766387939,1.07499659061432,0.30253511667252,0.78829568624496,0.92464953660965,10.0225410461426,10.7581052780151,10.5791416168213,-1.74776721000671,-1.10851538181305,-0.98641109466553,21.5071144104004,17.5303440093994,11.0013570785522,0.91719269752502,0.76485985517502,0.58163440227509,2.44926834106445,1.69988322257996,2.1978771686554,0.43303000926971,0.52251219749451,0.59335231781006,7.979896068573,4.93323945999146,1.84237492084503,0.80445176362991,1.05105459690094,1.0414776802063,-6.22253036499023,-8.98065090179443,-11.4418897628784,-0.41545313596725,-0.51665323972702,-0.38083204627037,0.4955997467041,-0.50996494293213,-1.75494980812073,FAN
0.78829568624496,0.92464953660965,0.63702815771103,10.7581052780151,10.5791416168213,10.3788719177246,-1.10851538181305,-0.98641109466553,-0.44292730093002,17.5303440093994,11.0013570785522,5.87537097930908,0.76485985517502,0.58163440227509,0.21358552575111,1.69988322257996,2.1978771686554,2.96162748336792,0.52251219749451,0.59335231781006,0.65780079364777,4.93323945999146,1.84237492084503,-0.54488277435303,1.05105459690094,1.0414776802063,0.91937345266342,-8.98065090179443,-11.4418897628784,-12.8353157043457,-0.51665323972702,-0.38083204627037,-0.2609897851944,-0.50996494293213,-1.75494980812073,-1.13006317615509,-0.95394432544708,-1.113201379776,-0.5028048157692,-12.99622631073,-16.5957546234131,-15.7105197906494,-0.23942017555237,0.28251579403877,0.52911859750748,-4.82910490036011,8.93755531311035,22.5940818786621,-0.49854376912117,-0.1113201379776,-0.26844665408134,13.5272397994995,9.88326454162598,12.2774667739868,0.41758367419243,-0.07776430249214,-0.1352885812521,2.03891611099243,5.80036497116089,6.99346113204956,-0.4716577231884,0.79008656740189,-1.13963997364044,26.0848274230957,25.902868270874,24.0665149688721,0.60826599597931,0.68603032827377,0.896952688694,1.83395850658417,2.29843354225159,1.40300214290619,0.88097369670868,0.87831056118011,0.79681783914566,10.5205516815186,10.9786157608032,11.0675649642944,-0.61530983448029,0.20590133965015,0.43813890218735,9.2440128326416,4.82910490036011,0.61291563510895,0.06604639440775,-0.2242381721735,-0.44048684835434,1.99197578430176,2.07577276229858,1.71185421943665,FAN
0.79681783914566,0.46552056074142,0.45753109455109,11.0675649642944,9.18311214447022,7.18627405166626,0.43813890218735,0.7781155705452,0.50278234481812,0.61291563510895,-5.06613063812256,-7.34541082382202,-0.44048684835434,-0.68869346380234,-0.93583482503891,1.71185421943665,1.2641384601593,0.45729252696037,0.7792409658432,0.36485308408737,-0.19174760580063,-4.69142484664917,-6.71542692184448,-8.91093730926514,0.8164227604866,1.24259066581726,1.34793555736542,-12.8185558319092,-12.5192804336548,-10.512939453125,-0.3691141307354,-0.20772656798363,-0.22530342638493,-1.6448165178299,1.43652105331421,6.69658231735229,-1.16167092323303,-1.33957004547119,-0.49907639622688,-14.519021987915,-13.0542831420898,-11.8643827438354,-1.44609785079956,-0.64404028654099,-5.87537097930908,4.66390514373779,17.6692085266113,28.5891628265381,-0.989098072052,-1.01999068260193,-0.32011196017265,9.74200630187988,7.05331802368164,2.80600428581238,0.58909124135971,0.31638354063034,0.31105720996857,3.96491432189941,4.0320258140564,6.03845167160034,-0.18914192914963,-3.46680402755737,-2.32955837249756,24.9068794250488,24.0976409912109,23.2572746276855,0.06498113274574,0.26365295052528,0.3818973004818,1.6711528301239,1.31441676616669,1.10133278369904,-0.2178465873003,0.03728425502777,0.20719394087791,10.0411825180054,10.0592918395996,9.78658485412598,-0.09337386488914,0.52193599939346,0.66079968214035,8.93994903564453,6.05733013153076,2.07098436355591,0.54594802856445,0.52038168907166,0.52144694328308,1.97761058807373,1.59932672977448,1.57299053668976,FAN
0.20719394087791,0.23116238415241,0.2386192381382,9.78658485412598,9.23264694213867,8.46459102630615,0.66079968214035,0.79487496614456,0.73023152351379,2.07098436355591,-1.60411512851715,-4.46518611907959,0.52144694328308,0.43409526348114,0.20559604465961,1.57299053668976,1.50355863571167,1.66636443138123,0.36432045698166,0.26471820473671,0.02609897963703,-2.57847261428833,-5.03710317611694,-7.60332489013672,1.05584299564362,0.69431847333908,0.72783732414246,-13.9558019638062,-14.2071924209595,-12.5216751098633,-0.41705104708672,-0.30573090910912,-0.1416801661253,-1.53947174549103,-0.10055647045374,4.11323833465576,-0.97684752941132,-0.32011196017265,-0.30466562509537,-16.2309017181396,-14.3592319488525,-9.87926292419434,-0.35913026332855,-0.22505496442318,-2.07337856292725,12.6653270721436,18.4999961853027,24.0976409912109,0.23009711503983,0.07936219871044,-0.11984225362539,12.8113737106323,9.95509052276611,5.64792203903198,-0.71372717618942,-0.95714008808136,-0.41385525465012,2.32973337173462,4.91619539260864,8.0006685256958,-1.97282218933105,-2.35350036621094,-2.48757553100586,23.0848922729492,25.4503631591797,25.194185256958,1.13503932952881,1.1259845495224,1.31240582466125,3.59848523139954,1.72861361503601,1.31202256679535,0.94435691833496,1.06419920921326,1.19788992404938,10.6377305984497,10.6297416687012,10.1493072509766,-0.01675941236317,0.0526724383235,-0.70868372917175,4.25449657440186,2.09253239631653,-1.52989482879639,0.7472830414772,0.51132690906525,0.14647386968136,2.60728573799133,2.65516972541809,2.47321033477783,FAN
1.06419920921326,1.19788992404938,1.28417634963989,10.6297416687012,10.1493072509766,9.16713333129883,0.0526724383235,-0.70868372917175,-0.69671267271042,2.09253239631653,-1.52989482879639,-4.99191045761108,0.51132690906525,0.14647386968136,-0.29774141311646,2.65516972541809,2.47321033477783,0.06703764945269,-0.00532632227987,-0.53582799434662,-1.0061422586441,-5.54310369491577,-7.37376070022583,-9.3892412185669,2.07337856292725,0.96486330032349,0.22744916379452,-13.687650680542,-11.5927248001099,-8.75559520721436,0.00692421896383,0.19281286001205,0.10013485699892,1.01992988586426,4.23534297943115,7.37414121627808,-0.61732077598572,-0.53263223171234,0.33662357926369,-12.6580047607422,-11.6401443481445,-9.58524990081787,2.559401512146,-0.1963245421648,-5.02303504943848,17.0802345275879,21.0809459686279,30.3034114837646,-0.36378780007362,-0.04687163606286,0.1193096190691,5.95437955856323,2.95923328399658,1.35511815547943,0.07776430249214,-0.12783172726631,-0.28708878159523,3.70179390907288,5.41793489456177,8.39428424835205,-0.7493851184845,0.57221418619156,0.82360535860062,24.9547634124756,23.3147354125977,20.6811141967773,0.42557314038277,0.43409526348114,0.55074173212051,1.40060794353485,0.66558808088303,0.77332717180252,-0.02450108155608,-0.10226538777351,0.14753912389278,10.7676935195923,11.4164390563965,11.0878047943115,0.10055647045374,1.54665434360504,1.63763391971588,5.37258863449097,2.47321033477783,-0.42616790533066,0.67910611629486,0.64927870035172,0.44581317901611,1.80283391475677,2.1978771686554,2.34152936935425,FAN
0.6657902598381,1.05141603946686,1.10254871845245,9.47286415100098,6.64139127731323,3.51750326156616,1.28089785575867,1.19231247901917,1.2641384601593,-3.05978965759277,-7.92959594726563,-13.1226196289063,0.20719394087791,-0.05379585549235,-0.35846149921417,0.72544312477112,1.05584299564362,1.05584299564362,0.73769563436508,0.59867864847183,0.30892670154572,-7.40944671630859,-9.5431718826294,-11.878231048584,-0.18914192914963,0.01675941236317,0.13886369764805,-11.0109338760376,-9.26795482635498,-6.66785192489624,-0.63010394573212,-0.50067430734634,-0.13262543082237,1.2449848651886,5.05176544189453,8.58081912994385,-1.51906716823578,-1.8620822429657,-1.00667488574982,-11.8771657943726,-7.95006847381592,-3.79074358940125,2.01591777801514,-1.82677590847015,-3.73256039619446,17.575834274292,29.6569766998291,30.6864833831787,1.0189254283905,0.76113146543503,0.680703997612,7.36217021942139,3.65355181694031,1.25216746330261,0.73716300725937,0.78083884716034,1.0956244468689,6.2376561164856,8.21372127532959,9.28750801086426,-2.79403328895569,-2.09013819694519,-0.97683429718018,22.6347827911377,20.5733757019043,16.591817855835,0.67537766695023,0.52783852815628,0.3499393761158,1.71185421943665,1.69748902320862,1.75255560874939,0.712661921978,0.57950389385223,0.60080915689468,10.1035003662109,9.53464984893799,8.63663196563721,0.50996494293213,0.50996494293213,0.86909520626068,-0.52672439813614,-0.52672439813614,-4.14675712585449,-0.05539375171065,-0.2210423797369,-0.48629322648048,2.10210919380188,1.94169759750366,1.44130945205688,FAN
0.712661921978,0.57950389385223,0.60080915689468,10.1035003662109,9.53464984893799,8.63663196563721,0.50996494293213,0.50996494293213,0.86909520626068,-0.52672439813614,-0.52672439813614,-4.14675712585449,-0.05539375171065,-0.2210423797369,-0.48629322648048,2.10210919380188,1.94169759750366,1.44130945205688,1.0444917678833,0.4356931746006,-0.41811630129814,-2.53213357925415,-4.9923620223999,-7.15271806716919,1.28329205513,1.28329205513,1.82677590847015,-14.1952219009399,-14.1952219009399,-13.3404922485352,0.39521312713623,0.41225734353065,0.16831178963184,-0.75177931785583,1.20188927650452,2.34152936935425,-0.62531024217606,-0.71745562553406,-0.35206991434097,-13.8889179229736,-15.1890735626221,-13.190637588501,0.69431847333908,-3.26090264320374,-5.46356821060181,2.78685069084167,9.8784761428833,23.8965263366699,-0.2737729549408,-0.23009711503983,-0.1097222417593,8.63109683990479,5.54257678985596,5.4444146156311,-1.08337390422821,-0.95074850320816,-0.4612595140934,2.62481164932251,4.95827341079712,5.53245115280151,-1.20188927650452,0.06703764945269,-0.01915361359715,27.7799224853516,28.7495746612549,25.9459629058838,0.70786821842194,1.02425181865692,1.30654680728912,-0.50278234481812,-0.5746083855629,0.217872351408,0.42983421683311,0.65140920877457,0.64022392034531,9.67206859588623,10.066216468811,9.94530868530273,-0.64882868528366,-0.64882868528366,0.03591302409768,10.625467300415,10.625467300415,0.38307225704193,0.90068107843399,0.77497988939285,0.62744075059891,2.31519293785095,1.62805712223053,1.45567464828491,FAN
0.64022392034531,0.5091964006424,0.62424498796463,9.94530868530273,9.31946563720703,8.31119346618652,0.03591302409768,0.03591302409768,0.87388360500336,0.38307225704193,0.38307225704193,-3.08133769035339,0.62744075059891,0.37071204185486,-0.03728425502777,1.45567464828491,2.27927994728088,1.71424841880798,1.67566096782684,1.37152802944183,0.64821344614029,-1.37365853786469,-3.6863477230072,-5.94151258468628,0.77332717180252,-0.90500825643539,-1.64242231845856,-11.925518989563,-14.0635404586792,-13.9653787612915,-0.42344263195992,-0.14860439300537,0.07510114461184,-5.1068320274353,-3.73256039619446,0.6033388376236,-0.3787015080452,0.76166409254074,0.8111988902092,-15.5139789581299,-13.3147401809692,-9.26353931427002,-0.62009823322296,2.19308876991272,4.28801536560059,14.9086942672729,22.1415767669678,23.958776473999,0.81545996665955,0.63436496257782,1.04875290393829,8.00860500335693,7.61595582962036,4.93684387207031,-0.80533993244171,-0.556600689888,-0.91293162107468,5.79876708984375,8.57964038848877,9.0755205154419,-0.39264908432961,0.02873042039573,0.02873042039573,22.1391830444336,18.4976024627686,18.4976024627686,-0.1209075152874,0.07350324839354,0.16831178963184,1.19949507713318,0.39743748307228,0.39743748307228,0.50600063800812,0.34780883789063,0.35739621520042,9.79936790466309,8.92318725585938,7.47336292266846,0.70150107145309,0.87867200374603,0.46926352381706,-1.56820213794708,-3.5769374370575,-5.63595056533813,0.40480050444603,0.34194988012314,0.3179814517498,-0.12449848651886,-0.12449848651886,-1.68551802635193,FAN
-1.18990039825439,0.23968450725079,0.55393749475479,9.66354656219482,10.6403942108154,10.2936506271362,-0.25139117240906,0.22984336316586,0.22984336316586,12.816162109375,8.10676670074463,8.10676670074463,0.29827404022217,0.39894154667854,0.496413230896,1.13245737552643,1.40060794353485,0.70389527082443,0.72704297304153,0.77657777070999,0.62744075059891,3.79500460624695,1.50202286243439,-1.34329843521118,1.3718775510788,1.3718775510788,2.18351197242737,-9.25598335266113,-9.25598335266113,-12.3612632751465,0.09747169911861,-0.11185276508331,-0.2210423797369,-1.46046304702759,-1.32399356365204,-0.4764461517334,-0.76113146543503,-0.9827064871788,-0.93157374858856,-13.8979730606079,-15.3030567169189,-14.7155628204346,-0.37110126018524,-1.27610945701599,-1.75016140937805,-1.64002811908722,5.57848978042603,12.8185558319092,0.07989483326674,0.63809341192245,0.85913580656052,6.83305168151855,4.52025270462036,2.43250894546509,-0.81918835639954,-0.09054747968912,-0.03834952041507,1.48710918426514,-1.17551934719086,-1.37472379207611,-2.20745396614075,-1.64242231845856,-1.35751235485077,15.3923225402832,14.1018476486206,12.3468980789185,-0.15393070876598,-0.16884441673756,-0.18855181336403,-0.39743748307228,-0.39743748307228,0.0,-0.20080235600471,-0.19121496379375,-0.08681905269623,0.3179814517498,0.18855181336403,-0.01171790901572,-0.3447650372982,-0.51954174041748,-0.6224924325943,10.3549222946167,10.0628299713135,9.67257499694824,-0.3275688290596,-0.2306297570467,-0.16831178963184,0.3016694188118,0.27533319592476,0.61052143573761,FAN
-0.20080235600471,-0.19121496379375,-0.08681905269623,0.3179814517498,0.18855181336403,-0.01171790901572,-0.3447650372982,-0.51954174041748,-0.6224924325943,10.3549222946167,10.0628299713135,9.67257499694824,-0.3275688290596,-0.2306297570467,-0.16831178963184,0.3016694188118,0.27533319592476,0.61052143573761,0.03834952041507,0.11717908829451,0.19494339823723,-0.07190535217524,-0.05273059010506,-0.19068233668804,-0.83557641506195,-0.67755907773972,-0.36631286144257,9.72285270690918,9.720458984375,9.63905620574951,-0.08202536404133,-0.04846953228116,-0.03302319720387,0.4525041282177,0.54587799310684,0.8164227604866,0.22157500684261,0.2705771625042,0.20879183709621,0.43516051769257,0.86126631498337,1.63038730621338,-0.6033388376236,-2.6934769153595,-2.6934769153595,12.0931129455566,16.1704387664795,16.1704387664795,0.56618803739548,0.71585774421692,0.74248933792114,1.13485157489777,1.88184249401093,1.30244576931,0.00372842559591,-0.15819177031517,0.1145159304142,9.53571510314941,9.64277362823486,9.50642013549805,-0.22266076505184,1.53468334674835,1.05344879627228,10.6948986053467,7.86255836486816,2.26491475105286,0.7835019826889,0.68389976024628,0.61359232664108,1.57299053668976,1.56580793857574,1.2641384601593,0.42663842439651,0.78083884716034,1.3310478925705,5.14735794067383,2.51295876502991,-0.94915062189102,1.00077629089355,2.27209734916687,3.88339519500732,-8.68616390228271,-9.61750793457031,-10.4961805343628,-0.24767398834229,0.07350324839354,-0.22477079927921,-1.21625447273254,-0.76375031471252,1.20188927650452,FAN
0.26578348875046,0.39095205068588,0.39201730489731,8.97538566589355,8.12317371368408,7.40997934341431,1.29047477245331,1.20188927650452,0.95528650283813,-0.28490999341011,-2.53785371780396,-5.23372507095337,0.44368264079094,0.21092236042023,-0.09480853378773,1.8674772977829,2.31998133659363,1.39581954479218,0.95554220676422,-0.6359629034996,-0.80054622888565,-6.12846660614014,-10.0726079940796,-12.7677268981934,0.47405192255974,-0.7972691655159,-0.77332717180252,-15.0523462295532,-9.90960121154785,-4.80755710601807,-0.52517539262772,-0.78776305913925,-0.91452956199646,3.86663579940796,8.89924812316895,12.7108163833618,0.08681905269623,-0.58003652095795,-1.33424377441406,-12.2260398864746,-9.5042896270752,-3.17555332183838,-0.61052143573761,1.73100781440735,0.80445176362991,29.5827560424805,24.3801555633545,30.504524230957,0.61092919111252,0.42344263195992,0.23808661103249,4.98951625823975,3.05260705947876,-0.61770403385162,-0.16777914762497,0.53209960460663,0.89908319711685,6.95138311386108,8.81186771392822,8.83051013946533,-2.92810869216919,-2.40617275238037,-1.83156430721283,20.8798332214355,16.1153717041016,13.2734546661377,1.01413178443909,1.07804763317108,0.99815279245377,0.68713587522507,1.11090958118439,1.74776721000671,0.87511473894119,0.58269965648651,0.35686358809471,9.13251209259033,8.68563365936279,7.78761577606201,0.34237083792686,0.09576806426048,-0.1508347094059,-1.85790050029755,-4.17069959640503,-6.14591598510742,0.16245283186436,-0.36378780007362,-0.51345747709274,1.25216746330261,-1.0989385843277,-1.63284552097321,FAN
1.23464155197144,1.34063529968262,1.19362878799438,8.8092041015625,8.98923397064209,9.21720027923584,-0.54827219247818,0.32800564169884,0.62009823322296,9.27513694763184,4.66390514373779,1.05105459690094,0.83410209417343,0.66206187009811,0.46818372607231,1.66157603263855,1.2641384601593,1.35511815547943,0.15872439742088,-0.20719394087791,-0.3467435836792,5.91381549835205,0.80640518665314,-2.25356698036194,-0.01675941236317,0.94570964574814,1.58496153354645,-8.89445972442627,-14.1281843185425,-14.6453313827515,-0.58163440227509,-0.46498793363571,-0.21518342196941,-1.68791222572327,-2.50194072723389,-0.21068975329399,0.13901701569557,0.56725335121155,0.66046398878098,-14.6511144638062,-14.296914100647,-10.9999208450317,-1.53947174549103,-1.53947174549103,2.44687414169312,6.05493593215942,6.05493593215942,20.3507137298584,0.35100463032722,0.3531351685524,0.29028457403183,10.7020816802979,8.41561889648438,4.39814853668213,-0.63116919994354,-0.44954159855843,-0.11877698451281,2.70097804069519,6.67121887207031,9.00148487091064,2.47799873352051,-0.20111294090748,-2.16196417808533,24.1694660186768,23.6499252319336,20.2501583099365,-0.11398329585791,-0.16245283186436,-0.13315805792809,-0.02394201606512,-0.55545479059219,0.0526724383235,0.96726012229919,0.94595485925674,1.01200127601624,8.82198715209961,8.27071285247803,7.28481101989746,0.15322890877724,0.25857377052307,0.28969839215279,-0.18435353040695,-2.85867691040039,-4.74770212173462,0.00532632227987,-0.19441075623035,-0.31372037529945,0.83557641506195,1.00077629089355,-0.53151279687881,FAN
0.94595485925674,1.01200127601624,1.16593194007874,8.27071285247803,7.28481101989746,5.38331413269043,0.25857377052307,0.28969839215279,0.31124621629715,-2.85867691040039,-4.74770212173462,-6.92403125762939,-0.19441075623035,-0.31372037529945,-0.30413299798965,1.00077629089355,-0.53151279687881,-2.02549457550049,-0.54328489303589,-0.91293162107468,-1.25488150119781,-5.48984050750732,-7.66244745254517,-9.32905387878418,0.09097966551781,0.24660277366638,0.24660277366638,-11.5903301239014,-9.56723022460938,-9.56723022460938,0.11664646118879,-0.00852211564779,-0.06711166352034,-1.24019646644592,1.75016140937805,3.1699230670929,-1.11107087135315,-1.25914263725281,-0.19547602534294,-13.6785278320313,-11.7104520797729,-5.316734790802,-1.47482824325562,-3.0550012588501,-2.24576115608215,10.6948986053467,23.3530426025391,34.6728286743164,-0.2833603322506,-0.1336906850338,0.09853696078062,5.60961437225342,1.89620769023895,-1.52271223068237,0.15819177031517,-0.1257012039423,0.01118527725339,6.99985265731812,9.8164119720459,10.9093732833862,-0.27533319592476,-0.1963245421648,0.12449848651886,22.4216995239258,21.0857353210449,17.171215057373,0.71372717618942,0.51452273130417,0.356330960989,-0.88585460186005,-0.92895025014877,-0.89543145895004,-0.50014168024063,-0.40852892398834,-0.19281286001205,8.32770442962646,7.72636318206787,6.62008619308472,0.7182605266571,1.02950668334961,0.69431847333908,-1.54665434360504,-3.004723072052,-5.26963806152344,-0.13102753460407,-0.28282770514488,-0.39041942358017,0.68474167585373,0.30645781755447,-0.61291563510895,FAN
-0.19281286001205,0.09054747968912,0.28122982382774,6.62008619308472,4.77398252487183,2.13585519790649,0.69431847333908,0.77572137117386,1.12288057804108,-5.26963806152344,-7.32625722885132,-9.53371143341064,-0.39041942358017,-0.40852892398834,-0.29827404022217,-0.61291563510895,-1.47482824325562,-2.14281058311462,0.03728425502777,0.2178465873003,0.49747851490974,-7.175621509552,-9.18364524841309,-10.9860725402832,1.72861361503601,1.79086291790009,1.79086291790009,-8.72207641601563,-6.13633918762207,-6.13633918762207,-0.05592638254166,-0.15659387409687,-0.36485308408737,0.23702596127987,0.79248076677322,2.11647439002991,1.6394419670105,1.77419793605804,0.88949584960938,-12.8390998840332,-11.1778202056885,-5.0477557182312,-0.20111294090748,-1.09415018558502,1.75016140937805,16.7642002105713,24.6076049804688,24.9284286499023,0.6295713186264,0.96353167295456,0.64022392034531,4.48433971405029,3.1196448802948,2.21942496299744,-1.21386885643005,-1.02904546260834,-0.97578221559525,4.9614691734314,8.0885534286499,10.52161693573,-3.37582445144653,-0.02633621916175,0.4955997467041,24.2460803985596,22.5150718688965,18.1384716033936,0.05432848632336,0.04846953228116,0.21891184151173,-0.87148940563202,-1.46285724639893,-0.73023152351379,-0.06817692518234,-0.10492854565382,0.07723167538643,10.1642208099365,10.0566291809082,9.43451499938965,2.1475989818573,1.4293384552002,0.76375031471252,1.27371525764465,-1.97282218933105,-4.88177728652954,0.54967647790909,0.15020228922367,-0.30945932865143,1.93690919876099,2.79642748832703,2.38701915740967,FAN
-0.06817692518234,-0.10492854565382,0.07723167538643,10.1642208099365,10.0566291809082,9.43451499938965,2.1475989818573,1.4293384552002,0.76375031471252,1.27371525764465,-1.97282218933105,-4.88177728652954,0.54967647790909,0.15020228922367,-0.30945932865143,1.93690919876099,2.79642748832703,2.38701915740967,0.58110177516937,0.08628641813993,-0.4740426838398,-3.90525960922241,-4.89968395233154,-6.24458026885986,2.60249733924866,3.70622420310974,3.70622420310974,-12.6174430847168,-12.3133792877197,-12.3133792877197,-0.43036684393883,-0.69721555709839,-0.73769563436508,-0.82360535860062,-1.49158763885498,-0.09576806426048,-0.09587380290031,-0.63383233547211,-0.22956448793411,-14.3810701370239,-14.981879234314,-14.2388572692871,0.90500825643539,-1.64960491657257,-1.64960491657257,4.24013137817383,10.9606552124023,10.9606552124023,-0.81013363599777,-0.26365295052528,-0.00213052891195,6.91684865951538,5.75566101074219,4.98233366012573,0.4452805519104,0.59867864847183,0.4580637216568,4.14867258071899,4.67970657348633,6.44058895111084,-2.07577276229858,-0.40701428055763,0.14604631066322,27.6003570556641,25.8549842834473,22.1128463745117,-0.18748654425144,-0.07616640627384,-0.01331580616534,-0.90979665517807,-0.90979665517807,-1.26653265953064,0.12516857683659,0.08255799859762,0.22530342638493,10.0576944351196,9.56128120422363,8.21745014190674,1.26174426078796,1.3718775510788,0.5243301987648,1.68072962760925,-1.74537301063538,-3.63200402259827,0.25939190387726,0.09747169911861,0.01970739290118,-0.29448682069778,0.35673606395721,0.15801730751991,FAN
0.5374259352684,0.37071204185486,0.12516857683659,9.6955041885376,9.60548973083496,10.0576944351196,0.15562310814857,-0.94092124700546,1.26174426078796,18.3515567779541,10.8936176300049,1.68072962760925,0.24234765768051,0.28975194692612,0.25939190387726,-0.86909520626068,-0.29448682069778,-0.29448682069778,0.5502091050148,0.18429075181484,-0.19174760580063,1.24369621276855,-1.03330647945404,-3.28048181533813,0.83318221569061,0.58897364139557,0.61770403385162,-12.0021333694458,-13.2973966598511,-12.4785795211792,-0.07723167538643,-0.48256480693817,-0.93370431661606,0.74459671974182,0.07182604819536,1.09654438495636,-1.40295326709747,-1.60002720355988,-1.34596168994904,-14.2266063690186,-15.9656505584717,-15.5922756195068,-0.28969839215279,-2.10929179191589,-1.48201084136963,2.30082774162292,12.1840925216675,23.1591129302979,-1.00454437732697,-0.49481534957886,-0.18429075181484,8.62630844116211,6.13633918762207,6.13633918762207,0.1336906850338,0.41598576307297,0.28602349758148,6.89758729934692,5.89144515991211,5.45575189590454,-1.42455005645752,1.0989385843277,-1.51552963256836,25.9842700958252,26.7528095245361,22.7137908935547,0.54914385080338,0.81439465284348,0.75047880411148,-1.47961664199829,-1.5442601442337,-0.23942017555237,-0.71372717618942,-0.38136467337608,-0.07510114461184,10.5114965438843,9.75409412384033,9.2379732131958,-0.85473001003265,-0.52193599939346,0.29688102006912,8.45632076263428,5.6335563659668,0.98641109466553,0.65567028522491,0.78669780492783,0.5757754445076,0.5434837937355,1.10612118244171,1.8866308927536,FAN
-0.71372717618942,-0.38136467337608,-0.07510114461184,10.5114965438843,9.75409412384033,9.2379732131958,-0.85473001003265,-0.52193599939346,0.29688102006912,8.45632076263428,5.6335563659668,0.98641109466553,0.65567028522491,0.78669780492783,0.5757754445076,0.5434837937355,1.10612118244171,1.8866308927536,1.00827276706696,0.98590224981308,0.44368264079094,-1.46686911582947,-4.07303857803345,-6.36069393157959,1.31681096553802,0.34955343604088,1.0414776802063,-11.5879364013672,-13.8624277114868,-14.2071924209595,-0.19068233668804,-0.36964675784111,-0.43409526348114,1.05823719501495,3.00711727142334,3.87621259689331,0.58642810583115,0.20240025222301,-2.48100090026855,-16.482837677002,-14.3539056777954,-6.02886438369751,0.17717093229294,3.11006808280945,-7.07486581802368,9.31105041503906,11.9757966995239,32.9609756469727,0.97311908006668,0.42663842439651,0.62051653862,0.88824880123138,-0.17956513166428,-1.57059633731842,0.54435014724731,1.19682466983795,1.17978036403656,7.68481779098511,8.82198715209961,9.20708084106445,-3.73256039619446,-1.89381349086761,-0.92176765203476,20.8080062866211,15.5359745025635,9.03092861175537,0.95500957965851,0.86712527275085,0.80693781375885,-0.56742578744888,-0.13407529890537,0.38546648621559,0.61359232664108,0.54861122369766,0.48256480693817,6.56735515594482,3.64906334877014,0.81492727994919,-0.16998831927776,-0.17477671802044,1.18034148216248,-3.12443327903748,-5.43723201751709,-10.5656118392944,-0.52197957038879,-0.7190535068512,-1.49083757400513,-3.23935484886169,-4.503493309021,-2.23857855796814,FAN
1.17978036403656,0.86233156919479,0.66525763273239,9.20708084106445,7.99161386489868,6.89066314697266,-0.92176765203476,-0.43574470281601,0.05027823522687,9.03092861175537,4.96557426452637,2.6623523235321,0.80693781375885,0.63329970836639,0.16032229363918,0.38546648621559,0.73501992225647,-0.3687070608139,0.48256480693817,0.05805691331625,-0.63489758968353,0.81492727994919,-1.91214966773987,-4.40859699249268,1.18034148216248,2.4899697303772,2.76530289649963,-10.5656118392944,-12.6581439971924,-11.4801969528198,-1.49083757400513,-1.81893908977509,-1.62293040752411,-2.23857855796814,-0.47405192255974,0.04309562966228,-0.54435014724731,0.27324032783508,0.74195671081543,-13.0702619552612,-8.8970890045166,-3.23627352714539,-1.71664261817932,-4.61602067947388,-5.67186403274536,13.0699472427368,24.4615592956543,26.5062065124512,-0.12357068061829,0.04367584362626,0.23009711503983,4.07253694534302,3.38540124893188,1.3215993642807,0.54008907079697,0.38562572002411,0.37177729606628,8.90774154663086,9.80735683441162,10.4086990356445,0.40940847992897,0.22744916379452,-1.1180921792984,15.813702583313,12.9981212615967,9.03092861175537,0.52144694328308,0.39840891957283,0.33236250281334,1.56101953983307,1.05105459690094,1.05105459690094,0.4548679292202,-0.03249056637287,-0.23329292237759,6.00436305999756,-1.31719946861267,-3.57715797424316,1.69748902320862,1.68791222572327,1.6448165178299,-9.15542697906494,-15.5240039825439,-15.0906534194946,-0.88310420513153,-0.96299904584885,-0.95980328321457,-0.74699091911316,-0.68234747648239,-0.61770403385162,FAN
0.37177729606628,0.27643612027168,0.2434129267931,10.4086990356445,11.0169649124146,10.1999073028564,-1.1180921792984,-1.16118776798248,0.62488663196564,9.03092861175537,4.83149909973145,-2.97120428085327,0.33236250281334,0.22690132260323,-0.3627225458622,1.05105459690094,0.85233581066132,0.50757074356079,-0.23329292237759,-0.4580637216568,-0.49801114201546,-3.57715797424316,-5.63098812103271,-7.94154644012451,1.6448165178299,1.12766897678375,1.05344879627228,-15.0906534194946,-12.6030778884888,-9.10754299163818,-0.95980328321457,-0.92784535884857,-0.95181381702423,-0.61770403385162,4.5226469039917,4.5226469039917,1.53983974456787,-0.11238539963961,-1.11852765083313,-12.4268426895142,-9.62413215637207,-2.14171409606934,-0.2537853717804,-2.07337856292725,-3.38300704956055,19.0291156768799,23.1591129302979,29.5803623199463,0.51026165485382,0.50813114643097,0.49055427312851,5.66468143463135,1.25216746330261,0.52911859750748,-0.2370213419199,-0.20772656798363,-0.26471820473671,10.1860589981079,11.7104520797729,11.6129808425903,-2.56179571151733,-1.96085119247437,-1.14921677112579,18.5885810852051,14.223952293396,10.4746322631836,1.72200000286102,1.89084446430206,1.85249483585358,1.2449848651886,1.49398183822632,2.17872357368469,1.51959979534149,1.56061244010925,1.37578904628754,9.42545986175537,6.7899956703186,2.7483823299408,0.18435353040695,-0.03112462162971,0.06224924325943,-5.91607236862183,-10.1274728775024,-12.9598140716553,0.16618125140667,-0.24873925745487,-0.58376491069794,1.85071790218353,1.09415018558502,0.80684596300125,FAN
0.78137147426605,1.23144567012787,1.51959979534149,10.9285478591919,10.5530424118042,9.42545986175537,-0.87148940563202,-0.22984336316586,0.18435353040695,3.5769374370575,-1.38624274730682,-5.91607236862183,1.14462661743164,0.67164921760559,0.16618125140667,3.01908826828003,3.07176089286804,1.85071790218353,0.44900897145271,-0.19494339823723,-0.77977359294891,-3.67889070510864,-5.22831773757935,-7.61610841751099,2.94965648651123,3.30639243125916,2.38462495803833,-15.7634239196777,-14.1593084335327,-11.3844289779663,-1.36300587654114,-1.36407113075256,-1.3358416557312,-0.1963245421648,0.13646949827671,4.28322696685791,-2.20136904716492,-1.56647133827209,-0.42823630571365,-14.9435300827026,-14.5227499008179,-13.0974264144897,-2.45166254043579,-3.83551120758057,-5.40131902694702,10.7691192626953,17.0227737426758,27.8589305877686,-1.0956244468689,-0.79681783914566,-0.3435477912426,9.17218685150146,7.55370616912842,4.61602067947388,1.01413178443909,1.01732754707336,0.78829568624496,4.54441833496094,5.28104877471924,7.49253749847412,-3.22259545326233,-1.38384854793549,0.07661445438862,25.5844402313232,24.2460803985596,19.1440372467041,0.99282646179199,1.15421402454376,1.06792759895325,0.09337386488914,1.16837048530579,1.14203417301178,-0.1097222417593,0.43995422124863,0.86233156919479,10.452374458313,10.7000484466553,9.93412399291992,-0.92655605077744,-0.01197100803256,0.10773907601833,6.62236213684082,3.60087943077087,-0.71586632728577,0.60613548755646,0.1209075152874,-0.2178465873003,1.56101953983307,-0.54108959436417,-0.04788403213024,FAN
-0.1097222417593,0.43995422124863,0.86233156919479,10.452374458313,10.7000484466553,9.93412399291992,-0.92655605077744,-0.01197100803256,0.10773907601833,6.62236213684082,3.60087943077087,-0.71586632728577,0.60613548755646,0.1209075152874,-0.2178465873003,1.56101953983307,-0.54108959436417,-0.04788403213024,-0.11824435740709,-0.39414784312248,-1.21333622932434,-1.2287825345993,-3.09352803230286,-6.76389646530151,3.25611424446106,4.44363832473755,2.89937829971313,-13.3309154510498,-13.057975769043,-10.2711248397827,-0.92678010463715,-1.30814480781555,-1.84290754795074,-1.08457338809967,0.25139117240906,2.14520478248596,-0.71479243040085,1.28470897674561,1.72253262996674,-14.7677612304688,-14.9344749450684,-7.10957479476929,-1.66397023200989,-6.32548093795776,-3.26329684257507,11.7124347686768,27.0065956115723,33.0687141418457,-0.65833342075348,0.140082269907,0.45060685276985,10.2926731109619,0.44292730093002,-2.47560453414917,0.35473304986954,-0.15872439742088,-0.2737729549408,7.90745782852173,9.53837776184082,10.4268083572388,2.6431987285614,1.08936178684235,0.20350714027882,15.114595413208,11.7124347686768,8.6095495223999,0.24234765768051,0.09054747968912,0.06604639440775,-0.90261405706406,-1.31202256679535,-1.24019646644592,0.1177117228508,0.19920445978642,0.37444046139717,8.48962497711182,6.43100166320801,3.76570987701416,1.1947066783905,1.00795888900757,0.98401689529419,-5.30555105209351,-7.5273699760437,-9.40681838989258,-0.16724652051926,-0.49268481135368,-0.6593986749649,0.94092124700546,1.14442837238312,1.14442837238312,FAN
-0.19920445978642,-0.06711166352034,0.06498113274574,10.4891262054443,10.262225151062,9.71840763092041,-0.22744916379452,0.16519992053509,1.21146607398987,4.12520933151245,0.49320554733276,-2.39899015426636,0.10226538777351,0.12144014984369,0.02663161233068,-0.36152446269989,-0.08379705995321,0.49081134796143,0.60826599597931,0.50972902774811,-0.01118527725339,0.81386202573776,-2.28392696380615,-5.18144607543945,1.06541979312897,0.76375031471252,0.76375031471252,-11.3556985855103,-13.9821376800537,-13.9821376800537,-0.57257962226868,-0.42663842439651,-0.72011876106262,-1.11569797992706,-0.76853877305984,0.59615623950958,-1.01253390312195,-1.12119078636169,-0.88576740026474,-11.926700592041,-13.8569602966309,-14.4039735794067,-0.78290396928787,-0.67277067899704,1.98000478744507,-3.69664740562439,11.856086730957,17.3771152496338,-0.94222640991211,-0.23915186524391,1.20002043247223,12.3756284713745,11.197681427002,1.53468334674835,0.07829693704844,0.1225054115057,-0.15606124699116,8.10453224182129,8.26378917694092,9.14849090576172,-2.56658411026001,-2.47081613540649,-1.10372698307037,20.8367366790771,15.907075881958,12.9286890029907,1.70655369758606,1.64530098438263,1.54250288009644,0.37828385829926,0.34715923666954,0.61291563510895,1.26500153541565,1.18297612667084,0.85167890787125,5.66081523895264,0.88044106960297,-1.40029013156891,1.28808057308197,1.07739078998566,1.07739078998566,-7.7763671875,-11.7052516937256,-11.7052516937256,-1.11959290504456,-0.83356940746307,-0.61572283506393,-2.31519293785095,-3.07894349098206,-2.80600428581238,FAN
0.07829693704844,0.1225054115057,-0.15606124699116,8.10453224182129,8.26378917694092,9.14849090576172,-2.56658411026001,-2.47081613540649,-1.10372698307037,20.8367366790771,15.907075881958,12.9286890029907,1.70655369758606,1.64530098438263,1.54250288009644,0.37828385829926,0.34715923666954,0.61291563510895,1.26500153541565,1.18297612667084,0.85167890787125,5.66081523895264,0.88044106960297,-1.40029013156891,1.28808057308197,1.07739078998566,1.07739078998566,-7.7763671875,-11.7052516937256,-11.7052516937256,-1.11959290504456,-0.83356940746307,-0.61572283506393,-2.31519293785095,-3.07894349098206,-2.80600428581238,-0.87724530696869,-0.36485308408737,-0.51292484998703,-11.255051612854,-12.8673295974731,-15.5661764144897,1.68551802635193,0.94092124700546,-5.93762016296387,-0.36152446269989,4.64714527130127,19.8527202606201,-1.44023752212524,-1.14782249927521,0.20346550643444,8.20971775054932,12.392388343811,6.5553240776062,0.45380264520645,0.59122174978256,0.46445530653,6.61316156387329,7.0339412689209,8.21958065032959,-2.782062292099,-4.09408473968506,-2.4396915435791,25.459939956665,20.0777759552002,17.6835746765137,1.28683948516846,1.361407995224,1.27086055278778,1.33117616176605,1.7405846118927,0.87867200374603,0.48096689581871,0.60666811466217,0.74461984634399,10.50670337677,9.92453670501709,8.93490600585938,-1.98000478744507,-1.98000478744507,0.49081134796143,3.0693666934967,3.0693666934967,-3.72537779808044,0.61359232664108,0.34514567255974,0.07084008306265,0.73741412162781,1.33117616176605,1.33117616176605,FAN
0.74461984634399,0.90227901935577,1.1084076166153,8.93490600585938,7.55911636352539,5.45308876037598,0.49081134796143,0.96246910095215,1.40539634227753,-3.72537779808044,-6.39970111846924,-8.78911399841309,0.07084008306265,-0.24873925745487,-0.47670584917068,1.33117616176605,0.84275901317596,0.14844051003456,0.40266996622086,-0.01118527725339,-0.41545313596725,-7.86431503295898,-10.4268083572388,-12.4902257919312,1.33596456050873,1.9943699836731,2.5091233253479,-12.0619878768921,-9.25119495391846,-5.01106405258179,-0.07137271761894,0.04207794740796,0.12676647305489,1.87226569652557,5.41807842254639,10.2591543197632,0.4932174384594,0.5949501991272,-0.35100463032722,-11.8478708267212,-4.77398252487183,-0.54115432500839,-5.43004941940308,1.20428347587585,4.85544109344482,28.5484619140625,23.7265396118164,23.5469741821289,0.5502091050148,0.2466087192297,0.04154531285167,7.42441940307617,5.93762016296387,3.27526783943176,0.70467245578766,-0.34727621078491,-0.3179814517498,8.76126766204834,9.37432765960693,9.22891902923584,0.11731588095427,0.73023152351379,-0.8164227604866,18.1552314758301,12.3061971664429,8.0924015045166,-0.07297061383724,-0.03834952041507,0.07563377916813,0.29688102006912,-0.55066639184952,-0.31842881441116,0.4580637216568,0.70840084552765,0.80267679691315,8.51785469055176,6.4986457824707,3.28154706954956,1.63763391971588,1.46525144577026,1.18512988090515,-6.09084892272949,-9.03571701049805,-11.8058090209961,0.43622580170631,0.50813114643097,0.524642765522,-1.18034148216248,-1.64960491657257,-0.84036481380463,FAN
0.05912217870355,0.4580637216568,0.70840084552765,9.37645816802978,8.51785469055176,6.4986457824707,1.70467162132263,1.63763391971588,1.46525144577026,-3.40216064453125,-6.09084892272949,-9.03571701049805,0.47777110338211,0.43622580170631,0.50813114643097,0.12928688526154,-1.18034148216248,-1.64960491657257,-0.05006742849946,-0.17736652493477,-0.24074976146221,-8.29947566986084,-9.94690704345703,-12.1445474624634,0.58179098367691,0.80205756425858,1.13245737552643,-10.2304239273071,-7.76439619064331,-4.18506479263306,-0.66632294654846,-0.55500280857086,-0.52624064683914,2.23379015922546,5.44202041625977,8.61433792114258,-1.17978036403656,-2.10496258735657,-2.85650658607483,-10.9258852005005,-3.97024059295654,1.85036432743073,-1.68551802635193,-1.06063139438629,-1.97761058807373,25.1295413970947,26.9084320068359,26.8078765869141,0.86872315406799,0.7536746263504,0.86020106077194,3.6846764087677,-0.92176765203476,-0.38307225704193,0.38615837693214,0.06764429062605,0.02929477207363,7.78122425079346,9.70882034301758,9.81960773468018,-4.39096593856812,-2.06619596481323,-1.32638776302338,17.8894748687744,14.4897089004517,11.4778032302856,1.57392823696136,1.56593871116638,1.54676401615143,-1.07978498935699,-0.71586632728577,-0.54587799310684,0.61945128440857,0.90387690067291,1.15900778770447,9.11014175415039,8.09387969970703,6.27547311782837,0.77332717180252,0.9911994934082,1.07978498935699,-1.16597628593445,-3.53623580932617,-7.12514448165894,0.81652522087097,0.46179214119911,0.11824435740709,1.60411512851715,0.88346040248871,0.01915361359715,FAN
0.50120693445206,0.61945128440857,0.90387690067291,9.47712516784668,9.11014175415039,8.09387969970703,0.26815059781075,0.77332717180252,0.9911994934082,1.45806884765625,-1.16597628593445,-3.53623580932617,1.13077819347382,0.81652522087097,0.46179214119911,1.45806884765625,1.60411512851715,0.88346040248871,0.73822826147079,0.61891865730286,0.42557314038277,-2.35743021965027,-5.62779235839844,-8.02676773071289,0.70389527082443,0.63685762882233,0.9433154463768,-15.1313543319702,-13.8648223876953,-12.3349275588989,-0.11025486886501,-0.76379460096359,-1.41999757289886,-1.02711248397827,3.55299520492554,4.28322696685791,0.11185276508331,-1.3869743347168,-2.23599004745483,-14.4455184936523,-10.1791343688965,-5.01846075057983,1.46285724639893,2.48757553100586,-0.16280572116375,15.263035774231,19.9556713104248,29.8054161071777,0.3275688290596,-0.02290318533778,0.1065264493227,8.11634349822998,5.72693061828613,2.0135235786438,0.36645096540451,0.35206991434097,0.96353167295456,5.75988483428955,7.76737594604492,9.48937606811523,-1.77170920372009,-0.85951840877533,-1.49877023696899,21.3490962982178,22.6419658660889,18.1432609558105,1.11586451530457,1.02425181865692,0.71798825263977,-0.43095630407333,-0.43095630407333,0.30885201692581,-0.04846953228116,-0.09853696078062,0.01065264455974,9.40308952331543,8.86619567871094,7.672034740448,0.57939678430557,0.83078801631927,1.62805712223053,-1.05344879627228,-3.59848523139954,-6.52898788452148,0.01012001186609,-0.29827404022217,-0.712661921978,1.11090958118439,0.79008656740189,0.73741412162781,FAN
0.01065264455974,0.06870955973864,-0.2226402759552,7.672034740448,5.73857975006104,2.79259085655212,1.62805712223053,1.94888019561768,1.35032975673676,-6.52898788452148,-10.6781396865845,-14.5160446166992,-0.712661921978,-1.23890256881714,-1.80242741107941,0.73741412162781,1.83635270595551,1.0989385843277,-0.63969129323959,-0.40320259332657,-0.19174760580063,-8.03475761413574,-9.22998428344727,-10.7266807556152,0.04788403213024,0.04788403213024,-0.00718260509893,-5.79157400131226,-5.79157400131226,0.68713587522507,-2.9752836227417,-3.00244784355164,-2.66156315803528,-1.23780226707459,-1.22822546958923,0.06943184882402,1.23570680618286,1.49243545532227,1.44449865818024,-14.1243410110474,-10.9578428268433,-5.78971242904663,-3.15555787086487,-2.96881008148193,-1.68312382698059,20.2405815124512,22.3929691314697,21.2652988433838,-0.76059883832932,-0.07510114461184,0.40426784753799,7.34062242507935,6.13394498825073,4.4723687171936,0.84209156036377,0.05326322466135,-0.44261738657951,5.95802402496338,7.7870831489563,9.27525806427002,-0.05985504388809,-0.05027823522687,-0.20111294090748,17.0012264251709,15.6221656799316,14.5256214141846,0.69188928604126,0.6077333688736,0.64981132745743,-0.01915361359715,-1.62087452411652,-2.29364514350891,-0.372309923172,-0.52197957038879,-0.60826599597931,9.4307861328125,8.8150634765625,7.31836700439453,0.67755907773972,0.88585460186005,0.79966336488724,-1.63763391971588,-4.44363832473755,-6.73010110855103,0.95607483386993,0.60080915689468,0.18961706757545,-1.04387199878693,-0.82599955797195,-0.82360535860062,FAN
-0.24607609212399,-0.372309923172,-0.52197957038879,9.35195636749268,9.4307861328125,8.8150634765625,0.35913026332855,0.67755907773972,0.88585460186005,1.65678763389587,-1.63763391971588,-4.44363832473755,1.11533188819885,0.95607483386993,0.60080915689468,-2.8467059135437,-1.04387199878693,-0.82599955797195,0.28921929001808,0.32330775260925,0.25939190387726,-0.29933932423592,-2.96569633483887,-5.43444681167603,0.69431847333908,1.52989482879639,1.90099620819092,-12.2391586303711,-12.5839242935181,-10.4674501419067,-0.48469531536102,-0.88097369670868,-1.37099540233612,-2.3247697353363,-1.91775560379028,-1.91775560379028,0.47191214561462,-0.04633900523186,-1.3997575044632,-15.2119760513306,-14.4881296157837,-9.93518924713135,0.62728083133698,0.14365209639072,-2.00873517990112,10.2160587310791,18.8016662597656,26.4439582824707,0.74621772766113,1.03224122524261,1.16380143165588,7.17063426971436,0.08140286058187,-1.7597382068634,-0.03728425502777,-0.4580637216568,0.47830373048782,8.59988021850586,9.52026844024658,9.63638210296631,-2.54024791717529,-0.91458505392075,-0.56981998682022,14.8727807998657,12.8209505081177,7.69017601013184,1.17764985561371,1.11533188819885,0.93903064727783,0.31124621629715,0.55545479059219,1.01514148712158,0.59122174978256,0.58536279201508,0.524642765522,7.2310152053833,4.60939931869507,0.53156697750092,1.14442837238312,1.33357036113739,1.98958158493042,-8.2719669342041,-11.3413333892822,-14.2000102996826,-0.06178534030914,-0.4261057972908,-0.69881349802017,1.64242231845856,0.66079968214035,0.23702596127987,FAN
0.66259449720383,0.59122174978256,0.58536279201508,8.50081062316895,7.2310152053833,4.60939931869507,0.46686932444572,1.14442837238312,1.33357036113739,-4.65911674499512,-8.2719669342041,-11.3413333892822,0.37497308850288,-0.06178534030914,-0.4261057972908,2.15717577934265,1.64242231845856,0.66079968214035,0.33342778682709,0.16564862430096,-0.02024002373219,-5.92766427993774,-7.05258321762085,-9.01586532592773,0.33518823981285,0.51235914230347,0.40462008118629,-11.8369331359863,-9.34456920623779,-6.42843151092529,-1.57392823696136,-1.83758115768433,-1.62878930568695,1.57299053668976,3.94803857803345,3.72058939933777,0.15712650120258,-0.6615292429924,-0.86872315406799,-13.4452352523804,-11.6811571121216,-8.10612964630127,1.21625447273254,-1.09415018558502,-4.49870491027832,17.2717704772949,24.7823810577393,29.6162757873535,0.31372037529945,0.52996909618378,0.77497988939285,9.17218685150146,4.13957452774048,0.71107792854309,0.48576059937477,0.25193503499031,0.20080235600471,5.99903678894043,7.30984449386597,8.87205505371094,-2.6934769153595,-1.13006317615509,0.62488663196564,19.7138576507568,17.5949878692627,14.3508453369141,0.16245283186436,0.19707392156124,0.2577939927578,-1.56101953983307,-1.56101953983307,-1.88184249401093,-0.16990968585014,0.07350324839354,-0.00159789668396,8.66858959197998,7.6374135017395,5.99158000946045,0.83557641506195,1.65918183326721,1.24259066581726,1.67354702949524,-4.79798030853271,-8.37012958526611,0.74035876989365,0.68123662471771,0.45113950967789,0.03591302409768,-0.09097966551781,-0.10055647045374,FAN
-0.90707266330719,-0.60240703821182,-0.16990968585014,9.64543724060059,9.48937606811523,8.66858959197998,-1.83874690532684,0.83557641506195,0.83557641506195,6.22253036499023,1.67354702949524,1.67354702949524,0.51399010419846,0.6013417840004,0.74035876989365,-0.21547815203667,0.13646949827671,0.03591302409768,-0.31851407885551,-0.11984225362539,0.37763625383377,0.49268481135368,-2.13478994369507,-7.44300270080566,1.58974993228912,2.14281058311462,0.7182605266571,-14.1569147109985,-14.662091255188,-10.6039190292358,-0.33822146058083,-0.41385525465012,-0.64022392034531,-0.55545479059219,-0.53869539499283,2.79403328895569,-0.22370553016663,-0.98803275823593,-1.29482889175415,-15.8276996612549,-12.2334966659546,-4.05546188354492,-0.22984336316586,-1.7597382068634,-2.14520478248596,14.5256214141846,24.3849449157715,33.7510604858398,0.44954159855843,0.39681100845337,0.23009711503983,6.48349809646606,4.88177728652954,2.42293214797974,1.50681662559509,0.90014845132828,0.18002969026566,7.97776556015015,9.84410858154297,9.48032093048096,-2.00873517990112,-0.641646027565,-0.05746084079146,22.5868988037109,15.389928817749,9.39005947113037,-0.46871635317802,-0.56245964765549,-0.67377978563309,-0.88585460186005,-1.09415018558502,-0.99838209152222,0.19707392156124,-0.02876213937998,-0.55127435922623,8.71972179412842,8.53649711608887,7.45738363265991,0.01915361359715,0.42377370595932,1.02711248397827,2.9664158821106,-6.72291851043701,-9.89523601531982,-0.07350324839354,-0.18695391714573,-0.45433530211449,-0.43095630407333,-0.0526724383235,-1.21625447273254,FAN
0.18002969026566,-0.20932446420193,-0.25353294610977,9.48032093048096,8.07363891601563,7.59640073776245,-0.05746084079146,0.51954174041748,0.14125789701939,9.39005947113037,7.44836139678955,6.17225217819214,-0.67377978563309,-0.68176925182343,-0.58909124135971,-0.99838209152222,-0.99838209152222,-1.28329205513,-0.55127435922623,-1.2671320438385,-1.28524160385132,7.45738363265991,2.06980872154236,-1.07964551448822,1.02711248397827,2.49954652786255,2.76769709587097,-9.89523601531982,-11.4299192428589,-12.717999458313,-0.45433530211449,-0.34141725301743,-0.19813919067383,-1.21625447273254,-1.21625447273254,-3.07894349098206,0.46871635317802,1.45834708213806,0.50333744287491,-12.9637355804443,-13.2305841445923,-9.03397560119629,1.55623114109039,1.22343707084656,-2.76530289649963,1.73819041252136,11.1928930282593,24.6291522979736,0.09747169911861,0.42717105150223,0.4708468914032,4.02465295791626,3.04781866073608,0.60573303699493,-0.8905611038208,-0.43356263637543,-0.30040457844734,4.71113204956055,7.23793935775757,9.16660022735596,-2.20266556739807,-3.04781866073608,-2.97359848022461,23.0274314880371,20.1017169952393,14.76025390625,1.12758243083954,1.14089822769165,1.21333622932434,-1.55623114109039,-0.87148940563202,-0.35194763541222,0.97951066493988,0.78616517782211,0.53689330816269,6.4778733253479,4.54388570785522,1.89350759983063,0.78050976991653,0.78050976991653,1.86508309841156,-7.80988597869873,-7.80988597869873,-13.254301071167,-0.21837921440601,-0.43675842881203,-0.30306774377823,2.15478157997131,-1.1947066783905,-0.19153612852097,FAN
-0.43356263637543,-0.30040457844734,0.27217507362366,7.23793935775757,9.16660022735596,9.4323844909668,-3.04781866073608,-2.97359848022461,-0.6224924325943,20.1017169952393,14.76025390625,6.48110389709473,1.14089822769165,1.21333622932434,1.12811505794525,-0.87148940563202,-0.35194763541222,0.88585460186005,0.78616517782211,0.53689330816269,0.08681905269623,4.54388570785522,1.89350759983063,-1.69110727310181,0.78050976991653,1.86508309841156,2.10210919380188,-7.80988597869873,-13.254301071167,-15.9573545455933,-0.43675842881203,-0.30306774377823,-0.5118595957756,-1.1947066783905,-0.19153612852097,1.94169759750366,-0.15393070876598,0.39947417378426,1.12278878688812,-15.5331535339355,-16.5952224731445,-14.5887966156006,-0.43574470281601,-1.29765737056732,-2.83712911605835,6.90966606140137,15.002067565918,26.5995807647705,-0.63756078481674,-0.4676510989666,-0.50067430734634,4.13957452774048,9.58398914337158,10.2328176498413,0.46978163719177,-0.17736652493477,-0.7664577960968,7.07495403289795,6.74738502502441,8.25420188903809,4.07253694534302,1.47243404388428,1.18034148216248,24.368185043335,19.0051727294922,14.0491752624512,-0.36165729165077,-0.3147856593132,-0.29507824778557,-0.95768070220947,-0.99838209152222,-1.00795888900757,-0.56991648674011,-0.42024683952332,-0.39361521601677,9.22305965423584,8.72238540649414,7.91544771194458,0.3208230137825,0.33997663855553,0.96965169906616,1.53228902816772,-1.68072962760925,-3.67988801002502,0.21837921440601,0.17736652493477,0.02769687585533,-0.19153612852097,-0.32800564169884,-0.73023152351379,FAN
-0.56991648674011,-0.42024683952332,-0.39361521601677,9.22305965423584,8.72238540649414,7.91544771194458,0.3208230137825,0.33997663855553,0.96965169906616,1.53228902816772,-1.68072962760925,-3.67988801002502,0.21837921440601,0.17736652493477,0.02769687585533,-0.19153612852097,-0.32800564169884,-0.73023152351379,0.13582122325897,0.23489081859589,0.496413230896,-2.09857106208801,-7.55645322799683,-9.71574401855469,1.66397023200989,1.98479318618774,1.55383694171906,-13.3213386535645,-9.63666152954102,-6.69897651672363,-0.06231797114015,-0.20985709130764,0.00958738010377,-0.87627780437469,1.44130945205688,4.78600931167603,-1.87060439586639,-3.01203513145447,-3.30711340904236,-8.0885534286499,-5.94524097442627,-0.216248691082,-3.38300704956055,-3.8690299987793,-3.62482142448425,25.5054302215576,26.6091575622559,31.0312480926514,0.81173151731491,0.88630002737045,1.07165598869324,-1.24259066581726,-5.03261184692383,-5.44920301437378,0.65034395456314,1.00134861469269,1.46367335319519,7.52982187271118,8.50453853607178,8.58709716796875,-3.54102420806885,-1.72861361503601,-1.26174426078796,17.1137542724609,14.0922708511353,11.3533048629761,1.86634337902069,1.68737888336182,1.43384599685669,-0.83557641506195,-0.06943184882402,0.75896191596985,1.14356136322021,0.98004329204559,0.89375686645508,7.86218452453613,6.31169176101685,3.69753289222717,0.6033388376236,1.20428347587585,1.81241071224213,-3.81396341323853,-7.06289482116699,-10.2016935348511,0.02237055450678,-0.2178465873003,-0.15925703942776,2.46842193603516,0.84036481380463,0.84036481380463,FAN
1.62079989910126,1.36993014812469,1.14356136322021,8.90081691741943,8.52584362030029,7.86218452453613,-1.16118776798248,-0.40940847992897,0.6033388376236,3.12922167778015,-0.45489832758904,-3.81396341323853,0.7792409658432,0.40160471200943,0.02237055450678,1.73340201377869,2.7317841053009,2.46842193603516,0.31531828641891,-0.06391586363316,-0.14487597346306,-3.34652829170227,-6.03099489212036,-8.01611518859863,3.79480957984924,3.79480957984924,2.85388851165771,-17.8080730438232,-17.8080730438232,-11.2551422119141,-0.372309923172,-0.48096689581871,-0.47191214561462,0.74699091911316,0.74699091911316,5.40371322631836,-1.39709436893463,-1.26819729804993,-1.92386758327484,-14.1680173873901,-11.247594833374,-3.85572481155396,-3.08612608909607,-1.23540806770325,0.98880529403687,15.8041257858276,24.5525379180908,32.582691192627,0.16618125140667,0.11345066130161,0.09267801046371,5.98789834976196,5.98789834976196,-0.4955997467041,0.26897928118706,0.29933932423592,0.5821670293808,6.88640213012695,7.95219898223877,9.35248947143555,-1.60411512851715,-1.24977326393127,-0.8164227604866,22.5485916137695,19.4337348937988,15.6820211410522,0.76432722806931,0.72331458330154,0.75207668542862,0.15322890877724,0.90021985769272,1.92972660064697,0.57364493608475,0.63756078481674,0.68656295537949,9.93785190582275,8.7346363067627,7.11969518661499,0.60573303699493,1.11569797992706,1.80762231349945,-1.90817880630493,-4.86262369155884,-8.61433792114258,0.32490566372871,-0.08628641813993,-0.48735848069191,3.62482142448425,3.4117374420166,1.96563959121704,FAN
0.68656295537949,0.71212929487228,0.68230187892914,7.11969518661499,4.48902463912964,1.13770246505737,1.80762231349945,1.49158763885498,0.80205756425858,-8.61433792114258,-11.6693391799927,-15.3492269515991,-0.48735848069191,-0.61998391151428,-0.6359629034996,1.96563959121704,0.88824880123138,0.95528650283813,-0.49907639622688,-0.64395236968994,-0.64448499679565,-11.318434715271,-14.1547012329102,-16.1808338165283,1.07739078998566,1.00556468963623,1.00556468963623,-9.66539192199707,-4.74530792236328,-4.74530792236328,-0.75687038898468,-0.62584286928177,-0.32543829083443,11.1809215545654,13.1226196289063,5.65749883651733,-0.09640643000603,-0.44741106033325,0.12463594228029,-5.96601343154907,-2.9795446395874,0.39627838134766,-5.11401462554932,-3.33272886276245,-3.33272886276245,31.1078624725342,26.8150596618652,26.8150596618652,-0.18002969026566,-0.1065264493227,0.19441075623035,5.34625244140625,3.27287364006042,2.14999318122864,0.65407240390778,0.94275903701782,0.7190535068512,10.1983089447021,10.53493309021,11.2209634780884,0.54108959436417,-1.98479318618774,-1.98479318618774,21.9548301696777,16.182409286499,16.182409286499,0.97152119874954,0.90494215488434,0.78296935558319,4.98712205886841,4.95360326766968,5.10443782806396,1.1685950756073,0.00958738010377,-0.41864892840385,6.70850276947021,0.69668292999268,-2.65570425987244,0.57700258493423,0.50996494293213,1.28568625450134,-10.7427825927734,-17.02516746521,-16.7713832855225,-0.43729105591774,-0.74994617700577,-1.05141603946686,1.50355863571167,1.50355863571167,3.77086758613586,FAN
-0.44634580612183,-0.16032229363918,-0.05273059010506,10.7479858398438,9.47872352600098,7.04778957366943,0.04309562966228,1.11569797992706,1.43412685394287,-1.55144274234772,-4.80516290664673,-8.7268648147583,-0.6934871673584,-0.80054622888565,0.12996226549149,1.09175598621368,1.09175598621368,0.28969839215279,0.03249056637287,0.12623383104801,0.00958738010377,-13.345100402832,-13.8702754974365,-13.9144840240479,-0.96007490158081,-0.33279404044151,0.48602294921875,-4.45082092285156,1.19949507713318,5.77242040634155,0.62051653862,0.40160471200943,0.1432780623436,9.2440128326416,10.405200958252,10.060435295105,-0.12463594228029,0.34780883789063,0.48629322648048,-8.31651973724365,-4.23655652999878,-0.75953358411789,0.23463176190853,0.34715923666954,-0.11971008777618,25.4934597015381,25.6730251312256,27.7104911804199,-0.33875408768654,-0.47297742962837,-0.48576059937477,9.81622695922852,8.0540943145752,6.63433313369751,0.01651159860194,0.06977482140064,0.05912217870355,9.59217357635498,11.0419988632202,11.3029880523682,0.52193599939346,0.25617957115173,-0.15322890877724,19.4457054138184,15.7801837921143,10.2400007247925,-0.16245283186436,-0.22636869549751,-0.13901701569557,4.04141235351563,3.7349545955658,2.14281058311462,-0.31744879484177,-0.28495824337006,-0.19494339823723,9.74397373199463,8.50400638580322,6.30902862548828,0.74220252037048,0.87867200374603,0.24420857429504,-3.06218385696411,-4.58968448638916,-7.06768321990967,-0.26205506920815,-0.58003652095795,-0.68496507406235,1.79086291790009,0.93373864889145,-0.26336219906807,FAN
-0.19494339823723,0.04900216311216,0.40107205510139,6.30902862548828,3.86318159103394,0.48096689581871,0.24420857429504,-0.63206923007965,0.26096799969673,-7.06768321990967,-10.8960123062134,-13.9318599700928,-0.68496507406235,-0.40799629688263,-0.11504855751991,-0.26336219906807,-1.73340201377869,-1.37427175045013,0.59335231781006,1.08017814159393,0.59441757202148,-13.4122123718262,-14.9866733551025,-15.7536630630493,-0.14844051003456,0.1268926858902,1.18512988090515,-3.01669406890869,1.50834703445435,5.20738887786865,0.89748531579971,0.65886604785919,0.50173956155777,14.1210012435913,13.5368165969849,6.37575912475586,-0.3467435836792,-0.21571604907513,0.01278317347169,-4.34201812744141,-5.23843812942505,-3.37901878356934,1.3407529592514,0.84275901317596,-2.53067111968994,23.8917388916016,19.5630226135254,25.0672912597656,-0.20293287932873,-0.34194988012314,-0.36325517296791,3.68946480751038,4.18745899200439,4.07971954345703,0.57630807161331,0.45966160297394,0.33981937170029,8.99882125854492,10.0901851654053,10.4071006774902,0.28490999341011,-0.22984336316586,-0.59615623950958,16.2039566040039,13.9581956863403,9.59356594085693,-0.41065946221352,-0.42876893281937,-0.37337517738342,4.7907977104187,3.16034626960754,2.3511061668396,0.31425300240517,0.2705771625042,-0.07723167538643,9.90003490447998,8.34634685516357,5.78119039535522,1.02471828460693,0.03112462162971,-0.64404028654099,-2.61207413673401,-5.43483781814575,-10.6302556991577,-0.32916671037674,-0.61146181821823,-0.524642765522,0.39983168244362,-0.04788403213024,-0.04788403213024,FAN
0.2705771625042,0.31425300240517,0.2705771625042,10.5589008331299,9.90003490447998,8.34634685516357,1.27610945701599,1.02471828460693,0.03112462162971,0.10055647045374,-2.61207413673401,-5.43483781814575,0.03834952041507,-0.32916671037674,-0.61146181821823,1.78368031978607,0.39983168244362,-0.04788403213024,-0.57737332582474,-0.93476957082748,-1.41041016578674,-9.29123687744141,-11.5245637893677,-13.1160688400269,2.45645093917847,0.59376204013824,-0.66319388151169,-12.2319765090942,-7.161057472229,-2.90416669845581,-0.50173956155777,-1.20747721195221,-1.73478317260742,8.44434928894043,11.7028579711914,10.6470146179199,0.49161955714226,0.33768883347511,-0.17417073249817,-10.5429220199585,-7.12768459320068,-2.52148103713989,-2.31998133659363,-0.76853877305984,-0.91697925329208,24.3993091583252,25.0050430297852,23.9468059539795,-0.16831178963184,-0.51292484998703,-0.50493532419205,6.47870969772339,3.45962142944336,1.30483996868134,0.38775625824928,0.30466562509537,0.50600063800812,4.36545372009277,7.08773708343506,8.79855155944824,0.17717093229294,0.34715923666954,0.22026655077934,22.0745391845703,21.222204208374,18.6197071075439,-0.19654129445553,-0.25086978077888,-0.1416801661253,4.57771348953247,4.48433971405029,3.33272886276245,-0.07936219871044,-0.30573090910912,-0.55766594409943,10.0651512145996,9.58205413818359,8.92212200164795,1.06302559375763,0.84036481380463,0.84036481380463,2.61686253547669,-0.22026655077934,-0.22026655077934,0.20186761021614,0.2338255494833,0.10173275321722,0.61530983448029,0.01197100803256,0.61530983448029,FAN
-1.44769442081451,-1.65968203544617,-1.29536151885986,6.49545001983643,4.01125335693359,0.58909124135971,-1.08696758747101,-0.67277067899704,2.11408019065857,-9.78270816802978,-10.6182842254639,-10.3788642883301,-0.66525763273239,-0.9076052904129,-1.01839280128479,0.83078801631927,1.41497325897217,1.09654438495636,0.08468852192163,0.56032907962799,1.05141603946686,-12.2414865493774,-14.330470085144,-15.7099876403809,-0.33279404044151,-1.06302559375763,-0.1508347094059,-0.78769236803055,3.89297199249268,8.9471321105957,-0.99868541955948,-0.48948901891708,0.32916671037674,9.37808799743652,10.596736907959,6.27520275115967,-1.04981815814972,-1.02957808971405,-0.75473988056183,-0.60080915689468,0.78456729650497,-0.84155893325806,-0.55545479059219,-1.23540806770325,-0.98641109466553,26.0225791931152,25.5581035614014,26.9922294616699,-0.10918960720301,-0.08788431435823,-0.02929477207363,0.75417351722717,2.60728573799133,3.0550012588501,1.19575929641724,1.2287825345993,0.93104112148285,9.49896335601807,8.97751617431641,8.70800399780273,0.03112462162971,0.18674772977829,-0.5243301987648,13.8528509140015,8.99262142181396,5.18344688415527,0.05379585549235,0.29720878601074,0.37603834271431,1.92254400253296,2.12605118751526,2.12605118751526,-0.91026848554611,-0.74941354990005,-0.53263223171234,5.30927801132202,1.37898480892181,-3.52496004104614,0.58418524265289,1.43652105331421,2.97838687896729,-8.09000778198242,-8.60236644744873,-8.83221054077148,-0.32224249839783,0.29454562067986,0.3691141307354,-0.98880529403687,-0.07900865375996,1.34793555736542,FAN
0.49747851490974,0.18801917135715,-0.07723167538643,8.95088481903076,9.11120700836182,8.71705913543701,-1.28808057308197,-1.06302559375763,-1.06302559375763,2.60249733924866,0.65361708402634,0.65361708402634,-0.17949706315994,-0.49588060379028,-0.55713331699371,2.67192912101746,1.33596456050873,-0.0526724383235,-0.66312712430954,-0.18855181336403,0.64768075942993,-7.60758590698242,-11.3306856155396,-12.0635871887207,3.3423056602478,0.82360535860062,0.41898530721664,-7.78354978561401,-1.81480491161346,1.48919343948364,0.3499393761158,0.07190535217524,-0.36325517296791,4.56334829330444,8.36773490905762,8.61912631988525,1.64103984832764,-0.57098174095154,-2.14331197738647,-9.29549789428711,-6.17001152038574,-1.01146864891052,1.95606279373169,3.22020125389099,2.11168599128723,20.041862487793,18.2557888031006,24.7775936126709,0.14221280813217,-0.07989483326674,-0.13262543082237,5.74847841262817,1.12766897678375,1.37906014919281,-1.49616396427155,-0.78936094045639,-0.15872439742088,4.95507764816284,7.7993335723877,9.00255012512207,-3.94085597991943,-2.17393517494202,-0.87148940563202,23.3554382324219,22.2038269042969,18.7035045623779,0.37603834271431,0.48416268825531,0.66951870918274,4.01028776168823,2.88980150222778,1.54904854297638,0.07510114461184,-0.1177117228508,-0.08309062570333,8.38522911071777,7.93142652511597,7.1532506942749,0.35913026332855,1.36230075359344,1.06781399250031,5.12837982177734,1.13245737552643,-0.28730419278145,0.3691141307354,0.11877698451281,0.02024002373219,0.31364041566849,-0.15322890877724,-1.35511815547943,FAN
0.07510114461184,-0.1177117228508,-0.08309062570333,8.38522911071777,7.93142652511597,7.1532506942749,0.35913026332855,1.36230075359344,1.06781399250031,5.12837982177734,1.13245737552643,-0.28730419278145,0.3691141307354,0.11877698451281,0.02024002373219,0.31364041566849,-0.15322890877724,-1.35511815547943,0.73556512594223,0.6657902598381,0.62903863191605,-6.07946443557739,-8.65261077880859,-9.78285598754883,0.03112462162971,0.60573303699493,0.45489832758904,-9.82101535797119,-7.41005420684814,-4.52743530273438,0.82877576351166,0.78296935558319,0.73822826147079,-2.62883353233337,7.2999210357666,7.81228017807007,-0.20879183709621,-1.23410892486572,-1.45089018344879,-9.70349407196045,-6.9188928604126,-4.44907712936401,1.32878196239471,-0.98641109466553,-2.65038132667542,16.3212738037109,16.8863048553467,20.6930847167969,0.03994741663337,-0.26578348875046,-0.11824435740709,12.1338138580322,10.0867719650269,7.55610036849976,-0.64075654745102,-0.20186761021614,-0.01970739290118,5.13084602355957,7.63421773910522,8.02303886413574,-1.43891525268555,-1.7405846118927,-1.99915838241577,23.4966945648193,21.3921928405762,15.1529026031494,0.2242381721735,0.32224249839783,0.45007422566414,5.32949304580688,3.95043277740479,2.48518133163452,0.22157500684261,-0.01597896590829,-0.25193503499031,8.69735145568848,8.27444171905518,7.77536535263062,0.91219085454941,1.08217918872833,1.00317049026489,1.99915838241577,-0.5147533416748,-2.48039293289185,0.62531024217606,0.07403588294983,-0.2370213419199,-0.28012159466743,-0.9528923034668,-1.63523972034454,FAN
0.37017938494682,0.22157500684261,-0.01597896590829,9.13091468811035,8.69735145568848,8.27444171905518,0.62009823322296,0.91219085454941,1.08217918872833,4.90093088150024,1.99915838241577,-0.5147533416748,0.680703997612,0.62531024217606,0.07403588294983,0.44771572947502,-0.28012159466743,-0.9528923034668,0.92837798595428,0.98643487691879,0.77125144004822,-1.96328234672546,-6.83633470535278,-9.9399824142456,1.28329205513,0.71347212791443,0.60094463825226,-9.59356594085693,-9.36132907867432,-8.17380428314209,0.61146181821823,0.86446207761765,0.6657902598381,-3.97916316986084,0.55306059122086,10.0843772888184,-0.50653326511383,-0.90387690067291,-2.71216320991516,-14.3144912719727,-9.10641288757324,-1.64263784885406,-3.28963303565979,-2.66714072227478,-1.05823719501495,19.0626335144043,22.2445278167725,23.6930198669434,0.09906959533691,-0.46019423007965,0.06231797114015,9.28950214385986,7.14669227600098,6.45955610275269,0.81918835639954,1.44822704792023,1.72040212154388,7.48987436294556,9.01586532592773,9.83239078521728,-0.32321724295616,-0.50278234481812,-1.05584299564362,19.2206516265869,15.4593601226807,10.4506902694702,0.19813919067383,0.13582122325897,0.08309062570333,5.06613063812256,4.30477476119995,3.65355181694031,0.14114753901958,-0.09693906456232,-0.47990164160728,9.00734329223633,8.32876968383789,7.34340047836304,0.1723825186491,0.73741412162781,0.70389527082443,0.14365209639072,-1.87465989589691,-6.01902294158936,-0.08948221802711,-0.25672873854637,-0.54701328277588,-2.80361008644104,-2.31519293785095,-1.19231247901917,FAN
-0.25832661986351,-0.08575379103422,0.01384843792766,10.8108367919922,10.8561096191406,9.8536958694458,0.3256114423275,0.3256114423275,-0.02633621916175,2.29843354225159,2.29843354225159,-3.16274046897888,0.88949584960938,0.76752305030823,0.40799629688263,1.48201084136963,0.51954174041748,0.51954174041748,1.24103307723999,1.14196348190308,0.61891865730286,-3.31030941009521,-6.16202211380005,-8.64675140380859,2.88980150222778,1.30723416805267,0.01436521019787,-14.3053550720215,-15.2462768554688,-14.3388738632202,-0.47351005673409,-0.38775625824928,-0.03355583176017,-2.27927994728088,-0.02873042039573,4.78122091293335,-2.94279313087463,-3.02535104751587,-1.52599132061005,-15.827166557312,-14.9115715026855,-13.6955728530884,0.3208230137825,0.56742578744888,-5.35822343826294,5.22654247283936,16.5535106658936,32.3911552429199,-0.91985583305359,-1.09296131134033,-0.45327001810074,15.10023021698,13.6062479019165,8.00381660461426,0.54168695211411,0.10705907642841,0.01331580616534,5.30341911315918,5.53138589859009,8.09920597076416,0.44532153010368,-2.15956997871399,-1.76692080497742,25.9172325134277,22.3211421966553,19.0530567169189,1.17019295692444,1.33211314678192,1.32465636730194,3.14837527275085,3.16274046897888,2.45166254043579,0.16085493564606,0.41438788175583,0.82824313640594,10.7847375869751,11.3125762939453,10.6872653961182,-0.90261405706406,-0.29927521944046,0.05506663769484,5.71735382080078,3.15555787086487,0.37110126018524,0.83090627193451,0.46818372607231,0.07350324839354,2.88740730285645,2.44687414169312,1.84353530406952,FAN
0.41438788175583,0.82824313640594,1.18563938140869,11.3125762939453,10.6872653961182,8.60680389404297,-0.29927521944046,0.05506663769484,-0.31364041566849,3.15555787086487,0.37110126018524,-2.44447994232178,0.46818372607231,0.07350324839354,-0.29294773936272,2.44687414169312,1.84353530406952,-0.05985504388809,1.32146060466766,0.92997586727142,0.58110177516937,-2.58486413955688,-5.66827201843262,-8.64675140380859,1.55144274234772,1.1372457742691,0.70389527082443,-15.8855285644531,-14.6333608627319,-11.6238489151001,0.05752427875996,0.3787015080452,0.66206187009811,-2.89937829971313,-0.84275901317596,4.2951979637146,-0.85807049274445,-1.25914263725281,-1.7555558681488,-16.6197242736816,-17.0128059387207,-14.2170190811157,1.26653265953064,0.79248076677322,-2.26730895042419,5.80833339691162,15.1217775344849,26.8102703094482,1.19629204273224,0.96726012229919,0.74035876989365,15.3827457427979,11.4418897628784,7.34062242507935,-0.03195793181658,0.24234765768051,0.7920241355896,4.96839332580566,8.07789993286133,9.85156536102295,-4.63517427444458,-2.69826531410217,-0.5243301987648,22.3067779541016,20.5614032745361,19.1607971191406,0.77391463518143,0.62104916572571,0.57151436805725,5.54018259048462,5.53539419174194,4.36223554611206,1.31187319755554,0.93690007925034,0.5949501991272,10.1386547088623,8.98603820800781,7.6454029083252,-0.45489832758904,0.47884035110474,1.17315888404846,-0.47884035110474,-3.50271701812744,-5.43723201751709,0.30466562509537,-0.09853696078062,-0.53369748592377,2.36307716369629,2.36068296432495,1.41976165771484,FAN
1.57019984722137,1.31187319755554,0.93690007925034,10.8609037399292,10.1386547088623,8.98603820800781,-1.24977326393127,-0.45489832758904,0.47884035110474,3.14119267463684,-0.47884035110474,-3.50271701812744,0.55127435922623,0.30466562509537,-0.09853696078062,2.27688574790955,2.36307716369629,2.36068296432495,0.76272934675217,0.37124466896057,-0.36218991875648,0.26365295052528,-2.51508927345276,-5.50635194778442,0.31364041566849,0.24899697303772,0.39504328370094,-11.6597623825073,-14.7889842987061,-14.8991174697876,-0.81439465284348,-0.86925578117371,-1.02478444576263,-1.01992988586426,2.48278713226318,9.57441234588623,-0.35526570677757,1.07911288738251,1.36886477470398,-16.8263854980469,-12.2073984146118,-4.84588813781738,-3.79959797859192,-4.82192230224609,-4.53222370147705,27.7296447753906,32.5515670776367,32.3049621582031,-0.75953358411789,-0.54488277435303,-0.34301516413689,11.4371013641357,9.05008220672607,4.43884992599487,0.08894958347082,-0.87724530696869,-0.9012137055397,7.96072149276733,10.2361259460449,11.8025979995728,-1.02711248397827,1.52750062942505,2.03746557235718,18.397045135498,15.8496150970459,12.5839242935181,0.37177729606628,0.25885927677155,0.22796659171581,2.69826531410217,2.28885674476624,1.45567464828491,0.28069719672203,0.65087658166885,1.05194866657257,9.45901584625244,8.21425437927246,6.03951692581177,-0.62728083133698,0.41659110784531,1.37906014919281,-0.37588965892792,-2.53785371780396,-5.18344688415527,-0.12676647305489,-0.20932446420193,-0.06711166352034,1.17076468467712,-0.4955997467041,-2.34871196746826,FAN
-0.44687843322754,-0.19813919067383,-0.02769687585533,11.9629201889038,10.7229518890381,9.88299083709717,0.75177931785583,-1.11569797992706,-1.44130945205688,9.15063858032227,5.15950489044189,1.98000478744507,0.22690132260323,0.19920445978642,0.05379585549235,1.21625447273254,1.59214413166046,2.02549457550049,1.36886477470398,1.35661423206329,0.92464953660965,2.69032549858093,-0.88150632381439,-3.73108863830566,1.46046304702759,1.29526317119598,0.48841714859009,-8.22887134552002,-12.5504055023193,-14.5232276916504,0.1225054115057,0.31744879484177,0.38775625824928,-2.08774399757385,-0.71586632728577,2.35828876495361,-1.85302746295929,-1.78644847869873,-0.92411690950394,-14.0476427078247,-14.5621652603149,-10.7368001937866,-0.00718260509893,0.60812723636627,-6.85699367523193,1.17076468467712,8.48983955383301,25.0936279296875,-0.556600689888,-0.12942963838577,0.28442561626434,10.2711248397827,6.72531270980835,7.67820501327515,-0.25246766209602,-0.21518342196941,0.19174760580063,3.01096987724304,4.21099042892456,6.59345436096191,-3.42131423950195,-1.95366859436035,0.15801730751991,27.8709011077881,26.6019744873047,22.4456405639648,-0.25832661986351,-0.12357068061829,0.16032229363918,4.29759216308594,3.80199241638184,2.88261890411377,0.02024002373219,-0.09214537590742,-0.10333064943552,10.0821952819824,9.58258628845215,9.03344249725342,1.07260239124298,1.60172092914581,1.58017313480377,6.40688371658325,3.55538964271545,1.24019646644592,0.65247446298599,0.51239222288132,0.39787626266479,0.88346040248871,1.07499659061432,0.2537853717804,FAN
-0.09214537590742,-0.10333064943552,-0.02663161233068,9.58258628845215,9.03344249725342,8.21372127532959,1.60172092914581,1.58017313480377,1.12048637866974,3.55538964271545,1.24019646644592,-0.81402856111526,0.51239222288132,0.39787626266479,0.2402171343565,1.07499659061432,0.2537853717804,-1.25456166267395,0.65620291233063,0.59974390268326,0.38296258449554,-3.82856035232544,-7.4057183265686,-9.35089111328125,0.61770403385162,0.28490999341011,0.9911994934082,-10.6206789016724,-9.41400146484375,-7.17302846908569,0.7600662112236,0.57897120714188,-0.14274543523788,-0.56263738870621,1.45567464828491,5.51863479614258,-0.69561767578125,-1.00507700443268,-0.92731273174286,-11.7120504379272,-8.86513042449951,-5.83498620986938,-2.10210919380188,-1.98000478744507,-0.21308395266533,18.732234954834,22.7520980834961,26.0417327880859,0.22636869549751,-0.17044231295586,-0.448476344347,9.03332328796387,8.04451751708984,6.03817653656006,0.09001484513283,0.14221280813217,0.58802598714828,4.85973644256592,6.07307243347168,7.76151704788208,-1.64721071720123,0.06224924325943,0.66319388151169,22.8047714233398,21.0186958312988,17.3316268920898,-0.02609897963703,0.04207794740796,0.16564862430096,5.03261184692383,5.03261184692383,4.40533113479614,0.05699164792895,0.00106526445597,0.02290318533778,10.9919309616089,10.8188257217407,10.2350606918335,0.11252748221159,0.37349545955658,0.65840548276901,3.45004463195801,1.03908348083496,-1.22822546958923,0.2498045116663,0.26525086164474,0.32969933748245,2.20027136802673,1.76931500434875,0.87388360500336,FAN
0.02290318533778,0.1384843736887,0.16884441673756,10.2350606918335,9.25608253479004,7.58734607696533,0.65840548276901,0.58657944202423,0.14365209639072,-1.22822546958923,-3.31836366653442,-6.23450136184692,0.32969933748245,0.2242381721735,-0.02716424316168,0.87388360500336,0.87388360500336,-1.82917010784149,-0.16671389341354,-0.29561087489128,-0.69188928604126,-7.24006986618042,-10.8300113677979,-13.5128793716431,1.24259066581726,1.01992988586426,1.01992988586426,-11.0300874710083,-9.43315505981445,-9.43315505981445,-0.63756078481674,-0.6679208278656,-0.84795051813126,2.96402168273926,7.9846625328064,14.0348100662231,1.0231865644455,2.33239650726318,0.90014845132828,-13.5341844558716,-8.78257274627686,-2.72974014282227,-2.82994651794434,-3.62721562385559,1.71424841880798,26.5900039672852,31.4981174468994,27.1167278289795,0.36858150362968,0.11877698451281,-0.33609092235565,11.128249168396,9.61032581329346,4.52504110336304,-0.22317290306091,-0.71798825263977,-0.65087658166885,5.68478393554688,8.02836513519287,9.55435657501221,-0.14844051003456,1.2258312702179,0.23942017555237,16.95094871521,16.2039566040039,13.1058597564697,-0.58696073293686,-0.47830373048782,-0.25885927677155,3.59848523139954,2.44208574295044,1.29047477245331,0.30146983265877,0.32650354504585,0.1225054115057,9.39137172698975,6.53166913986206,4.17636919021606,0.19153612852097,0.57700258493423,0.22984336316586,-0.62967503070831,-3.15316367149353,-8.43956089019775,0.16032229363918,0.12357068061829,0.01917476020753,-1.17315888404846,-1.52031803131104,-2.47321033477783,FAN
-0.1288969963789,0.07243798673153,0.30146983265877,10.2084293365479,9.7876501083374,9.39137172698975,-1.39821374416351,-0.56263738870621,0.19153612852097,5.16429328918457,1.81480491161346,-0.62967503070831,0.10120012611151,0.13262543082237,0.16032229363918,1.02471828460693,-0.14365209639072,-1.17315888404846,-0.50227218866348,-0.59335231781006,-0.50706589221954,-1.92333495616913,-5.73378610610962,-8.8480863571167,1.27371525764465,1.37666594982147,1.61129772663116,-12.1936693191528,-10.1490211486816,-7.65426301956177,-0.19760656356812,-0.45113950967789,-0.38456046581268,-1.45328044891357,2.77487969398499,4.96796846389771,-0.14487597346306,-0.66685557365417,-0.58536279201508,-13.192234992981,-10.926417350769,-6.62647771835327,-0.90261405706406,-1.31920516490936,-1.11330378055573,16.895881652832,23.1399593353271,27.2460155487061,-0.44155210256577,-0.48735848069191,-0.57471019029617,8.51378154754639,5.11162042617798,5.11162042617798,0.66951870918274,0.47617322206497,0.24873925745487,7.74180936813354,9.62200164794922,9.93891716003418,0.57939678430557,0.72304892539978,0.18674772977829,19.5917530059814,15.5623111724854,11.6813097000122,-0.45966160297394,-0.34780883789063,-0.28229507803917,3.08133769035339,2.29603934288025,2.40617275238037,-0.35686358809471,-0.42770367860794,-0.38722363114357,8.73996257781982,6.56735515594482,3.64906334877014,1.32399356365204,1.16597628593445,0.72304892539978,-3.74453139305115,-6.03099393844604,-7.161057472229,-0.324373036623,-0.43942159414291,-0.28282770514488,-0.48602294921875,-0.48602294921875,-3.79720377922058,FAN
-0.15552860498428,-0.37390783429146,-0.40906155109406,9.8883171081543,10.0608901977539,10.1546335220337,-0.50278234481812,-0.40940847992897,0.5147533416748,7.54891777038574,4.79798030853271,2.16435837745667,-0.08841694891453,-0.01171790901572,-0.1209075152874,0.11013327538967,0.50757074356079,0.93613284826279,0.05752427875996,0.41332259774208,0.28762140870094,0.47137951850891,-2.5774073600769,-5.43444681167603,0.64882868528366,0.64882868528366,0.82599955797195,-8.04691219329834,-8.04691219329834,-11.0971250534058,0.06764429062605,0.28708878159523,0.34088462591171,-4.19942998886108,-2.20984816551209,0.98401689529419,-0.58696073293686,-0.92145377397537,-0.94488954544067,-13.1746578216553,-13.9975748062134,-14.5424575805664,-0.51714754104614,-0.45729252696037,-1.76213240623474,1.77170920372009,7.79791498184204,18.7442054748535,-0.01810949668288,0.04207794740796,0.11877698451281,15.0667114257813,11.8824234008789,8.27914905548096,-0.45699843764305,-0.01544633507729,0.11078750342131,1.95316243171692,2.17686796188354,5.04029893875122,-1.44130945205688,-2.54982471466064,-2.5091233253479,25.823860168457,27.0664501190186,23.2764282226563,-0.35047200322151,-0.01331580616534,0.30892670154572,3.95522117614746,2.53545951843262,2.17154097557068,0.04793690145016,0.10705907642841,0.13795174658298,8.65633869171143,8.42411136627197,8.0496711730957,0.2537853717804,0.28490999341011,0.59136784076691,5.42047262191772,2.88740730285645,0.75417351722717,1.07858026027679,1.00401175022125,0.76219671964645,-0.32800564169884,0.10295066982508,0.06703764945269,FAN
0.04793690145016,0.10705907642841,0.13795174658298,8.65633869171143,8.42411136627197,8.0496711730957,0.2537853717804,0.28490999341011,0.59136784076691,5.42047262191772,2.88740730285645,0.75417351722717,1.07858026027679,1.00401175022125,0.76219671964645,-0.32800564169884,0.10295066982508,0.06703764945269,-0.56512278318405,-0.72118401527405,-0.56352490186691,1.51906716823578,-2.8852686882019,-6.60250902175903,-0.35194763541222,1.24019646644592,1.87465989589691,-10.6853218078613,-10.0436763763428,-8.61194324493408,-0.82504731416702,-1.01093602180481,-0.76379460096359,-2.23857855796814,-1.06302559375763,1.64002811908722,0.68336713314056,0.58749336004257,0.57364493608475,-13.9432468414307,-10.9306783676147,-7.28374576568604,0.98641109466553,1.49158763885498,-2.24097275733948,3.02148246765137,16.0219974517822,25.239673614502,-0.13262543082237,-0.21145498752594,-0.16405072808266,6.08606052398682,3.1890766620636,2.77727389335632,1.31560158729553,0.54967647790909,-0.26525086164474,1.83758115768433,3.7630467414856,5.21606731414795,4.20421838760376,3.9767689704895,2.06619596481323,24.9691295623779,21.5909118652344,17.9589061737061,-0.75154405832291,-0.93743270635605,-1.04981815814972,1.35511815547943,1.49637603759766,0.70868372917175,-1.05780756473541,-1.30175316333771,-1.38750696182251,8.10186862945557,7.92077398300171,7.5223650932312,-0.82121115922928,-0.44053310155869,0.28730419278145,4.15393972396851,1.51313543319702,0.23223756253719,-0.3275688290596,-0.08948221802711,0.01171790901572,-2.34871196746826,-2.1475989818573,-1.93690919876099,FAN
-1.05780756473541,-1.30175316333771,-1.38750696182251,8.10186862945557,7.92077398300171,7.5223650932312,-0.82121115922928,-0.44053310155869,0.28730419278145,4.15393972396851,1.51313543319702,0.23223756253719,-0.3275688290596,-0.08948221802711,0.01171790901572,-2.34871196746826,-2.1475989818573,-1.93690919876099,-0.87032103538513,-0.53689330816269,-0.39574575424194,2.68340110778809,-1.23251092433929,-5.61394357681274,1.53228902816772,1.47243404388428,2.26970314979553,-8.48983955383301,-10.4267482757568,-8.98543930053711,-0.33609092235565,-0.45753109455109,-0.65407240390778,-2.41096115112305,-0.95528650283813,1.10372698307037,1.27512156963348,0.79681783914566,-0.41545313596725,-14.7427272796631,-10.4619617462158,-3.1169638633728,-0.83797061443329,-0.6703764796257,-0.02154781483114,1.17076468467712,20.7289981842041,25.0601100921631,0.5374259352684,0.24554345011711,0.03728425502777,9.10993766784668,4.89135408401489,-0.17477671802044,-0.13262543082237,0.09747169911861,0.47351005673409,5.2959623336792,7.90532732009888,9.52186679840088,-0.73980832099915,-0.0981622710824,-0.42616790533066,20.2812824249268,19.6659736633301,15.8735570907593,0.51718586683273,0.41225734353065,0.29401299357414,1.07978498935699,0.87388360500336,0.37588965892792,0.34834146499634,0.03568635880947,-0.27590349316597,8.20626449584961,7.35085725784302,6.23552560806274,0.22026655077934,0.45729252696037,0.81402856111526,-1.01992988586426,-3.64397501945496,-6.17943477630615,-0.11664646118879,-0.43782368302345,-0.79468727111816,-0.35194763541222,0.46926352381706,-0.11731588095427,FAN
0.03568635880947,-0.27590349316597,-0.5629922747612,7.35085725784302,6.23552560806274,4.68929433822632,0.45729252696037,0.81402856111526,1.11090958118439,-3.64397501945496,-6.17943477630615,-8.42519569396973,-0.43782368302345,-0.79468727111816,-1.12651717662811,0.46926352381706,-0.11731588095427,-0.30406361818314,-0.76858830451965,-0.8586031794548,-0.87191897630692,-5.96974182128906,-8.84009742736816,-11.2087125778198,2.74375510215759,2.99993467330933,2.01831197738647,-9.91438961029053,-7.17542266845703,-2.63122773170471,-1.39869225025177,-1.44929230213165,-1.06899285316467,3.69185900688171,5.72453641891479,8.60476112365723,1.19096565246582,-0.07616640627384,-0.6295713186264,-7.97030878067017,1.3401026725769,4.02297115325928,-4.76685571670532,-0.18914192914963,0.83557641506195,23.5014839172363,23.2333335876465,24.3011474609375,0.34194988012314,0.00213052891195,-0.00639158673584,3.13401007652283,1.25216746330261,1.32878196239471,0.23755396902561,0.04527373984456,0.28868666291237,8.04647541046143,8.87258720397949,7.9245023727417,-1.32638776302338,-0.69671267271042,-0.60812723636627,16.3835220336914,14.7387056350708,12.3468980789185,-0.06072007492185,-0.13315805792809,-0.12197277694941,0.91697925329208,0.72544312477112,0.29209262132645,-0.24447819590569,-0.34514567255974,-0.44687843322754,8.27870273590088,8.0683126449585,5.2139368057251,0.61052143573761,0.61052143573761,1.05344879627228,-0.53630119562149,-0.53630119562149,-9.07402420043945,-0.46978163719177,-0.75154405832291,-0.9997506737709,-0.16041150689125,-1.97761058807373,-2.80839848518372,FAN
0.4420847594738,0.06125270575285,-0.24447819590569,7.53994178771973,7.92183923721313,8.27870273590088,-0.48362874984741,-0.07182604819536,0.61052143573761,4.43166732788086,1.56101953983307,-0.53630119562149,0.02183792181313,-0.19547602534294,-0.46978163719177,-0.34715923666954,0.2777273952961,-0.16041150689125,-0.80533993244171,-0.75101143121719,-0.45646581053734,-2.38885545730591,-5.690110206604,-11.1059141159058,2.32237553596497,3.31357526779175,2.27449154853821,-11.650185585022,-9.78510189056396,-1.79325711727142,-1.44449865818024,-1.29110050201416,-1.15474665164948,1.30244576931,2.3319525718689,4.93205547332764,1.85302746295929,0.43089947104454,0.05006742849946,-10.1434478759766,-3.96278381347656,1.84290754795074,-4.91529607772827,-4.11802673339844,-2.64798712730408,21.1862907409668,19.2924766540527,22.2804412841797,-0.14114753901958,-0.3435477912426,-0.22317290306091,4.5920786857605,3.18668246269226,1.8674772977829,-0.20293287932873,0.51878380775452,0.95873802900314,8.09973812103271,8.03742027282715,8.18336200714111,0.48602294921875,-2.16914677619934,-0.95528650283813,16.7378635406494,12.2056398391724,8.10676670074463,0.09853696078062,0.24607609212399,0.50493532419205,0.58418524265289,-0.11492168158293,-1.28089785575867,-0.14966966211796,-0.41278997063637,-0.50067430734634,5.26986312866211,3.16916179656982,0.67324715852737,0.19393034279346,0.07900865375996,0.58179098367691,-7.13711547851563,-8.68616390228271,-10.0795888900757,-0.19014970958233,-0.49108690023422,-0.71479243040085,-1.55623114109039,-2.23857855796814,-1.78128612041473,FAN
0.95873802900314,1.04289388656616,0.90547478199005,8.18336200714111,8.45074272155762,8.44861221313477,-0.95528650283813,0.01675941236317,0.4764461517334,8.10676670074463,4.12042093276978,0.91219085454941,0.50493532419205,0.52677327394485,0.39627838134766,-1.28089785575867,-1.1372457742691,-0.54827219247818,-0.50067430734634,-0.52783852815628,-0.80800306797028,0.67324715852737,-2.02773094177246,-5.0866379737854,0.58179098367691,0.58179098367691,2.08056116104126,-10.0795888900757,-10.0795888900757,-11.1904983520508,-0.71479243040085,-0.83303678035736,-0.99069595336914,-1.78128612041473,-0.20829555392265,3.14837527275085,-1.75715374946594,-1.1685950756073,-0.36218991875648,-14.980281829834,-14.772554397583,-11.9027328491211,-0.81163436174393,-3.51947641372681,-5.82748699188232,6.74446630477905,14.7243404388428,23.3578319549561,-0.19174760580063,-0.22690132260323,-0.28442561626434,8.32703304290771,10.7619361877441,8.64785671234131,1.06526446342468,0.95287907123566,0.44421526789665,2.75157809257507,3.83282160758972,4.91299962997437,-1.54186594486237,-1.60890352725983,-0.86909520626068,25.0648975372314,22.890962600708,19.0674228668213,0.2258360683918,0.30732879042625,0.21198762953281,2.00873517990112,2.12605118751526,2.40856695175171,0.37657099962234,0.17576862871647,0.06764429062605,7.76524543762207,8.44594955444336,9.05474758148193,-1.98479318618774,-1.98479318618774,-0.105344876647,9.34935760498047,9.34935760498047,2.86346530914307,-0.09427590668201,0.00159789668396,-0.17363810539246,0.21068975329399,-0.80205756425858,-0.92176765203476,FAN
0.06764429062605,0.04420847445726,0.17630127072334,9.05474758148193,8.89868640899658,6.23446035385132,-0.105344876647,-0.01197100803256,0.38307225704193,2.86346530914307,-0.15562310814857,-4.57771348953247,-0.17363810539246,-0.46498793363571,-0.65567028522491,-0.92176765203476,-1.65918183326721,-3.05260705947876,0.05166532471776,-0.20240025222301,-0.23276028037071,-5.38970565795898,-7.71038436889648,-9.61614227294922,2.08056116104126,2.45166254043579,1.32399356365204,-10.0005807876587,-6.42124891281128,-2.30801033973694,0.02237055450678,0.06178534030914,-0.08575379103422,-1.71185421943665,2.13083958625793,5.42286682128906,-0.11877698451281,-0.29241508245468,-0.25939190387726,-11.8286962509155,-10.3591642379761,-5.09462738037109,2.29843354225159,-4.96078586578369,-4.76924991607666,9.80186176300049,21.5358448028564,27.1263046264648,0.09374327212572,-0.01651159860194,-0.08735168725252,9.5600471496582,8.55687713623047,4.1347861289978,0.6998787522316,0.6615292429924,0.48629322648048,5.47812223434448,7.0978569984436,9.60016345977783,-1.69988322257996,-0.83797061443329,0.40462008118629,20.9253234863281,16.7809600830078,10.8768587112427,0.3147856593132,0.26631611585617,0.18855181336403,1.41257905960083,0.74459671974182,0.28730419278145,0.29294773936272,0.09693906456232,0.02450108155608,8.27763748168945,5.45362138748169,3.05304789543152,0.33039984107018,0.99838209152222,1.14921677112579,-2.11408019065857,-7.09880781173706,-10.2950668334961,-0.25566345453262,-0.38988679647446,-0.36005938053131,-1.99676418304443,-3.07654929161072,-4.02944135665894,FAN
0.42077946662903,0.40852892398834,0.33768883347511,9.32958602905273,9.09256458282471,8.8150634765625,-0.26096799969673,-0.30406361818314,-0.14125789701939,7.48906278610229,3.96719217300415,0.61291563510895,0.16351810097694,0.16724652051926,-0.01012001186609,-0.24899697303772,0.18435353040695,-0.82121115922928,-0.05965480953455,-0.2402171343565,-0.20293287932873,0.23489081859589,-3.25544810295105,-8.07310676574707,1.30244576931,0.49799394607544,-0.45489832758904,-13.1776857376099,-12.8879880905151,-6.06451272964478,-0.4740426838398,-0.6743124127388,-0.71692299842834,-2.66714072227478,0.74220252037048,3.19386506080627,-0.05379585549235,-0.87191897630692,-1.53078496456146,-13.6146125793457,-12.5892953872681,-9.32639026641846,1.14442837238312,0.64404028654099,-1.4484920501709,10.5177278518677,17.4992198944092,24.4352226257324,0.40746363997459,0.6870955824852,0.5693838596344,7.22091245651245,7.46033239364624,1.70467162132263,0.70200926065445,1.07804763317108,1.08124339580536,5.9340558052063,6.68240404129028,7.75512504577637,-1.96803379058838,-1.45088624954224,-0.90500825643539,20.8008251190186,15.8376445770264,12.1721210479736,0.81279677152634,0.81918835639954,0.74195671081543,0.59615623950958,0.64882868528366,0.64882868528366,0.05273059010506,-0.04793690145016,-0.04633900523186,8.353271484375,7.53301763534546,5.82220268249512,0.36631286144257,0.35194763541222,0.40462008118629,-0.61530983448029,-2.84191751480103,-5.54975938796997,-0.07403588294983,-0.44954159855843,-0.82664519548416,-0.86191260814667,-2.31040453910828,-3.16752886772156,FAN
0.26525086164474,0.05273059010506,-0.04793690145016,8.49441909790039,8.353271484375,7.53301763534546,-0.12928688526154,0.36631286144257,0.35194763541222,5.13077402114868,-0.61530983448029,-2.84191751480103,0.248206615448,-0.07403588294983,-0.44954159855843,-0.52911859750748,-0.86191260814667,-2.31040453910828,-0.74834829568863,-0.93050849437714,-0.97791278362274,-2.10602784156799,-5.0765175819397,-7.45791625976563,1.73340201377869,2.55461311340332,2.30082774162292,-12.830527305603,-9.86171722412109,-5.04697704315186,-1.46154284477234,-1.36939740180969,-1.21866250038147,-2.95444488525391,-2.95444488525391,1.27610945701599,-0.00958738010377,0.4996090233326,0.85966843366623,-12.1386880874634,-11.7519979476929,-10.6345348358154,-1.00795888900757,-2.49954652786255,-5.68622922897339,11.5352640151978,16.8288440704346,22.2397403717041,-1.00507700443268,-1.21227097511292,-0.83143889904022,8.02536392211914,10.886435508728,8.70531749725342,1.10574448108673,0.51771855354309,-0.12623383104801,5.74603652954102,5.00141668319702,6.06455039978027,2.16435837745667,0.30406361818314,-0.99598789215088,22.1319999694824,19.7832889556885,16.6756153106689,0.48203217983246,0.56778597831726,0.59068912267685,1.43891525268555,0.55545479059219,-0.4525041282177,-0.79521989822388,-0.6141249537468,0.23489081859589,9.3444995880127,9.07232475280762,5.85522603988647,0.91219085454941,0.91219085454941,-0.38786068558693,2.15478157997131,2.15478157997131,-4.17548799514771,0.65673553943634,0.46605318784714,0.31957933306694,-1.66636443138123,-3.13401007652283,-3.9384617805481,FAN
-0.75047880411148,-0.79521989822388,-0.6141249537468,9.15275192260742,9.3444995880127,9.07232475280762,0.6703764796257,0.91219085454941,0.91219085454941,4.55137729644775,2.15478157997131,2.15478157997131,0.80693781375885,0.65673553943634,0.46605318784714,-1.17315888404846,-1.66636443138123,-3.13401007652283,0.5480785369873,0.43942159414291,0.60027652978897,-1.98671817779541,-4.59235525131226,-6.63073873519897,2.4588451385498,2.81079268455505,1.92972660064697,-12.619836807251,-11.1186723709106,-7.06528902053833,-0.44261738657951,-0.73822826147079,-0.74621772766113,-2.14281058311462,-1.4676456451416,1.05105459690094,-0.25353294610977,-1.04555702209473,-2.06821084022522,-11.9224395751953,-10.0805978775024,-7.03340864181519,2.54024791717529,0.1268926858902,0.1268926858902,11.8824234008789,18.1624145507813,18.1624145507813,0.87298423051834,0.57843858003616,0.4996090233326,4.15393972396851,1.68791222572327,-1.19710087776184,0.16138756275177,0.47777110338211,1.10680973529816,5.51913499832153,7.17349100112915,7.99800539016724,-2.57855534553528,-0.7781155705452,-0.34715923666954,20.1280536651611,17.4154224395752,9.85692882537842,0.68816083669662,0.52038168907166,0.20240025222301,1.69270062446594,1.69270062446594,0.87148940563202,1.03916549682617,1.00827276706696,1.10574448108673,5.69703435897827,3.55425477027893,1.19149827957153,-0.18914192914963,-0.22026655077934,0.67277067899704,-5.89452457427979,-8.63349151611328,-10.75954246521,-0.54541540145874,-0.50333744287491,-0.51292484998703,-3.04781866073608,-4.11084413528442,-3.07654929161072,FAN
0.47777110338211,1.10680973529816,1.12704980373383,7.17349100112915,7.99800539016724,8.25579929351807,-0.7781155705452,-0.34715923666954,-0.26815059781075,17.4154224395752,9.85692882537842,5.79636240005493,0.52038168907166,0.20240025222301,-0.02077265642583,1.69270062446594,0.87148940563202,0.71347212791443,1.00827276706696,1.10574448108673,1.06153607368469,3.55425477027893,1.19149827957153,-1.49350070953369,-0.22026655077934,0.67277067899704,1.39342534542084,-8.63349151611328,-10.75954246521,-12.0284690856934,-0.50333744287491,-0.51292484998703,-0.48309743404388,-4.11084413528442,-3.07654929161072,-0.12928688526154,-0.59281969070435,-0.14966966211796,-0.36432045698166,-13.8867874145508,-14.7363357543945,-8.22970008850098,0.56024318933487,0.64882868528366,-0.20590133965015,5.72214221954346,12.4330892562866,18.7011089324951,0.78403460979462,0.54008907079697,0.44048684835434,7.44117879867554,1.90339040756226,-0.86430680751801,0.24873925745487,0.07882957160473,0.38935416936874,5.65016269683838,7.55006170272827,8.26325607299805,-0.94570964574814,-0.6033388376236,-0.06464344263077,18.3587379455566,16.3069076538086,9.79946708679199,1.00827276706696,0.88630002737045,0.73982614278793,-0.21068975329399,-0.30406361818314,0.04309562966228,0.85540735721588,0.63170182704926,0.48469531536102,6.23712348937988,4.61206245422363,3.30231976509094,0.45729252696037,0.74699091911316,0.72304892539978,-2.95205068588257,-6.26083755493164,-8.50899314880371,-0.07243798673153,-0.71053141355515,-1.1685950756073,-1.84114110469818,-3.75171399116516,-1.15879356861115,FAN
0.38935416936874,0.70786821842194,0.94116115570068,8.26325607299805,7.52822399139404,6.91196823120117,-0.06464344263077,-0.03591302409768,0.22266076505184,9.79946708679199,6.63193893432617,3.16752886772156,0.73982614278793,0.62531024217606,0.39254996180534,0.04309562966228,-0.33518823981285,-1.0414776802063,0.48469531536102,0.22636869549751,-0.5028048157692,3.30231976509094,1.36673426628113,-4.40007495880127,0.72304892539978,0.91458505392075,1.0989385843277,-8.50899314880371,-10.8385515213013,-12.196063041687,-1.1685950756073,-1.21280360221863,-1.10148346424103,-1.15879356861115,1.49158763885498,4.27125597000122,-0.06817692518234,1.22611939907074,0.95554220676422,-15.0425996780396,-14.0620231628418,-9.03450775146484,-1.93451499938965,-3.80917501449585,-0.50038814544678,16.508020401001,25.0577144622803,23.1184120178223,-0.02183792181313,0.32597091794014,0.28176245093346,9.73242950439453,3.00232887268066,-0.28490999341011,-0.06444849818945,-0.05006742849946,-0.1145159304142,4.0405478477478,6.3361930847168,7.72210216522217,0.64643448591232,0.56981998682022,0.61052143573761,20.1639671325684,16.8743343353271,13.318943977356,0.23489081859589,0.15286545455456,0.16405072808266,1.22343707084656,-0.13168109953403,-1.55383694171906,-0.33981937170029,-0.10333064943552,-0.00106526445597,7.56444311141968,6.8246169090271,6.03152751922607,0.641646027565,1.15639936923981,0.90021985769272,2.34152936935425,-1.76692080497742,-3.85227060317993,0.43995422124863,0.40959417819977,0.29401299357414,-1.87944829463959,-2.26012635231018,-3.35906505584717,FAN
-0.2434129267931,-0.35473304986954,-0.33981937170029,7.63688087463379,7.612380027771,7.56444311141968,0.06943184882402,0.26815059781075,0.641646027565,6.41406631469727,4.13239192962646,2.34152936935425,0.48149952292442,0.48522797226906,0.43995422124863,-1.67833542823792,-1.49158763885498,-1.87944829463959,-0.07669904083014,-0.49747851490974,-0.5821670293808,3.29859137535095,-2.19977116584778,-5.20648002624512,0.54108959436417,0.53630119562149,0.17717093229294,-8.47786808013916,-10.2735195159912,-10.3644990921021,-0.1065264493227,-0.83996105194092,-1.89457285404205,-2.00634098052979,0.28012159466743,3.96719217300415,1.21759724617004,0.72331458330154,-1.02158856391907,-16.510534286499,-13.0697298049927,-5.52286338806152,1.40539634227753,4.61362648010254,3.92170238494873,17.7410354614258,21.2796649932861,22.014684677124,1.08017814159393,0.68336713314056,0.47191214561462,6.28717374801636,1.47961664199829,-1.29286897182465,-1.10308134555817,-0.80320942401886,-0.52730590105057,4.2844934463501,5.46267604827881,5.11007356643677,-1.19231247901917,-0.15322890877724,0.26096799969673,13.0436105728149,7.508216381073,5.69580602645874,0.44368264079094,0.25619611144066,0.01331580616534,-2.29843354225159,-2.93768548965454,-4.01028776168823,0.60400491952896,0.23915186524391,0.08735168725252,0.86659264564514,2.51668739318848,4.31645154953003,-1.34314715862274,-1.54665434360504,-1.54665434360504,6.49546909332275,6.97430944442749,6.97430944442749,0.8820389509201,0.96779274940491,1.0189254283905,-6.13873338699341,-6.13873338699341,-7.24724864959717,FAN
0.90014845132828,0.66898608207703,0.2274339646101,-1.28630685806274,-1.30388367176056,-0.85807049274445,-0.9528923034668,-0.2537853717804,-0.1963245421648,9.42597198486328,8.66461563110352,9.5624418258667,0.07030745595694,0.19813919067383,0.30093720555305,1.60650932788849,2.86825370788574,2.86825370788574,-0.12197277694941,-0.16831178963184,-0.29134982824326,0.58642810583115,0.85540735721588,0.95234644412994,1.721431016922,2.01112937927246,1.88423669338226,8.50181007385254,8.29590892791748,7.62792682647705,-0.40320259332657,-0.34461304545403,-0.26525086164474,3.91212558746338,0.22984336316586,1.51313543319702,-0.83250415325165,-0.37284255027771,-0.17843179404736,0.14434333145618,1.29536151885986,0.43995422124863,-0.04309562966228,-1.29047477245331,-0.6033388376236,9.94072532653809,11.0372695922852,15.9693250656128,0.15925703942776,0.42344263195992,0.45540055632591,-2.25054955482483,-3.17710566520691,-1.42215585708618,-0.89961582422256,-0.91932320594788,-0.89002847671509,-8.19401454925537,-8.466721534729,-8.97165679931641,0.49799394607544,-0.428562104702,-0.00478840339929,13.254301071167,8.90403652191162,1.08936178684235,0.54062169790268,0.3307646214962,0.00479369005188,2.79642748832703,2.79642748832703,3.46680402755737,-0.2210423797369,0.26791399717331,0.73236930370331,-3.27195978164673,2.42613983154297,4.74681854248047,-0.03112462162971,-0.82839381694794,-0.80445176362991,-11.1234607696533,-12.7203931808472,-11.3604869842529,-1.54569876194,-2.21361947059631,-2.43466186523438,3.25372004508972,-0.00478840339929,-5.44920301437378,FAN
-0.89961582422256,-0.91932320594788,-0.89002847671509,-8.19401454925537,-8.466721534729,-8.97165679931641,0.49799394607544,-0.428562104702,-0.00478840339929,13.254301071167,8.90403652191162,1.08936178684235,0.54062169790268,0.3307646214962,0.00479369005188,2.79642748832703,2.79642748832703,3.46680402755737,-0.2210423797369,0.26791399717331,0.73236930370331,-3.27195978164673,2.42613983154297,4.74681854248047,-0.03112462162971,-0.82839381694794,-0.80445176362991,-11.1234607696533,-12.7203931808472,-11.3604869842529,-1.54569876194,-2.21361947059631,-2.43466186523438,3.25372004508972,-0.00478840339929,-5.44920301437378,0.35047200322151,-0.45007422566414,-1.02798020839691,15.9928150177002,13.7770652770996,4.64668369293213,0.77093297243118,3.91930818557739,3.55299520492554,5.85861158370972,18.756175994873,28.80224609375,0.00532632227987,0.34514567255974,0.62903863191605,-9.06205368041992,-7.28316164016724,-7.28316164016724,-1.50734925270081,-0.85380947589874,-0.44261738657951,-6.11088943481445,-7.40198993682861,-8.46938514709473,1.51074123382568,1.51074123382568,0.52911859750748,22.1128463745117,22.1128463745117,14.4873142242432,0.82984101772308,0.6679208278656,0.30732879042625,-0.87867200374603,-0.09337386488914,0.3447650372982,-0.58163440227509,-0.10918960720301,0.1129180341959,-8.48429870605469,-3.51537275314331,-0.89748531579971,-0.07182604819536,-0.66079968214035,-1.27610945701599,-5.03261184692383,-10.321403503418,-12.7730665206909,-0.79894834756851,-1.0061422586441,-1.10680973529816,3.31836366653442,3.05021286010742,1.49398183822632,FAN
-1.50734925270081,-0.85380947589874,-0.44261738657951,-6.11088943481445,-7.40198993682861,-8.46938514709473,1.51074123382568,1.51074123382568,0.52911859750748,22.1128463745117,22.1128463745117,14.4873142242432,0.82984101772308,0.6679208278656,0.30732879042625,-0.87867200374603,-0.09337386488914,0.3447650372982,-0.58163440227509,-0.10918960720301,0.1129180341959,-8.48429870605469,-3.51537275314331,-0.89748531579971,-0.07182604819536,-0.66079968214035,-1.27610945701599,-5.03261184692383,-10.321403503418,-12.7730665206909,-0.79894834756851,-1.0061422586441,-1.10680973529816,3.31836366653442,3.05021286010742,1.49398183822632,0.58962386846542,0.76326197385788,0.70413982868195,13.2678689956665,10.7447900772095,7.9021315574646,1.11090958118439,0.66798228025436,4.04141235351563,5.69580602645874,18.4712657928467,28.452693939209,0.00585895450786,0.72704297304153,0.9416937828064,-6.71334171295166,-4.41730213165283,-1.9249382019043,-0.07190535217524,-0.27750140428543,-0.79468727111816,-6.31062650680542,-7.52982187271118,-8.94822120666504,3.86184740066528,3.86184740066528,0.4955997467041,17.5279502868652,17.5279502868652,10.5081510543823,0.98164117336273,0.88789790868759,0.86765789985657,-0.57700258493423,-1.3407529592514,-2.18590617179871,-0.69561767578125,-0.06231797114015,0.45966160297394,-10.8758172988892,-7.27895212173462,-2.50230622291565,-0.20829555392265,-1.53707754611969,-1.86508309841156,-6.44519090652466,-10.8457336425781,-15.0930471420288,0.14753912389278,-0.27643612027168,-0.73343455791473,0.95528650283813,1.86268889904022,1.91536140441895,FAN
-1.13716983795166,-1.1989551782608,-1.06632971763611,-10.9221563339233,-12.3895578384399,-12.3916883468628,0.82360535860062,0.74220252037048,0.59376204013824,7.37414121627808,2.96162748336792,-2.0135235786438,0.82185155153275,0.75633776187897,0.47031426429749,-1.6711528301239,-1.77170920372009,-0.5147533416748,0.58909124135971,0.34887412190437,0.10546118021011,1.51054501533508,4.47570848464966,6.66642475128174,-2.23379015922546,-2.4899697303772,-2.58813214302063,-17.1520614624023,-16.9701023101807,-14.7027921676636,-1.09509181976318,-1.31560158729553,-1.56061244010925,1.0223240852356,-0.15562310814857,-2.81558108329773,0.29507824778557,-0.5693838596344,-1.49190282821655,15.3872127532959,14.6010475158691,10.956244468689,-1.05344879627228,-0.90261405706406,2.58334374427795,1.35990655422211,9.2224645614624,27.3920612335205,-0.21678131818771,-0.10333064943552,-0.06444849818945,-16.4266185760498,-12.7898254394531,-9.31823348999023,-0.19707392156124,0.27590349316597,0.63436496257782,-6.33779096603394,-6.98121070861816,-8.83903217315674,1.41497325897217,-0.05506663769484,-0.61770403385162,18.9908084869385,17.7051219940186,14.0970592498779,0.58589547872543,0.4996090233326,0.67324715852737,-3.29442143440247,-4.10844993591309,-4.10844993591309,1.42266070842743,1.14515924453735,0.45859634876251,-7.51064682006836,-4.42883682250977,-1.05141603946686,-2.9161376953125,-2.38462495803833,-2.14281058311462,-11.6525793075562,-15.6413192749023,-17.3555679321289,-0.97098857164383,-1.34116792678833,-2.1145498752594,3.46680402755737,2.58813214302063,-0.40462008118629,FAN
0.27590349316597,0.63436496257782,0.72917354106903,-6.98121070861816,-8.83903217315674,-10.8625020980835,-0.05506663769484,-0.61770403385162,-1.08457338809967,17.7051219940186,14.0970592498779,8.42280197143555,0.4996090233326,0.67324715852737,0.77870833873749,-4.10844993591309,-4.10844993591309,-1.61129772663116,1.14515924453735,0.45859634876251,-0.3659183382988,-4.42883682250977,-1.05141603946686,5.21553468704224,-2.38462495803833,-2.14281058311462,-1.15639936923981,-15.6413192749023,-17.3555679321289,-13.7738428115845,-1.34116792678833,-2.1145498752594,-2.24184894561768,2.58813214302063,-0.40462008118629,-4.67587614059448,-1.57233035564423,-1.37312591075897,-1.65861678123474,13.3957004547119,11.2273550033569,7.25711393356323,-1.56101953983307,-0.93852704763412,0.67995327711105,12.717999458313,21.3897972106934,28.3497428894043,0.12037488073111,0.04953479766846,0.08841694891453,-3.85705900192261,-3.38061285018921,-2.02070617675781,1.90682339668274,1.15314877033234,0.86233156919479,-6.89385890960693,-8.8092041015625,-9.99431133270264,0.39025488495827,-0.69431847333908,-0.41898530721664,13.5535755157471,9.77313137054443,5.40371322631836,1.14835512638092,1.43065011501312,1.32252585887909,-0.75656771659851,0.49799394607544,1.85311210155487,-0.82185155153275,-0.36432045698166,-0.19707392156124,0.62690812349319,5.72419834136963,7.81264972686768,-2.24336695671082,-1.10133278369904,-1.02711248397827,-15.0044622421265,-10.9845972061157,-9.15063858032227,-0.34780883789063,-0.8905611038208,-1.14356136322021,2.45645093917847,-1.27610945701599,-6.0597243309021,FAN
1.85622334480286,1.90682339668274,1.15314877033234,-7.52769136428833,-6.89385890960693,-8.8092041015625,2.10689759254456,0.39025488495827,-0.69431847333908,20.2788887023926,13.5535755157471,9.77313137054443,0.9203884601593,1.14835512638092,1.43065011501312,-0.45968672633171,-0.75656771659851,0.49799394607544,-0.480434268713,-0.82185155153275,-0.36432045698166,-2.28978586196899,0.62690812349319,5.72419834136963,-2.24336695671082,-2.24336695671082,-1.10133278369904,-15.0044622421265,-15.0044622421265,-10.9845972061157,0.2178465873003,-0.34780883789063,-0.8905611038208,3.3925838470459,2.45645093917847,-1.27610945701599,1.0657970905304,1.36779952049255,1.37791955471039,13.3328495025635,13.2625427246094,10.0955114364624,-0.45729252696037,-0.45729252696037,1.34793555736542,13.0699472427368,13.0699472427368,31.2084197998047,0.37284255027771,0.29081720113754,0.22796659171581,-8.6095495223999,-5.96874475479126,-2.6934769153595,0.15712650120258,0.07190535217524,0.28868666291237,-6.86616182327271,-7.30824661254883,-9.02012634277344,3.29442143440247,2.59052634239197,2.06380176544189,16.4002819061279,15.4186592102051,13.496114730835,1.54623138904572,1.54729664325714,1.46953237056732,-1.96085119247437,-1.56820213794708,-0.69431847333908,-0.04687163606286,-0.31744879484177,-0.64448499679565,-3.47649049758911,-0.28122982382774,2.38672494888306,-1.94888019561768,-2.51630592346191,-2.51630592346191,-10.6422262191772,-15.5120325088501,-15.5120325088501,0.04154531285167,-0.86020106077194,-1.29003524780273,1.16837048530579,1.53228902816772,-0.51235914230347,FAN
0.14647386968136,0.15712650120258,0.07190535217524,-7.58841133117676,-6.86616182327271,-7.30824661254883,3.76607918739319,3.29442143440247,2.59052634239197,20.3866271972656,16.4002819061279,15.4186592102051,1.27512156963348,1.54623138904572,1.54729664325714,-1.7597382068634,-1.96085119247437,-1.56820213794708,-0.02663161233068,-0.04687163606286,-0.31744879484177,-9.79244327545166,-3.47649049758911,-0.28122982382774,-1.53228902816772,-1.94888019561768,-2.51630592346191,-7.15148067474365,-10.6422262191772,-15.5120325088501,0.524642765522,0.04154531285167,-0.86020106077194,0.89064306020737,1.16837048530579,1.53228902816772,-0.07190535217524,-0.01225054077804,-0.02450108155608,11.1708955764771,13.2604122161865,14.3272743225098,-0.24181437492371,-0.34715923666954,-0.74220252037048,-5.24330186843872,-0.25857377052307,10.1705684661865,-0.75527250766754,-0.30519825220108,-0.16990968585014,-4.33589935302734,-3.74931979179382,-1.60890352725983,-0.17576862871647,0.21252025663853,0.1177117228508,-1.08177602291107,-0.27803403139114,1.84290754795074,4.24252557754517,2.84191751480103,-0.10295066982508,21.0067253112793,15.1888151168823,11.1186723709106,-0.53795856237411,-0.75314199924469,-0.93317168951035,1.67594122886658,1.58256733417511,0.90740245580673,-0.87564736604691,-1.04662227630615,-1.36726689338684,1.28577423095703,1.43331336975098,1.21653199195862,-0.69431847333908,-1.25216746330261,-1.45328044891357,8.66222190856934,9.15303325653076,8.62152004241943,-1.46740174293518,-1.27458894252777,-1.05248129367828,-1.721431016922,-1.30483996868134,-0.0454898327589,FAN
-0.4261057972908,-0.4452805519104,-0.29774141311646,0.39095205068588,1.63198518753052,2.05809092521667,0.73262572288513,0.29927521944046,0.12928688526154,11.841721534729,11.3341512680054,10.9534730911255,-0.21731394529343,-0.12197277694941,0.13954964280128,0.82599955797195,-2.02310037612915,-2.02070617675781,0.43835631012917,-0.37710362672806,-0.57204699516296,0.9225190281868,0.39201730489731,-0.14913702011108,0.67277067899704,1.18752408027649,1.18752408027649,8.62152004241943,5.79875659942627,5.79875659942627,0.04261057823896,0.54701328277588,0.50440269708633,-3.93367338180542,-4.38857173919678,-0.2537853717804,-0.19068233668804,0.47031426429749,0.87085372209549,-0.17843179404736,0.64768075942993,3.34865880012512,-1.6903064250946,-1.10133278369904,-0.46926352381706,16.4816837310791,19.0650272369385,20.0993232727051,0.248206615448,0.19121496379375,0.10333064943552,4.21140098571777,-0.24660277366638,-0.73980832099915,0.26152241230011,-0.21837921440601,-0.41598576307297,9.58205413818359,9.96767997741699,9.24915885925293,0.79008656740189,0.31364041566849,0.45489832758904,8.54490566253662,-0.25857377052307,-3.56496644020081,0.03568635880947,0.06125270575285,-0.04207794740796,-1.59932672977448,-1.28808057308197,-0.66079968214035,-0.57204699516296,-0.05166532471776,0.20879183709621,-0.25619611144066,-2.7313380241394,-5.49569940567017,1.41257905960083,1.56341373920441,1.51552963256836,-9.41878986358643,-9.41400146484375,-9.67736339569092,-0.5091964006424,-0.57524281740189,-0.59548282623291,-3.74931979179382,-3.62003302574158,-0.16519992053509,FAN
0.51345747709274,0.35206991434097,0.30306774377823,10.5301389694214,10.6590356826782,10.5748805999756,-1.18273568153381,-0.57939678430557,-0.57939678430557,13.5344219207764,5.55694198608398,5.55694198608398,1.89031171798706,1.76567578315735,1.33743953704834,-0.60573303699493,0.55545479059219,1.6903064250946,1.50894713401794,1.79443800449371,1.68791151046753,2.62321376800537,-0.61519020795822,-3.80725526809692,1.07978498935699,1.3718775510788,0.75177931785583,-9.70848751068115,-11.2216234207153,-13.7259578704834,-0.87671262025833,-1.52386081218719,-1.47965228557587,-1.29047477245331,-3.42849683761597,-2.80600428581238,-1.96328234672546,-1.84397280216217,-1.18670463562012,-13.1267213821411,-14.2601623535156,-13.1379060745239,-0.42616790533066,-1.23301386833191,0.07900865375996,4.37420654296875,13.0292453765869,18.6244945526123,0.10386328399181,0.48149952292442,0.37017938494682,1.36948335170746,1.91296720504761,3.16034626960754,0.804807305336,-0.3147856593132,-0.00639158673584,7.1878719329834,9.60389137268066,9.8206729888916,-0.18195933103561,-0.50757074356079,-0.50757074356079,19.6540012359619,13.0507936477661,13.0507936477661,0.65567028522491,0.73929351568222,0.75527250766754,-0.18674772977829,0.1268926858902,0.1268926858902,0.67164921760559,0.89162635803223,0.45540055632591,5.73431873321533,-1.17445409297943,-4.00486183166504,2.16196417808533,1.19231247901917,1.19231247901917,-7.05571222305298,-15.1217775344849,-15.1217775344849,-0.39521312713623,-0.33822146058083,-0.340351998806,-2.559401512146,-1.90339040756226,2.2361843585968,FAN
0.804807305336,-0.3147856593132,-0.00639158673584,7.1878719329834,9.60389137268066,9.8206729888916,-0.18195933103561,-0.50757074356079,-0.50757074356079,19.6540012359619,13.0507936477661,13.0507936477661,0.65567028522491,0.73929351568222,0.75527250766754,-0.18674772977829,0.1268926858902,0.1268926858902,0.67164921760559,0.89162635803223,0.45540055632591,5.73431873321533,-1.17445409297943,-4.00486183166504,2.16196417808533,1.19231247901917,1.19231247901917,-7.05571222305298,-15.1217775344849,-15.1217775344849,-0.39521312713623,-0.33822146058083,-0.340351998806,-2.559401512146,-1.90339040756226,2.2361843585968,-1.7763284444809,-2.33505964279175,-1.98778343200684,-16.2048034667969,-15.9938802719116,-13.0936985015869,0.21308395266533,-1.53947174549103,-5.83706378936768,6.01902294158936,14.2550773620605,29.0033588409424,-0.38456046581268,-0.03675162419677,0.496413230896,11.1857099533081,3.69425320625305,-1.33357036113739,0.6295713186264,0.92305165529251,0.74781566858292,5.25494956970215,8.35060787200928,9.58365154266357,-1.34793555736542,-0.3256114423275,-0.73262572288513,19.194314956665,13.5823059082031,10.1178960800171,1.38271331787109,1.23570680618286,0.82131892442703,0.428562104702,-0.06943184882402,-0.82599955797195,0.20453077554703,0.65087658166885,0.99868541955948,6.38626050949097,3.44080424308777,0.32170987129211,1.61848032474518,1.78128612041473,1.4293384552002,-6.27041435241699,-8.48026275634766,-11.1114902496338,-0.64821344614029,-0.97205382585526,-1.32146060466766,-1.2449848651886,-2.17393517494202,-0.87388360500336,FAN
0.92305165529251,0.74781566858292,0.4836300611496,8.35060787200928,9.58365154266357,9.79723739624023,-0.3256114423275,-0.73262572288513,-1.05584299564362,13.5823059082031,10.1178960800171,5.55215358734131,1.23570680618286,0.82131892442703,0.59654808044434,-0.06943184882402,-0.82599955797195,-0.4955997467041,0.65087658166885,0.99868541955948,0.56565541028976,3.44080424308777,0.32170987129211,-4.75534057617188,1.78128612041473,1.4293384552002,1.14203417301178,-8.48026275634766,-11.1114902496338,-13.072340965271,-0.97205382585526,-1.32146060466766,-1.57765662670136,-2.17393517494202,-0.87388360500336,-0.87388360500336,-0.13795174658298,-0.12783172726631,-0.60400491952896,-16.2133255004883,-16.6229190826416,-12.7197904586792,0.22266076505184,0.22266076505184,-1.87465989589691,10.4171714782715,10.4171714782715,24.6483058929443,0.45540055632591,1.13663721084595,1.1989551782608,10.2543659210205,3.51947641372681,-1.92733240127563,-0.09640643000603,-0.13422332704067,0.17470337450504,4.77185201644897,5.58518171310425,12.1839618682861,-2.98796367645264,-2.16196417808533,-1.59932672977448,16.8240547180176,17.1017818450928,10.6278610229492,1.50149023532867,1.38377857208252,1.2415657043457,-1.29526317119598,-1.2258312702179,-0.99598789215088,0.92092114686966,1.15314877033234,1.12918031215668,5.83019256591797,1.00720751285553,-2.01121926307678,1.2258312702179,1.20667767524719,1.61129772663116,-5.79157400131226,-9.3852710723877,-11.0061454772949,-0.41758367419243,-0.44900897145271,-0.30519825220108,-5.39413642883301,-5.39413642883301,-8.43716716766357,FAN
