gyro_x_0,gyro_y_0,gyro_z_0,acc_x_0,acc_y_0,acc_z_0,gyro_x_1,gyro_y_1,gyro_z_1,acc_x_1,acc_y_1,acc_z_1,gyro_x_2,gyro_y_2,gyro_z_2,acc_x_2,acc_y_2,acc_z_2,gyro_x_3,gyro_y_3,gyro_z_3,acc_x_3,acc_y_3,acc_z_3,gyro_x_4,gyro_y_4,gyro_z_4,acc_x_4,acc_y_4,acc_z_4,gyro_x_5,gyro_y_5,gyro_z_5,acc_x_5,acc_y_5,acc_z_5,gyro_x_6,gyro_y_6,gyro_z_6,acc_x_6,acc_y_6,acc_z_6,gyro_x_7,gyro_y_7,gyro_z_7,acc_x_7,acc_y_7,acc_z_7,gyro_x_8,gyro_y_8,gyro_z_8,acc_x_8,acc_y_8,acc_z_8,gyro_x_9,gyro_y_9,gyro_z_9,acc_x_9,acc_y_9,acc_z_9,gyro_x_10,gyro_y_10,gyro_z_10,acc_x_10,acc_y_10,acc_z_10,gyro_x_11,gyro_y_11,gyro_z_11,acc_x_11,acc_y_11,acc_z_11,gyro_x_12,gyro_y_12,gyro_z_12,acc_x_12,acc_y_12,acc_z_12,gyro_x_13,gyro_y_13,gyro_z_13,acc_x_13,acc_y_13,acc_z_13,gyro_x_14,gyro_y_14,gyro_z_14,acc_x_14,acc_y_14,acc_z_14,motion_type
-0.32174998521805,-0.49211248755455,-0.57392501831055,0.52605003118515,0.61695003509521,0.55695003271103,-0.31941249966621,-0.29328748583794,-0.24557499587536,-0.77673751115799,-0.54559999704361,-0.33522498607635,9.59805011749268,9.64305019378662,9.71295070648193,1.18305003643036,1.5040500164032,1.27395009994507,-0.0686125010252,0.02639999985695,0.13461250066757,0.33600002527237,0.69300001859665,1.20105004310608,0.27046251296997,0.74786251783371,1.19377493858337,0.56457501649857,1.22526252269745,0.64528751373291,10.0459508895874,10.2660007476807,10.5490503311157,0.16995000839233,-1.45305001735687,4.68495035171509,-8.15402507781982,-14.1024122238159,-19.3961620330811,-37.818000793457,-31.6339511871338,-15.4960508346558,0.53102499246597,12.0311126708984,18.1597633361816,3.02788758277893,14.7934875488281,23.781587600708,-39.9760513305664,-24.373950958252,-10.2169504165649,-27.6180019378662,-16.0770015716553,-7.45905017852783,-7.51272487640381,-9.22294998168945,-6.98829984664917,24.4969520568848,-0.65400004386902,-0.88395005464554,-5.97698736190796,-3.6403124332428,1.66113746166229,9.85187530517578,5.88018751144409,-3.23565006256104,-10.6609506607056,-9.4079999923706,-7.90605020523071,-5.91195011138916,-7.70400047302246,-9.09794998168945,-0.82513749599457,-0.49939998984337,-1.80248749256134,11.4589509963989,9.71295070648193,6.03900051116943,-2.39043760299683,-2.25967502593994,-0.05499999970198,-0.93115001916885,0.8790374994278,-0.64528751373291,-6.75405025482178,-7.77195024490356,-7.53300046920776,-7.86405038833618,-2.20695018768311,-1.68495011329651,POUR
-0.04262499883771,0.18713749945164,0.10724999755621,0.48000001907349,0.07500000298023,-0.47895002365112,0.67017501592636,0.3255999982357,-0.12498749792576,0.98986250162125,0.64308750629425,0.23416249454021,9.41100025177002,9.8569507598877,9.45705032348633,0.33300000429153,1.35600006580353,0.28005000948906,0.08758749812841,0.50943750143051,0.78072500228882,0.54000002145767,1.51200008392334,1.40400004386902,0.63098752498627,0.66137498617172,0.67003750801086,1.26555001735687,0.84328746795654,0.30153748393059,9.28905010223389,10.9080009460449,8.50305080413818,-1.2109500169754,-0.34905001521111,5.08500003814697,0.96745002269745,0.78168749809265,-1.0260249376297,3.74895024299622,-3.6739501953125,-28.5610504150391,-3.34936237335205,-4.67527484893799,-5.65289974212646,-7.17777490615845,-4.09846258163452,-1.14111244678497,4.24995040893555,-48.6360015869141,-49.9480514526367,21.5380516052246,-7.18905019760132,-10.8600006103516,-20.5243492126465,-16.1963996887207,-14.4820499420166,19.7430000305176,20.4019508361816,9.81300067901611,4.35558748245239,-8.15952491760254,-15.6767873764038,16.6387367248535,10.4207124710083,16.8097877502441,-15.0169506072998,-11.7600002288818,-9.67905044555664,-21.3700504302979,-9.08595085144043,-4.46805000305176,11.0358877182007,13.2519750595093,11.3522748947144,4.546950340271,3.35400009155273,1.12395000457764,-0.82981246709824,0.53638750314713,-0.1568875014782,-0.89099997282028,-4.76135015487671,-3.18271255493164,-5.32200002670288,-5.45400047302246,-6.66795015335083,-8.63505077362061,-4.31700038909912,-3.89295029640198,POUR
-5.23751258850098,-5.24287509918213,-4.73220014572144,1.87395012378693,1.97400009632111,2.36205005645752,-0.27500000596046,-0.45567500591278,-0.26894998550415,-1.63556253910065,-0.62576252222061,0.08799999952316,8.05605030059814,8.08695030212402,8.17094993591309,-3.40695023536682,-3.78105020523071,-3.75405025482178,-2.00103759765625,-1.7800749540329,-1.69812500476837,0.44400003552437,0.04695000126958,0.47505003213882,-0.24695000052452,-1.04610002040863,-1.72342503070831,-0.17902499437332,-1.14014995098114,-2.3957998752594,8.82194995880127,8.98200035095215,8.91105079650879,-1.28505003452301,-1.39995002746582,-1.47405004501343,-7.1194748878479,-11.582724571228,-15.4642124176025,-34.8120002746582,-41.3860511779785,-37.4370002746582,0.11783749610186,-0.08057499676943,16.8498001098633,-4.85471248626709,-1.64505004882813,23.3365001678467,-49.6729507446289,-42.9880523681641,-16.8420009613037,-3.64905023574829,-23.2309513092041,-9.94305038452148,-11.2179374694824,-10.6726121902466,-11.8628120422363,26.4490509033203,25.6159515380859,20.4090003967285,-11.6018371582031,-17.356761932373,-16.5967998504639,14.5037746429443,16.1658744812012,14.5906753540039,-7.95900058746338,-5.49195003509521,-4.12395000457764,-12.2059507369995,-8.45805072784424,-9.08805084228516,4.49294996261597,-0.27004998922348,-2.55282497406006,4.39305019378662,4.71405029296875,3.00000023841858,2.16507506370544,1.4192750453949,1.54618752002716,-7.9890251159668,-6.16907501220703,-2.82988739013672,-3.8490002155304,-4.07205009460449,-4.67295026779175,-3.30900025367737,-2.21895003318787,-4.69095039367676,POUR
0.03327500075102,0.54133749008179,1.0456874370575,1.23405003547668,1.65795004367828,1.6800000667572,0.68846249580383,-0.16183750331402,-0.75528746843338,3.0639123916626,1.77938747406006,0.53872501850128,10.5580501556396,10.8070507049561,10.1200504302979,1.08300006389618,2.76600003242493,2.09805011749268,-0.62150001525879,-1.41968750953674,-1.89145004749298,-0.6690000295639,-0.83400005102158,-0.75495004653931,-0.81413751840591,0.44948750734329,2.71493744850159,-2.91266250610352,-2.4670250415802,-3.32942509651184,9.86595058441162,9.35805034637451,6.60900020599365,-1.07205009460449,-2.99505019187927,-3.61800026893616,-10.7243127822876,-15.1355876922607,-18.0599365234375,-44.7870025634766,-40.9410018920898,-17.6640014648438,0.86363750696182,-9.45023727416992,-10.2097873687744,-0.63978749513626,-10.7714748382568,-11.91286277771,-46.4920539855957,-37.4700012207031,-32.2999496459961,-17.4250507354736,0.09300000220537,2.46705007553101,-17.9712505340576,-16.9826240539551,-12.8017997741699,28.2739505767822,30.1110019683838,25.9560012817383,-14.7336750030518,-18.0608997344971,-12.6072378158569,16.7831115722656,19.1296882629395,9.51183700561523,-8.78505039215088,-8.0710506439209,-6.34200048446655,-3.81195020675659,-2.11094999313354,1.84905004501343,0.1868624985218,2.06387495994568,5.68356227874756,-0.6400500535965,2.12295007705688,4.63800001144409,5.43620014190674,5.31726264953613,2.28414988517761,0.2774749994278,0.76656252145767,1.9930624961853,-5.81295013427734,-6.22995042800903,-6.43995046615601,-1.56795012950897,-1.72605013847351,-1.13700008392334,POUR
-0.0283249989152,-0.2246749997139,-0.88302499055862,1.79700005054474,1.33695006370544,0.48000001907349,0.11357499659061,0.19470000267029,0.12182500213385,-1.79533743858337,-1.82833743095398,-1.69606244564056,9.3420000076294,8.90805053710938,9.51405048370361,-1.06500005722046,-1.03395009040833,-0.33900001645088,-1.08446252346039,-0.77934998273849,-0.5655375123024,0.32400000095367,0.35100001096725,0.36000001430511,-0.04606249928474,0.34828749299049,1.95373749732971,-0.16788749396801,-1.8825124502182,-4.13187503814697,10.2330007553101,9.49995040893555,3.69195008277893,-0.37005001306534,-6.25005006790161,-8.3860502243042,-12.3748626708984,-17.2658748626709,-20.0575370788574,-26.5300521850586,-14.5240507125854,-4.86195039749146,-21.1198616027832,-19.3006000518799,-16.3150615692139,-15.0838871002197,-12.1034374237061,-8.7668628692627,-29.812952041626,-17.4240016937256,-13.2160511016846,-2.30505013465881,4.51905012130737,-3.96795010566711,-21.1404876708984,-12.4900875091553,-5.73746252059937,19.746000289917,4.68795013427734,0.77505004405975,-18.2756748199463,-12.4473247528076,-2.44323754310608,19.5879745483398,12.328387260437,1.32385003566742,-7.65495014190674,-6.90795040130615,-6.57000017166138,0.06900000572205,-5.36400032043457,-4.09395027160645,2.76265001296997,2.87388753890991,0.92180001735687,8.53695011138916,10.5409507751465,11.1709508895874,0.70001250505447,-2.02908754348755,-4.52182483673096,0.98834997415543,4.27652502059937,4.04648733139038,-4.83300018310547,-5.20905017852783,-5.13300037384033,-4.51095008850098,-3.69000005722046,-0.64305001497269,POUR
0.31858751177788,0.46392500400543,0.55962496995926,1.47405004501343,1.43295001983643,1.51905012130737,0.58561247587204,0.57337498664856,0.49816250801086,1.09119999408722,0.59042501449585,0.03918749839067,9.58095073699951,9.13094997406006,9.46605014801025,-1.12005007266998,-1.57995009422302,0.72105002403259,-0.34595000743866,-0.22068749368191,0.07026249915361,1.58400011062622,2.08200001716614,2.75805020332336,-0.94682496786118,-0.10009999573231,0.41194999217987,-0.50366252660751,-0.80822497606277,-4.53213739395142,10.5420007705688,9.74205017089844,12.3910503387451,-0.76305001974106,-0.7579500079155,7.9830002784729,-11.8850870132446,-17.0042133331299,-20.613037109375,-43.5949516296387,-24.8029518127441,-1.24095010757446,-0.88934999704361,10.4498624801636,14.8612747192383,-1.99650001525879,10.0612878799438,16.2236251831055,-38.4550514221191,-28.6210517883301,-19.5510005950928,-28.7580013275146,-9.88800048828125,10.03005027771,-16.6684379577637,-15.7291746139526,-14.7075500488281,20.931001663208,11.7820501327515,7.86600017547607,-13.2050876617432,-18.3849868774414,-14.7420625686646,16.1413993835449,21.3797378540039,13.7724123001099,-10.5499505996704,-8.83095073699951,-8.34705066680908,-6.90900039672852,-4.546950340271,-7.94100046157837,0.862124979496,-0.79653751850128,-0.68667501211166,7.7920503616333,6.23505020141602,5.86395025253296,1.33952498435974,2.01973748207092,2.85284996032715,1.40841245651245,-0.37482500076294,-1.24148750305176,-6.2509503364563,-5.83500051498413,-5.54505014419556,-4.40805006027222,-1.32300007343292,0.0430500023067,POUR
-3.27497506141663,-3.54213738441467,-3.18147492408752,0.41295000910759,0.01500000059605,0.05400000140071,0.16032500565052,0.4268000125885,0.72269999980927,-1.34131252765656,-1.13849997520447,-0.90227496623993,8.63295078277588,9.22395038604736,9.42300033569336,3.00600004196167,1.08000004291534,0.45495003461838,-1.77581250667572,-1.20147502422333,-0.34622499346733,-0.93900007009506,2.41995000839233,1.72995007038116,0.62823748588562,-0.87119996547699,-2.58403754234314,0.95370000600815,0.604312479496,-1.00168752670288,7.55505037307739,8.88195037841797,9.39705085754394,6.71805047988892,4.97205018997192,4.89495038986206,-9.67147541046143,-14.7138748168945,-17.3694114685059,-26.4150009155273,-41.9590530395508,-44.2410011291504,-3.83185005187988,-3.45179986953735,-4.28092479705811,2.27851247787476,8.78157520294189,9.29376220703125,-37.7700004577637,-38.4550514221191,-38.0160026550293,-23.5200004577637,-22.8829517364502,-7.34400033950806,-14.398175239563,-18.0100250244141,-20.1812877655029,26.2770004272461,39.5160026550293,37.0590019226074,-18.6363372802734,-13.6130495071411,-15.7599744796753,-14.8790121078491,-5.79012489318848,17.8567123413086,-14.028000831604,-12.7660503387451,-9.97605037689209,-17.0299510955811,-12.8119506835938,-4.17795038223267,-0.52305001020432,3.10722494125366,4.6927375793457,3.9190502166748,4.963050365448,5.29905033111572,-2.28346252441406,2.74023747444153,3.46829986572266,-1.31546247005463,-4.79998731613159,-3.94473743438721,-6.15495014190674,-5.45100021362305,-5.02695035934448,-4.78200006484985,-4.08494997024536,-4.47000026702881,POUR
-3.44231247901917,-3.64278745651245,-4.05336236953735,4.50600004196167,3.37095022201538,3.74400019645691,-1.61713743209839,-1.37816250324249,-1.36510002613068,-1.11650002002716,-1.25977504253387,-1.4719375371933,8.25900077819824,9.52605056762695,9.31995010375977,-0.43005001544952,0.53205001354218,1.07504999637604,-3.67413759231567,-3.55244994163513,-3.59631252288818,1.30605006217957,0.15705001354218,1.25100004673004,-2.59325003623962,-2.76567506790161,-1.93407499790192,-3.41989994049072,-3.14792490005493,-1.46753752231598,9.49995040893555,7.30095052719116,6.6739501953125,3.96405029296875,0.63705003261566,0.0,-2.18927502632141,-5.67600011825562,-13.5397624969482,-11.6710510253906,-29.017951965332,-52.2810020446777,1.33498752117157,1.97119998931885,2.56231260299683,-5.22664976119995,-1.99938750267029,1.51772499084473,-20.0610008239746,-40.2750015258789,-51.0960006713867,-6.09405040740967,-11.6650505065918,4.28700017929077,-16.2064380645752,-12.5441246032715,-14.265212059021,22.6960506439209,36.2659530639649,33.3660011291504,11.4244623184204,8.00483703613281,-3.82497501373291,20.5544624328613,15.8196496963501,4.18302488327026,-15.2040004730225,-9.85095024108887,-8.15505027770996,-8.52495002746582,-15.234001159668,-14.3640003204346,-5.1767373085022,-1.34323751926422,1.09697496891022,10.1269502639771,5.671950340271,3.30600023269653,-0.859375,1.37678754329681,2.85202503204346,-3.71414995193481,-4.99564981460571,-3.64155006408691,-6.16995048522949,-5.89200019836426,-5.92095041275024,-3.24900007247925,-2.11094999313354,-3.01695013046265,POUR
-2.09481239318848,-1.94851243495941,-1.89681243896484,6.96300029754639,5.83500051498413,5.67495012283325,-1.34694993495941,-1.80262494087219,-1.6493124961853,-0.73947501182556,-1.12763750553131,-1.15664994716644,8.34794998168945,7.86405038833618,7.4040002822876,0.23505000770092,-0.43500003218651,-1.87200009822845,-1.19267499446869,-1.49325001239777,-2.23121237754822,3.20805025100708,-0.82905006408691,-4.13400030136108,-0.58588749170303,-2.16177487373352,-1.885125041008,-4.94257497787476,-8.87906265258789,-10.1667499542236,5.77305030822754,3.91695022583008,5.73195028305054,2.40495014190674,1.36305010318756,-5.74200010299683,-18.2605495452881,-17.5982131958008,-15.2770748138428,-56.0580024719238,-43.4080505371094,-17.461950302124,2.4701874256134,3.02857494354248,7.26701259613037,-0.69203752279282,-2.40858745574951,3.88836240768433,-56.2590026855469,-20.2000503540039,-19.2180004119873,34.536003112793,16.8870010375977,-19.1179504394531,-17.1623382568359,-17.9502124786377,-16.86767578125,29.8650016784668,27.445951461792,24.7920017242432,5.56902503967285,20.5415382385254,25.8561878204346,-5.05614995956421,-17.881462097168,-24.0548000335693,-12.1309509277344,-10.1260509490967,-7.06995010375977,-10.47705078125,-22.123950958252,-23.2570514678955,-2.76278758049011,-1.42986249923706,-0.84589999914169,8.88900089263916,7.77300024032593,7.5930004119873,-0.69107496738434,0.38225001096725,1.66388750076294,-5.16944980621338,-2.07748746871948,2.9739875793457,-5.68395042419434,-5.12805032730103,-4.47900009155273,-3.550950050354,-2.82705020904541,-2.16195011138916,POUR
-3.97374987602234,-3.66451239585876,-3.32791256904602,6.12495040893555,6.04605007171631,5.95305013656616,2.43663740158081,2.42164993286133,1.97711253166199,0.23003749549389,0.33247500658035,0.17668749392033,8.03400039672852,7.80405044555664,8.06295013427734,-1.69005012512207,-2.12100005149841,-1.57695007324219,-2.19339990615845,-2.13730001449585,-3.26328754425049,2.45100021362305,0.58799999952316,-1.70595002174377,-5.12806224822998,-3.31416249275208,-1.24822497367859,-6.13469982147217,-5.53863763809204,-4.21519994735718,8.1870002746582,7.4089503288269,10.7620506286621,-1.73805010318756,-2.83905005455017,0.92205005884171,-14.8079252243042,-16.5841503143311,-17.5309753417969,-37.9830017089844,-32.3479499816895,-5.43195009231567,2.42742490768433,3.87956237792969,18.5240001678467,-0.9094250202179,-0.40672498941422,19.5794506072998,-32.4139518737793,-13.7620506286621,-22.8130512237549,13.9170007705688,-8.92005062103271,6.44700050354004,-18.0503120422363,-17.356761932373,-16.3426990509033,23.6400012969971,23.074951171875,23.848051071167,-18.9091377258301,-20.2943115234375,-19.8921241760254,13.6768503189087,14.1758375167847,13.7860250473022,-5.93505048751831,-8.46705055236816,-8.13899993896484,-16.9870510101318,-7.68705034255981,-7.47105026245117,-1.25771248340607,-0.0196624994278,1.81788754463196,4.08000040054321,4.24305009841919,4.97295045852661,3.17817497253418,3.77822494506836,2.99172496795654,1.38517498970032,2.74656248092651,5.34737491607666,-4.87395000457764,-4.6560001373291,-4.08900022506714,-1.99605011940002,-1.27095007896423,0.2250000089407,POUR
-3.42842507362366,-3.56069993972778,-3.45344996452332,9.99795055389404,9.10905075073242,9.43305015563965,1.89887499809265,1.90093743801117,2.05150008201599,-0.07851249724627,0.43340000510216,1.11842501163483,4.02195024490356,5.21700048446655,4.19505023956299,-1.05300009250641,0.18705001473427,-4.68600034713745,-2.72002506256104,-3.38153743743896,-4.14933729171753,5.94300031661987,2.23305010795593,-0.4200000166893,6.21444988250732,1.3914999961853,-4.77936267852783,-0.60032498836517,-6.44902515411377,-18.1682872772217,3.83100008964539,5.56695032119751,7.39200019836426,-2.43495011329651,2.56500005722046,7.86495018005371,-12.523362159729,-14.2520122528076,-15.2889003753662,-42.6559524536133,-46.8420028686523,-34.2520523071289,-2.3263623714447,-3.98791241645813,-19.1757507324219,-6.00874996185303,-6.40323734283447,-24.7696628570557,-46.1430015563965,-21.8430004119873,-22.291051864624,12.081000328064,3.18105006217957,-19.2210006713867,-6.93783760070801,-7.91944980621338,-8.26333713531494,26.064001083374,23.9509506225586,23.2110004425049,-4.14466238021851,-18.1769504547119,-21.4281368255615,-4.78486251831055,9.66831207275391,12.6216745376587,-13.1250009536743,-10.4310007095337,-8.36100006103516,-11.9359502792358,-11.3940010070801,-7.6080002784729,0.86996251344681,2.97921252250671,0.30744999647141,11.6380500793457,9.18105030059814,6.72600030899048,-2.29363751411438,-0.59908747673035,0.33550000190735,-0.72228747606277,-2.34423756599426,-1.890625,-6.90300035476685,-6.15300035476685,-5.57295036315918,-3.7350001335144,-1.54905009269714,-0.04905000329018,POUR
-3.38552498817444,-3.5871000289917,-3.48741245269775,5.14095020294189,5.20095014572144,5.93595027923584,-1.10412502288818,-0.78374999761581,-0.36382499337196,-0.83723747730255,-0.30332499742508,0.51067501306534,7.78500032424927,7.37295055389404,7.12395048141479,-1.60395002365112,-0.99795007705688,-0.71700000762939,-0.45141249895096,0.29988750815392,-1.73758745193481,8.35500049591064,2.35995006561279,-8.30595016479492,-4.56101226806641,-10.7842626571655,-15.2776250839233,-11.1743497848511,-15.491436958313,-17.4138240814209,7.02300024032593,5.20605039596558,4.0489501953125,6.37800025939941,4.75395011901855,-0.78900003433228,-20.7531490325928,-20.2307872772217,-15.4307994842529,-42.8640022277832,-34.3759498596191,-7.03200054168701,1.97752499580383,-1.10178744792938,-3.1883499622345,2.57908749580383,-7.13693761825562,-10.273175239563,-43.6380004882813,-13.678050994873,-20.7000007629395,33.1639518737793,-10.4340009689331,-7.78500032424927,-15.3045749664307,-13.715350151062,-13.7465620040894,26.1979503631592,25.2880516052246,23.1390018463135,27.0752620697021,27.7518997192383,24.6654376983643,-21.5044498443604,-23.6579742431641,-22.2956256866455,-9.94005012512207,-7.36695051193237,-6.72105026245117,-9.49005031585693,-17.1499500274658,-12.9130506515503,0.91409999132156,-1.12323749065399,-0.77577501535416,7.65495014190674,6.74505043029785,7.10205030441284,-0.22783750295639,0.63992500305176,1.51662504673004,-4.45994997024536,-3.38456249237061,0.03781250119209,-4.92000007629395,-4.82100009918213,-4.75005006790161,-2.30100011825562,-3.60795021057129,-3.42105007171631,POUR
-1.09518754482269,-1.2557874917984,-1.63294994831085,9.2359504699707,8.98500061035156,9.10200023651123,2.83634996414185,2.84611248970032,2.46647500991821,-0.80162501335144,-1.38022494316101,-1.72933745384216,4.10595035552979,5.35395002365112,5.25300025939941,-2.31705021858215,-2.30805015563965,-1.45500004291534,-5.16532516479492,-5.19048738479614,-4.99688768386841,9.15495014190674,7.03500032424927,6.2590503692627,-1.15472495555878,-2.92462491989136,-3.39047503471375,0.92812502384186,-0.23361249268055,-1.53394997119904,5.95995044708252,8.56305027008057,8.11305046081543,-1.59195005893707,0.77100002765656,1.5900000333786,-6.81834983825684,-7.44163751602173,-8.73427486419678,1.27500009536743,-2.956050157547,-12.2940006256104,-1.27627503871918,1.04816246032715,2.73831248283386,-2.71287488937378,-0.31185001134872,2.18377494812012,2.93700003623962,-17.367000579834,-35.3200531005859,-9.27705001831055,-13.0690507888794,-7.4040002822876,-17.98486328125,-14.8388624191284,-14.0177125930786,5.13105010986328,8.25705051422119,14.3059511184692,-17.6430377960205,-16.4458255767822,-13.2999620437622,-13.7556371688843,-12.8649120330811,-10.1245374679565,-26.5009517669678,-22.9159507751465,-18.3679504394531,5.94195032119751,8.66805076599121,-1.31895005702972,-21.4237365722656,-15.6883373260498,-9.85421276092529,24.9019508361816,19.2109508514404,14.2900505065918,-19.1801490783691,-12.0414247512817,-3.11437487602234,18.9091377258301,9.17702484130859,0.65642499923706,-7.58505058288574,-7.49205017089844,-7.16595029830933,-0.51600003242493,-1.51500010490417,-2.23395013809204,POUR
-2.76251244544983,-2.98691248893738,-3.4094500541687,9.67200088500977,6.84105014801025,5.06205034255981,-0.16541250050068,-0.23883749544621,0.3616249859333,-0.42336249351501,-1.09340000152588,-1.90258753299713,7.12200021743774,7.14495038986206,7.2460503578186,-2.19300007820129,-2.90700006484985,-2.27895021438599,-5.03084993362427,-4.85416269302368,-4.18522500991821,3.88095021247864,2.59500002861023,-1.90200006961823,-2.98223757743835,-3.59466242790222,-4.01541233062744,-5.4687876701355,-7.03340005874634,-8.67666244506836,6.97995042800903,8.49105072021484,8.92995071411133,-1.54605007171631,2.2150502204895,0.90495002269745,-15.8071374893188,-17.8362255096436,-17.6463375091553,-39.2070007324219,-30.8029518127441,-15.538950920105,3.03572487831116,20.9351997375488,21.7578620910645,-1.40415000915527,13.2973499298096,16.6658248901367,-41.3959503173828,-15.739951133728,-13.9780502319336,-1.78995013237,3.68400025367737,-0.17595000565052,-19.3440494537354,-18.7049503326416,-17.2816867828369,24.7660503387451,23.1460514068604,21.1320018768311,17.7495994567871,19.6700630187988,19.1776752471924,-23.0553131103516,-25.6506252288818,-23.6318492889404,-10.2919502258301,-6.19095039367676,-7.50900030136108,-18.6199512481689,-4.34805011749268,-3.35700011253357,-5.11829996109009,-0.84425002336502,-0.31322500109673,7.05000019073486,6.67800045013428,7.04505014419556,1.24492502212524,1.41336250305176,1.29937493801117,-0.09955000132322,0.28091248869896,0.28778749704361,-4.41195011138916,-4.44105005264282,-4.13595008850098,-2.75805020332336,-2.94495010375977,-2.56200003623962,POUR
-0.03987500071526,0.27211248874664,-0.97968751192093,6.27600049972534,4.97100019454956,3.94800019264221,2.57427501678467,-0.61627501249313,-2.56808757781982,-0.59537500143051,-1.24905002117157,-1.92788743972778,8.61105060577393,8.31900024414063,8.94195079803467,-1.6470000743866,-1.06005001068115,0.12705001235008,-2.40872502326965,-2.33983755111694,-1.69166254997253,3.55800008773804,4.74600028991699,7.09500026702881,-2.37586259841919,-2.47582507133484,-4.16666269302368,-1.45048749446869,-1.88045001029968,-5.80043745040894,9.21195030212402,9.33000087738037,11.943000793457,1.71000003814697,-0.12795001268387,8.65605068206787,-15.1258249282837,-20.2958240509033,-22.7770118713379,-39.9520530700684,-29.3350505828857,4.95195007324219,2.9913125038147,13.9690370559692,13.0965995788574,-0.53597497940063,6.70436239242554,9.92172527313232,-32.5150527954102,-17.2110004425049,-20.6500511169434,16.5780010223389,-15.8610010147095,-14.8579511642456,-23.850887298584,-22.7243499755859,-19.1338119506836,20.9809513092041,23.2950019836426,25.5750007629395,8.32205009460449,16.4190120697021,16.1918621063232,-12.2751750946045,-21.1279754638672,-19.9047756195068,-10.9360504150391,-9.43695068359375,-8.28705024719238,-17.1780014038086,-10.1470508575439,-4.10205030441284,-9.65951251983643,-4.84962511062622,-0.17242500185966,4.81305027008057,3.55005025863647,3.10695004463196,1.37472498416901,3.00574994087219,3.8981249332428,-2.15407490730286,-1.94562494754791,-0.60995000600815,-6.18195009231567,-5.12805032730103,-4.42095041275024,-0.97395002841949,-0.49695003032684,-1.69500005245209,POUR
-2.75852489471436,-2.51020002365112,-2.38328742980957,7.81395053863525,6.81705045700073,6.22305011749268,-0.33495000004768,-1.0592999458313,-2.05397510528564,0.23388749361038,0.0276375003159,-0.4461874961853,7.43505048751831,7.11900043487549,7.29900026321411,-1.5940500497818,-1.2280501127243,1.38405001163483,-2.6284499168396,-2.79826259613037,-3.13115000724792,3.31305027008057,4.11794996261597,3.34200024604797,-11.7537746429443,-6.23493766784668,-1.63996243476868,-8.14907455444336,-4.61560010910034,0.49513748288155,7.58100032806396,7.9069504737854,10.1179504394531,0.26100000739098,-2.40795016288757,-1.11300003528595,-16.0642623901367,-18.0503120422363,-18.7004127502441,-45.4099502563477,-39.8869514465332,-18.0160503387451,6.07447481155396,10.0968999862671,20.7069492340088,2.22598743438721,1.05572497844696,13.7390003204346,-51.2059516906738,-25.8979511260986,-19.431001663208,24.9319515228271,15.4980010986328,-18.7660503387451,-21.3307876586914,-22.3969631195068,-20.8573741912842,26.7049503326416,27.4290008544922,28.5450019836426,3.77629995346069,21.5041751861572,23.6215381622314,-3.25022506713867,-19.9233379364014,-22.6549129486084,-5.7940502166748,-6.49995040893555,-6.67305040359497,-9.60300064086914,-12.0670509338379,-10.2690000534058,-10.8404998779297,-7.71196222305298,-2.17483758926392,5.97705030441284,3.8689501285553,5.57895040512085,0.73919999599457,2.22062492370605,2.26407504081726,-0.3812874853611,-1.68299996852875,0.82678747177124,-4.26600027084351,-4.04505014419556,-2.87400007247925,-3.10800004005432,-3.82905006408691,-2.35304999351501,POUR
-14.3868999481201,-15.0051002502441,-12.9963626861572,0.1540500074625,-0.29505002498627,-0.22800001502037,6.57071256637573,5.44871234893799,2.48806238174438,3.87763738632202,3.1933000087738,1.40717494487762,8.18505001068115,8.80500030517578,8.92500019073486,1.65495002269745,1.66200006008148,-0.65505003929138,-0.91726249456406,0.083599999547,-0.36959999799728,-0.43200001120567,-3.01605010032654,-8.46705055236816,1.82214999198914,4.04098749160767,4.44922494888306,0.20913749933243,-0.58616250753403,-2.33818745613098,6.9660005569458,5.12895011901855,-13.2139501571655,-4.6429500579834,-0.75105005502701,-3.44295024871826,-16.208911895752,-18.2169628143311,-18.0998115539551,-10.5100507736206,12.2040004730225,19.9680004119873,4.5222373008728,2.43883752822876,1.27352499961853,0.14148749411106,2.2508749961853,4.46201229095459,-26.5180511474609,-21.9190502166748,-16.4470500946045,-22.0500011444092,-10.1350507736206,-4.875,-17.1322250366211,-14.8354253768921,-5.81597518920898,25.7160015106201,21.0649509429932,15.0850505828857,-22.3342628479004,-22.7231121063232,-16.0608253479004,16.3846378326416,16.3873882293701,10.5732002258301,-7.29795026779175,-5.98995018005371,-5.47995042800903,-5.32800006866455,-1.37100005149841,-0.33195000886917,0.93307501077652,1.15321254730225,2.32966256141663,3.17205023765564,3.82800006866455,4.08900022506714,2.64604997634888,1.09298753738403,-0.94379997253418,2.23781251907349,2.88433742523193,2.49988746643066,-3.34605026245117,-3.57795023918152,-4.19204998016357,-1.85700011253357,-3.21105003356934,-3.3640501499176,POUR
-5.04143762588501,-6.06155014038086,-6.58432483673096,6.55095052719116,6.70005035400391,5.71605014801025,1.0118625164032,-1.11099994182587,-6.10307502746582,-1.70431244373322,-0.9481999874115,-1.78172504901886,4.8270001411438,5.4859504699707,6.34800052642822,1.18305003643036,3.70005011558533,2.9650502204895,-6.08038759231567,-11.2311372756958,-18.4918251037598,-8.80005073547363,-21.3349514007568,-36.4840507507324,-3.48452496528625,-0.01512499991804,1.05902504920959,2.66131258010864,5.30227518081665,4.2701997756958,2.12595009803772,-14.5879507064819,-37.0300521850586,-2.04900002479553,-4.74600028991699,-1.90995013713837,-13.8125619888306,-13.2664127349854,-14.7446746826172,9.85395050048828,13.3339509963989,18.5550003051758,12.8482751846313,11.4922494888306,-3.77533745765686,13.8509244918823,14.8270378112793,7.68556261062622,-23.9959506988525,-14.7730503082275,-9.36195087432861,-9.8500509262085,-7.11705017089844,-13.6360502243042,-11.480975151062,-7.45648765563965,-4.33331251144409,18.3760509490967,6.78600025177002,-0.04395000264049,-8.2726879119873,-0.8454874753952,1.9713374376297,5.20203733444214,-0.84727501869202,-1.60338747501373,-5.41095018386841,-6.0930004119873,-4.9960503578186,4.09800004959106,5.00595045089722,1.93500006198883,11.9216623306274,13.1209373474121,8.00772476196289,4.15904998779297,6.46005010604858,9.60495090484619,5.7502498626709,-0.61861246824265,-2.97481250762939,-33.2556114196777,-18.0184116363525,-11.4980249404907,-4.2679500579834,-4.49295043945313,-4.71795034408569,-4.51395034790039,-6.02700042724609,-6.1210503578186,POUR
-1.60118746757507,-1.85707497596741,-2.24537491798401,-0.63705003261566,-1.52400004863739,-2.37105011940002,-0.50160002708435,-0.28352499008179,-0.29589998722076,-1.69441246986389,-1.8379625082016,-1.89268743991852,9.21195030212402,9.17205047607422,9.05700016021728,-0.21495001018047,-0.37995001673698,-0.5830500125885,-2.08174991607666,-1.60297501087189,-2.11062502861023,-2.00999999046326,-5.8560004234314,-14.5740003585815,1.55801248550415,3.13499999046326,4.09310007095337,-2.21003746986389,-2.86522507667542,-3.76928758621216,8.45805072784424,-0.76905006170273,-13.2810010910034,-7.52895021438599,-2.03700017929077,4.73505020141602,-12.9122123718262,-15.0661497116089,-16.613712310791,-21.586950302124,-8.23905086517334,6.4480504989624,-11.2799501419067,-14.7339496612549,-16.134937286377,-12.6700744628906,-14.1631870269775,-12.2953872680664,-43.513053894043,-26.2999515533447,-15.9870004653931,-34.8439521789551,-36.6379508972168,-37.8450012207031,-15.2380247116089,-10.0825996398926,-1.71476244926453,25.1299514770508,7.78500032424927,-1.76805007457733,-14.8814878463745,-14.063362121582,-8.94561290740967,14.8130121231079,13.8579378128052,8.8057746887207,-2.46705007553101,-3.16200017929077,-3.89205026626587,5.41995048522949,0.19905000925064,-3.71805024147034,1.14977502822876,-0.83737498521805,-0.60582500696182,2.65005016326904,3.87105011940002,4.16805028915405,5.50536251068115,-4.08416271209717,-11.7678003311157,-7.98682498931885,-1.45364999771118,8.68711280822754,-4.03095006942749,-4.45695018768311,-4.6710000038147,-8.1540002822876,-6.90405035018921,-5.94105005264282,POUR
-3.7013623714447,-3.64595007896423,-3.39171242713928,8.07495021820068,5.4859504699707,2.22105002403259,5.69786262512207,3.2936749458313,0.58904999494553,0.23911249637604,-1.68093752861023,-5.419837474823,4.3840503692627,5.29395008087158,7.17405033111572,-2.61195015907288,-3.42600011825562,-6.97800016403198,-9.61400032043457,-12.8529500961304,-13.5988874435425,-24.0220508575439,-32.0269508361816,-33.5980529785156,-0.41717499494553,0.68158751726151,1.30116248130798,-14.8669128417969,-9.0692253112793,-4.78871250152588,-9.58005046844482,-26.484001159668,-40.9309501647949,0.36900001764297,-3.69195008277893,-8.24295043945313,-10.1131248474121,-13.301474571228,-17.750150680542,-2.27295017242432,9.37800025939941,25.6590003967285,-12.3494253158569,-13.8676996231079,-14.6288995742798,-22.536111831665,-22.0275001525879,-17.8725242614746,-35.4799499511719,-16.9380016326904,-14.1520509719849,-26.9640007019043,-25.5780010223389,-17.0419502258301,-10.9714002609253,-3.94638752937317,2.08065009117126,8.48895072937012,-10.4640007019043,-6.16800022125244,-8.73028755187988,1.76660001277924,6.68827486038208,5.27766227722168,-8.57999992370605,-18.149450302124,-6.33000040054321,-6.9940505027771,-6.06705045700073,1.300950050354,-1.20795011520386,-4.49895000457764,3.95862507820129,-1.47936248779297,-3.47063755989075,7.02600049972534,5.75400018692017,3.72795009613037,-8.13986206054688,-8.91302490234375,-8.14838790893555,15.9531621932983,15.1307744979858,6.966712474823,-5.57595014572144,-6.36600017547607,-7.20705032348633,-5.69895029067993,-3.99405026435852,-3.08595013618469,POUR
-4.35806226730347,-4.86530017852783,-5.81803750991821,5.48295021057129,4.8600001335144,5.79900026321411,0.26510000228882,-0.21175000071526,-0.05224999785423,-2.19312500953674,-1.0225875377655,1.16063749790192,6.97305011749268,6.96795034408569,7.19295024871826,-1.39305007457733,-1.69500005245209,-0.41595003008842,0.00453749997541,1.95029997825623,3.7039749622345,16.336950302124,12.2320508956909,-13.5250511169434,8.66428756713867,8.27419948577881,3.35610008239746,-0.20817500352859,-17.181037902832,-26.3458251953125,1.95300006866455,2.63595008850098,-12.9289503097534,-28.3390522003174,-15.1759510040283,-4.25505018234253,-11.2681245803833,-14.9292001724243,-13.5339870452881,-26.7000007629395,-1.11600005626678,15.937050819397,-6.4435248374939,-6.86730003356934,-7.46129989624023,-19.6395378112793,-24.2950115203857,-23.1308002471924,-46.324951171875,-24.8920516967773,-15.4240503311157,-15.1140003204346,-14.3500509262085,-4.66395044326782,-19.6579627990723,-11.9400873184204,-5.9951376914978,20.4540004730225,2.07000017166138,-5.49900007247925,-14.5721120834351,-14.5531377792358,-10.3481121063232,13.6455001831055,13.074462890625,11.4613122940063,-0.87405002117157,-2.38305020332336,-4.10295009613037,4.87200021743774,5.02005004882813,2.19405007362366,8.97297477722168,16.2593746185303,13.9789371490479,1.8880500793457,3.46695017814636,5.77305030822754,2.33791255950928,-12.0043001174927,-18.320499420166,-4.1530499458313,15.0475873947144,16.7728004455566,-6.93600034713745,-6.9940505027771,-7.05405044555664,-6.32205009460449,-7.17405033111572,-6.9060001373291,POUR
-2.78258752822876,-2.85353755950928,-2.91348743438721,7.91205024719238,7.79700040817261,7.42095041275024,0.56058752536774,0.95864999294281,1.19391250610352,0.62947499752045,1.2002375125885,1.6241500377655,4.85595035552979,5.33205032348633,6.16395044326782,-3.10995006561279,-2.64495015144348,-0.19095000624657,-3.60896253585815,-3.47696256637573,-2.19394993782043,9.66000080108643,10.2300004959106,3.49305009841919,7.89043760299683,5.33252477645874,4.15923738479614,4.32423734664917,-4.07866239547729,-13.9474496841431,4.74105024337769,8.03400039672852,8.09205055236816,-15.0210008621216,-23.002950668335,-20.7370510101318,-8.58151245117188,-10.4629249572754,-11.2195873260498,-33.9810028076172,-25.6219520568848,-14.7540006637573,4.0372748374939,7.61571264266968,6.67053747177124,-7.47903728485107,6.61127519607544,9.78009986877441,-72.4690551757813,-56.0389518737793,-26.275951385498,-18.8140506744385,-13.3420505523682,-9.90000057220459,-10.5067873001099,-8.59966278076172,-3.9056875705719,51.3910522460938,26.9020519256592,-10.242000579834,-18.8461627960205,-18.3588619232178,-10.7767000198364,23.7271366119385,21.4619617462158,10.6077127456665,-1.9690500497818,-4.33305025100708,-6.90300035476685,-0.37005001306534,-1.1869500875473,-3.4789502620697,3.22066259384155,6.27687501907349,3.1411874294281,6.97095012664795,5.79705047607422,3.7590000629425,-5.45476245880127,-4.09062480926514,-3.19962501525879,7.60430002212524,13.9121122360229,10.0808124542236,-6.11700010299683,-6.65595054626465,-7.37205028533936,-5.26095008850098,-3.4789502620697,-2.47095012664795,POUR
-6.80625009536743,-6.53867483139038,-4.52608728408813,3.64905023574829,3.86700010299683,4.53705024719238,-2.19477510452271,-0.55549997091293,0.78443747758865,-0.48496249318123,0.82142502069473,1.89804995059967,7.90500020980835,7.76100015640259,7.96500015258789,-4.54995012283325,-4.86300039291382,-3.86505007743835,-1.4473249912262,-1.66471254825592,-2.01684999465942,3.06705021858215,1.68900012969971,-2.83395004272461,2.38548755645752,3.29188752174377,4.07824993133545,-1.44031250476837,-5.36071252822876,-9.02550029754639,9.42600059509277,7.78500032424927,-0.20895001292229,-13.9000511169434,-13.9999504089355,-7.7440505027771,-9.39606285095215,-12.139874458313,-14.6580495834351,-29.9530506134033,-23.848051071167,-9.84900093078613,-9.47237491607666,-11.4340877532959,-13.0986623764038,-23.2230625152588,-22.8523616790771,-20.7662124633789,-65.0350494384766,-38.97705078125,-18.2310009002686,-15.363000869751,-16.6560001373291,-9.06900024414062,-17.2419490814209,-11.2983751296997,-6.64771223068237,31.6489505767822,3.92400026321411,-9.89205074310303,-14.3841495513916,-15.2627744674683,-11.1720123291016,18.0775375366211,16.7546501159668,10.1916370391846,-4.95795011520386,-7.79400014877319,-8.59395027160645,1.35300004482269,1.23105001449585,-0.25800001621246,5.36126232147217,4.7577748298645,1.97023749351501,5.63895034790039,2.47695016860962,0.76995003223419,-1.04238748550415,-5.80882501602173,-2.63120007514954,1.17672502994537,2.05851244926453,-3.19453740119934,-6.64605045318604,-8.32800006866455,-8.68905067443848,-4.97805023193359,-2.13105010986328,-1.45800006389618,POUR
-3.66327500343323,-4.19801235198975,-4.57352495193481,11.7250509262085,11.9310007095337,12.7780504226685,2.50181245803833,5.7431001663208,9.75837516784668,0.24584999680519,0.3092375099659,-0.12691250443459,-1.58295011520386,-2.4580500125885,-3.73200011253357,-2.66700005531311,-4.54500007629395,-5.15295028686523,-2.86962509155273,-1.39136254787445,0.75267499685287,2.63595008850098,-6.84795045852661,-18.3889503479004,4.371262550354,-3.45468759536743,-8.31641292572021,-16.0912132263184,-24.1527004241943,-26.1413631439209,7.32000017166138,5.73195028305054,-2.90805006027222,-16.1170501708984,-13.933051109314,-5.48400020599365,-8.47646236419678,-7.28392505645752,-9.76002502441406,-18.3150005340576,-6.81705045700073,4.68795013427734,-7.80862474441528,-8.89432525634766,-9.5390625,-13.4868249893188,-16.7627620697021,-16.0106372833252,-66.8790054321289,-49.912052154541,-21.820951461792,-5.9239501953125,-14.5489511489868,-14.0239505767822,-17.503475189209,-13.0883502960205,-7.98022508621216,43.8010520935059,17.9329509735107,-4.97205018997192,-13.245512008667,-13.8044500350952,-9.89848709106445,17.2969493865967,15.5859003067017,9.04461288452148,-4.25400018692017,-3.507000207901,-6.87405014038086,-2.13300013542175,0.87195003032684,1.87800014019012,3.99753737449646,9.78326225280762,12.0306997299194,2.44605016708374,6.3139500617981,8.40000057220459,5.4910626411438,-1.70692503452301,-5.6273250579834,-16.6016120910645,-0.18823750317097,12.2904376983643,-7.09395027160645,-6.57495021820068,-6.66300010681152,-10.7329502105713,-10.4239501953125,-6.0799503326416,POUR
-3.25036239624023,-3.55533742904663,-3.86814999580383,9.85905075073242,9.54495048522949,9.925950050354,2.34712505340576,2.80390000343323,3.24101257324219,-0.1885125041008,-0.29356250166893,-0.63071250915527,1.6800000667572,2.12295007705688,2.30295014381409,-4.22399997711182,-4.28805017471313,-4.65195035934448,-4.23596239089966,-4.12802505493164,-3.97650003433228,7.84695053100586,4.97505044937134,0.08205000311136,0.7401624917984,-0.60967499017715,-2.37008738517761,-9.69869995117188,-16.3677253723145,-19.96142578125,9.8929500579834,5.55000019073486,-7.32900047302246,-16.945951461792,-10.1869506835938,1.92300009727478,-13.780387878418,-15.1860494613647,-15.7075872421265,-30.0990009307861,-12.0640506744385,5.59305047988892,-16.7978248596191,-18.899787902832,-19.2108116149902,-19.3021125793457,-22.4438495635986,-21.3123626708984,-67.1110534667969,-45.3190536499023,-19.6420516967773,-5.98695039749146,-19.3240509033203,-21.2809505462646,-18.6450004577637,-14.4539995193481,-9.74311256408691,36.7810516357422,13.4509506225586,-7.50195026397705,-11.2378749847412,-11.6822748184204,-8.07881259918213,13.7835502624512,12.40744972229,7.88273763656616,-3.27705025672913,-4.58205032348633,-7.01295042037964,1.07100009918213,4.18905019760132,2.77800011634827,8.75778770446777,9.64301204681396,4.80727481842041,7.18605041503906,6.3139500617981,5.26005029678345,-3.82305002212524,-8.06795024871826,-8.238037109375,1.41638743877411,8.62468719482422,8.11662483215332,-7.0900502204895,-7.57605028152466,-8.18400001525879,-7.46205043792725,-4.41300010681152,-1.1340000629425,POUR
-2.54911255836487,-2.66969990730286,-2.75811243057251,7.64100027084351,7.33500051498413,6.87000036239624,-1.48500001430511,-1.91785001754761,-2.42343759536743,-0.22866250574589,-0.30483749508858,-0.34278750419617,3.12405014038086,3.77100014686584,4.37895011901855,-5.55300045013428,-4.95705032348633,-4.33605003356934,-3.37232494354248,-3.71195006370544,-4.0772876739502,6.08895015716553,6.54900026321411,5.25105047225952,0.94379997253418,-0.03299999982119,-0.79694998264313,-1.13327503204346,-4.75681257247925,-9.60960006713867,9.19995021820068,9.99795055389404,4.35795021057129,-7.22205018997192,-7.75605058670044,-4.57305002212524,-14.3391876220703,-17.5704364776611,-19.8093490600586,-30.373950958252,-21.4000511169434,-5.37705039978027,8.0291748046875,11.5577001571655,11.8018999099731,-2.62116241455078,5.22073745727539,9.4980878829956,-57.0090026855469,-38.1550521850586,-18.1110000610352,-14.1610507965088,-31.6639518737793,-15.6139507293701,-15.939549446106,-15.155387878418,-9.0826997756958,34.8940505981445,10.4719505310059,-8.63700008392334,-15.1904497146606,-18.1333618164063,-6.45617485046387,17.8034992218018,19.4111499786377,4.99977493286133,-4.24200010299683,-7.05405044555664,-9.10905075073242,7.08705043792725,3.58500027656555,-9.58605003356934,3.3735625743866,2.02729988098145,0.02708750031888,10.6879501342773,6.98700046539307,2.38394999504089,-1.49091243743896,-6.00833749771118,-4.93130016326904,0.38046249747276,3.56276249885559,0.56223750114441,-7.89705038070679,-7.80300045013428,-7.99695014953613,-6.24795007705688,-2.53005003929138,-0.02295000106096,POUR
-1.56585001945496,-1.88581252098084,-2.08023738861084,13.2100505828857,14.7300004959106,14.8789510726929,1.16187500953674,3.71016240119934,8.01611232757568,0.72820001840591,-0.45814999938011,-2.70228743553162,-5.5969500541687,-6.37095022201538,-7.36500024795532,-3.34200024604797,-3.92400026321411,-3.87405014038086,-4.8365626335144,-4.24160003662109,-1.77897500991821,3.32505011558533,-2.27805018424988,-9.32895088195801,8.78776264190674,-12.8997001647949,-18.3920001983643,-9.01986217498779,-23.3342990875244,-24.1866626739502,1.33995008468628,6.15405035018921,-4.26600027084351,-7.52700042724609,-8.43705081939697,-0.79200005531311,2.01492500305176,-4.3356499671936,-4.94037485122681,-31.9399509429932,-20.0629501342773,-7.66695022583008,-0.77178752422333,-0.52002501487732,-0.948062479496,-2.1157124042511,-2.24743747711182,-1.74171245098114,-62.7019538879395,-50.0659523010254,-28.1869506835938,-7.72995042800903,-12.2850008010864,-12.3840007781982,-13.1789627075195,-12.4201002120972,-7.47546243667603,46.3300514221191,26.0899505615234,1.72095012664795,-14.574312210083,-15.584662437439,-13.3423128128052,20.57151222229,19.8703994750977,15.1379251480103,-7.79400014877319,-6.58200025558472,-8.63205051422119,-5.139000415802,0.58005005121231,2.2390501499176,6.01919984817505,8.39354991912842,6.75111246109009,6.09405040740967,6.44100046157837,4.02495002746582,0.88220000267029,-3.28047490119934,-4.41237497329712,-6.72100019454956,3.32117509841919,7.51492500305176,-7.71705055236816,-7.77000045776367,-8.20604991912842,-8.13195037841797,-4.36500024795532,-2.65500020980835,POUR
-5.25098752975464,-5.21070003509521,-4.6241250038147,6.28995037078857,5.20995044708252,4.61895036697388,3.65282487869263,3.92589998245239,3.64155006408691,0.77976250648499,-0.49211248755455,-1.41171252727509,9.35805034637451,10.2210006713867,7.78995037078857,0.99405002593994,2.03295016288757,3.76005029678345,-7.54146242141724,-8.99635028839111,-8.65534973144531,-1.12095010280609,-5.41095018386841,-10.0189504623413,2.00763750076294,3.7340874671936,5.65455007553101,-0.80836248397827,0.47203749418259,1.44980001449585,8.95605087280273,4.18005037307739,-4.90500020980835,-7.16205024719238,-8.3700008392334,-5.68200016021729,-11.1674747467041,-13.5073127746582,-15.8501749038696,-26.4559516906738,-23.1120014190674,-9.6709508895874,-1.31738746166229,-10.5788373947144,-10.3311996459961,-1.43701243400574,-14.0526371002197,-14.0861873626709,-61.1329536437988,-35.7270011901855,-20.3530502319336,-21.04905128479,-7.7590503692627,-4.75995016098022,-18.3907623291016,-9.73953723907471,-5.49023723602295,29.1289520263672,12.8500509262085,1.19400000572205,-8.29441261291504,-8.42751216888428,-5.97382497787476,19.6987991333008,17.9016742706299,11.9979753494263,-10.452000617981,-9.29805088043213,-8.98905086517334,1.07295000553131,-2.28105020523071,-4.69995021820068,4.27927494049072,8.26292514801025,5.5471625328064,3.01905012130737,6.56100034713745,5.58600044250488,-6.00764989852905,-6.56713724136353,-4.10904979705811,-5.95993757247925,-0.08043749630451,2.8021125793457,-8.44005012512207,-8.80395030975342,-8.73000049591064,-5.41395044326782,-2.11395001411438,0.49800002574921,POUR
-2.2537624835968,-2.14334988594055,-1.97064995765686,8.89395046234131,9.35100078582764,9.78194999694824,-1.44911253452301,-0.08153750002384,1.52116250991821,1.7742999792099,1.8185750246048,1.86931252479553,6.01995038986206,6.24000024795532,6.82905054092407,0.5460000038147,0.7620000243187,0.42195001244545,-1.06136250495911,-0.81180000305176,-0.99577498435974,9.42795085906982,7.97400045394897,3.07905006408691,6.99874973297119,6.06099987030029,6.10981225967407,1.39603745937347,-2.13785004615784,-8.63637542724609,6.38895034790039,8.60400009155273,7.41600036621094,-7.10505056381226,-10.7860507965088,-14.403000831604,-20.2357368469238,-21.6753616333008,-19.8042621612549,-32.6680526733398,-14.2939510345459,5.56500005722046,-6.58624982833862,-14.1894502639771,-13.6537494659424,-8.38103771209717,-15.5187997817993,-13.1583375930786,-47.5530014038086,-32.8339500427246,-17.8770008087158,-27.4150505065918,-14.3760004043579,-6.39795017242432,-24.0237255096436,-17.9166622161865,-9.05066204071045,28.9180507659912,12.7110004425049,3.78495025634766,-15.7117128372192,-13.9688997268677,-7.16347503662109,20.6234874725342,16.7661991119385,8.20847511291504,-7.59705018997192,-7.65705013275146,-7.0900502204895,-5.54805040359497,-2.49705004692078,-0.52305001020432,2.79303741455078,2.85477495193481,1.82902503013611,9.32205009460449,8.02905082702637,5.58105039596558,-0.51617497205734,-1.99210000038147,-1.54756247997284,-3.76887488365173,-2.18872499465942,-1.35808753967285,-5.83500051498413,-6.19605016708374,-6.33495044708252,-7.49505043029785,-4.72200012207031,-1.80495011806488,POUR
-3.57362508773804,-3.55739998817444,-3.45344996452332,11.2620000839233,10.9339504241943,11.3440504074097,2.18129992485046,3.38855004310608,4.07275009155273,-2.48242497444153,-2.81380009651184,-2.0538375377655,-0.32595002651215,-0.11805000901222,1.61805009841919,-5.8690505027771,-2.15700006484985,2.30205011367798,-3.47819995880127,-3.42856240272522,-3.1799623966217,12.1290006637573,9.76995086669922,3.97200012207031,6.34369993209839,1.43068754673004,1.50644993782043,3.65708756446838,-5.51595020294189,-18.1927623748779,6.94905042648315,9.73200035095215,4.30500030517578,-14.098051071167,-23.2669506072998,-14.5630502700806,-19.407299041748,-21.6149997711182,-20.9230995178223,-42.2290534973145,-28.3890018463135,-2.49405002593994,16.5001373291016,18.4124870300293,18.032299041748,9.36787509918213,13.4165620803833,15.8538875579834,-35.0230522155762,-20.0350513458252,-15.4480504989624,-18.2470512390137,-11.2890005111694,-9.20805072784424,-8.59017467498779,-11.8441123962402,-5.61797475814819,10.3999500274658,1.65405011177063,-0.3790500164032,-14.5249500274658,-12.7868127822876,-6.11132478713989,18.36106300354,15.2601623535156,5.94838762283325,-8.60805034637451,-9.37005043029785,-9.19995021820068,-1.62495005130768,-3.27300024032593,-5.23695039749146,2.19106245040894,1.08432495594025,-0.63016247749329,7.65300035476685,5.92605018615723,4.92000007629395,-3.88836240768433,-3.46651244163513,-1.82324993610382,1.34901249408722,0.20061250030994,-1.12695002555847,-7.11300039291382,-7.40595054626465,-7.1850004196167,-5.60595035552979,-2.85405015945435,-0.52605003118515,POUR
-2.34684991836548,-2.45698738098145,-2.5888500213623,11.0010004043579,10.7070007324219,10.5060005187988,4.4317626953125,6.16302490234375,5.85007476806641,0.83723747730255,-0.09569999575615,-0.89485001564026,1.69200003147125,2.92095017433167,3.40905022621155,-4.25699996948242,-4.45605039596558,-5.24205017089844,-3.50102496147156,-4.24434995651245,-5.67297506332397,1.46400010585785,-1.6750500202179,-5.86800050735474,-0.48867499828339,-1.44828748703003,-1.713250041008,-9.43937492370606,-11.7251749038696,-12.6851997375488,9.2790002822876,9.1960506439209,5.23905038833618,-9.20100021362305,-10.9249505996704,-10.6690502166748,-11.7746753692627,-12.3351249694824,-15.1413621902466,-28.8700504302979,-11.917950630188,6.66405010223389,-10.9054002761841,-12.5174503326416,-13.5008497238159,-18.2128372192383,-18.9956245422363,-17.1344242095947,-55.1460037231445,-36.1909523010254,-17.3350505828857,-14.3790006637573,-15.4110012054443,-11.7229509353638,-22.268949508667,-12.7481746673584,-7.15068769454956,29.6820011138916,9.67005062103272,-6.08595037460327,-12.6310253143311,-8.79697513580322,1.76783752441406,17.3943004608154,8.72478771209717,-5.14923763275146,-4.36395025253296,-7.08000040054321,-7.588050365448,-1.54395008087158,2.07405018806458,-1.61805009841919,5.30681228637695,5.30749988555908,2.60590004920959,8.11500072479248,7.1980504989624,6.28305006027222,-4.3796501159668,-7.56772518157959,-7.17447519302368,3.78963756561279,9.96984958648682,7.35597515106201,-6.66795015335083,-6.8430004119873,-6.99105024337769,-7.1700005531311,-5.06700038909912,-2.63100004196167,POUR
-1.025475025177,-0.2255000025034,0.36079999804497,4.08704996109009,4.40100002288818,4.71900033950806,0.94146251678467,1.37664997577667,1.60434997081757,2.46688747406006,2.69472503662109,2.79812502861023,8.03894996643066,8.10599994659424,8.08695030212402,-2.4060001373291,-2.17095017433167,-2.02800011634827,0.92234998941422,0.94792497158051,0.76601248979568,7.8400502204895,6.21600008010864,1.41195011138916,1.87343752384186,0.69671249389648,2.27397489547729,2.82906246185303,-3.57486248016357,-10.5819997787476,9.21000003814697,9.56700038909912,4.19700002670288,-6.57105016708374,-14.4049510955811,-16.0020008087158,-13.078724861145,-16.6339244842529,-18.1711750030518,-32.9220008850098,-26.5300521850586,7.09500026702881,3.13004994392395,1.65783751010895,0.99549996852875,-4.40495014190674,-4.48112487792969,-2.93589997291565,-65.860954284668,-45.9630012512207,-18.4780502319336,-13.9690504074097,-9.34695053100586,0.08895000070333,-15.4926748275757,-13.8159999847412,-9.16052532196045,42.2299537658691,17.0370006561279,-4.51695013046265,-13.7219495773315,-16.1513004302979,-14.0417747497559,18.8347492218018,18.7933616638184,14.4134378433228,-1.41300010681152,-1.97400009632111,-5.38695049285889,-3.3139500617981,1.01805007457733,1.64100003242493,3.56743741035461,8.01019954681396,9.5096378326416,5.65800046920776,9.82800006866455,11.2909507751465,5.93298768997192,-2.80953741073608,-7.02721261978149,-14.140362739563,2.02386260032654,14.0571746826172,-7.33905029296875,-6.77595043182373,-7.11600017547607,-8.17800045013428,-10.0270500183105,-4.97295045852661,POUR
-2.44653749465942,-2.82603740692139,-3.38043737411499,5.55000019073486,4.06095027923584,2.46495008468628,0.7071624994278,0.24021250009537,0.09088750183582,0.04757500067353,-0.84768748283386,-3.10199999809265,6.37395048141479,6.75000047683716,7.85895013809204,-2.1739501953125,-2.96595025062561,-2.24805021286011,-10.3442621231079,-9.87346267700195,-7.88067483901978,-3.15495014190674,-1.69800007343292,-0.81495004892349,0.72311252355576,0.47121250629425,0.69190001487732,0.35420000553131,1.74116253852844,2.33832502365112,7.82595014572144,7.79700040817261,7.75395059585571,-4.48995018005371,-4.55700016021729,-5.10300016403198,-1.44223749637604,-4.76684999465942,-14.8332252502441,-21.0529518127441,-32.367000579834,-18.0919513702393,7.13432502746582,9.47924995422363,7.36601257324219,-6.02222490310669,0.83833748102188,3.99011254310608,-63.5110511779785,-54.7429542541504,-31.9090518951416,-8.83905029296875,-20.5189514160156,-19.3909511566162,-13.3025751113892,-11.3185873031616,-12.2887878417969,50.2440032958984,31.7710514068604,8.93205070495605,-10.9452753067017,-17.2727508544922,-19.1152496337891,17.7216873168945,21.781099319458,21.9762115478516,-4.84800004959106,-3.39405012130737,-5.37000036239624,0.39000001549721,-0.59295004606247,-1.74495005607605,0.90722501277924,1.90148746967316,2.38479995727539,10.8910503387451,14.5819511413574,13.4920501708984,1.59486246109009,-0.91258752346039,-1.7100875377655,-3.23977494239807,-3.60208749771118,-2.60727500915527,-7.01505041122437,-6.2509503364563,-5.92095041275024,-9.42600059509277,-5.25105047225952,-2.29605007171631,POUR
-3.2239625453949,-3.29642486572266,-3.17762494087219,12.0460510253906,13.1809501647949,13.8079509735107,2.1515998840332,6.02208757400513,11.1901626586914,1.5879875421524,1.54412496089935,0.97047501802444,0.05895000323653,-0.93195003271103,-1.07595002651215,-2.6290500164032,-3.83100008964539,-5.7810001373291,-1.64752495288849,-1.43797504901886,-2.18941259384155,-2.40000009536743,-10.7230501174927,-20.7460517883301,1.0674124956131,-4.57641267776489,-6.43142509460449,-20.9779624938965,-23.913724899292,-23.1063251495361,7.68405055999756,-0.94395005702972,-16.2670516967773,-12.0150003433228,-10.6620006561279,-5.57205009460449,-14.3624248504639,-12.2570247650146,-12.4623126983643,-22.6140003204346,-7.22100019454956,6.73095035552979,-6.8598747253418,-6.28828763961792,-6.68208742141724,-11.7281999588013,-9.97356224060059,-8.08926200866699,-57.8659515380859,-39.5920524597168,-17.4889507293701,-15.4090509414673,-13.9260005950928,-9.34395027160644,-16.8374252319336,-11.6426753997803,-6.58198738098145,40.2490501403809,15.8749504089355,-7.00800037384033,-15.9002246856689,-16.12668800354,-10.9104871749878,21.0454750061035,18.9590492248535,11.0233745574951,-1.74600005149841,-4.71105003356934,-8.15100002288818,-1.80705010890961,1.44900012016296,-0.39405003190041,3.00478744506836,5.71683740615845,6.63313722610474,9.01095008850098,10.443000793457,8.69505023956299,2.67575001716614,-6.2257251739502,-5.34091234207153,-9.53012466430664,10.2749624252319,8.93983745574951,-6.32295036315918,-6.34695053100586,-6.838050365448,-9.22200012207031,-5.78505039215088,-1.95600008964539,POUR
-1.33168745040894,-1.35492503643036,-1.26211249828339,13.5780010223389,13.7920503616333,12.7690505981445,1.61383748054504,2.76897501945496,4.00826263427734,0.35158750414848,-0.28297498822212,-1.18332505226135,-3.23400020599365,-1.75800013542175,-0.20895001292229,-2.47800016403198,-3.73800015449524,-2.90700006484985,-2.97247505187988,-4.9461498260498,-5.5387749671936,7.51395034790039,8.98200035095215,6.9660005569458,3.10323739051819,1.14688754081726,0.01759999990463,-1.62524998188019,-5.80194997787476,-18.6062240600586,2.29605007171631,7.43505048751831,3.27300024032593,-9.23895072937012,-14.6329507827759,-13.3099508285522,-13.3208627700806,-15.6842126846313,-17.1538124084473,-38.7569999694824,-21.8070011138916,-1.35405004024506,18.6480255126953,24.3291130065918,22.5065498352051,-0.40218749642372,11.275824546814,14.0795869827271,-48.2650527954102,-21.4309501647949,-14.7130508422852,-4.89000034332275,-9.46395015716553,-5.17200040817261,-16.8735866546631,-13.8509244918823,-8.87727451324463,19.1370010375977,3.65100026130676,-2.007000207901,-15.6755495071411,-13.4565753936768,-4.95219993591309,17.3989753723145,13.0433874130249,3.28955006599426,-7.28400039672852,-8.58405017852783,-8.83095073699951,0.68700003623962,2.35905003547669,-1.24695003032684,3.19206237792969,4.27404975891113,3.45523738861084,7.81800031661987,6.25005006790161,4.52295017242432,0.88989996910095,-2.2702624797821,-2.70627498626709,-2.47499990463257,0.71073746681213,-0.67636251449585,-6.57705020904541,-6.88395023345947,-7.52505016326904,-5.40495014190674,-3.85695028305054,-0.27405002713203,POUR
-1.49778747558594,-1.58895003795624,-1.61878752708435,9.6940507888794,10.3450508117676,12.0499505996704,-0.24584999680519,0.06421250104904,0.8232125043869,0.24227499961853,0.83654999732971,1.40195000171661,1.86705005168915,2.14500021934509,1.732950091362,-3.47205018997192,-2.81595015525818,-3.07905006408691,-1.07758748531342,-1.82627499103546,-2.06951260566711,12.8050508499146,0.25995001196861,-21.2040004730225,7.05100011825562,2.52202486991882,-4.68709993362427,-10.2624502182007,-21.4237365722656,-25.4016132354736,8.80995082855225,2.29095005989075,-17.0670013427734,-13.7580003738403,-5.425950050354,2.13600015640259,-15.5302124023438,-17.9033241271973,-16.585111618042,-17.803050994873,0.12300000339746,12.9480009078979,-22.0743865966797,-20.9694366455078,-18.67236328125,-21.1807746887207,-20.229549407959,-15.387900352478,-43.0819511413574,-15.187050819397,-15.0649509429932,-21.199951171875,-13.3849506378174,-7.10295057296753,-14.479024887085,-7.69793748855591,-2.1958749294281,9.55695056915283,-7.00605010986328,-9.70500087738037,-13.9888372421265,-8.6721248626709,1.61438751220703,12.7887372970581,8.09654998779297,-4.10973739624023,-4.07400035858154,-7.43895053863525,-8.59095001220703,2.09805011749268,-1.09305000305176,-4.72200012207031,6.59876251220703,1.44361245632172,-1.88938748836517,10.4890508651733,6.82005023956299,4.94400024414063,-6.86331224441528,-6.3784875869751,-3.31636238098145,7.96014976501465,5.96268749237061,1.26871252059937,-6.36405038833618,-6.51000022888184,-6.90300035476685,-3.92895007133484,-1.11705005168915,0.40005001425743,POUR
-3.6342625617981,-3.04301238059998,-2.25032496452332,11.8470001220703,9.85395050048828,6.85995054244995,7.47381258010864,7.03601264953613,4.51068735122681,-0.72269999980927,-2.62913751602173,-6.63148736953735,0.01995000056922,2.37495017051697,5.25600004196167,-5.39505004882813,-8.78894996643066,-8.94405078887939,-3.29821252822876,-8.19403743743896,-11.6987752914429,-13.2109508514404,-20.3580017089844,-29.0760021209717,-5.0257625579834,-3.59878754615784,-1.17645001411438,-19.74169921875,-13.3388748168945,-7.19509983062744,-9.89400005340576,-29.0400009155273,-48.2700004577637,-17.2860012054443,-10.3140001296997,0.93600004911423,-12.4418249130249,-18.5317001342773,-22.0991382598877,2.47695016860962,19.6210517883301,48.8449516296387,-13.1066370010376,-12.3888874053955,-4.63196229934692,-20.1658878326416,-15.9444999694824,2.53467488288879,-23.0160007476807,-17.3159999847412,-22.6069507598877,-1.29000008106232,1.40400004386902,-5.44005012512207,-11.4655752182007,-7.77754974365234,-4.82391262054443,-3.73395013809204,-17.260950088501,-11.9040002822876,-10.598087310791,-1.00209999084473,2.93878746032715,9.42727470397949,-4.41567516326904,-19.2042121887207,-5.63295030593872,-8.38304996490479,-8.40195083618164,3.5590500831604,1.42995011806488,-6.19005012512207,7.12634992599487,-2.57248759269714,-9.28303718566894,10.9530000686646,9.47805023193359,7.23600053787232,-5.3205623626709,-6.80762481689453,-4.78087520599365,11.8020372390747,8.87397480010986,1.39548754692078,-6.74895048141479,-7.33395051956177,-7.56600046157837,-4.44405031204224,-0.53100001811981,1.86105012893677,POUR
-1.97724997997284,-2.28635001182556,-2.60108757019043,10.1029500961304,9.58095073699951,8.77605056762695,3.81754994392395,4.55688762664795,5.15075016021729,-0.71170002222061,-0.54477500915527,-0.28503748774529,0.7870500087738,1.46700012683868,1.87200009822845,-1.15605008602142,-1.22505009174347,-2.07105016708374,-3.91118741035461,-4.65286254882813,-7.7031626701355,2.050950050354,-10.242000579834,-28.8120021820068,1.42065000534058,-0.7345250248909,-0.66385000944138,-19.86008644104,-22.8237628936768,-22.3409996032715,1.51005005836487,-16.8760509490967,-37.6020011901855,-16.2660007476807,-8.90595054626465,-3.35205006599426,-18.7534866333008,-9.5346622467041,-8.39533710479736,-0.2569500207901,17.0220012664795,34.9540519714355,15.1491994857788,14.8868503570557,2.90688753128052,7.73148727416992,11.0673751831055,13.0633249282837,-22.7220020294189,-15.2779502868652,-17.191951751709,6.48795032501221,7.99905061721802,2.63700008392334,-14.600025177002,-11.250524520874,-5.02108764648438,4.17795038223267,-8.68994998931885,0.2569500207901,-3.76351237297058,2.04104995727539,2.06634998321533,2.25609993934631,-9.24151229858398,-14.8380374908447,-5.38200044631958,-6.71595048904419,-7.05795049667358,-1.18005001544952,-2.61705017089844,-3.99405026435852,4.28133726119995,0.21051250398159,-3.97650003433228,9.36795043945312,6.6109504699707,4.63995027542114,-3.21227502822876,-1.1698499917984,1.61521244049072,7.5237250328064,2.75948739051819,-2.42288756370544,-5.65005016326904,-5.51100015640259,-5.69100046157837,-2.81805014610291,-1.58895003795624,-1.14900004863739,POUR
-1.24121248722076,-1.13960003852844,-1.02808749675751,2.37195014953613,2.5900502204895,2.65005016326904,0.53074997663498,0.45031249523163,0.76972502470016,2.25046253204346,2.89024996757507,2.81421256065369,7.22895050048828,7.04700040817261,6.29295015335083,-2.17095017433167,-2.35095000267029,-7.15995025634766,-1.42958748340607,-1.85872495174408,-2.51597499847412,-1.79895007610321,-4.60605001449585,-12.6870002746582,5.03030014038086,5.84223747253418,6.29268741607666,-7.52991247177124,-9.60739994049072,-9.87909984588623,7.87395048141479,2.51100015640259,-12.2440509796143,-16.4959506988525,-22.2199516296387,-17.2459506988525,-7.18987512588501,-8.75132465362549,-13.1076002120972,-31.3680019378662,-17.9970016479492,8.09595012664795,-3.68114995956421,-4.90572500228882,-5.79507493972778,-19.5167503356934,-19.4566631317139,-17.7318630218506,-74.6989517211914,-51.9409523010254,-23.9719505310059,-3.7300500869751,0.74505001306534,5.66400003433228,-16.3472366333008,-11.8479623794556,-9.70103740692139,52.8640518188477,19.0510501861572,-5.7940502166748,-12.823112487793,-12.9173002243042,0.67251247167587,19.9333744049072,16.9981632232666,-8.36164951324463,-1.61700010299683,-1.29105007648468,-8.6650505065918,-6.06600046157837,-1.92495012283325,-0.68400001525879,9.60437488555908,11.7625751495361,6.86070013046265,11.5230007171631,12.2160005569458,10.2900009155273,-3.47105002403259,-3.12908744812012,-4.01073741912842,14.8897371292114,15.6160125732422,9.81035041809082,-6.6540002822876,-6.87195014953613,-7.4320502281189,-5.01705026626587,-2.61705017089844,-1.35900008678436,POUR
-1.70967495441437,-2.16892504692078,-2.55640006065369,14.1529502868652,13.8109502792358,12.2590503692627,5.34847497940063,8.57890033721924,11.3015375137329,0.07259999960661,0.24598750472069,0.02653750032187,-0.51794999837875,0.06105000153184,0.08295000344515,-0.38505002856255,-0.3199500143528,-3.74505019187927,-2.57757496833801,-2.05644989013672,-4.52911233901978,0.40800002217293,-4.18695020675659,-18.5089511871338,-3.87048745155334,-5.66486263275146,-5.51127481460571,-21.1634502410889,-21.03076171875,-17.5612239837646,7.9549503326416,1.46205008029938,-10.7629508972168,-12.621000289917,-11.157000541687,-4.99695014953613,-10.7476873397827,-9.41558742523193,-11.3261499404907,-24.1830005645752,-14.0020503997803,-2.73105001449585,-1.00251245498657,-9.84252452850342,-10.6338376998901,-7.20761251449585,-23.3204116821289,-24.3152256011963,-67.9660568237305,-61.476001739502,-36.6010513305664,-7.64895057678223,-10.242000579834,-13.0420503616333,-19.3796615600586,-16.3794116973877,-10.6925497055054,60.1660537719727,37.0849533081055,11.6700010299683,-10.9518747329712,-14.7723121643066,-10.0750370025635,14.5593252182007,15.6072120666504,9.02577495574951,-8.90505027770996,-2.01900005340576,-5.37495040893555,-0.18300001323223,0.09105000644922,-0.12405000627041,5.63199996948242,11.4107122421265,11.7128000259399,6.81195020675659,10.7689504623413,11.0400009155273,2.40171241760254,-6.41602516174316,-7.23896265029907,-8.34927463531494,8.55745029449463,16.1860866546631,-7.20405054092407,-6.97005033493042,-6.95805025100708,-9.4950008392334,-8.9970006942749,-5.75400018692017,POUR
-2.71246242523193,-2.44323754310608,-2.05809998512268,17.0340003967285,12.5599508285522,5.2150502204895,13.1525621414185,14.5409002304077,11.2271499633789,-1.94136250019073,-3.40821242332459,-6.6318998336792,-3.307950258255,-0.7590000629425,3.4740002155304,-1.58400011062622,-8.74605083465576,-14.5219507217407,2.35523748397827,-3.76516246795654,-7.70165014266968,-14.2890005111694,-18.3220500946045,-25.5100517272949,-13.7462873458862,-11.768349647522,-6.47625017166138,-23.9738121032715,-15.9105377197266,-6.79745006561279,-4.10295009613037,-21.5989513397217,-41.7930030822754,-15.6310510635376,-13.3339509963989,-6.42000007629395,-8.5969123840332,-20.9721870422363,-22.8137245178223,-5.5900502204895,20.8210506439209,45.8460006713867,-11.6132497787476,-10.892749786377,-2.80224990844727,-21.0423126220703,-17.2523994445801,5.61247491836548,-25.0159511566162,-18.2430000305176,-19.431001663208,0.74505001306534,-6.50895023345947,-10.9390506744385,-6.13951253890991,-3.66368746757507,-1.54879999160767,-11.6140508651733,-9.94005012512207,-2.23995018005371,-2.8582124710083,2.57963752746582,4.72601270675659,-2.84927487373352,-14.1938495635986,-18.1882247924805,-8.10000038146973,-8.61000061035156,-8.37600040435791,0.29205000400543,-2.08500003814697,-5.64900016784668,4.93941259384155,-1.09119999408722,-6.08767509460449,6.75495052337646,5.81595039367676,5.1739501953125,-4.71803760528564,-5.24424982070923,-3.26108741760254,10.2551622390747,7.52578735351563,2.06964993476868,-7.56900024414063,-7.96395015716553,-8.08605003356934,-2.52795004844666,-0.63795000314713,-0.40395000576973,POUR
0.31446251273155,0.20239999890327,0.17434999346733,0.44400003552437,0.54495000839233,0.64305001497269,0.17641249299049,0.33027499914169,0.39751249551773,0.51782500743866,0.64212501049042,0.73273748159409,9.3319501876831,9.40605068206787,9.50700092315674,-2.28405022621155,-1.932000041008,-1.72605013847351,0.16678750514984,0.22439999878407,-0.16692499816418,1.09800004959106,-0.16995000839233,-4.48905038833618,0.36767500638962,1.31051254272461,2.63284993171692,-1.36014997959137,-3.59507489204407,-5.94495010375977,9.72000026702881,10.1490001678467,3.34200024604797,-5.30205011367798,-6.69105052947998,-6.15405035018921,-10.7054748535156,-14.051812171936,-17.0907001495361,-32.0119514465332,-27.4780521392822,-13.0840501785278,-16.9838619232178,-19.977237701416,-20.4050006866455,-19.9865875244141,-21.9792366027832,-20.3682880401611,-68.8980026245117,-46.2820510864258,-25.0500011444092,-15.9210004806519,-26.1960010528564,-17.3869514465332,-15.7741374969482,-6.31839990615845,-2.42907500267029,40.161003112793,-8.44995021820068,-18.1740016937256,-11.914924621582,-7.89676237106323,0.2428250014782,15.9186496734619,11.1219625473022,0.42844998836517,-8.96205043792725,-13.3639507293701,-13.6570510864258,8.62905025482178,2.89995002746582,-4.13505029678345,7.90927505493164,4.08952474594116,-1.36523747444153,7.80195045471191,1.77300012111664,-1.54800009727478,-8.58522510528564,-8.56721210479736,-5.01352500915527,10.133749961853,7.26494979858398,-0.04647500067949,-8.57895088195801,-9.18495082855225,-9.44400024414062,-3.53400015830994,0.17700000107288,2.40495014190674,POUR
-1.53133749961853,-2.67987489700317,-2.70160007476807,-0.59205001592636,-0.73995006084442,-0.67800003290176,1.02300000190735,0.18466250598431,-0.92111247777939,-1.18387496471405,-0.90694999694824,-0.75831252336502,9.25800037384033,9.44700050354004,9.66000080108643,-1.96500015258789,-1.1050500869751,-0.8520000576973,-0.13199999928474,0.55481249094009,0.8486499786377,0.74100005626678,0.47805002331734,-2.76705002784729,-1.05531251430511,1.3778874874115,1.59004998207092,-0.6209499835968,-5.64093732833862,-8.12625026702881,9.76095008850098,3.43605017662048,-13.9249505996704,-5.22705030441284,7.86000061035156,3.16095018386841,-15.183162689209,-19.3568382263184,-21.5353870391846,-19.840950012207,-7.14000034332275,1.96500015258789,-16.485424041748,-18.0703868865967,-17.1333255767822,-14.224100112915,-17.67919921875,-18.1231880187988,-65.2570495605469,-52.3150520324707,-28.1059513092041,-6.73095035552979,-4.65705013275146,-7.46895027160645,-14.8821744918823,-12.3496999740601,-9.45450019836426,49.9590034484863,23.226001739502,-1.13595008850098,-9.38836288452148,-10.5089874267578,-8.82131290435791,14.3591251373291,13.8122873306274,10.0230627059937,-4.71105003356934,-4.45005035400391,-7.03200054168701,1.75800013542175,5.33895015716553,3.70500016212463,2.10870003700256,10.3256998062134,14.3782377243042,4.27095031738281,6.84795045852661,5.65995025634766,4.39216232299805,-6.24071264266968,-6.35580015182495,-8.34501266479492,6.09427499771118,8.95867538452148,-8.04495048522949,-8.70900058746338,-8.83095073699951,-5.66805028915405,-2.66895008087158,1.00604999065399,POUR
-0.93500000238419,-0.74909996986389,-0.60568749904633,-0.85800004005432,-0.16605000197887,-0.66105002164841,0.50696247816086,0.5710374712944,0.18287499248981,0.45292499661446,0.96359997987747,1.17411243915558,9.72495079040527,9.56700038909912,9.66300010681152,-1.32300007343292,-0.04005000367761,2.49300003051758,0.27101248502731,-0.06984999775887,-0.30799999833107,-1.68900012969971,-1.357950091362,-1.34595000743866,-3.63646245002747,-3.94473743438721,-3.31443738937378,-2.10622501373291,-3.06776237487793,-3.05346250534058,12.2970008850098,12.5220003128052,13.4850006103516,8.49495029449463,9.95895004272461,-1.55805003643036,-5.05092477798462,-8.74981212615967,-11.1161870956421,-29.3850021362305,-23.0290508270264,7.10205030441284,10.3289995193481,17.338062286377,25.9747123718262,8.79312515258789,12.8096370697021,22.462963104248,-27.2599506378174,-30.9580516815186,-24.2470512390137,-20.5909519195557,-13.701000213623,-1.44600009918213,5.96461248397827,6.64179992675781,1.58661246299744,24.1500015258789,20.2920017242432,13.0129508972168,4.60886240005493,14.8637495040894,21.3419246673584,5.3860125541687,-11.2521753311157,-17.6992740631104,-8.18400001525879,-8.12700080871582,-8.54295063018799,-1.90305006504059,-7.24200057983398,-7.64100027084351,-14.8656749725342,-6.96080017089844,-3.29559993743896,7.3609504699707,5.65605020523071,4.44405031204224,5.21894979476929,3.89730000495911,2.51721239089966,-8.63458728790283,-7.51684999465942,-6.19203758239746,-8.43105030059814,-8.3230504989624,-8.38500022888184,-6.19005012512207,-5.47905015945435,-4.76505041122437,POUR
-0.518649995327,-0.3631374835968,-0.18892499804497,0.16905000805855,0.01800000108778,0.29595002532005,-0.58836251497269,-0.87711250782013,-0.92482501268387,-0.4808374941349,-0.52607500553131,-0.38568750023842,9.6870002746582,9.5910005569458,9.50505065917969,-1.04295003414154,-1.52700006961823,-1.33800005912781,0.41882500052452,0.41057500243187,0.34319999814034,0.63300001621246,0.47505003213882,0.75300002098083,0.30222499370575,0.54518747329712,2.17552495002747,0.08497499674559,-0.37441250681877,-5.11142492294312,9.73905086517334,10.0360507965088,6.78900051116943,-2.25300002098084,-2.71500015258789,-9.66300010681152,-8.43837451934814,-13.0447626113892,-17.6713619232178,-37.1809501647949,-35.6530532836914,-19.9530010223389,-11.4273500442505,-18.2245254516602,-18.7906131744385,-13.9878749847412,-20.9562377929688,-19.5667991638184,-60.3570022583008,-33.4279518127441,-15.9100503921509,-22.8619518280029,-27.9030017852783,-24.5100002288818,-19.6186370849609,-8.03219985961914,-2.84858751296997,25.2559509277344,-13.1179504394531,-6.53205013275146,-12.1231002807617,-7.92110013961792,1.07566249370575,13.938512802124,9.84169960021973,-1.82201254367828,-8.86395072937012,-9.4819507598877,-8.72100067138672,-0.57105004787445,-4.53795003890991,-8.82705020904541,5.59831237792969,3.97952508926392,1.68134999275208,8.3860502243042,4.88400030136108,2.82000017166138,-7.87696266174316,-3.13678741455078,0.20405000448227,6.30176258087158,1.64174997806549,-0.79557502269745,-7.22400045394897,-7.78905057907104,-7.93995046615601,-4.84905004501343,-1.12695002555847,-3.03795003890991,POUR
-0.49334999918938,-0.01443750038743,0.3240875005722,3.79200029373169,-1.38000011444092,-6.20595026016235,7.01249980926514,2.78959989547729,-0.34883749485016,-7.75513744354248,-16.1859493255615,-20.938362121582,3.80400013923645,5.55300045013428,6.17505025863647,-9.36300086975098,-6.6739501953125,-6.42495012283325,-7.54572486877441,-7.82966232299805,-5.48968744277954,-8.1340503692627,-6.94605016708374,-7.84200048446655,-3.20498752593994,-0.42102500796318,2.12561249732971,-3.89922499656677,-3.01839995384216,-3.58380007743835,-2.47005009651184,-18.8470516204834,-39.6210021972656,-16.1989517211914,-3.16305017471313,4.44795036315918,-10.2878875732422,-14.0658378601074,-17.3905868530273,-10.4809503555298,5.94795036315918,21.9300003051758,-9.72826290130615,-10.1227502822876,-4.53805017471313,-19.7298755645752,-15.5607376098633,1.50370001792908,-51.7020034790039,-17.1510009765625,-12.7540502548218,-1.89600014686584,-15.6580505371094,-10.5420007705688,-9.55253791809082,-6.19877481460571,-3.95848751068115,-2.53200006484985,-3.98595023155212,1.09605002403259,-13.5136375427246,-7.06694984436035,1.27104997634888,12.6197500228882,5.7653751373291,-0.78883749246597,-5.35995006561279,-6.15105009078979,-5.94495010375977,2.75205016136169,-2.90205025672913,-7.44000053405762,5.21399974822998,3.90032505989075,1.22086250782013,5.4810004234314,5.36100006103516,5.20095014572144,-4.34183740615845,-5.32482481002808,-2.2508749961853,-3.78303742408752,-3.38415002822876,-4.12032508850098,-6.66795015335083,-6.95100021362305,-6.97005033493042,-3.83100008964539,-2.62605023384094,-3.59595012664795,POUR
0.26592499017715,-0.07507500052452,-0.58258748054504,1.54305005073547,0.66000002622604,0.00795000046492,0.67416250705719,0.57695001363754,0.42198750376701,-0.17586250603199,-0.79804998636246,-1.33278751373291,8.93505001068115,8.95905017852783,9.00195026397705,-2.68905019760132,-2.41095018386841,-2.02005004882813,-2.41862487792969,-2.20082497596741,-1.69289994239807,-0.20595000684261,0.18105000257492,-1.6750500202179,-0.1385999917984,0.17531250417233,1.3527250289917,-0.72806251049042,-2.36568737030029,-4.31392478942871,10.0170001983643,9.2629508972168,2.64495015144348,-2.84400010108948,-3.43095016479492,-10.7329502105713,-9.97507476806641,-17.2525367736816,-19.6087379455566,-29.8180522918701,-11.7019510269165,3.22005009651184,-15.8922500610352,-18.7822246551514,-17.4747371673584,-16.3846378326416,-19.0210628509521,-17.5370254516602,-51.388053894043,-39.1330528259277,-22.6909503936768,-17.5590000152588,-2.7940502166748,-14.2680006027222,-19.7320747375488,-13.782862663269,-8.75874996185303,38.8770027160645,14.9560508728027,-0.81195002794266,-11.3491125106812,-12.7784252166748,-10.546799659729,13.243724822998,13.0685501098633,8.43232536315918,-4.06905031204224,-5.64105033874512,-7.39605045318604,-1.71600008010864,-0.99300003051758,-3.69195008277893,0.87257498502731,2.53220009803772,3.13197493553162,8.22300052642822,7.49700021743774,5.55000019073486,1.62964999675751,-0.03781250119209,-2.54911255836487,-3.66712498664856,-0.76312500238419,1.44484996795654,-6.52200031280518,-6.77295017242432,-7.03200054168701,-5.19405031204224,-4.10895013809204,-2.39400005340576,POUR
1.01213753223419,1.33237504959106,1.82462501525879,2.17095017433167,3.42105007171631,3.92895007133484,1.21357500553131,1.1559624671936,0.96236246824265,3.01413750648499,2.9467625617981,2.2045373916626,9.0730504989624,9.14805030822754,9.02295017242432,-1.65405011177063,-1.35000002384186,-2.27895021438599,-1.98082494735718,-3.54653739929199,-4.84439992904663,-3.44895005226135,-3.72900009155273,-5.96895027160645,-0.83476251363754,-0.29988750815392,0.95452499389648,-4.68586254119873,-4.59456253051758,-3.33850002288818,9.36105060577393,9.46095085144043,5.59800004959106,-1.52505004405975,-5.36895036697388,-10.0129508972168,-9.38203716278076,-10.6123876571655,-12.191575050354,-27.2749519348145,-26.0970020294189,-21.4020004272461,-7.69724988937378,-16.7942504882813,-18.2709999084473,-5.75643730163574,-16.0397872924805,-18.5926132202148,-73.5799560546875,-64.3279495239258,-37.9159507751465,-23.4679508209229,-29.8530006408691,-23.6380519866943,-19.0269756317139,-15.647500038147,-9.96654987335205,60.8200531005859,36.9300003051758,8.12505054473877,-8.85445022583008,-11.0402870178223,-11.2176628112793,12.3701877593994,15.1067123413086,13.3377752304077,-9.02205085754394,-2.37900018692017,-3.09195017814636,-5.03805017471313,-2.1739501953125,-1.69905006885529,5.56118726730347,8.30417537689209,7.52454996109009,8.42895030975342,10.1340007781982,8.050950050354,2.1851499080658,-3.79128742218018,-5.03030014038086,-4.53901243209839,4.7679500579834,10.8838129043579,-7.16895055770874,-6.3880500793457,-6.68505048751831,-9.79200077056885,-8.18805027008057,-6.62400054931641,POUR
-0.52786248922348,-0.3950375020504,-0.26894998550415,1.11195003986359,1.49505007266998,1.68900012969971,-0.09817499667406,0.68268752098083,1.47730004787445,0.38857498764992,0.78979998826981,1.45420002937317,8.4820499420166,9.56400012969971,8.86500072479248,2.75895023345947,-1.15605008602142,-0.62205004692078,0.9424250125885,0.57818752527237,-0.21587499976158,0.56100004911423,-0.82395005226135,-5.44395017623901,2.09288740158081,3.48136258125305,5.74846267700195,-1.68231248855591,-3.06789994239807,-3.65791249275208,9.97605037689209,6.9660005569458,-7.42695045471191,-4.6210503578186,-15.9949502944946,-14.5060510635376,-14.857837677002,-18.9756870269775,-22.705924987793,-27.5569515228271,-16.864049911499,-1.26495003700256,-14.6942119598389,-18.9448871612549,-18.1658115386963,-14.9953374862671,-17.570987701416,-15.2113494873047,-55.3920021057129,-30.2329521179199,-14.4060010910034,-37.4740524291992,-18.189001083374,-16.0260009765625,-21.3112621307373,-6.14116239547729,-1.69991254806519,28.3650016784668,-9.08700084686279,-5.23800039291382,-13.1483001708984,-9.59268760681152,5.54675006866455,14.1044750213623,9.05396270751953,-6.75991249084473,-5.61705017089844,-7.12800025939941,-6.61305046081543,2.43795013427734,-3.96795010566711,-9.50505065917969,2.57358741760254,1.10797500610352,-1.03798747062683,4.12995004653931,3.59805011749268,4.31205034255981,-6.7846622467041,-1.17122495174408,1.0456874370575,2.38053750991821,-2.76869988441467,-2.30559992790222,-6.838050365448,-7.10895013809204,-6.88095045089722,-4.68105030059814,-5.09595012664795,-4.07505035400391,POUR
-0.00439999997616,0.770687520504,1.73689997196198,6.52995014190674,8.61105060577393,8.82705020904541,1.724524974823,3.06913757324219,3.85481238365173,4.48387479782104,5.34049987792969,4.93680000305176,7.38705015182495,7.46595048904419,7.22205018997192,-1.83795011043549,-2.52300000190735,-3.07695007324219,-2.21278738975525,-6.24332475662231,-11.3166627883911,-8.52405071258545,-15.7980003356934,-26.238000869751,2.847487449646,3.59851241111755,3.91847491264343,-11.7783870697021,-10.639612197876,-7.87036228179932,3.88800024986267,-10.7059507369995,-32.6989517211914,-11.2680006027222,-2.48700022697449,8.65305042266846,-14.3177375793457,-14.7416496276855,-17.3079490661621,-27.0900020599365,-10.7440509796143,7.44705057144165,-15.8439874649048,-16.4500865936279,-15.919750213623,-20.3059997558594,-20.880199432373,-19.1600742340088,-74.0230560302734,-36.4309501647949,-15.4410009384155,-21.2500514984131,-20.6220016479492,-37.7899513244629,-14.648699760437,-9.18719959259033,-4.71239995956421,26.3770503997803,-8.46195030212402,-24.3190517425537,-12.0916128158569,-10.6457996368408,-3.98475003242493,14.6434745788574,11.4738245010376,1.41308748722076,-0.33300000429153,-6.03795051574707,-8.69204998016357,8.22705078125,4.47405004501343,-4.36304998397827,9.07651233673096,12.0572376251221,7.5312876701355,11.4679508209229,9.80895042419434,5.47800016403198,-1.26115000247955,-7.9591875076294,-8.05378723144531,1.31848752498627,14.5641374588013,14.9098119735718,-6.40200042724609,-6.47895050048828,-6.82800054550171,-8.52300071716309,-5.51700019836426,-3.05295014381409,POUR
-0.51356250047684,-0.22852499783039,0.05018749833107,0.56100004911423,0.83895003795624,0.70305001735687,0.09515000134706,0.27967500686646,0.33206251263618,0.90639996528625,1.12048745155334,1.37884998321533,8.53005027770996,8.3929500579834,8.41005039215088,-3.5220000743866,-2.90400004386902,-2.47305011749268,0.73108750581741,1.09271252155304,1.61397504806519,3.02805018424988,5.75100040435791,7.33005046844482,1.48431253433228,-0.36904999613762,-0.27390000224113,6.88751268386841,4.56912517547607,-4.31832504272461,7.83000040054321,9.3319501876831,9.09000015258789,2.83605003356934,-4.2810001373291,-18.3640518188477,-11.8629503250122,-19.8347873687744,-19.4243507385254,-38.3809509277344,-25.0159511566162,-13.3410005569458,0.87642496824265,-10.3417873382568,-11.4613122940063,-3.93304991722107,-14.6620378494263,-15.8387622833252,-75.7240524291992,-74.1120071411133,-53.6800537109375,-13.2960004806519,-11.1409502029419,-12.6900005340576,-16.2793121337891,-12.1211748123169,-7.81825017929077,50.7829513549805,13.4370002746582,-8.97195053100586,-12.5410995483398,-14.0824747085571,-12.2628002166748,17.3545627593994,16.6557865142822,11.3279371261597,-0.04800000041723,-3.75795006752014,-7.15200042724609,-4.06800031661987,-0.7579500079155,-3.00000023841858,0.85043752193451,3.26067495346069,3.96811246871948,11.9860506057739,10.5630006790161,5.7679500579834,0.42074999213219,-2.09879994392395,-3.63371253013611,-5.29704999923706,0.70248746871948,6.38041257858276,-6.30600023269653,-6.42105007171631,-6.97005033493042,-8.34600067138672,-6.17100048065186,-2.91405010223389,POUR
-3.14572501182556,-2.87113738059998,-2.57290005683899,3.40005016326904,2.94900012016296,2.66400003433228,-1.4190000295639,-1.455162525177,-1.6632000207901,-0.35681250691414,-0.24846249818802,-0.04042499884963,6.51300048828125,6.73800039291382,7.04700040817261,-4.88505029678345,-4.6690502166748,-3.85695028305054,-1.60187494754791,-1.11017501354218,-0.66165000200272,3.77805018424988,4.05105018615723,4.30500030517578,-0.74428749084473,0.0844250023365,0.08882500231266,2.1096625328064,1.97835004329681,-1.46547496318817,6.54000043869019,7.27200031280518,7.79700040817261,-5.06205034255981,-5.27805042266846,-5.84505033493042,-8.99084949493408,-15.6693620681763,-21.3736877441406,-35.60205078125,-30.8149509429932,-12.7560005187988,-6.55393743515015,-16.2142753601074,-17.0625133514404,-14.4403877258301,-17.1045875549316,-13.9900751113892,-59.0830535888672,-51.5839538574219,-36.35205078125,-4.19700002670288,-16.9750499725342,-20.7370510101318,-13.9968128204346,-14.0538749694824,-9.1463623046875,35.8570518493652,12.0739507675171,-3.72495007514954,-16.4133758544922,-18.0827617645264,-16.0491371154785,16.6524868011475,16.0110492706299,11.3988876342773,-3.00105023384094,-4.88100004196167,-6.75900030136108,-9.86595058441162,-7.59405040740967,-6.18495035171509,2.42618751525879,2.40844988822937,2.30931258201599,12.6370506286621,11.3440504074097,7.68405055999756,1.13905000686646,1.04871249198914,0.79392498731613,-0.01278750039637,4.66358757019043,7.23360013961792,-5.89395046234131,-5.5900502204895,-5.83005046844482,-7.82595014572144,-5.51505041122437,-3.39495015144348,POUR
-0.06655000150204,0.04771250113845,0.14107500016689,5.44500017166138,5.47095012664795,5.72700023651123,0.35763749480247,0.2606999874115,0.10161250084639,0.55659997463226,0.5322625041008,0.47162500023842,-6.3139500617981,-6.26805019378662,-6.28695011138916,-4.97805023193359,-4.55205011367798,-4.09905004501343,0.04124999791384,-0.01003750041127,-0.03781250119209,5.41395044326782,5.52195024490356,5.62500047683716,-0.24310000240803,-0.19717499613762,-0.20061250030994,-0.17434999346733,-0.14863750338554,-0.02103750035167,-6.31605052947998,-6.30405044555664,-6.48105049133301,-4.43505001068115,-4.65495014190674,-4.60905027389526,-0.24076250195503,-0.81303751468658,-1.8183000087738,11.2549505233765,18.996000289917,26.1589508056641,-2.36623740196228,-2.19505000114441,-1.35258746147156,3.37232494354248,3.72666239738464,3.28996253013611,-12.3370504379272,-13.8790502548218,-14.8879508972168,-8.40795040130615,-3.682950258255,-3.03105020523071,0.10064999759197,0.64281249046326,0.76367497444153,9.05205059051514,4.65195035934448,-0.62505000829697,16.9648876190186,16.0564250946045,2.91211247444153,-13.0088748931885,-15.1316003799438,-11.8958120346069,-7.83195018768311,-3.25305008888245,2.01104998588562,-4.34100008010864,-2.92605018615723,-5.14095020294189,8.60722541809082,3.60415005683899,1.52253746986389,-5.7460503578186,-5.51595020294189,-4.68705034255981,-23.516487121582,-20.320987701416,-11.1351623535156,-12.1460628509521,-5.17577505111694,2.54856252670288,5.45700025558472,5.50005006790161,5.65605020523071,-6.88005018234253,-5.52405023574829,-5.76600027084351,POUR
-0.04317500069737,-0.02901249937713,-0.00756249995902,1.97205007076263,1.92705011367798,1.94595015048981,0.00659999996424,0.04977500066161,0.0323125012219,0.19167499244213,0.2056999951601,0.16445000469685,6.6190505027771,6.59895038604736,6.6109504699707,-6.55200052261353,-6.24795007705688,-6.02205038070679,-0.06421250104904,-0.10793749988079,-0.12815000116825,2.14200019836426,2.12805008888245,2.09205007553101,0.08621250092983,0.06792499870062,0.08964999765158,0.31666249036789,0.10119999945164,-1.63129997253418,6.44100046157837,6.77400016784668,7.66305017471313,-5.81400012969971,-7.62195014953613,-10.8409509658813,-1.7158625125885,-4.4585747718811,-8.17080020904541,-25.0210514068604,-33.9640502929688,-30.2520008087158,4.97901248931885,13.7504119873047,18.3752250671387,-11.476300239563,2.21333742141724,13.4514875411987,-61.969051361084,-60.5299530029297,-48.3919525146484,-3.7350001335144,-2.59800004959106,-3.81900024414063,-11.5204372406006,-10.4537124633789,-12.208212852478,42.2640037536621,40.9530029296875,22.1430015563965,-4.97598743438721,-12.6985378265381,-16.5583000183105,9.22171211242676,17.6473007202148,20.2764377593994,-10.1770505905151,-6.35700035095215,-6.15495014190674,-4.55400037765503,-4.875,-5.15295028686523,-0.98917502164841,-0.2593249976635,0.32546249032021,14.0860509872437,11.7820501327515,6.94695043563843,-2.01258754730225,-1.63185000419617,-1.46052503585815,-1.35300004482269,-0.12375000119209,0.340725004673,-6.10500049591064,-5.87295007705688,-5.84700012207031,-4.61400032043457,-3.46695017814636,-4.36995029449463,POUR
-1.11443746089935,-0.90406250953674,-0.62177497148514,1.09995007514954,1.06695008277893,1.20300006866455,-0.59276247024536,-0.52799999713898,-0.30524998903275,-0.24612499773502,0.11797499656677,0.36437499523163,9.57600021362305,9.75104999542236,9.64605045318604,0.79305005073547,1.03500008583069,1.2190500497818,0.48001250624657,0.169537499547,-0.44027498364449,1.06200003623962,-0.20400001108646,-2.38095021247864,0.2744500041008,1.00622498989105,2.37778759002686,-0.92111247777939,-1.99237501621246,-3.10474991798401,10.6590003967285,10.1659507751465,5.5770001411438,-1.49295008182526,-3.05505013465881,-6.49905014038086,-9.62541198730469,-13.7025623321533,-18.4676246643066,-24.8580017089844,-25.7209510803223,-19.6800003051758,-14.1106624603271,-18.1960620880127,-18.5983867645264,-11.7973623275757,-14.8707628250122,-14.3574752807617,-56.719051361084,-35.427001953125,-16.1400012969971,-28.312952041626,-30.2790012359619,-19.6360511779785,-18.7475757598877,-11.6170997619629,-5.65358734130859,38.1900024414063,13.1280002593994,-4.32105016708374,-11.3069000244141,-12.4695997238159,-10.2482872009277,16.4731864929199,15.0704126358032,10.7149620056152,-1.42800009250641,-4.14795017242432,-6.40500020980835,-4.01295042037964,-2.55000019073486,-3.10995006561279,1.88333749771118,2.94525003433228,2.87567496299744,12.7690505981445,10.4500503540039,6.2590503692627,-0.29026249051094,-1.80413746833801,-0.81001251935959,-3.8567373752594,-0.62741249799728,2.59627509117126,-5.41500043869019,-5.4060001373291,-6.12900018692017,-5.59605026245117,-3.80505013465881,-3.93195009231567,POUR
0.00659999996424,0.0591249987483,0.10793749988079,2.4100501537323,2.52105021476746,2.51295018196106,0.02901249937713,-0.0701249986887,-0.23430000245571,0.1553750038147,0.13282500207424,0.1900250017643,8.80500030517578,8.74095058441162,8.73300075531006,-2.53995013237,-2.12295007705688,-2.08004999160767,0.31569999456406,0.32504999637604,0.26427498459816,2.52105021476746,2.74605011940002,2.24505019187927,-0.31487500667572,-0.25162500143051,0.22907499969006,0.33715000748634,-0.87023746967316,-3.53182506561279,8.97795009613037,9.07095050811768,7.84200048446655,-2.78400015830994,-4.21695041656494,-6.47295045852661,-8.68697452545166,-14.1245498657227,-19.3939628601074,-32.7829513549805,-36.0529518127441,-21.4000511169434,-19.3111877441406,-22.256986618042,-22.0873126983643,-19.0183124542236,-18.9529991149902,-16.202449798584,-65.6430053710938,-46.7560539245605,-24.6019515991211,-17.6569499969482,-18.2970008850098,-8.0440502166748,-17.1891498565674,-12.7793874740601,-8.53311252593994,45.4540519714355,18.9910507202148,-1.81095004081726,-12.0626001358032,-13.6993999481201,-11.1698122024536,20.0475006103516,19.0558490753174,12.9376497268677,-1.86405003070831,-3.22200012207031,-5.73900032043457,0.77400004863739,-3.04800009727478,-7.16700029373169,-0.76532500982285,2.00777506828308,2.79812502861023,12.0670509338379,11.2339506149292,8.19705009460449,-0.50531250238419,-1.12681245803833,-2.28909993171692,-3.58063745498657,-1.41996252536774,0.61283749341965,-5.91105031967163,-5.61705017089844,-5.85795021057129,-6.9330005645752,-5.51895046234131,-2.95395016670227,POUR
0.64528751373291,0.856625020504,0.89058750867844,4.91100025177002,5.11905002593994,4.21905040740967,0.4446749985218,0.94765001535416,1.22319996356964,2.0237250328064,1.76412498950958,1.12639999389648,8.10300064086914,7.96695041656494,8.02200031280518,-3.68505024909973,-3.34500026702881,-3.18195009231567,-1.04981243610382,-1.7216374874115,-2.54581236839294,1.17900002002716,0.23805001378059,-5.62395048141479,2.1704375743866,3.39404988288879,4.18632507324219,-4.35118770599365,-7.54558753967285,-9.57412528991699,9.54000091552734,6.42705011367798,-8.54805088043213,-10.7190008163452,-13.3200006484985,-6.6739501953125,-13.3194875717163,-16.7261867523193,-18.9169750213623,-36.6610527038574,-20.0419502258301,0.01500000059605,-9.87167453765869,-14.8222246170044,-14.941162109375,-17.3255500793457,-23.7929992675781,-23.1409740447998,-78.6550521850586,-62.6059532165527,-30.1489505767822,-5.43300008773804,-2.13795018196106,-1.17300009727478,-17.5036125183105,-14.655574798584,-8.14976215362549,62.1850547790527,20.9260501861572,-14.5309505462646,-14.1996250152588,-12.7330503463745,-7.4441123008728,16.5448246002197,11.1703624725342,0.88233751058578,-0.81000006198883,-3.05595016479492,-4.76895046234131,-4.09395027160645,-0.591000020504,-1.59900009632111,7.51671266555786,4.06491231918335,-1.42202496528625,12.3570003509521,10.7400007247925,7.01805019378662,-3.47173738479614,-2.00392508506775,0.36561250686646,13.0762500762939,13.7806625366211,-1.08638751506805,-6.31800031661987,-6.00195026397705,-6.39495038986206,-4.03005027770996,-3.39495015144348,-1.47000002861023,POUR
-0.06063750013709,-0.09336250275373,-0.13227500021458,3.98595023155212,3.89295029640198,3.83805012702942,-0.16596250236034,-0.3602499961853,-0.38046249747276,-0.0559624992311,-0.18328750133514,-0.20748749375343,8.11800003051758,8.21805000305176,8.25195026397705,-2.91600012779236,-3.60600018501282,-3.41400027275085,-0.36561250686646,-0.30112498998642,-0.68282496929169,3.79005026817322,2.23095011711121,-4.02600002288818,0.8457624912262,1.83548748493195,1.82448744773865,-2.37806248664856,-5.57810020446777,-9.03457450866699,9.08295059204102,4.29105043411255,-6.98205041885376,-9.69195079803467,-1.31895005702972,6.5310001373291,-19.7570991516113,-23.4445743560791,-24.5898132324219,-4.53900003433228,7.31505012512207,20.4259510040283,-21.4395503997803,-20.714786529541,-12.2549619674683,-16.5583000183105,-15.0614748001099,-7.27127504348755,-33.4039497375488,-19.8960018157959,-14.8159503936768,-15.4200010299683,-14.9800510406494,-9.61500072479248,-13.7491750717163,-8.95839977264404,-4.62068748474121,11.0350503921509,0.43905001878738,-1.62405002117157,-9.56229972839356,-5.2791748046875,-0.78759998083115,7.38141250610352,2.58733749389648,-1.06260001659393,-3.45405006408691,-4.69200038909912,-5.26905012130737,-1.50105011463165,-1.17495000362396,-0.61200004816055,1.89199995994568,-0.40067499876022,-1.7352499961853,7.54095029830933,5.17695045471191,4.78905010223389,-1.32605004310608,-0.33109998703003,0.24928750097752,0.65986251831055,-2.28414988517761,-4.62646245956421,-5.62605047225952,-5.95695018768311,-6.70905017852783,-4.83000040054321,-5.07195043563843,-4.07295036315918,POUR
-0.28751251101494,-0.80698752403259,-1.35300004482269,3.25305008888245,2.37195014953613,1.77105009555817,0.60981249809265,0.32353749871254,0.28366249799728,-0.84026247262955,-1.23846244812012,-1.29167497158051,8.82000064849854,8.66595077514648,8.70900058746338,-2.63595008850098,-3.22995018959045,-3.07695007324219,-2.44048738479614,-2.33282494544983,-3.05002498626709,0.96405005455017,-3.4830002784729,-10.9170007705688,0.20446249842644,0.51974999904633,0.62631249427795,-3.65323758125305,-5.35782480239868,-6.7922248840332,8.33100032806396,3.33300018310547,-9.10605049133301,-3.87900018692017,-1.20105004310608,9.64200019836426,-14.9472122192383,-18.1609992980957,-19.8273620605469,-19.2439517974854,-10.8229503631592,1.42800009250641,-25.0571746826172,-25.1047496795654,-22.7563877105713,-16.0587615966797,-15.0013875961304,-12.7128372192383,-57.6049537658691,-37.2280502319336,-16.8780002593994,-25.8700504302979,-28.4899520874023,-26.6119518280029,-14.1296377182007,-8.65493774414063,-3.56358742713928,37.6360511779785,7.51905012130737,-12.2580003738403,-12.4337120056152,-11.4753370285034,-7.21283769607544,16.0575256347656,12.4553003311157,5.25414991378784,0.5500500202179,-1.28400003910065,-3.74805021286011,0.30195000767708,0.82905006408691,-2.30100011825562,3.14050006866455,5.47758769989014,4.95027494430542,9.87795066833496,11.8350009918213,9.28905010223389,0.22879999876022,-5.00376224517822,-5.66362476348877,-1.8657374382019,9.687424659729,17.410249710083,-4.89600038528442,-4.5799503326416,-4.45005035400391,-6.70995044708252,-5.57505035400391,-4.39604997634888,POUR
-0.02268750034273,-0.22962500154972,-0.46090000867844,1.77600014209747,1.51005005836487,1.25805008411407,0.37798750400543,0.89787501096725,1.37307500839233,0.17847499251366,0.43491250276566,0.72036248445511,8.97495079040527,8.83395004272461,8.88705062866211,-3.67095017433167,-4.06800031661987,-3.6540002822876,-0.98449999094009,-1.02244997024536,-1.01131248474121,0.82200002670288,0.53505003452301,0.02700000070035,-0.030387500301,0.26922500133514,1.0760749578476,-1.50026249885559,-4.27583742141724,-6.26725006103516,11.1720008850098,9.44700050354004,1.87200009822845,-4.81500005722046,-5.87895011901855,-6.39600038528442,-12.0212125778198,-17.8255004882813,-19.3186130523682,-33.0160522460938,-11.8320007324219,2.08905005455017,-18.4362754821777,-19.5041007995605,-18.7269496917725,-19.7058124542236,-20.7010364532471,-19.0326118469238,-75.8479537963867,-51.0190505981445,-20.3749504089355,-10.2829504013062,-20.0719509124756,-27.9630012512207,-15.5827369689941,-10.8708877563477,-6.07681226730347,43.7359504699707,7.10505056381226,-16.0639514923096,-13.7238750457764,-13.8707246780396,-10.1050128936768,17.8975505828857,15.027512550354,6.63327503204346,0.20205001533031,-1.39395010471344,-4.52895021438599,-2.0590500831604,0.41700002551079,-1.5289500951767,4.75653743743896,7.50089979171753,7.70989990234375,9.57900047302246,12.2659502029419,10.7449502944946,0.57695001363754,-4.37951231002808,-3.96907496452332,-3.08673739433289,11.1567497253418,19.4776992797852,-4.97205018997192,-5.4060001373291,-5.23305034637451,-6.18495035171509,-4.26405000686646,-4.00305032730103,POUR
-0.5878124833107,-0.43601250648499,-0.40548750758171,4.47705030441284,4.18305015563965,4.27905035018921,0.17586250603199,0.44343748688698,0.80836248397827,0.78691250085831,0.73892498016357,0.69080001115799,8.38800048828125,8.37900066375732,8.48700046539307,-3.64395022392273,-4.01295042037964,-3.20595026016235,-0.74428749084473,-0.97583746910095,-1.50177502632141,3.3880500793457,1.69905006885529,-7.41495037078857,1.76151251792908,3.25806260108948,3.53182506561279,-3.10310006141663,-6.53620004653931,-9.59667491912842,9.67005062103272,2.01300001144409,-13.4080505371094,-14.2830009460449,-4.67400026321411,6.29400014877319,-16.2954006195068,-19.7539367675781,-22.0317630767822,-17.0890502929688,-7.87305021286011,3.37995004653931,-20.5390625,-20.4435005187988,-13.1121377944946,-20.4514751434326,-16.6216869354248,-7.8674750328064,-50.6479530334473,-21.8640003204346,-14.3059511184692,-17.2860012054443,-18.5940017700195,-16.0020008087158,-10.8985252380371,-5.83646249771118,-2.03926253318787,23.4199504852295,4.11105012893677,-6.59895038604736,-11.1024370193481,-5.4892749786377,-0.20941250026226,9.72853755950928,1.31023752689362,-8.06712532043457,-1.51200008392334,-3.50400018692017,-4.63695001602173,-3.54105019569397,-3.11505007743835,-3.94605016708374,4.26772499084473,3.20498752593994,0.62631249427795,8.77200031280518,8.3929500579834,6.52305030822754,-3.17006254196167,-2.40198755264282,-0.97033751010895,6.76156234741211,11.3607997894287,7.60718727111816,-5.67600011825562,-5.5639500617981,-5.80605030059814,-6.1230001449585,-4.95900011062622,-5.15100002288818,POUR
1.22141253948212,1.28658747673035,0.79035001993179,1.8550500869751,0.54195004701614,-1.15005004405975,-0.26124998927116,0.61489999294281,1.56667494773865,1.2112375497818,0.51686251163483,-0.3286249935627,8.42205047607422,8.53905010223389,8.35004997253418,-1.95795011520386,-2.44200015068054,-4.4850001335144,-4.58686256408691,-5.38656234741211,-5.77101230621338,-4.56105041503906,-6.49995040893555,-14.1430511474609,4.40068769454956,4.291100025177,3.88616251945496,-1.05531251430511,-2.07583737373352,-4.98822498321533,8.51294994354248,4.25205039978027,-25.4140510559082,-10.1830501556396,-6.40605020523071,5.28600025177002,-10.9313879013062,-13.961199760437,-17.9381122589111,-16.7100009918213,-4.98000001907349,5.59095048904419,-16.1403007507324,-17.1115989685059,-17.2937870025635,-21.9008617401123,-21.2278003692627,-19.4198131561279,-66.5460052490234,-41.4319534301758,-16.7490005493164,-17.0250015258789,-22.2889518737793,-23.7000007629395,-13.1367502212524,-6.96863746643066,0.32958748936653,36.2860527038574,10.8240003585815,-13.4130010604858,-13.9948873519897,-9.67642498016357,-3.06721258163452,15.6463994979858,5.98619985580444,-6.86083745956421,-0.30705001950264,-2.94600009918213,-4.36605024337769,0.21300001442432,-4.57305002212524,-5.70600032806396,2.01767492294312,2.90881252288818,1.74748754501343,8.47200012207031,8.36400032043457,7.18800020217896,-3.25971245765686,-3.8923499584198,-1.86559998989105,4.89183759689331,14.5274248123169,8.03660011291504,-4.41900014877319,-4.72605037689209,-5.47500038146973,-7.57695055007935,-4.93005037307739,-4.2960000038147,POUR
0.01814999990165,0.04262499883771,0.1538625061512,3.23400020599365,3.36600017547607,3.56205010414124,-0.1907124966383,-0.48056250810623,-0.57777500152588,0.5018749833107,0.64611250162125,0.7510250210762,8.56305027008057,8.62305068969727,8.4460506439209,-3.22695016860962,-3.01905012130737,-3.13395023345947,0.34787499904633,0.34622499346733,0.30662500858307,4.2330002784729,4.57305002212524,3.76800012588501,0.29589998722076,0.88481247425079,2.6371123790741,1.5217125415802,-4.60528755187988,-8.93103790283203,7.50000047683716,8.73795032501221,0.94005006551743,-3.59400010108948,-13.0849504470825,-6.79395055770874,-12.1628370285034,-16.1772880554199,-18.6621875762939,-23.9509506225586,-17.4550514221191,-10.4740505218506,-11.0374002456665,-10.9394998550415,-11.0314874649048,-13.027850151062,-10.5067873001099,-8.10809993743896,-63.4560012817383,-51.1600532531738,-28.666051864624,-13.6030502319336,-16.021951675415,-23.3980503082275,-13.8073377609253,-9.52173709869385,-4.62220001220703,47.7649536132813,24.3079509735107,2.36505007743835,-13.4839372634888,-13.5580501556396,-10.4154872894287,20.8558616638184,17.7658252716064,9.36979961395264,-4.66095018386841,-0.81195002794266,-1.77705013751984,-5.05005025863647,-1.81200003623962,-5.00505018234253,-0.03011249937117,1.60654997825623,2.73762488365173,4.71900033950806,9.05400085449219,10.1940002441406,-0.07562500238419,-3.73601245880127,-3.09801244735718,-8.47151279449463,10.0449247360229,14.3893747329712,-4.6560001373291,-4.94595003128052,-4.76895046234131,-6.06795024871826,-4.57605028152466,-5.09100008010864,POUR
-1.00443744659424,-0.28792500495911,-0.28792500495911,-0.03405000269413,0.17805001139641,0.49905002117157,-1.61796247959137,-1.16888749599457,-0.75446248054504,-0.70069998502731,-0.26688748598099,0.15853749215603,9.07605075836182,9.83505058288574,10.2160501480103,3.13995003700256,5.0440502166748,2.13600015640259,1.12351250648499,0.87505000829697,0.88838750123978,0.33600002527237,1.57905006408691,0.17295001447201,-0.38995000720024,-0.85593748092651,-0.09267500042915,0.09624999761581,-0.81152498722076,-0.17710000276566,11.0040006637573,11.6959505081177,2.92995023727417,6.67695045471191,4.42095041275024,0.37605002522469,-12.3063879013062,-14.5690870285034,-16.6292495727539,-2.12205004692078,-26.1589508056641,-6.97695016860962,-3.70177507400513,-2.64742493629456,-4.99138736724854,9.55446243286133,14.1239995956421,12.245062828064,-19.4260501861572,-6.3880500793457,-0.03405000269413,-26.7730522155762,-18.3589515686035,-14.2729511260986,-8.72588729858398,-3.01441240310669,6.55049991607666,6.05100011825562,2.03700017929077,3.3469500541687,-16.4873504638672,-15.7964124679565,-13.7455997467041,14.2909250259399,13.6471500396729,8.50767517089844,-1.49205005168915,-2.2300500869751,-2.0029501914978,-3.53895020484924,-3.93195009231567,-7.62705039978027,-0.17586250603199,0.33660000562668,0.63731247186661,4.87005043029785,3.10695004463196,4.04595041275024,2.95226240158081,2.88997507095337,3.21708750724792,-2.66543745994568,-2.56492495536804,-2.90111255645752,-4.23495006561279,-4.39305019378662,-4.8600001335144,-5.10300016403198,-7.47105026245117,-7.36605024337768,POUR
0.18177500367165,0.07975000143051,-0.18864999711514,2.35995006561279,2.17095017433167,2.2020001411438,0.04647500067949,0.03753750026226,-0.00481249997392,-0.13323749601841,-0.11233749985695,0.03904999792576,9.04500007629394,9.06900024414062,9.25095081329346,-1.85700011253357,-1.78095006942749,-1.63005006313324,0.0027499999851,0.26688748598099,0.55838751792908,3.36795020103455,3.69405007362366,0.8440500497818,0.44948750734329,0.60348749160767,1.41707503795624,0.78264999389648,-2.06305003166199,-6.14556264877319,10.2370500564575,11.076000213623,9.56700038909912,-3.66600012779236,-5.38500022888184,-6.04200029373169,-12.4368753433228,-16.7319622039795,-20.3483505249023,-44.2339515686035,-34.5510025024414,-19.3549518585205,-2.63106250762939,-21.734899520874,-21.6677989959717,-6.20606231689453,-19.7195625305176,-17.1880493164063,-78.5350570678711,-27.7080020904541,-11.0560503005981,-22.945951461792,-27.5419521331787,-26.2200012207031,-17.5856990814209,-10.0677499771118,-3.31209993362427,16.0480499267578,-9.54900074005127,-14.7660007476807,-13.6353244781494,-13.801287651062,-7.84643745422363,18.2069244384766,14.9590377807617,4.33729982376099,-3.44895005226135,-6.61500024795532,-7.26405048370361,1.09500002861023,-2.03205013275146,-4.55700016021729,2.86206245422363,1.97051250934601,-3.18271255493164,12.7930507659912,11.1070508956909,5.75100040435791,-4.29742479324341,-5.58538770675659,-3.08563756942749,11.3396253585815,10.0753126144409,1.0451375246048,-5.46600008010864,-5.60700035095215,-6.00195026397705,-6.88905048370361,-3.80205011367798,-1.71600008010864,POUR
-0.10202500224113,-0.09968750178814,-0.01869999989867,3.09795022010803,3.22695016860962,3.36600017547607,0.32532501220703,0.17957499623299,0.03355000168085,0.32257500290871,0.48730000853539,0.56952500343323,8.3569507598877,8.44799995422363,8.50800037384033,-2.89005017280579,-3.06900024414063,-3.25605010986328,0.57928746938705,0.71761250495911,0.86143749952316,4.58700037002563,5.77305030822754,6.1080002784729,0.01512499991804,0.16005000472069,0.0622874982655,2.07652497291565,2.32925009727478,-0.0417999997735,8.52000045776367,8.90295028686523,12.2590503692627,-2.5639500617981,-4.11794996261597,-10.0129508972168,-5.54290008544922,-17.0851993560791,-21.8649749755859,-35.1660003662109,-29.4300022125244,-15.8629503250122,-5.71023750305176,-17.8607006072998,-18.4600620269775,-11.0327253341675,-17.5480251312256,-15.4188375473022,-75.5560531616211,-68.2660522460938,-41.7499504089355,-11.3350505828857,-19.3909511566162,-20.965051651001,-19.9171504974365,-16.0539493560791,-10.9044370651245,58.1659545898438,41.3170509338379,8.93895053863525,-10.9982128143311,-14.0178499221802,-10.0918121337891,21.7497501373291,19.0554370880127,10.0579872131348,-2.35695004463196,-2.8000500202179,-4.86495018005371,-4.6429500579834,-6.21405029296875,-4.84905004501343,-1.34447503089905,0.39723750948906,0.76546251773834,15.72705078125,11.2120504379272,4.74105024337769,-1.48623752593994,-1.18277502059937,-0.29507499933243,-0.12484999746084,3.09347486495972,5.97561264038086,-5.10900020599365,-5.37495040893555,-5.97600030899048,-2.12805008888245,-3.15795016288757,-4.85400009155273,POUR
0.49046251177788,0.62177497148514,0.67883747816086,2.41500020027161,2.64300012588501,2.55900001525879,0.48523750901222,0.35461249947548,0.19868749380112,0.83668750524521,0.62260001897812,0.34773749113083,9.06900024414062,9.13094997406006,9.13304996490478,-2.39400005340576,-2.37705016136169,-2.24100017547607,0.23911249637604,0.18301250040531,0.00453749997541,2.74995017051697,2.382000207901,-2.38800001144409,-0.73136252164841,0.1104125007987,1.61878752708435,-1.5329874753952,-4.05336236953735,-5.87400007247925,10.042950630188,8.32605075836182,-4.77405023574829,-5.1889500617981,-7.40700054168701,-4.48695039749146,-15.3157119750977,-20.2299633026123,-23.2161865234375,-20.9449501037598,-13.4839506149292,-1.60995006561279,-20.5132122039795,-22.8773880004883,-22.4868869781494,-17.657886505127,-18.3441505432129,-16.2501621246338,-59.8159523010254,-40.9189529418945,-19.2349510192871,-19.7100009918213,-23.4559516906738,-24.6220512390137,-17.8616619110107,-11.8441123962402,-1.27366244792938,40.900951385498,13.252950668335,-8.73300075531006,-14.6775751113892,-12.3118877410889,-6.70257472991943,15.7596998214722,10.6149997711182,3.84106254577637,-1.57905006408691,-3.86595010757446,-5.35995006561279,-1.41000008583069,-3.25905013084412,-0.76995003223419,3.72322487831116,0.51163750886917,-1.67461252212524,12.1650009155273,3.39000010490417,1.93605005741119,-2.78217506408691,-2.0257875919342,-0.16307500004768,3.31704998016357,-2.62322497367859,-5.34916257858276,-4.94805002212524,-5.73195028305054,-6.49095010757446,-6.07005023956299,-6.61200046539307,-5.86695051193237,POUR
-0.62947499752045,-0.30401250720024,0.07053750008345,1.81605005264282,2.08004999160767,2.37705016136169,-0.49774998426437,-0.62521249055862,-0.61682498455048,0.08016250282526,0.14616249501705,0.26894998550415,9.3390007019043,9.45195007324219,9.47294998168945,-1.28505003452301,-1.40505003929138,-1.55595004558563,0.90694999694824,-0.34581249952316,-3.3015124797821,2.51100015640259,-8.94105052947998,-21.2059516906738,1.91317498683929,3.23028755187988,2.71961259841919,-4.69328737258911,-6.21403741836548,-6.53661251068115,-4.94100046157837,-28.6380004882813,-52.2720031738281,-5.36100006103516,3.3120002746582,-5.01705026626587,-26.806999206543,-28.5502243041992,-26.4530754089355,0.37695002555847,16.6440010070801,46.045051574707,-20.7807865142822,-6.86894989013672,-11.6001873016357,-13.4382877349854,13.6739625930786,20.0195865631104,-22.4680519104004,-12.3030004501343,-3.76995015144348,-21.2839508056641,-2.45895004272461,-4.10400009155273,-2.8254873752594,-1.43756246566772,-2.49686241149902,-10.3249502182007,-4.96500015258789,2.50395011901855,-5.04295015335083,-0.75019997358322,-1.17645001411438,-0.73617500066757,-10.5866746902466,-10.9866628646851,-3.99795007705688,-5.29800033569336,-6.03300046920776,0.55305004119873,-1.56105005741119,-4.49700021743774,2.45918750762939,1.09944999217987,-0.77536249160767,6.11505031585693,3.19800019264221,1.5529500246048,1.74061250686646,1.67145001888275,1.60187494754791,8.94231224060059,-0.78457498550415,-6.85685014724731,-4.87395000457764,-5.28105020523071,-5.88000011444092,-5.96700048446655,-6.89400053024292,-5.86395025253296,POUR
1.51401245594025,1.67557501792908,1.98797500133514,2.23800015449524,1.65405011177063,1.76595008373261,1.24162495136261,0.47368749976158,-0.33880001306534,1.12502503395081,0.51878750324249,0.01869999989867,7.44000053405762,7.47795057296753,7.75395059585571,8.03295040130615,8.01600074768066,6.90495014190674,-0.01429999992251,0.49224999547005,1.8293000459671,2.86500024795532,2.90595006942749,0.0,1.73800003528595,2.11667490005493,2.43636250495911,2.38645005226135,3.15053749084473,4.48373746871948,9.30600070953369,9.2989501953125,4.61400032043457,4.82595014572144,4.71105003356934,3.50595021247864,-8.99978733062744,-14.3570623397827,-17.7845249176025,-25.8640518188477,-19.9630508422852,-22.3120517730713,-12.7832374572754,-23.9659748077393,-24.4338874816895,7.61557483673096,0.515625,-1.59293746948242,-40.5529518127441,-27.6049518585205,-16.4010009765625,-46.1749534606934,-26.6989517211914,-18.8070011138916,-16.079662322998,-6.76871252059937,0.87408751249313,23.1900005340576,8.97300052642822,2.29305005073547,-12.4174871444702,-10.8079128265381,-6.5833625793457,20.5077133178711,17.3945751190186,12.2284250259399,-8.45205020904541,-7.22100019454956,-6.39300012588501,-0.29595002532005,-3.95100021362305,-5.03295040130615,4.91452503204346,5.43015003204346,4.02159976959229,9.32700061798096,8.55600070953369,6.95895051956177,-2.51955008506775,-2.76897501945496,-1.46189999580383,-4.19801235198975,-3.87529993057251,-2.22763752937317,-6.03300046920776,-6.10500049591064,-6.25395011901855,-4.50405025482178,-3.52005004882813,-2.45595002174377,POUR
-1.26843750476837,-1.13767504692078,-0.84232497215271,2.11800003051758,2.11094999313354,2.4060001373291,0.12388750165701,0.09528750181198,0.04028749838471,-0.00797499995679,0.17806249856949,0.38541248440742,9.43305015563965,9.58395004272461,9.6940507888794,-0.05400000140071,-0.11400000751019,0.00495000043884,0.51823747158051,0.77027499675751,0.79983747005463,3.42105007171631,3.5550000667572,2.0460000038147,1.26018750667572,2.12547492980957,3.93318748474121,1.08019995689392,-1.2780624628067,-4.0511622428894,10.6879501342773,9.07605075836182,-6.4960503578186,-5.01705026626587,-8.04104995727539,-4.06800031661987,-16.4715366363525,-22.3331623077393,-25.7790489196777,-20.6410503387451,-4.74000024795532,-0.53895002603531,-17.1389617919922,-20.8454132080078,-16.9688739776611,-11.2123003005981,-10.6760501861572,-5.48501253128052,-44.0089530944824,-14.0230503082275,-9.42000007629394,-46.7280006408691,-1.82895004749298,1.80105006694794,-13.3229246139526,-4.7163872718811,-0.26372501254082,14.9029502868652,2.07300019264221,1.36395001411438,-14.40505027771,-11.7952995300293,-6.38233757019043,17.3146877288818,14.3409748077393,7.64348745346069,-1.38705003261566,-3.175950050354,-4.01205015182495,1.32705008983612,-3.91200017929077,-7.82805013656616,1.3527250289917,1.24038743972778,0.80162501335144,4.58505010604858,5.1340503692627,4.27395009994507,0.96703749895096,0.01196249946952,0.51232498884201,-8.70072460174561,-5.1192626953125,-3.90953755378723,-4.62000036239624,-5.1589503288269,-5.56605005264282,-6.22605037689209,-5.77305030822754,-4.72200012207031,POUR
-0.4643374979496,-0.54656249284744,-0.44879999756813,2.08905005455017,2.26395010948181,2.45595002174377,-0.03506249934435,0.04289999976754,0.19401249289513,-0.18108749389648,0.09955000132322,0.46997499465942,9.00900077819824,9.11400032043457,9.15000057220459,-1.74705004692078,-1.82400012016296,-1.92495012283325,0.48482498526573,0.69492501020432,0.43958750367165,4.07295036315918,2.98305010795593,-5.41995048522949,0.73356246948242,1.80372500419617,3.23138737678528,-1.90368747711182,-6.60330009460449,-9.50001239776611,8.43900012969971,0.4200000166893,-20.1300010681152,-5.32500028610229,-5.8090500831604,-1.87395012378693,-19.5423240661621,-24.6272125244141,-25.9353866577148,-9.35805034637451,9.83505058288574,21.6349506378174,-20.3950996398926,-22.2403507232666,-10.5811748504639,-21.4469757080078,-20.3589382171631,-0.14808750152588,-32.8309516906738,-17.9680500030518,-7.22100019454956,-32.5020027160645,-24.4110012054443,-12.2380504608154,-8.28588771820068,-2.59544992446899,1.00539994239807,4.56405019760132,-0.5869500041008,1.32105004787445,-14.0184001922607,-7.39021253585815,-0.10078749805689,10.187237739563,5.44472503662109,0.97789996862411,-4.03800010681152,-4.98405027389526,-4.80000019073486,3.65700006484985,-0.90900003910065,-5.10300016403198,3.21956253051758,2.85683751106262,1.30515003204346,3.68505024909973,2.74995017051697,3.80400013923645,0.02818750031292,-3.81383752822876,-4.29948759078979,-4.8437123298645,-4.21465015411377,-4.53873729705811,-5.28600025177002,-5.53500032424927,-5.85105037689209,-6.88905048370361,-5.95500040054321,-5.24895048141479,POUR
-0.03423750028014,-0.03877500072122,-0.05871250107884,2.83395004272461,2.88000011444092,2.92500019073486,0.16761249303818,0.03011249937117,0.04922499880195,0.46708750724792,0.62809997797012,1.03881251811981,8.32605075836182,8.25195026397705,8.32395076751709,-3.33795022964478,-3.42900013923645,-3.87705016136169,-0.02392499893904,-0.38788750767708,-1.24918746948242,2.42204999923706,-0.61800003051758,-7.83900022506714,1.44553744792938,1.70280003547668,1.72273743152618,-2.79853749275208,-7.97197484970093,-11.1762752532959,7.97205018997192,3.8620502948761,-12.9049501419067,-4.3840503692627,-1.98900008201599,3.6739501953125,-15.5706377029419,-19.492000579834,-20.9979000091553,-18.7339515686035,-3.78705024719238,8.32095050811768,-13.5284872055054,-15.0158252716064,-16.035249710083,-19.645450592041,-17.8433742523193,-15.3705749511719,-53.2320022583008,-28.5250511169434,-10.6150503158569,-26.6890506744385,-34.1760025024414,-29.8650016784668,-13.510199546814,-9.99322509765625,-2.48077487945557,24.7180519104004,7.52895021438599,-4.03605031967163,-17.1851615905762,-18.1306133270264,-15.0094995498657,17.0022869110107,16.1255874633789,11.6901121139526,0.49200001358986,-1.71000003814697,-2.26800012588501,-1.21800005435944,-3.20100021362305,-6.18300008773804,3.93525004386902,1.17493748664856,0.57791250944138,7.43505048751831,7.47105026245117,6.47505044937134,-1.91949999332428,-4.16239976882935,-3.81356239318848,-1.7467999458313,2.09330010414124,5.43757486343384,-3.60195016860962,-3.8970000743866,-4.11300039291382,-4.81095027923584,-4.51395034790039,-5.14605045318604,POUR
0.19332499802113,0.22522500157356,0.23553749918938,3.706050157547,3.9019501209259,3.75195026397705,0.12581250071526,0.74071252346039,0.88934999704361,0.80162501335144,0.93582499027252,0.62548750638962,7.68000030517578,7.92105054855347,7.97400045394897,-4.80600023269653,-5.00700044631958,-4.69305038452148,-1.38256251811981,-1.68671250343323,-1.92334997653961,0.95400005578995,0.64500004053116,-0.73305004835129,-0.21615000069141,-0.25327500700951,0.07397499680519,-2.01547503471375,-4.32107496261597,-7.16182518005371,8.53200054168701,11.2630500793457,2.16405010223389,-6.14205026626587,-5.81205034255981,-1.54095005989075,-11.0103120803833,-19.3715496063232,-19.1250114440918,-30.1609516143799,-4.47900009155273,10.2559509277344,4.9799747467041,3.5237123966217,2.98333740234375,3.07216238975525,6.40722513198853,10.1283874511719,-53.2920036315918,-12.3510007858276,-9.64005088806152,-40.8919525146484,-32.5570526123047,-17.9779510498047,-13.1529750823975,-5.91263723373413,1.80991244316101,4.48905038833618,-5.04705047607422,1.09305000305176,-18.2668743133545,-11.7678003311157,-5.82491254806519,19.473575592041,8.64709949493408,1.99952495098114,-3.91395020484924,-3.52800011634827,-4.06905031204224,-5.96700048446655,-9.20805072784424,-7.24395036697388,0.69987499713898,1.3142249584198,0.93293750286102,3.61995005607605,2.51295018196106,3.06405019760132,-0.68089997768402,1.33416247367859,3.15039992332459,2.95350003242493,0.40603750944138,-2.61236238479614,-5.24295043945313,-5.31705045700073,-5.34405040740967,-4.14705038070679,-6.68295049667358,-7.80900049209595,POUR
-0.05115000158548,0.01842499896884,0.03299999982119,0.78405004739761,0.57105004787445,0.30495002865791,-0.38403749465942,-0.17201249301434,0.04015000164509,-0.426662504673,-0.29754999279976,-0.12993749976158,9.01395034790039,8.88195037841797,8.87205028533936,-3.69195008277893,-3.39705014228821,-2.80395007133484,-0.41868749260902,-0.23938749730587,-0.1190750002861,0.93495005369186,0.99300003051758,-2.13000011444092,0.63621246814728,1.02107501029968,1.25496244430542,-0.25011250376701,-2.52931237220764,-5.43881225585938,11.0590505599976,7.2199501991272,-2.73795008659363,-5.43300008773804,-3.27795004844666,7.25895023345947,-11.9814748764038,-17.976749420166,-21.2640991210938,-23.0170516967773,-5.65005016326904,3.1360502243042,-22.4782257080078,-24.719612121582,-24.6970615386963,-21.5605506896973,-18.7737007141113,-14.7899122238159,-62.6710548400879,-20.9110507965088,-7.40595054626465,-46.3519515991211,-48.8599510192871,-31.1680507659912,-9.63833713531494,1.05008745193481,6.44723749160767,9.78705024719238,-10.2870006561279,1.29195010662079,-15.4672374725342,-11.199649810791,-4.69974994659424,14.7239122390747,9.68770027160644,2.07061243057251,-3.66000008583069,-3.31995010375977,-2.41200017929077,-9.30105018615723,-11.8399505615234,-9.71595001220703,2.21017503738403,1.66705000400543,0.94421249628067,7.37805032730103,3.05700016021729,1.21305000782013,-5.01132488250732,1.71091246604919,3.82951259613037,5.67875003814697,-1.40799999237061,-3.70782494544983,-3.85605025291443,-4.33800029754639,-4.43805027008057,-1.92495012283325,-6.40800046920776,-9.50700092315674,POUR
-0.61105000972748,-0.1740749925375,0.13653749227524,1.11495006084442,1.64205002784729,1.67805004119873,-0.54834997653961,-0.69946247339249,-0.54834997653961,0.11453749984503,-0.14437499642372,-0.19662499427795,8.83395004272461,9.10500049591064,9.13304996490478,-2.81100010871887,-3.02400016784668,-3.16995024681091,0.48936250805855,0.3438875079155,0.18741250038147,1.92195010185242,1.92705011367798,0.83895003795624,0.1575749963522,-0.01649999991059,-0.18892499804497,-0.32147499918938,-1.68616247177124,-4.31557512283325,9.11895084381104,9.02805042266846,-1.05900001525879,-3.11700010299683,-1.95300006866455,4.6560001373291,-10.0146751403809,-18.3764629364014,-25.1924743652344,-19.2060012817383,-14.0230503082275,-2.71905016899109,-13.1807498931885,-13.1767625808716,-11.6822748184204,-11.0013751983643,-6.87018728256226,-3.36503744125366,-62.9580039978027,-48.6670532226563,-24.9799518585205,-21.5040016174316,-18.8959503173828,-19.0060501098633,-10.9140625,-9.01257514953613,-2.51927495002747,47.6400032043457,29.9629516601563,9.55695056915283,-16.9778118133545,-17.381649017334,-14.5612497329712,26.6457118988037,25.5360870361328,17.639461517334,-2.29695010185242,-0.2490000128746,-1.52805006504059,-2.70495009422302,-6.44400024414063,-9.51705074310303,-2.90331244468689,-1.26101243495941,0.19181250035763,5.0310001373291,8.19405078887939,8.98695087432861,-2.38631248474121,-1.55168747901917,-1.15390002727509,-8.75517463684082,-4.57723760604858,2.03321242332459,-4.35000038146973,-4.74195003509521,-4.84095001220703,-3.3139500617981,-2.83500003814697,-3.74700021743774,POUR
-1.80042493343353,-2.46221256256104,-2.77598738670349,0.00300000002608,0.12600000202656,0.26700001955032,-0.66165000200272,-0.94929999113083,-1.18305003643036,-1.72466254234314,-1.2364000082016,-0.73535001277924,8.79795074462891,8.81505012512207,8.84400081634521,-2.94195008277893,-3.16800022125244,-3.19605016708374,0.18576249480247,0.80038750171661,0.92798751592636,2.07705020904541,1.84500002861023,-1.93605005741119,0.10023749619722,1.15610003471375,2.67698740959167,0.23622499406338,-2.34671258926392,-7.16732501983643,14.0190010070801,9.1429500579834,-17.7619514465332,-8.29800033569336,-10.4869508743286,10.3939504623413,-15.577787399292,-18.8458881378174,-18.4624004364014,-10.7440509796143,-1.59795010089874,7.03500032424927,-19.5696868896484,-20.0294876098633,-11.1061496734619,-16.7228870391846,-13.4540996551514,-0.35447499155998,-20.6860504150391,-7.83405017852783,-11.2950000762939,-38.1520500183105,-30.0540008544922,-19.6210517883301,-5.79672479629517,1.14867496490479,5.07801246643066,-0.65700000524521,-7.13505029678345,-2.956050157547,-14.685962677002,-9.27203750610352,-2.23643755912781,11.0118246078491,3.80242490768433,-2.70228743553162,-2.50800013542175,-3.42795014381409,-4.52400016784668,-3.09795022010803,-2.69295001029968,-2.79900002479553,1.13409996032715,0.86391252279282,0.23663750290871,7.92105054855347,3.88800024986267,1.17900002002716,-1.80303752422333,-2.78684997558594,-0.61022502183914,8.95757484436035,7.02886247634888,-0.63373750448227,-4.27305030822754,-4.54800033569336,-4.72800016403198,-4.40295028686523,-5.74200010299683,-7.98195028305054,POUR
-0.84452497959137,-0.02694999985397,0.05252499878407,2.67900013923645,2.57805013656616,2.59995007514954,1.30460000038147,1.35478746891022,1.0755250453949,1.64216244220734,1.38476252555847,0.96401250362396,7.48605012893677,7.62900018692017,7.65300035476685,-5.00700044631958,-4.64100027084351,-4.83495044708252,-0.40094998478889,-0.57543748617172,-0.66096252202988,1.78005003929138,1.93905007839203,2.63100004196167,-0.02461249940097,0.20295000076294,0.35694998502731,0.19607499241829,0.99549996852875,-0.69795000553131,7.78305053710938,7.30395030975342,8.8080005645752,-4.79100036621094,-6.39405012130737,-6.57105016708374,-4.50408744812012,-8.98892498016357,-18.308536529541,-25.2010517120361,-26.8320007324219,-9.01800060272217,2.42412495613098,14.0227994918823,13.2677869796753,-8.19527530670166,12.4760627746582,16.0604133605957,-53.6299514770508,-33.6340522766113,-15.8860511779785,-12.4549503326416,-29.8219509124756,-31.4820022583008,-14.2696123123169,-10.1373252868652,-1.69179999828339,26.1499519348145,10.5649509429932,-0.60600000619888,-17.5522880554199,-18.0629615783691,-8.95963764190674,18.1753005981445,16.8187255859375,2.10003757476807,-0.98205006122589,-1.6189501285553,-4.2180004119873,-4.33395004272461,-6.88500022888184,-5.95800018310547,1.22498750686646,1.29167497158051,1.79849994182587,7.74900054931641,3.99300026893616,1.77105009555817,0.36822500824928,0.16486249864101,0.62534999847412,3.43420004844666,5.84622478485107,4.22936248779297,-4.05299997329712,-4.39499998092651,-4.44105005264282,-3.04095005989075,-5.25405025482178,-8.66205024719238,POUR
-0.87505000829697,-0.47753748297691,-0.13612499833107,0.48495003581047,0.6400500535965,0.83895003795624,0.17201249301434,0.21216249465942,0.22893749177456,0.71307498216629,0.92042499780655,0.99632501602173,8.18505001068115,8.29500007629395,8.33295059204102,-4.39394998550415,-4.32405042648315,-4.77495002746582,0.50242501497269,0.45952498912811,0.35213750600815,1.87605011463165,2.09400010108948,2.31195020675659,0.83214998245239,0.60060000419617,-0.25987499952316,1.80386245250702,-0.08566249907017,-4.84219980239868,7.36305046081543,9.90495014190674,0.39195001125336,-5.2630500793457,-1.70700013637543,6.96195030212402,-9.45615005493164,-16.5946006774902,-22.0598125457764,-25.5409507751465,-19.0240516662598,-8.19900035858154,-26.4511489868164,-27.4282245635986,-25.6015377044678,-24.4305877685547,-21.0808124542236,-17.290075302124,-73.2330017089844,-57.2989540100098,-30.2299518585205,-19.981050491333,-16.9890003204346,-17.3170509338379,-9.82863712310791,-11.9690999984741,-7.20307493209839,48.5959510803223,28.7680511474609,7.74195051193237,-15.645712852478,-17.4047508239746,-16.6651382446289,22.3576374053955,23.0264377593994,18.5589256286621,-3.61905026435852,-0.52005004882813,-2.3689501285553,-5.56995010375977,-8.38395023345947,-9.94095039367676,-0.54051250219345,-0.33164998888969,0.80616247653961,6.71400022506714,9.37800025939941,9.5710506439209,-2.35633754730225,-1.52638745307922,-1.30226254463196,-6.2396125793457,-0.97294998168945,5.09891223907471,-4.68705034255981,-4.92705011367798,-5.04900026321411,-3.08100008964539,-3.99600028991699,-4.40295028686523,POUR
-3.4018874168396,-2.90977501869202,-2.57193756103516,3.24105024337769,2.80800008773804,2.11094999313354,-1.60998749732971,-1.7575249671936,-1.90355002880096,-0.15344999730587,-0.35791251063347,-0.66247498989105,7.52400016784668,7.89300060272217,8.28299999237061,-2.21700000762939,-2.21895003318787,-2.59995007514954,-2.81063747406006,-2.91939997673035,-2.78231239318848,0.01800000108778,0.18300001323223,-2.98200011253357,0.05733750015497,0.49486249685287,0.7625749707222,-0.76010000705719,-2.36211252212524,-4.23211240768433,9.27000045776367,8.0440502166748,-3.38205027580261,-3.55605006217957,-1.6470000743866,2.24700021743774,-13.4215126037598,-17.6866245269775,-20.5664253234863,-22.4080505371094,-14.3590507507324,-1.54995012283325,-6.54211235046387,-7.10132503509521,-6.14776229858398,-7.33191251754761,-2.10306239128113,3.0667998790741,-69.4510498046875,-26.2690505981445,-13.3500003814697,-17.0370006561279,-22.336950302124,-21.2689514160156,-9.69842529296875,-4.96553754806519,-2.07789993286133,27.9510021209717,8.5489501953125,-4.75005006790161,-14.7976121902466,-11.3951749801636,-5.98922491073608,21.6700000762939,12.215087890625,3.07999992370605,0.00405000010505,-1.2150000333786,-2.73495006561279,-2.18805003166199,-4.52100038528442,-5.63400030136108,2.1012749671936,4.97488737106323,3.10103750228882,6.09600019454956,7.28700017929077,6.30195045471191,-3.36957502365112,-2.10045003890991,1.52294993400574,3.17776250839233,10.1690874099731,3.0830249786377,-5.41500043869019,-5.3580002784729,-6.25605010986328,-5.31105041503906,-5.58405017852783,-4.73895025253296,POUR
-0.71582502126694,-0.59289997816086,-0.43628749251366,3.38295006752014,3.48600006103516,3.56205010414124,0.32766249775887,0.38225001096725,0.41359999775887,0.63098752498627,0.88330000638962,1.07758748531342,8.46300029754639,8.49405002593994,8.46000003814697,-3.63900017738342,-3.54105019569397,-3.21300005912781,0.14987500011921,0.28929999470711,0.37757501006126,4.72395038604736,4.86300039291382,3.79005026817322,-0.06311249732971,-0.62287497520447,-1.92376244068146,1.46533751487732,-0.02626249939203,-4.81360006332397,6.95100021362305,8.16300010681152,7.2049503326416,-2.4250500202179,-0.98805004358292,1.93005013465881,-12.4254627227783,-18.7628364562988,-24.2532119750977,-31.7080516815186,-21.8740501403809,-11.4199504852295,-8.13560009002686,-20.237663269043,-19.9043617248535,-7.86114978790283,-17.1180629730225,-16.2339382171631,-71.8510513305664,-46.2979507446289,-31.6620006561279,-5.29005002975464,-9.13094997406006,-10.1010007858276,-15.2624998092651,-11.8764247894287,-7.25243759155273,45.7669525146484,23.3569507598877,2.76495003700256,-14.0425996780396,-15.2992124557495,-13.6706628799438,20.9257125854492,18.6454124450684,11.0603628158569,-2.2540500164032,0.49200001358986,-2.79795002937317,-6.6190505027771,-7.74900054931641,-6.20205020904541,-1.05256247520447,2.47898745536804,3.85494995117188,5.73495006561279,10.2280502319336,10.9099502563477,-1.33113753795624,0.20872500538826,-0.19965000450611,-6.81559991836548,2.28676247596741,10.3838624954224,-4.51500034332275,-4.4170503616333,-4.41900014877319,-3.42900013923645,-3.85695028305054,-4.15904998779297,POUR
0.174212500453,-0.01031249947846,-0.15207499265671,1.83795011043549,2.23605012893677,2.35304999351501,0.18933749198914,0.15070000290871,-0.02474999986589,0.50146251916885,0.42886251211166,0.27692499756813,8.00804996490479,8.41995048522949,8.47695064544678,-4.32195043563843,-3.5440502166748,-3.12000012397766,-0.50352501869202,-0.5908374786377,-0.85593748092651,1.20795011520386,0.64305001497269,-1.81605005264282,-0.40892499685287,0.08951249718666,1.16820001602173,-1.18043744564056,-3.63811254501343,-6.26257514953613,8.54699993133545,7.00395011901855,-0.07200000435114,-4.80600023269653,-6.06105041503906,-6.00795030593872,-12.2421751022339,-16.2452125549316,-19.1683254241943,-25.0159511566162,-13.0750503540039,-4.29900026321411,10.1934251785278,10.1844873428345,9.08503723144531,1.11924993991852,4.1009373664856,6.25336265563965,-73.3170013427734,-65.9970016479492,-45.0049514770508,-6.30300045013428,-11.9980506896973,-20.8399505615234,-12.6736497879028,-12.5978870391846,-4.0346622467041,55.1820030212402,31.873950958252,-5.09505033493042,-15.7722120285034,-14.7779502868652,-10.08287525177,21.0776500701904,15.4269495010376,5.06041240692139,2.0029501914978,-0.75195002555847,-2.54100012779236,-2.2219500541687,-3.88800024986267,-4.95705032348633,1.6854749917984,2.44447493553162,2.46455001831055,9.97605037689209,8.87505054473877,5.85705041885376,-1.52734994888306,-0.97157502174377,1.73676252365112,3.69737505912781,9.17193698883057,1.37720000743866,-4.54395008087158,-4.56300020217896,-6.53400039672852,-3.69195008277893,-3.43305015563965,-4.83705043792725,POUR
-1.97601246833801,-1.88911247253418,-2.07157492637634,5.11695003509521,4.18305015563965,2.35500001907349,-2.29130005836487,-2.14197492599487,-1.87893748283386,-0.82651251554489,-1.32123744487762,-1.45447504520416,7.57905054092407,7.41105031967163,7.41105031967163,-4.00800037384033,-3.58695006370544,-3.20595026016235,-2.31591248512268,-1.99031245708466,-1.61947500705719,3.22500014305115,3.15300011634827,-0.16305001080036,0.11742500215769,0.37867498397827,0.70386248826981,-0.05651250109076,-3.60126256942749,-7.54366254806519,8.12700080871582,6.1230001449585,-5.96400022506714,-4.5949501991272,-1.89105010032654,1.18095004558563,-15.2975625991821,-20.4854373931885,-22.8166122436523,-24.6360015869141,-14.0689506530762,-2.29200005531311,-21.8395366668701,-22.4518241882324,-21.8516368865967,-20.8390865325928,-18.9605617523193,-16.0136623382568,-77.9440536499023,-62.9629516601563,-33.5500526428223,-7.97700023651123,-9.31800079345703,-10.6540508270264,-13.9973621368408,-11.5380373001099,-8.38901233673096,50.7319526672363,29.9389514923096,10.1460008621216,-12.4928379058838,-13.0376119613647,-10.3442621231079,21.268087387085,18.1641616821289,9.62637519836426,-5.19495010375977,0.925950050354,0.29805001616478,-0.54000002145767,-1.80000007152557,-3.99600028991699,-2.9409875869751,2.4670250415802,8.02752494812012,0.49005001783371,5.40900039672852,8.60400009155273,-0.71060001850128,-2.57014989852905,-2.841712474823,-4.48951244354248,3.93043756484985,13.1635627746582,-5.85105037689209,-5.57100009918213,-5.39595031738281,-5.98395013809204,-6.88005018234253,-6.56895017623901,POUR
-0.32037499547005,-0.23842500150204,0.00604999996722,4.49595022201538,5.11695003509521,5.88300037384033,-0.29768750071526,0.08689999580383,0.45636248588562,0.84149998426437,1.2696750164032,1.33155000209808,8.2140007019043,8.20905017852783,8.20200061798096,-3.6780002117157,-3.48600006103516,-3.48900008201599,-0.35846251249313,-1.2175624370575,-2.33502507209778,1.49805009365082,-0.34305000305176,-1.8469500541687,1.51181244850159,1.56585001945496,1.73277497291565,-1.99979996681213,-3.85109996795654,-6.59573745727539,7.80600023269653,9.6670503616333,8.81505012512207,-5.20800018310547,-6.57600021362305,-9.26805019378662,-11.7283372879028,-16.2551116943359,-17.2837505340576,-33.0850524902344,-18.6739501953125,-11.203950881958,-8.85554981231689,-18.1237373352051,-18.7934989929199,-10.944037437439,-21.2407245635986,-20.6875629425049,-78.6550521850586,-71.4649505615234,-45.3379516601563,-17.5999507904053,-21.9970512390137,-26.5410003662109,-18.7141628265381,-14.2161245346069,-7.23951244354248,55.8379516601563,36.2639999389649,11.8230009078979,-11.7189874649048,-13.8550500869751,-13.696925163269,19.4572124481201,20.1489753723145,16.2573127746582,-9.4680004119873,-0.75000005960464,1.9410001039505,-5.24895048141479,-0.3199500143528,-0.80805003643036,0.27994999289513,1.92733752727509,3.65172505378723,-1.42995011806488,4.46295022964478,7.2199501991272,-1.1923999786377,-3.19549989700317,-3.6258749961853,-7.29258728027344,3.79981255531311,14.0038251876831,-4.39995002746582,-4.89105033874512,-5.04195022583008,-6.25695037841797,-6.94200038909912,-6.59205007553101,POUR
0.62919998168945,0.7598249912262,0.56155002117157,10.1220006942749,10.4460000991821,7.3609504699707,0.53845000267029,0.95562499761581,1.40786254405975,1.22718751430511,1.12433743476868,0.96139997243881,6.66195011138916,5.70105028152466,4.95600032806396,-2.800950050354,-2.72205018997192,-2.92605018615723,-2.12011241912842,-6.56122493743896,-11.3927001953125,-1.79205012321472,-11.3550004959106,-22.1380519866943,1.5217125415802,1.12117505073547,0.62150001525879,-8.85169982910156,-8.90491199493408,-7.88493728637695,5.25795030593872,-4.84305000305176,-18.6570014953613,-9.04305076599121,-3.09105014801025,3.19995021820068,-13.9876003265381,-12.8873252868652,-14.9733371734619,-18.3610515594482,-8.54594993591309,0.95205003023148,-19.5546989440918,-19.4324626922607,-13.5353622436523,-20.2441253662109,-18.8728370666504,-10.5505123138428,-72.6079559326172,-24.6859512329102,-11.917950630188,-21.4969501495361,-22.1340007781982,-19.7770500183105,-8.85967540740967,-3.98172497749329,-1.15499997138977,22.8420009613037,7.90200042724609,-2.2300500869751,-13.6522378921509,-11.1091747283936,-6.14652490615845,17.830587387085,10.8946752548218,2.24180006980896,-1.16895008087158,-1.01805007457733,-2.17695021629334,-3.03795003890991,-3.41895008087158,-4.46595001220703,1.71462500095367,4.31626224517822,2.18941259384155,3.43500018119812,6.21600008010864,7.10895013809204,-2.45918750762939,0.1568875014782,0.47382500767708,3.41715002059937,10.9366121292114,6.68332481384277,-5.60700035095215,-5.61705017089844,-5.55195045471191,-4.21395015716553,-5.66805028915405,-6.17295026779175,POUR
-0.2246749997139,-0.22893749177456,-0.06764999777079,2.58495020866394,2.64000010490417,2.91795015335083,0.09968750178814,0.20968750119209,0.23416249454021,0.26358750462532,0.42748749256134,0.47822499275208,7.5600004196167,7.92600059509277,8.34794998168945,-3.94395017623901,-3.89805006980896,-3.97905015945435,0.24653749167919,0.21312500536442,0.10807500034571,2.74995017051697,2.98305010795593,2.932950258255,-0.10381250083447,0.08139999955893,0.02337500080466,0.00742499995977,-0.64597499370575,-2.63257503509521,8.27400016784668,10.16100025177,8.89095020294189,-4.99305009841919,-5.08605003356934,-5.02905035018921,-10.9059495925903,-16.4381256103516,-21.3075504302979,-23.0929508209229,-18.8539505004883,-8.71305084228516,-2.9441499710083,-4.66193723678589,-6.34562492370605,-9.48750019073486,-7.2939624786377,-3.9617874622345,-69.3360061645508,-54.9130516052246,-23.8399505615234,-13.1839504241943,-29.2420520782471,-34.159049987793,-13.5385246276855,-11.0233745574951,-4.31241226196289,39.5359535217285,22.4179515838623,5.04000043869019,-14.7559499740601,-13.658974647522,-8.73331260681152,19.3066501617432,13.5862369537354,5.17646265029907,0.34395000338554,-2.15100002288818,-2.99895024299622,-0.89700001478195,-3.4980001449585,-6.80295038223267,0.57516247034073,1.23543751239777,1.12406253814697,9.45405006408691,9.52395057678223,6.22095012664795,-2.16479992866516,-2.13207507133484,-1.06328749656677,-0.08731249719858,2.45506238937378,3.22740006446838,-4.20795011520386,-4.78095006942749,-5.09895038604736,-4.97295045852661,-3.39000010490417,-3.10995006561279,POUR
-0.16032500565052,-0.06283749639988,0.16940000653267,1.48800003528595,1.56000006198883,1.88100004196167,-0.12636250257492,-0.14918750524521,-0.15125000476837,0.345124989748,0.41868749260902,0.52167499065399,7.7590503692627,7.77795028686523,7.81395053863525,-5.80395030975342,-5.61495018005371,-5.52405023574829,0.38596248626709,0.39338749647141,0.40163749456406,2.70000004768372,3.05205011367798,3.65805006027222,0.46406251192093,0.30593749880791,-0.41662499308586,1.12172496318817,-1.44883751869202,-6.17388725280762,7.2049503326416,9.71505069732666,0.24795001745224,-6.15705013275146,-2.47305011749268,2.28495001792908,-10.8432502746582,-16.0619239807129,-20.0924625396729,-28.1179504394531,-20.1190509796143,-8.65799999237061,-12.546875,-19.3913497924805,-20.351375579834,-14.6233997344971,-18.2571125030518,-16.1459369659424,-66.2369995117188,-52.0540542602539,-24.4750518798828,-8.93505001068115,-25.3840503692627,-28.8610515594482,-13.4554748535156,-12.8865003585815,-8.74541282653809,32.9610023498535,24.5329513549805,10.6470003128052,-13.0673122406006,-16.3722629547119,-17.0777740478516,17.7523498535156,20.2405490875244,18.9010257720947,-5.49000024795532,-2.19405007362366,-3.72900009155273,-4.66005039215088,-5.52195024490356,-9.91395092010498,3.98035001754761,1.71393752098084,1.26912498474121,5.82600021362305,7.10700035095215,6.69495010375977,-1.94342494010925,-1.19515001773834,-0.38513749837875,-3.56262493133545,-2.46496248245239,0.57296252250671,-5.41305017471313,-5.60205030441284,-5.62395048141479,-3.61500024795532,-3.60600018501282,-4.01999998092651,POUR
-1.09615004062653,-1.12969994544983,-1.09504997730255,1.04295003414154,1.11705005168915,1.0639500617981,0.16362500190735,-0.2238499969244,-0.77165001630783,-0.03781250119209,-0.14451250433922,-0.02736249938607,8.77905082702637,8.94195079803467,9.20505046844482,-2.38695001602173,-2.69805002212524,-2.89905023574829,0.20460000634193,0.76298749446869,0.97693747282028,3.74700021743774,3.79005026817322,-2.40300011634827,0.11233749985695,1.47757494449615,2.93026256561279,0.17723749577999,-2.63807487487793,-5.67929983139038,10.7329502105713,3.80700016021729,-8.35605049133301,-8.0580005645752,-7.96695041656494,-0.06105000153184,-14.7437124252319,-19.4877376556396,-21.6189880371094,-22.219051361084,-11.1280508041382,-1.24095010757446,-8.86118698120117,-10.2035999298096,-10.9304246902466,-13.4376001358032,-10.4648494720459,-7.64610004425049,-58.0000534057617,-43.2949523925781,-21.177001953125,-27.2610015869141,-27.5350513458252,-27.738000869751,-14.8084745407104,-11.2330627441406,-3.69696259498596,34.5640525817871,15.2329511642456,0.49695003032684,-17.2127990722656,-19.0026378631592,-17.6492252349854,18.1416130065918,17.5069122314453,12.3884744644165,2.06595015525818,0.47805002331734,-1.43505001068115,-7.2199501991272,-5.59905004501343,-4.56900024414063,1.41240000724792,-0.7071624994278,-0.21202500164509,7.54995012283325,8.94900035858154,7.60500049591064,-0.47657498717308,0.70248746871948,1.20284998416901,1.13905000686646,5.39467477798462,7.0544376373291,-3.60000014305115,-3.97605013847351,-3.97800016403198,-5.14605045318604,-6.67095041275024,-7.14795017242432,POUR
-0.13296249508858,0.06393750011921,0.28668749332428,2.16105008125305,2.22795009613037,2.36505007743835,0.37097498774529,0.31501248478889,-0.0114124994725,0.68708747625351,0.68585002422333,0.2714250087738,8.97495079040527,9.02100086212158,8.7649507522583,-3.26595020294189,-3.24705004692078,-2.84700012207031,0.35227498412132,0.19194999337196,-0.3077250123024,2.28795003890991,0.28395000100136,-2.81700015068054,-0.93871247768402,-0.59028750658035,0.16898749768734,-2.0344500541687,-4.26469993591309,-6.45768737792969,9.48495006561279,5.59605026245117,-6.55500030517578,-3.43095016479492,-3.12000012397766,0.8479500412941,-14.9059619903564,-20.0235748291016,-23.0943622589111,-20.0160007476807,-9.89400005340576,1.74000012874603,-22.8486499786377,-24.7709007263184,-25.2234115600586,-19.4809989929199,-19.4844379425049,-17.4821624755859,-67.4940032958984,-40.1170501708984,-15.0790510177612,-19.6930503845215,-38.6520004272461,-32.9590530395508,-9.49079990386963,-3.20856237411499,1.01378750801086,7.88295030593872,-0.87495005130768,-3.36495018005371,-15.2491626739502,-13.0238628387451,-4.377037525177,14.9078874588013,9.90082454681396,-0.59798747301102,-2.08905005455017,-2.96295022964478,-3.5310001373291,-5.26995038986206,-7.2199501991272,-4.81995010375977,1.18648743629456,1.11512494087219,0.79241251945496,7.39005041122437,3.45495009422302,1.58895003795624,-1.29332494735718,0.39160001277924,1.72521245479584,3.84587502479553,1.99485003948212,-1.03111255168915,-4.59600019454956,-5.06295013427734,-5.29095029830933,-3.94800019264221,-5.1670503616333,-6.78405046463013,POUR
-0.06489999592304,-0.13076250255108,-0.07328750193119,2.78895020484924,2.94405007362366,3.30900025367737,0.4147000014782,0.35158750414848,0.29892501235008,0.56058752536774,0.78663748502731,1.09504997730255,8.27100086212158,8.30895042419434,8.29500007629395,-4.48695039749146,-4.32705020904541,-4.00305032730103,0.5429875254631,0.71101248264313,0.7598249912262,5.47095012664795,6.14895009994507,2.65200018882751,0.09418749809265,-1.49338746070862,-1.80826246738434,2.3929123878479,-2.12190008163452,-7.89195013046265,6.40095043182373,8.36700057983398,2.27205014228821,-0.33705002069473,-1.20405006408691,-4.20900011062622,-15.7217502593994,-20.5577621459961,-23.1728744506836,-29.2459506988525,-20.193000793457,-9.91800022125244,-0.64955002069473,-1.66388750076294,-1.62648749351501,-4.4420747756958,-2.35372495651245,-0.08607500046492,-68.6100006103516,-63.5470542907715,-40.620002746582,-9.25305080413818,-12.0790510177612,-17.4870014190674,-14.4896125793457,-14.1480627059937,-8.73839950561523,48.4470024108887,29.7139511108398,10.3069505691528,-13.3126125335693,-15.4402875900269,-11.0473003387451,23.111686706543,17.8974132537842,6.33902502059937,-2.09805011749268,-1.43505001068115,-2.83095002174377,-7.58400058746338,-7.86405038833618,-6.45795011520386,-2.47733759880066,-1.1004124879837,1.09092497825623,10.2010507583618,10.16100025177,5.11905002593994,-0.43986248970032,0.73947501182556,1.5966500043869,3.68238759040833,6.06801223754883,4.71473741531372,-4.20600032806396,-4.25594997406006,-4.6560001373291,-3.19605016708374,-3.98205018043518,-5.34900045394897,POUR
-0.45842498540878,-0.17586250603199,-0.07108750194311,2.90595006942749,2.58795022964478,2.70000004768372,-0.2246749997139,-0.08896250277758,0.07081250101328,0.25740000605583,0.35997501015663,0.53377497196198,9.25500011444092,9.37305068969727,9.3420000076294,-0.93105006217957,-0.98805004358292,-0.89895004034042,0.44412499666214,1.15403747558594,1.81445002555847,6.20400047302246,6.64995050430298,5.36100006103516,0.52208751440048,-0.22811250388622,-1.32714998722076,2.14582490921021,0.54161250591278,-3.07504987716675,9.31995010375977,11.7370510101318,4.64700031280518,-0.60495001077652,0.81405001878738,4.20105028152466,-14.012487411499,-20.7355499267578,-25.2235507965088,-30.7360515594482,-19.5649509429932,-9.78900051116943,-12.8939247131348,-26.8501739501953,-24.9195365905762,-4.03026247024536,-15.3324871063232,-14.0068502426147,-59.6410522460938,-35.4180030822754,-17.4649505615234,-20.0500507354736,-22.1980514526367,-21.961051940918,-14.3031625747681,-10.1191749572754,-3.60483741760254,31.5649509429932,14.8999509811401,3.10995006561279,-14.9027996063232,-15.6360874176025,-13.338737487793,18.7702617645264,16.7761001586914,10.6198120117188,-0.550950050354,-0.24195000529289,-1.92600011825562,-5.46900033950806,-3.96000027656555,-2.71005010604858,0.77756249904633,1.34626245498657,1.69537496566772,8.46705055236816,8.25195026397705,7.47795057296753,-0.36684998869896,-0.2729375064373,-0.09748750180006,3.51394987106323,5.67654991149902,1.27709996700287,-4.78605031967163,-4.23000001907349,-4.44105005264282,-4.93995046615601,-6.59505033493042,-7.62495040893555,POUR
-2.68826246261597,-2.2257125377655,-1.78021252155304,3.99105024337769,4.24005031585693,4.48200035095215,0.0796125009656,0.55893748998642,1.35107493400574,0.93389999866486,1.41886246204376,2.99475002288818,7.73700046539307,7.81395053863525,7.49805021286011,-4.78695011138916,-4.46100044250488,-4.36500024795532,0.63318747282028,0.2758249938488,-1.22457504272461,6.65205049514771,-2.92200016975403,-24.7789516448975,0.60981249809265,-1.22127497196198,-3.78180003166199,-5.35548734664917,-11.2160120010376,-14.0529127120972,6.2310004234314,-4.76895046234131,-28.6590023040771,1.19505000114441,6.91200017929077,4.74000024795532,-23.0275382995605,-22.2932872772217,-18.9714241027832,-9.63600063323975,-2.38305020332336,10.5559501647949,-23.0914745330811,-22.3672618865967,-21.0737991333008,-17.6936378479004,-16.5787868499756,-14.1501245498657,-47.8219528198242,-30.4840507507324,-14.707950592041,-19.7910003662109,-21.5059509277344,-21.6690006256104,-13.842812538147,-6.71041250228882,-0.8203250169754,26.695951461792,12.201000213623,1.55505001544952,-16.1136245727539,-15.3819875717163,-11.0950126647949,19.333324432373,15.2112121582031,6.73186254501343,0.08505000174046,-0.42900002002716,-1.67895007133484,-4.81305027008057,-3.24195003509521,-2.1979501247406,-0.15510000288486,0.57337498664856,1.50370001792908,5.30100011825562,7.35405015945435,7.88100051879883,1.05201244354248,0.99962496757507,0.67993748188019,-0.93183749914169,3.73834991455078,6.55544996261597,-5.35605049133301,-4.92705011367798,-4.34700012207031,-4.07505035400391,-5.65800046920776,-6.95205020904541,POUR
0.05981250107288,0.09886249899864,0.08387500047684,2.68605017662048,2.71200013160706,2.82000017166138,0.29342499375343,0.24158750474453,0.00976249948144,0.52387499809265,0.53968751430511,0.27857500314713,8.46495056152344,8.35995006561279,8.46300029754639,-3.87405014038086,-3.93600010871887,-3.97005009651184,-0.19359999895096,-0.28696250915527,-0.33192500472069,2.31705021858215,2.51295018196106,2.51595020294189,-0.00714999996126,0.10106249898672,0.25217500329018,0.14891250431538,-3.14269995689392,-6.35112476348877,8.3860502243042,8.49600028991699,-3.49695014953613,-4.27605009078979,-2.87805008888245,-0.78195005655289,-13.452862739563,-18.9964504241943,-22.3544750213623,-26.7259521484375,-16.7849998474121,-4.12005043029785,9.23848724365234,9.0648250579834,8.43823719024658,1.53161251544952,4.60542488098145,7.14188766479492,-68.3209533691406,-58.3000526428223,-34.3950004577637,-12.6640510559082,-16.2779998779297,-11.8230009078979,-10.7984247207642,-10.3681879043579,-6.12452507019043,48.6319541931152,36.3360023498535,14.3059511184692,-13.0315628051758,-14.0050621032715,-6.2543249130249,26.707311630249,25.1140995025635,3.1293625831604,-6.53595018386841,-1.8469500541687,-3.5310001373291,-4.67204999923706,-5.53905010223389,-7.87395048141479,-0.36616250872612,2.33378744125366,3.06941246986389,9.08505058288574,11.15505027771,9.34605026245117,-0.48207500576973,0.79722499847412,2.00653743743896,2.35427498817444,7.35858726501465,7.26604986190796,-5.5570502281189,-5.57295036315918,-5.98305034637451,-3.20295023918152,-3.83595013618469,-4.46295022964478,POUR
1.12804996967316,1.4690500497818,1.6964750289917,3.8950502872467,4.68105030059814,4.52295017242432,0.55302500724792,1.03152501583099,1.3307249546051,3.36380004882813,3.57224988937378,2.64192509651184,8.06805038452148,7.86405038833618,7.65105056762695,-3.83805012702942,-4.61700010299683,-3.83595013618469,-3.11547493934631,-4.89541244506836,-6.90401268005371,-4.94895029067993,-8.49105072021484,-18.5089511871338,1.76082503795624,1.96514999866486,2.29006242752075,-7.23181247711182,-7.48962497711182,-6.81601238250732,6.3600001335144,-5.20500040054321,-24.5200519561768,-6.03405046463013,-5.5770001411438,-3.45495009422302,-13.2941875457764,-14.9568376541138,-15.3357877731323,-19.8790512084961,-6.96300029754639,2.34795022010803,-3.66657495498657,-4.23610019683838,-4.80644989013672,-7.65352487564087,-6.50773763656616,-4.56444978713989,-77.9650573730469,-63.199951171875,-30.0510005950928,-9.99105072021484,-10.1989507675171,-11.0209503173828,-11.60582447052,-7.54352474212646,-5.12091255187988,48.7060508728027,26.5110015869141,4.02705001831055,-12.9142751693726,-13.297212600708,-9.25374984741211,25.2627372741699,20.3630619049072,6.56713724136353,-4.55295038223267,-1.6189501285553,-2.9650502204895,-7.84995031356812,-4.98105001449585,-3.72300028800964,-2.31811237335205,3.46720004081726,3.62958741188049,5.01405000686646,10.1820001602173,8.67600059509277,0.88550001382828,0.24571250379086,-0.12388750165701,1.0839124917984,6.68621253967285,8.74884986877441,-5.34405040740967,-5.32395029067993,-5.15205001831055,-4.89000034332275,-4.61400032043457,-4.01295042037964,POUR
-0.22769999504089,0.20776249468327,0.59606248140335,0.43200001120567,1.06200003623962,1.60800004005432,-0.71871250867844,-0.60280001163483,-0.3287625014782,0.779212474823,0.92317497730255,1.20945000648499,8.89095020294189,8.80500030517578,8.78805065155029,-3.73995018005371,-3.81405019760132,-3.84105014801025,1.04238748550415,0.78100001811981,-2.46853756904602,2.01495003700256,-0.34500002861023,-20.8920001983643,0.45319998264313,0.75927501916885,1.18868744373322,-5.64863729476929,-7.76655006408691,-8.37003707885742,5.50995016098022,-9.78900051116943,-30.7069511413574,-4.24995040893555,-3.52395009994507,-0.89700001478195,-18.85276222229,-19.1507244110107,-14.5111999511719,-11.6860504150391,-4.12905025482178,5.91405010223389,18.032299041748,17.3988380432129,15.3098001480103,16.1550121307373,17.5554504394531,18.0268001556396,-67.3339538574219,-44.3800506591797,-19.9290008544922,-13.9909505844116,-14.4310503005981,-14.1510009765625,-11.6283750534058,-5.65812492370605,-2.55419993400574,39.925952911377,16.7590503692627,2.80605006217957,-16.2703742980957,-15.8879871368408,-7.48385000228882,26.4313507080078,23.5162124633789,5.87152481079102,-2.37900018692017,-0.61095005273819,-2.01195001602173,-3.8620502948761,-4.55400037765503,-4.94205045700073,-1.3721125125885,1.97051250934601,2.94112491607666,4.6710000038147,7.79700040817261,8.53695011138916,-1.87151253223419,-1.65783751010895,-1.63899993896484,-6.4942626953125,-0.99742501974106,5.46521234512329,-5.16600036621094,-5.1540002822876,-4.87200021743774,-4.15395021438599,-3.73995018005371,-3.21105003356934,POUR
-1.9406750202179,-1.97175002098084,-2.05259990692139,3.74205017089844,3.43095016479492,3.21000003814697,-0.67347496747971,-0.36561250686646,0.10917499661446,-0.16114999353886,-0.26179999113083,-0.45814999938011,7.15500020980835,7.26495027542114,7.42305040359497,-4.15904998779297,-4.86105012893677,-4.57095003128052,-3.08715009689331,-3.35018754005432,-3.85261249542236,0.02505000121891,-1.54500007629395,-6.54105043411255,0.38211250305176,0.2606999874115,0.21683749556541,-3.34633755683899,-5.92721223831177,-7.93237495422363,8.35305023193359,6.67095041275024,-5.79105043411255,-3.94395017623901,-3.67095017433167,-1.48095011711121,-14.2674121856689,-17.2458000183105,-16.1202239990234,-27.7830009460449,-16.123950958252,5.05695009231567,16.0177879333496,15.526912689209,10.9389495849609,11.4202003479004,13.6712121963501,14.4405250549316,-76.1830520629883,-46.1590538024902,-16.5640506744385,-10.2499504089355,-7.72305059432983,-4.2330002784729,-10.8360996246338,-8.03467464447021,-6.39072513580322,40.0650024414063,13.3840503692627,-2.92200016975403,-13.0587873458862,-9.79275035858154,-4.37758731842041,26.6334743499756,14.2976627349854,0.26399999856949,-2.70405006408691,-0.45300000905991,-3.75300025939941,-8.79600048065186,-8.78894996643066,-3.78495025634766,1.51139998435974,4.8952751159668,6.01493740081787,5.53095006942749,9.48795032501221,10.6300506591797,-0.44728749990463,0.18782499432564,1.17287504673004,-7.17749977111816,4.044837474823,13.5132246017456,-6.88395023345947,-6.58395051956177,-5.98305034637451,-3.42600011825562,-3.88395023345947,-4.06800031661987,POUR
-3.4267749786377,-3.10062503814697,-2.78465008735657,4.11600017547607,4.08195018768311,3.78300023078919,-0.24914999306202,-0.37372499704361,-0.30648750066757,0.14079999923706,0.32381248474121,0.61874997615814,7.96005058288574,8.13705062866211,8.14395046234131,-3.03300023078919,-2.98095011711121,-3.14400005340576,-1.4918749332428,-1.15238749980927,-0.9286749958992,4.84095001220703,4.48200035095215,2.93505024909973,1.78722500801086,1.62153744697571,1.38393747806549,0.39971250295639,-2.88420009613037,-6.19286251068115,9.05700016021728,8.66895008087158,0.81105005741119,-4.83900022506714,-4.3840503692627,-1.8840000629425,-15.0015249252319,-18.6239624023438,-21.5047245025635,-22.6090507507324,-13.3360509872437,-0.75195002555847,-23.2940120697021,-22.9292240142822,-20.4670124053955,-15.8776750564575,-14.0634994506836,-10.6192626953125,-64.9650039672852,-56.6860542297363,-31.6620006561279,-8.00594997406006,-9.31095027923584,-9.64800071716309,-12.967212677002,-9.04392528533936,-6.34369993209839,48.2610015869141,30.9780006408691,13.1830501556396,-11.2341623306274,-10.9346876144409,-7.21215009689331,23.4232616424561,18.2304382324219,7.8911247253418,-7.50600051879883,-4.14105033874512,-1.71300005912781,-2.52600002288818,-3.21495008468628,-3.48105025291443,-3.30316257476807,1.90767502784729,6.7725625038147,-3.31305027008057,2.35500001907349,5.75400018692017,-0.29521250724792,-1.07469999790192,-1.91413748264313,-12.5331249237061,-1.34282493591309,7.20389986038208,-6.13905048370361,-6.2440505027771,-6.0930004119873,-3.61995005607605,-4.2810001373291,-4.45800018310547,POUR
0.21092499792576,0.38362500071526,0.50297498703003,4.16805028915405,4.1850004196167,4.14405012130737,-0.0449624992907,-0.00838750042021,0.03341250121593,0.55302500724792,0.59922498464584,0.59798747301102,7.57200050354004,7.60500049591064,7.50195026397705,-4.50900030136108,-4.43505001068115,-4.4320502281189,0.42226248979568,0.39118748903275,0.29754999279976,5.05005025863647,4.75305032730103,3.02805018424988,0.41566249728203,0.53363752365112,0.60390001535416,0.2759625017643,-1.45474994182587,-5.10675001144409,7.13595056533813,7.7509503364563,3.16305017471313,-5.60595035552979,-6.06300020217896,-3.90795016288757,-10.7392997741699,-16.4133758544922,-23.9272003173828,-23.613000869751,-19.2949504852295,-0.97800004482269,-24.0296382904053,-24.154899597168,-22.2701873779297,-17.9103374481201,-15.0888376235962,-11.7155494689941,-61.6030540466309,-53.0670013427734,-32.7670516967773,-9.21000003814697,-7.9960503578186,-3.30405020713806,-13.9583120346069,-11.2905378341675,-8.41279983520508,46.5190505981445,32.7100524902344,14.3400011062622,-12.3462619781494,-13.2706747055054,-6.42565011978149,22.9420127868652,20.8718128204346,2.62473750114441,-9.35805034637451,-5.62095022201538,-3.18795013427734,-6.1690502166748,-4.69995021820068,-4.30995035171509,1.55993747711182,5.402512550354,6.55421257019043,3.53400015830994,7.26495027542114,9.26700019836426,0.67773747444153,1.27709996700287,1.0419750213623,-4.35627508163452,2.61758756637573,8.33882522583008,-6.43605041503906,-6.61305046081543,-6.53400039672852,-1.70400011539459,-2.64300012588501,-3.07395005226135,POUR
-3.66024994850159,-4.24407482147217,-4.78087520599365,3.90495014190674,2.7769501209259,2.25495004653931,-3.00410008430481,-3.77121257781982,-4.04139995574951,-2.47651243209839,-2.73198747634888,-2.84185004234314,6.85305023193359,7.27995014190674,7.65795040130615,-3.17700004577637,-2.76300024986267,-2.91405010223389,-4.96746253967285,-3.64388751983643,-0.64817500114441,2.41500020027161,3.40395021438599,1.56300008296967,1.01750004291534,1.63033747673035,1.62937498092651,1.86037504673004,0.22508749365807,-3.86704993247986,6.90795040130615,8.78400039672852,1.86195003986359,-5.17200040817261,-5.26995038986206,-0.86100006103516,-12.7026624679565,-18.6969757080078,-23.5014991760254,-26.3820018768311,-18.72705078125,-9.15900039672852,-12.0080127716064,-11.8388872146606,-6.06223726272583,-12.1493625640869,-9.12931251525879,-0.55013751983643,-76.7320556640625,-67.6909561157227,-15.8170509338379,-10.6540508270264,-10.3410005569458,-7.95795059204102,-11.9281253814697,-8.49791240692139,-6.36556243896484,38.8099517822266,14.4259510040283,-0.23505000770092,-12.7729253768921,-11.0735626220703,-6.45452499389648,24.8018379211426,16.5787868499756,4.47507476806641,-1.26195001602173,-0.89100003242493,-2.9320502281189,-3.00000023841858,-7.91205024719238,-8.27400016784668,-1.59898746013641,2.69829988479614,3.50762486457825,7.27695035934448,10.7280006408691,6.88395023345947,-0.58148747682571,0.43683749437332,2.28016257286072,-0.45306250452995,6.23796224594116,7.1590747833252,-6.85005044937134,-6.56505012512207,-6.93405055999756,-2.90205025672913,-2.31705021858215,-2.96400022506714,POUR
-2.97701239585876,-2.71191239356995,-2.47843742370605,4.52505016326904,4.15605020523071,4.12305021286011,-0.88604998588562,-0.59262502193451,-0.259187489748,0.31735000014305,0.42652499675751,0.38953748345375,8.07705020904541,8.14200019836426,8.1109504699707,-2.84700012207031,-3.32100009918213,-3.46695017814636,-2.28524994850159,-2.59503746032715,-4.79421234130859,0.78195005655289,-0.30705001950264,-11.1010503768921,0.71981251239777,1.18194997310638,1.7100875377655,-3.13458752632141,-4.65561246871948,-5.40883731842041,10.2180004119873,1.32795011997223,-18.2770500183105,-6.14505052566528,-7.36395025253296,-1.09095001220703,-16.9872989654541,-20.0402126312256,-20.7956371307373,-13.8030004501343,-3.1519501209259,4.98495006561279,-15.6963119506836,-15.9300622940063,-12.3337497711182,-12.5885372161865,-10.8933000564575,-6.31743764877319,-66.0499496459961,-52.2049522399902,-27.4020004272461,-9.70605087280273,-10.5559501647949,-3.64905023574829,-12.4663000106812,-9.48667526245117,-7.58807516098022,47.2210540771484,27.3469505310059,8.59695053100586,-11.8416376113892,-10.8017253875732,-6.20015001296997,23.6355628967285,16.9992618560791,6.52313756942749,-6.18900012969971,-2.99205017089844,-2.33505010604858,-2.7529501914978,-2.48295021057129,-2.64300012588501,-1.62676250934601,5.97808742523193,9.91127490997314,-1.0969500541687,5.06595039367676,9.03705024719238,-0.01237499993294,0.15578749775887,-1.44553744792938,-12.428074836731,-4.34486246109009,3.9890124797821,-7.18305015563965,-6.74505043029785,-6.65595054626465,-3.76905012130737,-4.83000040054321,-5.04000043869019,POUR
-6.05494976043701,-6.34012508392334,-6.36157512664795,2.9800500869751,2.72205018997192,1.95105004310608,-2.16562509536743,-1.50892496109009,-1.33113753795624,-1.39493751525879,-0.66371250152588,-0.16348749399185,8.33805084228516,8.57100009918213,8.86305046081543,-2.41305017471313,-2.44200015068054,-2.0419499874115,-2.841712474823,-2.13881254196167,-2.12258744239807,1.45005011558533,1.09995007514954,-6.80205011367798,0.42789998650551,1.37884998321533,1.76811254024506,-0.58052498102188,-2.45272493362427,-3.87282490730286,10.0669507980347,11.8800001144409,-3.5590500831604,-6.25695037841797,-5.86395025253296,-3.02895021438599,-15.1684503555298,-17.7978630065918,-18.3096370697021,-20.5309505462646,-3.70800018310547,1.54095005989075,-21.942663192749,-22.1704998016357,-6.77531242370605,-20.3703498840332,-19.8906116485596,-3.03861236572266,-72.4620056152344,-58.6690521240234,-13.1320505142212,-14.4910507202148,-12.3690004348755,-6.2790002822876,-8.9669246673584,-5.56847476959229,-4.21781253814697,31.4910011291504,14.7450008392334,2.15400004386902,-13.6151123046875,-5.4305624961853,-2.46070003509521,22.3713874816895,6.66324996948242,2.24138760566711,-3.48705005645752,-3.56400012969971,-4.88400030136108,1.2720000743866,-3.16995024681091,-4.22399997711182,10.2031869888306,9.35041236877441,2.60947489738464,6.05595016479492,7.48305034637451,5.30400037765503,-6.42633724212646,-3.8478000164032,0.51796251535416,0.96249997615814,6.5058126449585,0.78320002555847,-6.90000009536743,-6.87900018692017,-7.82505035400391,-4.95405006408691,-3.99105024337769,-3.64905023574829,POUR
-1.72837495803833,-1.19459998607636,-0.85786247253418,1.9410001039505,1.77300012111664,2.17605018615723,-0.15496249496937,-0.25959998369217,-0.45168748497963,0.9978374838829,0.98890000581741,0.9453125,9.16394996643066,9.16200065612793,9.17895030975342,-2.01104998588562,-2.41095018386841,-2.22405004501343,-0.31679999828339,-0.48262500762939,-1.00127494335175,1.03305006027222,0.13995000720024,-2.12700009346008,1.22952497005463,2.44722509384155,3.11918759346008,-0.40851250290871,-2.19243741035461,-3.45963740348816,10.0080003738403,10.6399507522583,-5.58300018310547,-7.5600004196167,-8.19000053405762,-3.61305022239685,-13.5951747894287,-16.9806995391846,-18.4490623474121,-18.1690502166748,-1.93095004558563,-0.77400004863739,-21.7027244567871,-21.7428741455078,-19.292350769043,-20.3836879730225,-19.6063995361328,-16.6553745269775,-67.2019500732422,-63.1350021362305,-43.3810539245605,-9.34695053100586,-6.94500017166138,-7.59795045852661,-12.0311126708984,-8.31228733062744,-5.70666265487671,37.8349533081055,43.1209526062012,29.8690509796143,-10.19411277771,-10.3606252670288,-8.10204982757568,24.496862411499,22.7869129180908,15.071925163269,-7.83705043792725,-8.73300075531006,-7.79400014877319,-0.85605001449585,-1.17000007629395,-2.52795004844666,-5.18155002593994,-2.14774990081787,3.63316249847412,-4.78995037078857,-3.53295016288757,0.00300000002608,-3.41357493400574,-3.38758754730225,-2.35633754730225,-9.98579978942871,-9.34353733062744,-5.66857481002808,-7.46595048904419,-7.81500053405762,-8.10000038146973,-3.72795009613037,-3.03600025177002,-2.5639500617981,POUR
0.55288749933243,0.39957499504089,0.2245374917984,4.57800006866455,4.51995038986206,4.71900033950806,0.67567497491837,0.74456250667572,0.67182499170303,0.71018749475479,0.7871875166893,0.82156246900558,8.3929500579834,8.13899993896484,7.86600017547607,-3.36900019645691,-3.28005003929138,-2.99505019187927,-0.07590000331402,-1.82833743095398,-4.41938734054565,2.49900007247925,-7.2810001373291,-15.9850511550903,1.90272498130798,2.46606254577637,2.60590004920959,-5.94687509536743,-7.55122518539429,-7.88315010070801,6.77700042724609,-3.32205009460449,-15.9490509033203,-9.30600070953369,-5.17695045471191,1.99695014953613,-16.1748123168945,-18.4416370391846,-24.095775604248,-2.04105019569397,-1.12604999542236,0.49695003032684,-18.7367115020752,-17.7240257263184,-14.6060752868652,-15.5365371704102,-13.9515752792358,-11.0433120727539,-53.8159523010254,-53.5630531311035,-41.4559516906738,-5.79300022125244,0.52905005216599,-1.21605002880096,-12.2993745803833,-8.18702507019043,-6.70051240921021,37.303050994873,38.6929512023926,28.1640014648438,-8.83052539825439,-9.1423749923706,-7.54943752288818,20.581413269043,17.9129505157471,11.1319999694824,-8.58195018768311,-7.29795026779175,-4.10100030899048,-2.43495011329651,-1.04295003414154,-0.86400002241135,-5.56008768081665,-3.10750007629395,2.22983741760254,-4.31595039367676,-2.80305004119873,0.58995002508163,0.22811250388622,-0.00618749996647,-0.83050000667572,-7.3862247467041,-5.95704984664917,-2.54842495918274,-6.71805047988892,-7.11300039291382,-7.57800054550171,-2.72895002365112,-3.94605016708374,-4.92300033569336,POUR
-1.04321253299713,-1.06837499141693,-1.06548750400543,2.79795002937317,2.35095000267029,2.13000011444092,0.18782499432564,-0.08181250095367,-0.14918750524521,0.10546249896288,0.02323750033975,-0.04936249926686,8.64000034332275,8.69295024871826,8.66595077514648,-3.07200002670288,-3.3139500617981,-2.94000005722046,-1.05242502689362,-1.11306250095367,-2.85766243934631,1.03995001316071,-0.49395000934601,-10.6030502319336,1.75230002403259,2.84638738632202,3.84752488136292,-3.06432509422302,-4.35462474822998,-4.97887516021729,9.34905052185059,3.72105026245117,-5.49705028533936,-8.8080005645752,-11.2800006866455,-3.46500015258789,-12.8503370285034,-17.8216495513916,-21.9745616912842,-6.89805030822754,-2.89800024032593,-0.51300001144409,-21.527961730957,-21.1220626831055,-1.43371248245239,-16.591438293457,-14.3599500656128,7.95726251602173,-56.4799537658691,-52.0900535583496,-20.0230503082275,-6.19005012512207,-7.06905031204224,-11.3029508590698,-6.75276231765747,-5.42176246643066,-5.00142478942871,39.1039505004883,23.5540504455566,9.16005039215088,-9.37543773651123,-6.22118759155273,-3.65694999694824,16.4526996612549,7.07905006408691,2.55956244468689,-11.1799507141113,-6.00705051422119,-3.72705006599426,0.96000003814697,0.75195002555847,-0.67905002832413,1.77457499504089,9.5733003616333,13.9144496917725,-4.26405000686646,1.47405004501343,5.06400012969971,0.19992500543594,-1.16531252861023,-4.92414999008179,-12.6361122131348,-7.59439992904663,-0.72132498025894,-8.06895065307617,-7.79595041275024,-7.83000040054321,-5.13105010986328,-5.77605009078979,-5.84805011749268,POUR
