gyro_x_0,gyro_y_0,gyro_z_0,acc_x_0,acc_y_0,acc_z_0,gyro_x_1,gyro_y_1,gyro_z_1,acc_x_1,acc_y_1,acc_z_1,gyro_x_2,gyro_y_2,gyro_z_2,acc_x_2,acc_y_2,acc_z_2,gyro_x_3,gyro_y_3,gyro_z_3,acc_x_3,acc_y_3,acc_z_3,gyro_x_4,gyro_y_4,gyro_z_4,acc_x_4,acc_y_4,acc_z_4,gyro_x_5,gyro_y_5,gyro_z_5,acc_x_5,acc_y_5,acc_z_5,gyro_x_6,gyro_y_6,gyro_z_6,acc_x_6,acc_y_6,acc_z_6,gyro_x_7,gyro_y_7,gyro_z_7,acc_x_7,acc_y_7,acc_z_7,gyro_x_8,gyro_y_8,gyro_z_8,acc_x_8,acc_y_8,acc_z_8,gyro_x_9,gyro_y_9,gyro_z_9,acc_x_9,acc_y_9,acc_z_9,gyro_x_10,gyro_y_10,gyro_z_10,acc_x_10,acc_y_10,acc_z_10,gyro_x_11,gyro_y_11,gyro_z_11,acc_x_11,acc_y_11,acc_z_11,gyro_x_12,gyro_y_12,gyro_z_12,acc_x_12,acc_y_12,acc_z_12,gyro_x_13,gyro_y_13,gyro_z_13,acc_x_13,acc_y_13,acc_z_13,gyro_x_14,gyro_y_14,gyro_z_14,acc_x_14,acc_y_14,acc_z_14,motion_type
-0.48098000884056,-0.69722634553909,-0.85360783338547,0.6033388376236,0.15322890877724,-0.85712420940399,-0.11957687139511,0.25732699036598,0.4161519408226,-0.00733038317412,-0.5412266254425,-0.8906415104866,4.78122091293335,5.1286792755127,6.19170475006104,7.93707799911499,7.76708936691284,8.81335544586182,0.355294495821,0.39316815137863,0.54099750518799,-2.03028297424316,-2.08056116104126,-2.06140756607056,1.58229374885559,1.76555323600769,1.88711547851563,-0.12156218290329,-0.30604347586632,-0.33108896017075,14.4636716842651,15.0218200683594,15.1080112457275,9.96496677398682,10.5587291717529,10.8532152175903,0.88491463661194,0.99731385707855,1.12864995002747,0.01675941236317,-0.50517654418945,1.18512988090515,4.46679925918579,5.46312046051025,5.72701454162598,-4.03048896789551,-3.15206456184387,-1.2901474237442,13.7190752029419,11.2602300643921,7.230788230896,23.3392772674561,24.2682266235352,21.5651741027832,-3.25064301490784,-4.12723445892334,-4.30133104324341,5.70328760147095,4.36941814422607,2.60010313987732,4.7746753692627,4.15709066390991,3.52545595169067,3.71161723136902,3.28523325920105,2.32189869880676,-8.50689792633057,-8.51168632507324,-7.03446388244629,-1.2641384601593,-5.69610500335693,-7.8556752204895,-0.08330674469471,0.79023057222366,1.06084382534027,-2.17872357368469,-0.60573303699493,0.07900865375996,0.67332619428635,-0.03344487398863,-0.61682116985321,-0.01832595653832,0.03176499158144,0.04581489413977,1.62087452411652,3.76368498802185,5.47823286056519,-8.34409236907959,-7.83173322677612,-6.76631307601929,LIFT
-0.0686459839344,-0.1315651088953,-0.21097758412361,-2.38701915740967,-2.17632937431335,-1.86987149715424,-0.43417248129845,-0.58688879013062,-0.72311174869537,0.06108652427793,0.04153883829713,-0.07880161702633,5.65300941467285,5.67455720901489,5.60512542724609,6.93869590759277,6.73518848419189,8.04721164703369,-0.16943874955177,0.4285983145237,0.83482372760773,-3.18189406394959,-2.77487969398499,-1.73100781440735,1.26891982555389,1.34405624866486,1.76249897480011,-1.11177480220795,-0.99693208932877,-0.74769908189774,12.6129541397095,14.3391733169556,15.6850137710571,9.72075843811035,12.0263748168945,12.1652383804321,0.34246632456779,0.21235203742981,0.09873109310865,-1.05344879627228,-1.50595283508301,-2.51151752471924,3.21452569961548,3.94634222984314,4.4814600944519,-2.01890969276428,-2.12886548042297,-2.17712378501892,14.7895822525024,13.1995334625244,11.8204727172852,16.0585098266602,16.6067810058594,16.080057144165,-0.10896308720112,-0.50785809755325,-1.10589516162872,-2.17154097557068,-1.72621941566467,-1.00077629089355,4.58225297927856,4.54987716674805,4.33668518066406,0.41294491291046,1.4556919336319,2.35366368293762,3.64397501945496,1.78368031978607,-0.19393034279346,15.2947587966919,12.0000381469727,9.38556957244873,-2.43330526351929,-1.89513301849365,-1.15842962265015,-0.3016694188118,-0.11013327538967,0.66079968214035,3.91091203689575,3.62319445610046,3.07158327102661,2.81425619125366,2.28830122947693,1.81426978111267,-3.16513466835022,-2.64559292793274,-2.13323378562927,-2.07577276229858,-4.53222370147705,-6.56280612945557,LIFT
-0.5139667391777,-0.98738729953766,-1.477912068367,2.43250894546509,3.10767388343811,1.55383694171906,-0.53435438871384,-0.58566707372665,-0.696233689785,-0.4673119187355,-0.37629300355911,-0.62858033180237,6.43591356277466,6.42154836654663,7.07755947113037,5.36809968948364,5.34415769577026,5.38246488571167,-0.81390160322189,-0.76930844783783,-0.57260978221893,-1.95366859436035,-2.53785371780396,-2.70544791221619,-0.88865619897842,-0.88438016176224,-0.83001315593719,-0.03787364438176,0.04581489413977,0.07208210229874,10.5108451843262,11.3081140518188,12.4118404388428,5.99298620223999,6.80701494216919,7.80060863494873,0.32597297430038,0.17997618019581,0.1866956949234,0.57700258493423,0.44771572947502,-1.16358196735382,0.56947910785675,1.39048206806183,1.90727400779724,-0.53817230463028,-0.71410149335861,-0.39828413724899,17.6841716766357,17.6961441040039,17.4184150695801,14.3750858306885,13.529932975769,13.6304893493652,0.79389572143555,0.8433758020401,0.88857984542847,-2.4396915435791,-3.14598107337952,-3.87142419815064,3.7502543926239,3.93107056617737,3.96466827392578,0.42882740497589,0.13011430203915,-0.19058994948864,11.9904613494873,9.03362274169922,6.31380939483643,13.5897884368896,13.1827735900879,12.5770406723022,1.27037060260773,0.88308209180832,0.72608971595764,-0.26815059781075,0.60812723636627,1.8674772977829,2.93291664123535,1.82602894306183,0.90240067243576,-0.8167268037796,-1.11849427223206,-0.72692966461182,-3.47638082504272,-3.59130263328552,-2.85867691040039,-0.26336219906807,-2.74854350090027,-3.15555787086487,LIFT
-1.23478770256042,-0.90553134679794,-0.47303876280785,-1.63284552097321,-1.91296720504761,-1.09415018558502,-2.00287437438965,-2.43719959259033,-2.41154336929321,0.00183259579353,-0.00488692196086,0.14355333149433,8.92109489440918,8.92109489440918,12.0694704055786,4.36941814422607,4.36941814422607,9.2155818939209,-0.66973739862442,-0.74487382173538,-0.61231607198715,1.18273568153381,-0.40462008118629,0.06464344263077,0.01175915636122,0.23105977475643,0.05635231733322,-1.56503677368164,-1.70920097827911,-1.70614659786224,9.15572643280029,9.8500452041626,16.8055000305176,8.00650978088379,4.89374828338623,4.46279191970825,-1.65078699588776,-1.93300676345825,-1.64406740665436,6.55562353134155,1.38863694667816,-8.08073043823242,2.90909290313721,7.33236837387085,9.23460292816162,-1.84542393684387,-3.17527747154236,-2.38298535346985,33.0696105957031,33.0696105957031,13.3360023498535,42.5820732116699,42.5820732116699,22.8173408508301,2.67230629920959,2.22209858894348,2.20560526847839,-8.5595703125,-6.37845277786255,-2.97838687896729,7.7263765335083,6.48204374313354,3.30676627159119,2.82708430290222,1.49845242500305,-0.0500909499824,-9.76385402679443,-13.0319395065308,-16.0489330291748,20.9785938262939,13.5059909820557,9.6704797744751,-0.33987015485764,-0.60376393795013,-1.25922238826752,3.34469985961914,3.03345346450806,2.17154097557068,4.54071426391602,4.38860845565796,2.96407079696655,1.56320416927338,1.49417638778687,0.88941979408264,-12.1700267791748,-8.83250904083252,-5.28430223464966,-7.39359426498413,-12.1652383804321,-13.9273710250854,LIFT
-0.57932931184769,-0.71066534519196,-0.80962550640106,0.43813890218735,0.00239420169964,-0.39025488495827,-1.30221199989319,-1.34375083446503,-1.73714804649353,0.129503428936,0.11911872029305,0.0824668109417,7.98256778717041,9.42148303985596,11.9066638946533,6.23480033874512,6.2276177406311,7.36246967315674,-0.39973494410515,-0.12667818367481,0.46769371628761,-0.94810384511948,-1.82438170909882,-1.1372457742691,-1.08413314819336,-0.76648318767548,-0.47326785326004,-1.07573366165161,-1.40193569660187,-0.71104717254639,7.89637660980225,9.87398719787598,13.2043218612671,8.09270095825195,7.50372743606567,9.91229438781738,-2.0002019405365,-1.86520063877106,-1.78884255886078,8.41831207275391,7.74314737319946,7.18529844284058,1.27380681037903,6.79663944244385,11.5821580886841,-1.23578035831451,-2.76416516304016,-1.94255149364471,24.0024700164795,16.8988742828369,11.7031574249268,51.400218963623,50.490421295166,29.9715137481689,-0.63125288486481,0.78351104259491,2.69918441772461,-13.5395097732544,-16.1470947265625,-17.6530475616455,4.37578058242798,5.00436067581177,6.75876569747925,0.98532563447952,0.72998398542404,0.29688051342964,1.55862534046173,-6.23001194000244,-14.3511438369751,29.0808715820313,35.916618347168,34.0608100891113,1.12926077842712,-0.19753855466843,-0.55367296934128,4.17788219451904,2.04464817047119,3.42370843887329,2.25058031082153,0.63423085212708,0.54809886217117,-0.72265356779099,-0.21502456068993,1.00365161895752,-19.9658470153809,-16.2500457763672,-12.172420501709,-11.7869539260864,-9.78061294555664,-7.23318243026733,LIFT
-0.07108944654465,-0.18226692080498,-0.63552892208099,0.97683429718018,2.4205379486084,3.16274046897888,0.90362238883972,1.62322163581848,2.10397267341614,0.00916297826916,-0.20769418776035,-0.45142942667007,18.0624561309814,19.8293762207031,22.079927444458,10.8532152175903,11.2913541793823,11.9665193557739,-0.14928019046783,-0.56527942419052,-1.22073781490326,-0.85473001003265,-2.58813214302063,-6.66815090179443,6.060546875,5.58895874023438,4.06362819671631,0.27427849173546,2.15757608413696,2.29074478149414,23.6385517120361,23.8205108642578,20.3968029022217,13.2378406524658,12.5267629623413,16.2883529663086,4.50490188598633,5.61728763580322,5.57086181640625,-10.9513778686523,-6.21085834503174,-1.89620769023895,3.83272123336792,6.28351259231567,7.8540472984314,-1.84725654125214,-2.72568082809448,-3.05921316146851,-9.73512363433838,-13.0917940139771,-18.0840034484863,30.4024715423584,26.3179626464844,14.5905647277832,0.27649289369583,0.23984096944332,-0.49991685152054,-3.85705900192261,-1.99915838241577,-0.58897364139557,3.0746374130249,2.08931183815002,1.18339872360229,-0.97433006763458,0.04520402848721,0.6450737118721,-15.9076747894287,-13.5730285644531,-10.7957544326782,-15.2157506942749,-15.7951469421387,-15.5940341949463,-1.86825501918793,-1.83587908744812,-1.79556202888489,-0.99598789215088,-0.56024318933487,-0.06464344263077,-1.29854679107666,-1.43660235404968,-1.3523029088974,1.20096111297607,1.15087008476257,0.60597831010818,-1.0414776802063,0.89543145895004,4.55377149581909,-9.76385402679443,-8.43507194519043,-8.1238260269165,LIFT
-1.12727546691895,-1.44187104701996,-1.31420016288757,3.43328523635864,0.6033388376236,0.69671267271042,0.13148874044418,-0.40240746736526,-1.08963084220886,0.10201449692249,-0.10018189996481,-0.36041048169136,8.68406867980957,8.95700740814209,8.16931533813477,-1.1372457742691,-1.49398183822632,-1.51313543319702,-0.48586693406105,0.18730655312538,0.46769371628761,-1.28089785575867,0.6033388376236,1.35751235485077,-2.5679247379303,-2.90328979492188,-3.09571242332459,-1.26143670082092,-0.63346725702286,0.14660765230656,5.20768785476685,7.10628986358643,8.89236450195313,1.25216746330261,2.52109432220459,4.48194551467896,-2.16696810722351,-2.35572552680969,-1.78700995445251,-0.66558808088303,-3.88339519500732,-4.56574249267578,-2.69437384605408,-2.74751925468445,-2.43475604057312,-0.51373767852783,-0.63591074943542,-0.58887410163879,18.7735347747803,17.6578369140625,16.3697547912598,7.14699125289917,7.6569561958313,7.7455415725708,0.24778221547604,0.27466028928757,0.22395847737789,-2.32716393470764,-1.83874690532684,-1.61608612537384,-1.06702888011932,-0.59421914815903,-0.20326541364193,-0.37323865294456,-0.28893926739693,-0.14172074198723,9.95299530029297,8.95221900939941,8.26508331298828,6.24437713623047,5.72244119644165,4.95869112014771,0.14882203936577,0.06635523587465,-0.18959729373455,-1.06063139438629,-0.68474167585373,-0.97444009780884,-0.25457808375359,-0.15806138515472,-0.18555031716824,0.21930062770844,0.21135938167572,0.17654006183147,7.72159957885742,7.72159957885742,8.18128681182861,6.15339756011963,6.15339756011963,6.12227296829224,LIFT
0.03397937864065,-0.23174700140953,-0.3288745880127,0.01436521019787,-0.36631286144257,-0.78050976991653,-0.4011857509613,-0.47754389047623,-0.71883565187454,-0.20463985204697,-0.41233405470848,-0.57910025119781,8.19325733184814,7.79103183746338,7.78863763809204,5.14543867111206,4.37899494171143,4.3837833404541,-0.24090997874737,-0.45288023352623,-0.76869755983353,0.49799394607544,1.02711248397827,1.3718775510788,-1.17087590694427,-0.51908272504807,0.10766500234604,-0.56199604272842,-0.59070670604706,-0.78496181964874,10.829273223877,12.9912376403809,15.8478193283081,8.60266590118408,9.61062526702881,11.5547170639038,-0.51641023159027,-0.77602791786194,-0.81267982721329,1.15879356861115,-0.94092124700546,-3.66791701316834,3.12961530685425,4.96343278884888,6.5205283164978,-1.02503192424774,-1.04274702072144,-0.78862702846527,24.3400535583496,23.5068702697754,22.6545352935791,22.1278114318848,21.3353290557861,17.3465900421143,-0.17676913738251,3.15672254562378,4.59164476394653,-15.3426427841187,-12.1341133117676,-8.15495014190674,3.22002339363098,3.42344164848328,3.55661010742188,1.11299645900726,0.5155702829361,-0.38301250338554,-0.79248076677322,-7.40556526184082,-11.3895168304443,18.7424087524414,14.1667909622192,8.42310047149658,2.50431847572327,0.34613153338432,-1.04541945457459,6.26592493057251,6.26592493057251,1.721431016922,1.41613841056824,0.88163125514984,0.48395797610283,0.81489425897598,1.28464961051941,1.25166285037994,-8.96179580688477,-6.8453221321106,-4.96347951889038,-5.11191987991333,-5.10952568054199,-5.43274307250977,LIFT
-0.15355625748634,-0.33131805062294,-0.52496230602264,-0.105344876647,0.05985504388809,-0.08619125932455,-0.12935072183609,-0.23747386038303,-0.4011857509613,-0.10018189996481,-0.11362093687057,-0.23518311977386,7.4486608505249,7.48217964172363,7.74314737319946,6.26592493057251,6.14142656326294,6.3688759803772,-0.47426050901413,-0.42966735363007,-0.48953214287758,-0.61770403385162,-0.31364041566849,-0.31603461503983,-0.28634309768677,-0.47876563668251,-0.10919216275215,-0.84482663869858,-0.65973448753357,-0.4758640229702,13.0534868240356,15.1295595169067,15.87415599823,6.94109010696411,8.60984897613525,10.4438066482544,-1.09489953517914,-0.59521180391312,-0.1706604808569,-5.03769969940186,-6.19409894943237,-5.9115834236145,2.12413120269775,2.71483778953552,3.19070196151733,-0.32314771413803,-0.07024950534105,0.15149457752705,17.152660369873,15.7448692321777,14.1907329559326,15.2205390930176,15.8933095932007,16.5062255859375,1.23188614845276,1.43835854530334,1.91483342647552,-5.31303262710571,-5.58597183227539,-5.07600688934326,4.48756885528564,4.16258859634399,3.91518807411194,-0.29321530461311,-0.56505036354065,-0.81855940818787,5.79666137695313,3.48835182189941,0.8164227604866,15.0002717971802,12.639289855957,9.11502552032471,1.92277467250824,1.6778177022934,1.17446482181549,0.41898530721664,2.13562798500061,2.70065951347351,1.37093436717987,1.11742520332336,1.28785669803619,-0.80084431171417,-0.20097467303276,0.18203784525394,-2.60249733924866,-2.00394678115845,-1.21146607398987,-3.72298359870911,-3.59848523139954,-3.99831676483154,LIFT
-0.107741355896,-0.07231117039919,-0.07108944654465,-0.21308395266533,0.00957680679858,0.41898530721664,-0.32666018605232,-0.46532660722733,-0.66263610124588,-0.09346238523722,0.01466076634824,0.0299323964864,6.41197156906128,6.46703815460205,6.66096830368042,6.51492214202881,6.32338619232178,6.68012189865112,-0.62392246723175,-0.70028066635132,-0.95440059900284,1.02950668334961,1.82677590847015,2.39420175552368,-0.43356159329414,-0.2393064647913,0.19807305932045,0.49296826124191,0.14599679410458,-0.19730947911739,12.3878984451294,15.0433673858643,16.7743759155273,9.59626007080078,11.4948616027832,13.7310457229614,-1.58053743839264,-0.91897040605545,-0.30871602892876,-6.36169338226318,-7.79342603683472,-9.70160484313965,2.78325486183167,3.246901512146,3.70443964004517,-0.60414570569992,-0.28466320037842,-0.06352998316288,20.3489189147949,17.0975933074951,12.3878984451294,18.979434967041,19.9059906005859,20.4111671447754,3.25201749801636,3.46948552131653,3.49453091621399,-4.17548799514771,-2.6240451335907,-0.62728083133698,5.70196914672852,5.83330488204956,5.33239555358887,-0.35979962348938,-0.7916813492775,-1.17591559886932,-5.84694004058838,-7.39598846435547,-7.45344924926758,14.3798742294312,9.26825428009033,4.62559747695923,1.27770102024078,0.69310295581818,-0.14194981753826,3.56736063957214,3.56736063957214,3.07176089286804,2.03738832473755,1.6323846578598,1.51693117618561,-1.18263506889343,-0.39950588345528,0.23090706765652,-3.04542446136475,-1.65199911594391,-0.09337386488914,-4.52504110336304,-4.64953947067261,-5.5740008354187,LIFT
-0.19814941287041,-0.03016147203743,0.22823452949524,-2.26252055168152,-2.55221891403198,-2.6623523235321,-0.87582802772522,-1.28144252300262,-1.80556499958038,-0.5155702829361,-0.62369340658188,-0.33475416898727,10.8220911026001,12.4669075012207,13.3407907485962,6.0312933921814,6.43351936340332,8.25790119171143,-0.70944362878799,-0.48647782206535,-0.1920407563448,-3.09570288658142,-3.60806202888489,-4.67827033996582,1.94392597675323,3.22368860244751,3.61464238166809,0.08185594528913,0.47036623954773,0.68050390481949,15.9052801132202,14.652813911438,14.1548194885254,18.1414642333984,16.8940849304199,15.8909149169922,1.47867572307587,2.1836142539978,2.52936387062073,-6.9530611038208,-5.46147346496582,-5.03291130065918,3.50102138519287,4.58652877807617,6.17722225189209,-0.59681534767151,-0.95600408315659,-1.52777397632599,5.97143840789795,1.08217918872833,-3.3231520652771,27.3115558624268,25.9372844696045,21.1294288635254,2.46827745437622,1.90322697162628,1.23188614845276,-1.93690919876099,-1.64242231845856,-0.49081134796143,4.15953397750854,2.7081184387207,1.71729493141174,-1.00914943218231,-0.87536990642548,-0.78557270765305,-6.58914232254028,-5.11431407928467,-3.85945320129395,-6.78067827224731,-7.38162326812744,-7.40795946121216,-0.97761344909668,-1.3545173406601,-1.16026222705841,1.53228902816772,-0.19153612852097,-0.66079968214035,0.84375762939453,0.4124867618084,-0.25824329257011,0.61575216054916,0.38117989897728,0.36651915311813,1.55623114109039,3.19386506080627,5.0592474937439,-7.1613564491272,-7.82694482803345,-7.28106641769409,LIFT
-0.26045766472816,-0.2030363380909,-0.12728904187679,-0.41419690847397,-0.44292730093002,0.05746084079146,-0.24358251690865,-0.38285979628563,-0.47571131587029,0.20097467303276,0.28405234217644,0.33047810196877,7.83412742614746,7.83412742614746,7.92989540100098,4.57531929016113,4.87220048904419,4.97784471511841,-0.42478042840958,-0.71494138240814,-1.23356604576111,0.97922849655151,1.05823719501495,0.18435353040695,-0.46838092803955,-0.66385781764984,-1.40911340713501,-0.00794124789536,-0.12400564551353,-0.15943582355976,12.7805480957031,15.0433673858643,17.4399642944336,4.04380655288696,3.73974299430847,4.95390272140503,-0.6795112490654,-0.41317397356033,0.0914007127285,-3.16513466835022,-4.31913995742798,-4.75488471984863,-0.83123487234116,1.76738584041595,4.38555431365967,-1.60107779502869,-1.15087008476257,-0.57787853479385,16.9587287902832,14.4397296905518,11.8252611160278,21.9003620147705,23.3320941925049,20.9953536987305,0.91057097911835,1.07000684738159,1.26304030418396,-4.94911432266235,-4.17309379577637,-4.18985319137573,4.50406217575073,3.82661271095276,3.56394052505493,0.28405234217644,0.02565634064376,-0.13072516024113,5.68652820587158,4.44124412536621,3.04781866073608,11.7869539260864,11.5020446777344,12.0958061218262,2.42307329177856,2.91970682144165,2.88794183731079,-2.72220730781555,-1.33357036113739,0.84275901317596,4.10333442687988,3.29210543632507,2.20232200622559,-1.24738681316376,-0.83322018384933,-0.63957589864731,-1.63523972034454,-1.50355863571167,-1.70227742195129,-0.82360535860062,-3.12443327903748,-4.36941814422607,LIFT
-0.17921258509159,-0.28367054462433,-0.46937358379364,0.07422025501728,0.48123455047607,0.57221418619156,-0.84894996881485,-0.74632459878922,-0.46349400281906,-0.05864306539297,-0.09468411654234,0.04398229718208,7.57794761657715,7.31697988510132,7.84131002426147,6.34253978729248,6.96982049942017,6.50534534454346,-0.6049856543541,-0.74792814254761,-1.07290840148926,0.90979665517807,0.67277067899704,-1.6903064250946,-0.59849524497986,-0.10430523753166,0.53527069091797,-0.25656339526176,-0.46364670991898,-0.77335542440414,14.2242517471313,15.6921968460083,16.6977615356445,9.61301898956299,11.2913541793823,12.4573307037354,0.9056841135025,0.71814846992493,0.19280433654785,-3.98395156860352,-2.42772054672241,-5.72483539581299,4.51811218261719,5.13080978393555,4.90662240982056,0.15943582355976,-0.15271630883217,-0.45265114307404,20.1549892425537,17.1885719299316,14.7297277450562,19.6019287109375,17.6147403717041,16.8677501678467,2.78042960166931,2.83785080909729,3.04737758636475,-4.19942998886108,-3.79959797859192,-2.75333189964294,4.7471866607666,4.65128087997437,4.19862937927246,-1.63711881637573,-2.07877445220947,-2.36343765258789,-1.52271223068237,-4.08690214157104,-5.38007068634033,13.4605016708374,8.74631786346436,4.70700073242188,1.83297753334045,1.27770102024078,0.71998107433319,1.80762231349945,1.92254400253296,1.45088624954224,2.33304715156555,2.30128216743469,2.27196049690247,-0.87598073482513,-0.35185837745667,0.0745255574584,-4.19703578948975,-3.14598107337952,-2.00873517990112,-2.65038132667542,-3.3925838470459,-4.30956315994263,LIFT
-0.03077233582735,-0.12423472106457,-0.22991441190243,0.31603461503983,0.37349545955658,0.40940847992897,-0.4494441151619,-0.56184333562851,-0.86422163248062,0.05192354694009,0.04276056587696,0.13866640627384,6.83813953399658,6.80701494216919,6.8453221321106,4.78600931167603,4.0270471572876,3.66073441505432,-0.3972914814949,-0.52129715681076,-0.5316818356514,0.31124621629715,0.05746084079146,-0.16998831927776,-1.02610087394714,-0.8116871714592,-0.56306505203247,0.26816985011101,0.25839599967003,0.11667526513338,9.62259578704834,10.434229850769,12.7757596969604,8.23635292053223,9.70160484313965,10.9178590774536,0.34490978717804,-0.02832887507975,-0.3288745880127,2.83473491668701,2.56658411026001,1.42215585708618,2.00256896018982,3.34280729293823,4.26948976516724,-1.13132238388062,-1.27731919288635,-1.34207093715668,17.3920803070068,16.7312793731689,15.8526077270508,15.6060056686401,14.0901765823364,11.0519342422485,0.05841398984194,0.38278344273567,0.6967681646347,-3.88339519500732,-4.25928497314453,-4.26167917251587,3.3403639793396,2.78997421264648,2.94757747650146,-0.39522981643677,0.86254173517227,1.26388013362885,13.2234754562378,11.8372325897217,10.2235403060913,7.38880586624146,9.74709415435791,11.4828910827637,2.00340890884399,2.12497115135193,1.59168577194214,-1.91536140441895,0.33997663855553,2.18830037117004,3.66656589508057,3.21513652801514,2.10213994979858,-0.55344390869141,-0.58154368400574,-0.87048298120499,3.21301865577698,1.69748902320862,0.16280572116375,5.99298620223999,2.85867691040039,0.34237083792686,LIFT
-0.16638441383839,-0.25618159770966,-0.33315062522888,0.47884035110474,0.428562104702,0.17956513166428,-0.6650795340538,-0.59788435697556,-0.49464812874794,-0.0824668109417,-0.10812314599752,-0.16920967400074,6.09354257583618,6.06002378463745,5.85412263870239,8.51408004760742,8.76786613464355,8.71279907226563,-0.34414622187614,-0.17921258509159,-0.18837557733059,-0.11492168158293,0.40940847992897,1.21386027336121,0.39843684434891,0.12476922571659,-0.2197587788105,-0.21930062770844,-0.01649336144328,-0.2101376503706,7.50612163543701,8.59548377990723,12.0167980194092,7.81018543243408,7.61146640777588,8.52126312255859,-0.66485047340393,-0.54328829050064,-0.93668550252914,1.36708915233612,1.48919343948364,0.41659110784531,1.77471625804901,3.97932887077332,5.52298545837402,0.36468654870987,0.19792033731937,0.21563543379307,14.8183126449585,13.8507556915283,13.2234754562378,22.1732997894287,21.3975791931152,17.5596733093262,0.07307475805283,0.31558826565742,0.56421041488647,-5.95467901229858,-6.56759452819824,-7.68089818954468,4.43198013305664,3.62869238853455,2.99950098991394,1.04030346870422,0.99693208932877,0.75930547714233,9.74709415435791,8.16692161560059,6.33056879043579,9.59626007080078,10.4485950469971,11.0734825134277,2.74622106552124,2.86289644241333,2.83174228668213,-3.55538964271545,-2.04225397109985,-0.05027823522687,2.16994595527649,2.1412353515625,2.06365561485291,-1.07634460926056,-1.50639367103577,-1.80755031108856,-0.52911859750748,-0.85233581066132,-0.88824880123138,6.80940914154053,4.20182418823242,1.71664261817932,LIFT
-0.23357959091663,-0.29466611146927,-0.3972914814949,0.55784898996353,0.71586632728577,0.89543145895004,-0.38408151268959,-0.09453139454126,0.23228150606155,0.12339477986097,0.12828169763088,0.064751714468,4.43166732788086,5.08558368682861,5.69849920272827,9.77103614807129,9.97214889526367,9.94820690155029,-0.44493898749352,-0.58055102825165,-0.88903802633286,1.83874690532684,2.02549457550049,2.10689759254456,0.51755559444427,0.46746462583542,0.50594913959503,-0.40927970409393,-0.41905355453491,-0.23884831368923,8.88278770446777,9.54119300842285,9.77582454681396,10.2115697860718,11.5762643814087,13.7358341217041,-1.23845291137695,-1.11017119884491,-0.78946697711945,-1.3407529592514,-1.88902509212494,-2.60967993736267,1.95858669281006,2.59205389022827,3.38801145553589,-0.68600165843964,-0.78740531206131,-0.37446039915085,10.3504333496094,9.80216121673584,9.63217258453369,18.3713073730469,18.3018760681152,17.4662990570068,-0.47426050901413,-0.4492150247097,-0.31360295414925,-5.22444725036621,-5.35612869262695,-6.49337434768677,5.09110355377197,4.79972076416016,4.1601448059082,2.81242370605469,2.52959299087524,1.86497163772583,8.30578517913818,8.30578517913818,5.00657510757446,12.8092784881592,12.8092784881592,10.8963108062744,3.11945962905884,3.45177054405212,3.54767632484436,-3.2585084438324,-1.69270062446594,0.24420857429504,2.10397267341614,1.76005554199219,1.57862854003906,-0.87414819002151,-0.87414819002151,-0.48685958981514,-1.31920516490936,-1.17076468467712,-0.85473001003265,4.62559747695923,3.34709405899048,2.85149431228638,LIFT
-0.5438991189003,-0.49380818009377,-0.3936263024807,-0.50517654418945,-0.63925182819366,-0.26096799969673,-0.65469485521317,-0.78053307533264,-0.60826909542084,-0.21991148591042,-0.14416420459747,-0.04581489413977,5.42795467376709,4.89883613586426,4.62320327758789,7.7263879776001,8.61463737487793,9.3712043762207,-0.3288745880127,-0.37224599719048,-0.39484801888466,1.29765737056732,1.4867992401123,2.24097275733948,0.51572299003601,0.61529403924942,0.45463645458221,0.48624873161316,-0.05558873713017,-0.44348818063736,6.0696005821228,6.98657989501953,8.59787750244141,11.2195281982422,11.3607864379883,12.1293249130249,-0.49319732189178,-0.36369389295578,-0.44982588291168,-0.03112462162971,-0.50278234481812,-0.68474167585373,1.77166187763214,2.58228015899658,3.48880410194397,-0.96028017997742,-0.83749628067017,-0.74036866426468,13.1133422851563,12.7302694320679,12.3400144577026,16.1470947265625,15.8190889358521,13.9513130187988,0.09873109310865,0.43715044856071,0.3986659348011,-6.08157157897949,-3.78523278236389,-3.11485648155212,3.5303430557251,3.79973459243774,3.7514762878418,1.76478970050812,1.56381499767303,1.63162112236023,12.3136787414551,10.3983173370361,8.29381370544434,15.6945905685425,17.1646308898926,17.8374004364014,1.60084867477417,1.76150631904602,1.87390553951263,-1.36948335170746,-0.73741412162781,-1.26653265953064,3.33792042732239,3.92862701416016,4.71969747543335,-1.71836388111115,-1.6212363243103,-1.71653139591217,-0.79966336488724,-3.10767388343811,-4.17788219451904,13.8483619689941,11.2075576782227,6.9339075088501,LIFT
-0.98372209072113,-0.7344890832901,-0.76442152261734,-0.02873042039573,0.03591302409768,-0.81402856111526,-0.83917611837387,-1.4579826593399,-1.63818788528442,0.46242499351501,0.05558873713017,-0.44898596405983,4.52025270462036,4.84825849533081,4.60644388198853,7.69526338577271,9.48133754730225,10.9753198623657,-0.14317154884338,0.14515686035156,-0.08880453556776,-1.11090958118439,1.17794728279114,3.15795207023621,0.74052137136459,0.65133506059647,0.46990808844566,0.00916297826916,-0.11423180252314,0.31826078891754,6.23240613937378,7.89158821105957,10.0343990325928,11.2626237869263,12.7781534194946,15.7831764221191,-0.56405770778656,0.00160352129024,-0.46937358379364,0.1723825186491,2.6240451335907,3.24893164634705,2.56517577171326,5.01108026504517,6.3128342628479,-0.29260444641113,0.29199358820915,0.51373767852783,13.6209125518799,12.4190235137939,12.0431337356567,23.4087085723877,20.5093307495117,13.6352777481079,-0.18715384602547,0.85253882408142,2.14451885223389,-12.5052146911621,-11.5307750701904,-6.83095693588257,2.71789216995239,3.50529742240906,4.07462406158447,0.33047810196877,0.4544837474823,0.28893926739693,6.72082328796387,4.26886177062988,2.74136090278625,15.6467065811157,14.6935148239136,11.980884552002,1.75356507301331,1.64116585254669,2.3424391746521,-1.72861361503601,-3.7349545955658,-0.11731588095427,3.11373281478882,3.63419008255005,3.85410165786743,-2.17284774780273,-1.73668992519379,-1.34084916114807,-2.67671751976013,-2.64080452919006,-2.94486808776855,8.71279907226563,3.70861840248108,-1.62087452411652,LIFT
0.06269004940987,-0.19937114417553,-0.68745249509811,2.65038132667542,3.59369683265686,4.68066453933716,0.80038619041443,1.25731337070465,2.04166436195374,-0.28160887956619,-0.39522981643677,-0.41661009192467,5.00418090820313,5.732017993927,6.438307762146,13.8579387664795,15.3689794540405,15.0074548721313,-0.25557073950768,-0.89025974273682,-1.39727783203125,1.74297881126404,0.31603461503983,-2.55700731277466,3.31959438323975,4.36417388916016,5.02879524230957,-0.47830748558044,0.37995818257332,0.97921699285507,10.7023811340332,11.1117897033691,11.1668558120728,16.4679183959961,15.5365734100342,12.9792671203613,-0.79007786512375,-0.33315062522888,0.04680754989386,-8.17649841308594,-8.94982528686523,-9.27064800262451,4.10150194168091,3.93901181221008,3.53156471252441,2.85762763023376,2.14596962928772,0.68905597925186,10.8532152175903,8.34888076782227,5.41358947753906,18.7160739898682,18.708890914917,17.5524921417236,3.40229034423828,3.32532143592834,2.98812365531921,-3.07894349098206,-0.8164227604866,0.94092124700546,3.57127094268799,3.0935742855072,2.82723712921143,-1.52838480472565,-1.314581990242,-0.2229658216238,-1.23780226707459,-1.81480491161346,-2.24097275733948,2.55461311340332,0.88824880123138,1.17076468467712,0.99792474508286,0.33941200375557,-0.25618159770966,3.03105926513672,3.03105926513672,2.18351197242737,2.39291191101074,1.65926277637482,0.84070330858231,0.43737950921059,0.42149701714516,0.29932397603989,-0.11731588095427,0.4716577231884,1.78607451915741,-6.15339756011963,-6.73758268356323,-6.63223791122437,LIFT
0.420046210289,0.28687760233879,-0.05887213721871,1.09175598621368,1.97761058807373,2.66474652290344,-0.24602597951889,-0.25091290473938,-0.12263119965792,-0.64873886108398,-0.58765238523483,-0.64324110746384,5.32739782333374,5.39443588256836,5.18374586105347,8.70082855224609,9.49809741973877,9.77343082427978,-0.57260978221893,0.03825543448329,0.74991345405579,-2.46842193603516,-3.19625926017761,-2.29364514350891,0.54076844453812,0.39965859055519,0.20784689486027,-0.01466076634824,-0.11301007121801,-0.27061331272125,6.37366437911987,6.71124649047852,7.47020864486694,8.98334407806396,9.27304267883301,11.025598526001,-0.07780896127224,-0.19570595026016,-0.14989106357098,3.1699230670929,3.22020125389099,3.79480957984924,1.39170372486115,2.94207978248596,3.79973459243774,-0.94378679990768,-0.93889987468719,-0.37446039915085,13.9034280776978,12.7709712982178,12.3831100463867,16.3410243988037,14.4947967529297,13.3934631347656,-1.58664608001709,-1.2079097032547,-0.27756190299988,-2.41096115112305,-4.72376012802124,-4.99460411071777,4.20779275894165,3.58409905433655,3.09051990509033,1.51861095428467,1.31641459465027,0.99204516410828,12.8547677993774,12.2107276916504,11.734281539917,9.76145935058594,12.517186164856,14.8159189224243,1.77922141551971,2.03395223617554,1.92155301570892,-2.79882168769836,-1.22343707084656,0.69671267271042,3.89747309684753,4.04346990585327,3.66717672348022,-0.95844757556915,-0.88453286886215,-1.20401537418365,0.69671267271042,-1.44609785079956,-2.24097275733948,9.09826564788818,4.33589935302734,1.05584299564362,LIFT
-0.47487136721611,-0.49014300107956,-0.68867421150208,0.46686932444572,0.93613284826279,0.87627780437469,-0.37064248323441,-0.01267545390874,0.17608191072941,0.51740288734436,0.18509216606617,0.03054326213896,7.7072343826294,8.88039302825928,9.77343082427978,12.1341133117676,12.4716958999634,13.3575506210327,-0.19265162944794,-0.12606731057167,-0.03382666409016,1.18273568153381,1.50834703445435,1.46285724639893,1.37154519557953,2.03616666793823,3.18703675270081,-0.3897320330143,-0.85460048913956,-1.47890472412109,10.9082822799683,10.8029375076294,10.9633483886719,17.4303874969482,19.4630641937256,20.0951328277588,1.28442049026489,1.19156897068024,0.77190458774567,3.15076947212219,4.13957452774048,4.88656568527222,4.71236705780029,4.92739200592041,5.12653398513794,-1.72141826152802,-1.03969264030457,-0.1490511149168,11.7582235336304,7.98735618591309,4.00071096420288,27.0266456604004,27.9891147613525,24.9676322937012,-1.24272894859314,-1.20668792724609,-1.37773025035858,2.74614930152893,4.35984134674072,6.69448709487915,3.27744483947754,3.49185848236084,3.85104727745056,2.62366628646851,2.44590449333191,1.31641459465027,-4.56095409393311,-8.47337913513184,-10.666467666626,4.91320133209229,1.4484920501709,-2.83234071731567,-0.20792326331139,1.38276982307434,1.77555620670319,-4.06296014785767,-0.72065472602844,1.02711248397827,3.83455395698547,2.99033808708191,1.81320071220398,-3.32432866096497,-2.01402282714844,-0.81367248296738,-2.68629431724548,-1.08217918872833,0.72783732414246,-2.83473491668701,-5.49259805679321,-8.43746566772461,LIFT
-0.73876518011093,-0.60620737075806,-0.28672486543655,-2.11168599128723,-2.2170307636261,-3.08612608909607,-0.27229318022728,0.16569720208645,0.34406983852386,0.04642575979233,0.01710422709584,-0.01343903504312,5.62188482284546,5.77511358261108,7.3097972869873,10.8771572113037,11.5762643814087,12.0311632156372,2.01623702049255,1.75417590141296,1.43408250808716,-3.09330868721008,-2.55700731277466,-3.66791701316834,1.3800972700119,2.12168765068054,2.45399832725525,0.42821654677391,-0.82711154222488,-0.98471474647522,14.7560634613037,15.1511068344116,14.554651260376,16.2500457763672,18.9411277770996,19.8940200805664,1.61795294284821,1.475621342659,1.11521089076996,-1.30483996868134,0.06943184882402,0.40940847992897,6.00801229476929,6.80824565887451,7.37757205963135,-2.27852725982666,-1.13865280151367,0.43982297182083,4.16112232208252,0.64404028654099,-4.57292509078979,30.117561340332,28.6594924926758,23.305757522583,-2.089998960495,-2.22316765785217,-1.17003607749939,3.1387984752655,-0.33518823981285,-3.78283858299255,5.20533561706543,3.81134104728699,2.89626479148865,1.85153257846832,0.1276708394289,-0.72204273939133,-13.5921821594238,-9.67766284942627,-6.1198787689209,-9.65372085571289,-8.95221900939941,-7.68329238891602,2.11825156211853,1.43469333648682,0.81099998950958,3.23935484886169,3.32554626464844,2.3702597618103,0.42409318685532,0.12415836006403,-0.01145372353494,0.25045475363731,0.30115658044815,0.10384709388018,1.19949507713318,2.39899015426636,3.47159242630005,-6.30183792114258,-6.6849102973938,-5.70807600021362,LIFT
-0.53962308168411,-0.9000335931778,-1.16759252548218,-1.42694425582886,-1.56101953983307,-2.16196417808533,-0.27962356805801,0.01114829070866,0.05268712714314,0.29504790902138,0.33841934800148,0.18753562867641,4.54898309707642,4.89883613586426,5.87088203430176,8.54281139373779,7.88440561294556,7.66413879394531,-0.87376636266708,-0.49502992630005,-0.07780896127224,-5.96425580978394,-6.25395393371582,-5.29627323150635,0.30558532476425,0.88102042675018,1.38926029205322,0.31948253512383,0.39095374941826,0.11423180252314,7.67132139205933,8.40873527526855,9.62977886199951,12.5961942672729,11.9665193557739,10.518027305603,0.68699431419373,1.14147806167603,1.5379296541214,-6.11509037017822,-5.62906742095947,-4.50109910964966,2.07220768928528,3.7013852596283,4.23711395263672,-0.87536990642548,-0.09651670604944,0.83322018384933,14.8781681060791,13.0606698989868,11.3272676467896,26.1240329742432,25.7194118499756,21.7662868499756,1.49089300632477,1.78777348995209,1.92582905292511,-3.18668246269226,-2.50672912597656,-1.32399356365204,5.88706111907959,6.02756023406982,5.56147003173828,-1.02197754383087,-0.72265356779099,0.08124507963657,6.55562353134155,6.30423212051392,4.86262369155884,20.4327163696289,18.1821670532227,15.6706485748291,0.39500072598457,-0.27756190299988,-0.67462432384491,2.44687414169312,2.65995812416077,-0.75896191596985,4.51261425018311,2.18827199935913,2.15650701522827,1.27854096889496,-0.51618111133575,-1.27976274490356,-6.32817459106445,-1.81241071224213,0.5434837937355,-5.19811105728149,-2.59531474113464,-0.89064306020737,LIFT
0.62224262952805,0.71570497751236,0.76029813289642,-1.50595283508301,-1.1755530834198,-1.01992988586426,0.85292059183121,0.96348720788956,0.74418658018112,-0.04398229718208,-0.39461895823479,-0.36590829491615,6.45267295837402,6.73997688293457,6.45027875900269,10.6736507415771,9.97933197021484,8.98094940185547,0.7022659778595,0.93011868000031,0.8751408457756,-2.10450339317322,-0.7972691655159,0.37828385829926,-0.28939741849899,-0.41462478041649,0.2561052441597,-1.25654983520508,-1.80816113948822,-2.64749002456665,4.70700073242188,4.2257661819458,5.6937108039856,8.5811185836792,10.518027305603,19.8030414581299,0.71203982830048,0.20929770171642,0.39683333039284,4.24252557754517,2.18111777305603,4.64953947067261,6.05199480056763,7.08130264282227,6.80763483047485,-1.54243469238281,-0.38912117481232,1.93033421039581,5.03530550003052,2.4899697303772,-2.74375510215759,30.5604877471924,27.9029235839844,26.4376735687256,-2.96659064292908,-2.16208124160767,-0.56711202859879,4.39814853668213,3.49074602127075,4.64714527130127,6.88582563400269,5.63721704483032,3.90969038009644,4.86187648773193,1.694540143013,-0.99876469373703,-9.97693729400635,-6.63702630996704,-4.04859495162964,-10.6616792678833,-16.8462009429932,-13.4700784683228,1.59718358516693,1.24410343170166,0.78412187099457,4.80516290664673,4.95869112014771,4.52743530273438,0.32513302564621,-0.31077769398689,-0.42562034726143,-0.37323865294456,-0.52595496177673,-0.30482175946236,3.8690299987793,5.31303262710571,5.58836603164673,-6.86208152770996,-4.28801536560059,-3.58890843391419,LIFT
-0.76258891820908,-0.59643357992172,-0.21403190493584,-0.45489832758904,-0.40462008118629,-1.97282218933105,-1.65956819057465,-1.51112794876099,-1.61802935600281,-0.45570546388626,-0.7434229850769,-0.22846360504627,6.04087018966675,6.58674812316895,7.01291608810425,1.96803379058838,2.88501310348511,1.95366859436035,0.08590292185545,-0.204868927598,-0.18226692080498,-0.58418524265289,-0.96246910095215,-0.1268926858902,-3.30035209655762,-3.78232479095459,-3.89594578742981,0.84421575069427,0.65851271152496,0.01343903504312,5.88524723052979,6.08396577835083,5.9810152053833,2.42532634735107,3.33272886276245,8.15495014190674,-0.10957395285368,-0.10407616943121,-0.01427897531539,1.66397023200989,0.7182605266571,-0.07900865375996,-2.21545553207397,-1.47691941261292,-1.53739511966705,-1.14170718193054,-0.44837507605553,0.39767327904701,13.5035972595215,13.5035972595215,11.492467880249,19.1637897491455,19.1637897491455,14.3104429244995,-0.75831282138824,0.21418462693691,0.89163416624069,-2.827552318573,-2.12365698814392,0.3687070608139,-0.27962356805801,-0.58322358131409,-0.72922039031982,-0.01893682219088,0.53817230463028,0.47097709774971,8.61463737487793,7.35528707504272,5.91876602172852,7.73357057571411,5.67695140838623,5.38725328445435,-1.46386218070984,-1.30686986446381,-1.17919898033142,0.38786068558693,-0.64404028654099,-1.28089785575867,-0.52458053827286,-0.31688633561134,-0.17516560852528,-0.74525558948517,-0.67011916637421,-0.40805798768997,4.51546430587769,4.3143515586853,4.46758031845093,10.6233720779419,11.0471458435059,11.0375690460205,LIFT
0.16042847931385,0.33513593673706,0.44264823198318,-1.50595283508301,-1.45088624954224,-1.27371525764465,-0.5172501206398,-0.58322358131409,-0.35903605818748,-0.63163465261459,-0.44470989704132,-0.32070425152779,6.37845277786255,6.000168800354,5.67695140838623,11.3392381668091,12.8116722106934,15.1942024230957,1.82442545890808,2.38886499404907,2.37786936759949,-1.08936178684235,1.38384854793549,2.59531474113464,1.61161518096924,1.1045970916748,1.36421477794647,-0.84299403429031,-0.58459806442261,-0.33903020620346,8.41112995147705,9.40711784362793,8.15734481811523,13.4676837921143,19.7000904083252,20.8828258514404,1.10604786872864,1.38032639026642,1.20867323875427,2.22900176048279,3.28245043754578,4.66869354248047,5.16990518569946,6.28595590591431,6.53763246536255,-2.54425382614136,-1.82098925113678,-0.42699480056763,6.96503210067749,5.30106163024902,2.33674097061157,28.7001934051514,27.2014236450195,25.4488677978516,-3.92320561408997,-4.90058994293213,-5.43570804595947,9.29937839508057,8.18607521057129,6.08396577835083,6.41362714767456,5.08132982254028,4.10577821731567,5.05674266815186,3.49842524528503,1.34329271316528,-15.8909149169922,-13.4892320632935,-10.0248222351074,-3.95282697677612,-8.54759979248047,-8.36563968658447,1.64360928535461,2.43345808982849,2.31189584732056,-0.52672439813614,1.61608612537384,2.58094954490662,2.05143809318542,0.57070088386536,-0.1262963861227,-0.76724672317505,0.16249015927315,0.63529986143112,2.14999318122864,3.88578939437866,5.03530550003052,-7.25473022460938,-5.74398899078369,-4.25928497314453,LIFT
-1.47730123996735,-1.38628232479095,-1.29770684242249,0.4716577231884,0.45010992884636,0.01675941236317,-2.1390974521637,-2.24844217300415,-2.62778949737549,0.86987209320068,0.18692477047443,-0.20463985204697,7.57555341720581,7.41753625869751,7.13262605667114,1.70946002006531,2.53306531906128,3.77565598487854,-0.27634015679359,-0.40706533193588,-0.29527699947357,-0.39504328370094,-0.76614451408386,-1.7788919210434,-2.97964787483215,-3.4823899269104,-3.65037798881531,-0.27550023794174,0.60781091451645,-0.45570546388626,6.39521217346191,4.48673391342163,2.37744235992432,9.20839881896973,5.92355442047119,7.70005178451538,1.23982739448547,0.76823937892914,-0.1010218411684,-0.0981622710824,1.49637603759766,0.93373864889145,-2.22400760650635,-1.50196492671967,-1.10368072986603,0.3158173263073,0.47097709774971,0.74708819389343,12.7063274383545,11.4661312103271,10.7718124389648,16.4918594360352,16.1806144714355,15.3187007904053,-1.43270802497864,-1.04541945457459,-0.60009872913361,-1.95127439498901,-2.07098436355591,-1.65918183326721,0.5199990272522,0.4900666475296,0.44852781295776,0.25473082065582,-0.09407325088978,-0.31948253512383,5.14543867111206,4.86501789093018,4.78122091293335,7.73117637634277,7.29782629013062,7.14459705352783,0.18241962790489,-0.01244637928903,-0.13645201921463,-0.04788403213024,-0.37828385829926,-0.91937345266342,-0.1959350258112,-0.17577648162842,-0.03711006417871,-0.21991148591042,-0.34574973583221,-0.46486845612526,3.58890843391419,3.79241538047791,4.00789356231689,8.45422554016113,9.27783107757568,9.94341850280762,LIFT
1.07916986942291,1.22272312641144,1.26242935657501,-1.5179238319397,-0.73980832099915,0.09337386488914,0.3727805018425,0.77778416872025,0.86513787508011,-0.38545596599579,-0.23823744058609,-0.06658431142569,9.22037029266357,9.41669464111328,9.87159252166748,14.8039474487305,14.7249393463135,15.0170316696167,0.73403096199036,0.51900637149811,0.78045672178268,1.93690919876099,0.67516487836838,0.37110126018524,2.30250382423401,2.61771035194397,3.37884831428528,-0.2315179258585,-0.48991394042969,-1.92361462116241,7.24515342712402,7.5875244140625,8.85166263580322,16.6594543457031,15.1870203018188,14.9116868972778,1.07183945178986,0.64912068843842,0.41699188947678,2.54982471466064,2.56418991088867,2.56418991088867,4.51994466781616,5.13630771636963,5.35805177688599,-2.05189633369446,-1.40987694263458,-0.41966441273689,8.05918216705322,7.05122327804565,4.59686708450317,19.7000904083252,19.2212505340576,18.5580558776855,-2.82059383392334,-3.42596125602722,-3.77598714828491,4.48912811279297,3.92409658432007,2.71023631095886,5.16624021530151,4.77589702606201,3.98727011680603,4.46970081329346,4.68167114257813,3.57539439201355,-6.44070196151733,-6.92911911010742,-5.47105026245117,4.40772533416748,-2.45405673980713,-7.53006362915039,-0.17493653297424,0.9050732254982,1.56969463825226,-0.72065472602844,-0.3256114423275,0.71586632728577,2.17666554450989,1.22921359539032,0.60918533802032,-1.17163956165314,-0.9645562171936,-0.44226643443108,1.42215585708618,3.04303026199341,4.25689077377319,-8.65533828735352,-6.90278291702271,-6.44070196151733,LIFT
-0.07597636431456,0.3858377635479,0.45975244045258,-0.57700258493423,-0.24660277366638,0.18914192914963,1.09971010684967,1.312291264534,1.607950091362,-0.19486601650715,-0.10995574295521,-0.11362093687057,9.04080486297607,8.99292087554932,8.82532691955566,14.6408424377441,14.7704286575317,14.6288719177246,0.44753515720367,0.57581686973572,0.7584655880928,-1.92254400253296,-1.92254400253296,-2.48518133163452,2.61160159111023,2.73377466201782,2.76309633255005,-1.18263506889343,-1.24799764156342,-1.07634460926056,8.21959400177002,8.36563968658447,8.54759979248047,14.2338285446167,15.0266084671021,15.1702604293823,0.27771461009979,0.44692429900169,0.78534364700317,-2.05901336669922,-2.05901336669922,-1.47961664199829,5.54619836807251,6.32871675491333,6.71905946731567,-1.05985116958618,-0.8600982427597,0.00305432616733,7.64977359771729,6.45985555648804,4.96587371826172,21.1461887359619,20.4686279296875,18.0624561309814,-0.82856231927872,-2.07167315483093,-2.63061475753784,5.86369943618774,5.07600688934326,2.43250894546509,4.28537225723267,3.34647250175476,2.83701086044312,3.56500959396362,2.60778379440308,1.43919849395752,-7.7072343826294,-7.94904899597168,-7.39359426498413,-4.52504110336304,-7.71920537948608,-8.10706615447998,1.56602942943573,2.42307329177856,2.48049473762512,-0.85712420940399,1.31441676616669,2.38223075866699,1.17545747756958,0.30008754134178,-0.16050484776497,-0.67806041240692,-0.21074850857258,-0.1777617931366,1.10612118244171,2.61686253547669,3.44046783447266,-7.0727710723877,-6.70645809173584,-5.32979202270508,LIFT
-0.50969070196152,-0.49136471748352,-0.55489474534988,-2.51870012283325,-2.58813214302063,-3.5314474105835,-0.38896843791008,-0.27962356805801,-0.23441953957081,-0.27061331272125,-0.37873646616936,-0.42760565876961,3.63918662071228,4.1659107208252,4.88895988464355,8.32972717285156,8.32972717285156,8.19565200805664,0.96432715654373,1.57702493667603,1.91300082206726,-5.33697509765625,-4.60644388198853,-3.44765043258667,0.50594913959503,0.53954672813416,1.54442000389099,-0.95722585916519,-0.99754291772842,-1.64078402519226,11.8061075210571,12.9720840454102,13.9297647476196,14.279317855835,18.2204742431641,22.5611610412598,2.28196358680725,1.97958517074585,1.77983224391937,-1.8674772977829,-1.47243404388428,-1.09415018558502,5.4105863571167,6.1540093421936,6.21448469161987,-2.12825441360474,-1.52288711071014,-0.63835418224335,9.4119062423706,6.68012189865112,3.47398662567139,31.2308654785156,29.0090465545654,27.189453125,-0.29039007425308,-0.60315304994583,-0.98799818754196,2.06619596481323,3.01669406890869,4.23773717880249,6.99517059326172,5.75389242172241,4.11738443374634,1.0134254693985,1.56442594528198,1.92300379276276,-5.00418090820313,-6.41675996780396,-7.87243461608887,5.58118343353271,-0.641646027565,-4.22816038131714,-2.54998064041138,-0.90675312280655,0.53122371435165,-2.5091233253479,-2.36547136306763,0.1508347094059,1.05206263065338,1.40147757530212,1.02090859413147,-0.30115658044815,-0.99326688051224,-1.08611845970154,-2.42532634735107,-0.94570964574814,0.40462008118629,-1.62326872348785,-3.19625926017761,-4.42209053039551,LIFT
-0.40889793634415,-0.28000536561012,-0.03932445123792,0.16998831927776,-0.11252748221159,0.06703764945269,-1.86115372180939,-1.51845824718475,-3.5703547000885,0.0500909499824,0.4459316432476,1.15087008476257,5.98819780349731,5.13825607299805,6.17255115509033,5.17656326293945,2.96162748336792,6.35211658477783,0.16042847931385,-0.52618402242661,-1.52617049217224,1.68072962760925,2.2361843585968,0.33039984107018,-4.06820964813232,-3.95092368125916,-3.68458652496338,0.22907446324825,0.40194934606552,0.87414819002151,6.1581859588623,5.96425580978394,5.99538040161133,10.9489831924438,13.9776487350464,13.7382287979126,-2.50477647781372,-1.82854878902435,-0.77724969387054,-4.8410758972168,-6.96024370193481,-7.02967548370361,-1.85809934139252,-1.53311908245087,-1.28510773181915,-0.27244588732719,0.35979962348938,0.95905846357346,10.5491523742676,11.3583917617798,10.0703115463257,19.6162929534912,18.6849479675293,17.4016571044922,-0.68012207746506,-0.43516513705254,-0.05642867833376,-5.06403589248657,-4.04859495162964,-3.12443327903748,0.41431936621666,0.52549684047699,0.48212540149689,0.22479841113091,-0.24007004499435,-0.50274211168289,4.91080713272095,4.19942998886108,3.71101260185242,7.25473022460938,6.71364068984985,6.55562353134155,0.88002777099609,0.75174605846405,0.57276254892349,-1.75255560874939,-1.5179238319397,-1.35032975673676,0.20479257404804,0.09666942805052,0.03985895588994,-0.56199604272842,-0.28221973776817,-0.08918632566929,3.49553442001343,3.20583605766296,3.20344185829163,9.65850925445557,9.97454357147217,9.82370853424072,LIFT
-0.0979675129056,-0.39912408590317,-0.45226934552193,-2.16914677619934,-2.21463656425476,-2.36307716369629,-0.44150286912918,-0.44516804814339,-0.4103487432003,0.32620203495026,0.01893682219088,-0.29260444641113,5.02094030380249,5.84933423995972,6.49098014831543,5.46147346496582,6.28986692428589,6.95784950256348,-0.15844316780567,-0.10835222154856,0.00160352129024,-1.41018486022949,-1.02711248397827,-1.26653265953064,0.3514002263546,0.7099781036377,1.21638536453247,-0.0824668109417,0.12889257073402,-0.37140607833862,8.56435871124268,9.75188255310059,11.1309432983398,12.9792671203613,12.7973070144653,14.0063791275024,0.81955206394196,1.00403344631195,1.01075291633606,-0.67995327711105,-0.45489832758904,-0.29688102006912,2.60976910591125,3.37090706825256,3.29149460792542,-1.44286370277405,-1.56320416927338,-1.27365398406982,13.146861076355,12.5435218811035,11.1141834259033,22.1206283569336,21.1294288635254,19.6593894958496,0.31009048223495,0.57215166091919,1.27220320701599,-2.53067111968994,-3.91691398620605,-3.21780705451965,5.4661750793457,5.56024837493896,5.07888650894165,-3.03905463218689,-2.47950196266174,-1.22417390346527,4.63278007507324,4.46997451782227,4.40533113479614,19.4989776611328,17.4662990570068,16.8390197753906,-1.11933422088623,-2.45224213600159,-3.03256416320801,5.94510221481323,5.59076023101807,4.54419469833374,4.78017330169678,5.13630771636963,5.24626350402832,2.7146852016449,2.74522852897644,2.63588356971741,-4.29998636245728,-6.57717132568359,-7.66174459457397,7.21402883529663,4.12999773025513,-0.23942017555237,LIFT
0.46769371628761,0.56970822811127,0.61735570430756,0.25857377052307,0.4525041282177,0.80924016237259,-3.35899519920349,-4.03644466400146,-3.90266537666321,1.08611845970154,1.41598558425903,1.36467289924622,5.74159479141235,7.40795946121216,7.02009868621826,0.12928688526154,3.08612608909607,3.33991146087646,-1.28976559638977,-2.04662775993347,-2.63855600357056,2.69587111473084,2.02310037612915,-0.1963245421648,-4.77986764907837,-4.06393384933472,-3.38648414611816,-0.35674530267715,-0.45204028487206,-0.59437185525894,4.25689077377319,5.38485908508301,7.48217964172363,11.4948616027832,13.5466928482056,13.254599571228,-2.07411646842957,-1.54510724544525,-0.74914985895157,-5.07361268997192,-7.21881723403931,-6.82377433776855,-1.34619426727295,-1.10917854309082,-0.89109969139099,-0.90285885334015,-0.16187928617001,0.4758640229702,13.9417362213135,13.3024835586548,11.0232038497925,20.3561019897461,18.9578876495361,17.9188041687012,-0.45593455433846,0.02909245714545,0.19585867226124,-4.69502973556519,-2.84910011291504,-1.70467162132263,0.87430089712143,0.86880308389664,0.85536408424377,0.60414570569992,0.527787566185,0.14599679410458,5.55963563919067,4.59926128387451,3.67988801002502,7.89877080917358,6.44788455963135,5.80863237380981,0.23678663372993,0.27160596847534,0.18119789659977,-1.83156430721283,-1.70706582069397,-1.57777893543243,0.37216964364052,0.0679587572813,-0.25518894195557,-0.06841690838337,0.14477506279945,0.23090706765652,3.62960982322693,3.51708221435547,3.44765043258667,5.78708457946777,5.04488229751587,4.78600931167603,LIFT
-0.03565925732255,-0.27389669418335,-0.45715627074242,-1.77649760246277,-2.05901336669922,-2.32955837249756,-0.46838092803955,-0.59299743175507,-0.62903851270676,0.15882496535778,0.11423180252314,0.08735372871161,3.39737224578857,3.49792861938477,3.85945320129395,5.29627323150635,5.3657054901123,5.0089693069458,-0.47548222541809,-0.4883103966713,-0.05032002553344,-3.12682747840881,-3.4308910369873,-4.48912811279297,-1.03220951557159,-1.03159868717194,-0.81351977586746,-0.73792523145676,-1.03358399868011,-1.22050881385803,6.02171659469604,9.97214889526367,12.3950815200806,6.23240613937378,9.69921016693115,11.6720323562622,0.81099998950958,0.80183696746826,0.80244785547256,-1.31441676616669,-0.98401689529419,-0.31842881441116,1.28846752643585,4.45946884155273,4.06790447235107,-1.99936199188232,-2.02501821517944,-1.00609505176544,12.0982007980347,9.36641597747803,8.78223133087158,27.6156196594238,25.482385635376,23.4901123046875,-0.04726569727063,-0.15966489911079,0.2190715521574,-0.37588965892792,-2.45166254043579,1.18991827964783,6.46860456466675,6.7862548828125,6.93591690063477,-0.30848693847656,1.42392683029175,3.27179431915283,-0.97444009780884,-4.17069959640503,-7.5372462272644,25.7529315948486,22.4318733215332,17.281946182251,-2.14803123474121,-1.08756923675537,0.36018142104149,4.82910490036011,3.55299520492554,3.04063606262207,3.85226893424988,2.38863587379456,1.23348963260651,0.47036623954773,-1.08489668369293,-0.5100724697113,-8.77983665466309,-6.45506715774536,-1.64242231845856,-12.0551052093506,-11.2219228744507,-10.2163581848145,LIFT
-0.44066292047501,-0.94401586055756,-0.96112012863159,0.42377370595932,-0.86430680751801,-2.01591777801514,-3.51110076904297,-3.60456299781799,-3.22827005386353,0.4239404797554,-0.07635815441608,-0.24312436580658,3.35667085647583,3.39737224578857,3.49314022064209,0.35673606395721,3.3925838470459,4.49631071090698,-0.25557073950768,-0.44066292047501,-0.47914743423462,-0.66319388151169,-0.64404028654099,-1.12048637866974,-4.62898397445679,-4.87027597427368,-5.38462448120117,0.78740531206131,0.43921211361885,0.61208695173264,6.36648178100586,5.74398899078369,5.33218622207642,7.75272417068481,10.0248222351074,14.5259208679199,-1.62329804897308,-1.00510239601135,-1.18042075634003,-5.74398899078369,-4.04859495162964,-4.21618938446045,-2.27043342590332,-1.18064975738525,-0.08231408894062,-0.36285394430161,-0.35857790708542,-0.23273965716362,12.44775390625,11.6911859512329,11.54274559021,23.9019145965576,23.4494094848633,20.5548210144043,0.11950051039457,-0.43944117426872,-0.97089391946793,-0.69431847333908,-0.14844051003456,-0.43574470281601,0.66599583625793,0.52732944488525,0.49373182654381,1.99630761146545,1.88146495819092,1.48318076133728,5.09994888305664,3.52665901184082,2.08774399757385,7.19487524032593,6.08157157897949,6.02650499343872,0.03397937864065,-0.00267253536731,0.00893390458077,-3.95522117614746,-3.95522117614746,-3.95522117614746,-0.0267253536731,0.01970040425658,-0.01084285788238,-0.0299323964864,-0.08735372871161,-0.0842994004488,1.33835875988007,1.33835875988007,1.33835875988007,6.00735139846802,6.00735139846802,6.00735139846802,LIFT
1.91544437408447,1.76028454303741,1.4444671869278,-1.87944829463959,-1.87944829463959,1.65439331531525,-0.07864890247583,0.09789115190506,-0.6400340795517,-0.31764993071556,-0.6023131608963,-0.65545839071274,5.84694004058838,4.61362648010254,3.64397501945496,8.22917079925537,4.40533113479614,4.96826791763306,0.21784982085228,0.6106361746788,0.92095571756363,-2.38701915740967,-0.25857377052307,3.64158082008362,-2.57158994674683,-2.22339677810669,-0.08292495459318,3.05310440063477,2.11115026473999,0.24373523890972,9.0384111404419,4.29280376434326,-1.0486603975296,13.762170791626,13.9297647476196,10.1995983123779,-0.29161179065704,-0.08575020730495,-0.44982588291168,-2.29603934288025,1.62326872348785,0.6224924325943,-1.55938625335693,-1.83977341651917,-0.81718498468399,0.65118235349655,0.21258109807968,-0.04459316283464,4.74530792236328,1.95845699310303,2.14520478248596,22.8987426757813,10.065523147583,11.5906295776367,-0.64408105611801,-0.69417196512222,-0.40034580230713,0.38307225704193,0.50278234481812,1.68312382698059,0.68615436553955,0.11621711403131,-0.49586987495422,1.56320416927338,1.34268176555634,1.04641211032867,1.79086291790009,1.55623114109039,0.5746083855629,6.92911911010742,7.06798267364502,7.88440561294556,1.18546032905579,1.33939838409424,0.40049853920937,-0.16519992053509,0.94092124700546,0.43095630407333,-0.82207190990448,-1.10001564025879,-1.56182968616486,0.78251838684082,0.38606682419777,0.29504790902138,2.83234071731567,2.63122773170471,1.15161097049713,9.10066032409668,10.6784391403198,10.8173027038574,LIFT
-0.2592359483242,-0.17371480166912,-0.12362385541201,0.39743748307228,0.74220252037048,1.27132105827332,-0.79702645540237,-1.28755116462708,-1.32542490959167,-0.14844025671482,0.36346483230591,-0.32742378115654,-0.03830722719431,1.80283391475677,1.40060794353485,10.6473140716553,9.24910068511963,12.9385652542114,-1.17064690589905,-0.92874425649643,-0.83772534132004,1.91775560379028,0.18195933103561,-2.04225397109985,1.65620839595795,2.72705507278442,3.52728867530823,0.83871799707413,0.28283059597015,0.27488934993744,0.65840548276901,0.4716577231884,0.66319388151169,24.7210311889648,24.8359527587891,25.1639575958252,-0.61170518398285,-0.91347259283066,-1.17003607749939,-0.16759411990643,-0.53630119562149,-0.14844051003456,5.83819198608398,6.96584892272949,7.74470233917236,1.72386169433594,0.90346968173981,0.32803463935852,-6.70645809173584,-8.43986034393311,-10.7694187164307,25.9348907470703,23.8492412567139,19.5947456359863,0.04375322163105,0.33513593673706,0.54344099760056,-0.49081134796143,0.26575639843941,0.52911859750748,5.81864404678345,4.25238561630249,3.29149460792542,0.84116142988205,0.91629785299301,1.02930796146393,-7.7263879776001,-5.69131660461426,-3.91451978683472,-3.70143580436707,-5.48780965805054,-5.28190803527832,0.87086474895477,0.84765189886093,0.88186031579971,1.57777893543243,1.40539634227753,1.40539634227753,1.06794512271881,0.59513545036316,0.21884247660637,0.41416662931442,0.32681289315224,0.27122417092323,1.22822546958923,3.20344185829163,5.8206033706665,-6.14860916137695,-5.59554862976074,-5.32979202270508,LIFT
-0.17432567477226,-0.77419531345367,-1.14743399620056,0.22744916379452,0.76135611534119,0.36152446269989,-3.85196352005005,-3.78293585777283,-3.86356997489929,-0.15149457752705,0.41050145030022,0.53023105859756,3.20344185829163,3.08133769035339,3.36145925521851,9.58907699584961,9.04559326171875,8.42788887023926,0.42615485191345,0.38522690534592,0.18913915753365,-2.17393517494202,-1.01514148712158,-0.63446342945099,-4.39074659347534,-4.43533992767334,-4.52086114883423,-1.07939887046814,-0.89797192811966,0.50090950727463,1.6136919260025,1.15161097049713,0.46686932444572,10.2594537734985,13.0726404190063,15.2301158905029,-0.89697927236557,-1.14193618297577,-1.134605884552,-0.50517654418945,-2.52109432220459,-3.47877502441406,-2.08656287193298,-0.66874474287033,0.19257527589798,-0.2443460971117,-0.10629054903984,-0.39400807023048,1.83395850658417,2.7126305103302,2.47560453414917,25.1711406707764,22.7383327484131,20.3417358398438,0.68271827697754,0.95516419410706,1.09871745109558,-2.58813214302063,-2.11647439002991,-0.92176765203476,2.77225923538208,2.83884358406067,2.54684996604919,-0.9822713136673,-0.66278880834579,-0.31031954288483,-0.19871874153614,-0.3208230137825,-0.3208230137825,10.5706996917725,8.59308910369873,8.59308910369873,0.15126550197601,-0.20731239020824,-0.45715627074242,2.03746557235718,1.39821374416351,1.1372457742691,0.26648995280266,-0.04627304151654,-0.18371772766113,0.89430671930313,1.02686452865601,0.8662069439888,0.19393034279346,0.17717093229294,0.32321724295616,6.17255115509033,5.44231986999512,4.85544109344482,LIFT
-0.58971405029297,-0.3972914814949,-0.1639409661293,-1.56341373920441,-1.92014980316162,-2.04225397109985,-0.74815720319748,-1.26494920253754,-1.69499838352203,-0.22602014243603,-0.39584067463875,-0.78557270765305,2.09971499443054,2.20984816551209,1.78128612041473,6.30662631988525,6.68730449676514,7.94186639785767,0.47013717889786,0.6100252866745,0.70776373147964,-1.00795888900757,-0.56503158807755,0.67755907773972,-1.52701044082642,-1.35169208049774,-0.64858615398407,-0.62980204820633,0.62124997377396,1.45508098602295,3.29202723503113,5.65779781341553,6.47900915145874,17.832612991333,21.1222457885742,22.788610458374,-0.107741355896,-0.60132050514221,-1.03869998455048,-0.37110126018524,-0.4525041282177,-0.69671267271042,3.19497799873352,3.89930558204651,4.5712571144104,-0.97494095563889,-0.74036866426468,-0.70677107572556,3.36624765396118,0.24660277366638,-1.07739078998566,26.2557144165039,24.7856731414795,24.5701961517334,-0.50969070196152,-0.48769953846931,-0.52129715681076,1.31920516490936,0.90740245580673,0.46447512507439,6.11369228363037,6.75693321228027,6.89193439483643,1.22356307506561,1.42392683029175,1.23639130592346,-6.59871912002563,-6.63223791122437,-5.14065027236938,17.7009315490723,12.5219745635986,7.5180926322937,0.00221438659355,0.04680754989386,0.04986187443137,-1.56580793857574,-1.62805712223053,-1.42694425582886,4.69343042373657,4.23161649703979,3.67145276069641,-0.00427605677396,-0.04459316283464,-0.10873401165009,-1.58974993228912,-1.7597382068634,-0.67755907773972,-1.44609785079956,-2.99754047393799,-4.77882671356201,LIFT
0.17692184448242,0.11339186131954,0.17264579236507,-0.03351882472634,-0.59615623950958,-0.52911859750748,-3.10609698295593,-3.32661938667297,-3.79209876060486,0.03665191307664,0.37384954094887,0.49663344025612,5.57639503479004,5.46147346496582,4.58968448638916,2.90416669845581,3.10288548469543,2.4205379486084,-0.15722143650055,-0.16882787644863,-0.10957395285368,-1.12288057804108,-1.07260239124298,-0.98162269592285,-5.71571350097656,-5.86598634719849,-5.37912654876709,-0.35796701908112,-0.4025602042675,-0.32436943054199,3.70861840248108,2.88022470474243,3.18428826332092,12.44775390625,15.7640228271484,18.5987567901611,-0.41683918237686,-0.29527699947357,-0.19814941287041,-1.01274728775024,-0.71107792854309,-0.52193599939346,-2.46896457672119,-1.69744181632996,-0.7255551815033,-0.26022860407829,0.03665191307664,0.18020524084568,5.04248809814453,4.56574249267578,4.1156325340271,22.345682144165,21.5436248779297,19.1518173217773,-0.00878118816763,0.01809688284993,0.12499830126762,-0.16280572116375,-0.51235914230347,-0.63925182819366,1.45462286472321,1.3745995759964,1.0856602191925,-0.02321287989616,-0.1246165111661,-0.1795943826437,2.00155258178711,1.72621941566467,1.64242231845856,9.30895519256592,7.85328102111816,7.52048683166504,0.18241962790489,0.11339186131954,0.05474879592657,0.24899697303772,0.15322890877724,0.18914192914963,0.17119498550892,0.09300423413515,-0.04932736977935,0.17837265133858,0.17165313661098,0.21258109807968,1.22104287147522,1.30483996868134,1.28329205513,8.3608512878418,8.44225406646729,8.58830070495605,LIFT
-0.01122464891523,-0.02832887507975,-0.11018481850624,-0.16041150689125,0.18195933103561,0.27293899655342,-0.51053065061569,-0.54290646314621,-0.38224893808365,-0.1924225538969,-0.17531833052635,-0.07819075137377,3.59369683265686,4.66151094436646,5.37049388885498,11.6193599700928,13.3479738235474,14.4684600830078,-0.21830797195435,-0.13034337759018,-0.20853412151337,0.23702596127987,0.39743748307228,0.39743748307228,1.32634115219116,1.68797338008881,1.87245464324951,-0.63407814502716,-0.63896507024765,-0.59070670604706,5.35134029388428,5.54048204421997,6.1581859588623,18.1103401184082,18.3090591430664,19.2044906616211,-0.5750532746315,-0.70272409915924,-0.59093576669693,-0.9911994934082,-1.56101953983307,-1.0223240852356,5.15646648406982,6.74960279464722,8.0171480178833,0.06169738993049,-0.03665191307664,0.12889257073402,-2.16196417808533,-5.44950246810913,-8.11185455322266,30.8884944915771,28.7097702026367,23.8612117767334,0.43531784415245,0.70348769426346,0.70409858226776,-1.91057300567627,-0.62488663196564,0.23702596127987,6.03061437606812,4.07584571838379,2.3501513004303,0.19120082259178,0.31826078891754,0.10812314599752,-4.30956315994263,-2.66714072227478,-1.4484920501709,-8.90194129943848,-11.5403518676758,-10.3839521408081,0.07063129544258,-0.2714532315731,-0.41256311535835,2.3247697353363,1.77170920372009,1.6136919260025,-0.05360342562199,0.07467827945948,0.3208569586277,0.68661254644394,0.48624873161316,0.15149457752705,1.6448165178299,3.21301865577698,4.98023891448975,-1.14921677112579,-0.39504328370094,-0.4716577231884,LIFT
-0.11018481850624,-0.0332157984376,-0.01550070568919,-0.48841714859009,-0.28490999341011,-0.30406361818314,-0.11591167747974,-0.12568552792072,0.06246097013354,0.32314771413803,0.39034289121628,0.30115658044815,2.09971499443054,2.77009129524231,3.10767388343811,10.3743753433228,11.5978126525879,12.3471975326538,-0.172493070364,-0.20181460678577,-0.19081902503967,1.01514148712158,0.70628952980042,1.21146607398987,0.62751132249832,0.70081514120102,1.42224705219269,-0.23335053026676,0.46547931432724,0.48808133602142,4.52025270462036,6.63942050933838,6.97700309753418,15.5198135375977,21.9578227996826,23.0998573303223,-0.79374301433563,-0.80718207359314,-0.75586938858032,-3.57214903831482,-6.13184976577759,-5.51893424987793,3.45642828941345,4.82415533065796,5.71296453475952,-2.24859499931335,-1.87779974937439,-0.91080009937286,-0.51235914230347,-3.25132584571838,-5.96425580978394,30.6299209594727,28.7983551025391,24.3975143432617,0.29298624396324,0.69860076904297,0.67844223976135,0.25857377052307,0.93134444952011,1.18273568153381,5.09171438217163,5.0581169128418,4.96282196044922,0.5717698931694,-0.04092797264457,-0.26694810390472,-7.0416464805603,-5.79426717758179,-4.34068775177002,3.45483303070068,1.28089785575867,-0.56503158807755,0.04192062839866,-0.24274258315563,-0.4455498456955,2.36307716369629,1.85311210155487,1.44130945205688,3.5236234664917,2.82723712921143,1.8712329864502,-0.32742378115654,-0.25228735804558,0.12217304855585,0.88346040248871,2.61446833610535,4.69981813430786,-7.59231281280518,-8.3800048828125,-8.61703109741211,LIFT
-0.00633772695437,-0.05703954398632,-0.02099849283695,0.84036481380463,0.68234747648239,0.96246910095215,-0.18188512325287,-0.09697485715151,0.0875064432621,0.04703662544489,-0.11056660860777,0.13255776464939,2.94726228713989,3.36864185333252,4.16112232208252,11.9713077545166,13.7861127853394,17.1430835723877,-0.50969070196152,-0.48036915063858,-0.25007295608521,-0.7182605266571,-2.0135235786438,-2.2170307636261,1.80525946617126,2.5211935043335,3.10273718833923,0.12705996632576,-0.20891591906548,-0.33047810196877,3.53384160995483,3.004723072052,2.7317841053009,22.6090450286865,23.0735206604004,22.7119960784912,0.00954476930201,-0.1963168233633,-0.31543552875519,-1.29047477245331,-1.85311210155487,-2.79882168769836,5.20900058746338,6.05749225616455,7.02876806259155,0.19058994948864,0.1924225538969,0.06230825558305,-5.35612869262695,-8.1046724319458,-9.97454357147217,25.0873432159424,23.3991317749023,19.1159057617188,0.33696854114532,0.51534116268158,0.60452753305435,-0.70389527082443,0.428562104702,0.99838209152222,7.32870292663574,5.87301111221313,4.03919363021851,-0.03787364438176,1.31336033344269,3.53080105781555,-9.93384170532227,-7.01052188873291,-5.38725328445435,-6.23001194000244,-8.11424922943115,-8.48295593261719,0.21174116432667,0.14026993513107,0.16531540453434,4.87220048904419,3.21301865577698,6.4574613571167,0.71730852127075,0.45830166339874,-1.74875450134277,3.9749002456665,-1.59191477298737,0.06841690838337,0.50278234481812,5.99059200286865,4.56095409393311,-13.855544090271,-9.5531644821167,-15.9196453094482,LIFT
-2.29036283493042,-0.95806580781937,0.08407033234835,-9.14614963531494,-7.13502025604248,-2.03985977172852,-0.82085019350052,-0.79580467939377,-0.96134918928146,-3.26385307312012,-0.72754049301147,1.02930796146393,10.793360710144,12.2035455703735,10.079888343811,13.1875619888306,12.4956378936768,10.213963508606,-0.84200137853622,-0.39545887708664,-0.30505082011223,-5.07361268997192,-3.76129078865051,-1.52510643005371,0.01786780916154,-0.23380866646767,-0.54596078395844,-1.29075825214386,-2.05372905731201,-2.51737570762634,11.2865657806396,10.2762126922607,8.43267726898193,5.10952568054199,4.20900678634644,3.90973138809204,-0.60376393795013,-0.38018724322319,-0.07475463300943,-2.12605118751526,-2.2864625453949,-0.66798228025436,0.27504208683968,-0.01634064503014,0.21029035747051,-6.04634428024292,-0.71532320976257,0.583376288414,8.20522880554199,7.5875244140625,7.66413879394531,19.0249252319336,10.9058876037598,7.54682302474976,0.28809931874275,-0.08880453556776,-0.19509509205818,2.43490314483643,0.66798228025436,-0.61052143573761,1.38987112045288,1.28663492202759,1.09971010684967,-0.38179078698158,-0.18875735998154,-0.35796701908112,6.98418569564819,7.90116500854492,8.19804573059082,7.42232465744019,5.81820917129517,6.14142656326294,-0.14256067574024,-0.12423472106457,-0.12423472106457,-0.01197100803256,0.71586632728577,1.41497325897217,2.10152912139893,1.52365064620972,1.1223121881485,-1.19973933696747,-0.61880648136139,-0.32559117674828,8.15495014190674,8.51408004760742,9.18685150146484,3.63679242134094,2.68629431724548,3.74453139305115,LIFT
-0.07170030474663,-0.04909829422832,-0.06253732740879,0.62009823322296,0.38786068558693,0.27533319592476,-0.91553425788879,-1.04870295524597,-1.24967753887177,0.22540926933289,-0.00061086524511,-0.47525316476822,3.52905321121216,4.31195735931396,5.26275444030762,9.63217258453369,9.86441040039062,11.0519342422485,0.48235446214676,0.39133554697037,0.33513593673706,1.65199911594391,1.96803379058838,1.63523972034454,-0.98089689016342,-0.16966782510281,0.47174069285393,0.26633724570274,0.72815138101578,0.72326445579529,9.50528049468994,9.71357536315918,8.93546009063721,18.9674644470215,19.1781539916992,19.5731983184814,-0.53901219367981,-0.5139667391777,-0.57932931184769,0.55545479059219,1.14442837238312,1.65199911594391,5.34400177001953,6.72700071334839,9.25720500946045,0.43004912137985,0.27000242471695,-1.73302471637726,-3.84029960632324,-9.50049209594727,-12.1556615829468,29.5309810638428,26.4831619262695,11.3392381668091,0.08223773539066,-0.26045766472816,-0.88659453392029,0.23463176190853,-1.22822546958923,-0.76853877305984,5.59689998626709,3.28233170509338,1.57068729400635,-0.99815380573273,-0.36163222789764,0.129503428936,-7.00094509124756,-5.15980386734009,-1.80522811412811,-9.22276401519775,-8.58830070495605,-7.1613564491272,0.38461601734161,0.31314480304718,0.11705705523491,-1.01753568649292,-0.57700258493423,0.0981622710824,-0.29489520192146,-0.51663929224014,-0.69867712259293,-0.05681046843529,0.29260444641113,0.39584067463875,6.96982049942017,8.43507194519043,9.48133754730225,-1.944091796875,-1.78607451915741,-1.0989385843277,LIFT
-0.0881936699152,-0.12667818367481,-0.15477798879147,0.35194763541222,0.53151279687881,0.7182605266571,-0.39996400475502,-0.35964691638947,-0.23564127087593,-0.0177150927484,-0.09957103431225,-0.15638150274754,0.55545479059219,0.6224924325943,0.55066639184952,10.8675804138184,11.832444190979,12.7111158370972,-0.06498079001904,0.12866349518299,0.16898059844971,0.15801730751991,0.47405192255974,0.5434837937355,0.77411895990372,1.05694961547852,3.07036137580872,-0.07941248267889,0.22846360504627,0.44104471802711,0.38786068558693,-0.00239420169964,1.40539634227753,19.8006458282471,22.9250793457031,25.1208629608154,-0.11446087807417,-0.16210836172104,-0.3417027592659,-0.3687070608139,-0.64882868528366,-1.05823719501495,6.10697269439697,7.12711763381958,8.37389373779297,-0.23884831368923,-0.26145032048225,-0.27427849173546,-5.17656326293945,-8.43507194519043,-10.8939170837402,27.1319923400879,25.1735343933105,19.6258697509766,-0.172493070364,0.07796167582273,0.06574437022209,-1.45806884765625,-0.74220252037048,-0.27054479718208,6.17233514785767,4.17541646957397,2.62442970275879,-0.71165800094604,-0.36102136969566,0.05619960278273,-6.20367574691772,-3.59848523139954,-1.88902509212494,-9.75427722930908,-9.68723964691162,-8.30817890167236,-0.27572929859161,-0.27756190299988,-0.27756190299988,0.50038814544678,0.37110126018524,0.56024318933487,0.86819225549698,0.6061310172081,0.24633140861988,0.89980453252792,0.69149947166443,0.4544837474823,3.25611424446106,4.95869112014771,6.06481218338013,-4.76924991607666,-4.54898309707642,-3.45962142944336,LIFT
0.43837216496468,0.4072180390358,0.32658383250237,-1.29047477245331,-0.61770403385162,-0.2537853717804,0.79183405637741,1.03862369060516,1.11681437492371,0.10445795953274,0.01038470957428,-0.43615779280663,6.56280612945557,7.63301420211792,7.43190145492554,8.6984338760376,7.69286918640137,6.90757131576538,0.02115120925009,0.11033753305674,0.29481884837151,-1.6903064250946,-0.86430680751801,-0.38546648621559,-0.11468994617462,-0.32116240262985,-0.06337726861238,-0.03359758853912,-0.43921211361885,0.28038713335991,8.68646335601807,8.86363410949707,9.51964569091797,8.76547145843506,11.0662994384766,11.7318878173828,-0.37774381041527,-0.30810517072678,0.22273674607277,0.12928688526154,-1.68551802635193,-1.38863694667816,1.62505424022675,2.69895529747009,3.78324127197266,-0.15515977144241,-0.47891834378242,-0.9957103729248,12.531551361084,12.0431337356567,10.5060567855835,18.3425769805908,18.2922992706299,18.2515983581543,0.15309810638428,0.13110695779324,0.04375322163105,-0.86909520626068,-0.87388360500336,-0.75896191596985,4.76917791366577,4.6604437828064,4.3879976272583,-0.33231070637703,-0.24007004499435,-0.13500121235847,5.65540361404419,4.05098915100098,2.94247388839722,9.1964282989502,6.14142656326294,2.43011474609375,0.02970332279801,-0.15844316780567,0.09567677229643,0.22026655077934,-1.63045132160187,-1.86508309841156,1.39842331409454,1.28785669803619,1.41736006736755,-1.04641211032867,-1.47218525409698,-1.27854096889496,1.79565131664276,2.80361008644104,2.93050289154053,-0.17717093229294,1.74297881126404,2.88740730285645,LIFT
0.01259909570217,0.1256091594696,0.38278344273567,-2.04225397109985,-2.47321033477783,-2.34871196746826,0.59147030115128,0.95004814863205,1.33733677864075,-0.74464476108551,-0.75869464874268,-0.63957589864731,5.5740008354187,6.62505531311035,7.26430702209473,13.240234375,13.7166805267334,14.0997533798218,0.71998107433319,0.76518505811691,0.75480037927628,-1.55144274234772,-1.39342534542084,-1.3215993642807,2.15528535842896,2.50958704948425,3.00194454193115,-0.16982053220272,-0.2730567753315,-0.31887164711952,8.12621974945068,7.96101999282837,8.03284645080566,14.2769241333008,15.4815063476563,15.2851819992065,0.72364622354507,0.52694761753082,0.18058703839779,-1.37906014919281,-0.98162269592285,-0.95768070220947,3.87548184394836,4.31347227096558,4.68610000610352,-1.10810959339142,-0.34574973583221,0.39278635382652,6.33296298980713,4.58729028701782,2.57137250900269,21.4981365203857,20.6386165618896,18.0313320159912,-0.75586938858032,-0.4150065779686,-0.1706604808569,-1.66875863075256,-1.09175598621368,-0.13646949827671,5.78871154785156,4.3879976272583,3.59998154640198,0.01343903504312,0.78251838684082,1.23761296272278,-0.32321724295616,-0.50278234481812,-1.08936178684235,4.15872812271118,-0.95528650283813,-2.79642748832703,-0.76014542579651,-0.17982345819473,0.32536208629608,-1.58017313480377,-1.0414776802063,0.24899697303772,1.71607315540314,1.51204419136047,1.24692869186401,0.16798794269562,0.06230825558305,0.04031710699201,2.14520478248596,3.0693666934967,3.78044438362122,-4.35984134674072,-4.54419469833374,-4.85304689407349,LIFT
-0.02222022414207,0.03520110994577,0.1207222416997,-2.3056161403656,-2.24336695671082,-1.89620769023895,0.11071932315826,0.06001751124859,0.03008511289954,-0.17043140530586,-0.16554448008537,-0.16065755486488,2.61207413673401,2.89937829971313,3.15795207023621,9.06474685668945,9.0767183303833,9.20839881896973,-0.04726569727063,-0.10285443812609,-0.1920407563448,-1.50595283508301,-1.27371525764465,-1.14442837238312,0.26587909460068,0.36361753940582,0.41065415740013,-0.02565634064376,-0.06597344577312,-0.32009339332581,3.665522813797,3.68707060813904,3.9767689704895,9.17009162902832,8.95221900939941,9.17009162902832,0.26794075965881,0.53488886356354,0.55382567644119,-2.66953492164612,-1.66875863075256,-1.4867992401123,1.19867026805878,2.18521761894226,2.49675893783569,-0.69944071769714,0.20402899384499,0.15027284622192,7.63301420211792,8.3991584777832,8.16452693939209,18.6777667999268,16.6642417907715,15.543755531311,0.67722046375275,1.00158989429474,1.12131953239441,-3.83551120758057,-3.26090264320374,-2.04225397109985,3.46864557266235,3.59265112876892,3.68122673034668,-1.08611845970154,-1.27731919288635,-1.14476144313812,8.81096172332764,8.4015531539917,7.39359426498413,14.7536697387695,16.5660800933838,18.7567749023438,-0.21525363624096,-0.37530034780502,-0.3936263024807,-0.42137950658798,-0.29927521944046,0.46447512507439,5.24992847442627,5.76549911499023,5.73739910125732,0.96577793359756,0.74525558948517,0.43432518839836,-1.40060794353485,-2.46123933792114,-3.004723072052,11.9234237670898,7.01291608810425,2.97120428085327,LIFT
-0.03077233582735,-0.03199406713247,-0.02099849283695,-1.721431016922,-1.81241071224213,-1.81241071224213,-0.21242839097977,-0.19898934662342,-0.15928311645985,0.0372627787292,-0.04092797264457,-0.15393804013729,3.15795207023621,3.61045622825623,4.2449197769165,9.01446914672852,9.19882202148438,9.66090297698975,0.19036088883877,0.23617577552795,0.19036088883877,-1.37666594982147,-0.73980832099915,-0.44053310155869,0.60002237558365,0.99891740083694,1.39475810527802,-0.71654492616653,-0.63896507024765,-0.62308257818222,7.24515342712402,7.79582023620605,8.07354736328125,12.8978633880615,13.4389533996582,12.9457483291626,-0.27206411957741,-0.0784198269248,0.06391177326441,-1.86268889904022,-3.64158082008362,-4.07253694534302,2.77714610099792,3.34891605377197,3.78324127197266,-0.35430184006691,-0.40561452507973,-0.42638394236565,7.10150146484375,6.01213979721069,4.73573112487793,18.8980331420898,18.8046588897705,17.8086700439453,0.85986918210983,1.19279074668884,1.18973636627197,-3.55778384208679,-1.32878196239471,1.72621941566467,4.73130416870117,4.90906572341919,4.73313665390015,-0.5839871764183,-0.13927727937698,0.32131510972977,5.18374586105347,4.38617753982544,3.68707060813904,15.0481557846069,13.1779851913452,11.4469776153564,-0.52740579843521,-0.67157000303268,-0.95989835262299,1.69270062446594,2.52109432220459,1.96563959121704,5.133864402771,4.64395046234131,3.88586664199829,0.62247169017792,0.2852740585804,-0.21930062770844,-1.81480491161346,-2.37744235992432,-2.42532634735107,-1.5179238319397,-5.54527044296265,-7.93228960037232,LIFT
-0.19753855466843,-0.29710957407951,-0.18471038341522,-0.00957680679858,-0.76853877305984,-1.20188927650452,0.14309518039227,0.46746462583542,0.8706356883049,-0.28099802136421,-0.39706242084503,-0.4331034719944,5.57160663604736,7.06080007553101,8.07354736328125,11.6863975524902,12.9792671203613,13.501202583313,-0.11751519888639,-0.19692768156528,-0.09491318464279,0.57221418619156,-0.15562310814857,-0.23702596127987,0.8889616727829,1.00441515445709,1.38315165042877,0.29138273000717,0.5583308339119,0.44226643443108,11.0303869247437,10.6592855453491,8.58830070495605,16.6905784606934,18.4000377655029,20.0065479278564,-0.90369874238968,-0.50358206033707,-0.06620252132416,-4.87459468841553,-6.00974559783936,-4.42209053039551,4.61157464981079,6.48570919036865,7.42827415466309,0.19792033731937,-0.2981022298336,0.12339477986097,0.24420857429504,-2.51391172409058,-3.52187061309814,26.4592208862305,22.8843784332275,13.968071937561,0.30459266901016,-0.13767375051975,-0.57688587903976,3.83551120758057,4.37420654296875,2.91853189468384,4.23528146743774,3.31776189804077,2.53890872001648,1.42148339748383,0.62186080217361,-0.09834930300713,-3.01669406890869,-2.51151752471924,-2.13323378562927,-5.18853425979614,-6.5268931388855,-6.05762958526611,0.40477457642555,0.35834881663322,0.20441077649593,-0.37828385829926,0.03112462162971,-0.73980832099915,0.74968439340591,0.16019940376282,-0.10247264802456,-0.39828413724899,-0.27000242471695,-0.20830504596233,3.05978965759277,4.11323833465576,5.54048204421997,-4.65672206878662,-3.58172583580017,-2.75812029838562,LIFT
-0.28855746984482,-0.05887213721871,0.15004377067089,-0.70628952980042,-0.89543145895004,-0.55066639184952,0.93111133575439,1.13514029979706,1.4112514257431,-0.805120408535,-0.74403387308121,-0.59498274326324,6.8644757270813,7.43429565429688,7.65456199645996,12.8451910018921,13.599365234375,13.3407907485962,0.12988522648811,0.14943291246891,0.26366472244263,-0.85712420940399,-1.56820213794708,-2.39180755615234,2.11252474784851,2.48515248298645,2.62076473236084,-0.38912117481232,-0.50029861927032,-0.7177666425705,7.56597661972046,7.41514205932617,7.55879402160645,14.5905647277832,13.6544313430786,12.4094467163086,1.48417341709137,1.31252038478851,0.86475610733032,-0.19393034279346,1.86268889904022,3.05739545822144,3.24140381813049,3.94084429740906,4.60485506057739,-0.89003068208694,-0.33353242278099,0.37629300355911,8.17649841308594,6.52449893951416,4.54419469833374,20.2220268249512,20.052038192749,17.5405197143555,-0.98983079195023,-1.26594185829163,-1.57748317718506,3.44046783447266,3.15795207023621,2.01831197738647,4.8791332244873,4.32691144943237,3.90235996246338,1.36955988407135,1.12704634666443,0.55588740110397,-2.27927994728088,-3.08852028846741,-2.99035787582397,1.77170920372009,-1.62326872348785,-3.81156921386719,-0.16333009302616,0.3119230568409,0.33880114555359,-1.47482824325562,0.06943184882402,0.72065472602844,1.73134481906891,0.49984049797058,0.12232576310635,-0.23273965716362,0.33414328098297,0.31826078891754,1.35511815547943,3.44765043258667,4.53701210021973,-5.06403589248657,-5.53569364547729,-4.99699831008911,LIFT
-0.16699528694153,-0.14011721313,-0.14928019046783,-0.6703764796257,-0.48362874984741,-0.24660277366638,-0.17577648162842,-0.44272458553314,-0.75548762083054,0.00733038317412,0.15699236094952,0.30298915505409,1.11330378055573,1.24737906455994,1.26892685890198,8.19325733184814,8.27466011047363,9.00967979431152,-0.43333253264427,-0.42294782400131,-0.30688342452049,-0.07900865375996,-0.28251579403877,-0.21068975329399,-0.18249599635601,0.24388794600964,0.73991054296494,0.21624629199505,-0.08857546001673,-0.52106803655624,2.89219570159912,4.01747035980225,6.00974559783936,12.9529304504395,13.4557132720947,14.1332721710205,0.10606148093939,-0.27817276120186,-0.5872705578804,-0.11971008777618,-0.37588965892792,-2.14041638374329,2.01906228065491,2.96529269218445,3.68550276756287,-0.53267449140549,-0.43188172578812,-0.61758476495743,3.25611424446106,3.31596946716309,2.60967993736267,22.872407913208,22.266674041748,22.1110515594482,0.21968241035938,0.31986430287361,-0.04237877577543,-2.79642748832703,-0.82599955797195,-0.33518823981285,4.73985624313354,5.0758318901062,5.81436824798584,0.20708331465721,0.65545839071274,0.90285885334015,0.70150107145309,-2.37265396118164,-4.74770212173462,22.3337116241455,21.440673828125,17.2771587371826,-0.0460439696908,0.08712465316057,0.11950051039457,-1.28808057308197,-0.24181437492371,0.88106620311737,4.41304302215576,3.33730959892273,2.43200731277466,1.48928952217102,1.04763388633728,0.60414570569992,-4.41251373291016,-3.08373188972473,-1.54665434360504,-4.17309379577637,-5.6434326171875,-5.30824422836304,LIFT
-0.13461942970753,-0.17127133905888,-0.14683672785759,-0.88346040248871,-0.94570964574814,-0.76375031471252,-0.51969361305237,-0.58627790212631,-0.64308840036392,-0.07330382615328,-0.13561208546162,-0.09590584039688,0.90979665517807,1.34793555736542,1.66875863075256,9.10305404663086,9.60104846954346,10.4270477294922,-0.40523272752762,-0.50236028432846,-0.53901219367981,0.32321724295616,0.23223756253719,0.0,-0.13423763215542,0.07406741380692,0.52488595247269,-0.31764993071556,-0.80206608772278,-1.11055302619934,2.75093770027161,3.48835182189941,4.25210237503052,13.2330522537231,15.6826200485229,17.7871227264404,-0.09613491594791,-0.22197316586971,-0.20792326331139,-0.24899697303772,-1.24259066581726,-2.74614930152893,2.82601523399353,3.47597599029541,3.99948740005493,-0.9950994849205,-1.00487327575684,-0.84910267591476,4.8602294921875,4.25689077377319,2.81318688392639,22.321741104126,22.4318733215332,22.3289241790771,0.58070379495621,0.85009533166885,0.50862169265747,-2.89219570159912,-0.23463176190853,2.47560453414917,5.94753694534302,6.05321645736694,6.19371557235718,-0.84421575069427,0.16310101747513,1.08306407928467,-0.22266076505184,-2.20266556739807,-3.9767689704895,20.7008666992188,18.3282127380371,14.722544670105,-1.15171003341675,-1.17064690589905,-1.10161912441254,1.86508309841156,1.43652105331421,0.45010992884636,5.55352878570557,4.66716337203979,3.57737970352173,0.16554448008537,-0.22907446324825,-0.03665191307664,-5.24838924407959,-4.45082092285156,-3.29920983314514,-2.41096115112305,-3.86184740066528,-4.97784471511841,LIFT
0.36445748806,0.74380481243134,0.95272070169449,-3.1196448802948,-2.53306531906128,-1.74776721000671,1.67636692523956,2.13268327713013,2.17849826812744,-1.20035016536713,-1.33412969112396,-1.16003310680389,5.55005884170532,6.89320611953735,7.87482881546021,16.4990425109863,16.3889083862305,16.7240982055664,0.52022808790207,0.34979671239853,0.45608726143837,-1.44130945205688,-2.65277552604675,-3.42370843887329,2.50042414665222,2.94879937171936,3.73192858695984,0.30054569244385,-0.0421497002244,-1.02014493942261,7.47499704360962,7.30261468887329,6.6849102973938,17.0808334350586,17.1143531799316,17.1287174224854,1.03518748283386,0.92584264278412,0.59414279460907,-3.02148246765137,-2.41574954986572,-0.91937345266342,5.2969651222229,5.73617744445801,6.37697505950928,-2.28035998344421,-0.56505036354065,2.3658812046051,2.82276391983032,0.28730419278145,-5.86369943618774,25.954044342041,24.1724586486816,10.2187519073486,-1.36062598228455,-1.30198287963867,-0.99105250835419,3.09570288658142,1.90817880630493,1.42694425582886,3.062420129776,2.20965242385864,1.64215850830078,0.04520402848721,-0.463035851717,-0.69699722528458,-4.065354347229,-2.75093770027161,-1.43891525268555,-6.49816274642944,-5.35852289199829,-4.59447288513184,-0.55122953653336,-0.35514178872108,-0.05703954398632,0.5243301987648,-0.97683429718018,-1.64960491657257,0.3642283976078,0.30925053358078,0.38683041930199,-0.03420845419168,-0.38789942860603,-0.72204273939133,4.97066211700439,6.62744951248169,7.86285781860352,-3.88100099563599,-3.71819519996643,-3.75650238990784,LIFT
-0.42966735363007,-0.60926175117493,-0.56100338697433,0.72783732414246,0.02873042039573,-0.51714754104614,-0.77137011289597,-0.56245416402817,-0.15439619123936,0.10201449692249,-0.10079276561737,-0.42516219615936,4.24731397628784,5.08079528808594,5.51175165176392,9.80455493927002,10.503662109375,11.4158525466919,-0.33803755044937,-0.30749428272247,-0.48464521765709,0.33279404044151,0.73741412162781,0.90740245580673,-0.36392298340797,0.27382034063339,1.26769804954529,0.50396382808685,0.20402899384499,-0.19303341209888,7.22121143341064,7.13502025604248,7.82694482803345,14.5618343353271,16.3458137512207,16.6738185882568,0.15676330029964,0.21479548513889,0.52083897590637,-0.88824880123138,-2.2170307636261,-2.51870012283325,3.83699727058411,4.22367525100708,4.20657062530518,-1.11299645900726,-0.68233644962311,-0.7000515460968,9.20361042022705,8.5619649887085,7.48217964172363,17.916410446167,16.7815589904785,17.3633499145508,-0.5628359913826,-0.89820098876953,-0.81084728240967,2.46363353729248,1.76931500434875,-0.70868372917175,4.78200578689575,4.64211750030518,4.22611856460571,0.93156951665878,0.85032439231873,0.49846604466438,-0.81402856111526,-0.83557641506195,-0.02394201606512,7.66892719268799,4.48433971405029,2.67911171913147,0.33024901151657,0.35101842880249,0.1561524271965,-0.83557641506195,0.14125789701939,0.39983168244362,3.55661010742188,3.062420129776,2.69467926025391,-0.58459806442261,-0.42943826317787,-0.38912117481232,2.14041638374329,1.84832370281219,1.65439331531525,-1.76931500434875,-2.80839848518372,-3.07894349098206,LIFT
-0.13523028790951,-0.19387336075306,-0.16516269743443,-1.32878196239471,-1.59693253040314,-1.62805712223053,-0.17883080244064,-0.13362677395344,0.02947424724698,-0.08002334833145,-0.13500121235847,-0.22846360504627,2.62883353233337,3.29202723503113,3.76847338676453,10.3097314834595,10.8867340087891,11.3679685592651,-0.18104518949986,-0.11018481850624,0.02542726509273,-1.53228902816772,-1.63284552097321,-2.14999318122864,0.60246586799622,0.94760471582413,1.22493755817413,-0.4025602042675,-0.38362336158752,-0.29260444641113,7.34810447692871,8.39676475524902,8.67209815979004,16.0680866241455,17.3130702972412,19.0656261444092,-0.01427897531539,0.17936530709267,0.29481884837151,-4.15872812271118,-4.93235492706299,-4.08211374282837,5.8394136428833,7.41300249099732,8.76179313659668,-0.74281215667725,-0.98043870925903,-0.77885317802429,0.2777273952961,-3.54102420806885,-6.03847599029541,27.1798763275146,25.7936325073242,21.361665725708,1.2978595495224,1.09199798107147,0.6100252866745,-0.35194763541222,3.29202723503113,5.60033702850342,7.50707578659058,2.38435983657837,1.1345294713974,0.54611355066299,0.37446039915085,0.95417153835297,-2.93289709091187,-1.02471828460693,-1.10133278369904,-8.78701972961426,-4.50588750839233,-1.21386027336121,-1.79495120048523,-1.15598607063293,-0.36063957214355,-1.81001651287079,-2.65995812416077,-2.79642748832703,1.7056884765625,1.44423818588257,1.02640628814697,-0.32314771413803,-0.5283984541893,-0.40805798768997,2.80600428581238,4.12281513214111,5.20050525665283,-3.84987640380859,-4.23773717880249,-4.27125597000122,LIFT
-0.18959729373455,-0.23907738924026,-0.38324159383774,-1.28568625450134,-0.79248076677322,-1.00556468963623,0.05635231733322,0.15531249344349,0.06612616032362,-0.25350907444954,-0.1814269721508,-0.10629054903984,1.82917010784149,2.12126278877258,2.68868851661682,11.3224792480469,11.0064449310303,11.4206409454346,0.01137736532837,0.20990857481956,0.281379789114,-2.3247697353363,-2.0973207950592,-2.37983655929565,1.23837661743164,1.53831136226654,2.06304454803467,-0.48808133602142,-0.38484510779381,-0.46425759792328,7.47499704360962,8.11903762817383,8.53083992004395,17.8828907012939,20.6601657867432,23.1956253051758,0.07796167582273,-0.43577599525452,-0.68256556987762,-2.23857855796814,-3.86663579940796,-6.31380939483643,5.79298782348633,7.23524045944214,8.55593109130859,0.03787364438176,0.64263021945953,1.05129909515381,-4.00071096420288,-6.75673627853394,-9.11502552032471,32.9235649108887,30.112771987915,24.2466793060303,1.29419434070587,1.29114007949829,-0.2806162238121,0.97683429718018,4.59447288513184,5.45907926559448,4.3256893157959,2.62198638916016,1.79976177215576,0.40683624148369,0.4111123085022,0.28955012559891,-3.4308910369873,-3.63679242134094,-3.59369683265686,-8.23635292053223,-5.79426717758179,-3.21062445640564,-0.83711445331573,-0.25618159770966,0.11339186131954,-1.69988322257996,-1.60890352725983,-1.98479318618774,1.29885220527649,0.67027187347412,0.25793784856796,-0.24007004499435,0.04948008432984,0.25778514146805,1.92972660064697,4.38138914108276,6.13663816452026,-4.53222370147705,-4.88656568527222,-5.35134029388428,LIFT
-0.34475708007813,-0.36858081817627,-0.29039007425308,-0.9241618514061,-1.50595283508301,-1.7405846118927,0.04474587738514,0.20906862616539,0.44058656692505,-0.24556782841682,-0.38606682419777,-0.54855698347092,3.35667085647583,4.13957452774048,4.95150852203369,11.4828910827637,12.2681884765625,12.9888439178467,0.10606148093939,0.19219347834587,0.29848402738571,-1.63045132160187,-1.6448165178299,-0.67995327711105,1.35810613632202,2.31655383110046,3.33608770370483,-0.06658431142569,-0.15210545063019,-0.39461895823479,7.59710121154785,7.17572164535522,7.47499704360962,19.0464725494385,20.5356674194336,19.4870052337646,0.2276236563921,0.09873109310865,-0.33009630441666,-1.91775560379028,-1.33835875988007,-1.95366859436035,4.66410875320435,5.83208322525024,6.96768188476563,0.05558873713017,0.25289821624756,0.6145304441452,3.41413164138794,-0.28730419278145,-2.78445649147034,26.2509250640869,25.3507061004639,22.4127197265625,0.6845508813858,0.87758427858353,0.85803657770157,-1.59693253040314,0.105344876647,1.65918183326721,7.33297920227051,5.3861517906189,3.53706240653992,0.39400807023048,0.25961771607399,0.42332962155342,-4.1659107208252,-2.82276391983032,-2.14999318122864,-4.66151094436646,-6.68969869613647,-6.91235971450806,-0.8694903254509,-0.85971647500992,-0.59826612472534,1.00077629089355,0.01915361359715,-0.47405192255974,1.36177134513855,0.78022766113281,0.31535917520523,-0.35369098186493,-0.33475416898727,-0.09040805697441,0.76614451408386,3.47398662567139,4.74770212173462,-3.89297199249268,-4.31674575805664,-4.86262369155884,LIFT
-0.17676913738251,-0.34597879648209,-0.44493898749352,-1.55383694171906,-1.4867992401123,-1.53468334674835,1.12353384494781,1.20477902889252,1.18034434318542,0.53695052862167,0.4202753007412,0.15515977144241,2.17632937431335,2.33434677124023,3.09809708595276,8.57154178619385,7.41993045806885,7.25233602523804,0.05047274008393,0.46402850747108,0.8317694067955,-2.6431987285614,-2.88740730285645,-2.26730895042419,0.51450127363205,0.62567871809006,0.90912020206451,-0.42577308416367,-0.5400048494339,-0.51618111133575,7.92989540100098,9.28022480010986,10.6042184829712,10.3959226608276,12.8356142044067,14.6719675064087,0.72059190273285,0.69737905263901,0.86964303255081,-3.24414324760437,-3.5314474105835,-3.7038300037384,3.32875752449036,4.60424423217773,5.49488544464111,-0.97982788085938,-0.91874134540558,-0.89919364452362,12.8116722106934,12.5961942672729,12.3184671401978,22.3983554840088,21.2060432434082,18.7615623474121,1.30702257156372,0.8189412355423,0.19036088883877,0.1508347094059,0.74459671974182,0.54108959436417,6.17600011825562,6.04832935333252,5.91027402877808,-0.50640726089478,-0.08185594528913,-0.07880161702633,4.56095409393311,2.49954652786255,0.73501992225647,14.0877819061279,11.025598526001,7.61386060714722,-0.33192890882492,-0.21342104673386,-0.33192890882492,-1.01035308837891,-0.22266076505184,-0.06943184882402,4.22367525100708,3.34219646453857,2.35809254646301,-0.85948741436005,-0.75930547714233,-0.22113321721554,-1.11330378055573,-1.29286897182465,-1.46525144577026,-2.6623523235321,-2.95683908462524,-3.51468801498413,LIFT
0.05108360573649,0.01076649967581,0.03520110994577,-1.97761058807373,-2.23857855796814,-2.39420175552368,0.48029279708862,0.57253342866898,0.54199016094208,-0.1991420686245,-0.02687807008624,0.23518311977386,6.19170475006104,7.45823764801025,8.57633018493652,9.93623638153076,10.1612911224365,10.5802764892578,0.01382082607597,0.38156169652939,0.79023057222366,-3.85945320129395,-4.57531929016113,-3.69904160499573,2.39291191101074,3.0813570022583,3.58898591995239,0.2443460971117,0.1276708394289,-0.08124507963657,14.391845703125,16.135124206543,16.6187534332275,15.5724868774414,15.9507703781128,18.074426651001,0.99425953626633,0.83482372760773,0.80000442266464,-5.03051710128784,-5.60751962661743,-5.99059200286865,6.24502801895142,6.98784017562866,7.25784254074097,-0.58887410163879,0.2101376503706,1.17713737487793,11.6217546463013,7.62104320526123,3.06457805633545,27.3498630523682,25.4632320404053,18.4670753479004,0.32230776548386,0.05047274008393,-0.35086572170258,1.97761058807373,2.59052634239197,2.65756392478943,4.04224824905396,2.64153409004211,2.2035436630249,1.02503192424774,1.25288462638855,0.46242499351501,-5.12389087677002,-5.34894609451294,-6.28747272491455,-1.68791222572327,-2.33674097061157,-1.33835875988007,0.79145228862762,1.27403581142426,1.07000684738159,-1.82198750972748,-0.217872351408,0.83557641506195,0.32940909266472,-0.06765332818031,-0.25213462114334,0.04581489413977,0.22418753802776,0.15638150274754,1.63045132160187,3.10767388343811,4.49631071090698,-5.81102657318115,-7.01531028747559,-7.67132139205933,LIFT
-0.14317154884338,-0.23357959091663,-0.26229026913643,-0.74699091911316,-1.0223240852356,-1.20667767524719,-0.42317688465118,-0.30894508957863,-0.17394387722015,0.06352998316288,-0.09346238523722,-0.29871311783791,6.19409894943237,6.61787271499634,7.3409218788147,7.29303741455078,7.0919246673584,7.22121143341064,-0.16516269743443,-0.17188221216202,-0.18715384602547,-0.5746083855629,-0.55306059122086,-0.6703764796257,-0.15439619123936,0.15775595605373,0.76312339305878,0.00427605677396,-0.23457226157188,-0.38484510779381,10.9106760025024,12.8763160705566,14.3487501144409,8.25071811676025,9.38317584991455,9.9889087677002,0.38217255473137,0.84887361526489,0.95699673891068,-2.88501310348511,-2.13083958625793,-1.01035308837891,3.28049898147583,3.83944082260132,4.53582715988159,-0.47464230656624,-0.16126842796803,-0.02199114859104,20.7343845367432,18.7735347747803,15.2612400054932,19.0105609893799,20.4686279296875,19.8844432830811,0.38217255473137,0.12866349518299,-0.33315062522888,-1.80283391475677,0.15322890877724,-0.33518823981285,5.43318843841553,4.9371657371521,3.80950832366943,0.14233160018921,0.1246165111661,0.38240164518356,3.31118106842041,1.22822546958923,-0.63685762882233,11.6576671600342,6.55562353134155,3.23217225074768,-0.62392246723175,-0.4363868534565,-0.01488984003663,-1.04626619815826,-2.13562798500061,-2.37744235992432,2.89626479148865,2.42345523834229,1.55419385433197,-0.50274211168289,-0.62735861539841,-0.48258355259895,-3.17231726646423,-1.93690919876099,-0.59855043888092,-1.65918183326721,-3.61285042762756,-3.50750541687012,LIFT
0.19402606785297,0.18486309051514,0.10239628702402,-0.6033388376236,-0.33997663855553,-0.33997663855553,-0.11041389405727,-0.12690725922585,-0.10735956579447,0.18631389737129,0.1777617931366,0.18509216606617,5.58597183227539,5.74159479141235,6.16776275634766,7.74075317382813,7.66653299331665,7.84609842300415,0.10361801832914,0.14026993513107,0.15981762111187,-1.12766897678375,-1.13963997364044,-1.04387199878693,0.4595233798027,0.50289481878281,0.58780509233475,-0.11056660860777,-0.22113321721554,-0.1490511149168,10.079888343811,12.0335569381714,14.5738048553467,6.44549036026001,7.85806941986084,10.1900215148926,0.15920674800873,0.281379789114,0.63690340518951,0.08858546614647,-0.5434837937355,0.27054479718208,4.34829139709473,5.33850431442261,5.76794242858887,-1.1966849565506,-0.85704392194748,-0.11911872029305,21.5316543579102,20.107105255127,16.5205898284912,25.2477550506592,25.6595573425293,24.5582237243652,-0.75220417976379,-1.04419779777527,-0.76197803020477,1.05105459690094,-1.45328044891357,-3.38540124893188,5.80031824111938,5.13019895553589,4.30736351013184,0.38240164518356,0.26206117868423,0.07269296050072,-1.21146607398987,-2.25773215293884,-1.69509482383728,7.97777938842773,4.28322696685791,1.57059633731842,0.41699188947678,-0.25618159770966,-0.71433055400848,0.80205756425858,0.84275901317596,0.19153612852097,1.87734162807465,1.16751623153687,0.62934392690659,0.59131753444672,0.46425759792328,-0.01038470957428,-2.54743051528931,-1.70467162132263,-0.81881695985794,-4.82910490036011,-5.65300941467285,-4.16112232208252,LIFT
0.00282525178045,0.07063129544258,0.07124216109514,-1.14203417301178,-0.86191260814667,-0.73741412162781,-0.35537084937096,-0.30894508957863,-0.20021107792854,0.36163222789764,0.4544837474823,0.49663344025612,6.19888734817505,7.230788230896,8.33690929412842,8.00890350341797,8.00172138214111,7.54682302474976,0.17814357578754,0.17020232975483,0.14088079333305,1.25695586204529,2.14520478248596,0.95768070220947,1.32939553260803,1.89627838134766,2.49126124382019,-1.07634460926056,-1.26204764842987,-1.81060457229614,13.0798234939575,16.163854598999,18.8309955596924,10.3193082809448,11.408670425415,14.14524269104,-0.01611157134175,-0.31360295414925,-0.57871848344803,2.88261890411377,1.75734400749207,3.33751726150513,3.83760809898376,4.7716212272644,6.0739860534668,-0.85276788473129,0.1490511149168,0.86681777238846,16.2284984588623,10.3600101470947,4.05577754974365,31.15185546875,31.6306972503662,27.0314350128174,-0.26595544815063,0.49090659618378,0.48296532034874,-2.87783050537109,-0.49799394607544,1.45567464828491,6.06848812103271,4.11188650131226,2.35748171806335,-0.01832595653832,0.56077426671982,1.46424400806427,-1.20428347587585,-1.47482824325562,-1.68791222572327,0.41180267930031,-1.00795888900757,-0.82599955797195,-1.80105984210968,-1.950110912323,-1.6746107339859,1.27371525764465,0.61291563510895,-1.38624274730682,1.51082241535187,1.59023499488831,1.52914845943451,0.39706242084503,-0.08735372871161,-0.64201939105988,-3.14358687400818,-1.62566292285919,0.62728083133698,-3.47638082504272,-4.2449197769165,-4.39575433731079,LIFT
-0.21281017363071,-0.24640776216984,-0.14989106357098,-1.35990655422211,-1.68551802635193,-1.86268889904022,-0.00229074456729,0.44730606675148,0.93111133575439,0.03420845419168,-0.22052235901356,-0.4673119187355,6.29465532302856,6.94109010696411,7.64737939834595,8.90912342071533,8.85884571075439,8.64097309112549,0.60941445827484,0.49090659618378,0.43043091893196,-0.42377370595932,-0.5434837937355,-0.88585460186005,1.61100435256958,1.80831384658813,2.23225426673889,-0.10873401165009,-0.11423180252314,-0.46242499351501,12.1173543930054,12.9409599304199,14.0590515136719,9.68484497070312,10.0870714187622,11.1237602233887,0.7450265288353,0.6845508813858,0.23739750683308,0.25857377052307,1.81241071224213,2.20027136802673,3.98727011680603,4.27132272720337,4.58103132247925,-0.80756384134293,-0.79717916250229,-0.74769908189774,16.4703121185303,13.8531503677368,12.33522605896,17.72487449646,19.0345020294189,19.8413486480713,-0.77236276865005,-0.94279414415359,-0.91102916002274,0.41419690847397,-0.9433154463768,-1.01514148712158,3.42466330528259,2.57433891296387,2.40085315704346,1.37139248847961,1.01892328262329,0.54855698347092,-1.52031803131104,-3.04781866073608,-3.80917501449585,0.45010992884636,-0.23942017555237,0.20350714027882,0.29176452755928,0.26488643884659,0.31925344467163,0.29927521944046,0.28251579403877,-0.08140286058187,1.46134233474731,0.61468315124512,0.00259617739357,-0.4202753007412,-0.00061086524511,0.15454891324043,0.02633621916175,2.04704236984253,1.82198750972748,-6.18691635131836,-6.95545530319214,-6.11269617080688,LIFT
-0.27511844038963,-0.28244882822037,-0.28794661164284,-1.86987149715424,-2.10210919380188,-1.99915838241577,-0.34071010351181,-0.06704246252775,0.19135354459286,-0.08491026610136,-0.2119702398777,-0.31093040108681,5.34415769577026,5.67216300964355,8.86363410949707,7.64977359771729,7.44387245178223,7.21163463592529,0.43409612774849,0.37850737571716,0.12866349518299,-1.55623114109039,-1.89141929149628,-1.71664261817932,0.91889405250549,1.09787750244141,2.09969663619995,-0.05375614017248,0.15454891324043,-0.0226020142436,16.8366241455078,16.9491519927979,16.7145214080811,11.3631801605225,15.4240455627441,19.2116737365723,0.68516170978546,0.96188366413116,1.13170421123505,-6.56041193008423,-5.92594861984253,-3.96479797363281,5.93348693847656,6.94569063186646,7.39711999893188,-0.25350907444954,0.0745255574584,0.65118235349655,12.1748151779175,8.07354736328125,3.70143580436707,26.5406246185303,23.7510795593262,18.4934120178223,0.10850493609905,0.36629006266594,0.82382816076279,-3.01669406890869,-3.11246228218079,-2.41814374923706,5.40508842468262,4.45274925231934,3.38556790351868,0.80756384134293,0.48747047781944,0.33536502718925,-3.40455484390259,-2.94486808776855,-1.95606279373169,-2.75093770027161,-4.70460653305054,-5.02572870254517,0.82749330997467,0.26488643884659,-0.23663392663002,1.86268889904022,2.40377855300903,1.7597382068634,0.50533825159073,0.09178250283003,-0.18677204847336,-0.28283059597015,-0.34025195240974,-0.14599679410458,-0.85473001003265,0.09097966551781,1.31681096553802,-4.3454761505127,-3.04542446136475,-2.70065951347351,LIFT
-0.53840136528015,-0.65935266017914,-0.69966977834702,-1.28808057308197,-1.50116443634033,-1.41736745834351,-0.16111570596695,-0.02550362423062,-0.2069306075573,-0.50579643249512,-0.731205701828,-0.5155702829361,7.37683486938477,8.49732112884521,9.81892013549805,6.41197156906128,6.55562353134155,7.05840587615967,-1.11933422088623,-1.12177765369415,-1.02037405967712,-1.1755530834198,-1.721431016922,-2.9352912902832,0.93111133575439,2.20476531982422,3.55294489860535,0.01527163106948,-0.4202753007412,-1.34329271316528,16.4008808135986,18.462287902832,18.7735347747803,15.1487131118774,15.790358543396,16.4224281311035,0.75968730449677,0.11644618958235,-0.33131805062294,-4.84586429595947,-5.84454584121704,-8.16213321685791,4.06546115875244,6.17050266265869,7.51562786102295,0.23029619455338,0.3158173263073,1.54976511001587,14.5187387466431,8.16213321685791,0.67516487836838,35.114559173584,35.1911735534668,25.3602828979492,0.68027478456497,0.8317694067955,0.20868684351444,0.95049810409546,3.84029960632324,5.554847240448,4.88340950012207,3.1436653137207,1.87489819526672,1.19485247135162,1.93583190441132,2.25042748451233,-6.35929918289185,-6.84053373336792,-6.57238292694092,-2.57137250900269,-4.42448472976685,-6.78546667098999,-0.76808667182922,0.05108360573649,1.02480280399323,-0.92176765203476,-2.71502470970154,-3.33512306213379,1.5578590631485,0.93416565656662,0.3819434940815,-1.47768306732178,-0.88880890607834,-0.50946164131165,-1.49398183822632,1.67833542823792,3.12443327903748,-1.86987149715424,-3.34469985961914,-4.45082092285156,LIFT
-0.26900976896286,-0.1706604808569,-0.05948300287127,-0.27533319592476,-0.53869539499283,-0.29688102006912,0.06673702597618,0.24633140861988,0.39721512794495,-0.25595253705978,-0.25717425346375,-0.08918632566929,5.6434326171875,5.97143840789795,6.68251609802246,9.2131872177124,8.83011531829834,8.40634155273438,0.36262488365173,0.34613153338432,0.36995527148247,-0.67995327711105,-0.92176765203476,-1.02471828460693,0.69898253679276,0.55665093660355,0.66416323184967,0.20769418776035,0.39950588345528,0.08735372871161,11.3129024505615,13.0391216278076,14.490008354187,9.16769790649414,10.0439758300781,13.5419044494629,0.08284860104322,0.51045429706573,0.72853314876556,-1.40060794353485,-1.07739078998566,0.62009823322296,4.26399230957031,5.23710060119629,5.77527284622192,-0.86987209320068,-0.89980453252792,-0.62430429458618,15.4001035690308,13.0822172164917,11.2913541793823,23.6265811920166,23.1716823577881,22.4462394714355,-0.70211327075958,-0.98921990394592,-1.18714022636414,1.86029469966888,1.78607451915741,1.59932672977448,6.75204610824585,6.12835264205933,4.86019659042358,1.25044119358063,1.49723076820374,1.42026174068451,-1.0486603975296,-2.78924489021301,-3.12922167778015,9.52203941345215,2.53785371780396,-2.44447994232178,-0.94523763656616,-0.3288745880127,0.27404943108559,-1.41018486022949,-1.29765737056732,-0.19871874153614,2.49370455741882,1.93231952190399,1.21760714054108,-0.81245076656342,-0.77152281999588,-0.28160887956619,-1.75255560874939,-0.63446342945099,0.12210428714752,-4.25449657440186,-4.27365016937256,-4.60404968261719,LIFT
-0.16638441383839,0.09384417533875,0.23617577552795,-1.63284552097321,-1.07020819187164,0.04788403213024,-0.02061670273542,-0.02489275857806,-0.49892419576645,-0.60414570569992,-0.67744958400726,-0.14110986888409,6.94348430633545,7.55400562286377,8.42788887023926,7.43429565429688,7.38162326812744,7.63540840148926,-0.02710714563727,-0.04970915988088,0.06696610152721,-0.99359369277954,-1.67594122886658,-2.83952331542969,0.27259862422943,0.33673948049545,0.98547834157944,0.46670106053352,0.53084188699722,-0.02871066704392,9.46936702728272,11.3344497680664,13.3695211410522,11.0064449310303,12.7566061019897,15.3210954666138,1.03946352005005,0.73036575317383,0.46952629089355,-1.3407529592514,-0.91937345266342,-1.27371525764465,3.3959527015686,4.62012672424316,5.20838975906372,0.1991420686245,-0.16554448008537,-0.34452798962593,14.983512878418,14.1787614822388,12.4669075012207,22.5491905212402,21.7950172424316,20.2483615875244,0.13782647252083,0.03397937864065,0.10178542137146,-0.08619125932455,-0.85233581066132,-0.81163436174393,5.77893781661987,5.64882373809814,5.17784643173218,-0.08979719132185,-0.42638394236565,-0.55038958787918,1.01274728775024,-0.89782565832138,-1.74537301063538,11.6504850387573,7.99932718276978,4.90601873397827,-0.2030363380909,-0.65690922737122,-0.91713780164719,1.87944829463959,1.15879356861115,0.89064306020737,2.44178104400635,2.34587526321411,2.31655383110046,-0.0824668109417,-0.34941491484642,-0.56749379634857,-2.57376670837402,-2.53785371780396,-1.78607451915741,-2.97838687896729,-3.36864185333252,-4.75727891921997,LIFT
0.1207222416997,0.04192062839866,0.02298380434513,-0.55784898996353,-0.74459671974182,-1.13485157489777,-0.55268031358719,-0.41095960140228,-0.32543846964836,-0.38728857040405,-0.20830504596233,-0.07880161702633,6.34014558792114,6.85489892959595,7.2499418258667,10.2450885772705,10.0463695526123,10.0200338363647,0.11950051039457,0.16836974024773,0.34124460816383,-1.16597628593445,-1.38384854793549,-0.08858546614647,0.84131413698196,1.27625024318695,1.65620839595795,-0.08491026610136,-0.29199358820915,-0.36713001132011,11.2745952606201,12.5411281585693,14.2697410583496,12.8811044692993,14.4924020767212,16.5708694458008,-0.40095666050911,0.14882203936577,0.81161081790924,-1.31441676616669,-2.44926834106445,-0.54108959436417,5.29574346542358,5.91516065597534,6.04527521133423,-1.29320168495178,-1.07634460926056,-0.46853363513947,14.4253644943237,13.2953014373779,10.8795518875122,22.4151153564453,22.316951751709,22.2882213592529,-1.10833859443665,-1.36856722831726,-1.19324886798859,0.83797061443329,0.04070143029094,-1.22343707084656,7.63169240951538,7.71171569824219,7.03060102462769,0.42943826317787,0.10751228034496,0.00427605677396,-5.38007068634033,-6.32338619232178,-5.56921243667603,10.051157951355,3.35906505584717,-3.31357526779175,0.23923009634018,-0.14744760096073,-0.45104762911797,1.16597628593445,1.0989385843277,0.74459671974182,1.08138418197632,0.76801031827927,0.51633387804031,0.2858849465847,0.05619960278273,-0.23396138846874,-2.71741890907288,-1.1755530834198,0.27293899655342,-4.73812532424927,-4.75009632110596,-4.49152231216431,LIFT
-0.17737999558449,-0.04176791012287,0.17692184448242,-1.73100781440735,-2.00634098052979,-1.57777893543243,0.3947716653347,0.62690043449402,0.84986627101898,-0.36224308609962,-0.78618359565735,-0.86193084716797,5.10234308242798,5.94510221481323,6.90757131576538,8.22917079925537,9.24431228637695,9.62259578704834,0.68699431419373,0.71081805229187,0.78656536340714,-0.29209262132645,-0.1508347094059,-0.1508347094059,1.48272264003754,2.20720887184143,2.72155737876892,-1.57664322853088,-1.53327178955078,-0.94439768791199,12.1939687728882,12.9601135253906,13.0606698989868,16.7767696380615,18.7807159423828,18.2611751556396,-0.25129470229149,-0.24029912054539,-0.47548222541809,1.60411512851715,2.06140756607056,3.61763882637024,4.55598592758179,4.99825191497803,5.27008724212646,-1.38605320453644,-0.68966686725616,0.22540926933289,10.6928043365479,8.00411510467529,5.60273122787476,22.8173408508301,22.7670631408691,20.2818813323975,-1.76318621635437,-1.66850209236145,-1.38506054878235,1.5945383310318,1.06541979312897,0.57700258493423,5.26886558532715,5.20228099822998,4.93472194671631,2.09954380989075,1.99936199188232,1.65300130844116,-3.19147086143494,-3.8187518119812,-3.73256039619446,7.70244598388672,3.40694904327393,-0.46208092570305,-0.27756190299988,-0.16943874955177,0.03520110994577,0.21068975329399,-0.35194763541222,-0.72065472602844,2.6769642829895,2.16383743286133,1.79059875011444,-0.21685716509819,-0.27122417092323,-0.37629300355911,-1.00077629089355,0.59615623950958,1.4676456451416,-5.97143840789795,-6.60829591751099,-7.06558847427368,LIFT
-0.08147415518761,-0.01000291854143,-0.04726569727063,-1.97521638870239,-1.35272395610809,-0.96725749969482,0.02214386500418,0.09422596544027,-0.10491610318422,-0.31887164711952,-0.32253685593605,-0.30176743865013,4.63517427444458,5.0281229019165,6.14142656326294,7.13262605667114,6.5460467338562,6.99615669250488,0.1671480089426,0.38767036795616,0.41577014327049,-1.97042798995972,-1.91536140441895,-1.80283391475677,0.14126259088516,0.19501872360706,0.96470892429352,-0.09773843735456,0.42455133795738,0.26511552929878,11.1548852920532,11.7654066085815,12.4812726974487,14.1835498809814,16.9874591827393,18.2276554107666,1.18668210506439,1.7101936340332,1.78105401992798,-5.40161848068237,-3.4308910369873,-1.77649760246277,5.12836647033691,5.55291795730591,5.45884466171265,-1.8924605846405,-1.1856894493103,-0.19792033731937,14.0853881835938,12.363956451416,9.14136123657227,24.9772090911865,23.8468475341797,22.7574863433838,-0.5438991189003,-0.55611646175385,-0.21952970325947,-1.41018486022949,-2.5282769203186,-2.559401512146,6.91514730453491,6.8003044128418,6.14790058135986,-0.48380526900291,-0.58643060922623,-0.56688296794891,-2.88980150222778,-3.07415509223938,-2.82515811920166,10.9753198623657,6.53646993637085,3.21780705451965,-0.75220417976379,-0.78274744749069,-0.47670397162437,-0.49081134796143,-1.40300214290619,-1.84832370281219,2.42589855194092,2.24202823638916,1.88100683689117,0.34758231043816,0.27244588732719,0.14355333149433,-1.85550630092621,-1.24259066581726,0.28490999341011,-2.9855694770813,-4.87459468841553,-6.36408758163452,LIFT
-0.1639409661293,-0.14011721313,-0.08636107295752,-0.49320554733276,-0.63446342945099,-0.63925182819366,0.74235397577286,0.89812463521957,0.89140510559082,-1.25349545478821,-1.33474051952362,-1.12460291385651,8.96658420562744,10.0391874313354,10.7574472427368,11.5020446777344,12.8140668869019,14.0686283111572,-0.8694903254509,-0.96173095703125,-0.84933173656464,-1.43173265457153,-2.92332029342651,-3.86184740066528,2.94941020011902,3.85532331466675,4.64089584350586,-0.13377949595451,-0.36041048169136,-0.56566119194031,10.1995983123779,9.82370853424072,9.2131872177124,21.1270351409912,21.2874450683594,21.5555973052979,-0.24518603086472,-0.38385245203972,-0.88415110111237,-2.45166254043579,-1.27132105827332,0.79487496614456,6.46982669830322,7.65795946121216,8.60724449157715,0.77152281999588,1.23211514949799,1.44286370277405,0.18435353040695,-4.26167917251587,-7.57555341720581,27.6443500518799,21.8572654724121,14.667179107666,-0.60620737075806,-0.75953459739685,-0.87254464626312,3.59848523139954,3.37582445144653,2.16196417808533,5.52359628677368,4.00987195968628,2.74477028846741,0.94684112071991,0.72448617219925,0.81428337097168,-8.87321090698242,-8.13819122314453,-6.63223791122437,-10.5228157043457,-10.7454767227173,-10.8077259063721,-0.07597636431456,-0.18898643553257,-0.18409951031208,1.08217918872833,0.65361708402634,-0.53151279687881,-0.3150537610054,-0.27534750103951,-0.01206458825618,0.81611597537994,0.35552358627319,-0.12889257073402,0.75417351722717,2.46363353729248,3.10288548469543,-7.76230096817017,-6.78067827224731,-5.97622680664063,LIFT
-0.47914743423462,-0.37407860159874,-0.29344439506531,-1.06541979312897,-1.03908348083496,-0.77332717180252,-0.27779096364975,-0.42439863085747,-0.39996400475502,-0.1246165111661,0.23457226157188,0.29688051342964,5.86130523681641,6.36408758163452,6.76391887664795,9.83807373046875,10.1397438049316,10.3049430847168,0.02725986205041,0.30398181080818,0.39622247219086,-1.41976165771484,-1.21864867210388,-1.29286897182465,1.15529894828796,1.42102527618408,1.68064296245575,-0.81550508737564,-0.68416905403137,-0.66156703233719,8.60266590118408,9.05038166046143,9.29937839508057,15.0385789871216,15.598822593689,16.872537612915,0.60574924945831,0.7395287156105,0.93256217241287,-3.02866506576538,-3.29202723503113,-2.59531474113464,3.96466827392578,4.15403652191162,4.40937805175781,-0.89186328649521,-0.44348818063736,0.11178833991289,7.93947219848633,6.68251609802246,5.15022706985474,20.8900089263916,20.490177154541,19.697696685791,0.83665633201599,0.95210981369019,0.50678908824921,-1.19231247901917,-0.00239420169964,0.95049810409546,6.51869583129883,6.16867017745972,5.52542877197266,-0.1490511149168,0.04520402848721,0.16065755486488,-1.83395850658417,-2.89937829971313,-4.01986455917358,7.07516527175903,2.64080452919006,-1.34793555736542,-1.20913136005402,-1.07840621471405,-0.84383398294449,0.20829555392265,-0.38546648621559,-0.25617957115173,2.35992527008057,1.90116536617279,1.63055205345154,0.12400564551353,0.06108652427793,-0.08002334833145,-1.88184249401093,-0.62009823322296,0.63446342945099,-5.93313121795654,-5.7822961807251,-5.822998046875,LIFT
-0.26351198554039,-0.31604641675949,-0.33803755044937,-0.34955343604088,-0.49081134796143,-0.68474167585373,0.58719420433044,0.78206020593643,1.01541078090668,-0.40744712948799,-0.49968776106834,-0.5406157374382,7.99214458465576,8.49732112884521,8.79180812835693,10.7311115264893,11.4445829391479,11.7270994186401,-0.19081902503967,-0.17799085378647,-0.30993774533272,-1.3407529592514,-1.06541979312897,-1.16118776798248,2.05388164520264,2.26768445968628,2.32266235351563,-0.34208452701569,-0.28771752119064,-0.42943826317787,9.38556957244873,9.65850925445557,9.8284969329834,14.1859445571899,13.9177942276001,14.0446863174438,-0.00022907447419,0.20929770171642,0.19219347834587,-2.16196417808533,-1.13963997364044,0.38067805767059,4.06118488311768,4.84614658355713,5.48205757141113,-1.02686452865601,0.68294733762741,2.13314151763916,7.80300283432007,3.90254878997803,0.12928688526154,27.6635036468506,26.667516708374,22.3576545715332,-0.54634261131287,0.18975001573563,0.8751408457756,-0.83318221569061,-0.68234747648239,0.08858546614647,7.89864015579224,6.45027875900269,4.88951826095581,1.14476144313812,0.20891591906548,-0.1490511149168,-7.94186639785767,-5.18374586105347,-3.05260705947876,-5.24838924407959,-11.5762643814087,-12.0311632156372,0.16653713583946,-0.28672486543655,-0.46937358379364,1.80762231349945,1.06781399250031,0.29448682069778,0.11194105446339,-0.02916881628335,0.06856962293386,0.73975783586502,0.1924225538969,-0.39400807023048,0.84994161128998,2.42532634735107,3.76129078865051,-6.99136829376221,-5.732017993927,-4.51307010650635,LIFT
0.0687986984849,0.11827878654003,-0.03504839166999,-2.76530289649963,-1.81241071224213,-1.3215993642807,0.182801425457,0.22372940182686,0.28176158666611,-0.97494095563889,-0.80023348331451,-0.51434850692749,5.69849920272827,5.54527044296265,5.76074838638306,10.8173027038574,11.9713077545166,11.9856729507446,0.05108360573649,0.31375566124916,0.51045429706573,-3.26808524131775,-3.14837527275085,-3.61045622825623,1.663538813591,1.9390389919281,2.17605471611023,-0.91568702459335,-0.62247169017792,-0.25900685787201,8.45422554016113,9.46218395233154,11.4900732040405,13.7717475891113,14.5857763290405,15.775993347168,0.37789651751518,-0.24090997874737,-0.30138564109802,-0.39025488495827,-2.6431987285614,-4.50109910964966,3.95672702789307,4.58347463607788,5.64882373809814,0.29871311783791,0.52656584978104,0.09040805697441,6.96503210067749,5.1861400604248,2.53785371780396,22.9490222930908,23.1070384979248,23.468563079834,0.66133797168732,1.09627401828766,0.97532272338867,-3.13640427589417,-0.90021985769272,3.13401007652283,6.44661378860474,4.36600685119629,2.62076473236084,0.62491512298584,0.63468897342682,0.51495939493179,-4.69502973556519,-3.66312861442566,-3.84748220443726,-6.28747272491455,-9.65372085571289,-8.79899024963379,-1.29098737239838,-0.69050681591034,-0.19570595026016,-1.3215993642807,-2.36307716369629,-2.57855534553528,1.48638784885406,0.96654152870178,0.35750889778137,-0.88758718967438,-0.56566119194031,-0.0372627787292,0.40940847992897,2.26012635231018,4.07971954345703,-4.58010768890381,-5.0975546836853,-5.59554862976074,LIFT
-0.22747094929218,-0.05215261876583,0.17753271758556,-2.86107110977173,-3.0550012588501,-2.86107110977173,0.68981957435608,0.89690291881561,0.95432424545288,-0.41416662931442,-0.46486845612526,-0.41172316670418,4.90601873397827,5.77032518386841,6.44070196151733,10.7861776351929,10.6185836791992,10.2187519073486,0.5544365644455,0.59475368261337,0.40294200181961,-1.25216746330261,-0.02873042039573,0.6033388376236,1.01296734809875,1.16934883594513,1.11864697933197,-0.80695301294327,-0.81428337097168,-0.72570788860321,7.47020864486694,7.11586666107178,6.68969869613647,11.8276557922363,12.4309940338135,13.6568260192871,0.17081318795681,-0.05887213721871,-0.51641023159027,-0.64643448591232,0.31124621629715,-0.11971008777618,3.14671969413757,4.09783697128296,5.19800519943237,-0.11362093687057,0.8472700715065,1.50517201423645,6.30902051925659,3.32794046401978,0.07661445438862,28.2452945709229,27.7832145690918,25.8223628997803,-0.18959729373455,0.24900394678116,0.7150941491127,-2.68390011787415,-2.0326771736145,-0.92176765203476,9.19367504119873,8.71597766876221,7.27555799484253,1.25105202198029,1.02014493942261,0.63285636901855,-7.81976222991943,-6.68012189865112,-4.42209053039551,5.01854610443115,-2.57855534553528,-7.66653299331665,0.68638348579407,-0.01611157134175,-0.60193133354187,3.47398662567139,3.03105926513672,2.04943656921387,1.5267049074173,0.84375762939453,0.37155878543854,0.87475901842117,1.02075576782227,0.73792523145676,-0.95768070220947,-0.25857377052307,-0.25857377052307,-7.30261468887329,-7.52288103103638,-7.52288103103638,LIFT
-0.15783230960369,-0.06742425262928,-0.01000291854143,-2.13323378562927,-2.00634098052979,-1.87226569652557,-0.10064005106688,-0.01023199316114,0.02947424724698,-0.40439277887344,-0.3805690407753,-0.26450464129448,6.50773954391479,6.73997688293457,7.08234786987305,7.6066780090332,7.62104320526123,7.50612163543701,0.38522690534592,0.49701523780823,0.62957298755646,-1.82438170909882,-1.4676456451416,-0.9433154463768,0.57986384630203,0.80038619041443,1.15407717227936,-0.13316862285137,0.09346238523722,0.30054569244385,13.6951332092285,15.273211479187,16.2308921813965,9.68723964691162,10.3025493621826,10.9681367874146,0.71203982830048,0.97349011898041,1.17629742622375,-1.37906014919281,-1.03190088272095,-1.03190088272095,4.10333442687988,4.29697895050049,4.32202434539795,-1.26326930522919,-1.39765965938568,-1.19546329975128,18.1989250183105,16.1614608764648,13.1061592102051,14.9523878097534,16.1830081939697,18.3760967254639,-0.50541460514069,-0.99593943357468,-0.88598370552063,0.55306059122086,-0.95528650283813,-2.65038132667542,5.6457691192627,5.65248870849609,5.23710060119629,0.39156460762024,-0.32253685593605,-0.85521131753922,-2.11886858940125,-2.38223075866699,-1.9632453918457,5.82539224624634,1.37666594982147,-1.52031803131104,0.70043337345123,0.30214923620224,-0.1010218411684,-0.37828385829926,-0.17956513166428,-0.28012159466743,1.43202090263367,0.41798454523087,-0.25335636734962,0.37140607833862,0.85276788473129,1.07939887046814,0.19871874153614,1.2449848651886,2.20984816551209,-6.12706136703491,-5.68413400650024,-5.06882429122925,LIFT
0.1237765699625,-0.03749185428023,-0.19814941287041,-1.36708915233612,-1.11090958118439,-1.60890352725983,-0.34804046154022,-0.20265454053879,-0.16233743727207,0.01710422709584,-0.24373523890972,-0.36651915311813,8.02087497711182,8.91391181945801,10.3863458633423,5.91637182235718,6.19649314880371,7.36246967315674,0.55993437767029,0.70409858226776,0.70287680625916,-1.22104287147522,-1.0223240852356,-1.26653265953064,0.71730852127075,0.98914355039597,1.47783577442169,-0.27855455875397,-0.55710911750793,-0.7916813492775,17.3441963195801,19.170970916748,19.6593894958496,8.49732112884521,11.0782709121704,12.0958061218262,0.29237538576126,0.2819906771183,0.484797924757,-3.77086758613586,-3.90494298934936,-2.84191751480103,3.65129423141479,4.99764108657837,5.76305532455444,-1.51005887985229,-0.59925878047943,0.18020524084568,9.00489139556885,6.34253978729248,4.34308195114136,25.9061603546143,22.9083194732666,18.103157043457,0.34490978717804,-0.07108944654465,-0.38996109366417,2.56897830963135,2.64080452919006,2.3247697353363,4.40632390975952,3.71971130371094,3.00377702713013,0.15760323405266,-0.11972958594561,-0.4758640229702,-3.18428826332092,-3.30399823188782,-2.9161376953125,-3.8187518119812,-5.75595998764038,-6.000168800354,-0.01061378326267,-0.01611157134175,0.03092505224049,-0.40462008118629,-0.65601128339767,-0.9528923034668,0.41370847821236,0.15714508295059,-0.14278975129128,0.0372627787292,0.17226399481297,0.23457226157188,1.94169759750366,3.52426481246948,5.06882429122925,-5.25317764282227,-5.86609363555908,-6.00256299972534,LIFT
-0.25495988130569,-0.29161179065704,-0.46082147955894,-1.07260239124298,-0.49081134796143,0.3256114423275,-1.30709886550903,-1.19469964504242,-0.93324935436249,0.26755899190903,0.15577064454556,-0.01221730466932,7.21163463592529,6.97700309753418,7.23557662963867,5.46147346496582,5.80623817443848,5.4159836769104,-0.41622829437256,-0.01733330078423,0.53488886356354,-2.02549457550049,-2.02549457550049,-1.42694425582886,0.84253591299057,0.87185740470886,1.19439423084259,-0.36590829491615,0.21807889640331,0.40194934606552,13.0678520202637,15.6850137710571,16.2404689788818,10.4701433181763,11.0279922485352,12.1389017105103,0.40782889723778,0.51411944627762,0.57459509372711,-2.29843354225159,-2.17393517494202,-1.59932672977448,4.35195684432983,4.78017330169678,4.84736824035645,-0.66889744997025,-0.80878555774689,-0.64324110746384,15.9962596893311,14.6049299240112,12.1173543930054,15.2277212142944,15.4240455627441,14.1236953735352,-0.47792568802834,-0.55000782012939,-0.42966735363007,-1.12527477741241,-1.45567464828491,-1.59932672977448,4.69587373733521,5.02451944351196,4.52116632461548,-0.90774577856064,-0.49541172385216,0.24801129102707,2.11408019065857,0.22505496442318,-0.71347212791443,8.92348861694336,4.76206731796265,0.70868372917175,-0.57016634941101,-0.77908223867416,-0.68012207746506,-0.68713587522507,-0.9720458984375,-1.93212080001831,1.9811886548996,1.97202575206757,1.68858420848846,0.30115658044815,-0.37384954094887,-0.7006624341011,-1.86029469966888,-1.48919343948364,-0.84036481380463,-4.35026454925537,-4.55137729644775,-4.57771348953247,LIFT
0.06513350456953,0.02542726509273,0.17875444889069,-1.97761058807373,-0.40222588181496,-2.23139595985413,-1.10184824466705,-0.49037206172943,-0.37675115466118,0.11606439948082,-0.09590584039688,0.53695052862167,6.98418569564819,5.71047019958496,3.2585084438324,8.21001720428467,8.60745429992676,5.35134029388428,1.96248090267181,2.35954332351685,0.9056841135025,-2.83234071731567,5.33458089828491,3.33272886276245,-0.09086620807648,-0.28389963507652,-0.75548762083054,-1.79227864742279,-2.4312436580658,-2.39398097991943,8.34888076782227,8.49732112884521,8.67688655853271,7.87961721420288,7.44626665115356,11.4972562789917,0.14821118116379,-0.91347259283066,-0.54756432771683,3.67509961128235,1.93212080001831,-1.81001651287079,0.86086183786392,1.58412635326386,2.37397503852844,0.1777617931366,-0.97982788085938,-1.30053210258484,11.9090585708618,12.2993135452271,12.33522605896,17.6745948791504,16.3553905487061,13.7717475891113,-0.65446573495865,-1.12055587768555,-1.34840869903564,3.40216064453125,1.94888019561768,0.67995327711105,2.28173446655273,2.61343431472778,3.43382620811462,-0.17287486791611,-0.16920967400074,0.08979719132185,8.28663158416748,6.9722146987915,5.72962379455566,12.2466411590576,12.7470293045044,12.0359516143799,-0.24518603086472,-0.30932688713074,-0.82123196125031,2.03985977172852,3.60566782951355,4.04141235351563,4.46679925918579,3.49735617637634,2.41123795509338,1.48806774616241,1.01159286499023,0.4844161272049,3.9767689704895,4.33111095428467,4.88417148590088,0.58657944202423,-0.7182605266571,-1.944091796875,LIFT
0.73036575317383,0.90262973308563,0.78595447540283,1.16358196735382,2.14520478248596,3.4308910369873,-0.82756966352463,-0.84589564800262,-0.89965176582336,-0.70982539653778,-0.78862702846527,-0.89491760730743,6.44549036026001,6.60829591751099,6.88123512268066,5.98819780349731,5.50935745239258,6.24916553497314,-0.23419046401978,-0.48708868026733,-0.78946697711945,4.68784713745117,5.32739782333374,5.3657054901123,0.32024610042572,0.73380190134048,1.17057049274445,-0.27977627515793,-0.2553416788578,-0.03481931984425,9.99848556518555,11.4828910827637,12.9816608428955,8.91391181945801,9.6513261795044,9.84525680541992,-1.28365695476532,-1.38139533996582,-1.6678911447525,2.67671751976013,2.28885674476624,1.80762231349945,3.04042911529541,3.98055076599121,4.62134838104248,-0.39889499545097,0.06658431142569,0.38728857040405,18.6346702575684,18.163013458252,17.5596733093262,11.7701950073242,11.492467880249,11.3033256530762,-2.16635727882385,-1.62024366855621,-1.04480862617493,-3.34469985961914,-3.10288548469543,-1.89620769023895,3.63602256774902,2.96284914016724,2.51203060150146,1.50517201423645,1.61818206310272,1.55953896045685,9.72075843811035,7.13980865478516,4.29040956497192,7.05840587615967,7.36246967315674,7.13502025604248,0.4420373737812,0.48540878295898,0.5672647356987,0.87627780437469,0.77093297243118,0.92176765203476,1.90360879898071,1.93659555912018,2.07404017448425,1.13926362991333,1.08978354930878,1.02014493942261,-1.42694425582886,-1.16597628593445,-0.63685762882233,1.53707754611969,0.26096799969673,-0.84275901317596,LIFT
-0.04054617881775,-0.07903069257736,-0.17493653297424,0.39983168244362,0.53151279687881,0.46926352381706,-0.56245416402817,-0.70295315980911,-0.92469727993011,-0.3506366610527,-0.39400807023048,-0.39767327904701,8.50210952758789,8.90194129943848,8.90194129943848,3.20344185829163,3.00232887268066,3.00232887268066,-0.10835222154856,-0.18471038341522,-0.28672486543655,0.44053310155869,0.66319388151169,0.52911859750748,-0.58811050653458,-0.31810808181763,-0.00534507073462,-0.78740531206131,-0.9645562171936,-1.22050881385803,15.6323413848877,17.1622371673584,18.7519855499268,5.09516048431396,6.05762958526611,7.03206968307495,-0.10468703508377,-0.06436992436647,-0.56772291660309,0.05506663769484,1.43173265457153,1.93690919876099,3.96405720710754,5.81803321838379,7.22241258621216,-0.38423424959183,0.73609262704849,1.43736588954926,23.748685836792,22.4438457489014,20.3417358398438,15.2660284042358,16.7576160430908,14.6743612289429,-0.32093334197998,1.21294927597046,2.48171639442444,-6.88841772079468,-8.03763484954834,-5.59794282913208,5.08560609817505,4.36539554595947,3.60364675521851,-0.11423180252314,-0.53511798381805,-0.44348818063736,3.01669406890869,-1.02471828460693,-3.28963303565979,8.68406867980957,5.71047019958496,3.23935484886169,1.77983224391937,0.74930256605148,-0.07903069257736,4.43166732788086,3.47398662567139,1.67833542823792,1.88650465011597,1.70202326774597,1.26830899715424,0.05803219974041,0.29382619261742,0.51984632015228,-4.29280376434326,-3.14358687400818,-2.1475989818573,-2.65756392478943,-4.14675712585449,-5.73920059204102,LIFT
0.1543198376894,0.22823452949524,0.2404518276453,-0.34955343604088,0.04309562966228,0.62009823322296,-0.67851859331131,-0.64125579595566,-0.61498856544495,-0.0226020142436,0.00610865233466,-0.10629054903984,4.88177728652954,4.72854852676392,4.46279191970825,9.10305404663086,8.84448051452637,8.55478191375732,0.08529205620289,-0.03565925732255,-0.1920407563448,1.25935006141663,2.54982471466064,3.04303026199341,-0.71578133106232,-0.409737855196,0.12721268832684,-0.10018189996481,0.23701570928097,0.66278880834579,5.20050525665283,6.40000057220459,8.81575012207031,9.38556957244873,12.5530986785889,14.9643592834473,-1.79922723770142,-2.09305334091187,-2.12420749664307,2.34631776809692,-0.20111294090748,-2.87543630599976,4.64578294754028,6.74777030944824,7.28838586807251,0.23457226157188,0.65606927871704,0.7177666425705,20.3991966247559,19.3409595489502,18.6179103851318,25.4895687103271,19.9538745880127,13.8986396789551,1.28869664669037,2.35404562950134,3.37785577774048,-11.6049947738647,-8.67449188232422,0.49081134796143,5.09843397140503,5.85407447814941,5.98724317550659,0.5839871764183,-0.02138028293848,-0.29688051342964,-2.44926834106445,-4.96826791763306,-6.57477712631226,19.8964138031006,13.8914575576782,6.13424396514893,0.96371626853943,0.33880114555359,-0.20975585281849,4.88177728652954,3.59848523139954,1.22822546958923,1.53098106384277,1.21699631214142,0.91706144809723,0.11728613078594,0.20708331465721,0.06047565862536,-2.50433492660522,-0.68474167585373,0.68713587522507,-1.95606279373169,-2.82515811920166,-3.98395156860352,LIFT
-0.35941782593727,-0.43821945786476,-0.40889793634415,1.0414776802063,0.76375031471252,0.3687070608139,-1.97110939025879,-1.50379753112793,-1.10612428188324,-0.28832840919495,-0.37018433213234,-0.35674530267715,6.87884092330933,7.0727710723877,7.2499418258667,9.72315216064453,9.84525680541992,10.3097314834595,-0.48281261324883,-0.60437482595444,-0.5622251033783,1.6711528301239,0.9911994934082,0.73501992225647,-0.22342395782471,-0.48181995749474,-0.24724771082401,-0.74097955226898,-0.8045095205307,-0.80939644575119,10.5060567855835,11.9689140319824,13.0463047027588,10.0439758300781,12.0574989318848,14.229040145874,-0.64957880973816,-0.62208992242813,-0.80412775278091,-1.94648599624634,-1.82438170909882,-1.82438170909882,4.76490163803101,5.16562938690186,4.69892835617065,0.54733526706696,1.12704634666443,0.74769908189774,19.0512619018555,15.4336223602295,11.8061075210571,15.9148569107056,15.5581207275391,18.107946395874,2.8592312335968,2.3045654296875,1.67232000827789,2.58813214302063,5.53090524673462,5.8421516418457,5.34400177001953,4.88829660415649,4.14792776107788,-1.40376830101013,-1.56076073646545,-1.2046263217926,-4.91559553146362,-6.27310752868652,-5.83496904373169,9.57950019836426,4.43884992599487,0.56503158807755,-0.36430475115776,-0.74059772491455,-0.64530277252197,2.3247697353363,0.61291563510895,-0.38067805767059,2.0013473033905,1.47172713279724,0.73196929693222,0.45814892649651,0.35185837745667,0.020158553496,-2.52348852157593,-1.01992988586426,2.47321033477783,-4.89374828338623,-5.52851104736328,-5.29387903213501,LIFT
-0.22686007618904,-0.31482467055321,-0.43760859966278,1.21146607398987,1.43173265457153,1.75494980812073,-0.79030692577362,-0.9295842051506,-0.93691456317902,-0.12217304855585,-0.14844025671482,-0.21258109807968,5.4854154586792,5.69131660461426,5.66737461090088,3.30160403251648,3.81396341323853,3.85945320129395,-0.78030401468277,-0.94584846496582,-1.20546615123749,1.25695586204529,1.25935006141663,0.35194763541222,-0.82146102190018,-0.76403969526291,-0.61010164022446,-0.03115412779152,-0.17226399481297,-0.1472185254097,12.256217956543,14.9523878097534,18.4407405853271,5.554847240448,6.95545530319214,8.382399559021,0.13171781599522,0.61613392829895,0.77984583377838,-3.17710566520691,-2.22900176048279,-0.35913026332855,2.70628571510315,4.26215934753418,5.52909421920776,-1.36894905567169,-1.14903748035431,-0.80939644575119,25.5350589752197,24.6875114440918,22.9729633331299,14.4301528930664,13.8076601028442,10.518027305603,0.12194397300482,0.85925835371017,1.55747735500336,-7.1805100440979,-5.91637182235718,-3.09570288658142,3.64823985099792,3.24995589256287,2.99705767631531,-0.69944071769714,-0.48197266459465,-0.24984388053417,11.0591173171997,7.06319427490234,3.11725068092346,10.0463695526123,11.1907978057861,9.59626007080078,0.84704101085663,1.10055005550385,1.42736303806305,1.93930339813232,0.74459671974182,1.57777893543243,0.13454307615757,-0.52824574708939,-0.5783366560936,-0.70188415050507,-0.14782938361168,0.8228355050087,-2.87543630599976,-2.57616114616394,-2.39420175552368,-0.81402856111526,1.58735573291779,4.46039772033691,LIFT
-0.0607047341764,0.18364135921001,0.23251058161259,-0.28251579403877,0.5434837937355,1.46525144577026,-0.6956228017807,-0.6528622508049,-0.4964807331562,0.09651670604944,0.28221973776817,0.30543261766434,8.48774433135986,8.94024848937988,9.15093803405762,4.80755710601807,5.55963563919067,5.87806463241577,0.36140313744545,0.44448083639145,0.25022566318512,0.16280572116375,1.2641384601593,1.40300214290619,-0.16050484776497,0.10888673365116,0.27626380324364,-0.1991420686245,-0.21074850857258,-0.32131510972977,10.8125143051147,11.6241483688354,13.1109476089478,6.00256299972534,6.05284118652344,5.32739782333374,-0.06009386852384,0.07918340712786,-0.18287777900696,-0.87388360500336,-0.63685762882233,0.07422025501728,1.65071058273315,3.93351411819458,4.90295696258545,-0.75686204433441,-0.15149457752705,0.43860125541687,25.4895687103271,26.3466930389404,22.6856594085693,15.450382232666,13.225869178772,11.6600618362427,0.30031663179398,1.25265550613403,1.71691310405731,-2.8969841003418,0.33997663855553,3.57454323768616,1.80648124217987,1.56152427196503,1.87978506088257,-0.13133603334427,0.06047565862536,-0.08063421398401,0.58179098367691,-1.73579621315002,-3.53863000869751,10.3288850784302,9.3927526473999,7.42471885681152,0.69737905263901,0.91973400115967,0.65889453887939,0.20350714027882,1.24977326393127,1.40779054164886,0.57375520467758,0.64705902338028,0.87857693433762,-0.78862702846527,-0.59864795207977,-0.09834930300713,-1.06541979312897,0.26096799969673,3.1699230670929,-2.73657250404358,-2.74614930152893,-5.00178670883179,LIFT
0.23678663372993,0.35040757060051,0.36323574185371,-0.5147533416748,0.11013327538967,0.75177931785583,-0.88132584095001,-0.81962841749191,-0.68768155574799,0.2315179258585,0.15088371932507,-0.0299323964864,6.57717132568359,6.33056879043579,5.98580360412598,5.29866743087769,5.49020385742188,5.08318948745728,-0.15844316780567,-0.24701863527298,-0.41317397356033,1.14442837238312,0.75896191596985,0.63685762882233,-1.04992461204529,-1.04259431362152,-0.36025777459145,0.15515977144241,0.22113321721554,0.18570303916931,7.47978544235229,11.8755397796631,13.501202583313,4.57053089141846,9.19882202148438,10.6856212615967,-1.05030643939972,-0.49625164270401,-0.21891883015633,-4.26167917251587,-4.4340615272522,-4.38138914108276,0.84314674139023,1.69591462612152,2.44972229003906,-1.2889256477356,-1.5668693780899,-1.47401785850525,21.8093814849854,21.833324432373,20.6601657867432,12.8451910018921,12.1101713180542,11.8755397796631,0.82321727275848,0.55565828084946,0.36079227924347,-3.54820680618286,-3.32794046401978,-1.68312382698059,4.88096618652344,4.72580623626709,4.54071426391602,-0.18814650177956,0.27488934993744,0.73853605985641,12.9265937805176,11.4565544128418,9.89553451538086,8.84448051452637,8.53562831878662,8.4015531539917,0.08040513843298,0.04864014685154,-0.19937114417553,2.51391172409058,3.54820680618286,1.56341373920441,1.80892467498779,1.26830899715424,0.7722864151001,1.03541660308838,0.92301738262177,0.72815138101578,2.40377855300903,0.51954174041748,-1.25456166267395,2.95444488525391,1.31920516490936,0.10773907601833,LIFT
-0.12667818367481,-0.13278682529926,-0.05520694702864,-0.29209262132645,-0.61530983448029,-0.43335050344467,-0.31077769398689,-0.58811050653458,-1.03037691116333,0.04337143152952,-0.01466076634824,-0.19058994948864,7.45105504989624,7.51569843292236,7.50851583480835,3.35427665710449,2.83234071731567,3.05260705947876,0.13843733072281,0.2404518276453,0.17142406105995,-0.55306059122086,-0.10055647045374,0.55306059122086,-1.33886384963989,-1.14338707923889,-0.73044210672379,-0.60475659370422,-0.6145304441452,-0.5839871764183,12.2873420715332,14.1955213546753,16.1686420440674,6.39042377471924,7.56118822097778,8.83490371704102,-0.79801911115646,-0.61659210920334,-0.19265162944794,-1.944091796875,-4.01986455917358,-3.42131423950195,1.91582608222961,2.89748668670654,3.60853362083435,-0.92668259143829,-0.4202753007412,0.03604105114937,18.2515983581543,17.4686946868896,16.5612926483154,10.6712560653687,10.1612911224365,8.86602783203125,-0.04054617881775,0.25389087200165,0.63629251718521,-3.74692559242249,-3.74692559242249,0.99838209152222,2.69834446907043,2.64825344085693,2.75148987770081,1.23883473873138,1.08734011650085,0.89308500289917,10.8771572113037,9.6896333694458,9.11502552032471,8.85405731201172,10.0032739639282,10.3983173370361,0.60574924945831,0.88063859939575,0.79756093025208,-1.05584299564362,-0.16041150689125,-0.07182604819536,2.37397503852844,2.19010472297669,1.92193472385406,-0.38606682419777,-0.39217549562454,-0.05864306539297,4.14675712585449,2.09971499443054,0.217872351408,3.42610263824463,1.08936178684235,-1.80522811412811,LIFT
0.11339186131954,0.17508925497532,0.17753271758556,-1.07978498935699,-0.81881695985794,-0.63446342945099,-0.18738290667534,-0.29550606012344,-0.4922046661377,0.00671951752156,0.06719517707825,0.14110986888409,6.54365253448486,6.48379755020142,6.28029012680054,5.04009389877319,4.86262369155884,4.09408473968506,0.11827878654003,0.06330090761185,-0.05765040591359,0.18195933103561,0.55545479059219,0.80205756425858,-0.86544334888458,-0.79702645540237,-0.86605417728424,0.20280726253986,0.26145032048225,0.23701570928097,8.59308910369873,10.5204219818115,13.3024835586548,5.0089693069458,5.33697509765625,6.85489892959595,-0.33559408783913,-0.10713049024343,0.13843733072281,0.74220252037048,0.83318221569061,0.80205756425858,1.14308154582977,2.91153645515442,4.32691144943237,-1.64689266681671,-1.96515345573425,-1.62734496593475,22.3001937866211,22.2116069793701,21.2994174957275,16.5828399658203,15.1415300369263,11.9066638946533,-0.09185886383057,0.39988765120506,0.79450660943985,-7.59949541091919,-7.45105504989624,-4.63996267318726,5.25115013122559,5.55169630050659,5.45517921447754,-0.21441370248795,0.583376288414,1.01281452178955,13.1779851913452,10.4102878570557,8.01848030090332,11.9162406921387,11.0232038497925,9.39035797119141,0.30520355701447,0.31986430287361,0.46158504486084,2.57376670837402,3.00232887268066,3.0693666934967,1.58962404727936,0.83581638336182,0.42592579126358,-0.33414328098297,-0.47219884395599,-0.4147774875164,0.61530983448029,-0.36152446269989,-0.58179098367691,2.33434677124023,1.21386027336121,0.70868372917175,LIFT
-0.18654297292233,-0.20425806939602,-0.25068381428719,0.78290396928787,0.81881695985794,0.62967503070831,-0.59299743175507,-0.46043968200684,-0.35964691638947,0.17592918872833,0.06291911751032,-0.19181168079376,8.44704246520996,9.13178443908691,9.78779602050781,7.02009868621826,7.40556526184082,7.46542024612427,-0.14317154884338,-0.03627012297511,0.02298380434513,0.67516487836838,0.62967503070831,0.84994161128998,0.18707747757435,0.42164972424507,0.71853023767471,-0.57482421398163,-0.76235979795456,-0.76602500677109,13.1348896026611,14.3798742294312,15.5030546188354,7.16614484786987,7.31937408447266,7.58273601531982,-0.01061378326267,-0.10835222154856,-0.23968824744225,-0.97922849655151,-1.40539634227753,-2.61207413673401,3.23285150527954,3.84860372543335,4.18152523040771,-0.06108652427793,0.22540926933289,0.56016343832016,19.8150119781494,19.5492553710938,18.6634006500244,11.3536033630371,11.3057193756104,11.6552734375,0.26244297623634,0.53488886356354,0.45608726143837,-1.03190088272095,1.65199911594391,4.69502973556519,4.19252109527588,4.17541646957397,4.0349178314209,0.07086037099361,-0.07819075137377,-0.19181168079376,9.99369716644287,6.72321748733521,3.9073371887207,13.8363904953003,12.8068838119507,10.5323925018311,-0.09185886383057,0.30398181080818,0.57215166091919,0.48362874984741,0.85712420940399,0.9911994934082,1.17912268638611,0.76006907224655,0.710588991642,-1.51250231266022,-1.48990035057068,-1.17958080768585,-1.89381349086761,-2.18590617179871,-1.78368031978607,-0.29209262132645,-0.74220252037048,-0.73023152351379,LIFT
0.16042847931385,0.12499830126762,0.08529205620289,0.69192427396774,0.8164227604866,1.07020819187164,-0.19960021972656,-0.15012013912201,-0.21120665967464,0.10751228034496,0.24190263450146,0.43615779280663,6.48619174957275,6.84292793273926,6.98897409439087,4.97545051574707,4.80516290664673,4.7022123336792,-0.33987015485764,-0.11934779584408,-0.15661057829857,0.17477671802044,0.83318221569061,1.82198750972748,-0.04016438871622,0.0044287731871,0.05329799279571,0.41722095012665,0.51740288734436,0.44470989704132,8.2818431854248,10.3025493621826,12.172420501709,3.49074602127075,4.59926128387451,5.49259805679321,-0.65996354818344,0.04008803144097,0.47441321611404,-4.16351652145386,-4.09169054031372,-3.08852028846741,1.09543406963348,2.46621561050415,3.89197516441345,-1.12887895107269,-1.10200095176697,-0.93706727027893,22.8101577758789,22.0918979644775,20.8014221191406,12.8643445968628,13.3407907485962,10.9777145385742,0.08712465316057,0.20013472437859,0.58925586938858,-5.17895746231079,-4.89135408401489,-2.56418991088867,3.14733052253723,2.49248290061951,1.95247805118561,0.23090706765652,0.53267449140549,0.5583308339119,9.35683917999268,6.98418569564819,5.39922428131104,4.61841487884521,4.42209053039551,3.73974299430847,-0.237244784832,-0.65813094377518,-0.28000536561012,3.59848523139954,2.22900176048279,-1.07020819187164,-0.37675115466118,-0.67179906368256,-0.87827152013779,0.86987209320068,0.15088371932507,-0.82955497503281,4.32871675491333,4.8602294921875,4.67348194122314,1.85311210155487,2.13802218437195,3.65115761756897,LIFT
0.67477703094482,0.94600117206573,0.83299112319946,-0.77093297243118,0.66079968214035,1.54665434360504,-0.41767910122871,-0.30772337317467,-0.02977968007326,-0.74464476108551,-0.83993971347809,-0.87414819002151,11.6624555587769,11.7318878173828,12.378321647644,6.49098014831543,6.9339075088501,6.05762958526611,0.71937018632889,0.37423130869865,-0.07292203605175,1.1755530834198,1.71664261817932,1.26892685890198,1.66109526157379,2.52363705635071,2.94879937171936,-0.43737950921059,-0.1667662113905,-0.0500909499824,15.2013854980469,16.0656929016113,16.927604675293,11.281777381897,10.4605665206909,10.1421375274658,-0.65018969774246,-0.35941782593727,-0.03993531689048,-1.76213240623474,-1.88184249401093,-0.4716577231884,4.4393105506897,5.33728218078613,5.97319316864014,0.7000515460968,0.8344419002533,0.64751714468002,16.2213153839111,13.1971387863159,9.62738418579102,19.1302700042725,19.506160736084,17.2196979522705,1.38154816627502,1.58985316753387,1.71752405166626,1.12288057804108,1.3718775510788,1.36948335170746,5.10087728500366,4.41182136535645,3.34525084495544,-0.97982788085938,-1.07939887046814,-0.90652400255203,-3.71819519996643,-4.44603252410889,-4.08211374282837,1.24737906455994,-3.28005623817444,-7.28346061706543,0.00954476930201,-0.48342347145081,-0.44616070389748,2.63122773170471,0.46208092570305,-1.18512988090515,-0.48059824109077,-0.28878653049469,-0.24602597951889,-0.14110986888409,0.18509216606617,0.30787608027458,-2.1284453868866,-1.31441676616669,0.04788403213024,-4.05098915100098,-4.28083276748657,-5.21965885162354,LIFT
0.14088079333305,0.06696610152721,0.01565342210233,0.51714754104614,0.41659110784531,0.28730419278145,0.08017606288195,0.01237002108246,-0.03161227703094,-0.04703662544489,-0.00671951752156,0.0549778714776,7.70005178451538,8.37042808532715,9.37599277496338,4.79798030853271,4.67827033996582,4.67348194122314,0.12316570430994,0.1885282844305,0.30092748999596,0.11731588095427,0.0,-0.21547815203667,0.27687466144562,0.61101794242859,1.22615921497345,-0.19181168079376,-0.13255776464939,-0.36896261572838,14.4995851516724,15.8238773345947,16.484676361084,7.00573348999023,8.05918216705322,9.1964282989502,-0.07903069257736,-0.28244882822037,-0.68623071908951,0.00718260509893,-0.04070143029094,-0.27293899655342,4.49734258651733,4.76917791366577,4.65616750717163,0.02382374368608,0.20158553123474,0.27244588732719,18.7711391448975,18.9626750946045,19.1206932067871,6.98179149627686,5.97383260726929,4.97066211700439,-0.35575264692307,-0.27511844038963,-0.09491318464279,-0.8164227604866,-0.67516487836838,-0.66319388151169,1.85046350955963,0.87857693433762,-0.00962112750858,1.54243469238281,1.53693699836731,0.8662069439888,11.9641256332397,7.87243461608887,3.33033466339111,6.28986692428589,6.64181470870972,5.43034887313843,0.37362045049667,0.97349011898041,1.54892516136169,0.04788403213024,0.99598789215088,1.55862534046173,0.01114829070866,1.96408450603485,3.01049661636353,-2.07694172859192,-0.73975783586502,0.65484756231308,-1.12048637866974,-1.38863694667816,-1.38863694667816,6.35211658477783,2.98078107833862,2.98078107833862,LIFT
0.14943291246891,0.69982248544693,0.5971971154213,0.1268926858902,1.36230075359344,2.29125094413757,-0.52396965026855,-0.11713340878487,0.47907108068466,-0.4850270152092,-0.44837507605553,-0.41416662931442,11.3272676467896,12.3160724639893,13.3455791473389,6.23001194000244,6.54844093322754,6.5460467338562,-0.39606976509094,-0.42233696579933,-0.30749428272247,-0.1723825186491,-1.08696758747101,-1.08217918872833,1.95553231239319,2.14856576919556,2.27990174293518,-0.46059238910675,-0.29077184200287,-0.21135938167572,15.2779998779297,15.6227645874023,16.0106258392334,3.84029960632324,3.66791701316834,2.94726228713989,-0.21097758412361,0.24411702156067,0.36873352527618,-1.11090958118439,-0.15562310814857,2.13562798500061,2.31349945068359,3.03065514564514,3.61219882965088,-0.16187928617001,0.18631389737129,0.50762903690338,17.3130702972412,16.410457611084,15.0361852645874,9.96017837524414,10.4414129257202,9.05038166046143,-1.40277564525604,-1.41804730892181,-0.98799818754196,0.48602294921875,-1.41497325897217,-2.74854350090027,2.31411027908325,1.34711062908173,0.60552018880844,0.14477506279945,-0.03543018549681,-0.87231558561325,7.70962858200073,4.98502731323242,2.51630592346191,2.16435837745667,1.9632453918457,0.27533319592476,2.2489767074585,2.17933821678162,1.58252274990082,0.56742578744888,2.83234071731567,3.02627086639404,-0.57161712646484,1.2811371088028,2.17971992492676,-0.18814650177956,0.73242741823196,1.36284041404724,-0.85473001003265,-0.79487496614456,0.38786068558693,4.33350515365601,1.58256733417511,-3.39737224578857,LIFT
-0.38935023546219,-0.38629591464996,-0.25373816490173,2.30082774162292,2.07816696166992,2.16196417808533,-0.12751811742783,-0.33948835730553,-0.38408151268959,-0.2101376503706,-0.2730567753315,-0.2638937830925,7.15177965164185,7.19008684158325,7.30740308761597,4.10605573654175,4.30477476119995,5.10234308242798,0.07673994451761,0.06024658307433,-0.02588541433215,2.827552318573,3.07176089286804,2.63362193107605,-0.14828753471375,0.20295998454094,0.69592821598053,-0.3158173263073,-0.2101376503706,-0.11178833991289,10.3719806671143,11.748646736145,13.1492547988892,7.03685808181763,7.62822580337524,7.19487524032593,-0.02283108793199,0.14088079333305,-0.19387336075306,-0.08379705995321,1.28808057308197,1.91775560379028,2.66780114173889,3.74903273582459,4.36845016479492,-0.20769418776035,0.26572638750076,0.60597831010818,18.5891799926758,18.3976440429688,17.7847290039063,10.3049430847168,9.18206310272217,8.09270095825195,-1.56098973751068,-0.87498807907104,-0.35330918431282,0.28012159466743,1.65199911594391,4.32632255554199,2.65680575370789,2.29395174980164,2.28967571258545,0.55527651309967,1.02014493942261,0.53389620780945,8.2818431854248,6.35211658477783,4.23773717880249,6.80462074279785,8.52844619750977,6.70885229110718,0.49640437960625,0.03336851298809,-0.32765284180641,4.00310516357422,2.98796367645264,-0.46926352381706,0.30436360836029,0.74601918458939,0.78511452674866,-0.3720169365406,-0.53023105859756,-0.57360243797302,1.05584299564362,0.9241618514061,0.96246910095215,0.75896191596985,-1.40300214290619,-3.87142419815064,LIFT
-0.03749185428023,-0.04482223838568,-0.07292203605175,-0.23463176190853,-0.20829555392265,-0.04070143029094,0.0258090570569,-0.0193949714303,-0.1440114825964,-0.05558873713017,-0.04459316283464,-0.05192354694009,8.41591835021973,8.58351230621338,8.80617332458496,4.99939250946045,4.56334829330444,4.71418333053589,0.00893390458077,-0.0784198269248,-0.20364719629288,0.62728083133698,0.79966336488724,-0.07661445438862,-0.06276640295982,-0.20998492836952,-0.15439619123936,-0.37751471996307,-0.52656584978104,-0.74525558948517,13.0103912353516,14.1069355010986,15.1918087005615,3.98873996734619,4.94193172454834,6.72800588607788,0.80794566869736,0.20196732878685,-0.49747338891029,2.45166254043579,2.3056161403656,2.05901336669922,3.79545855522156,5.05628442764282,5.67570161819458,-0.09896016865969,0.23823744058609,0.53084188699722,18.9602813720703,18.9674644470215,19.0440788269043,12.8571624755859,11.0351753234863,9.76145935058594,-1.13216233253479,-0.11201741546392,1.07061767578125,-5.52132844924927,-5.86609363555908,-4.69981813430786,3.6757287979126,2.69040322303772,2.13512682914734,0.60048055648804,0.18814650177956,-0.00305432616733,9.55555820465088,6.57956552505493,3.75171399116516,4.96826791763306,4.12520933151245,3.08612608909607,2.01440453529358,1.26548373699188,0.38033998012543,3.62242722511292,4.32153415679932,4.69263553619385,0.72219544649124,0.59880065917969,0.40943244099617,0.77091193199158,0.81306165456772,0.71349060535431,-1.31681096553802,-1.00556468963623,-0.17956513166428,-0.76135611534119,-1.44130945205688,-1.56101953983307,LIFT
0.29848402738571,0.24839307367802,0.16898059844971,-0.25139117240906,0.03591302409768,-0.11731588095427,-0.6345362663269,-0.55939984321594,-0.46471574902534,-0.0177150927484,-0.07635815441608,-0.15149457752705,7.94186639785767,8.05918216705322,7.99693298339844,6.0312933921814,6.1390323638916,6.35451078414917,-0.16943874955177,-0.32520937919617,-0.70761102437973,0.61770403385162,0.67995327711105,-0.17956513166428,0.07895433157682,0.09666942805052,0.00076358154183,-0.67806041240692,-0.84055060148239,-0.92484998703003,11.8108959197998,13.6664028167725,15.2396926879883,5.94031381607056,5.37528228759766,5.61949062347412,-0.3844633102417,-0.12912164628506,-0.17127133905888,-2.89458990097046,-1.83874690532684,-1.91296720504761,2.05876851081848,3.11373281478882,3.7759108543396,-0.17165313661098,0.03054326213896,0.25595253705978,20.1885070800781,19.338565826416,18.0983695983887,11.5762643814087,11.5595054626465,10.7885723114014,0.47380235791206,0.71203982830048,0.95516419410706,-2.23857855796814,-1.16837048530579,0.11971008777618,3.0434832572937,2.91275811195374,2.91520166397095,-0.12034045159817,-0.15271630883217,-0.08002334833145,12.6728086471558,11.4134588241577,9.31374359130859,10.0032739639282,10.7813892364502,10.3504333496094,-0.03565925732255,0.12866349518299,0.74685913324356,0.79966336488724,-1.13485157489777,-1.74297881126404,1.10276448726654,0.72891497612,0.77289724349976,-0.53450709581375,-0.96577793359756,-1.46180057525635,-2.03985977172852,-4.12042093276978,-4.46518611907959,2.40856695175171,1.33835875988007,0.30645781755447,LIFT
